kappa,local_mode_index,frequency_real_hz,frequency_imag_hz,Q,Omega
0.0400547548897347,1,107960.256705393,23842.7227567354,2.26400855738876,0.534043403169346
0.0400547548897347,2,127362.374453622,28764.7007739231,2.21386579778163,0.630019212297251
0.0400547548897347,3,147282.833166472,33334.398022234,2.20917193507192,0.728559081396817
0.0400547548897347,4,152765.620671872,1617.31336951552,47.228206837131,0.755680603590195
0.0400547548897347,5,167359.472243365,37709.9705111668,2.21903478012276,0.827871522697181
0.0400547548897347,6,178102.842995213,3.09346806463178,28786.9212279087,0.881015396682985
0.0400547548897347,7,187116.302705924,41462.2361925733,2.25646660538103,0.925601977385305
0.0400547548897347,8,194301.547586785,121.191106771037,801.632862194554,0.961144988729295
0.0400547548897347,9,196214.551827722,1048.242358497,93.5921689470073,0.970607983041132
0.0400547548897347,10,199903.512547499,2696.22792323685,37.0709595477211,0.988856042068293
0.0400547548897347,11,205099.763164937,4760.26582316011,21.5428897024054,1.01456016178922
0.0400547548897347,12,206788.461731539,42907.876140893,2.40967953124183,1.02291359069868
0.0400547548897347,13,210442.636162819,108.829108616252,966.849029816426,1.04098957355208
0.0400547548897347,14,211593.826130205,7161.64396094309,14.772713310251,1.04668412659075
0.0400547548897347,15,211924.404584931,929.274297264234,114.02682997304,1.04831938801346
0.0400547548897347,16,214753.613435534,2291.19672243962,46.86494427394,1.06231454112777
0.0400547548897347,17,218686.553970005,3596.25722979337,30.4047430420557,1.08176948697162
0.0400547548897347,18,219558.713981299,10287.8138271467,10.6708148917871,1.08608377182749
0.0400547548897347,19,222250.340601169,4156.7282358342,26.7338069741004,1.09939835150711
0.0400547548897347,20,226232.967245855,7155.75877861056,15.8077552811096,1.11909907797616
0.0400547548897347,21,227022.872163063,42044.9520412914,2.69976371884202,1.12300647429995
0.0400547548897347,22,229100.373321855,14292.5159740957,8.01469712320367,1.13328318003211
0.0400547548897347,23,233245.509534018,66683.4707260142,1.7489004920902,1.15378778716161
0.0400547548897347,24,233306.29982393,10824.6653958487,10.7766056174542,1.15408849646238
0.0400547548897347,25,239833.079761351,18695.3452889796,6.4142457936502,1.18637430121948
0.0400547548897347,26,241417.878822684,2675.54378438651,45.1156658753839,1.19421377390954
0.0400547548897347,27,242448.895726813,14816.0777997019,8.18195270720336,1.19931387086197
0.0400547548897347,28,250375.829267874,44042.5925194953,2.84242837381843,1.23852576877842
0.0400547548897347,29,251343.419968367,22926.9813386494,5.48138929098054,1.24331211744352
0.0400547548897347,30,253089.026638799,18936.5259855795,6.68256223003972,1.25194705177326
0.0400547548897347,31,263392.037834881,27033.8066399778,4.87153069751884,1.30291261382321
0.0400547548897347,32,264972.871279739,22080.6040555118,6.00012732019431,1.31073246993044
0.0420547548897347,1,107987.456013061,23836.7835343251,2.26514319470911,0.534177949077943
0.0420547548897347,2,127385.692203774,28758.6649891321,2.21473584138751,0.630134557434668
0.0420547548897347,3,147303.279078741,33328.7321426066,2.20985422500414,0.728660220509505
0.0420547548897347,4,152754.358090974,1618.31959370715,47.1953619930699,0.755624891356685
0.0420547548897347,5,167377.439302181,37704.6412133542,2.21958668635864,0.827960399748121
0.0420547548897347,6,178110.543646548,3.3620073535741,26488.7201179381,0.88105348923826
0.0420547548897347,7,187132.588903467,41456.9756515768,2.25694935487111,0.925682539775818
0.0420547548897347,8,193898.376923704,121.946933527123,795.011286120523,0.959150637849256
0.0420547548897347,9,195820.458468751,1054.79129739717,92.8242672043102,0.968658534558756
0.0420547548897347,10,199527.088138691,2713.62733786364,36.7639073638926,0.986993995992724
0.0420547548897347,11,204746.221733792,4792.29711509035,21.3620124980431,1.01281131017649
0.0420547548897347,12,206803.096931221,42902.9395577136,2.41012736030624,1.02298598615311
0.0420547548897347,13,210845.415355608,108.431330752558,972.253194220963,1.04298198795908
0.0420547548897347,14,211251.848879018,7196.99099138866,14.676400813325,1.04499247912154
0.0420547548897347,15,212312.975161229,924.598187233243,114.813644506784,1.05024151713088
0.0420547548897347,16,215103.742135145,2267.89287031671,47.4236999795115,1.06404651109519
0.0420547548897347,17,218955.400927318,3523.25349574939,31.0728991245557,1.0830993832538
0.0420547548897347,18,219229.441117845,10314.5194568411,10.6272251477717,1.08445496872961
0.0420547548897347,19,222403.70619154,4183.55868654033,26.5806843952105,1.10015699996082
0.0420547548897347,20,226528.001832557,7186.52057130554,15.760617365867,1.12055851573171
0.0420547548897347,21,227035.046667369,42041.1194935758,2.70015462721041,1.12306669751459
0.0420547548897347,22,228790.69781511,14331.0918827817,7.98231913124479,1.13175131852541
0.0420547548897347,23,233260.549333539,66678.077230823,1.74915473736629,1.15386218403657
0.0420547548897347,24,233625.143024755,10778.5453860935,10.8375079686624,1.15566570749579
0.0420547548897347,25,239525.69432552,18757.4521246651,6.38481422566331,1.18485376793024
0.0420547548897347,26,241411.638967759,2672.48013284176,45.1662177018798,1.19418290742718
0.0420547548897347,27,242791.417737761,14749.6751976645,8.23039878790703,1.20100821307612
0.0420547548897347,28,250388.110067168,44041.0169803265,2.84266948443786,1.23858651779892
0.0420547548897347,29,251042.0063332,23013.2941453354,5.45428231064617,1.24182112466156
0.0420547548897347,30,253424.517581366,18836.2799150787,6.72703205526524,1.25360661363583
0.0420547548897347,31,263126.322667394,27135.999426046,4.84828877197789,1.30159820946138
0.0420547548897347,32,265246.159370796,21941.9997347195,6.04425673543077,1.31208433502087
0.0440547548897347,1,108015.975273468,23830.5552977155,2.26633357729232,0.534319024352755
0.0440547548897347,2,127410.14264552,28752.3359601721,2.21564854455668,0.630255505619838
0.0440547548897347,3,147324.71947763,33322.7915104011,2.21056989525691,0.728766279016011
0.0440547548897347,4,152742.546871767,1619.378704998,47.1608482933447,0.755566465192341
0.0440547548897347,5,167396.280477828,37699.0531334652,2.22016558194709,0.828053600763655
0.0440547548897347,6,178118.47126299,3.63411969126168,24506.4123357411,0.881092704514257
0.0440547548897347,7,187149.668238834,41451.4592772964,2.25745572655072,0.925767025554764
0.0440547548897347,8,193495.206694078,122.703975160902,788.463480666979,0.957156289113375
0.0440547548897347,9,195426.350280648,1061.31149756932,92.068328067785,0.966709012721605
0.0440547548897347,10,199150.56325189,2730.77822025646,36.4640676006978,0.985131452886016
0.0440547548897347,11,204392.886419765,4823.46948232803,21.1873307345064,1.01106347815644
0.0440547548897347,12,206818.446510629,42897.7629369951,2.41059710752735,1.02306191540591
0.0440547548897347,13,210911.130896775,7233.00040540176,14.5797814928409,1.04330706083605
0.0440547548897347,14,211248.100262954,108.07386324877,977.332048252464,1.04497393596741
0.0440547548897347,15,212700.508549468,919.939394991294,115.605718000304,1.0521585156247
0.0440547548897347,16,215449.004520856,2244.642142474,47.9918380850217,1.06575440902984
0.0440547548897347,17,218900.137114114,10341.5303890179,10.583546577718,1.08282601159115
0.0440547548897347,18,219213.407261554,3450.81369262271,31.7625677286197,1.08437565458715
0.0440547548897347,19,222567.574949502,4215.41574004409,26.3992437134059,1.10096760408354
0.0440547548897347,20,226827.661797952,7213.67809954915,15.7220532069575,1.12204083369387
0.0440547548897347,21,227047.81920623,42037.1022455015,2.70056458554452,1.12312987900682
0.0440547548897347,22,228481.514646555,14364.2783947121,7.95311495531392,1.13022189245163
0.0440547548897347,23,233276.321387784,66672.4216426819,1.74942139223609,1.15394020313157
0.0440547548897347,24,233942.737244374,10737.7465498721,10.8934745366643,1.1572367402355
0.0440547548897347,25,239228.153567676,18814.4547280922,6.35756276291333,1.18338193298144
0.0440547548897347,26,241405.151255229,2669.37919855347,45.2174706737142,1.19415081487586
0.0440547548897347,27,243124.052746673,14688.7137510052,8.27587959258976,1.20265364758688
0.0440547548897347,28,250400.989002517,44039.366314351,2.84292225295848,1.23865022559912
0.0440547548897347,29,250758.29207922,23094.0221128606,5.42907361164206,1.24041768481854
0.0440547548897347,30,253742.885507066,18741.9874388225,6.76936974628043,1.25518147364162
0.0440547548897347,31,262876.652358114,27226.929352171,4.82751192684813,1.3003631736648
0.0440547548897347,32,265504.83645134,21815.5768688773,6.08521237020591,1.31336392431263
0.0460547548897347,1,108045.813742035,23824.0380644835,2.26757977488099,0.534466625310602
0.0460547548897347,2,127435.725313077,28745.7137950297,2.21660394697019,0.630382054548687
0.0460547548897347,3,147347.154141301,33316.5763024559,2.21131896632547,0.728877255818968
0.0460547548897347,4,152730.186900218,1620.49122844674,47.1246570851888,0.75550532453308
0.0460547548897347,5,167415.995604091,37693.2063888113,2.22077148169844,0.828151124921572
0.0460547548897347,6,178126.602836471,3.90846393804263,22787.290053094,0.881132928697741
0.0460547548897347,7,187167.540679427,41445.6871308949,2.25798573550379,0.925855434560899
0.0460547548897347,8,193092.038213869,123.463338103491,781.98127954394,0.955161949031271
0.0460547548897347,9,195032.23827865,1067.81264808532,91.3232478695395,0.964759472018388
0.0460547548897347,10,198773.960441459,2747.71958964916,36.1707142879961,0.983268524317084
0.0460547548897347,11,204039.672224689,4853.89681876454,21.0181303644422,1.00931624527146
0.0460547548897347,12,206834.510686363,42892.3463413115,2.41108878773497,1.02314137952854
0.0460547548897347,13,210571.695203472,7269.41747026676,14.48339540718,1.04162798560651
0.0460547548897347,14,211650.683145736,107.752474538649,982.115185994268,1.04696537929424
0.0460547548897347,15,213086.716530631,915.359536555477,116.395092868362,1.05406895777152
0.0460547548897347,16,215789.120276347,2221.79825777501,48.5618168799101,1.06743684830033
0.0460547548897347,17,218570.917288911,10368.8279349842,10.5398082917095,1.08119747085581
0.0460547548897347,18,219460.444710224,3379.99993941961,32.4645634088248,1.08559766649991
0.0460547548897347,19,222742.666612501,4250.83420561695,26.199876993341,1.1018337241765
0.0460547548897347,20,227061.190501831,42032.9006960851,2.70099358766095,1.12319602234906
0.0460547548897347,21,227131.960984569,7236.50964980698,15.6934746152537,1.123546100337
0.0460547548897347,22,228171.266856537,14393.612398839,7.92612933202721,1.12868720005034
0.0460547548897347,23,233292.82563931,66666.5040545453,1.74970046013238,1.15402184416246
0.0460547548897347,24,234261.023310749,10701.3630782243,10.9453824526072,1.1588111953105
0.0460547548897347,25,238936.441436298,18865.5731739589,6.33260487855504,1.18193893030489
0.0460547548897347,26,241398.404126715,2666.26690271206,45.2689871147504,1.19411743908015
0.0460547548897347,27,243450.674854346,14634.0250739244,8.31796698531486,1.2042693382795
0.0460547548897347,28,250414.466216765,44037.6402727397,2.84318669967175,1.2387168928856
0.0460547548897347,29,250485.984067647,23166.9018329402,5.40611744017257,1.23907066785463
0.0460547548897347,30,254050.371990797,18655.809185169,6.80888106940874,1.25670250678115
0.0460547548897347,31,262637.263690819,27306.3045622054,4.8090956997223,1.29917899772392
0.0460547548897347,32,265754.448618225,21701.3698370633,6.12298787158469,1.31459867249815
0.0480547548897347,1,108076.970638293,23817.2318512904,2.26888186068604,0.534620748090756
0.0480547548897347,2,127462.43971993,28738.7986017417,2.21760209057948,0.630514201814588
0.0480547548897347,3,147370.582832521,33310.0867063808,2.21210145941005,0.728993149744869
0.0480547548897347,4,152717.278038002,1621.65770566707,47.0867796281281,0.755441468694652
0.0480547548897347,5,167436.584511964,37687.1010994949,2.22140440133518,0.828252971385847
0.0480547548897347,6,178134.913778078,4.18364067503721,21289.4614541071,0.881174040155559
0.0480547548897347,7,187186.206191562,41439.6592779962,2.25853939743848,0.925947766627595
0.0480547548897347,8,192688.872782595,124.226109360173,775.557061937465,0.953167624031238
0.0480547548897347,9,194638.133094807,1074.30363407637,90.5880455585289,0.962809965042311
0.0480547548897347,10,198397.301650647,2764.48442693091,35.8832373439891,0.981405318831865
0.0480547548897347,11,203686.525804514,4883.67992322084,20.8537956015533,1.00756934764633
0.0480547548897347,12,206851.289670306,42886.6898558307,2.41160241517431,1.02322437956911
0.0480547548897347,13,210233.515251662,7306.0174717722,14.3876959002581,1.03995512211155
0.0480547548897347,14,212053.146200194,107.470678716811,986.562794299278,1.04895622987029
0.0480547548897347,15,213471.322446499,911.032147765359,117.159050298124,1.05597147503535
0.0480547548897347,16,216123.760742367,2199.60611841972,49.1278322360818,1.06909220313891
0.0480547548897347,17,218241.832248611,10396.3918790213,10.4960372208072,1.07956959685646
0.0480547548897347,18,219696.769735729,3311.90472814776,33.1677369624396,1.08676668762608
0.0480547548897347,19,222929.50855049,4288.21359463347,25.9932841066357,1.10275796896309
0.0480547548897347,20,227075.161298852,42028.5151474792,2.70144163435276,1.12326513122499
0.0480547548897347,21,227440.60669214,7254.3815896383,15.6760851274354,1.12507286777045
0.0480547548897347,22,227859.215406412,14420.5915341926,7.900480880626,1.12714358554372
0.0480547548897347,23,233310.062017576,66660.3245705568,1.74999194438836,1.15410710678028
0.0480547548897347,24,234581.342176028,10668.4567489857,10.9941553729563,1.16039570596408
0.0480547548897347,25,238647.681079114,18911.0903127052,6.30972823705413,1.18051052907135
0.0480547548897347,26,241391.380357266,2663.16855412262,45.3203346787024,1.19408269483394
0.0480547548897347,27,243774.037338682,14585.4165022446,8.35677326393685,1.20586890470202
0.0480547548897347,28,250220.542587402,23231.7442789854,5.38531544559361,1.23775761733235
0.0480547548897347,29,250428.541794896,44035.8389928582,2.84346281940388,1.23878652007875
0.0480547548897347,30,254351.456824765,18577.8502445372,6.84555676455505,1.25819187309317
0.0480547548897347,31,262404.006059593,27374.8681290831,4.79279032180641,1.29802514997479
0.0480547548897347,32,265998.908116851,21598.4377096153,6.15782751727529,1.31580793215136
0.0500547548897347,1,108109.445141757,23810.1366644757,2.27023991221047,0.534781388634559
0.0500547548897347,2,127490.285352594,28731.5904929411,2.21864301915198,0.630651944877501
0.0500547548897347,3,147395.005309086,33303.3229163558,2.21291739685078,0.729113959595612
0.0500547548897347,4,152703.820108717,1622.87869738015,47.047207026388,0.755374896804455
0.0500547548897347,5,167458.047019089,37680.7373918695,2.22206435714847,0.828359139254429
0.0500547548897347,6,178143.377817127,4.45819290111206,19979.3259027319,0.88121590893539
0.0500547548897347,7,187205.664740509,41433.3757824172,2.25911672903023,0.926044021583053
0.0500547548897347,8,192285.711702623,124.993374041489,769.183619440489,0.951173320555641
0.0500547548897347,9,194244.045131115,1080.79271987329,89.8618400917278,0.960860543248582
0.0500547548897347,10,198020.6082353,2781.10094574428,35.6011184236798,0.979541942070616
0.0500547548897347,11,203333.415791744,4912.90614584024,20.6938021769362,1.0058226301165
0.0500547548897347,12,206868.783705435,42880.7935606338,2.41213800547932,1.02331091672955
0.0500547548897347,13,209896.52369214,7342.60927664943,14.2930473203607,1.03828813719712
0.0500547548897347,14,212455.466940562,107.243068468253,990.53239512377,1.05094637646598
0.0500547548897347,15,213854.083031606,907.206859718258,117.864013450042,1.05786486406301
0.0500547548897347,16,216452.498495196,2178.23753059268,49.6852375958054,1.0707183592229
0.0500547548897347,17,217912.904192623,10424.221276232,10.452238993117,1.07794249940618
0.0500547548897347,18,219923.084221925,3247.53313614092,33.8600215921525,1.08788618995112
0.0500547548897347,19,223128.333436178,4325.92582934553,25.7896624027341,1.10374148939763
0.0500547548897347,20,227089.73239359,42023.9460209915,2.7019087198541,1.12333720957363
0.0500547548897347,21,227545.230566699,14446.5107821061,7.87543905925519,1.12559040720327
0.0500547548897347,22,227753.033685527,7266.83752427724,15.6707118416122,1.12661833996441
0.0500547548897347,23,233328.030476481,66653.8832789778,1.75029584922977,1.15419599075699
0.0500547548897347,24,234904.618018748,10638.1104576664,11.0407115508686,1.1619948437994
0.0500547548897347,25,238359.866511144,18951.754766128,6.28859621318967,1.17908680634179
0.0500547548897347,26,241384.056692275,2660.1074596863,45.3711100680009,1.19404646710445
0.0500547548897347,27,244096.058690414,14542.2653065366,8.39264218968334,1.20746183698858
0.0500547548897347,28,249958.802049268,23289.2128414289,5.36640726655689,1.23646287413704
0.0500547548897347,29,250443.215839203,44033.962416425,2.84375061992815,1.23885910768459
0.0500547548897347,30,254649.24072429,18507.3842495022,6.87966590230435,1.25966491078282
0.0500547548897347,31,262173.892075504,27433.7800442858,4.77830418652263,1.29688685280016
0.0500547548897347,32,266240.948214036,21505.4763605045,6.19007325740981,1.3170052238321
0.0520547548897347,1,108143.23638966,23802.7525036398,2.271654010878,0.534948542674183
0.0520547548897347,2,127519.261677292,28724.0895841591,2.2197267785228,0.630795281097004
0.0520547548897347,3,147420.42131315,33296.2851358783,2.21376680178501,0.729239684095716
0.0520547548897347,4,152689.812901616,1624.15478026574,47.0059303327708,0.755305607819994
0.0520547548897347,5,167480.382940016,37674.1153921722,2.22275136651005,0.828469627609948
0.0520547548897347,6,178151.966888772,4.73060658814152,18829.7170319929,0.881258396209793
0.0520547548897347,7,187225.916293081,41426.8367205914,2.25971774716774,0.926144199263107
0.0520547548897347,8,191882.556297546,125.766231899659,762.854040385965,0.949179045151861
0.0520547548897347,9,193849.984697827,1087.28769955709,89.1438322979249,0.958911257638583
0.0520547548897347,10,197643.901038854,2797.59353937613,35.3239129017522,0.977678497138864
0.0520547548897347,11,202980.326013696,4941.65044804028,20.5377057875666,1.00407601268108
0.0520547548897347,12,206886.993024667,42874.6575388064,2.41269557473912,1.02340099216202
0.0520547548897347,13,209560.624184212,7379.04136731949,14.1997187542761,1.0366265542979
0.0520547548897347,14,212857.622932717,107.095694561901,993.773016755992,1.05293570810718
0.0520547548897347,15,214234.78202627,904.182761065502,118.468738429503,1.05974805508995
0.0520547548897347,16,216774.779914749,2157.82012199304,50.2300394980395,1.07231257797829
0.0520547548897347,17,217584.151223796,10452.3322833745,10.4084019396267,1.07631626805371
0.0520547548897347,18,220140.546216177,3187.66999275159,34.5300088649001,1.08896190194936
0.0520547548897347,19,223339.049476132,4362.45420778191,25.5978674890996,1.1047838314086
0.0520547548897347,20,227104.904597566,42019.1937066529,2.70239484107007,1.12341226140929
0.0520547548897347,21,227229.599119491,14472.3494721439,7.85047374501488,1.12402908364441
0.0520547548897347,22,228068.487857059,7273.68494067128,15.6776441183065,1.12817878659958
0.0520547548897347,23,233346.730926779,66647.1802974406,1.75061217807995,1.15428849565113
0.0520547548897347,24,235231.459498186,10609.4464453924,11.0859440550899,1.16361161965103
0.0520547548897347,25,238071.637931623,18988.5076305277,6.26883488065372,1.17766103563509
0.0520547548897347,26,241376.403899293,2657.10327581165,45.4209676561331,1.1940086112885
0.0520547548897347,27,244418.067052187,14503.7825714034,8.42601114050405,1.20905470501815
0.0520547548897347,28,249698.567264136,23340.2924078415,5.34908823979098,1.23517557939992
0.0520547548897347,29,250458.488583725,44032.0104719418,2.84405011149017,1.23893465686083
0.0520547548897347,30,254945.853702887,18443.3835641076,6.91158031867409,1.26113215631695
0.0520547548897347,31,261944.760276541,27484.3500862337,4.76534390397944,1.29575341416796
0.0520547548897347,32,266482.46527903,21421.0885666289,6.22009624884733,1.31819992824694
0.0540547548897347,1,108178.343478835,23795.0793589356,2.27312424234911,0.535122205741971
0.0540547548897347,2,127549.368134149,28716.2959931873,2.22085341654802,0.630944207703589
0.0540547548897347,3,147446.830579187,33288.973574236,2.21464969850111,0.72937032193171
0.0540547548897347,4,152675.256168237,1625.48654709835,46.9629405548685,0.755233600512212
0.0540547548897347,5,167503.592077952,37667.2352366356,2.22346544716714,0.828584435478934
0.0540547548897347,6,178160.651008459,4.99931124487924,17818.5196201724,0.881301353655175
0.0540547548897347,7,187246.960815666,41420.0421590353,2.26034247015874,0.926248299501494
0.0540547548897347,8,191479.407931139,126.545813811916,756.561604699673,0.947184804566033
0.0540547548897347,9,193455.962143673,1093.79602108724,88.4332903091829,0.956962159404037
0.0540547548897347,10,197267.200497141,2813.98351424374,35.0512359966964,0.975815085125857
0.0540547548897347,11,202627.250873859,4969.97691700357,20.3851299772257,1.00232946765602
0.0540547548897347,12,206905.917883802,42868.281894249,2.41327513888024,1.02349460713188
0.0540547548897347,13,209225.705476064,7415.20366600622,14.1078866407422,1.03496982308826
0.0540547548897347,14,213259.594808816,107.065146667341,995.9337910003,1.05492412898761
0.0540547548897347,15,214613.209786529,902.300513269411,118.925572262447,1.06162001107736
0.0540547548897347,16,217089.911375675,2138.45533153617,50.7585798436404,1.07387142827167
0.0540547548897347,17,217255.598245229,10480.7498453889,10.3645064260746,1.0746910259864
0.0540547548897347,18,220350.726691757,3132.76668861048,35.1687100563325,1.09000159470189
0.0540547548897347,19,223561.281015869,4396.51350657674,25.4248372808867,1.1058831367585
0.0540547548897347,20,226912.829706271,14498.7205378019,7.82527082698957,1.12246213094702
0.0540547548897347,21,227120.678783295,42014.2586438173,2.70289999293749,1.12349029104803
0.0540547548897347,22,228386.153332148,7275.03878700052,15.696559153763,1.12975017181636
0.0540547548897347,23,233366.163314924,66640.2157374532,1.7509409350829,1.15438462119783
0.0540547548897347,24,235562.212547383,10581.6405640941,11.1307037467659,1.16524774473439
0.0540547548897347,25,237782.128629586,19022.3472898324,6.25007326926163,1.17622892962102
0.0540547548897347,26,241368.38710079,2654.17021487686,45.4696510698332,1.19396895485857
0.0540547548897347,27,244740.970471032,14469.1283492818,8.45735017905136,1.2106520005967
0.0540547548897347,28,249438.3229362,23386.0646445071,5.33305467867139,1.23388823745773
0.0540547548897347,29,250474.36017196,44029.9830179704,2.8443613079493,1.23901316831729
0.0540547548897347,30,255242.751817553,18384.7440279651,6.94169990697998,1.26260081232416
0.0540547548897347,31,261715.051148693,27527.9157037209,4.75362998720091,1.2946171196822
0.0540547548897347,32,266724.746798465,21343.9034080721,6.24826541094615,1.31939841416307
0.0560547548897347,1,108214.765460851,23787.1172135624,2.27465069620021,0.535302373146345
0.0560547548897347,2,127580.604143206,28708.2098395116,2.22202298325852,0.631098721828393
0.0560547548897347,3,147474.23282654,33281.3884503547,2.21556611207079,0.729505871715284
0.0560547548897347,4,152660.149621722,1626.87460536823,46.9182287061294,0.755158873462117
0.0560547548897347,5,167527.674231764,37660.0970611861,2.22420661794342,0.828703561866457
0.0560547548897347,6,178169.398125182,5.26268188861799,16927.6237758664,0.881344622725902
0.0560547548897347,7,187268.798272461,41412.9921766802,2.26099091649205,0.926356322121105
0.0560547548897347,8,191076.26802671,127.333298588979,750.299686508114,0.945190605838793
0.0560547548897347,9,193061.987982717,1100.32489293972,87.7295375309179,0.955013300554507
0.0560547548897347,10,196890.526759292,2830.28964655577,34.7827521820765,0.973951805702634
0.0560547548897347,11,202274.192157071,4997.94034741714,20.2357549406931,1.00058300387031
0.0560547548897347,12,206925.558549782,42861.6667206972,2.41387671527319,1.02359176295959
0.0560547548897347,13,208891.654220364,7451.02416926401,14.0176470693825,1.03331738287673
0.0560547548897347,14,213661.367769949,107.19795020385,996.573942709011,1.05691156590202
0.0560547548897347,15,214989.139823355,901.953363288929,119.179742863538,1.06347961165953
0.0560547548897347,16,216927.279806386,10509.4998418572,10.3205329973177,1.07306694410892
0.0560547548897347,17,217397.056546853,2120.22245193858,51.267511186876,1.07539077305177
0.0560547548897347,18,220555.52970899,3082.87701966815,35.7710554624607,1.09101468696047
0.0560547548897347,19,223794.450237964,4427.11909117992,25.2754043463418,1.10703654717713
0.0560547548897347,20,226595.474512468,14525.8935673073,7.79970861904343,1.12089228058834
0.0560547548897347,21,227137.055828971,42009.1413169306,2.70342416803256,1.12357130283398
0.0560547548897347,22,228705.288483161,7271.29803798729,15.7265791670442,1.13132882703004
0.0560547548897347,23,233386.327559746,66632.98970575,1.75128212459306,1.15448436699554
0.0560547548897347,24,235896.989316417,10553.9457852459,11.1757722711724,1.16690377381854
0.0560547548897347,25,237490.86452425,19054.2490681192,6.23196599549047,1.17478814317996
0.0560547548897347,26,241359.966556296,2651.31513674798,45.5170272313122,1.19392730123181
0.0560547548897347,27,245065.367158,14437.4617093002,8.48713479184975,1.21225668287491
0.0560547548897347,28,249177.042607195,23427.6111464733,5.31802071174262,1.23259577076359
0.0560547548897347,29,250490.83097877,44027.87996419,2.84468422261652,1.23909464390832
0.0560547548897347,30,255540.913257106,18330.3789800554,6.97042089351101,1.26407571757849
0.0560547548897347,31,261483.659529001,27565.7878819708,4.74290197415366,1.29347250247012
0.0560547548897347,32,266968.631422315,21272.6339515459,6.27493125746456,1.32060483010238
0.0580547548897347,1,108252.501340178,23778.8660378774,2.27623346646854,0.535489039962746
0.0580547548897347,2,127612.969099134,28699.8312458801,2.22323553065235,0.631258820477049
0.0580547548897347,3,147502.627764192,33273.5299894854,2.21651606864081,0.729646332006872
0.0580547548897347,4,152644.492922662,1628.31957807341,46.8717857901295,0.755081424990766
0.0580547548897347,5,167552.629192425,37652.7010062024,2.224974898412,0.828827005738528
0.0580547548897347,6,178178.17395298,5.51903921795977,16142.1369659017,0.88138803382074
0.0580547548897347,7,187291.428629098,41405.6868535609,2.26166310549914,0.92646826695194
0.0580547548897347,8,190673.138088336,128.129930838519,744.061660068479,0.943196456410301
0.0580547548897347,9,192668.07302109,1106.88137625658,87.0319426968247,0.953064734544325
0.0580547548897347,10,196513.899813543,2846.5286189569,34.518166883134,0.972088757744324
0.0580547548897347,11,201921.156853923,5025.58768165951,20.0893079222175,0.998836655904071
0.0580547548897347,12,206945.915298901,42854.8121282808,2.41450032121752,1.0236924610119
0.0580547548897347,13,208558.364029618,7486.46228998164,13.9290332303356,1.03166870739984
0.0580547548897347,14,214062.932559551,107.551254176674,995.167068009777,1.05889797306124
0.0580547548897347,15,215362.307384936,903.614651605576,119.16711786505,1.06532554719748
0.0580547548897347,16,216599.239321994,10538.6040300019,10.2764672961128,1.07144423717947
0.0580547548897347,17,217695.246832211,2103.1622515602,51.7542682859387,1.07686582099667
0.0580547548897347,18,220757.100967783,3037.65185554031,36.3368008360058,1.0920117927873
0.0580547548897347,19,224037.863573979,4453.60023854757,25.1524442668707,1.10824063181262
0.0580547548897347,20,226278.00052861,14553.8786799621,7.77380399769827,1.11932184261486
0.0580547548897347,21,227154.036630233,42003.8422130552,2.70396735943874,1.12365530119755
0.0580547548897347,22,229025.328655525,7263.06257849387,15.7664432999431,1.13291195908266
0.0580547548897347,23,233407.223578745,66625.5023456651,1.75163575028513,1.15458773263619
0.0580547548897347,24,236235.692021796,10525.7271956283,11.2218228551426,1.16857922320115
0.0580547548897347,25,237197.690367646,19085.1037983574,6.2142101209861,1.17333790835195
0.0580547548897347,26,241351.098988101,2648.53555338365,45.563122360159,1.19388343632781
0.0580547548897347,27,245391.613553305,14407.9653507993,8.5158316104533,1.21387051504368
0.0580547548897347,28,248914.066956459,23465.9695877271,5.30372431503199,1.23129491787795
0.0580547548897347,29,250507.90138911,44025.7010826608,2.8450188779364,1.23917908553813
0.0580547548897347,30,255840.96687925,18279.2567687481,6.99812279339114,1.26555998282936
0.0580547548897347,31,261249.834541514,27599.2245899664,4.73291982696662,1.29231584819869
0.0580547548897347,32,267214.612911816,21206.1057604123,6.30041686886837,1.32182161853712
0.0600547548897347,1,108291.550080445,23770.3257888149,2.27787265186331,0.535682201064603
0.0600547548897347,2,127646.462369935,28691.160336123,2.22449111284678,0.63142450052328
0.0600547548897347,3,147532.015092044,33265.3984257378,2.21749959528362,0.729791701321978
0.0600547548897347,4,152628.285701986,1629.82209884648,46.8236029594917,0.755001253272492
0.0600547548897347,5,167578.45673991,37645.0472191494,2.22577030869901,0.828954766006754
0.0600547548897347,6,178186.941789258,5.7666506153551,15449.777841126,0.881431405384196
0.0600547548897347,7,187314.851848003,41398.1262646184,2.26235905763801,0.926584133808123
0.0600547548897347,8,190270.019724222,128.937040711661,737.840804605243,0.941202364235818
0.0600547548897347,9,192274.228489611,1113.47246715887,86.3399114754119,0.951116516928608
0.0600547548897347,10,196137.339617756,2862.71535965196,34.2572199776093,0.970226039975832
0.0600547548897347,11,201568.155659766,5052.95926619296,19.9455551728238,0.997090476663644
0.0600547548897347,12,206966.988438595,42847.7182284446,2.41514597504517,1.02379670280958
0.0600547548897347,13,208225.740621712,7521.50124784684,13.8420332431189,1.0300233302754
0.0600547548897347,14,214464.287152717,108.195185477946,991.099031834611,1.06088334044877
0.0600547548897347,15,215732.391213726,907.881113524688,118.810925791915,1.06715622853723
0.0600547548897347,16,216271.526988461,10568.0768166657,10.2323029412222,1.06982315350292
0.0600547548897347,17,217983.408098644,2087.22909456666,52.218371396337,1.07829125872796
0.0600547548897347,18,220957.741046107,2996.38854779792,36.8706757353767,1.09300429237474
0.0600547548897347,19,224290.779821689,4475.57257175325,25.0572162808016,1.10949172418462
0.0600547548897347,20,225960.727815571,14582.5360525846,7.74764852288922,1.11775240026103
0.0600547548897347,21,227171.622185792,41998.3619290206,2.70452955486364,1.12374229107905
0.0600547548897347,22,229345.931011202,7251.02290935508,15.8147294442627,1.13449787206875
0.0600547548897347,23,233428.851332451,66617.7537251753,1.75200181842995,1.15469471792453
0.0600547548897347,24,236578.045591699,10496.5034666768,11.2693739559446,1.1702727321936
0.0600547548897347,25,236902.702511948,19115.6651753932,6.19655921827148,1.1718787017591
0.0600547548897347,26,241341.739503473,2645.81777395346,45.6081559885457,1.19383713807718
0.0600547548897347,27,245719.866059066,14379.8627324702,8.54388774881078,1.21549427077218
0.0600547548897347,28,248649.025733482,23502.1097358636,5.28992989412457,1.22998384729496
0.0600547548897347,29,250525.571737647,44023.4462214531,2.84536529100217,1.23926649486223
0.0600547548897347,30,256143.27459894,18230.4164955441,7.02516244380776,1.26705539834942
0.0600547548897347,31,261013.114543486,27629.4127791403,4.7234647480555,1.29114487327511
0.0600547548897347,32,267462.918705509,21143.2701263952,6.3250130444961,1.32304990452992
0.0620547548897347,1,108331.91058766,23761.4964116993,2.27956835526405,0.535881851040291
0.0620547548897347,2,127681.08330358,28682.1972364028,2.22578978610345,0.63159575874171
0.0620547548897347,3,147562.394493313,33256.9939993523,2.21851672006477,0.72994197809359
0.0620547548897347,4,152611.52752697,1631.38281693696,46.7736713733167,0.754918356166745
0.0620547548897347,5,167605.15665156,37637.1358469232,2.22659287004781,0.829086841569718
0.0620547548897347,6,178195.662290279,6.00373209543223,14840.4075546487,0.881474542795912
0.0620547548897347,7,187339.067897001,41390.3104982016,2.26307879358794,0.926703922530497
0.0620547548897347,8,189866.914673407,129.756065864184,731.630207069248,0.939208337917788
0.0620547548897347,9,191880.466183892,1120.10517195906,85.6528792953849,0.949168706056318
0.0620547548897347,10,195760.866233521,2878.86330825877,33.9996806503334,0.968363751635151
0.0620547548897347,11,201215.201943734,5080.08990219898,19.8042953783787,0.995344532281673
0.0620547548897347,12,206988.778254702,42840.3851485249,2.41581369468417,1.02390448976659
0.0620547548897347,13,207893.703857869,7556.14109548573,13.7566054703551,1.02838085508359
0.0620547548897347,14,214865.440542512,109.216734607352,983.665375617484,1.06286771255029
0.0620547548897347,15,215944.197377039,10597.9234511032,10.1880428922404,1.06820396302509
0.0620547548897347,16,216098.997229353,915.534669793297,118.01792130829,1.06896970629453
0.0620547548897347,17,218260.407147057,2072.19712000077,52.6640069712518,1.07966148068744
0.0620547548897347,18,221159.825737356,2958.12544650904,37.3817523523813,1.09400393798079
0.0620547548897347,19,224552.452268162,4492.89057895087,24.9897530690139,1.11078613055317
0.0620547548897347,20,225643.827781826,14611.6743552454,7.72135425057643,1.11618480142743
0.0620547548897347,21,227189.813425103,41992.7009669236,2.70511074774702,1.12383227707618
0.0620547548897347,22,229666.964534985,7235.85859196943,15.8700561665119,1.13608591789973
0.0620547548897347,23,233451.210689969,66609.7440185627,1.7523803321096,1.15480532221304
0.0620547548897347,24,236606.176408148,19146.5093264398,6.17883323727875,1.17041188596564
0.0620547548897347,25,236923.645427547,10465.9833799511,11.318747451931,1.1719822993816
0.0620547548897347,26,241331.844196405,2643.13518848149,45.6525729838005,1.19378818929155
0.0620547548897347,27,246050.109000942,14352.4367378901,8.57171898731924,1.21712787252466
0.0620547548897347,28,248381.784910297,23536.9138428994,5.27643060105836,1.22866189602293
0.0620547548897347,29,250543.842726412,44021.115193183,2.84572348550147,1.23935687535332
0.0620547548897347,30,256447.983717242,18182.9752458775,7.05187078158138,1.26856269278796
0.0620547548897347,31,260773.280947452,27657.4556552773,4.71433967386104,1.28995849642006
0.0620547548897347,32,267713.570572649,21083.2178244818,6.34897321654999,1.32428979576603
0.0640547548897347,1,108373.581724886,23752.3778357975,2.28132068448228,0.536087984265772
0.0640547548897347,2,127716.83121924,28672.942073174,2.22713160884055,0.631772591764508
0.0640547548897347,3,147593.765642074,33248.3169596865,2.21956747195702,0.730097160709462
0.0640547548897347,4,152594.217924013,1633.00239108519,46.7219823917736,0.754832731330783
0.0640547548897347,5,167632.728694373,37628.9670410315,2.22744260441141,0.829223231274831
0.0640547548897347,6,178204.293222991,6.22845019616276,14305.6689553992,0.881517237143061
0.0640547548897347,7,187364.076740789,41382.2396407576,2.26382233498369,0.926827632944435
0.0640547548897347,8,189463.824836746,130.588576871619,725.422657078987,0.937214386859106
0.0640547548897347,9,191486.798618226,1126.78657695902,84.9703051730573,0.94722136383149
0.0640547548897347,10,195384.499961264,2894.98462273154,33.745343313242,0.966501993141721
0.0640547548897347,11,200862.311033594,5107.00972210818,19.6653542839427,0.993598898579514
0.0640547548897347,12,207011.285070944,42832.8130116456,2.41650349948602,1.02401582348427
0.0640547548897347,13,207562.187794845,7590.39300188376,13.672690448527,1.02674095562516
0.0640547548897347,14,215266.420297141,110.724629305384,972.080112833009,1.06485122573653
0.0640547548897347,15,215617.306742845,10628.1390172698,10.1436999644287,1.06658694402127
0.0640547548897347,16,216461.641014174,927.62990818539,116.674569838747,1.07076358421678
0.0640547548897347,17,218525.12150265,2057.50535377585,53.1043870922673,1.08097093436644
0.0640547548897347,18,221365.726726815,2921.77368865732,37.8820795714232,1.09502246154198
0.0640547548897347,19,224822.149777732,4505.59574179319,24.9492145613861,1.11212023423385
0.0640547548897347,20,225327.357250872,14641.1169869476,7.69501935718936,1.11461932720098
0.0640547548897347,21,227208.611375377,41986.8599962333,2.70571092236666,1.1239252642702
0.0640547548897347,22,229988.465424563,7218.16718248725,15.9312232323021,1.13767627563351
0.0640547548897347,23,233474.301600113,66601.4733452545,1.7527712967385,1.15491954524856
0.0640547548897347,24,236308.488099799,19178.0151182289,6.16092141556362,1.16893932113367
0.0640547548897347,25,237272.018301329,10434.0848102511,11.3700445518815,1.17370558386391
0.0640547548897347,26,241321.373532204,2640.4470654899,45.697067115305,1.19373639440597
0.0640547548897347,27,246382.177735609,14325.0520487964,8.59969572523512,1.21877050586548
0.0640547548897347,28,248112.405472591,23571.1556214087,5.26305136365993,1.22732936573775
0.0640547548897347,29,250562.714879721,44018.7077077798,2.84609348987586,1.23945022960502
0.0640547548897347,30,256755.06311648,18136.1373296096,7.07854871327245,1.27008171221619
0.0640547548897347,31,260530.322810103,27684.3581663812,4.70537047029106,1.28875666350064
0.0640547548897347,32,267966.43262862,21025.1809102527,6.37251193634078,1.32554062006957
0.0660547548897347,1,108416.56229591,23742.969974975,2.28312975188405,0.536300594823769
0.0660547548897347,2,127753.70541302,28663.3949742496,2.22851664165725,0.631954996109737
0.0660547548897347,3,147626.12819854,33239.3675630579,2.22065188091321,0.730257247488778
0.0660547548897347,4,152576.356365963,1634.68149164257,46.6685275223403,0.754744376156964
0.0660547548897347,5,167661.172628475,37620.5409563018,2.22831953457583,0.829363933935522
0.0660547548897347,6,178212.789178172,6.4389228781837,13838.7112681525,0.881559263801358
0.0660547548897347,7,187389.878347581,41373.913780719,2.26458970428497,0.9269552648927
0.0660547548897347,8,189060.752313547,131.436307039912,719.210530832004,0.935220521444347
0.0660547548897347,9,191093.239197348,1133.52391521166,84.2916662952214,0.945274556562884
0.0660547548897347,10,195008.26147991,2911.09033889193,33.4940243651349,0.96464086678729
0.0660547548897347,11,200509.499725049,5133.74490492688,19.5285803481022,0.991853658639911
0.0660547548897347,12,207034.509209857,42825.0019649726,2.41721540817669,1.02413070555809
0.0660547548897347,13,207231.139589277,7624.27494230105,13.5902194738227,1.02510337050162
0.0660547548897347,14,215290.910296102,10658.7084835117,10.0992962997883,1.06497236959805
0.0660547548897347,15,215667.286163767,112.853823338067,955.516081709125,1.06683417555677
0.0660547548897347,16,216819.721715108,945.621668528702,114.644010882523,1.07253489008407
0.0660547548897347,17,218776.539079195,2042.0295064266,53.5684078977973,1.08221461331175
0.0660547548897347,18,221577.721972633,2886.27534293185,38.3847165716969,1.09607113135796
0.0660547548897347,19,225011.303720998,14670.7334556426,7.6687135105183,1.11305591573987
0.0660547548897347,20,225099.165192358,4513.86920063655,24.9341701306513,1.11349053715153
0.0660547548897347,21,227228.017068323,41980.8396339582,2.70633006687792,1.12402125776464
0.0660547548897347,22,230310.580791686,7198.42750347959,15.9972841763259,1.13926967298288
0.0660547548897347,23,233498.123965534,66592.9418444002,1.75317471715787,1.15503738654951
0.0660547548897347,24,236010.037648284,19210.3709192634,6.14277669702938,1.16746298623351
0.0660547548897347,25,237622.685481026,10400.9280851911,11.4231481813318,1.17544021751281
0.0660547548897347,26,241310.296461468,2637.69800464335,45.7425937383033,1.1936815998294
0.0660547548897347,27,246715.785423512,14297.1799638458,8.62812757646605,1.22042075189498
0.0660547548897347,28,247841.104243594,23605.4786977502,5.24965215526883,1.22598732899164
0.0660547548897347,29,250582.188997511,44016.2235789807,2.84647532912357,1.23954656157435
0.0660547548897347,30,257064.329818658,18089.2051978017,7.10546226348014,1.27161155150296
0.0660547548897347,31,260284.407235145,27711.0096925584,4.69640785599095,1.28754020112319
0.0660547548897347,32,268221.252670421,20968.5382975374,6.39580234121332,1.32680112987635
0.0680547548897347,1,108460.851051723,23733.2727223808,2.28499567506851,0.536519676535857
0.0680547548897347,2,127791.705153439,28653.556069235,2.22994494722851,0.632142968159013
0.0680547548897347,3,147659.481811386,33230.1460721828,2.22176997793869,0.730422236693654
0.0680547548897347,4,152557.942268937,1636.4207987539,46.6132984820001,0.754653287757011
0.0680547548897347,5,167690.488206491,37611.8577509734,2.2292236841472,0.829508948328108
0.0680547548897347,6,178221.101230714,6.63322241982686,13433.9759735786,0.881600380754598
0.0680547548897347,7,187416.472682883,41365.3330104931,2.2653809245938,0.927086818204661
0.0680547548897347,8,188657.699445534,132.301187809724,712.985660101787,0.933226753257239
0.0680547548897347,9,190699.802411049,1140.32463085625,83.6164532672837,0.943328355926655
0.0680547548897347,10,194632.171990336,2927.19049115018,33.2455596208669,0.962780477445529
0.0680547548897347,11,200156.785946049,5160.31826112315,19.3938412146002,0.990108901146455
0.0680547548897347,12,206900.517947617,7657.80860618247,13.5091204669556,1.02346789544755
0.0680547548897347,13,207058.451015808,42816.952147948,2.41794944091707,1.02424913769153
0.0680547548897347,14,214965.059680527,10689.6074480225,10.0548621979703,1.06336049521967
0.0680547548897347,15,216068.152760866,115.76635889073,933.20786293715,1.06881712899042
0.0680547548897347,16,217172.469101479,971.560976173628,111.764713912649,1.07427981382198
0.0680547548897347,17,219013.902948142,2023.77116304687,54.1103428458798,1.08338877325014
0.0680547548897347,18,221797.887223112,2850.76855082847,38.901419611679,1.09716021546366
0.0680547548897347,19,224695.624714033,14700.4443201965,7.6424773231286,1.11149435691875
0.0680547548897347,20,225382.819056507,4517.99160347313,24.9428107483918,1.11489367826619
0.0680547548897347,21,227248.031559201,41974.6405779733,2.70696816494543,1.12412026277951
0.0680547548897347,22,230633.516397695,7176.99063525684,16.0675642562993,1.1408671277806
0.0680547548897347,23,233522.677692772,66584.1496517225,1.75359059862027,1.15515884565358
0.0680547548897347,24,235711.186264122,19243.6063322367,6.12440262481521,1.16598466805319
0.0680547548897347,25,237975.215260848,10366.8037879672,11.4777524552489,1.17718406482366
0.0680547548897347,26,241298.595238074,2634.81844158897,45.7903647988275,1.19362371777767
0.0680547548897347,27,247050.55674302,14268.420285453,8.65724977960221,1.22207675402214
0.0680547548897347,28,247568.210827107,23640.3778892403,5.23613057259515,1.22463741622475
0.0680547548897347,29,250602.26592759,44013.6625976326,2.84686903040273,1.23964587545515
0.0680547548897347,30,257375.473951315,18041.5948136201,7.13283599953743,1.2731506778125
0.0680547548897347,31,260035.849734614,27738.1666647809,4.6873294273046,1.28631067002056
0.0680547548897347,32,268477.699879671,20912.8146246349,6.4189757500028,1.32806968873811
0.0700547548897347,1,108506.446681437,23723.2859551663,2.28691857625667,0.536745222917509
0.0700547548897347,2,127830.829683721,28643.4254874264,2.23141659051629,0.632336504168807
0.0700547548897347,3,147693.826115255,33220.652758567,2.2229217948941,0.730592126516795
0.0700547548897347,4,152538.975005063,1638.22100014506,46.5562872749025,0.754559463025045
0.0700547548897347,5,167720.675173692,37602.9175860019,2.230155077596,0.829658273192528
0.0700547548897347,6,178229.17655101,6.80937693252176,13087.039997726,0.88164032667233
0.0700547548897347,7,187443.85971294,41356.4974237842,2.26619601984404,0.927222292713344
0.0700547548897347,8,188254.66887036,133.185391652005,706.739179632568,0.931233095345381
0.0700547548897347,9,190306.504059331,1147.19644260249,82.9441658778195,0.941382840080158
0.0700547548897347,10,194256.253366199,2943.2941995102,32.9998022961016,0.96092093331813
0.0700547548897347,11,199804.188526725,5186.74970901546,19.261020845042,0.988364719245532
0.0700547548897347,12,206570.291453705,7691.01729862353,13.4293217290433,1.02183437505766
0.0700547548897347,13,207083.110854344,42808.6637218544,2.41870561762742,1.02437112169282
0.0700547548897347,14,214639.800944151,10720.8036415994,10.0104342976349,1.0617515486704
0.0700547548897347,15,216469.224593144,119.641422132092,904.658356343123,1.07080109765409
0.0700547548897347,16,217518.816148576,1008.41587083942,107.851741745948,1.07599307721496
0.0700547548897347,17,219236.940527744,1999.44750142623,54.8243803279054,1.08449206581057
0.0700547548897347,18,222027.967645653,2814.72630779302,39.4404185996579,1.0982983466205
0.0700547548897347,19,224380.274417813,14730.2115130076,7.61632900585552,1.10993442412012
0.0700547548897347,20,225672.46319332,4518.31001025581,24.9731052850603,1.11632645126296
0.0700547548897347,21,227268.655897041,41968.26357607,2.70762519737209,1.12422228450403
0.0700547548897347,22,230957.495912893,7154.088417589,16.1416439406216,1.14246974644911
0.0700547548897347,23,233547.96270442,66575.0969123024,1.75401894654443,1.15528392217786
0.0700547548897347,24,235412.216071997,19277.6395712194,6.10583612174844,1.16450576216948
0.0700547548897347,25,238329.254370062,10332.1230589917,11.5334115268136,1.17893537828391
0.0700547548897347,26,241286.270697461,2631.72655148498,45.841820184797,1.19356275238344
0.0700547548897347,27,247294.120013633,23676.1895882616,5.2224222798131,1.2232815803341
0.0700547548897347,28,247386.069092027,14238.5147790196,8.68721467552746,1.22373642177523
0.0700547548897347,29,250622.94672906,44011.0245631468,2.84727462285578,1.23974817648642
0.0700547548897347,30,257688.086417133,17992.8514434017,7.1608462735247,1.27469706747675
0.0700547548897347,31,259785.081441083,27766.4344998901,4.67804178174391,1.28507020286189
0.0700547548897347,32,268735.398675955,20857.6771418578,6.44212193064991,1.32934443878372
0.0720547548897347,1,108553.347811516,23713.0095279033,2.28889858294412,0.536977227174302
0.0720547548897347,2,127871.078220116,28633.0033583973,2.23293163870311,0.632535600262172
0.0720547548897347,3,147729.160731331,33210.8878996616,2.22410736469404,0.730766915084318
0.0720547548897347,4,152519.453875821,1640.08279401261,46.497486112475,0.754462898505729
0.0720547548897347,5,167751.73326822,37593.7206242538,2.23111374030898,0.82981190723346
0.0720547548897347,6,178236.957941134,6.96537463750094,12794.4990195877,0.881678818615477
0.0720547548897347,7,187472.039408425,41347.4071192688,2.26703501464616,0.927361688273674
0.0720547548897347,8,187851.663587495,134.091384481227,700.461346992034,0.92923956254614
0.0720547548897347,9,189913.361514839,1154.1474061887,82.2743093717915,0.939438094960072
0.0720547548897347,10,193880.528311712,2959.40972637211,32.7566214613661,0.95906234671527
0.0720547548897347,11,199451.727049138,5213.05666045821,19.1300171895319,0.986621209803071
0.0720547548897347,12,206240.436993773,7723.92454737724,13.3507542525001,1.02020269499587
0.0720547548897347,13,207108.489082347,42800.1368462386,2.41948395896949,1.02449665932734
0.0720547548897347,14,214315.173087181,10752.2588564503,9.96605345669356,1.06014572287125
0.0720547548897347,15,216870.843785785,124.640024711697,869.988770811887,1.07278777392702
0.0720547548897347,16,217857.062750487,1060.62882021146,102.701839983498,1.07766627040574
0.0720547548897347,17,219446.293805971,1963.92606498285,55.8692859468431,1.08552766669353
0.0720547548897347,18,222269.243658505,2778.02859725821,40.0048516199357,1.09949185863074
0.0720547548897347,19,224065.217275785,14760.0238727112,7.5902728616193,1.10837594145755
0.0720547548897347,20,225967.485949435,4515.20998402577,25.022921054489,1.11778583049654
0.0720547548897347,21,227289.891217229,41961.7093786207,2.7083011462473,1.12432732855456
0.0720547548897347,22,231282.732781839,7129.85098250559,16.2193244535779,1.1440785848275
0.0720547548897347,23,233573.978889067,66565.7837681713,1.75445976646602,1.15541261557125
0.0720547548897347,24,235113.31498744,19312.328472761,6.08713018005714,1.16302719813787
0.0720547548897347,25,238684.535753587,10297.3620114869,11.5895962231555,1.18069283686108
0.0720547548897347,26,241273.34770205,2628.3319722284,45.8985680369533,1.19349882663281
0.0720547548897347,27,247019.243067979,23713.0949908507,5.20849857775391,1.2219218557096
0.0720547548897347,28,247721.896871403,14207.3468822487,8.71809138344183,1.22539764985721
0.0720547548897347,29,250644.232464969,44008.3093245588,2.84769213259798,1.23985346992671
0.0720547548897347,30,258001.692144696,17942.6631606459,7.18961532729928,1.27624837047576
0.0720547548897347,31,259532.609804085,27796.2541525957,4.6684817382102,1.28382130983088
0.0720547548897347,32,268993.959801247,20802.9265822897,6.46529128334884,1.3306234544835
0.0740547548897347,1,90335.7219162683,18306.3992525976,2.46732633408097,0.446860704412474
0.0740547548897347,2,108601.553002645,23702.4432732313,2.2909358278118,0.537215682186418
0.0740547548897347,3,127912.449949273,28622.2898120303,2.23449016115247,0.632740252415736
0.0740547548897347,4,147765.485268554,33200.8517811963,2.22532672116929,0.73094660046178
0.0740547548897347,5,152499.37813739,1642.00688356802,46.4368875866142,0.754363590519621
0.0740547548897347,6,167783.662219987,37584.2670312192,2.23209969853367,0.829969849114869
0.0740547548897347,7,178244.383296543,7.0991657619315,12553.8964206442,0.881715549373565
0.0740547548897347,8,187448.6870404,135.021990575328,694.141325578459,0.927246171893179
0.0740547548897347,9,187501.011737835,41338.062195227,2.26789793450313,0.927505004729822
0.0740547548897347,10,189520.394033162,1161.18597629205,81.6063911822061,0.937494215817376
0.0740547548897347,11,193505.020530756,2975.54450747621,32.5159008787408,0.95720483489214
0.0740547548897347,12,199099.421755233,5239.25432751816,19.0007403066408,0.984878472949218
0.0740547548897347,13,205910.938338229,7756.55322998875,13.2733530108532,1.01857277497977
0.0740547548897347,14,207134.586094337,42791.3717057715,2.42028448536974,1.02462575254665
0.0740547548897347,15,213991.20735727,10783.9311475647,9.92176250149717,1.05854317239396
0.0740547548897347,16,217273.538571292,130.818979368678,830.435842030863,1.07477977079932
0.0740547548897347,17,218183.907854216,1135.08835265841,96.1087774987838,1.07928306418552
0.0740547548897347,18,219644.551713581,1909.38305585918,57.5171522130079,1.08650838247652
0.0740547548897347,19,222522.423119183,2740.93860304057,40.5923764349072,1.10074425302956
0.0740547548897347,20,223750.432073402,14789.8838290158,7.56430661187591,1.10681880398976
0.0740547548897347,21,226267.318419578,4509.09185457811,25.0901207734155,1.11926900178218
0.0740547548897347,22,227311.738599886,41954.9788038682,2.70899598904014,1.1244354002741
0.0740547548897347,23,231609.413334624,7104.32751207759,16.3005867156941,1.14569456462861
0.0740547548897347,24,233600.726170139,66556.2103804406,1.75491306397148,1.15554492545496
0.0740547548897347,25,234814.582102712,19347.5141346895,6.06833985151862,1.16154946613475
0.0740547548897347,26,239040.866476427,10263.0103051264,11.6457481464784,1.18245548617006
0.0740547548897347,27,241259.880122585,2624.54156480243,45.9622898257942,1.19343220700639
0.0740547548897347,28,246743.96335612,23751.1383602587,5.19436078417574,1.22056013873494
0.0740547548897347,29,248057.652449434,14174.9266763937,8.74987427139706,1.2270585207832
0.0740547548897347,30,250666.124404389,44005.5167647,2.84812158603563,1.23996176205371
0.0740547548897347,31,258315.788318829,17890.8668964075,7.21920826460062,1.27780209955047
0.0740547548897347,32,259278.976891879,27827.8977922234,4.65861594770439,1.2825666723585
0.0760547548897347,1,90392.9066875542,18297.0730356483,2.47014663250896,0.447143578414435
0.0760547548897347,2,108651.060741391,23691.5869986324,2.29303044890286,0.537460580467412
0.0760547548897347,3,127954.944031545,28611.2849788756,2.23609222944752,0.63295045647604
0.0760547548897347,4,147802.799320433,33190.5446945055,2.22657989919792,0.731131180638407
0.0760547548897347,5,152478.746983719,1643.99397979367,46.3744845960009,0.754261535079466
0.0760547548897347,6,167816.461752034,37574.5569750582,2.23311297939494,0.83013209746673
0.0760547548897347,7,178251.384955444,7.20866768026312,12363.6844463981,0.881750184246263
0.0760547548897347,8,187045.743220054,135.980473863606,687.766919416933,0.925252943128533
0.0760547548897347,9,187530.776673431,41328.4627541684,2.26878480563031,0.927652241944574
0.0760547548897347,10,189127.623122734,1168.32106712886,80.93991816287,0.935551309047123
0.0760547548897347,11,193129.754907773,2991.70515416302,32.2775382191372,0.955348520943786
0.0760547548897347,12,198747.293484983,5265.35597544966,18.8731108031124,0.983136611772384
0.0760547548897347,13,205581.784980289,7788.92506826714,13.1970575643262,1.01694456303583
0.0760547548897347,14,207161.402283685,42782.3684840191,2.42110721804787,1.02475840329663
0.0760547548897347,15,213667.927200097,10815.7768061404,9.87760431034377,1.05694401321648
0.0760547548897347,16,217678.025752899,137.964193564867,788.893190792118,1.07678063405767
0.0760547548897347,17,218491.422452218,1242.36916643609,87.9333729277067,1.08080423639697
0.0760547548897347,18,219839.318551043,1824.35832306694,60.2511348158487,1.08747182909916
0.0760547548897347,19,222787.600550583,2703.98738941078,41.1961241799892,1.10205599739022
0.0760547548897347,20,223435.910117813,14819.7979938672,7.53842630683213,1.10526296871612
0.0760547548897347,21,226571.440310006,4500.35037585891,25.1726445040142,1.12077339140016
0.0760547548897347,22,227334.199175234,41948.0726972141,2.70970970247141,1.12454650525349
0.0760547548897347,23,231937.688581241,7077.50683715746,16.3855503016648,1.14731843284854
0.0760547548897347,24,233628.204434557,66546.376903462,1.75537884484288,1.15568085126961
0.0760547548897347,25,234516.046103152,19383.0520695832,6.04951287499159,1.16007270805692
0.0760547548897347,26,239398.103770499,10229.5298162962,11.701324893209,1.18422261998474
0.0760547548897347,27,241245.954571374,2620.26743766846,46.0346053046473,1.1933633219464
0.0760547548897347,28,246468.603244005,23790.2563007137,5.18003253366821,1.21919802404701
0.0760547548897347,29,248393.017689002,14141.3635475157,8.78249883239295,1.22871746083493
0.0760547548897347,30,250688.62401113,44002.6468602198,2.84856300585139,1.24007306010839
0.0760547548897347,31,258629.884149145,17837.4425409414,7.24963468152804,1.27935582692444
0.0760547548897347,32,259024.713897385,27861.4760583358,4.64843846311379,1.28130891807906
0.0780547548897347,1,90451.6194478738,18287.467202856,2.4730493961938,0.447434010868816
0.0780547548897347,2,108701.869440447,23680.4404887989,2.29518258944262,0.53771191416541
0.0780547548897347,3,127998.559596856,28599.9889884456,2.23773791746157,0.633166208139114
0.0780547548897347,4,147841.102466417,33179.966939613,2.22786693451933,0.731320653533874
0.0780547548897347,5,152457.559562651,1646.04479611421,46.3102705110318,0.754156727969914
0.0780547548897347,6,167850.131580282,37564.5906254105,2.23415361096389,0.830298650883797
0.0780547548897347,7,178257.888935987,7.29176746072501,12223.2291345083,0.881782357270018
0.0780547548897347,8,186642.836797043,136.970640847583,681.324244531843,0.923259899356042
0.0780547548897347,9,187561.33418662,41318.6089019158,2.2696956549513,0.927803399776482
0.0780547548897347,10,188735.072990072,1175.56211012315,80.2743944215334,0.933609494390892
0.0780547548897347,11,192754.757704278,3007.8974305542,32.0414445895457,0.953493534777162
0.0780547548897347,12,198395.363658015,5291.37311527104,18.7470585929237,0.981395732228314
0.0780547548897347,13,205252.971120352,7821.06032024291,13.1218123065171,1.01531803047534
0.0780547548897347,14,207188.938067208,42773.1273824468,2.42195217822948,1.02489461363912
0.0780547548897347,15,213345.348708717,10847.7522832696,9.83362005038397,1.05534832494579
0.0780547548897347,16,218085.055102435,145.355232095984,750.179584035973,1.07879407257338
0.0780547548897347,17,218758.547338467,1393.89281756008,78.4703617747988,1.08212561416762
0.0780547548897347,18,220051.822432925,1697.00110112241,64.835497834203,1.0885230149682
0.0780547548897347,19,223064.307943625,2667.81036488473,41.8066274274452,1.1034247766278
0.0780547548897347,20,223121.651603684,14849.7719406768,7.51262889743457,1.10370843659956
0.0780547548897347,21,226879.383865183,4489.35790035578,25.2685783692143,1.12229668551977
0.0780547548897347,22,227357.274069088,41940.9919435643,2.71044226105834,1.12466064906175
0.0780547548897347,23,232267.672505038,7049.33630146786,16.4744355051322,1.14895075332492
0.0780547548897347,24,233656.413587848,66536.2835012968,1.7558571150378,1.15582039254789
0.0780547548897347,25,234217.688352405,19418.8288179893,6.03068523204215,1.15859683171656
0.0780547548897347,26,239756.127706297,10197.3247907792,11.7558346245426,1.18599364505381
0.0780547548897347,27,241231.691987831,2615.4370048494,46.1168996883794,1.1932927696998
0.0780547548897347,28,246193.404729195,23830.31437277,5.16555092136155,1.21783670872708
0.0780547548897347,29,248727.761533104,14106.8317363666,8.81586192354938,1.23037332705042
0.0780547548897347,30,250711.732827557,43999.6996822072,2.8490164096386,1.24018737172032
0.0780547548897347,31,258770.303641655,27896.9570882587,4.63796647826092,1.28005043534739
0.0780547548897347,32,258943.537742875,17782.4970905772,7.28085421366628,1.28090736670142
0.0800547548897347,1,90511.8588178768,18277.5767897394,2.47603552317417,0.44773199495243
0.0800547548897347,2,108753.977427768,23669.0035022235,2.29739239798481,0.53796967500936
0.0800547548897347,3,128043.295745522,28588.4019693527,2.23942730137184,0.633387502954514
0.0800547548897347,4,147880.39427119,33169.1188221395,2.22918786393089,0.731515016994819
0.0800547548897347,5,152435.814951544,1648.1600540718,46.2442390151823,0.75404916462697
0.0800547548897347,6,167884.671412348,37554.3681524324,2.23522162230112,0.830469507919746
0.0800547548897347,7,178263.814004566,7.34632789761825,12132.8517110134,0.881811666609254
0.0800547548897347,8,186239.973291998,137.996972441814,674.797316189402,0.921267067884417
0.0800547548897347,9,187592.684254575,41308.5007478775,2.2706305101646,0.927958478112632
0.0800547548897347,10,188342.771079448,1182.91910609638,79.6093199056428,0.931668907606335
0.0800547548897347,11,192380.056771959,3024.12620238139,31.8075443776894,0.95164001416529
0.0800547548897347,12,198043.654264663,5317.3156615718,18.6225218577791,0.979655943095868
0.0800547548897347,13,204924.494875576,7852.97767105331,13.0475663792439,1.01369316798452
0.0800547548897347,14,207217.19386134,42763.6486038576,2.42281938780415,1.0250343856341
0.0800547548897347,15,213023.481519655,10879.8155798985,9.78984799674527,1.05375615525056
0.0800547548897347,16,218494.959635679,151.642818404244,720.42633451069,1.08082173366449
0.0800547548897347,17,218948.483352461,1576.98578922774,69.4199290976748,1.08306516431684
0.0800547548897347,18,220319.84407957,1540.28901676184,71.5189947087819,1.08984882871361
0.0800547548897347,19,222807.661572393,14879.8081453898,7.48691311727112,1.1021552325781
0.0800547548897347,20,223351.646276205,2632.99590009584,42.4139753252323,1.10484614357963
0.0800547548897347,21,227190.735069898,4476.4512472064,25.3762101409772,1.12383683614576
0.0800547548897347,22,227380.964475522,41933.7374587557,2.71119363852511,1.12477783760558
0.0800547548897347,23,232599.445154527,7019.7381118255,16.5675301164504,1.15059192203106
0.0800547548897347,24,233685.353513044,66525.9303296154,1.75634788085793,1.15596354871119
0.0800547548897347,25,233919.465037799,19454.7674476025,6.01188026708144,1.15712162038698
0.0800547548897347,26,240114.816815884,10166.7221601527,11.8088609599753,1.18776796051591
0.0800547548897347,27,241217.246083492,2610.00449997816,46.210120726901,1.19322131062634
0.0800547548897347,28,245918.52509322,23871.1421585917,5.15095849749084,1.21647697079446
0.0800547548897347,29,249061.743913868,14071.5361001789,8.8498420549375,1.2320254265606
0.0800547548897347,30,250735.45247971,43996.6753408669,2.84948181353616,1.24030470493297
0.0800547548897347,31,258516.148073914,27934.1974972321,4.62723420100988,1.2787932124723
0.0800547548897347,32,259256.3844396,17726.2358461474,7.31278729138498,1.28245491502789
0.0820547548897347,1,90573.6228773117,18267.3963310445,2.47910597755484,0.448037521166435
0.0820547548897347,2,108807.382943718,23657.2757694212,2.29966002857269,0.538233854294926
0.0820547548897347,3,128089.151545888,28576.5240509759,2.24116045949811,0.63361433631366
0.0820547548897347,4,147920.674284616,33158.0006554294,2.23054272514461,0.731714268794569
0.0820547548897347,5,152413.512189647,1650.34047471485,46.176384365772,0.753938840298123
0.0820547548897347,6,167920.080949186,37543.8897299352,2.23631704329369,0.830644667095309
0.0820547548897347,7,178269.070548908,7.3701921512985,12093.9228509463,0.881837668981932
0.0820547548897347,8,185837.159298353,139.064794782983,668.167524312536,0.919274481329185
0.0820547548897347,9,187624.826851263,41298.1383997737,2.2715893999267,0.928117476824249
0.0820547548897347,10,187950.748732649,1190.40266688886,78.9441900461556,0.929729703730838
0.0820547548897347,11,192005.681786928,3040.39535444009,31.5757754179123,0.949788105906005
0.0820547548897347,12,197692.187881124,5343.19204461141,18.4994462327529,0.977917356051958
0.0820547548897347,13,204596.357607669,7884.69418229631,12.9742735023924,1.01206998229927
0.0820547548897347,14,207246.170121811,42753.9323762186,2.42370886843954,1.02517772153589
0.0820547548897347,15,212702.329881046,10911.927341179,9.74632268116179,1.05216752514491
0.0820547548897347,16,218907.058026641,155.247743170509,705.024928401746,1.08286024703845
0.0820547548897347,17,219059.063807441,1745.15404032927,62.7620997187474,1.08361216896747
0.0820547548897347,18,220647.772468241,1401.45076621723,78.7212001259986,1.0914709811429
0.0820547548897347,19,222493.947103357,14909.905871352,7.46127940119523,1.10060339167127
0.0820547548897347,20,223648.455595701,2599.98918568003,43.0094972755062,1.10631436034674
0.0820547548897347,21,227405.271505298,41926.3102325106,2.71196380320827,1.12489807637954
0.0820547548897347,22,227505.131976376,4461.92265860451,25.494069416202,1.12539205284314
0.0820547548897347,23,232933.059195087,6988.62283575212,16.6651616970555,1.15224219948503
0.0820547548897347,24,233621.324566556,19490.8246356121,5.9931103207327,1.1556468188559
0.0820547548897347,25,233715.02412058,66515.3175665761,1.75685114850915,1.15611031931647
0.0820547548897347,26,240474.03095078,10137.960064862,11.8600798095594,1.18954487310319
0.0820547548897347,27,241202.797791747,2603.96288448056,46.3145613997225,1.19314983974317
0.0820547548897347,28,245644.044138383,23912.5639794518,5.13629664199679,1.21511920500454
0.0820547548897347,29,249394.907838158,14035.6823007239,8.88431721717208,1.23367347743942
0.0820547548897347,30,250759.78488464,43993.5741481778,2.8499592240453,1.24042506922935
0.0820547548897347,31,258262.551620135,27972.9770710748,4.61628647826672,1.2775387553476
0.0820547548897347,32,259568.154007428,17668.9302892616,7.34532735592893,1.28399713515675
0.0840547548897347,1,90636.9090421953,18256.9198397341,2.48226178999084,0.448350576728726
0.0840547548897347,2,108862.084131182,23645.2569940141,2.30198564047624,0.538504442835578
0.0840547548897347,3,128136.126034748,28564.355361561,2.24293747246928,0.633846703451886
0.0840547548897347,4,147961.942039654,33146.6127586733,2.2319315568819,0.731918406622821
0.0840547548897347,5,152390.650258714,1652.5867836392,46.1067012538763,0.753825749946436
0.0840547548897347,6,167956.359884373,37533.1555318059,2.23743990486019,0.8308241268947
0.0840547548897347,7,178273.559201783,7.36118756937456,12109.0216437,0.881859872851488
0.0840547548897347,8,185434.402777341,140.180503401469,661.412957857157,0.917282179071915
0.0840547548897347,9,187559.042000738,1198.024039365,78.2784968572716,0.927792061096983
0.0840547548897347,10,187657.761955876,41287.5219714681,2.27257235352557,0.928280395808398
0.0840547548897347,11,191631.664506963,3056.70767459706,31.3460894706302,0.947937967094445
0.0840547548897347,12,197340.987692617,5369.00929665433,18.3777841300805,0.976180085786146
0.0840547548897347,13,204268.563403525,7916.22532085444,12.9018916923323,1.0104484936361
0.0840547548897347,14,207275.867300092,42743.9789393392,2.42462064182479,1.02532462357779
0.0840547548897347,15,212381.893783461,10944.0514790305,9.70307450537848,1.05058243458219
0.0840547548897347,16,219125.807869822,1881.56305774134,58.2297273982579,1.08394232959605
0.0840547548897347,17,219319.64789749,155.339615857413,705.935979971793,1.08490119159958
0.0840547548897347,18,221003.398138923,1297.53675996716,85.1626732118617,1.09323014279387
0.0840547548897347,19,222180.515467814,14940.0619999485,7.43572936539951,1.09905294984745
0.0840547548897347,20,223953.476086052,2569.06036007367,43.5866512843687,1.107823195039
0.0840547548897347,21,227430.196332309,41918.711211866,2.71275272733015,1.12502137119049
0.0840547548897347,22,227822.260689896,4446.01460404025,25.6209528060103,1.12696078287935
0.0840547548897347,23,233268.548948538,6955.89992152452,16.7676757558505,1.15390175546543
0.0840547548897347,24,233323.219515602,19526.9835900151,5.97437946419204,1.15417219253718
0.0840547548897347,25,233745.425284245,66504.4453810492,1.75736692445865,1.1562607037394
0.0840547548897347,26,240833.602746925,10111.1827627059,11.9092695878872,1.19132355492145
0.0840547548897347,27,241188.545515846,2597.35466557546,46.4296518131476,1.19307933848505
0.0840547548897347,28,245369.978563753,23954.4205140408,5.12160121802843,1.21376349396203
0.0840547548897347,29,249727.264490745,13999.4551606371,8.91917798318736,1.23531753501422
0.0840547548897347,30,250784.732021906,43990.3966367547,2.85044863419544,1.2405484744017
0.0840547548897347,31,258009.715766762,28013.0363049588,4.6051722661904,1.27628806065958
0.0840547548897347,32,259878.674315043,17610.8828825612,7.37835451090254,1.28553317561175
0.0860547548897347,1,90701.7139190665,18246.1408134986,2.48550405387547,0.448671144852982
0.0860547548897347,2,108918.079030616,23632.946853473,2.30436939806789,0.538781430938113
0.0860547548897347,3,128184.218214783,28551.8960281937,2.24475842319205,0.634084599435792
0.0860547548897347,4,148004.197054263,33134.9554586584,2.23335439878475,0.732127428095087
0.0860547548897347,5,152367.228087674,1654.89970804687,46.0351848957361,0.753709888273696
0.0860547548897347,6,167993.507903188,37522.1657313413,2.23859023898063,0.831007885761103
0.0860547548897347,7,178277.169134564,7.31712829887098,12182.1814414592,0.881877729985645
0.0860547548897347,8,185031.713454377,141.35186128468,654.507523893605,0.915290209220984
0.0860547548897347,9,187167.692650448,1205.79509931262,77.6117321911267,0.925856186310884
0.0860547548897347,10,187691.489550243,41276.6515794393,2.27357940104492,0.928447234975204
0.0860547548897347,11,191258.039055074,3073.06469747037,31.1184530564083,0.946089766525766
0.0860547548897347,12,196990.07752801,5394.77310762896,18.2574942076284,0.974444250171891
0.0860547548897347,13,203941.11864894,7947.58501253526,12.8303829608162,1.00882873358343
0.0860547548897347,14,207306.285872901,42733.7885351723,2.42555473056497,1.02547509411795
0.0860547548897347,15,212062.170072831,10976.1555032633,9.66012963326657,1.04900086796027
0.0860547548897347,16,219170.385149314,1993.59139828475,54.9687326444839,1.08416283853861
0.0860547548897347,17,219730.979744537,152.398486738386,720.909322812819,1.08693591313631
0.0860547548897347,18,221368.354426151,1220.2849550875,90.7035498156566,1.0950354598947
0.0860547548897347,19,221867.373308103,14970.2719738048,7.41026528096249,1.09750393996408
0.0860547548897347,20,224265.469662413,2540.31946846068,44.1411941385285,1.1093665232634
0.0860547548897347,21,227455.740130859,41910.9414661969,2.71356037556818,1.12514772784731
0.0860547548897347,22,228141.849805722,4428.91819615977,25.7559340341326,1.12854168370564
0.0860547548897347,23,233025.113050537,19563.2455584407,5.95568645178094,1.15269755922333
0.0860547548897347,24,233605.941004777,6921.4852507241,16.8754199815955,1.15557072150363
0.0860547548897347,25,233776.556909548,66493.3139509152,1.75789521546573,1.15641470151256
0.0860547548897347,26,241174.691295037,2590.28005800137,46.5537868289663,1.19301080627278
0.0860547548897347,27,241193.33772225,10086.4410251407,11.9563152712176,1.19310304393273
0.0860547548897347,28,245096.299789208,23996.5817968064,5.10690026322472,1.21240969629062
0.0860547548897347,29,250058.874714184,13963.0051693328,8.9543358210378,1.23695790025283
0.0860547548897347,30,250810.295933872,43987.1433210168,2.85095003900874,1.24067493055288
0.0860547548897347,31,257757.745237396,28054.1086538829,4.59393931237449,1.27504164644098
0.0860547548897347,32,260187.865299566,17552.397837992,7.41174703596313,1.28706264034852
0.0880547548897347,1,90768.0331491781,18235.0522547425,2.48883391945234,0.448999203977934
0.0880547548897347,2,108975.36556662,23620.3449951103,2.30681147098358,0.539064808336213
0.0880547548897347,3,128233.427054348,28539.1461793386,2.24662339665902,0.634328019162173
0.0880547548897347,4,148047.438828805,33123.0290875455,2.23481129152636,0.732341330739824
0.0880547548897347,5,152343.244568348,1657.27997432908,45.9618311112526,0.753591249798096
0.0880547548897347,6,168031.524683826,37510.9205046264,2.23976807851332,0.831195942102658
0.0880547548897347,7,178279.775919138,7.23581390007673,12319.2621024462,0.881890624880001
0.0880547548897347,8,184629.103360043,142.588400962159,647.419783496417,0.91329863128768
0.0880547548897347,9,186776.749419915,1213.72829710843,76.9433941125413,0.923922320463846
0.0880547548897347,10,187726.009618772,41265.527341185,2.27461057345331,0.928617994247525
0.0880547548897347,11,190884.842232898,3089.46650240001,30.8928486657182,0.944243686245403
0.0880547548897347,12,196639.481901599,5420.48785404484,18.1385409576062,0.972709970473241
0.0880547548897347,13,203614.031683188,7978.7857123031,12.7597130080345,1.00721074339283
0.0880547548897347,14,207337.426324462,42723.3614349897,2.42651115643088,1.02562913555167
0.0880547548897347,15,211743.153436574,11008.2105912614,9.61751011579766,1.04742279899959
0.0880547548897347,16,219201.043970219,2088.24345861927,52.4845518048822,1.08431449750602
0.0880547548897347,17,220140.164058489,147.659734597136,745.43058288403,1.08896001154266
0.0880547548897347,18,221554.526421626,15000.5305845616,7.38488966015802,1.09595639069898
0.0880547548897347,19,221736.70923156,1161.22084529424,95.4756841173372,1.09685758833212
0.0880547548897347,20,224583.294564475,2513.7535723086,44.6709051035222,1.11093869711227
0.0880547548897347,21,227481.904074003,41903.0020061688,2.71438671673827,1.12527715215274
0.0880547548897347,22,228463.664160658,4410.77448569816,25.8983614897391,1.13013359204806
0.0880547548897347,23,232726.981031444,19599.6218112373,5.93702733840537,1.15122279950221
0.0880547548897347,24,233808.41886757,66481.9234577851,1.75843602822378,1.15657231199825
0.0880547548897347,25,233945.26572206,6885.30589045551,16.9887343746309,1.15724924777179
0.0880547548897347,26,241161.423970684,2582.9009725507,46.6842179652999,1.19294517724165
0.0880547548897347,27,241553.021009803,10063.6975774065,12.0012062739296,1.19488227726183
0.0880547548897347,28,244822.951286963,24038.9527877407,5.09221332245006,1.21105753236617
0.0880547548897347,29,250389.83092152,13926.4428192554,8.98972674397939,1.23859503029178
0.0880547548897347,30,250836.478905808,43983.8151155464,2.85146341042557,1.24080444898739
0.0880547548897347,31,257506.663618715,28095.9447325459,4.58263044845086,1.27379962936724
0.0880547548897347,32,260495.724561705,17493.7568996398,7.44539112027645,1.28858551749857
0.0900547548897347,1,90835.8612086878,18223.6467135615,2.49225258359213,0.449334726778976
0.0900547548897347,2,109033.94154163,23607.4510441688,2.30931203325659,0.539354564159261
0.0900547548897347,3,128283.751485461,28526.1059415297,2.24853248018509,0.63457695734808
0.0900547548897347,4,148091.666845855,33110.8339846741,2.23630227668686,0.732560111997495
0.0900547548897347,5,152318.698548292,1659.72830910009,45.8866362985878,0.753469828818887
0.0900547548897347,6,168070.409897615,37499.4200269143,2.24097345741596,0.831388294293537
0.0900547548897347,7,178281.238827607,7.11501545360251,12528.5208437136,0.881897861400563
0.0900547548897347,8,184226.587581385,143.901975448873,640.111391823244,0.911307519902585
0.0900547548897347,9,186386.269596439,1221.8365263318,76.2729978927741,0.921990746937051
0.0900547548897347,10,187761.322147205,41254.1493770679,2.27566590248952,0.928792673554842
0.0900547548897347,11,190512.113866906,3105.91145586934,30.6692764062686,0.942399923261627
0.0900547548897347,12,196289.226058971,5446.15660739539,18.0208943856322,0.97097737157171
0.0900547548897347,13,203287.312535593,8009.83848037711,12.6898509273075,1.00559457267607
0.0900547548897347,14,207369.289163083,42712.6979159809,2.42748994187857,1.02578675039338
0.0900547548897347,15,211424.837237429,11040.1914421192,9.57523419525257,1.04584819486781
0.0900547548897347,16,219220.944885862,2169.69857772845,50.5187557239802,1.08441294070207
0.0900547548897347,17,220547.169673395,142.28012834492,775.045581694786,1.09097333265106
0.0900547548897347,18,221241.979772449,15030.8325766231,7.35960495350529,1.09441032660771
0.0900547548897347,19,222106.60000576,1114.89640590387,99.6086267879276,1.09868731469516
0.0900547548897347,20,224905.940393287,2489.26681069295,45.1751373993289,1.11253471847879
0.0900547548897347,21,227508.689327337,41894.8939265824,2.71523171446655,1.12540964987256
0.0900547548897347,22,228787.498646608,4391.67795063957,26.0478456319058,1.13173549330522
0.0900547548897347,23,232428.811417082,19636.1274858083,5.91839739238469,1.14974785380983
0.0900547548897347,24,233841.011045252,66470.2740942064,1.75898936954763,1.15673353463718
0.0900547548897347,25,234286.568858075,6847.30243695343,17.1079465976032,1.15893756061795
0.0900547548897347,26,241148.900875821,2575.43992764934,46.8170308083875,1.19288322966573
0.0900547548897347,27,241912.428664746,10042.837259355,12.0440281176219,1.19666014712828
0.0900547548897347,28,244549.863470376,24081.4724232875,5.07755213576328,1.20970665796679
0.0900547548897347,29,250720.240881301,13889.8383748543,9.02531167443949,1.24022945822617
0.0900547548897347,30,250863.283249658,43980.4130096172,2.85198871591772,1.24093704114164
0.0900547548897347,31,257256.43064212,28138.330357988,4.57128101364211,1.27256181024302
0.0900547548897347,32,260802.309301988,17435.2044921639,7.47918699259317,1.29010209001383
0.0920547548897347,1,90905.1912012471,18211.9163841071,2.49576127201465,0.449677679142169
0.0920547548897347,2,109093.804624086,23594.2646031131,2.31187126319019,0.53965068687381
0.0920547548897347,3,128335.190402722,28512.7754412008,2.25048576325681,0.634831408525464
0.0920547548897347,4,148136.880569681,33098.3704969119,2.23782739672188,0.732783769218024
0.0920547548897347,5,152293.588850075,1662.24543574879,45.8095975404113,0.753345619511707
0.0920547548897347,6,168110.163207966,37487.6644731767,2.24220641070148,0.831584940668739
0.0920547548897347,7,178281.397358577,6.95244234741943,12821.494120318,0.881898645600427
0.0920547548897347,8,183824.185325453,145.307526219751,632.534976362656,0.909316970076573
0.0920547548897347,9,185996.32101164,1230.1328712226,75.6000938446521,0.920061801270912
0.0920547548897347,10,187797.427124492,41242.517811706,2.27674542061044,0.928971272842486
0.0920547548897347,11,190139.897190865,3122.39588853103,30.4477561428507,0.940558691437477
0.0920547548897347,12,195939.336028693,5471.78111749103,17.904529788514,0.969246582221936
0.0920547548897347,13,202960.97269976,8040.75305781459,12.6207689280115,1.00398027828815
0.0920547548897347,14,207401.874913101,42701.7982733503,2.42849110926715,1.0259479412368
0.0920547548897347,15,211107.214210461,11072.0760589333,9.53331665564808,1.04427701962775
0.0920547548897347,16,219231.465216974,2240.63448985252,48.9217376171433,1.0844649812733
0.0920547548897347,17,220929.737746936,15061.1729665157,7.33441340319614,1.09286576938818
0.0920547548897347,18,220952.376530807,136.998322769298,806.405407250444,1.09297775590573
0.0920547548897347,19,222477.370133236,1077.86673103353,103.202633371896,1.10052139092574
0.0920547548897347,20,225232.53623057,2466.71376153529,45.6543721737669,1.11415027922055
0.0920547548897347,21,227536.097075378,41886.6183081352,2.71609533385494,1.1255452268662
0.0920547548897347,22,229113.172592601,4371.68130652938,26.2042400312216,1.13334649375807
0.0920547548897347,23,232130.601920922,19672.7772381899,5.8997923656223,1.14827271083549
0.0920547548897347,24,233874.333327551,66458.3660388312,1.75955524689623,1.15689836886029
0.0920547548897347,25,234629.922957334,6807.42960977123,17.2333712140447,1.16063601889561
0.0920547548897347,26,241137.229752809,2568.17382778234,46.9472173464665,1.19282549651056
0.0920547548897347,27,242271.34056972,10023.6810713882,12.0849485754921,1.19843556468488
0.0920547548897347,28,244276.965036689,24124.1097379273,5.06292185888716,1.20835672038149
0.0920547548897347,29,250890.711309263,43976.9384420099,2.85252589422635,1.24107271860982
0.0920547548897347,30,251050.214756234,13853.2257777158,9.06107425030465,1.24186172899417
0.0920547548897347,31,257006.96337696,28181.0937586082,4.55991817738542,1.27132777883803
0.0920547548897347,32,261107.717609198,17376.9395490988,7.5130524817513,1.29161284310683
0.0940547548897347,1,90976.014639127,18199.8532392545,2.49936121580653,0.450028019081548
0.0940547548897347,2,109154.95233344,23580.7852496615,2.31448934328867,0.539953164209417
0.0940547548897347,3,128387.742660905,28499.1548073749,2.25248333728973,0.635091367029277
0.0940547548897347,4,148183.079446125,33085.6389752019,2.2393866951941,0.733012299660163
0.0940547548897347,5,152267.914262843,1664.83207714123,45.7307125305724,0.753218615886863
0.0940547548897347,6,168150.784270318,37475.6540190658,2.24346697438251,0.831785879523841
0.0940547548897347,7,178280.066702934,6.74566403513054,13214.4193495611,0.881892063290514
0.0940547548897347,8,183421.921457548,146.8241741048,624.631204554316,0.907327104810003
0.0940547548897347,9,185606.984580207,1238.63016481673,74.9242953435056,0.918135883723423
0.0940547548897347,10,187834.32454559,41230.63277101,2.27784916119042,0.929153792085521
0.0940547548897347,11,189768.239267077,3138.91369295622,30.2283302170621,0.938720223574476
0.0940547548897347,12,195589.8386752,5497.36177648935,17.7894276043176,0.967517735313324
0.0940547548897347,13,202635.024963486,8071.53794018341,12.5524420788934,1.00236792348604
0.0940547548897347,14,207435.18410742,42690.6628189124,2.42951468084872,1.02611271071804
0.0940547548897347,15,210790.277011987,11103.8454146268,9.49176925384423,1.04270923695263
0.0940547548897347,16,219233.383776255,2302.97592043166,47.5978454293095,1.08447447174654
0.0940547548897347,17,220617.804301168,15091.5472338503,7.30931696010344,1.09132273860978
0.0940547548897347,18,221356.236221213,132.181193017708,837.321222360124,1.09497551517427
0.0940547548897347,19,222848.732783113,1047.86548729383,106.334608537701,1.10235839816713
0.0940547548897347,20,225562.343175275,2445.9230354926,46.1098611653264,1.11578172424036
0.0940547548897347,21,227564.128501202,41878.1762600676,2.71697753846784,1.12568388898595
0.0940547548897347,22,229440.52512567,4350.80111539617,26.3676181742426,1.13496579762165
0.0940547548897347,23,231832.35730824,19709.5830308447,5.88120907848309,1.14679739415143
0.0940547548897347,24,233908.38558117,66446.1994935152,1.76013366726865,1.15706681400819
0.0940547548897347,25,234975.43816077,6765.65589565752,17.3653110492648,1.16234516743528
0.0940547548897347,26,241126.452343537,2561.42307449657,47.0688451947611,1.19277218425936
0.0940547548897347,27,242629.552850769,10006.0030822467,12.1241993859295,1.20020752143514
0.0940547548897347,28,244004.190711736,24166.8571780885,5.0483227693539,1.20700739672072
0.0940547548897347,29,250918.765623211,43973.392931428,2.85307488115021,1.24121149394948
0.0940547548897347,30,251379.855467122,13816.6084622139,9.09701741040877,1.2434923517107
0.0940547548897347,31,256758.152648408,28224.1092314316,4.54856078083894,1.27009699510079
0.0940547548897347,32,261412.070601164,17319.1144216649,7.54692371205068,1.29311837590709
0.0960547548897347,1,91048.3211837251,18187.4492231476,2.50305361864174,0.450385695455494
0.0960547548897347,2,109217.382028288,23567.0125516236,2.31716645860495,0.540261983099931
0.0960547548897347,3,128441.407074169,28485.2441675169,2.2545252959537,0.635356826993556
0.0960547548897347,4,148230.262900135,33072.6397782586,2.24098021648667,0.733245700479336
0.0960547548897347,5,152241.673554082,1667.48895183458,45.649979685498,0.753088811847525
0.0960547548897347,6,168192.272734145,37463.3888381293,2.24475518566761,0.831991109124905
0.0960547548897347,7,178277.03171505,6.49194332515843,13730.6367897705,0.881877050217115
0.0960547548897347,8,183019.828780639,148.476801660391,616.324660600038,0.905338086368229
0.0960547548897347,9,185218.357549841,1247.34025241184,74.245322072989,0.916213475346548
0.0960547548897347,10,187872.014405504,41218.4943823949,2.27897715843968,0.929340231259228
0.0960547548897347,11,189397.191449171,3155.45582504091,30.0110668554068,0.936884773701902
0.0960547548897347,12,195240.761754606,5522.89756142159,17.6755733365758,0.965790968146118
0.0960547548897347,13,202309.483269436,8102.20043908465,12.4848480848181,1.00075757723948
0.0960547548897347,14,207469.217302159,42679.2918851318,2.43056067870745,1.02628106158801
0.0960547548897347,15,210474.018629024,11135.4831193991,9.45060112669733,1.04114481215157
0.0960547548897347,16,219227.293260584,2358.1957583484,46.4819963492181,1.08444434399569
0.0960547548897347,17,220306.183191096,15121.9514311672,7.28431724549228,1.08978125285195
0.0960547548897347,18,221759.130605275,127.965103403859,866.482832844678,1.0969684993941
0.0960547548897347,19,223220.515933529,1023.34197612643,109.064477535881,1.10419748548453
0.0960547548897347,20,225894.73952454,2426.71220586381,46.543372341124,1.11742597818139
0.0960547548897347,21,227592.784810131,41869.5688908334,2.71787829250802,1.12582564219411
0.0960547548897347,22,229769.411563892,4329.02345143681,26.5382498086989,1.13659268920272
0.0960547548897347,23,231534.086833656,19746.553232967,5.86264559951426,1.14532194953715
0.0960547548897347,24,233943.167689625,66433.7746510602,1.76072463832138,1.15723886950468
0.0960547548897347,25,235323.272608582,6721.963358982,17.5040579694725,1.16406578850378
0.0960547548897347,26,241116.530599617,2555.53718508803,47.1753124952693,1.19272310469944
0.0960547548897347,27,242986.887743012,9989.54816158818,12.1620559715276,1.20197513803543
0.0960547548897347,28,243731.485591841,24209.7240509936,5.03375183208331,1.2056584153943
0.0960547548897347,29,250947.448621652,43969.778372196,2.85363558689594,1.24135337918177
0.0960547548897347,30,251709.252217265,13779.9667388131,9.13315891787649,1.24512176763474
0.0960547548897347,31,256509.879784419,28267.2935880668,4.53722035654497,1.26886887200026
0.0960547548897347,32,261715.498770635,17261.836966838,7.58075456492323,1.29461933391874
0.0980547548897347,1,91122.0984122756,18174.6965386411,2.50683961128434,0.450750646812724
0.0980547548897347,2,109281.090894445,23552.9460657567,2.3199027966469,0.540577129624522
0.0980547548897347,3,128496.182412374,28471.0436515513,2.25661173480328,0.635627782333211
0.0980547548897347,4,148278.430336653,33059.3732714195,2.24260800589409,0.733483968731977
0.0980547548897347,5,152214.865496518,1670.21677331847,45.5673981749356,0.752956201322774
0.0980547548897347,6,168234.628239541,37450.8691038738,2.2460710827955,0.832200627691596
0.0980547548897347,7,178272.038721754,6.18788872539733,14404.9163319681,0.881852351543611
0.0980547548897347,8,182617.951507325,150.298402497043,607.517939223994,0.903350133456232
0.0980547548897347,9,184830.557683386,1256.272797383,73.563066106508,0.914295158673816
0.0980547548897347,10,187910.49670498,41206.1027784728,2.28012944727145,0.929530590367299
0.0980547548897347,11,189026.809887541,3172.00968976081,29.7960643843107,0.935052619577036
0.0980547548897347,12,194892.133970785,5548.38595572646,17.5629575453054,0.964066422708814
0.0980547548897347,13,201984.362602055,8132.74673780673,12.4179670850372,0.999149313671497
0.0980547548897347,14,207503.975073746,42667.6858157171,2.43162912525841,1.02645299669813
0.0980547548897347,15,210158.432685022,11166.9750739127,9.409819189799,1.03958371368191
0.0980547548897347,16,219213.72809382,2407.44809571853,45.5282355793413,1.08437724163743
0.0980547548897347,17,219994.87814552,15152.3821990239,7.25941555776265,1.08824133055984
0.0980547548897347,18,222161.342674993,124.368103977857,893.160446968572,1.0989581084323
0.0980547548897347,19,223592.581885817,1003.20249833264,111.439406429627,1.10603797172851
0.0980547548897347,20,226229.203514506,2408.89607356858,46.9570285735421,1.11908046005176
0.0980547548897347,21,227622.067170689,41860.7973487253,2.71879755746722,1.12597049227101
0.0980547548897347,22,230099.700968703,4306.30934079432,26.7165782528595,1.13822652079185
0.0980547548897347,23,231235.802232988,19783.692758224,5.84410112558142,1.14384643504585
0.0980547548897347,24,233978.679526323,66421.0917237155,1.76132816741087,1.15741453472354
0.0980547548897347,25,235673.642667472,6676.34879089525,17.6498899360132,1.1657989523951
0.0980547548897347,26,241107.335268762,2550.87791194541,47.2596775681992,1.19267761846281
0.0980547548897347,27,243343.200427558,9974.04924611986,12.1988168708022,1.20373769811499
0.0980547548897347,28,243458.806884601,24252.730042827,5.01920415670085,1.2043095647225
0.0980547548897347,29,250976.762846482,43966.0969812957,2.85420790198017,1.2414983868806
0.0980547548897347,30,252038.476722506,13743.2646830247,9.16952712967164,1.24675033152067
0.0980547548897347,31,256262.027353391,28310.600708654,4.5259023287884,1.26764282864144
0.0980547548897347,32,262018.129958815,17205.1770342331,7.61451420806304,1.29611634952961
0.100054754889735,1,91197.3315859128,18161.588005174,2.51072019583122,0.451122800244982
0.100054754889735,2,109346.075922067,23538.585349847,2.32269854574709,0.540898588894489
0.100054754889735,3,128552.067400552,28456.55339285,2.25874275120142,0.635904226741397
0.100054754889735,4,148327.581139029,33045.8398252392,2.24427010969383,0.733727101367729
0.100054754889735,5,152187.488858224,1673.01624943794,45.4829679357124,0.75282077821868
0.100054754889735,6,168277.850419328,37438.0949882404,2.24741470515775,0.832414433407609
0.100054754889735,7,178264.784067749,5.82875051543023,15291.8523100136,0.881816465188467
0.100054754889735,8,182216.350717695,152.333660843495,598.083016283911,0.901363548216864
0.100054754889735,9,184443.72866326,1265.43337564356,72.8776924227472,0.912381644454258
0.100054754889735,10,187949.771450152,41193.4580917129,2.28130606359512,0.929724869440086
0.100054754889735,11,188657.156076628,3188.55838531334,29.5834564211828,0.933224065392388
0.100054754889735,12,194543.985030939,5573.82284946266,17.4515759008822,0.962344245953043
0.100054754889735,13,201659.678900592,8163.18193871808,12.3517814753165,0.997543211628264
0.100054754889735,14,207539.458001132,42655.8449821793,2.43272004209315,1.02662851891227
0.100054754889735,15,209843.513667998,11198.3091310397,9.3694285098073,1.0380259142777
0.100054754889735,16,219193.194408614,2451.64453192701,44.7032984501076,1.08427566834128
0.100054754889735,17,219683.893026399,15182.8367524957,7.23461289242565,1.08670299083725
0.100054754889735,18,222563.069061726,121.357061017609,916.976182496019,1.10094531495867
0.100054754889735,19,223964.80222222,986.658750779857,113.496587368833,1.10787922165925
0.100054754889735,20,226565.296425718,2392.29044955443,47.3532167609324,1.12074299965255
0.100054754889735,21,227651.976846619,41851.8627210191,2.71973530024371,1.12611844546794
0.100054754889735,22,230431.274660126,4282.59958319507,26.9032009861883,1.13986670531876
0.100054754889735,23,230937.516432884,19821.0037074101,5.82557573374923,1.14237091462133
0.100054754889735,24,234014.92095565,66408.1509029252,1.76194426266838,1.15759380899395
0.100054754889735,25,236026.833700433,6628.82767231302,17.8030600106154,1.16754607070481
0.100054754889735,26,241098.636472155,2547.80051239856,47.3150537687073,1.1926345884156
0.100054754889735,27,243186.123584444,24295.8998193484,5.00467415063136,1.20296069133105
0.100054754889735,28,243698.382293683,9959.24226655597,12.2347853265928,1.20549466441275
0.100054754889735,29,251006.710683427,43962.3513662054,2.85479168974092,1.24164652884735
0.100054754889735,30,252367.581692406,13706.4571306263,9.20615660514146,1.2483783041051
0.100054754889735,31,256014.487450423,28354.0145350994,4.51460739595628,1.26641833125476
0.100054754889735,32,262320.082080842,17149.1732135184,7.64818451638414,1.29761000602656
0.102054754889735,1,91274.0034640374,18148.117537737,2.51469617370075,0.451502070468772
0.102054754889735,2,109412.333892031,23523.9299740296,2.32555389369085,0.541226344985913
0.102054754889735,3,128609.060716811,28441.773528574,2.26091844426657,0.63618615367916
0.102054754889735,4,148377.714667045,33032.0398165826,2.24596657504265,0.733975095219648
0.102054754889735,5,152159.542429774,1675.88808075821,45.3966897243323,0.752682536552617
0.102054754889735,6,168321.938899756,37425.0666619944,2.24878609328824,0.832632524424127
0.102054754889735,7,178254.897593027,5.40697006932614,16483.8065781306,0.881767560093505
0.102054754889735,8,181815.113258682,154.644565490684,587.848375666442,0.899378760252948
0.102054754889735,9,184058.047096409,1274.82046468852,72.1897915018884,0.910473806303569
0.102054754889735,10,187989.838647807,41180.5604589675,2.28250704401075,0.929923068511153
0.102054754889735,11,188288.297441899,3205.0797765951,29.373418224542,0.931399444679261
0.102054754889735,12,194196.345699469,5599.2024179163,17.3414292969728,0.96062459006004
0.102054754889735,13,201335.448985884,8193.51009957177,12.2862757560039,0.995939354316841
0.102054754889735,14,207575.666697479,42643.7697709065,2.43383345108359,1.02680763126353
0.102054754889735,15,209529.257063398,11229.4747973679,9.32943262460103,1.03647139160694
0.102054754889735,16,219166.171147101,2491.50775734047,43.9826387257664,1.08414199327433
0.102054754889735,17,219373.231985745,15213.3128771247,7.2099099570746,1.08516625422282
0.102054754889735,18,222964.441526823,118.882832705142,937.748691099196,1.10293077075269
0.102054754889735,19,224337.050794169,973.134148703346,115.265223758249,1.10972061126182
0.102054754889735,20,226902.647288611,2376.7132316258,47.7345445528147,1.122411761921
0.102054754889735,21,227682.515050868,41842.7661303804,2.7206914851353,1.12626950778496
0.102054754889735,22,230639.24290272,19858.4860863632,5.80707013363671,1.14089545489212
0.102054754889735,23,230764.025661893,4257.81879222776,27.098854709732,1.1415127136075
0.102054754889735,24,234051.891846268,66394.9524111323,1.76257293172655,1.15777669166621
0.102054754889735,25,236383.212008153,6579.44278890448,17.9637713703345,1.16930895540033
0.102054754889735,26,241090.094708914,2546.63279373654,47.3350722769842,1.1925923351601
0.102054754889735,27,242913.414754834,24339.2590320742,4.99015632387829,1.20161169165391
0.102054754889735,28,244052.36138403,9944.8779493583,12.2702542266885,1.20724568097967
0.102054754889735,29,251037.294477564,43958.544395407,2.85538679601722,1.24179781668235
0.102054754889735,30,252696.601006831,13669.4956307697,9.24308430363796,1.25000585298046
0.102054754889735,31,255767.16769903,28397.5412056502,4.50333297954931,1.26519492288453
0.102054754889735,32,262621.458111023,17093.8404375957,7.68175703610233,1.2991008127892
0.104054754889735,1,91352.0941914292,18134.2807374134,2.51876805907603,0.451888359266937
0.104054754889735,2,109479.861358735,23508.9795347902,2.32846902598897,0.541560380854544
0.104054754889735,3,128667.160987637,28426.7041997158,2.26313891479765,0.63647355635218
0.104054754889735,4,148428.830257375,33017.9736294419,2.24769744992803,0.73422794700648
0.104054754889735,5,152131.025029282,1678.83296163393,45.3085650883395,0.752541470478182
0.104054754889735,6,168366.893298078,37411.7842916983,2.25018528901653,0.832854898847826
0.104054754889735,7,178241.917750624,4.90920519447265,18153.8467725193,0.881703353139754
0.104054754889735,8,181414.366888513,157.319500338146,576.579402103925,0.897396401541843
0.104054754889735,9,183673.731598855,1284.42071347513,71.5006110038144,0.908572725642334
0.104054754889735,10,187920.307959979,3221.54536161145,29.1661744390244,0.929579123375363
0.104054754889735,11,188030.698312456,41167.4100200383,2.28373242597642,0.930125187652283
0.104054754889735,12,193849.247848421,5624.5169770258,17.2325240229719,0.958907612690191
0.104054754889735,13,201011.690505727,8223.73426648382,12.221436393255,0.994337829034994
0.104054754889735,14,207612.601784873,42631.4605871451,2.43496937385574,1.02699033682917
0.104054754889735,15,209215.659471109,11260.4629409409,9.28983384468326,1.03492012885042
0.104054754889735,16,219062.899595552,15243.8088057722,7.18530724134386,1.08363114333267
0.104054754889735,17,219133.1056215,2527.61278547151,43.347839289518,1.08397842914102
0.104054754889735,18,223365.546286921,116.897082373669,955.394017332781,1.1049149022993
0.104054754889735,19,224709.202042922,962.203263787468,116.768052291993,1.11156151943899
0.104054754889735,20,227240.939765117,2361.98383960686,48.1038303384286,1.12408518203811
0.104054754889735,21,227713.683059254,41833.5086898916,2.7216660781107,1.12642368553311
0.104054754889735,22,230340.995371903,19896.1385328711,5.78858543308161,1.13942012377301
0.104054754889735,23,231097.858799117,4231.87854139853,27.3044058966239,1.14316407485963
0.104054754889735,24,234089.592066185,66381.4964553493,1.76321418291348,1.1579631820874
0.104054754889735,25,236743.23859724,6528.28001886623,18.1321295894991,1.17108988692768
0.104054754889735,26,241081.251295882,2547.65018822748,47.3144335925516,1.19254858974363
0.104054754889735,27,242640.66744456,24382.8314112795,4.9756458417769,1.20026250162576
0.104054754889735,28,244405.100496667,9930.73006439879,12.3054951102159,1.20899056379018
0.104054754889735,29,251068.516440112,43954.6793177811,2.8559930402967,1.24195226132376
0.104054754889735,30,253025.551226787,13632.3334367833,9.28034633249449,1.25163306006851
0.104054754889735,31,255519.99249431,28441.2016861917,4.49207447901833,1.26397222953852
0.104054754889735,32,262922.343812762,17039.1774645942,7.71522992700469,1.30058919406046
0.106054754889735,1,91431.581304741,18120.0755831395,2.52293598018479,0.452281555520785
0.106054754889735,2,109548.654628024,23493.7336752425,2.3314441234061,0.541900678226627
0.106054754889735,3,128726.366787221,28411.3455552127,2.2654042649452,0.636766427707455
0.106054754889735,4,148480.927221255,33003.6416541367,2.24946278318721,0.734485653321144
0.106054754889735,5,152101.935534023,1681.85157459047,45.2185965253979,0.752397574441635
0.106054754889735,6,168412.713224554,37398.2480434545,2.25161233527395,0.833081554750793
0.106054754889735,7,178225.252077457,4.31014556236421,20675.0850404802,0.881620913609821
0.106054754889735,8,181014.307385404,160.488484678276,563.94796096516,0.895417440533131
0.106054754889735,9,183291.05454643,1294.20154098705,70.8124077825774,0.906679749823009
0.106054754889735,10,187553.26880059,3237.91888803383,28.9620085132026,0.927763503000254
0.106054754889735,11,188072.350461908,41154.0069155998,2.28498224787216,0.93033122695157
0.106054754889735,12,193502.724504068,5649.75681466131,17.1248719946602,0.957193477213455
0.106054754889735,13,200688.421888634,8253.85648994489,12.1572517121614,0.992738726942445
0.106054754889735,14,207650.263903578,42618.9178610848,2.43612783154665,1.02717663877637
0.106054754889735,15,208902.718639367,11291.2655460038,9.25063350021475,1.0333721148694
0.106054754889735,16,218752.900966035,15274.3231565211,7.16080505579201,1.08209768344532
0.106054754889735,17,219094.410259826,2560.41914852279,42.7848718414387,1.08378701608527
0.106054754889735,18,223766.438676955,115.359510609113,969.865585834404,1.106897983322
0.106054754889735,19,225081.130472678,953.551156257996,118.022577496503,1.11340132540485
0.106054754889735,20,227579.90126207,2347.92186531415,48.4641130150259,1.12576191157637
0.106054754889735,21,227745.482171766,41824.0914993756,2.72265904658283,1.126580985143
0.106054754889735,22,230042.78787634,19933.9587451754,5.77012300509592,1.13794499069496
0.106054754889735,23,231432.69133211,4204.67957326658,27.5208475817708,1.1448203797895
0.106054754889735,24,234128.021470879,66367.7832592533,1.7638680243116,1.15815327954261
0.106054754889735,25,237107.484859515,6475.49514890819,18.3080582570966,1.17289169177173
0.106054754889735,26,241071.517251385,2551.04330102125,47.249593363405,1.19250043867018
0.106054754889735,27,242367.874182765,24426.6373644696,4.96113874714715,1.19891308429074
0.106054754889735,28,244756.593813588,9916.60022821238,12.340751274679,1.21072928406455
0.106054754889735,29,251100.378691972,43950.7597310128,2.85661021821642,1.24210987326296
0.106054754889735,30,253354.433994049,13594.9294234033,9.31797533122556,1.25325993349056
0.106054754889735,31,255272.904156495,28485.0249675053,4.48082640699281,1.26274996589413
0.106054754889735,32,263222.807299226,16985.1735292539,7.74860518339342,1.30207548677351
0.108054754889735,1,91512.4399118302,18105.5032309492,2.52719956867591,0.452681536097187
0.108054754889735,2,109618.709735458,23478.192107201,2.33447935929098,0.542247217491401
0.108054754889735,3,128786.676634973,28395.6977535923,2.26771459804471,0.637064760421001
0.108054754889735,4,148534.00484304,32989.0442859669,2.25126262457722,0.734748210623573
0.108054754889735,5,152072.272892857,1684.94459479326,45.1267873622625,0.752250843243335
0.108054754889735,6,168459.398280852,37384.4580805337,2.25306727621886,0.833312490162617
0.108054754889735,7,178204.109897315,3.55955044301498,25031.8281409679,0.88151633029205
0.108054754889735,8,180615.250094674,164.349654307705,549.484727715081,0.893443437134986
0.108054754889735,9,182910.357159042,1304.09959799775,70.1289830316159,0.904796566746729
0.108054754889735,10,187187.268971835,3254.15466991981,28.7612741186098,0.925953023847345
0.108054754889735,11,188114.795120621,41140.3512889592,2.28625654894573,0.930541186530007
0.108054754889735,12,193156.809885269,5674.90999596642,17.0184910441364,0.955482352899133
0.108054754889735,13,200365.662304939,8283.87784195647,12.0937117934139,0.991142142868431
0.108054754889735,14,207688.653712163,42606.1420493498,2.43730884471541,1.02736654036283
0.108054754889735,15,208590.433503949,11321.8754917474,9.21183215872631,1.03182734439953
0.108054754889735,16,218443.241830013,15304.8547850117,7.13640360847913,1.08056590291913
0.108054754889735,17,219050.461673431,2590.29608261843,42.2829002335519,1.0835696170779
0.108054754889735,18,224167.153582908,114.240456821009,981.11982313819,1.10888018639012
0.108054754889735,19,225452.709837886,946.945311266589,119.042096283433,1.11523940466474
0.108054754889735,20,227777.913746441,41814.5156192535,2.72367036151389,1.12674141333239
0.108054754889735,21,227919.294200547,2334.34524556728,48.8186772358002,1.12744077531204
0.108054754889735,22,229744.634901943,19971.9437692423,5.75168440178966,1.13647012731494
0.108054754889735,23,231768.453887811,4176.11311085884,27.749302729033,1.14648128523171
0.108054754889735,24,234167.179931867,66353.8130392897,1.76453446460726,1.1583469833963
0.108054754889735,25,237476.648779504,6421.35743459306,18.4911563636197,1.17471782262928
0.108054754889735,26,241060.161770306,2556.87185245043,47.1396643400961,1.19244426689045
0.108054754889735,27,242095.030721647,24470.6933002031,4.94663203350349,1.19756341863642
0.108054754889735,28,245106.862487008,9902.31969282871,12.3762345637313,1.21246194643573
0.108054754889735,29,251132.882912379,43946.7896983088,2.85723808993088,1.24227066080657
0.108054754889735,30,253683.239107183,13557.2510041951,9.35599846269294,1.25488642278353
0.108054754889735,31,255025.861499509,28529.0430435821,4.46958317371392,1.26152792821757
0.108054754889735,32,263522.899845409,16931.8135958358,7.78188639846055,1.30355994456862
0.110054754889735,1,91594.6430917337,18090.5688813562,2.53155784354933,0.45308816782711
0.110054754889735,2,109690.022431351,23462.3546399128,2.33757489635658,0.542599977627082
0.110054754889735,3,128848.088990568,28379.7609643979,2.27007001842276,0.637368546873344
0.110054754889735,4,148588.062379654,32974.1819283999,2.25309702454936,0.735015615238021
0.110054754889735,5,152042.036150326,1688.11268281708,45.0331419513425,0.752101272156947
0.110054754889735,6,168506.948061057,37370.4145620155,2.25455015733666,0.83354770307536
0.110054754889735,7,178177.377191585,2.55504474681378,34867.7606162824,0.881384092507709
0.110054754889735,8,180217.735346315,169.216728743372,532.505670936432,0.891477064179771
0.110054754889735,9,182532.068576482,1314.00287219698,69.4564952781625,0.902925299225
0.110054754889735,10,186822.405941739,3270.19554562043,28.5644089681331,0.924148168058467
0.110054754889735,11,188158.032318098,41126.443287933,2.28755536919122,0.930755066533526
0.110054754889735,12,192811.539434202,5699.96214214458,16.9134052670793,0.95377441506785
0.110054754889735,13,200043.431641781,8313.79841577899,12.0308084005328,0.989548175188008
0.110054754889735,14,207727.771881807,42593.1336217772,2.43851243402762,1.02756004490867
0.110054754889735,15,208278.804183429,11352.2863482081,9.17342981822799,1.03028581802736
0.110054754889735,16,218133.928612499,15335.4026610269,7.11210306746167,1.07903583353649
0.110054754889735,17,219001.601574757,2617.54222610077,41.833441957686,1.08332792245647
0.110054754889735,18,224567.712672779,113.521423582971,989.098381543135,1.11086161868801
0.110054754889735,19,225823.811686059,942.215867620127,119.836557336086,1.11707512180704
0.110054754889735,20,227810.979207949,41804.7821258977,2.72469999391316,1.12690497714865
0.110054754889735,21,228258.909291701,2321.06820418879,49.1710904659686,1.12912073796295
0.110054754889735,22,229446.551539594,20010.0900717535,5.73327133253347,1.13499560828253
0.110054754889735,23,232105.091537927,4146.06132736573,27.9910345278707,1.14814651947428
0.110054754889735,24,234207.067287596,66339.5860213902,1.76521351227666,1.15854429284931
0.110054754889735,25,237851.566716811,6366.31888945006,18.6804628268752,1.17657241669249
0.110054754889735,26,241046.304693839,2564.9958054577,46.9876605998634,1.19237572055219
0.110054754889735,27,241822.13426054,24515.0118129282,4.93212355159897,1.1962134908088
0.110054754889735,28,245455.950010168,9887.74887781496,12.4121249964638,1.2141887660503
0.110054754889735,29,251166.030748846,43942.7734468234,2.85787640432836,1.24243463210429
0.110054754889735,30,254011.947773502,13519.2757364619,9.39443623774996,1.25651243498626
0.110054754889735,31,254778.837795576,28573.2858931814,4.45833984141767,1.26030598429545
0.110054754889735,32,263822.657956792,16879.083078514,7.81507670557714,1.30504274802626
0.112054754889735,1,91678.1625698954,18075.2826394699,2.53600910144838,0.453501310845749
0.112054754889735,2,109762.588158772,23446.2212167895,2.34073088247101,0.54295893609206
0.112054754889735,3,128910.602250758,28363.5353706372,2.27247063115077,0.637677779133751
0.112054754889735,4,148643.099059271,32959.0549918861,2.25496603430931,0.735287863346529
0.112054754889735,5,152011.22447681,1691.35648796225,44.9376655834257,0.751948857078619
0.112054754889735,6,168555.362151309,37356.1176430677,2.25606102542335,0.833787191441808
0.112054754889735,7,178143.357234801,1.08675056750031,81961.4742160003,0.881215807121484
0.112054754889735,8,179822.763763581,175.604715472595,512.010065560124,0.889523271417179
0.112054754889735,9,182156.729360432,1323.72317044551,68.8046917314009,0.901068621236271
0.112054754889735,10,186458.786197635,3285.97041106728,28.3719514895256,0.922349462390967
0.112054754889735,11,188202.062084948,41112.2830618065,2.28887874947267,0.930972867113543
0.112054754889735,12,192466.949834073,5724.89617907047,16.8096454340699,0.952069845179213
0.112054754889735,13,199721.750473256,8343.6173301926,11.9685349033526,0.987956925674372
0.112054754889735,14,207767.619117926,42579.8930802788,2.43973861942545,1.02775715590334
0.112054754889735,15,207967.831976965,11382.4922139759,9.1354260590494,1.02874754217939
0.112054754889735,16,217824.968442762,15365.9656965709,7.08790364185741,1.07750751056353
0.112054754889735,17,218948.139031756,2642.40066605003,41.4297766884551,1.08306346107709
0.112054754889735,18,224968.129445495,113.194805874693,993.721079810563,1.11284234699038
0.112054754889735,19,226194.303168413,939.241429953198,120.413290957408,1.11890781967308
0.112054754889735,20,227844.680016499,41794.8920596004,2.72574791785068,1.12707168381495
0.112054754889735,21,228598.560602427,2307.89908412144,49.5252505135961,1.13080087978
0.112054754889735,22,229148.553572915,20048.3935256735,5.71488566601292,1.13352151167402
0.112054754889735,23,232442.564907802,4114.39703276495,28.2474640945865,1.14981588774393
0.112054754889735,24,234247.683403199,66325.1024554778,1.76590517564932,1.15874520723449
0.112054754889735,25,238233.207660308,6311.12164642346,18.8740782547993,1.17846026722632
0.112054754889735,26,241028.925948054,2574.97052331198,46.8022689514204,1.19228975368971
0.112054754889735,27,241549.182033149,24559.6021620827,4.91761186600314,1.19486328712398
0.112054754889735,28,245803.917472172,9872.77525772427,12.4485725166214,1.21591004509568
0.112054754889735,29,251199.823257855,43938.7156148067,2.85852487655789,1.24260179238219
0.112054754889735,30,254340.535652539,13480.9923694037,9.43330166960805,1.25813784969456
0.112054754889735,31,254531.817992838,28617.7798566994,4.44709231930953,1.25908405967124
0.112054754889735,32,264122.10730466,16826.9709734288,7.84817742069355,1.30652402413372
0.114054754889735,1,91762.9697478734,18059.6602986008,2.54055082517203,0.453920823686147
0.114054754889735,2,109836.402032028,23429.7919523417,2.34394744638461,0.543324068718432
0.114054754889735,3,128974.214749282,28347.0211778979,2.27491654131622,0.637992448959783
0.114054754889735,4,148699.114079354,32943.6638916048,2.25686970594136,0.735564950979206
0.114054754889735,5,151979.837197958,1694.67664439713,44.8403645912119,0.751793594672565
0.114054754889735,6,168604.64012644,37341.5674745017,2.2575999285725,0.834030953158791
0.114054754889735,7,178099.16105561,-1.25823210043187,70773.5722981797,0.880997183355086
0.114054754889735,8,179432.377638339,184.370494561818,486.608169232244,0.887592161384318
0.114054754889735,9,181785.019227785,1332.95441039797,68.1887609245057,0.899229895113444
0.114054754889735,10,186096.525687822,3301.39125334827,28.1845609027835,0.920557480402427
0.114054754889735,11,188246.884471574,41097.8707654681,2.29022673152384,0.931194588519386
0.114054754889735,12,192123.079013717,5749.69205762863,16.7072494568479,0.950368830854523
0.114054754889735,13,199400.640044408,8373.33271212609,11.9068862363274,0.986368499419674
0.114054754889735,14,207657.519326187,11412.487561657,9.09782018180952,1.02721252893354
0.114054754889735,15,207808.196115013,42566.4209507684,2.44098742005301,1.02795787678226
0.114054754889735,16,217516.369161226,15396.542654638,7.06380562313131,1.0759809727842
0.114054754889735,17,218890.353155571,2665.07077704291,41.0665178278016,1.08277761360956
0.114054754889735,18,225368.412835442,113.26345413629,994.885837422264,1.11482241549265
0.114054754889735,19,226564.044142087,937.93882227618,120.777623636616,1.12073680502286
0.114054754889735,20,227879.017778409,41784.8464671358,2.72681410900527,1.1272415412772
0.114054754889735,21,228850.657536379,20086.8492941251,5.69652946028005,1.13204791927995
0.114054754889735,22,228938.082283436,2294.63796031746,49.8854473434587,1.13248038036206
0.114054754889735,23,232780.851180616,4080.9826968624,28.520195804749,1.15148927717345
0.114054754889735,24,234289.028158163,66310.3625516763,1.76660946451303,1.15894972595572
0.114054754889735,25,238622.619681808,6256.95641080041,19.0685857480093,1.18038655869268
0.114054754889735,26,241006.922131094,2585.89257081419,46.6003353834632,1.19218090814181
0.114054754889735,27,241276.170447832,24604.471094492,4.90309605764792,1.19351278981528
0.114054754889735,28,246150.839061946,9857.31047129106,12.4856998153223,1.21762615055976
0.114054754889735,29,251234.261200516,43934.62117203,2.85918319651358,1.24277214540522
0.114054754889735,30,254284.796040217,28662.544785792,4.43583774470482,1.25786212441227
0.114054754889735,31,254668.976202938,13442.4003552564,9.47260048326688,1.2597625356172
0.114054754889735,32,264421.263536124,16775.4722274176,7.88118688855615,1.30800385029202
0.116054754889735,1,91849.0370142745,18043.7239115211,2.54517962768284,0.454346569763945
0.116054754889735,2,109911.458826718,23413.0671884102,2.34722469171244,0.54369534966283
0.116054754889735,3,129038.92474953,28330.2186101167,2.27740785423115,0.638312547761011
0.116054754889735,4,148756.106603309,32928.0090526373,2.25880809200328,0.7358468739977
0.116054754889735,5,151947.873830977,1698.0737704879,44.741246367441,0.751635482550566
0.116054754889735,6,168654.78155806,37326.7642050372,2.25916691615208,0.834278986107203
0.116054754889735,7,178039.092359673,-5.11761045949736,17394.7483663264,0.880700043539183
0.116054754889735,8,179051.245244102,196.800308440882,454.905906049147,0.885706826474158
0.116054754889735,9,181417.787601353,1341.21088225809,67.6320890328276,0.897413322668024
0.116054754889735,10,185735.750077334,3316.34960307704,28.0030413417514,0.918772843715881
0.116054754889735,11,188292.499515315,41083.2065491184,2.29159935812454,0.93142023093576
0.116054754889735,12,191779.96613207,5774.32643866841,16.606262926858,0.948671565799973
0.116054754889735,13,199080.122251663,8402.94168822489,11.8458588455181,0.984783004738228
0.116054754889735,14,207347.869809679,11442.2671086567,9.06061132119567,1.02568079599188
0.116054754889735,15,207849.503615398,42552.7177870054,2.44225885471962,1.0281622112175
0.116054754889735,16,217208.139299121,15427.1319446877,7.03980947586034,1.07445626239965
0.116054754889735,17,218828.49619239,2685.71726542407,40.7393024965042,1.08247162783169
0.116054754889735,18,225768.569971743,113.740341351004,992.47359068063,1.11680185946022
0.116054754889735,19,226932.88351829,938.255566061187,120.933406486976,1.12256133047048
0.116054754889735,20,227913.994150163,41774.6463198524,2.7278985488604,1.12741455772948
0.116054754889735,21,228552.880586606,20125.4517041976,5.67820499002604,1.13057491596841
0.116054754889735,22,229277.326812198,2281.07416673727,50.256438426144,1.13415850996434
0.116054754889735,23,233119.944962096,4045.66882102581,28.8110514324041,1.15316666107917
0.116054754889735,24,234331.101351835,66295.3665612909,1.76732638724603,1.15915784802041
0.116054754889735,25,239020.766390679,6205.67111842343,19.2582528004967,1.18235605774589
0.116054754889735,26,240979.272564196,2596.19661807359,46.4100582534087,1.19204413495089
0.116054754889735,27,241003.094772126,24649.6236125303,4.88857555312964,1.19216197547278
0.116054754889735,28,246496.797951874,9841.2868129453,12.5236060404027,1.2193374938686
0.116054754889735,29,251269.34492187,43930.4954059127,2.85985102831383,1.24294569288019
0.116054754889735,30,254037.77174655,28707.5932977145,4.42457452131271,1.25664017757293
0.116054754889735,31,254997.242981445,13403.5092469126,9.51233137098709,1.26138636194821
0.116054754889735,32,264720.137364298,16724.5893041275,7.91409978895467,1.3094822794954
0.118054754889735,1,91936.3393738151,18027.5020244969,2.54989125084791,0.454778425435805
0.118054754889735,2,109987.752967717,23396.047553863,2.35056269043949,0.544072751346974
0.118054754889735,3,129104.730445332,28313.1279197925,2.27994467462354,0.638638066602911
0.118054754889735,4,148814.075759709,32912.0909064967,2.26078124575084,0.736133628091361
0.118054754889735,5,151915.334124475,1701.5484665938,44.6403194228673,0.751474519469068
0.118054754889735,6,168705.786005147,37311.7079755359,2.26076203903292,0.83453128810546
0.118054754889735,7,177950.302613307,-10.120548138961,8791.53481461406,0.880260830260491
0.118054754889735,8,178690.975554742,213.469125638233,418.540561827125,0.883924692410793
0.118054754889735,9,181056.083886407,1347.73920798845,67.170296305559,0.895624094958095
0.118054754889735,10,185376.594723633,3330.71231920831,27.8283707744078,0.916996221899572
0.118054754889735,11,188338.907273734,41068.2905720371,2.29299667274162,0.931649794647405
0.118054754889735,12,191437.651541133,5798.77234518061,16.5067397153673,0.946978249623469
0.118054754889735,13,198760.219626635,8432.44035807509,11.7854506635376,0.983200553086422
0.118054754889735,14,207038.888094652,11471.8256988314,9.02379854480102,1.02415236644154
0.118054754889735,15,207891.542374768,42538.7841669017,2.44355294170023,1.02837016294718
0.118054754889735,16,216900.287987489,15457.7315631388,7.01591585743147,1.07293342457811
0.118054754889735,17,218762.796525839,2704.47720372487,40.4445628575713,1.08214663348115
0.118054754889735,18,226168.60848122,114.648450932371,986.357018528892,1.11878071662043
0.118054754889735,19,227300.654807926,940.164315985105,120.883472677731,1.12438057244988
0.118054754889735,20,227949.610889981,41764.2926892993,2.72900121385733,1.12759074186911
0.118054754889735,21,228255.240463454,20164.1941766117,5.6599147594057,1.12910258949255
0.118054754889735,22,229616.164686009,2266.9835990742,50.6435434247916,1.13583462798013
0.118054754889735,23,233459.85895592,4008.29171055411,29.1221143337952,1.15484810230195
0.118054754889735,24,234373.902871828,66280.1147258858,1.76805595344189,1.15936957287264
0.118054754889735,25,239428.149743706,6159.96916694844,19.4342003388886,1.18437124739886
0.118054754889735,26,240729.948800421,24695.063580355,4.87404999013493,1.19081081339942
0.118054754889735,27,240945.418354547,2603.46360388836,46.2740132020066,1.19187666946049
0.118054754889735,28,246841.882520506,9824.65398125765,12.5623702876154,1.22104451220144
0.118054754889735,29,251305.074220715,43926.3436388961,2.86052802717443,1.2431224338118
0.118054754889735,30,253790.749138186,28752.9318977731,4.41330209455686,1.25541823907023
0.118054754889735,31,255325.312039481,13364.3374729138,9.55248670414687,1.26300921022197
0.118054754889735,32,265018.736575818,16674.3314542454,7.9469074158395,1.31095935026171
0.120054754889735,1,92024.8563067912,18011.0294413844,2.55468063628122,0.455216289197594
0.120054754889735,2,110065.27852796,23378.7340243953,2.35396147655192,0.544456244451644
0.120054754889735,3,129171.629951659,28295.7493934876,2.2825271060216,0.638968996160875
0.120054754889735,4,148873.020642,32895.9098942742,2.26278922091637,0.736425208775758
0.120054754889735,5,151882.218104496,1705.10131297258,44.5375934406246,0.751310705556905
0.120054754889735,6,168757.653020333,37296.398922459,2.26238534947017,0.834787856940579
0.120054754889735,7,177805.808797298,-7.70490858424806,11538.4762098803,0.879546067517302
0.120054754889735,8,178377.074798449,227.18197802124,392.586322982389,0.882371930002995
0.120054754889735,9,180701.18366971,1351.39971778641,66.8570450664654,0.893868521886164
0.120054754889735,10,185019.204265114,3344.31661625422,27.6617356391848,0.915228330431432
0.120054754889735,11,188386.10780558,41053.1229951687,2.29441871971287,0.931883279944935
0.120054754889735,12,191096.176722032,5822.99877767341,16.4087426443171,0.945289087518317
0.120054754889735,13,198440.955319091,8461.82376656545,11.7256610863946,0.981621258978436
0.120054754889735,14,206730.57991546,11501.1582076085,8.98738093084831,1.02262726864848
0.120054754889735,15,207934.313149191,42524.6206990237,2.44486969820244,1.02858173571133
0.120054754889735,16,216592.824919486,15488.3389370361,6.99212568242433,1.07141250726839
0.120054754889735,17,218693.461549934,2721.4655092044,40.1793557203425,1.08180365646701
0.120054754889735,18,226568.538683128,116.020919120132,976.412445278644,1.12075903801921
0.120054754889735,19,227667.17064427,943.658614328121,120.630049462521,1.12619360412032
0.120054754889735,20,227957.755224383,20203.0691169173,5.64166151947429,1.12763102917662
0.120054754889735,21,227985.869959537,41753.7865402581,2.73012209012131,1.12777010339984
0.120054754889735,22,229954.485559195,2252.12594006686,51.052758966128,1.13750818856615
0.120054754889735,23,233800.624433813,3968.67053370847,29.4557865723539,1.15653375553259
0.120054754889735,24,234417.432530687,66264.607297035,1.76879817215167,1.15958489958513
0.120054754889735,25,239844.127133173,6123.38326859218,19.5842818106269,1.18642894888543
0.120054754889735,26,240456.725189889,24740.7943360431,4.85951909877819,1.18945926727265
0.120054754889735,27,240905.946654862,2604.45428213008,46.2488338358996,1.19168141611938
0.120054754889735,28,247186.183368655,9807.37586467518,12.6020551664072,1.22274765373028
0.120054754889735,29,251341.448295106,43922.1715466985,2.86121381803581,1.24330236423312
0.120054754889735,30,253543.733851708,28798.5603261033,4.40202098613058,1.25419633678645
0.120054754889735,31,255653.163148401,13324.9104109706,9.59305373407679,1.26463098037409
0.120054754889735,32,265317.06871031,16624.7157600927,7.97959714135981,1.312435099887
0.122054754889735,1,90501.3891427107,20.3165313810451,2227.28445730521,0.447680204959276
0.122054754889735,2,110144.029230029,23361.1280089479,2.3574210369431,0.544845797924543
0.122054754889735,3,129239.621307124,28278.0833576974,2.28515525031057,0.639305326732575
0.122054754889735,4,148932.940304094,32879.4664630774,2.26483207188506,0.736721611370918
0.122054754889735,5,151848.526125695,1708.73286905646,44.4330792938816,0.75114404256844
0.122054754889735,6,168810.382144321,37280.8371775354,2.26403690105493,0.835048690340576
0.122054754889735,7,177573.07422634,19.7935123491789,4485.63830142319,0.87839480717296
0.122054754889735,8,178140.343444754,222.216495776498,400.826101640818,0.881200898906717
0.122054754889735,9,180354.611962557,1350.51950815556,66.7723090534516,0.89215414717478
0.122054754889735,10,184663.731691752,3356.96424299534,27.504572334524,0.913469926101866
0.122054754889735,11,188434.101181374,41037.703980271,2.29586554442671,0.932120687177198
0.122054754889735,12,190755.584187112,5846.97029245879,16.3123442266452,0.943604289778914
0.122054754889735,13,198122.35308142,8491.08587280339,11.6664909558857,0.980045239909424
0.122054754889735,14,206422.95204104,11530.2594520856,8.95135763851797,1.02110553609635
0.122054754889735,15,207977.816724938,42510.2280295697,2.44620914030702,1.02879693339936
0.122054754889735,16,216285.760242603,15518.9508759183,6.96844013399858,1.06989356066674
0.122054754889735,17,218620.680249237,2736.77918876509,39.9412347818759,1.08144363163289
0.122054754889735,18,226968.375932606,117.901428827553,962.534458613635,1.12273689961329
0.122054754889735,19,227660.443081312,20242.0679167969,5.62344825679591,1.12616032510889
0.122054754889735,20,228022.773436198,41743.128897023,2.73126116155202,1.12795265259772
0.122054754889735,21,228032.216080908,948.749494724949,120.175144940139,1.12799936221356
0.122054754889735,22,230292.200844765,2236.24181488679,51.490898549454,1.1391787535121
0.122054754889735,23,234142.291516953,3926.603523056,29.8148629142375,1.15822386870386
0.122054754889735,24,234461.69018237,66248.8445345991,1.76955305280774,1.15980382743546
0.122054754889735,25,240183.415634558,24786.8189691908,4.84498264850156,1.18810729600561
0.122054754889735,26,240266.08042602,6099.61152178866,19.6951953061073,1.18851621117405
0.122054754889735,27,240863.422655714,2595.78118370265,46.3951707809486,1.19147106407027
0.122054754889735,28,247529.790407283,9789.42794384156,12.6427096571563,1.22444736321469
0.122054754889735,29,251378.465591162,43917.9848066606,2.86190801670205,1.24348547645761
0.122054754889735,30,253296.731817901,28844.473294423,4.39073248508364,1.25297450005922
0.122054754889735,31,255980.781109046,13285.2588394421,9.63401557330121,1.26625159721941
0.122054754889735,32,265615.143274387,16575.7655778045,8.01215310471251,1.3139095753973
0.124054754889735,1,91479.5796837714,24.7938924066636,1844.80069089889,0.452518987502389
0.124054754889735,2,110223.998468509,23343.2314327876,2.36094130296137,0.545241379090889
0.124054754889735,3,129308.702466213,28260.1301874398,2.28782920688179,0.639647048199534
0.124054754889735,4,148993.83376077,32862.7610722437,2.26690985327176,0.737022831003276
0.124054754889735,5,151814.258931982,1712.44366882151,44.3267891657013,0.750974534183539
0.124054754889735,6,168863.972909524,37265.0228669742,2.26571674881726,0.835313785992445
0.124054754889735,7,177252.413374614,57.774934976497,1533.99059165294,0.876808604826424
0.124054754889735,8,177978.430258069,215.8567856725,412.260447832526,0.880399968343246
0.124054754889735,9,180018.186074762,1342.73195617322,67.0342972203527,0.890489960449824
0.124054754889735,10,184310.336763225,3368.41471905059,27.3586170552025,0.911721799188754
0.124054754889735,11,188482.887468002,41022.033689223,2.29733719317674,0.932362016675052
0.124054754889735,12,190415.917346965,5870.64654207223,16.2176274778546,0.941924071142988
0.124054754889735,13,197804.437256134,8520.21950236608,11.6079425654001,0.978472616293678
0.124054754889735,14,206116.0122244,11559.1241063583,8.91572797073017,1.0195872071367
0.124054754889735,15,208022.053935256,42495.606803467,2.4475712853956,1.02901576013306
0.124054754889735,16,215979.104474468,15549.5635275365,6.94486067380585,1.06837663680037
0.124054754889735,17,218544.625621404,2750.50068632453,39.7281532609691,1.08106741474054
0.124054754889735,18,227363.322194873,20281.180931708,5.60527818770675,1.12469056712397
0.124054754889735,19,227368.143423522,120.344779645222,944.653121198134,1.12471441613502
0.124054754889735,20,228060.32359175,41732.320936558,2.73241840465152,1.12813840070052
0.124054754889735,21,228395.540242617,955.462484249922,119.520935676463,1.12979660573348
0.124054754889735,22,230629.247918797,2219.0501572894,51.965758223445,1.14084601303831
0.124054754889735,23,234484.92923033,3881.86301232581,30.2026280275459,1.15991878325937
0.124054754889735,24,234506.675696183,66232.8266342034,1.77032060696532,1.16002635577712
0.124054754889735,25,239910.011079076,24833.1405051713,4.83044041548261,1.18675485480449
0.124054754889735,26,240689.191434284,6090.99297413752,19.757795851699,1.19060920029493
0.124054754889735,27,240822.614633181,2575.44232413181,46.7536415738534,1.19126920038547
0.124054754889735,28,247872.790982228,9770.79499158901,12.6843717013613,1.22614407272542
0.124054754889735,29,251416.124127119,43913.7890854771,2.86261023431324,1.24367176068215
0.124054754889735,30,253049.748826909,28890.6616617807,4.37943844605102,1.25175275753044
0.124054754889735,31,256308.155996802,13245.4170545393,9.67535242346194,1.26787101166418
0.124054754889735,32,265912.973356445,16527.508586399,8.04455710811953,1.31538284153655
0.126054754889735,1,92471.9811018925,29.295970150287,1578.23722217622,0.457428066517362
0.126054754889735,2,110305.179350023,23325.0468339979,2.36452214083545,0.545642953851449
0.126054754889735,3,129378.871297164,28241.8903141392,2.29054907192936,0.63999415001664
0.126054754889735,4,149055.699982414,32845.7941906705,2.26902262002165,0.737328862579674
0.126054754889735,5,151779.417721878,1716.23421934807,44.2187365834989,0.750802186330892
0.126054754889735,6,168918.424836839,37248.9561049096,2.26742494958905,0.835583141526232
0.126054754889735,7,176885.206777305,83.8419570251487,1054.87284083939,0.874992156191735
0.126054754889735,8,177847.47747832,234.075122431233,379.894017850119,0.879752188592754
0.126054754889735,9,179694.158107815,1324.8371022374,67.8174538606842,0.888887102106658
0.126054754889735,10,183959.183642206,3378.37752703459,27.225966039929,0.909984761750111
0.126054754889735,11,188532.466762157,41006.1122976239,2.29883371281069,0.932607268916805
0.126054754889735,12,190077.22032813,5893.98177327476,16.1246868110453,0.940248649889817
0.126054754889735,13,197487.232751592,8549.2163116868,11.5500196480949,0.976903511344541
0.126054754889735,14,205809.769196065,11587.7466358936,8.88049142179893,1.01807232495654
0.126054754889735,15,208067.025551221,42480.7577448419,2.44895614622699,1.02923821972671
0.126054754889735,16,215672.868404163,15580.1723032489,6.9213890644582,1.06686178903926
0.126054754889735,17,218465.456797073,2762.70050770441,39.5383893744242,1.08067579295619
0.126054754889735,18,227066.410401494,20320.3975444998,5.58715472726946,1.12322184345272
0.126054754889735,19,227767.875725304,123.417569463105,922.753043655565,1.12669175858784
0.126054754889735,20,228098.522939652,41721.3636296884,2.73359381256346,1.12832736014148
0.126054754889735,21,228756.845871667,963.834595276346,118.670177950024,1.13158386424518
0.126054754889735,22,230965.596092938,2200.24603991506,52.4863110540708,1.14250981533974
0.126054754889735,23,234552.388874626,66216.5539100063,1.77110084279984,1.16025248363315
0.126054754889735,24,234828.625303856,3834.18875207388,30.6229870890992,1.16161893316974
0.126054754889735,25,239636.502082983,24879.7620111799,4.81589216921168,1.18540189697049
0.126054754889735,26,240789.211547061,2544.35306748226,47.3183566039699,1.1911039664528
0.126054754889735,27,241107.724771765,6096.98645465352,19.7726964431535,1.19267954520433
0.126054754889735,28,248215.268048608,9751.46923757049,12.7270702496955,1.22783819261378
0.126054754889735,29,251454.420827192,43909.5901256876,2.863320064107,1.24386120169184
0.126054754889735,30,252802.78972397,28937.1133817011,4.36814112018227,1.25053113316791
0.126054754889735,31,256635.283094723,13205.42142458,9.71704252531588,1.26948920037523
0.126054754889735,32,266210.577536453,16479.9762757785,8.07678885823752,1.31685499021366
0.128054754889735,1,93477.5565566899,33.7223419714969,1385.98850334446,0.462402313100426
0.128054754889735,2,110387.564739945,23306.5774743169,2.36816334061894,0.546050486913595
0.128054754889735,3,129450.125584263,28223.3642341604,2.2933149377632,0.64034662122349
0.128054754889735,4,149118.537890728,32828.5662989292,2.27117042719578,0.737639700766136
0.128054754889735,5,151744.004224614,1720.10499793506,44.1089364913128,0.750627007564425
0.128054754889735,6,168973.737442767,37232.6370052922,2.26916156138429,0.83585675455022
0.128054754889735,7,176500.258285913,99.7120967842562,885.049377047004,0.873087944320983
0.128054754889735,8,177715.324705383,279.666059578367,317.727730303262,0.879098472875961
0.128054754889735,9,179385.657341547,1292.7646462386,69.3806323770858,0.887361051649519
0.128054754889735,10,183610.437645802,3386.5031276925,27.109149279143,0.908259631554565
0.128054754889735,11,188582.839143372,40989.9399706237,2.3003551515143,0.932856444295881
0.128054754889735,12,189739.53774409,5916.92428701889,16.0336290055594,0.938578246707431
0.128054754889735,13,197170.765022617,8578.06673283643,11.4927273920508,0.975338050978546
0.128054754889735,14,205504.232624876,11616.1212297728,8.84564772353434,1.01656093738439
0.128054754889735,15,208112.732450412,42465.6815848875,2.45036373706143,1.02946431652137
0.128054754889735,16,215367.062977993,15610.7718797162,6.89802735692491,1.06534907153114
0.128054754889735,17,218383.320888858,2773.43927430326,39.3704890011915,1.08026949399688
0.128054754889735,18,226769.725022733,20359.7063172178,5.56908143687116,1.12175423977912
0.128054754889735,19,228137.374055342,41710.2582242783,2.73478736128455,1.12851954366043
0.128054754889735,20,228167.623464032,127.198785687298,896.893874541194,1.12866917740208
0.128054754889735,21,229115.776138506,973.910827879137,117.626670522519,1.13335937263181
0.128054754889735,22,231301.254553776,2179.49953312364,53.062928217809,1.14417020585934
0.128054754889735,23,234598.829557355,66200.0266174967,1.77189377062388,1.16048221021038
0.128054754889735,24,235173.485594875,3783.27872421947,31.0806449561013,1.16332484207598
0.128054754889735,25,239362.879176835,24926.6863841169,4.80133772071196,1.18404837566141
0.128054754889735,26,240767.61395992,2506.28238591435,48.0328185110078,1.1909971303884
0.128054754889735,27,241517.237126002,6114.24726224929,19.750365561529,1.19470526631662
0.128054754889735,28,248557.299232643,9731.44913771197,12.770826611497,1.22953010687081
0.128054754889735,29,251493.352389623,43905.3933712577,2.86403711570275,1.244053783154
0.128054754889735,30,252555.857815211,28983.8143869162,4.3568430028523,1.24930964332591
0.128054754889735,31,256962.162504784,13165.3085561742,9.75906342826558,1.271106163857
0.128054754889735,32,266507.979295175,16433.202494719,8.10882660822868,1.31832613758013
0.130054754889735,1,94495.2919137038,37.985771842727,1243.82482347527,0.467436710666455
0.130054754889735,2,110471.147349806,23287.827426324,2.37186460822301,0.546463942223708
0.130054754889735,3,129522.463016564,28204.5525283673,2.29612689097433,0.640704450388605
0.130054754889735,4,149182.346364715,32811.0778892308,2.2733533300605,0.737955340017456
0.130054754889735,5,151708.02078714,1724.05644814441,43.9974053490017,0.750449009493719
0.130054754889735,6,169029.91022613,37216.0656696603,2.27092664397259,0.836134622585258
0.130054754889735,7,176107.873958424,109.999707228027,800.492466736095,0.871146949847669
0.130054754889735,8,177566.299537447,353.115507906394,251.428067532674,0.878361295045236
0.130054754889735,9,179097.825192166,1241.93403815963,72.1044031684501,0.885937241950583
0.130054754889735,10,183264.261084243,3392.37259133294,27.011222404116,0.906547211496722
0.130054754889735,11,188634.004714458,40973.516886639,2.3019015579789,0.93310954332085
0.130054754889735,12,189402.914404102,5939.41585770715,15.9445742596326,0.936913083252293
0.130054754889735,13,196855.06004675,8606.75991959627,11.4360724526858,0.973776363697925
0.130054754889735,14,205199.413087961,11644.2417488871,8.81119687795785,1.01505309674178
0.130054754889735,15,208159.175492103,42450.3790787816,2.45179407121183,1.0296940547676
0.130054754889735,16,215061.699253321,15641.3562063755,6.87477787781793,1.06383853897309
0.130054754889735,17,218298.354688559,2782.76939474792,39.2232204185812,1.07984919452607
0.130054754889735,18,226473.282671146,20399.0950212743,5.55106200630362,1.12028783827994
0.130054754889735,19,228176.879838756,41699.0060915686,2.73599902282674,1.12871496560238
0.130054754889735,20,228567.459638116,131.780005003987,867.231184394023,1.13064703367655
0.130054754889735,21,229471.897975548,985.739651131957,116.395793611446,1.13512098865238
0.130054754889735,22,231636.282493588,2156.45639448096,53.7076203085805,1.14582747740162
0.130054754889735,23,234645.997580403,66183.2450290688,1.77269940056084,1.16071553469773
0.130054754889735,24,235519.632947542,3728.77624158271,31.5813577550008,1.16503711764717
0.130054754889735,25,239089.132847951,24973.9163457469,4.78677692232816,1.1826942438212
0.130054754889735,26,240759.715473369,2466.18067801552,48.8122621386976,1.19095805920826
0.130054754889735,27,241915.79648225,6138.31572207949,19.7053888587125,1.19667680659886
0.130054754889735,28,248898.955812599,9710.73819625608,12.8156557607825,1.23122016808632
0.130054754889735,29,251532.914478362,43901.2037812582,2.86476101807649,1.24424948361963
0.130054754889735,30,252308.955970934,29030.750564183,4.34554655094282,1.24808830220289
0.130054754889735,31,257288.798780633,13125.1148519716,9.80139228046388,1.27272192463486
0.130054754889735,32,266805.208727058,16387.2202880925,8.14064875056712,1.31979643250318
0.132054754889735,1,95524.2010718527,42.0133331940909,1136.83197463238,0.472526381302098
0.132054754889735,2,110555.919853813,23268.8017048204,2.37562555339733,0.54688328354353
0.132054754889735,3,129595.881194773,28185.455861243,2.29898501256772,0.641067625643477
0.132054754889735,4,149247.124226676,32793.3294706206,2.27557138350934,0.738275774507957
0.132054754889735,5,151671.470472217,1728.08897477249,43.8841612574334,0.750268207269235
0.132054754889735,6,169086.942679423,37199.2421935173,2.27272025865207,0.836416743120879
0.132054754889735,7,175711.806113253,117.206387347722,749.582894283568,0.869187734240226
0.132054754889735,8,177387.105478364,455.677834513749,194.640919573861,0.877474881766308
0.132054754889735,9,178839.988641254,1169.19984176667,76.479649694027,0.884661810478735
0.132054754889735,10,182920.808282354,3395.48548025413,26.9358843302524,0.904848264970042
0.132054754889735,11,188685.963582214,40956.8432212641,2.30347298207119,0.933366566520021
0.132054754889735,12,189067.394957753,5961.39111208772,15.8576573322279,0.935253380391016
0.132054754889735,13,196540.14429618,8635.2836891082,11.3800629702576,0.972218580451771
0.132054754889735,14,204895.322052632,11672.1016639644,8.77713919701415,1.01354885975369
0.132054754889735,15,208206.355547559,42434.851038951,2.4532471594686,1.02992743877526
0.132054754889735,16,214756.788290437,15671.9185083502,6.85164321700665,1.06233024607669
0.132054754889735,17,218210.686101319,2790.73635884325,39.095539320627,1.07941552724786
0.132054754889735,18,226177.099067457,20438.5508502596,5.53310018710511,1.11882271672035
0.132054754889735,19,228217.043469398,41687.6086053507,2.73722877258191,1.12891364169529
0.132054754889735,20,228967.488234204,137.264619230224,834.036802485034,1.13262584179853
0.132054754889735,21,229824.681192731,999.366881833094,114.985139777283,1.13686608963338
0.132054754889735,22,231970.801447078,2130.74171446714,54.4342845198133,1.14748223115821
0.132054754889735,23,234693.892779352,66166.2094006123,1.77351774346302,1.16095245628186
0.132054754889735,24,235867.204841484,3670.25132262122,32.1322961438282,1.16675643994921
0.132054754889735,25,238815.253860146,25021.454250769,4.77220970984944,1.18133945576152
0.132054754889735,26,240765.30191985,2428.56985986816,49.5693588845165,1.19098569349686
0.132054754889735,27,242303.584118352,6165.24880171455,19.6507547311771,1.19859506277211
0.132054754889735,28,249240.302491491,9689.34430825281,12.8615670246749,1.23290869632458
0.132054754889735,29,251573.101867398,43897.0263951699,2.86549138434443,1.2444482772374
0.132054754889735,30,252062.086220052,29077.9073629482,4.33425423421694,1.24686711983519
0.132054754889735,31,257615.199996904,13084.8752539272,9.84400672522979,1.27433652265135
0.132054754889735,32,267102.30057332,16342.0613876876,8.17223403574291,1.32126604683602
0.134054754889735,1,96563.3303353501,45.7469914883358,1055.40634688481,0.477666607392198
0.134054754889735,2,110641.875024669,23249.5063432291,2.37944568351859,0.54730847512203
0.134054754889735,3,129670.377627841,28166.0750099276,2.30188937546563,0.641436134665719
0.134054754889735,4,149312.87024801,32775.3215648228,2.27782464243258,0.738600998160158
0.134054754889735,5,151634.357168877,1732.2029393142,43.7692240693549,0.750084620128713
0.134054754889735,6,169144.834281005,37182.1666642257,2.27454246828151,0.836703113576703
0.134054754889735,7,175313.666890138,122.593143329407,715.022317435288,0.867218272216547
0.134054754889735,8,177161.514619414,582.058269074484,152.185377334398,0.876358958984036
0.134054754889735,9,178626.559990091,1079.31250959776,82.7501573463014,0.883606050084319
0.134054754889735,10,182580.220065323,3395.24530555588,26.8876330918644,0.903163488589799
0.134054754889735,11,188733.023465271,5982.77686887778,15.7730287792492,0.933599356074873
0.134054754889735,12,188738.715862522,40939.9191528939,2.30506947458371,0.933627514466608
0.134054754889735,13,196226.044703818,8663.62445664169,11.3247085954533,0.970664834468221
0.134054754889735,14,204591.971846193,11699.6940139993,8.74347532514043,1.01204828739917
0.134054754889735,15,208254.273526043,42419.0983138003,2.45472301161917,1.03016447304216
0.134054754889735,16,214452.341097528,15702.4513215982,6.82862620317619,1.06082424729577
0.134054754889735,17,218120.435432156,2797.3797985099,38.9865608431761,1.07896908727106
0.134054754889735,18,225881.188886235,20478.0605698304,5.5151997455027,1.11735894769058
0.134054754889735,19,228257.868276785,41676.0673890888,2.73847657152683,1.12911558840917
0.134054754889735,20,229367.856024391,143.765007167749,797.717958434619,1.13460632780065
0.134054754889735,21,230173.472696751,1014.82743018679,113.405228243773,1.13859144493993
0.134054754889735,22,232305.009580645,2101.9682065453,55.2589256243916,1.14913544739226
0.134054754889735,23,234742.514975761,66148.9200195353,1.77434880952279,1.1611929740801
0.134054754889735,24,236216.348946534,3607.17343375365,32.7425827014818,1.16848353945552
0.134054754889735,25,238541.233374082,25069.3019151274,4.75763613565444,1.17998396775712
0.134054754889735,26,240783.068711674,2396.94231860563,50.2271303824583,1.19107357989375
0.134054754889735,27,242681.880578246,6192.25104434865,19.5956106139891,1.20046636926039
0.134054754889735,28,249581.397337838,9667.2792183777,12.9085646385065,1.23459597883117
0.134054754889735,29,251613.908864175,43892.8654374316,2.86622787503866,1.24465013584812
0.134054754889735,30,251815.250420084,29125.270965001,4.32296837208284,1.24564610541135
0.134054754889735,31,257941.376839495,13044.6228269872,9.88688520398827,1.27595001076603
0.134054754889735,32,267399.295888526,16297.755432969,8.20356204841556,1.32273518366191
0.136054754889735,1,92776.8786352465,17875.2833726832,2.59511630391905,0.458936292982353
0.136054754889735,2,97611.7620002126,49.1435421159456,993.12908469148,0.482852849361052
0.136054754889735,3,110729.005922107,23229.9484782603,2.38332439750635,0.547739482628021
0.136054754889735,4,129745.949731703,28146.4108725591,2.30484004371223,0.641809964672825
0.136054754889735,5,149379.583141228,32757.0547134416,2.28011316108849,0.738931004605273
0.136054754889735,6,151596.685717617,1736.39865445393,43.6526155237352,0.749898272016478
0.136054754889735,7,169203.584499068,37164.8391601606,2.27639333739468,0.836993731322058
0.136054754889735,8,174914.253216027,126.832970644724,689.545676991141,0.865242505908613
0.136054754889735,9,176879.338966238,712.119860065329,124.19211209052,0.874963130086324
0.136054754889735,10,178466.746621828,992.577900854535,89.9006246603828,0.882815506622644
0.136054754889735,11,182242.618272009,3390.94131626181,26.8719805615678,0.901493485052205
0.136054754889735,12,188399.842884995,6003.4914397412,15.6908562938766,0.931951222804444
0.136054754889735,13,188792.261681226,40922.7448667614,2.30669108702149,0.93389238778313
0.136054754889735,14,195912.788624176,8691.76717462063,11.2700205083857,0.969115261060923
0.136054754889735,15,204289.375653601,11727.0113523779,8.71020627144601,1.01055144489982
0.136054754889735,16,208302.930341144,42403.1217680546,2.45622163717759,1.03040516208752
0.136054754889735,17,214148.368559917,15732.9464977559,6.80572989269563,1.05932059647639
0.136054754889735,18,218027.716558451,2802.73435138012,38.8955372190536,1.07851043790914
0.136054754889735,19,225585.565645827,20517.6107125512,5.4973644057841,1.11589659806136
0.136054754889735,20,228299.357919605,41664.3843143513,2.73974236841137,1.12932082384231
0.136054754889735,21,229768.768600675,151.395663847767,758.835368071421,1.13658950867801
0.136054754889735,22,230517.465738385,1032.13482515019,111.670229567557,1.14029306385254
0.136054754889735,23,232639.196840734,2069.75124684973,56.1997962786164,1.15078856037217
0.136054754889735,24,234791.863995555,66131.3771440392,1.77519261003865,1.16143708723134
0.136054754889735,25,236567.214153604,3538.87075100404,33.4241105141358,1.17021915267983
0.136054754889735,26,238267.062955839,25117.4603759593,4.74305641154492,1.17862773808821
0.136054754889735,27,240811.406755225,2373.88654580744,50.7209173876751,1.19121375874918
0.136054754889735,28,243052.28725658,6217.59181819331,19.5455326084115,1.20229864762922
0.136054754889735,29,249922.291912333,9644.55805138708,12.9566482248707,1.23628227065967
0.136054754889735,30,251568.450662009,29172.8287638622,4.3116910721671,1.24442526927474
0.136054754889735,31,251655.328928693,43888.7246042128,2.8669701751203,1.2448550271006
0.136054754889735,32,258267.342020287,13004.3884949888,9.93000717103349,1.27756245186036
0.138054754889735,1,92876.7375623184,17858.3401456259,2.60037430144556,0.459430261808268
0.138054754889735,2,98668.6170186869,52.1737747038147,945.576753635507,0.488080758852438
0.138054754889735,3,110817.306113478,23210.1364100287,2.38726098278329,0.548176274241339
0.138054754889735,4,129822.594836836,28126.4644882595,2.30783707086659,0.642189102459549
0.138054754889735,5,149447.26155998,32738.5294776728,2.28243699311389,0.739265787183366
0.138054754889735,6,151558.462066083,1740.6763748806,43.5343594746263,0.749709192353555
0.138054754889735,7,169263.192786686,37147.2597507779,2.27827293213925,0.837288593651474
0.138054754889735,8,174514.00245701,130.310521838571,669.608255706314,0.863262598820676
0.138054754889735,9,176551.40131294,823.442825956735,107.203193559802,0.873340931828012
0.138054754889735,10,178349.129632804,932.023262480115,95.6784754267919,0.882233694583605
0.138054754889735,11,181908.101276332,3381.72438127363,26.8957609738469,0.899838740980254
0.138054754889735,12,188067.894477007,6023.44389302986,15.6113261629807,0.930309184679593
0.138054754889735,13,188846.601170534,40905.3205468973,2.30833787201379,0.934161187123575
0.138054754889735,14,195600.403792645,8719.69525307364,11.216011461163,0.967569997427616
0.138054754889735,15,203987.547472164,11754.0457064836,8.67733342910364,1.00905840149564
0.138054754889735,16,208352.326941069,42386.922343429,2.45774304221651,1.03064951060182
0.138054754889735,17,213844.881414874,15763.3952924007,6.78295752432108,1.05781934673225
0.138054754889735,18,217932.637879379,2806.83033499774,38.8218402733549,1.07804011537666
0.138054754889735,19,225290.241659584,20557.1877225035,5.47959781028229,1.11443572874274
0.138054754889735,20,228341.516249284,41652.5614299075,2.74102610272281,1.12952936704646
0.138054754889735,21,230170.511632692,160.258553675848,718.122391452048,1.13857679754305
0.138054754889735,22,230855.665490587,1051.26987489041,109.798478489956,1.14196602529344
0.138054754889735,23,232973.758572356,2033.73316511964,57.2773662169811,1.15244352573792
0.138054754889735,24,234841.93965105,66113.581080481,1.77604915520439,1.1616847948072
0.138054754889735,25,236919.932315604,3464.46803439525,34.1928298895331,1.17196393185452
0.138054754889735,26,237992.734643345,25165.9297718942,4.72847092876218,1.17727072736908
0.138054754889735,27,240848.810186313,2361.45074354998,50.9959419742637,1.19139878105496
0.138054754889735,28,243416.335557134,6240.30534600214,19.5035596866329,1.20409947322262
0.138054754889735,29,250263.031578761,9621.19901553626,13.0058130579483,1.23796779620961
0.138054754889735,30,251321.689577351,29220.5696539603,4.30042419695417,1.24320462444263
0.138054754889735,31,251697.354916615,43884.6068097492,2.86771801337752,1.24506291565419
0.138054754889735,32,258593.109461507,12964.2011129373,9.97335305156022,1.27917391480292
0.140054754889735,1,92978.0292879309,17841.4499717989,2.60567469109564,0.459931318210965
0.140054754889735,2,99733.0566868952,54.8209860168749,909.624798213184,0.493346187077842
0.140054754889735,3,110906.76992256,23190.0795981943,2.39125461930704,0.548618821883597
0.140054754889735,4,129900.310189596,28106.2370581575,2.31088049817566,0.642573534404535
0.140054754889735,5,149515.904093007,32719.746440576,2.28479619126252,0.739605338913406
0.140054754889735,6,151519.693411081,1745.0362920986,43.4144820073806,0.74951741674015
0.140054754889735,7,169323.658584234,37129.428496174,2.28018132034651,0.83758769779668
0.140054754889735,8,174113.17427988,133.2594666577,653.286324217096,0.861279835437804
0.140054754889735,9,176197.588115538,910.28506591511,96.7815438883459,0.871590735878195
0.140054754889735,10,178253.431695218,904.33426829048,98.5550575409367,0.88176030878568
0.140054754889735,11,181576.742149977,3366.57300730781,26.9675931215259,0.898199617835222
0.140054754889735,12,187737.217105954,6042.53327874933,15.5346448621307,0.928673433950787
0.140054754889735,13,188901.734480448,40887.6463841066,2.31000988300804,0.934433913229951
0.140054754889735,14,195288.918272393,8747.39049667008,11.1626957974916,0.966029182387439
0.140054754889735,15,203686.502120204,11780.788537034,8.64485859668464,1.00756923048794
0.140054754889735,16,208402.464262355,42370.5009854552,2.45928723304328,1.03089752321778
0.140054754889735,17,213541.890200808,15793.7883611367,6.76031251394579,1.05632055019333
0.140054754889735,18,217835.303252153,2809.69434035111,38.7649467993255,1.07755863342065
0.140054754889735,19,224995.22793767,20596.7781833254,5.46190345730431,1.11297639419834
0.140054754889735,20,228384.34751004,41640.6012400366,2.74232768870845,1.12974123901633
0.140054754889735,21,230573.477251461,170.413810728176,676.510537104427,1.14057013413723
0.140054754889735,22,231186.855449883,1072.17327590113,107.812263486784,1.14360431162542
0.140054754889735,23,233309.203049906,1993.61888940581,58.5139928924537,1.15410285775353
0.140054754889735,24,234892.741787831,66095.5321036258,1.7769184566028,1.16193609604381
0.140054754889735,25,237274.579544017,3382.7900887495,35.0708399455742,1.17371825347774
0.140054754889735,26,237718.241115343,25214.7091326734,4.71388029630898,1.17591289938389
0.140054754889735,27,240894.053341398,2361.5144162565,51.0041462552803,1.19162258386212
0.140054754889735,28,243775.347295612,6259.91648637679,19.4711341458094,1.2058753846223
0.140054754889735,29,250603.656056231,9597.22307325785,13.0560503878734,1.23965275195816
0.140054754889735,30,251074.970453044,29268.4836819592,4.28916942164318,1.24198418717439
0.140054754889735,31,251739.978810912,43880.513869592,2.86847118015818,1.24527376185131
0.140054754889735,32,258918.693785678,12924.0876363803,10.0169041355322,1.28078447192649
0.142054754889735,1,93080.792925425,17824.6019357374,2.61102024216324,0.460439655671102
0.142054754889735,2,100804.283256003,57.0789225152724,883.025456805283,0.498645187839697
0.142054754889735,3,110997.39271983,23169.7886330529,2.39530438705613,0.549067102654092
0.142054754889735,4,129979.092963236,28085.7299638854,2.31397035310052,0.642963246524806
0.142054754889735,5,149585.509260642,32700.7062130486,2.28719080692135,0.739949652475974
0.142054754889735,6,151480.388410526,1749.47851998962,43.293011797431,0.749322988004067
0.142054754889735,7,169384.981321356,37111.3454460486,2.282118571632,0.837891040936309
0.142054754889735,8,173711.932515435,135.829250473475,639.449646927697,0.85929502617635
0.142054754889735,9,175830.792028142,977.317108746017,89.955854888158,0.869776317899208
0.142054754889735,10,178166.489890235,906.10509482724,98.3144730712527,0.881330236657029
0.142054754889735,11,181248.592314451,3344.24252659903,27.098601682273,0.896576369982151
0.142054754889735,12,187407.846449388,6060.64781322425,15.4610408181504,0.927044147102974
0.142054754889735,13,188957.661758231,40869.7225694594,2.3117071743892,0.934710566830718
0.142054754889735,14,194978.360397265,8774.83302513629,11.1100894933688,0.964492956098473
0.142054754889735,15,203386.255217394,11807.2306906596,8.6127840026996,1.00608400914204
0.142054754889735,16,208453.343300257,42353.8587115676,2.4608542130699,1.03114920485861
0.142054754889735,17,213239.405228087,15824.1158159742,6.73779842450423,1.0548242578616
0.142054754889735,18,217735.812754629,2811.34967704444,38.7244273689095,1.0770664870929
0.142054754889735,19,224700.53421789,20636.3689574256,5.44428466755621,1.11151864259783
0.142054754889735,20,228427.856022645,41628.5065120131,2.74364702414589,1.12995646112535
0.142054754889735,21,230978.19124693,181.82370803259,635.170720436331,1.14257211936815
0.142054754889735,22,231509.576061135,1094.75416150569,105.735873953073,1.14520070291575
0.142054754889735,23,233646.145581279,1949.22315341068,59.9331444356316,1.15576960014206
0.142054754889735,24,234944.270207799,66077.2304955197,1.77780052558142,1.16219098996125
0.142054754889735,25,237443.575606417,25263.796224215,4.69928536272055,1.17455422066641
0.142054754889735,26,237631.091224799,3292.2095766581,36.089909480492,1.17548179792534
0.142054754889735,27,240946.295723701,2376.13398206035,50.7013277750389,1.19188100951324
0.142054754889735,28,244130.413863778,6276.2474535687,19.4487562568111,1.20763178057949
0.142054754889735,29,250828.297782744,29316.5627349673,4.27792814680094,1.24076397969864
0.142054754889735,30,250944.199875323,9572.65373034108,13.1073476041414,1.2413373087166
0.142054754889735,31,251783.192565058,43876.4468617524,2.86922951348346,1.24548752588849
0.142054754889735,32,259244.109968151,12884.0731172555,10.060642609244,1.28239419730912
0.144054754889735,1,93185.0622920103,17807.7780715678,2.61641463402981,0.460955441471144
0.144054754889735,2,101881.539449944,58.9494295802521,864.143556395615,0.503974015145722
0.144054754889735,3,111089.171225456,23149.2751056608,2.39940928427367,0.549521100328587
0.144054754889735,4,130058.940264077,28064.9447943509,2.31710664704847,0.643358224506303
0.144054754889735,5,149656.075515376,32681.4094350311,2.28962089001829,0.740298720216061
0.144054754889735,6,151440.557386126,1754.0030841797,43.1699803586577,0.749125957203368
0.144054754889735,7,169447.160409164,37093.0106400153,2.28408475728265,0.838198620157331
0.144054754889735,8,173310.385651635,138.119670786521,627.392118243265,0.857308707690089
0.144054754889735,9,175457.099622367,1030.1669134064,85.1595490687001,0.867927786131974
0.144054754889735,10,178082.01396103,933.340092319508,95.4003880399408,0.880912362393897
0.144054754889735,11,180923.696068044,3313.18506378058,27.3035904401907,0.894969216549925
0.144054754889735,12,187079.814097219,6077.66402021214,15.3907663762803,0.925421480400909
0.144054754889735,13,189014.383167491,40851.5493010803,2.31342980133305,0.934991148735188
0.144054754889735,14,194668.758708725,8802.00119591225,11.0582101942415,0.962961459745826
0.144054754889735,15,203086.823158971,11833.3623670333,8.58111231870804,1.00460281855971
0.144054754889735,16,208504.965055518,42336.9965725136,2.46244398440495,1.03140456047463
0.144054754889735,17,212937.436581679,15854.367282127,6.71541893764909,1.05333051962404
0.144054754889735,18,217634.263432863,2811.81678544959,38.6999367382439,1.0765641564479
0.144054754889735,19,224406.168953191,20675.9473180894,5.42674455251821,1.11006251575512
0.144054754889735,20,228472.04634164,41616.2804978303,2.74498397752716,1.13017505590331
0.144054754889735,21,231385.324010565,194.251482994952,595.581872640268,1.14458606943893
0.144054754889735,22,231822.141934464,1118.93744627689,103.590304670658,1.14674686210248
0.144054754889735,23,233985.279716076,1900.5248494826,61.558069019665,1.15744718366219
0.144054754889735,24,234996.524720121,66058.6765769516,1.77869537279009,1.16244947561553
0.144054754889735,25,237168.731993888,25313.1874551492,4.68468722902068,1.17319466092976
0.144054754889735,26,237989.066682963,3190.40750492533,37.2975969865224,1.17725258319172
0.144054754889735,27,241005.253918498,2407.90473088893,50.0445991128406,1.19217265605017
0.144054754889735,28,244482.419242398,6289.29465231546,19.436394123496,1.2093730338524
0.144054754889735,29,250581.677448239,29364.800237915,4.26670155114311,1.23954403111062
0.144054754889735,30,251284.693276111,9547.51671128619,13.1596885805429,1.2430216160725
0.144054754889735,31,251826.987585934,43872.4056008208,2.86999292764132,1.24570416525842
0.144054754889735,32,259569.372550305,12844.1811037004,10.1045512537784,1.28400316288218
0.146054754889735,1,93290.8648297343,17790.9552767055,2.62186215913555,0.461478811357752
0.146054754889735,2,102964.106956223,60.4400708445913,851.786782488833,0.50932911574345
0.146054754889735,3,111182.103809288,23128.5514210464,2.40356825175215,0.549980806843279
0.146054754889735,4,130139.849150032,28043.8833681806,2.32028937364811,0.643758453795494
0.146054754889735,5,149727.601235271,32661.8567776279,2.2920864887545,0.740652534110473
0.146054754889735,6,151400.212572484,1758.6099058129,43.0454224305365,0.748926384858555
0.146054754889735,7,169510.195241568,37074.4241103624,2.28607995011566,0.838510432461622
0.146054754889735,8,172908.60841917,140.199852489946,616.650464848278,0.855321249646826
0.146054754889735,9,175079.319664658,1073.00649374795,81.5835321989132,0.86605903460784
0.146054754889735,10,177997.000673056,983.981197365097,90.4473587247887,0.880491829996051
0.146054754889735,11,180602.127478255,3271.41759841093,27.6030378338096,0.893378523925769
0.146054754889735,12,186753.146544312,6093.44581672723,15.3241000380813,0.923805564905862
0.146054754889735,13,189071.898884284,40833.126775204,2.31517782026796,0.935275659814258
0.146054754889735,14,194360.141880485,8828.87153024849,11.0070772473351,0.961434835168799
0.146054754889735,15,202788.223129274,11859.173077149,8.54984668028915,1.00312574374614
0.146054754889735,16,208557.330535212,42319.9156794371,2.46405654627223,1.03166359504751
0.146054754889735,17,212635.994089333,15884.5318990641,6.69317784875555,1.05183938409523
0.146054754889735,18,217530.74993199,2811.11357287055,38.6912062236355,1.07605210966358
0.146054754889735,19,224112.139361744,20715.5011236561,5.40928597440056,1.1086080493761
0.146054754889735,20,228516.923337293,41603.9268710318,2.74633839307613,1.13039704744181
0.146054754889735,21,231795.636624133,207.09901605953,559.625151858528,1.14661574916738
0.146054754889735,22,232122.754533287,1144.77805107939,101.383300594566,1.14823389242466
0.146054754889735,23,234327.316889397,1847.7165126053,63.4099753102801,1.15913912754622
0.146054754889735,24,235049.505139524,66039.8706193972,1.77960301053713,1.16271155209018
0.146054754889735,25,236893.7048411,25362.8775940851,4.67008729514875,1.17183419328064
0.146054754889735,26,238347.301335834,3074.02102000246,38.768001224605,1.17902465060792
0.146054754889735,27,241071.635257264,2460.3870169715,48.9905924544343,1.19250102240593
0.146054754889735,28,244832.074981066,6299.15321925435,19.4337291425694,1.21110266423967
0.146054754889735,29,250335.116256001,29413.1915671193,4.25549052853972,1.23832437507968
0.146054754889735,30,251625.162380262,9521.83961060607,13.2130540247698,1.24470580324103
0.146054754889735,31,251871.354775177,43868.3887896095,2.87076140387945,1.24592363495454
0.146054754889735,32,259894.496143088,12804.4343224618,10.1486129569651,1.28561144092114
0.148054754889735,1,93398.2211965719,17774.1072447149,2.62736743709994,0.462009867519042
0.148054754889735,2,104051.304054871,61.5619309553003,845.094544958491,0.514707117391429
0.148054754889735,3,111276.190757855,23107.6305145198,2.40778020680083,0.550446223615524
0.148054754889735,4,130221.816652874,28022.5477607161,2.32351850668318,0.644163919709552
0.148054754889735,5,149800.084717752,32642.0489521111,2.29458764885628,0.741011085737148
0.148054754889735,6,151359.368401817,1763.29878204883,42.9193764388436,0.748724342360986
0.148054754889735,7,169574.085202408,37055.5858750976,2.28810422501466,0.838826474801247
0.148054754889735,8,172506.654015775,142.119200378682,606.908333132061,0.853332915198032
0.148054754889735,9,174698.860906489,1108.66933301073,78.7876311289649,0.864177031950766
0.148054754889735,10,177909.758174921,1058.0079008043,84.0777077560922,0.880060270438612
0.148054754889735,11,180284.077237831,3216.29477585564,28.0266719629064,0.891805235403139
0.148054754889735,12,186427.864067873,6107.84353196488,15.2613490417869,0.922196500922413
0.148054754889735,13,189130.209085496,40814.4551956172,2.316951288202,0.935564100942921
0.148054754889735,14,194052.538640363,8855.41863288053,10.9567117425617,0.959913224474329
0.148054754889735,15,202490.473070442,11884.6516056622,8.51899070284776,1.00165287345512
0.148054754889735,16,208610.440787084,42302.6171911333,2.4656918961365,1.03192631376011
0.148054754889735,17,212335.087343596,15914.5984002262,6.67107903082802,1.05035089872632
0.148054754889735,18,217425.365073356,2809.25568320476,38.6980377708661,1.0755308058962
0.148054754889735,19,223818.451487232,20755.0188740165,5.39191153826011,1.10715527335684
0.148054754889735,20,228562.491873204,41591.4499475729,2.74771007215801,1.13062245979945
0.148054754889735,21,232209.760355887,219.216868107173,529.634791247822,1.14866428122712
0.148054754889735,22,232409.812596237,1172.62867269722,99.0977868815282,1.14965387297605
0.148054754889735,23,234672.893706826,1791.2287852851,65.5061194959176,1.16084858086977
0.148054754889735,24,235103.211269524,66020.8129487877,1.78052344986947,1.16297721841325
0.148054754889735,25,236618.489490877,25412.8597883813,4.65548725057418,1.17047279468154
0.148054754889735,26,238702.639755258,2938.28455851307,40.6193877757119,1.18078239132268
0.148054754889735,27,241148.25345162,2538.50795515691,47.4980298883313,1.19288002707401
0.148054754889735,28,245179.95329103,6305.97176200123,19.4402990169132,1.21282350227963
0.148054754889735,29,250088.622396393,29461.733164326,4.24429582946625,1.23710505212082
0.148054754889735,30,251916.28536385,43864.3935595542,2.87153503013584,1.24614589159984
0.148054754889735,31,251965.630196929,9495.65171967733,13.2674216386219,1.24638998404081
0.148054754889735,32,260219.494846721,12764.8543102859,10.192810999693,1.28721910117511
0.150054754889735,1,93507.145400175,17757.2062585087,2.63293515992611,0.462548679246199
0.150054754889735,2,105142.482579236,62.3277970889966,843.463811412308,0.520104813825288
0.150054754889735,3,111371.434516175,23086.5254565724,2.41204408878404,0.550917362740014
0.150054754889735,4,130304.83979205,28000.9403315297,2.3267939977952,0.644574607504673
0.150054754889735,5,149873.524185366,32621.986710961,2.29712441356321,0.741374366303611
0.150054754889735,6,151318.04182894,1768.06936287176,42.7918850375768,0.748519913580489
0.150054754889735,7,169638.82964882,37036.4959464705,2.29015765819211,0.839146743996165
0.150054754889735,8,172104.561383251,143.914002834866,597.942375283424,0.851343896975813
0.150054754889735,9,174316.50950622,1139.0743336124,76.5167401118598,0.862285667024103
0.150054754889735,10,177818.91131027,1157.41708456151,76.8171274133377,0.87961088128147
0.150054754889735,11,179970.064023379,3144.0997509314,28.6202853408302,0.890251916702316
0.150054754889735,12,186103.979488553,6120.69282972069,15.202852411158,0.920594351870045
0.150054754889735,13,189189.313973365,40795.534767662,2.31875026336623,0.935856473121578
0.150054754889735,14,193745.977679196,8881.61511603042,10.907136548256,0.958396769586423
0.150054754889735,15,202193.591681915,11909.7859684299,8.48854850195812,1.00018430018654
0.150054754889735,16,208664.296831811,42285.1023109278,2.4673500290655,1.03219272166136
0.150054754889735,17,212034.725667866,15944.5551239463,6.64912642653233,1.04886510963704
0.150054754889735,18,217318.200444632,2806.25671277274,38.7202994393748,1.07500069819945
0.150054754889735,19,223525.110290604,20794.4898324419,5.37462356835219,1.10570421223752
0.150054754889735,20,228608.757177818,41578.8546440598,2.74909878031571,1.13085131883961
0.150054754889735,21,232627.712022437,228.886574384789,508.172470682704,1.15073174880432
0.150054754889735,22,232682.5027807,1203.18296918689,96.6945629798712,1.15100278042186
0.150054754889735,23,235022.461461689,1731.7081621657,67.8585649119327,1.16257777603049
0.150054754889735,24,235157.642939466,66001.5038515167,1.78145670338436,1.16324647374056
0.150054754889735,25,236343.081992924,25463.1252660772,4.64088911952586,1.16911044559166
0.150054754889735,26,239047.361724193,2777.54843526988,43.0320779808412,1.18248761599568
0.150054754889735,27,241242.61789569,2648.06667912384,45.5507068227431,1.19334681652401
0.150054754889735,28,245526.51547079,6309.92524453302,19.4555803718528,1.21453782986218
0.150054754889735,29,249842.205144554,29510.4237249037,4.23311788867526,1.23588610811506
0.150054754889735,30,251961.770054239,43860.4156684376,2.87231397849649,1.24637088920164
0.150054754889735,31,252306.116854683,9468.98371805503,13.3227664323467,1.24807425804116
0.150054754889735,32,260544.382904555,12725.4620976753,10.2371285578757,1.2888262141012
0.152054754889735,1,93617.6453024824,17740.2246719055,2.63856988944287,0.463095285429613
0.152054754889735,2,106237.024441761,62.7507904804849,846.499491307603,0.52551914757191
0.152054754889735,3,111467.839842684,23065.2490255629,2.41635890683741,0.551394247755142
0.152054754889735,4,130388.915616385,27979.0637399462,2.33011577564382,0.644990502582386
0.152054754889735,5,149947.917773445,32601.6708565177,2.29969682280054,0.741742366585976
0.152054754889735,6,151276.252705155,1772.92112212593,42.66299578059,0.748313196714832
0.152054754889735,7,169704.427922956,37017.1543217025,2.29224032793171,0.839471236792225
0.152054754889735,8,171702.35972432,145.611566952714,589.590385288824,0.849354339436302
0.152054754889735,9,173932.750060726,1165.54601327924,74.6142786638553,0.860387336967059
0.152054754889735,10,177722.514061507,1286.66752099037,69.0631072760394,0.879134036224252
0.152054754889735,11,179661.498004578,3049.27673445873,29.4596905512529,0.888725543462646
0.152054754889735,12,185781.496806429,6131.81350136351,15.1489846164693,0.918999137535803
0.152054754889735,13,189249.213747178,40776.3657079954,2.32057480431698,0.936152777336042
0.152054754889735,14,193440.487552768,8907.43152635119,10.8583763445448,0.956885611761027
0.152054754889735,15,201897.598427331,11934.5633813923,8.45852470573489,0.998720120220532
0.152054754889735,16,208718.899772507,42267.3722799735,2.46903093939671,1.032462824208
0.152054754889735,17,211734.918147689,15974.3900195553,6.62732404456417,1.04738206177057
0.152054754889735,18,217209.346860672,2802.12850090764,38.7579204148409,1.07446223580412
0.152054754889735,19,223232.119700265,20833.9040680137,5.35742410475513,1.10425488545064
0.152054754889735,20,228655.724185617,41566.1466498001,2.75050422778024,1.13108364897152
0.152054754889735,21,232941.421730236,1237.02766319957,94.153683324968,1.1522835661589
0.152054754889735,22,233048.362384123,234.351058640672,497.220630740681,1.15281256592679
0.152054754889735,23,235212.799951831,65981.9436541449,1.78240278268201,1.16351931709506
0.152054754889735,24,235376.189207373,1669.9387750715,70.4744966465297,1.16432754927914
0.152054754889735,25,236067.479289227,25513.6633114264,4.62629526006764,1.16774713088404
0.152054754889735,26,239365.533287353,2590.18930134075,46.2061852319926,1.18406150466144
0.152054754889735,27,241370.565522456,2790.83557187935,43.2434228577495,1.19397973078441
0.152054754889735,28,245872.134639509,6311.1990727154,19.4790349509386,1.21624749268344
0.152054754889735,29,249595.874686809,29559.2634967541,4.22195692924178,1.23466759345075
0.152054754889735,30,252007.800388167,43856.4493726711,2.87309852932604,1.24659858592013
0.152054754889735,31,252646.640304215,9441.86699061711,13.3790616069514,1.24975871403818
0.152054754889735,32,260869.173623018,12686.2787408992,10.2815482361271,1.29043284552186
0.154054754889735,1,93729.7234275762,17723.1360095069,2.6442759164433,0.463649698555077
0.154054754889735,2,107334.337976766,62.8435192441089,853.980961504057,0.530947191858401
0.154054754889735,3,111565.41380575,23043.8131641743,2.42072379711875,0.551876913625777
0.154054754889735,4,130474.041236201,27956.9209859813,2.33348374274882,0.645411590648408
0.154054754889735,5,150023.263532457,32581.1022460358,2.30230491282274,0.742115076940552
0.154054754889735,6,151234.024212423,1777.85331960072,42.5327619959075,0.748104306437453
0.154054754889735,7,169770.879348588,36997.5609892132,2.29435231417127,0.83979994984435
0.154054754889735,8,171300.07140779,147.232894548222,581.731656955523,0.847364353230535
0.154054754889735,9,173547.906789574,1189.02056850306,72.9793543471102,0.858483645585759
0.154054754889735,10,177616.196125594,1453.90024485016,61.0826625673688,0.878608116834607
0.154054754889735,11,179362.391826148,2923.00343822703,30.6811804393466,0.887245964900012
0.154054754889735,12,185460.409700108,6141.0080723425,15.1001600645481,0.917410826649865
0.154054754889735,13,189309.908620619,40756.9482273706,2.32242497113028,0.936453014643327
0.154054754889735,14,193136.096574374,8932.83626862187,10.8104576624111,0.955379891054572
0.154054754889735,15,201602.513514659,11958.9702264766,8.42892446827569,0.997260433519179
0.154054754889735,16,208774.250678364,42249.4284545983,2.47073461482106,1.03273662668897
0.154054754889735,17,211435.673657349,16004.0906844151,6.60567594331509,1.04590179902502
0.154054754889735,18,217098.894867308,2796.88125009418,38.8108888891864,1.07391586661029
0.154054754889735,19,222939.48272226,20873.2524406161,5.34031491633892,1.10280730786611
0.154054754889735,20,228703.398010711,41553.3321347297,2.75192609426819,1.13131947549298
0.154054754889735,21,233188.452156594,1273.76229392997,91.535309715101,1.15350554333462
0.154054754889735,22,233469.600278481,234.818244521644,497.128323129427,1.15489628937755
0.154054754889735,23,235268.682097276,65962.1326590425,1.78336170021501,1.16379574744119
0.154054754889735,24,235733.914452806,1606.72473733058,73.3585252581771,1.16609709682655
0.154054754889735,25,235791.679217659,25564.4611864435,4.61170836924769,1.16638283986335
0.154054754889735,26,239637.931305782,2390.52526785992,50.1224426546877,1.18540896685927
0.154054754889735,27,241551.326892708,2952.64881150602,40.9041749143039,1.19487389702926
0.154054754889735,28,246217.113558864,6309.97950170131,19.5101357692587,1.21795398840452
0.154054754889735,29,249349.642287697,29608.2539929097,4.21081301091595,1.23344956384981
0.154054754889735,30,252054.368175946,43852.4877259518,2.87388904537314,1.24682894124368
0.154054754889735,31,252987.216563553,9414.3339469701,13.4362780196986,1.25144343126771
0.154054754889735,32,261193.881181304,12647.3244379539,10.3260528526285,1.29203906557685
0.156054754889735,1,93843.37784807,17705.9157922556,2.65005716024913,0.464211909088453
0.156054754889735,2,108433.85423222,62.6176262049064,865.841303831824,0.536386132268715
0.156054754889735,3,111664.165715427,23022.2284492193,2.42513807822139,0.552365406405644
0.156054754889735,4,130560.213869823,27934.5154137377,2.3368977756746,0.645837857942724
0.156054754889735,5,150099.559419891,32560.2818002474,2.30494871544309,0.742492487263726
0.156054754889735,6,151191.383376279,1782.86495535645,42.4012438300611,0.747893376434662
0.156054754889735,7,169838.183227149,36977.7159320729,2.29649369824704,0.840132879696964
0.156054754889735,8,170897.713895291,148.794464998266,574.274432510922,0.845374024735371
0.156054754889735,9,173162.210798832,1210.17536567632,71.5442636291219,0.856575736084887
0.156054754889735,10,177487.174333731,1672.54313062875,53.0590724638022,0.877969889037522
0.156054754889735,11,179085.28181778,2751.45703966619,32.5437176078,0.885875194058616
0.156054754889735,12,185140.699869243,6148.06014327568,15.0568387064119,0.91582932868652
0.156054754889735,13,189371.398813057,40737.2825383937,2.32430082485963,0.936757186128589
0.156054754889735,14,192832.832700784,8957.79553623764,10.7634089168871,0.953879745759877
0.156054754889735,15,201308.357892355,11982.992007953,8.39975349056182,0.995805343707516
0.156054754889735,16,208830.350670578,42231.2722411519,2.47246104116993,1.03301413465046
0.156054754889735,17,211137.000843931,16033.6443945491,6.58418621644466,1.04442436417464
0.156054754889735,18,216986.93518295,2790.52371007583,38.8792495113853,1.07336203937166
0.156054754889735,19,222647.201563607,20912.5266377728,5.32329750058645,1.10136149040131
0.156054754889735,20,228751.783564837,41540.4181584541,2.75336399711088,1.13155882270073
0.156054754889735,21,233425.672419697,1311.6981454585,88.9784258778923,1.15467899290277
0.156054754889735,22,233889.39732047,230.888449899998,506.498695412811,1.15697288541193
0.156054754889735,23,235325.289160123,65942.071173745,1.7843334685385,1.16407576371207
0.156054754889735,24,235515.68048983,25615.5039074048,4.59713151342202,1.16501756615636
0.156054754889735,25,236095.156883457,1542.77138825212,76.5165722806607,1.16788404271683
0.156054754889735,26,239863.281662894,2206.51969325109,54.3533063395138,1.18652369995911
0.156054754889735,27,241786.285250267,3105.69642733911,38.9262587163781,1.19603615770466
0.156054754889735,28,246561.698682423,6306.44851229513,19.5483795833522,1.21965853614905
0.156054754889735,29,249103.519668522,29657.3990784637,4.19968586944317,1.23223207729362
0.156054754889735,30,252101.465860576,43848.521947369,2.8746860175033,1.24706191779032
0.156054754889735,31,253327.860279584,9386.41707937861,13.4943854581175,1.25312848218301
0.156054754889735,32,261518.519163585,12608.61971993,10.3706244209353,1.29364494146253
0.158054754889735,1,93958.6031365474,17688.5420146939,2.65591712020402,0.464781890182121
0.158054754889735,2,109535.023346258,62.0837427741346,882.155444016599,0.54183324881949
0.158054754889735,3,111764.106865543,23000.5035278158,2.42960130699704,0.552859781961551
0.158054754889735,4,130647.43088713,27911.8507468267,2.3403577224628,0.646269291455003
0.158054754889735,5,150176.803309158,32539.2105052253,2.30762825799111,0.742874587035969
0.158054754889735,6,151148.361622952,1787.95471856129,42.2685093906003,0.747680562161535
0.158054754889735,7,169906.338834168,36957.619117593,2.29866456350386,0.84047002276635
0.158054754889735,8,170495.301053589,150.309453852861,567.147630050228,0.843383422545086
0.158054754889735,9,172775.834863045,1229.5112262738,70.2619997162065,0.85466446312253
0.158054754889735,10,177296.359660805,1952.03720041475,45.4131610870775,0.877025992455451
0.158054754889735,11,178869.086911259,2525.00656694465,35.4195290524921,0.884805749921029
0.158054754889735,12,184822.335184945,6152.73235852408,15.0195331452123,0.914254484714863
0.158054754889735,13,189433.684565191,40717.3688755488,2.32620242658837,0.937065292982477
0.158054754889735,14,192530.723408294,8982.27324939017,10.7172604341204,0.952385311793029
0.158054754889735,15,201015.15325732,12006.6133106462,8.37101804049446,0.994354958112878
0.158054754889735,16,208887.200834019,42212.9050473134,2.47421020420051,1.03329535345895
0.158054754889735,17,210838.908113529,16063.0380858415,6.5628589992378,1.04294979880159
0.158054754889735,18,216873.559157942,2783.06336469099,38.9631012195839,1.07280120596795
0.158054754889735,19,222355.277690923,20951.7192040659,5.30637308387975,1.0999174403111
0.158054754889735,20,228800.885591527,41527.4129247214,2.75481747449913,1.13180171405942
0.158054754889735,21,233654.442015986,1348.59263300815,86.6289924388802,1.15581063983908
0.158054754889735,22,234306.645077178,223.910963815709,523.213872791921,1.15903687098177
0.158054754889735,23,235239.482963835,25666.7742675906,4.58256811922159,1.1636513090611
0.158054754889735,24,235382.620961357,65921.7595745056,1.78531809891486,1.16435936502218
0.158054754889735,25,236459.180277001,1478.60518364675,79.9602161862478,1.16968474510357
0.158054754889735,26,240059.336303658,2054.59502389561,58.420110413899,1.18749351691543
0.158054754889735,27,242057.903565714,3233.70273015379,37.4273586295611,1.19737976297173
0.158054754889735,28,246906.091105426,6300.78045569902,19.5932942626259,1.22136213066817
0.158054754889735,29,248857.519116083,29706.7035557689,4.18857512495284,1.23101519456089
0.158054754889735,30,252149.086900551,43844.5411493028,2.87549008714578,1.24729748320139
0.158054754889735,31,253668.584631665,9358.14921800683,13.553352202568,1.25481393197797
0.158054754889735,32,261843.10232308,12570.1849404692,10.4152446269938,1.29525054615817
0.160054754889735,1,94075.3911863195,17670.9953182279,2.66185886794049,0.465359601734994
0.160054754889735,2,110637.311173611,61.2516476088638,903.137429707281,0.547285899272128
0.160054754889735,3,111865.250105235,22978.6446721876,2.43411331915132,0.553360103853894
0.160054754889735,4,130735.689884205,27888.9310876178,2.34386340361122,0.646705879293868
0.160054754889735,5,150254.992978867,32517.8894276731,2.31034356201172,0.743261365268795
0.160054754889735,6,151104.995479186,1793.12091094384,42.134636475699,0.747466044303705
0.160054754889735,7,169975.345419614,36937.2705084119,2.3008649946252,0.840811375342355
0.160054754889735,8,170092.844069885,151.788585561644,560.29524038488,0.84139260199903
0.160054754889735,9,172388.912866849,1247.40582890566,69.0989687847157,0.852750488981345
0.160054754889735,10,176990.492779428,2239.14739014938,39.5218496017853,0.875512970948903
0.160054754889735,11,178766.955010873,2296.85059286461,38.9156690396471,0.884300537453786
0.160054754889735,12,184505.267596193,6154.76384869007,14.988817778562,0.912686057042499
0.160054754889735,13,189496.766117764,40697.2074594212,2.32812983921205,0.937377336395871
0.160054754889735,14,192229.795557103,9006.23098899466,10.6720444874222,0.950896722022469
0.160054754889735,15,200722.9220523,12029.8177893574,8.34272495090812,0.992909387752045
0.160054754889735,16,208944.802324243,42194.3284346643,2.47598208190211,1.03358028883059
0.160054754889735,17,210541.403721015,16092.2583500707,6.54169847205101,1.04147814373995
0.160054754889735,18,216758.859160421,2774.50652674169,39.0625967304854,1.07223382331355
0.160054754889735,19,222063.711935628,20990.8234010521,5.28954266568926,1.09847516170824
0.160054754889735,20,228850.708342886,41514.3250107543,2.75628603239487,1.13204817060281
0.160054754889735,21,233875.354328149,1382.48863144698,84.5849105042418,1.15690341940991
0.160054754889735,22,234721.106601541,215.183407439417,545.397782744065,1.16108707398896
0.160054754889735,23,234963.08745734,25718.2527149735,4.56802198153495,1.16228407262231
0.160054754889735,24,235440.677285084,65901.1981407205,1.78631560523635,1.16464655030355
0.160054754889735,25,236825.069271862,1414.55064809115,83.7103533872907,1.17149467599815
0.160054754889735,26,240242.659937971,1935.50108465047,62.0621351863918,1.1884003578265
0.160054754889735,27,242349.947628959,3336.04381906852,36.3229562878805,1.19882440760459
0.160054754889735,28,247250.455134099,6293.14094601067,19.6444396570233,1.22306558473001
0.160054754889735,29,248611.653229702,29756.1749636374,4.17748002781792,1.22979897797626
0.160054754889735,30,252197.226095423,43840.5343922707,2.87630191546988,1.24753561175202
0.160054754889735,31,254009.402013829,9329.56287820528,13.6131459388745,1.25649984196174
0.160054754889735,32,262167.645159399,12532.0401519965,10.4598948766388,1.2968559513885
0.162054754889735,1,94193.7319982426,17653.2590943652,2.66788504872477,0.46594499428464
0.162054754889735,2,111740.196019165,60.1305685323626,929.1463455815,0.552741502974804
0.162054754889735,3,111967.60935493,22956.6553988425,2.43867426264053,0.553866440942386
0.162054754889735,4,130824.988737773,27865.760913054,2.34741461297198,0.647147610956185
0.162054754889735,5,150334.126104505,32496.3197289933,2.31309464207382,0.743652810463617
0.162054754889735,6,151061.327365894,1798.36135948078,41.99971450941,0.747250032703289
0.162054754889735,7,169690.352103603,153.240742617681,553.672441169781,0.839401608405823
0.162054754889735,8,170045.202217225,36916.6700583681,2.30309507802803,0.841156933634538
0.162054754889735,9,172001.551462118,1264.14917461609,68.0305595715603,0.850834341232611
0.162054754889735,10,176612.832379772,2457.17732155,35.9381536755279,0.873644810838604
0.162054754889735,11,178735.564993414,2143.76983482241,41.6872096271985,0.884145261500752
0.162054754889735,12,184189.430697362,6153.86693906416,14.965340697257,0.911123717182951
0.162054754889735,13,189560.643718835,40676.7985226586,2.33008312605087,0.937693317595839
0.162054754889735,14,191930.07526234,9029.62794213437,10.6277953251401,0.949414105631043
0.162054754889735,15,200431.687443512,12052.5880941709,8.31488166182537,0.991468747220574
0.162054754889735,16,209003.156271476,42175.5439990427,2.47777665032868,1.03386894635624
0.162054754889735,17,210244.495698177,16121.2914930875,6.52070883366653,1.04000943872032
0.162054754889735,18,216642.929027942,2764.85848235396,39.177941730221,1.07166035559155
0.162054754889735,19,221772.504624816,21029.8332176205,5.27280702442748,1.09703465621076
0.162054754889735,20,228901.255810961,41501.1641916491,2.75776909237911,1.13229821207822
0.162054754889735,21,234088.570142585,1412.02687211993,82.890975648055,1.15795812697199
0.162054754889735,22,234686.495997606,25769.9173554372,4.55349725729891,1.16091586686816
0.162054754889735,23,235132.999429042,205.633368728368,571.728705518706,1.16312457050899
0.162054754889735,24,235499.457940681,65880.3872128889,1.78732600022278,1.16493731861324
0.162054754889735,25,237191.791086288,1350.76017221628,87.7993725181844,1.1733087265735
0.162054754889735,26,240422.709586847,1844.90078091048,65.1587099085609,1.18929100342293
0.162054754889735,27,242653.421208965,3417.13865010287,35.5053519999341,1.20032559024701
0.162054754889735,28,247594.925012803,6283.68607477879,19.7014079050344,1.22476956239667
0.162054754889735,29,248365.934564215,29805.8216816645,4.16639972581263,1.22858348964432
0.162054754889735,30,252245.878915388,43836.4879136204,2.87712235766283,1.24777628103478
0.162054754889735,31,254350.323976455,9300.69024534606,13.6737337373282,1.2581862692702
0.162054754889735,32,262492.163080722,12494.2051561461,10.5045563043119,1.29846123337264
0.164054754889735,1,94313.6143222919,17635.3193098631,2.67399792045568,0.466538012180937
0.164054754889735,2,112071.198913197,22934.5362302183,2.443284612085,0.55437886395728
0.164054754889735,3,112843.165583964,58.7295641489397,960.701541201557,0.558197525755343
0.164054754889735,4,130915.325681641,27842.3451046823,2.351011116151,0.647594477705182
0.164054754889735,5,150414.200288623,32474.5026562996,2.31588150680184,0.744048910761053
0.164054754889735,6,151017.406497623,1803.67330895995,41.8638468916258,0.747032770808241
0.164054754889735,7,169287.832759338,154.673409568665,547.242842940582,0.83741047938286
0.164054754889735,8,170115.908414455,36895.8177142984,2.30535490135688,0.841506693623506
0.164054754889735,9,171613.837497739,1279.96767336477,67.0383483383617,0.848916449488816
0.164054754889735,10,176222.100278014,2615.8597719355,33.683399654796,0.871711989375242
0.164054754889735,11,178716.176810793,2056.21662258979,43.4575265191905,0.884049354624054
0.164054754889735,12,183874.736824277,6149.72283242067,14.9498393533209,0.909567031490759
0.164054754889735,13,189625.317648479,40656.1423011645,2.33206235165907,0.938013237967809
0.164054754889735,14,191631.587738155,9052.42085329957,10.5845491964896,0.947937587344739
0.164054754889735,15,200141.473346772,12074.9058722844,8.28749621171617,0.990033154822032
0.164054754889735,16,209062.263773003,42156.5534271203,2.47959388015943,1.03416133146379
0.164054754889735,17,209948.19191361,16150.1234639462,6.49989433152947,1.03854372266599
0.164054754889735,18,216525.8644334,2754.12364528914,39.3093942611767,1.07108127606388
0.164054754889735,19,221481.655617828,21068.7432940413,5.25616674252392,1.09559592312286
0.164054754889735,20,228952.53123449,41487.941038381,2.75926601205256,1.13255185450661
0.164054754889735,21,234294.07450512,1436.39609001895,81.5562212028954,1.15897468855199
0.164054754889735,22,234409.711839544,25821.7439591426,4.53899845437333,1.15954670789961
0.164054754889735,23,235542.682698708,195.837155295729,601.373836193191,1.16515113708294
0.164054754889735,24,235558.962673615,65859.3271149996,1.7883492968452,1.16523166869215
0.164054754889735,25,237558.229364421,1287.28114771687,92.2713075483766,1.17512137458934
0.164054754889735,26,240604.523632534,1778.41010092677,67.6459618361225,1.19019037690227
0.164054754889735,27,242963.893390168,3481.3732458366,34.8948354906689,1.2018613926367
0.164054754889735,28,247939.610377652,6272.5622865967,19.7638221072315,1.22647460600145
0.164054754889735,29,248120.376091424,29855.6542692086,4.15533308789888,1.22736879373224
0.164054754889735,30,252295.043669644,43832.3874439857,2.87795233595314,1.24801948268584
0.164054754889735,31,254691.36122427,9271.56316262194,13.7350820329333,1.25987326685605
0.164054754889735,32,262816.672969902,12456.6994807803,10.5492098198005,1.30006647562445
0.166054754889735,1,94435.0261692858,17617.1643610479,2.68019938492725,0.4671385961174
0.166054754889735,2,112176.03286543,22912.2846580749,2.44794516433997,0.554897442574329
0.166054754889735,3,113945.713961789,57.0577951480558,998.511366116746,0.563651465064317
0.166054754889735,4,131006.699381879,27818.6888666944,2.35465265832003,0.648046472942364
0.166054754889735,5,150495.213022218,32452.4395863465,2.31870415507275,0.744449653749905
0.166054754889735,6,150973.289992731,1809.05327574498,41.7271542018461,0.746814541164042
0.166054754889735,7,168885.292436138,156.093002714284,540.976499584895,0.835419246584094
0.166054754889735,8,170187.463192566,36874.7134080282,2.30764455454064,0.841860651259225
0.166054754889735,9,171225.843004881,1295.04084850812,66.1082788246146,0.846997170064143
0.166054754889735,10,175833.73448462,2738.91787563483,32.0991249954629,0.869790873250589
0.166054754889735,11,178693.376897289,2010.74255915046,44.434673171882,0.883936571051921
0.166054754889735,12,183561.073463352,6141.97586501755,14.9431614107155,0.908015443398715
0.166054754889735,13,189690.788152453,40635.2390479314,2.33406758021902,0.93833709872747
0.166054754889735,14,191334.357153755,9074.56398130175,10.5423443786391,0.946467286720576
0.166054754889735,15,199852.304420036,12096.751716801,8.26057726482323,0.988602732531112
0.166054754889735,16,209122.126050421,42137.3584601862,2.48143374065571,1.03445745019608
0.166054754889735,17,209652.500084982,16178.7398572606,6.47925926044531,1.03708103375371
0.166054754889735,18,216407.763337706,2742.30567945963,39.4572649137257,1.07049706931052
0.166054754889735,19,221191.164401492,21107.5488044373,5.23962224251714,1.09415895990604
0.166054754889735,20,229004.536966557,41474.6670934747,2.76077607145624,1.1328091095279
0.166054754889735,21,234132.739601216,25873.7059273782,4.5245304298189,1.15817661856068
0.166054754889735,22,234491.795060111,1455.18871735948,80.5709226105081,1.15995274623068
0.166054754889735,23,235619.191320871,65838.0182199312,1.78938550773041,1.16552959973391
0.166054754889735,24,235950.510302732,186.126222012198,633.845429601179,1.16716852429752
0.166054754889735,25,237923.196167516,1224.14734210416,97.1791499210198,1.17692674370865
0.166054754889735,26,240791.081762813,1732.49390767723,69.4926200593811,1.19111321778672
0.166054754889735,27,243279.150537362,3532.15105997743,34.4378179764085,1.20342086465815
0.166054754889735,28,247874.989688439,29905.6848085422,4.14427877634883,1.22615494899214
0.166054754889735,29,248284.600599979,6259.90679512052,19.8313336544813,1.22818115763456
0.166054754889735,30,252344.719618175,43828.2168975075,2.87879290421835,1.24826521304457
0.166054754889735,31,255032.524003213,9242.21262554617,13.7971573656661,1.26156088540256
0.166054754889735,32,263141.191590649,12419.5422315095,10.5938361771111,1.30167176106841
0.168054754889735,1,94557.9552044129,17598.7847952506,2.68649103629961,0.467746685077829
0.168054754889735,2,112282.124326433,22889.8952969371,2.45265701021922,0.555422241668091
0.168054754889735,3,115047.338695787,55.1247751241037,1043.51753305822,0.569100835415161
0.168054754889735,4,131099.109036981,27794.797758976,2.35833896281264,0.648503592702935
0.168054754889735,5,150577.161720563,32430.1319984326,2.32156257840457,0.744855026644387
0.168054754889735,6,150929.044148686,1814.49687095632,41.5897780162995,0.746595671722168
0.168054754889735,7,168482.73658952,157.505119391346,534.848445690513,0.83342793699616
0.168054754889735,8,170259.865678894,36853.3570786658,2.3099641277654,0.842218802224931
0.168054754889735,9,170837.628686562,1309.51314684412,65.2294438961058,0.845076803236195
0.168054754889735,10,175449.747804013,2839.63277683519,30.8930346971757,0.867891419137186
0.168054754889735,11,178665.220659383,1994.42669721619,44.7911224084503,0.883797291528417
0.168054754889735,12,183248.298650396,6130.22575771344,14.9462928359385,0.906468250657292
0.168054754889735,13,189757.055530956,40614.0890121986,2.33609887782984,0.938664901359797
0.168054754889735,14,191038.406478881,9096.0090572731,10.5012212100937,0.945003317382196
0.168054754889735,15,199564.206054353,12118.1051242306,8.23413413270847,0.987177605948865
0.168054754889735,16,209182.744180707,42117.9609436854,2.48329619352179,1.03475730788056
0.168054754889735,17,209357.4277196,16207.1259135285,6.45880796004809,1.03562140911962
0.168054754889735,18,216288.726378893,2729.40753256804,39.621918639499,1.06990823315426
0.168054754889735,19,220901.030163217,21146.2454394173,5.22317379688242,1.09272376254071
0.168054754889735,20,229057.274617214,41461.354636997,2.76229849003559,1.13306998510649
0.168054754889735,21,233855.585315368,25925.774438786,4.5100983553554,1.15680562869335
0.168054754889735,22,234681.645134902,1468.27425220518,79.917510227547,1.16089187126732
0.168054754889735,23,235680.143646048,65816.4608386339,1.79043464691819,1.16583111056912
0.168054754889735,24,236356.780348508,176.679941111443,668.884025152076,1.16917820679062
0.168054754889735,25,238285.440358166,1161.48721089508,102.577728847542,1.17871864497173
0.168054754889735,26,240984.463203688,1704.28506957763,70.6995758823992,1.19206981131424
0.168054754889735,27,243598.033365486,3571.99914411325,34.0982771184229,1.2049982717146
0.168054754889735,28,247629.787699643,29955.9271471393,4.13323524395223,1.22494201648757
0.168054754889735,29,248629.968373409,6245.84785913677,19.9036202914949,1.22988957688713
0.168054754889735,30,252394.908627019,43823.9598728072,2.87964516852835,1.24851348134165
0.168054754889735,31,255373.821896819,9212.66892692051,13.8599261474917,1.26324917231626
0.168054754889735,32,263465.737383312,12382.7513054104,10.6384167332907,1.30327718092279
0.170054754889735,1,94682.3890812584,17580.1730796003,2.69287420131052,0.468362217988625
0.170054754889735,2,112389.484900252,22867.3601501072,2.45742149864476,0.555953318639912
0.170054754889735,3,116147.537641012,52.9405241789425,1096.96248235497,0.574543152864204
0.170054754889735,4,131192.554440256,27770.6775961792,2.36206974039239,0.648965835964464
0.170054754889735,5,150660.043705472,32407.5815145004,2.3244567577198,0.7452650161964
0.170054754889735,6,150884.745928627,1819.99857709104,41.4518856849302,0.746376543193606
0.170054754889735,7,168080.169930774,158.914730146211,528.837602958929,0.831436573924231
0.170054754889735,8,170333.114983866,36831.7486624061,2.31231371262213,0.842581142120192
0.170054754889735,9,170449.246446728,1323.5024379033,64.3932498971271,0.843155605756482
0.170054754889735,10,175069.671564277,2925.2075014743,29.9243167324098,0.866011308671288
0.170054754889735,11,178632.292376425,2000.51370303166,44.6466055457953,0.883634406288716
0.170054754889735,12,182936.234851866,6114.01703560501,14.960396232668,0.90492457506723
0.170054754889735,13,189824.120067814,40592.6924296084,2.33815631221046,0.938996647268785
0.170054754889735,14,190743.757325891,9116.70526055351,10.4612221122914,0.943545786238742
0.170054754889735,15,199277.2043968,12138.9444834471,8.20817677634731,0.98575790441617
0.170054754889735,16,209062.982209169,16235.2664754822,6.43854483463165,1.03416488532802
0.170054754889735,17,209244.119286265,42098.3628782715,2.48518119209647,1.03506091006939
0.170054754889735,18,216168.857285105,2715.43169389709,39.8037737003186,1.06931528070365
0.170054754889735,19,220611.251872434,21184.8292267717,5.20682157762317,1.09129032592897
0.170054754889735,20,229110.744708314,41448.0166041944,2.76383242769123,1.13333448382379
0.170054754889735,21,233578.256562517,25977.9184980625,4.4957077022922,1.15543377579592
0.170054754889735,22,234863.538670664,1475.71088511855,79.5764065438186,1.16179163795755
0.170054754889735,23,235741.819417854,65794.6553119259,1.79149672796541,1.16613620005365
0.170054754889735,24,236761.725449628,167.588186858863,706.379518411462,1.17118133522416
0.170054754889735,25,238643.679296175,1099.64100336259,108.509813005529,1.18049073358508
0.170054754889735,26,241186.339078502,1691.25631481751,71.3038990498985,1.19306842397499
0.170054754889735,27,243919.904781418,3602.80429715715,33.8513952830976,1.20659046231875
0.170054754889735,28,247384.781525347,30006.3965684313,4.12220076078065,1.22373005261205
0.170054754889735,29,248975.772420247,6230.50533450494,19.9803835365811,1.23160015423882
0.170054754889735,30,252445.614677734,43819.5985740398,2.88051035259017,1.24876430727252
0.170054754889735,31,255715.264045538,9182.96163048105,13.9233547049103,1.26493817281193
0.170054754889735,32,263790.329709394,12346.3443456312,10.6829326286665,1.30488283096247
0.172054754889735,1,94808.3156252738,17561.3233245007,2.69934998272602,0.468985134626354
0.172054754889735,2,112498.124175756,22844.6690746894,2.46224017970996,0.556490720922738
0.172054754889735,3,117245.805627528,50.5156548036477,1160.48981333864,0.579975918504174
0.172054754889735,4,131287.036064806,27746.3344028807,2.36584469426663,0.649433205067238
0.172054754889735,5,150743.85623381,32384.7899054766,2.32738666321126,0.745679608836579
0.172054754889735,6,150840.484785653,1825.55144833293,41.3136767313237,0.74615759807303
0.172054754889735,7,167677.59658123,160.326329786799,522.925949855543,0.82944517775515
0.172054754889735,8,170060.741277668,1337.10623329836,63.592830936912,0.841233800186862
0.172054754889735,9,170407.21016637,36809.8880782541,2.31469340254583,0.842947666289645
0.172054754889735,10,174692.730035145,2999.88936248675,29.1165287993044,0.86414670457385
0.172054754889735,11,178595.537418874,2025.29986635555,44.0911344501913,0.883452591765365
0.172054754889735,12,182624.66055067,6092.82438045196,14.9868639851657,0.903383320857314
0.172054754889735,13,189891.982056323,40571.0495932496,2.34023994893046,0.93933233790528
0.172054754889735,14,190450.429791852,9136.59917935561,10.4223916390127,0.942094792703693
0.172054754889735,15,198991.326322621,12159.2470363747,8.18271582637204,0.984343760875899
0.172054754889735,16,208769.170771115,16263.1459854217,6.41847435171081,1.03271149808112
0.172054754889735,17,209306.252539685,42078.5662244703,2.48708869288856,1.03536826256298
0.172054754889735,18,216048.263277238,2700.38016495492,40.0033051051618,1.06871874234474
0.172054754889735,19,220321.828307724,21223.2964860833,5.19056567042248,1.08985864402888
0.172054754889735,20,229164.945981962,41434.6668851921,2.76537695617219,1.13360259945744
0.172054754889735,21,233300.762644021,26030.1051256507,4.48136420344537,1.15406110587909
0.172054754889735,22,235037.397937589,1477.68824748419,79.5287498353417,1.16265166179794
0.172054754889735,23,235804.218403794,65772.6020090152,1.79257176393503,1.16644486703743
0.172054754889735,24,237165.516980794,158.89063510222,746.316851299061,1.17317875733166
0.172054754889735,25,238996.681342405,1039.26821015642,114.983157863759,1.18223691704043
0.172054754889735,26,241398.125330857,1690.93947189652,71.3798835921993,1.19411605996997
0.172054754889735,27,244244.399816968,3626.00392734054,33.6795553329843,1.2081956310946
0.172054754889735,28,247139.981751816,30057.1096611124,4.11117343846875,1.22251910973231
0.172054754889735,29,249322.059834061,6213.99131047541,20.0613460316366,1.23331312264582
0.172054754889735,30,252496.84522454,43815.1151067392,2.88138972828698,1.24901772771073
0.172054754889735,31,256056.859312313,9153.11923530835,13.9874097960271,1.26662793073157
0.172054754889735,32,264114.988127176,12310.3379107192,10.7273654891796,1.30648880793576
0.174054754889735,1,94935.7229945573,17542.2310230172,2.70591930040118,0.469615376413077
0.174054754889735,2,112608.049379117,22821.8103420256,2.46711474005533,0.557034484262032
0.174054754889735,3,118341.630786406,47.8614361647079,1236.29418869871,0.585396600290087
0.174054754889735,4,131382.55515926,27721.7742868683,2.36966353235,0.649905706187805
0.174054754889735,5,150796.364750079,1831.14675344153,41.1753903576177,0.745939350963722
0.174054754889735,6,150828.596462655,32361.7591029234,2.33035225283891,0.746098790501934
0.174054754889735,7,167275.020192757,161.744058678262,517.097881553402,0.827453766553505
0.174054754889735,8,169672.152702795,1350.40630791866,62.8226303845931,0.83931158203649
0.174054754889735,9,170482.150271057,36787.775266587,2.31710329091169,0.843318370007493
0.174054754889735,10,174318.249192622,3066.38897002869,28.4240275608268,0.862294272672837
0.174054754889735,11,178555.864161683,2066.73009464881,43.1976736159213,0.883256341386457
0.174054754889735,12,182313.298266269,6066.03202841244,15.0273933118338,0.901843115423813
0.174054754889735,13,189960.641796351,40549.1607500343,2.34234985734187,0.939671974752615
0.174054754889735,14,190158.442302893,9155.63480515276,10.3847764982868,0.940650427924978
0.174054754889735,15,198706.599478341,12178.98883773,8.1577626076295,0.982935312086195
0.174054754889735,16,208476.00044442,16290.748429998,6.39860106305887,1.0312612821984
0.174054754889735,17,209369.144986357,42058.5731589388,2.48901863830655,1.03567937053251
0.174054754889735,18,215927.055521035,2684.25469622631,40.2210445649212,1.06811916797739
0.174054754889735,19,220032.758172644,21261.6437478535,5.17440609912527,1.08842871042735
0.174054754889735,20,229219.876324776,41421.3198189795,2.76693110367461,1.13387432155322
0.174054754889735,21,233023.114588192,26082.2994427981,4.46707383103324,1.15268767349626
0.174054754889735,22,235203.160488789,1474.49068998397,79.7574247455387,1.16347163388454
0.174054754889735,23,235867.340407982,65750.3012903438,1.79365976869388,1.16675711055148
0.174054754889735,24,237568.272573406,150.601449400903,788.73169387964,1.17517105499645
0.174054754889735,25,239343.41188787,981.404258147046,121.939256886742,1.183952077472
0.174054754889735,26,241620.943423338,1700.74710402742,71.0337659406188,1.19521826680078
0.174054754889735,27,244571.302607778,3642.71925064821,33.5698808746046,1.20981271023314
0.174054754889735,28,246895.398279618,30108.0848059265,4.10015116987811,1.22130923682318
0.174054754889735,29,249668.868116708,6196.41027898019,20.1462505608811,1.23502866761732
0.174054754889735,30,252548.609567277,43810.4905142689,2.88228466062281,1.24927378865946
0.174054754889735,31,256398.61603633,9123.16981604058,14.0520576294395,1.26831848732638
0.174054754889735,32,264439.733987917,12274.7465980511,10.7716982943625,1.30809521746023
0.176054754889735,1,95064.5997836985,17522.8928678264,2.71258291940613,0.470252886930029
0.176054754889735,2,112719.265179514,22798.7711598046,2.47204694475472,0.557584631754663
0.176054754889735,3,119434.490433416,44.9899305520463,1327.34690816258,0.590802612677296
0.176054754889735,4,131479.113755673,27697.0033928856,2.37352597121473,0.650383349378062
0.176054754889735,5,150752.506990768,1836.77348115829,41.0373158522795,0.745722401247665
0.176054754889735,6,150914.261532904,32338.4912142736,2.33335347238298,0.74652254704943
0.176054754889735,7,166872.444043824,163.17180270969,511.339708432094,0.825462356536784
0.176054754889735,8,169283.515905219,1363.47218677399,62.0780964757882,0.837389125344485
0.176054754889735,9,170557.934273294,36765.4101503507,2.31954347273435,0.84369324820523
0.176054754889735,10,173945.707637822,3126.5479796585,27.8175337096253,0.860451433781759
0.176054754889735,11,178514.109746144,2123.75627061547,42.027918225854,0.883049796210923
0.176054754889735,12,182001.796945769,6032.90421471232,15.0840946970387,0.900302222225069
0.176054754889735,13,189867.811458495,9173.75349777497,10.3484256201426,0.939212774014689
0.176054754889735,14,190030.099608409,40527.0261978366,2.34448610515806,0.940015559396264
0.176054754889735,15,198423.052259871,12198.1447454524,8.13332914146008,0.981532698512164
0.176054754889735,16,208183.478111146,16318.0572987825,6.37892962070549,1.02981427172314
0.176054754889735,17,209432.797681644,42038.3858576372,2.49097097104165,1.03599423919853
0.176054754889735,18,215805.349576587,2667.05684498803,40.4575834186158,1.06751712923885
0.176054754889735,19,219744.040042062,21299.8675961818,5.15834286409961,1.08700051807473
0.176054754889735,20,229275.531657904,41407.9902771941,2.76849383564722,1.13414962993443
0.176054754889735,21,232745.325460706,26134.46508515,4.4528427251598,1.15131354327896
0.176054754889735,22,235360.786908733,1466.47308956759,80.2472232811761,1.16425135924187
0.176054754889735,23,235931.185224861,65727.7535193618,1.79476075624098,1.16707292957898
0.176054754889735,24,237970.063232727,142.725678850534,833.66239750709,1.17715857945789
0.176054754889735,25,239683.216349783,927.416350563525,129.220935238065,1.18563297687693
0.176054754889735,26,241855.485067905,1717.93377085696,70.3913879483433,1.1963784661359
0.176054754889735,27,244900.481857302,3653.84517881506,33.5127064602013,1.21144105025412
0.176054754889735,28,246651.040056556,30159.3409108954,4.089131801409,1.22010047814643
0.176054754889735,29,250016.226790706,6177.86025502269,20.2348561208907,1.23674693519136
0.176054754889735,30,252600.920408662,43805.7060511091,2.88319654195217,1.24953255295485
0.176054754889735,31,256740.542309041,9093.13993382768,14.1172655527895,1.27000988262205
0.176054754889735,32,264764.588892956,12239.5851153924,10.8159135459579,1.30970216639049
0.178054754889735,1,95194.935051199,17503.3065007251,2.71934148691435,0.470897612053264
0.178054754889735,2,112831.773691939,22775.5383296842,2.47703856784104,0.558141173862792
0.178054754889735,3,120523.846346088,41.9142487120674,1437.74313091038,0.596191293258649
0.178054754889735,4,131576.714778781,27672.0276886018,2.37743175634682,0.650866149105704
0.178054754889735,5,150709.052851272,1842.41773338583,40.8998052179816,0.74550744810429
0.178054754889735,6,151000.848494633,32314.9885326319,2.33639025342918,0.746950863886786
0.178054754889735,7,166469.871116777,164.613278120356,505.639256497474,0.823470962457659
0.178054754889735,8,168894.862628164,1376.36381416852,61.3554573614666,0.835466587133984
0.178054754889735,9,170634.561133286,36742.7926814619,2.32201404248972,0.844072295739319
0.178054754889735,10,173574.715746446,3181.67976147305,27.2772134154201,0.858616260559088
0.178054754889735,11,178471.087058118,2196.03742730515,40.6348008551767,0.88283697731416
0.178054754889735,12,181689.705151492,5992.54172946898,15.1596528946985,0.89875840814938
0.178054754889735,13,189578.551884661,9190.89396743728,10.313390218423,0.937781903322788
0.178054754889735,14,190100.355792123,40504.646205454,2.34664876256253,0.940363093318369
0.178054754889735,15,198140.71381669,12216.6883815438,8.10942817024083,0.980136064346562
0.178054754889735,16,207891.610466271,16345.0555914806,6.3594647721672,1.02837049977315
0.178054754889735,17,209497.211685574,42018.0067376037,2.49294561964652,1.03631287380464
0.178054754889735,18,215683.265818127,2648.7880991453,40.7135749907143,1.06691322158033
0.178054754889735,19,219455.672547902,21337.9645907965,5.14237596594751,1.08557406020362
0.178054754889735,20,229331.905927258,41394.6927889464,2.77006411300746,1.1344284946535
0.178054754889735,21,232467.410177077,26186.5643330473,4.43867716322955,1.14993878900928
0.178054754889735,22,235510.268825277,1454.0429631706,80.984632088084,1.1649907964557
0.178054754889735,23,235995.752549857,65704.9590507515,1.79587474034928,1.16739232261329
0.178054754889735,24,238370.918975035,135.27157263613,881.08282593947,1.17914147919651
0.178054754889735,25,240015.968878562,878.834575595093,136.553553731109,1.18727899271929
0.178054754889735,26,242101.883497117,1739.70834461586,69.5811698111312,1.1975973170324
0.178054754889735,27,245231.856074105,3660.11230325933,33.5005917517513,1.21308024804657
0.178054754889735,28,246406.91526253,30210.8989758454,4.07811292639026,1.21889287416532
0.178054754889735,29,250364.158569347,6158.43263637997,20.3269381474078,1.23846803772304
0.178054754889735,30,252653.794305162,43800.7443712573,2.88412671898513,1.2497941024962
0.178054754889735,31,257082.645901973,9063.05570807826,14.1830004240636,1.27170215506176
0.178054754889735,32,265089.575043322,12204.8657684566,10.8599955162327,1.31130976454763
0.180054754889735,1,95326.7183741304,17483.4703711474,2.72619555358546,0.471549500224032
0.180054754889735,2,112945.574555471,22752.0987028545,2.48209134529864,0.558704108801064
0.180054754889735,3,121609.139448546,38.6490076345664,1573.2504777145,0.601559876472139
0.180054754889735,4,131675.361996941,27646.852883791,2.38138066836065,0.651354124011536
0.180054754889735,5,150666.167474147,1848.06192391522,40.7632897806133,0.745295308438783
0.180054754889735,6,151088.354398511,32291.2535632487,2.33946251269829,0.747383726424634
0.180054754889735,7,166067.304161468,166.072105702252,499.985543807121,0.821479597918728
0.180054754889735,8,168506.221908559,1389.13362768125,60.6515523599523,0.833544111041007
0.180054754889735,9,170712.029751295,36719.9227969604,2.32451509627664,0.844455507169739
0.180054754889735,10,173204.985889865,3232.75703529359,26.7890509554077,0.856787330201867
0.180054754889735,11,178427.656454045,2283.81600154362,39.0634920530914,0.882622140592674
0.180054754889735,12,181376.428627063,5943.81603687439,15.2575742167856,0.897208733608537
0.180054754889735,13,189290.676081642,9206.99225727783,10.2797238659571,0.936357877683858
0.180054754889735,14,190171.410675526,40482.0210871398,2.34883789851019,0.9407145781416
0.180054754889735,15,197859.614087281,12234.5921249543,8.08607316314683,0.978745557685083
0.180054754889735,16,207600.404004944,16371.7257002683,6.34021140488389,1.02692999847779
0.180054754889735,17,209562.387917341,41997.4381678537,2.49494251387157,1.03663527889778
0.180054754889735,18,215560.929926718,2629.45005140377,40.9897365823013,1.06630806670416
0.180054754889735,19,219167.654265159,21375.9312345334,5.12650541069965,1.08414932976499
0.180054754889735,20,229388.991518942,41381.4424212518,2.77164083822677,1.13471087804703
0.180054754889735,21,232189.386069454,26238.5584676715,4.42458350666509,1.14856349642357
0.180054754889735,22,235651.636574434,1437.64593457557,81.9574663368019,1.1656900955882
0.180054754889735,23,236061.042216959,65681.9182002355,1.79700173720042,1.16771528883322
0.180054754889735,24,238770.833432289,128.261390553963,930.79777320764,1.18111972271172
0.180054754889735,25,240342.102031253,837.101017181721,143.556211913597,1.1888922647146
0.180054754889735,26,242359.690930585,1763.44543631773,68.7176608754791,1.19887260446996
0.180054754889735,27,245565.372792327,3662.12926595009,33.5276767911439,1.21473004407938
0.180054754889735,28,246163.030328276,30262.7800056221,4.06709215548845,1.21768645669054
0.180054754889735,29,250712.680675505,6138.21302016656,20.4222857574192,1.24019206040817
0.180054754889735,30,252707.250041472,43795.5879091853,2.88507658083603,1.25005853020515
0.180054754889735,31,257424.934308665,9032.94228277142,14.2492294454074,1.27339534171353
0.180054754889735,32,265414.716327056,12170.5999021633,10.9039290774763,1.31291813009784
