mode,level_pct,sample,delta_d1_pct,delta_d2_pct,delta_w1_pct,delta_w2_pct,delta_g_pct,geometry_valid,solver_ok,strict_sigma_ratio,strict_raw_residual,full_sigma_ratio,full_raw_residual,threshold_amplitude_error,finite_open_amplitude_error,strict_threshold_amplitude,strict_sigma_over_baseline,strict_raw_over_baseline
independent,1,1,0.552059830314504,0,0,0,0,1,1,0.00488199658594627,0.0480712326978392,0.0028709775983623,0.0382661122908707,0.00743830337563778,0.0102077374245679,0,26.8090804512356,21.655448464395
independent,1,2,0,-0.0898134735489557,0,0,0,1,1,0.0002292560847145,0.00291443810376139,4.30408282334049e-05,0.000594487858810333,0.000771109606140809,0.000566185373855583,0,1.25894082694346,1.31291545102214
independent,1,3,0,0,-0.43175294659786,0,0,1,1,0.0247305354090776,0.296530852644803,0.014738481199017,0.22125995830644,0.128389725875764,0.0141125650416904,0,135.80568968292,133.583189720061
independent,1,4,0,0,0,0.410743833561971,0,1,1,0.00038035086016172,0.00668986874522594,0.000282835464008101,0.00390362509688893,0.00133977819680944,0.000412623380962468,0,2.08866528893645,3.013696543969
independent,1,5,0,0,0,0,-0.829642623842543,1,1,0.000621598691263488,0.00938604996673575,0.000153300839189873,0.00211400630946528,0.00352241419072207,0.00078416229519127,0,3.41345779930233,4.22829018378843
independent,1,6,0.516042592343543,0,0,0,0,1,1,0.00457247295929783,0.045092562038685,0.00269081278511587,0.0359487802033599,0.00695939929628479,0.00955210703053994,0,25.1093570568638,20.3135971048268
independent,1,7,0,0.20631164931818,0,0,0,1,1,0.000522477144570509,0.00949906667860164,0.000419654747194968,0.00577889682542063,0.00140325812856392,0.000636403741530811,0,2.86914002419518,4.27920270344048
independent,1,8,0,0,0.721611197614244,0,0,1,1,0.0431674717922047,0.414203434032411,0.0222987240082127,0.247084960007326,0.205422446464494,0.0206320460383976,0,237.050600872009,186.59311642465
independent,1,9,0,0,0,0.0295566193886681,0,1,1,0.000185727805998484,0.00241632954967187,0.000166401729501262,0.0022962833156966,7.96881930137605e-05,0.000162020549662257,0,1.01990888469246,1.08852419834589
independent,1,10,0,0,0,0,0.213970319308057,1,1,0.000238019954686238,0.00323401061657841,0.000157026266649104,0.0021670619535181,0.000911955986497892,0.000280619670723592,0,1.30706689401463,1.45687860098849
independent,1,11,0.59230622718065,0,0,0,0,1,1,0.00522814710446502,0.0513919693453229,0.00307281529588564,0.0408489113631359,0.00797364243770147,0.0109408204346549,0,28.7099373928239,23.1513959843063
independent,1,12,0,0.705252030106591,0,0,0,1,1,0.00157683233318432,0.0285977228948663,0.00105358225624634,0.0144336461320549,0.00507487819599773,0.00266029082928772,0,8.65904433447166,12.8828923161079
independent,1,13,0,0,0.684194738023611,0,0,1,1,0.0409478431944301,0.396673347963001,0.0212805046534304,0.238362889426357,0.195349286117404,0.0196846050861649,0,224.861694017608,178.696046718975
independent,1,14,0,0,0,0.519246392140881,0,1,1,0.000455435378699797,0.00805913420098191,0.000315633863259165,0.00435665941090805,0.00171395965756217,0.000567277640338684,0,2.5009857120855,3.63053234881685
independent,1,15,0,0,0,0,-0.293033685281575,1,1,0.000277889158770612,0.00391174884228082,0.000156798985310705,0.00216338923790591,0.00124954762899049,0.000334922746561137,0,1.52600533057594,1.76219062224042
independent,1,16,0.927883462473557,0,0,0,0,1,1,0.00812602566584699,0.0787591646766686,0.00477709722722091,0.0621009497934621,0.012447015343384,0.0170727729905557,0,44.6233978228544,35.4799520635356
independent,1,17,0,-0.331016945203728,0,0,0,1,1,0.000690641592947581,0.0119476618579788,0.000263926105059602,0.00365425113484626,0.00253952058958036,0.00154648779492026,0,3.79260118321291,5.38226213714524
independent,1,18,0,0,0.908228428272701,0,0,1,1,0.0541762910473931,0.497563556814748,0.027169512811614,0.285738233715902,0.254227815817214,0.0251466619359835,0,297.504621248644,224.145738680989
independent,1,19,0,0,0,0.820437097261501,0,1,1,0.000673783380697578,0.0119117498099039,0.000405877799316959,0.00560390799446504,0.00275295595704389,0.000998140251691656,0,3.70002570502119,5.36608423899927
independent,1,20,0,0,0,0,-0.624924867524924,1,1,0.000483282919114619,0.00721894382436249,0.000155030315170844,0.00213835204094479,0.0026545170398395,0.000605310481243874,0,2.65390817694325,3.25203780270173
independent,1,21,-0.867927373546816,0,0,0,0,1,1,0.00716172699925653,0.0744420129234228,0.00390501378209593,0.0566037379520369,0.0113913329176132,0.0153488503496118,0,39.3280314544996,33.5351328430044
independent,1,22,0,0.0619392932444491,0,0,0,1,1,0.000252107439178656,0.00411502287311897,0.000236075386504531,0.00325569828962166,0.00034272504502837,5.02239222288013e-05,0,1.38442714989846,1.8537628589383
independent,1,23,0,0,-0.309230142232626,0,0,1,1,0.0177975299462946,0.215930804501151,0.0104382588792044,0.154888580155932,0.0918272007116356,0.00989391536050027,0,97.733663627912,97.2739442348485
independent,1,24,0,0,0,0.0637108835320328,0,1,1,0.00019321550022466,0.00269666002572953,0.000176910731067528,0.00244131268388205,0.000158659745148723,0.000119697966668166,0,1.06102693821213,1.21480933472723
independent,1,25,0,0,0,0,0.987658118926074,1,1,0.000730599211677284,0.0110817375471913,0.000151610602181411,0.00209213403800848,0.00418533461938756,0.000924333010151362,0,4.01202514148608,4.99217479729701
independent,1,26,0.484736581776441,0,0,0,0,1,1,0.00430363068044745,0.0424982728731406,0.00253456968139082,0.0339300603821529,0.00654327071514399,0.00898255688430954,0,23.6330319190828,19.144904475717
independent,1,27,0,0.683140269097541,0,0,0,1,1,0.00152953544725038,0.0277565253599801,0.00102550508175769,0.0140522520240477,0.00491195087677672,0.00257066067082407,0,8.39931739739308,12.5039440586416
independent,1,28,0,0,0.743601673757154,0,0,1,1,0.0444703077158742,0.424360431898387,0.0228906245133857,0.25204969174506,0.211300030954682,0.0211823932371455,0,244.205016586465,191.168708343047
independent,1,29,0,0,0,0.908096695554123,0,1,1,0.00073867363645981,0.0130387798930398,0.000431921055541803,0.00596405299511149,0.00305532832435492,0.00112347068719848,0,4.0563651773262,5.87379624290362
independent,1,30,0,0,0,0,0.134439255588049,1,1,0.000205998225007794,0.00266667488636852,0.000157188459779766,0.00216925233236616,0.000578855424727015,0.000235847117402133,0,1.13122221407192,1.20130142981846
independent,1,31,0.684954558925276,0,0,0,0,1,1,0.00602612905004018,0.0590052799513021,0.0035395314455619,0.0467675211720179,0.00920687327901062,0.0126302845786996,0,33.0919892441386,26.5810907563862
independent,1,32,0,-0.38593336066182,0,0,0,1,1,0.000805948862250148,0.0141086935005998,0.000333840505041695,0.00462480374358768,0.0029418070122819,0.00176977356321531,0,4.42580151527452,6.35577803720265
independent,1,33,0,0,0.794598541941403,0,0,1,1,0.0474863719634709,0.447534816404709,0.0242447375364872,0.263122339735325,0.224804504268813,0.0224399828201295,0,260.767483936951,201.60845912966
independent,1,34,0,0,0,-0.553078144339101,0,1,1,0.000448706929559494,0.00672053672253332,1.51896537849893e-05,0.000209676797313298,0.00199535618519133,0.000996484306872142,0,2.4640369901561,3.02751205825509
independent,1,35,0,0,0,0,0.581611428743284,1,1,0.000454690995097731,0.00676745311692088,0.000155320217242088,0.00214356754907139,0.00246580441814022,0.000568147163399336,0,2.49689799110433,3.04864726748056
independent,1,36,-0.966595955523614,0,0,0,0,1,1,0.00798740635722044,0.0833248552924351,0.00435130965746401,0.0633972034440347,0.012701963940599,0.0171027743543208,0,43.8621813550343,37.5367347230439
independent,1,37,0,0.240386258704892,0,0,0,1,1,0.000592178717443789,0.0108025169924878,0.000462973360586774,0.00637319198052596,0.00165368850300333,0.000774717428572461,0,3.25190044646107,4.86638966566561
independent,1,38,0,0,0.765054741040984,0,0,1,1,0.0457400160889227,0.434171644013457,0.0234634150724608,0.256781450215918,0.217002740235137,0.0217146246577833,0,251.177515096738,195.588528397727
independent,1,39,0,0,0,0.930041805240063,0,1,1,0.00075497170922579,0.0133210937641953,0.000438425174555634,0.00605401042727496,0.00313102146915497,0.00115483117955711,0,4.14586469587176,6.00097487229348
independent,1,40,0,0,0,0,0.0118307435265823,1,1,0.000182299437906752,0.00222362712366403,0.000157294279875724,0.00217061218869373,0.00012191052311175,0.000201628109825615,0,1.00108228488444,1.00171432846784
independent,1,41,0.771963354609115,0,0,0,0,1,1,0.00677698057702627,0.066115328849239,0.00398048372430523,0.0522907814928224,0.0103662271457849,0.0142193199517086,0,37.2152283000302,29.7840728487411
independent,1,42,0,-0.257805694277376,0,0,0,1,1,0.000539218272948835,0.00908925538586875,0.000170734960816011,0.0023622177906827,0.00200302004725587,0.00124887058950949,0,2.96107254598985,4.09458818802567
independent,1,43,0,0,0.776633719403766,0,0,1,1,0.046424770279201,0.439428881869513,0.02377066806547,0.259290506600358,0.220067653389382,0.0219999633654025,0,254.937786095152,197.956843855176
independent,1,44,0,0,0,-0.206888707538421,0,1,1,0.000230319106103638,0.00267673070122281,9.3236563488204e-05,0.00128667905275236,0.000800268743752243,0.000493977176468063,0,1.26477832097711,1.20583144014112
independent,1,45,0,0,0,0,0.230837617429304,1,1,0.000245974207748799,0.00337124046650403,0.000156982407044103,0.00216646510526823,0.000982952668130586,0.00029156150439937,0,1.35074701679422,1.51869881603312
independent,1,46,0.17295930408078,0,0,0,0,1,1,0.00163649537066854,0.0164146288326303,0.000996514283682418,0.0136063519170688,0.00240467343598106,0.00332652532281985,0,8.98667896995748,7.39457111452806
independent,1,47,0,-0.276922690756038,0,0,0,1,1,0.000578407227961617,0.00983238954797605,0.000195067524545008,0.00269939064968773,0.00214313324026459,0.00132657874347023,0,3.17627545103938,4.42936020543577
independent,1,48,0,0,0.416620975656931,0,0,1,1,0.0249984903371083,0.260103334118958,0.0135874022224998,0.164659871158345,0.120979814856659,0.0125217040613397,0,137.277142007069,117.173079018704
independent,1,49,0,0,0,0.626274818928814,0,1,1,0.000531861135649487,0.00942261165895744,0.000347837101250917,0.00480160879430066,0.00208315694057,0.00072032846494114,0,2.9206714350352,4.24476073794822
independent,1,50,0,0,0,0,-0.912370032659643,1,1,0.000678491691012477,0.010272052511312,0.000152463870752421,0.00210224675021832,0.00387325959786772,0.000857430515317403,0,3.72588100168094,4.62742249986603
independent,1,51,-0.835193899829393,0,0,0,0,1,1,0.00688753383493079,0.0715058316553423,0.00375626171025666,0.0543538049623016,0.0109567612525256,0.0147663582375388,0,37.822322371714,32.2124223867797
independent,1,52,0,0.43132265366546,0,0,0,1,1,0.000992716815670834,0.0181308577177045,0.000705640244035727,0.00969459197207403,0.00305784025484205,0.00154950045889262,0,5.45142228350316,8.16770931149177
independent,1,53,0,0,-0.409455598828219,0,0,1,1,0.0234749558365498,0.282415612048249,0.013951148206645,0.209171831764635,0.121742286639335,0.0133362549452564,0,128.910778312083,127.22446230355
independent,1,54,0,0,0,0.098268921514397,0,1,1,0.00020400141588031,0.00302267400779994,0.000187528642585816,0.00258785183934835,0.000269389134337302,8.52046905282388e-05,0,1.12025690190874,1.3616742805832
independent,1,55,0,0,0,0,0.191260685431839,1,1,0.000227884670699097,0.00305728872208713,0.000157080088452205,0.00216779240457234,0.000816505208059417,0.00026658584719855,0,1.25140982031049,1.37726774718032
independent,1,56,-0.355092316224678,0,0,0,0,1,1,0.00284948852395436,0.0290652799662212,0.0015345570184158,0.0216250156576926,0.00459191851174841,0.00618720029795177,0,15.6477305419414,13.0935205337476
independent,1,57,0,0.402432026351253,0,0,0,1,1,0.000931511251179883,0.017022215901143,0.000668929705645123,0.00919298328155127,0.00284528331120614,0.00143229574670347,0,5.11531698854562,7.66828097615183
independent,1,58,0,0,0.555496542947438,0,0,1,1,0.0332899756085017,0.333658001107854,0.0176707523050239,0.20553195845706,0.160051207291813,0.0163220985793819,0,182.80914756826,150.308474366396
independent,1,59,0,0,0,0.592851241105874,0,1,1,0.000507808851619196,0.00899586873291972,0.00033779641298705,0.00466286256769733,0.00196785662466137,0.000672510192827556,0,2.78859030669925,4.05251874780741
independent,1,60,0,0,0,0,-0.49598590512393,1,1,0.0003992417153831,0.00588637737169788,0.000155869613233356,0.00215020249822084,0.00210821653543321,0.000495774733139542,0,2.1924028578812,2.65173440872704
independent,1,61,-0.988643293845917,0,0,0,0,1,1,0.00817173739663291,0.0853163319609712,0.00445060605220469,0.0649174022556916,0.0129949779389177,0.0174942990808891,0,44.8744200115493,38.4338683712407
independent,1,62,0,0.40346986408817,0,0,0,1,1,0.000933707636463467,0.0170620512427594,0.000670248504013857,0.00921100846452078,0.00285291841110446,0.00143650626309239,0,5.12737825666264,7.68622626565289
independent,1,63,0,0,0.257137190248254,0,0,1,1,0.0154621792662109,0.167524659978558,0.00865585594345255,0.109879296043927,0.0751529870583184,0.00795499376753053,0,84.9092785301341,75.4676224652761
independent,1,64,0,0,0,0.375623552705761,0,1,1,0.00035682609111668,0.00625117980840997,0.000272186555588312,0.00375656329218577,0.001218710652812,0.000362833313371336,0,1.9594809655101,2.81607303548041
independent,1,65,0,0,0,0,-0.566192925301256,1,1,0.000444591972100884,0.00660757119378926,0.000155436587277869,0.00214408421755441,0.00240563335851628,0.000554997034261471,0,2.44144004162917,2.97662259591601
independent,1,66,-0.626301751744104,0,0,0,0,1,1,0.00513442741154093,0.0528947978231798,0.00279882066456267,0.0400464599011513,0.00818573251621313,0.0110417961743945,0,28.1952834508896,23.8284001472247
independent,1,67,0,-0.000903189578281838,0,0,0,1,1,0.000181610219655126,0.00219990772703232,0.000156146385063967,0.00215478004404974,0.00011865336098899,0.000205005307304903,0,0.997297499862372,0.991029056995958
independent,1,68,0,0,-0.974122339378841,0,0,1,1,0.0545305827793041,0.529196508840735,0.0346017442979323,0.47564032922635,0.286684559240097,0.034056161827755,0,299.450184990199,238.395961193095
independent,1,69,0,0,0,0.0498956179254852,0,1,1,0.000189781926363387,0.0025774244157256,0.000172661694867744,0.00238267314765143,0.000119180063007344,0.000136230675681366,0,1.04217175135126,1.16109528450116
independent,1,70,0,0,0,0,-0.000409810795436449,1,1,0.000182102587895496,0.0022198261903771,0.000157295238351773,0.0021706136134792,0.000112069149314241,0.000201337050397345,0,1.00000129932952,1.00000205877363
independent,1,71,-0.0835145998755404,0,0,0,0,1,1,0.000555003414880382,0.00571524498923774,0.000244365031700551,0.00338915646930208,0.000994501206545859,0.00130451797072999,0,3.04775534728373,2.57464155545554
independent,1,72,0,0.4673465262,0,0,0,1,1,0.00106919584900628,0.0195123030329539,0.000751411076592801,0.0103195728237009,0.00332292556603686,0.00169562964220817,0,5.87140056931863,8.79003198041114
independent,1,73,0,0,0.291484209708949,0,0,1,1,0.0175160821824634,0.1882161272116,0.00973983680011272,0.1224279468882,0.0850907527321812,0.00895564578388259,0,96.1881165119857,84.7888521731634
independent,1,74,0,0,0,-0.698609125042762,0,1,1,0.000554036715497595,0.00861420927848718,6.12302700557738e-05,0.000845384314104001,0.00249863886542506,0.00120916077126922,0,3.04244679758095,3.8805862596525
independent,1,75,0,0,0,0,0.157462618026254,1,1,0.000214204827883081,0.00281479759797478,0.000157149076995872,0.00216872410887348,0.000674874308055358,0.000247451862918551,0,1.1762880949757,1.26802873360445
independent,1,76,-0.792438718736595,0,0,0,0,1,1,0.00652918497908202,0.0676787686233461,0.00356144665836486,0.0514180924642997,0.0103892990857179,0.0140050612764609,0,35.8544792696288,30.4883815913143
independent,1,77,0,0.127715042195884,0,0,0,1,1,0.000367328942352131,0.00651942203744045,0.00031972190849163,0.00440630417728304,0.000825795225676346,0.000317316653625622,0,2.01715650435606,2.93691257798303
independent,1,78,0,0,-0.0114571028538213,0,0,1,1,0.000581906093352774,0.0071359200059279,0.000229475652988171,0.00317806110788403,0.00326704112702355,0.000158379616724846,0,3.1954891809362,3.21463668106359
independent,1,79,0,0,0,-0.843994430652342,0,1,1,0.000661975604968879,0.0105396852548063,0.000107498678638819,0.00148456054953736,0.00300167733027707,0.00142222002759352,0,3.63518428125369,4.74798747727269
independent,1,80,0,0,0,0,-0.48394496871682,1,1,0.000391585293300152,0.0057640061538045,0.000155938121678224,0.00215117149122405,0.00205722037299106,0.00048574326548084,0,2.1503582492919,2.59660780901464
independent,1,81,0.522344711452052,0,0,0,0,1,1,0.0046266146373792,0.0456142223339403,0.00272230555973194,0.0363546575062116,0.00704318361007958,0.00966679749428279,0,25.4066716038725,20.5485981024261
independent,1,82,0,0.378863408373506,0,0,0,1,1,0.000881685041409769,0.0161174247636526,0.000638979731981148,0.00878352488351488,0.0026719068458761,0.00133667420649112,0,4.84170047882653,7.26068464983908
independent,1,83,0,0,0.161265351989599,0,0,1,1,0.00972784675853206,0.107725306257461,0.005562062069608,0.0725777641715758,0.0472834194425766,0.00511761047198746,0,53.4196658632502,48.5288120783822
independent,1,84,0,0,0,-0.35309472962062,0,1,1,0.000313130353320149,0.00423440552396778,4.76341740155751e-05,0.000657413116960389,0.00130439015168978,0.000705424606177708,0,1.71952943556936,1.90754314910164
independent,1,85,0,0,0,0,0.395770145071129,1,1,0.000336948993780813,0.00488380939620162,0.000156379100196121,0.0021581900240163,0.00167937763632204,0.000413814463790333,0,1.85032752956786,2.2000909224474
independent,1,86,0.933513040056157,0,0,0,0,1,1,0.0081748184500113,0.0792133263905849,0.0048060139095917,0.0624530064068664,0.0125222266271573,0.0171759410356468,0,44.8913393613361,35.6845458515093
independent,1,87,0,-0.757335921124107,0,0,0,1,1,0.00159927847565709,0.0289147804197423,0.000806918499323784,0.0112196346748866,0.00565914233833684,0.00328076867700854,0,8.78230546929192,13.0257224975879
independent,1,88,0,0,-0.261895626620645,0,0,1,1,0.0150962089407136,0.183216157678734,0.00879353045074374,0.129523239723632,0.0776945452957899,0.00829581678961041,0,82.8995827578622,82.5364326601645
independent,1,89,0,0,0,0.943484022534308,0,1,1,0.000764963942272985,0.0134940470940431,0.000442406094863484,0.00610907254366989,0.00317738549990064,0.00117403735118886,0,4.20073621717124,6.07888803804911
independent,1,90,0,0,0,0,0.0751563886117752,1,1,0.000189893609391201,0.00236854609818294,0.000157261472422196,0.00217021536892236,0.000335828703433796,0.000212728459779802,0,1.04278504946096,1.06699839147354
independent,1,91,0.77231070364528,0,0,0,0,1,1,0.00677998087088344,0.0661436352276661,0.00398224919771963,0.0523127617704279,0.0103708578742112,0.0142256682630383,0,37.2317041655861,29.7968244942646
independent,1,92,0,0.945323083935421,0,0,0,1,1,0.00209100572261523,0.0376818946541433,0.00135831911285459,0.0185614674093095,0.0068450454997079,0.00363303745991456,0,11.4825849741393,16.9751903982326
independent,1,93,0,0,0.245946808409205,0,0,1,1,0.0147930844878203,0.160695269870565,0.0083000955335873,0.105699222655259,0.0719085889284577,0.0076270381429693,0,81.2349998968773,72.3910734103246
independent,1,94,0,0,0,0.962164271975554,0,1,1,0.000778860551099384,0.013734423396732,0.000447934348803411,0.0061855398937193,0.00324181502465873,0.00120072326148668,0,4.27704829512286,6.18717435281165
independent,1,95,0,0,0,0,0.971428337752346,1,1,0.000719343399404179,0.0109069612444515,0.000151795585355122,0.00209470145982645,0.00411659528909026,0.0009098714565313,0,3.95021477938088,4.91344040659458
independent,1,96,-0.808155067208768,0,0,0,0,1,1,0.00666093781719451,0.0690844936262262,0.00363312723355019,0.0524968168684144,0.0105978720062403,0.0142849676064797,0,36.5779890825616,31.1216419353194
independent,1,97,0,-0.497213840952939,0,0,0,1,1,0.00104197880951722,0.0185158698215951,0.000475540834299982,0.0065951236364936,0.00375659523552472,0.00222233696008165,0,5.72194044814462,8.34115212346164
independent,1,98,0,0,0.726999284402733,0,0,1,1,0.0434868113657831,0.416701750499646,0.0224441973844122,0.248312288413949,0.206865528671667,0.0207673377423202,0,238.804227727049,187.718574634636
independent,1,99,0,0,0,0.525145182280272,0,1,1,0.00045959756873801,0.00813402068522639,0.000317412589541091,0.00438123233133074,0.00173430610998009,0.000575705488374102,0,2.52384203441662,3.66426771005523
independent,1,100,0,0,0,0,-0.61720862292545,1,1,0.000478167019865294,0.00713827602137292,0.000155085979473764,0.00213913703388378,0.00262181507880996,0.000598667105870918,0,2.62581463936266,3.21569803456313
independent,2,1,-0.640255830834075,0,0,0,0,1,1,0.00525171787251101,0.0541311642590588,0.00286321936155444,0.0409992396222629,0.00837073543979346,0.011290993239379,0,28.8393743159593,24.3853667181379
independent,2,2,0,1.73967425521133,0,0,0,1,1,0.0037939806002271,0.0670286899943008,0.00236529217822713,0.0320472478522658,0.0127180289559175,0.00684659136654631,0,20.8343306578123,30.1955298490346
independent,2,3,0,0,-1.13732986345011,0,0,1,1,0.0632373875359846,0.559927924775457,0.0408552049926906,0.52647188894639,0.332141878899979,0.0404291947648693,0,347.262883152871,252.24005373375
independent,2,4,0,0,0,0.645569077286337,0,1,1,0.000545808979990929,0.0096692643849593,0.000353626635201054,0.00488161709886223,0.00214971673167768,0.000747936741134939,0,2.99726486857988,4.35587449760798
independent,2,5,0,0,0,0,1.71831822074102,1,1,0.00124456870700087,0.0190230338188415,0.00014012582453711,0.00193272254448682,0.00727986559132447,0.00158232247424042,0,6.83444611352783,8.56962273236824
independent,2,6,-0.583877469606876,0,0,0,0,1,1,0.00477766855831078,0.0491419848517165,0.00260264150432149,0.0371525509286416,0.00762334559733534,0.0102838205072175,0,26.236171716672,22.1378080126134
independent,2,7,0,-1.63720020370232,0,0,0,1,1,0.00350056567466429,0.0647401100338975,0.0019293167470463,0.0270528061695515,0.012072764134677,0.00686648952090969,0,19.2230668630668,29.1645551348915
independent,2,8,0,0,-1.22558496246695,0,0,1,1,0.0678948184000674,0.571279584355115,0.044288142245884,0.548506562394673,0.356154820345244,0.0439467331503307,0,372.83877951681,257.353824802569
independent,2,9,0,0,0,-1.06846550476604,0,1,1,0.000831660442327006,0.0135542663440637,0.000179473354621735,0.00247970852434671,0.00377878560035349,0.00175224060883256,0,4.56699453060623,6.10601600611231
independent,2,10,0,0,0,0,1.21093272837518,1,1,0.000886433972415103,0.0134961152278136,0.000148755962254171,0.00205250447851656,0.00513099709115798,0.00112423684103009,0,4.86777884064797,6.07981970469819
independent,2,11,-1.09365139709828,0,0,0,0,1,1,0.00904887010518905,0.0948345497993605,0.0049214019871162,0.0721678454798918,0.0143914255660833,0.0193571301960427,0,49.6911217310434,42.7216984164517
independent,2,12,0,-1.1864729356874,0,0,0,1,1,0.00252488281083628,0.0462804425920143,0.00135405810392871,0.0189056896239016,0.00879150927764597,0.00502857488454377,0,13.8651851171935,20.8487214330538
independent,2,13,0,0,1.21859540548541,0,0,1,1,0.0721645267685416,0.628050915127286,0.0345235531829469,0.335680203315341,0.329423408483598,0.031852372062268,0,396.285529865479,282.928551282323
independent,2,14,0,0,0,1.95239909130161,0,1,1,0.00152247322119855,0.0264712378538521,0.000734441684785815,0.010150867121984,0.00665452591147869,0.00260619313482781,0,8.36053576716143,11.9249391987946
independent,2,15,0,0,0,0,-1.49494728349186,1,1,0.00108643782960283,0.0165851794148047,0.000144323747538519,0.00198829177813099,0.00634531887797137,0.00138052994272813,0,5.96608347964311,7.47140187453926
independent,2,16,0.975327673490257,0,0,0,0,1,1,0.00853742068545965,0.0825815431912574,0.00502113495781931,0.0650632143227566,0.0130810634971435,0.0179425521384815,0,46.8825395456862,37.2018825464585
independent,2,17,0,-1.28105907562373,0,0,0,1,1,0.00272940544057507,0.0501372241987844,0.00147472751851281,0.0206091330953955,0.00948083402962843,0.00541408248380978,0,14.9883042218954,22.5861500496408
independent,2,18,0,0,1.32420139686676,0,0,1,1,0.0781640481805354,0.672065655973123,0.0368209499383334,0.349570925837788,0.35316222553959,0.033903447749556,0,429.231405466062,302.756604331264
independent,2,19,0,0,0,1.69980261822918,0,1,1,0.00133234158896799,0.0232271985610679,0.000662581449989701,0.00915642070432516,0.0057845516455341,0.00224952450882974,0,7.31644363496552,10.4635428130822
independent,2,20,0,0,0,0,1.58551946275391,1,1,0.00115048772452444,0.0175729854105119,0.000142671603880447,0.00196804449506052,0.0067174682287984,0.0014621042354629,0,6.3178081798999,7.91639528603169
independent,2,21,-1.84606773845559,0,0,0,0,1,1,0.0152994697930211,0.164635144197741,0.00819271053068179,0.124384064871123,0.024455910006894,0.0326102015686769,0,84.0157729161645,74.1659341879678
independent,2,22,0,-1.47620087600086,0,0,0,1,1,0.00315175766109415,0.0581235459996943,0.00172376600449684,0.0241340503125727,0.0109017395720176,0.00620973582414466,0,17.307616507211,26.183881384445
independent,2,23,0,0,0.192983000691175,0,0,1,1,0.0116271163782512,0.127799920340184,0.00659899765032983,0.0852958791618919,0.0565144546820728,0.00606227446298859,0,63.849347887243,57.5721576785163
independent,2,24,0,0,0,-1.16806658392632,0,1,1,0.000907722575686127,0.0149040842314397,0.00021161897312741,0.00292456911386986,0.00412375607455888,0.00189907049380884,0,4.98468344468442,6.71409094107656
independent,2,25,0,0,0,0,-0.758061458632786,1,1,0.000572762146729874,0.00862341510530288,0.000153960917797998,0.00212328964252028,0.00321889161905277,0.000721152697892115,0,3.14527595437213,3.88473336171316
independent,2,26,-0.642904378831232,0,0,0,0,1,1,0.00527397714791095,0.0543659438300738,0.00287543537836327,0.0411801322821948,0.00840585126383338,0.01133828559779,0,28.9616092857053,24.4911317800111
independent,2,27,0,0.831221892817589,0,0,0,1,1,0.00184651265519292,0.0333758064015647,0.00121350676298798,0.0166025757050874,0.00600343679840063,0.00317079719126523,0,10.1399715169396,15.0353551370277
independent,2,28,0,0,-1.83803638184022,0,0,1,1,0.0990763209735783,0.593013655241467,0.0689104039165884,0.62358212855118,0.510403181783979,0.0699409186570312,0,544.06942180978,267.144733535018
independent,2,29,0,0,0,-0.377705122101333,0,1,1,0.000328870088144732,0.00452747758721983,3.99309972511969e-05,0.00055110953994672,0.00138936440852425,0.000741151179877329,0,1.80596288749107,2.03956820038338
independent,2,30,0,0,0,0,-0.386019951196059,1,1,0.00033109385775788,0.00478859273517364,0.000156432654091995,0.00215817795861271,0.00164267649132511,0.000406028775912653,0,1.81817453438888,2.15719708802455
independent,2,31,0.704047482418291,0,0,0,0,1,1,0.00619077353508413,0.0605688020926785,0.00363607294143074,0.0479824670904423,0.0094611754846914,0.0129787767666023,0,33.9961208156563,27.2854366043145
independent,2,32,0,-0.775600120589509,0,0,0,1,1,0.00163856241241337,0.0296489790378045,0.000830193588442204,0.0115453232113183,0.00579261907781603,0.00335511402829619,0,8.99802995872973,13.3564691717166
independent,2,33,0,0,-0.976088811134478,0,0,1,1,0.0546362006590291,0.529654325498275,0.0346763376797256,0.476333577836963,0.287239855288635,0.0341319472820887,0,300.030176840825,238.602201484369
independent,2,34,0,0,0,1.39983102742121,0,1,1,0.00110664280891609,0.0193688874482371,0.000576152794593754,0.00795993912172176,0.00475088044367456,0.00182426594247579,0,6.07703745234437,8.72542517443745
independent,2,35,0,0,0,0,1.11397844530667,1,1,0.000818565538761483,0.0124456948456816,0.000150066482513994,0.00207069921084505,0.00472035440470916,0.00103723924371258,0,4.49508495078394,5.60661934817327
independent,2,36,1.91091510940761,0,0,0,0,1,1,0.0167142497880643,0.155524776772677,0.00997627556985329,0.121119119428671,0.025746617993579,0.0352529365597176,0,91.7849202394333,70.0618353081809
independent,2,37,0,-1.31402908515566,0,0,0,1,1,0.00280072759426424,0.0514838305088031,0.00151679566791113,0.021203689969827,0.00972102020158606,0.00554848232932703,0,15.37996392967,23.1927782118878
independent,2,38,0,0,-1.93649339562557,0,0,1,1,0.103867149025813,0.591822164589537,0.0729519213001897,0.627459614310493,0.533144125081348,0.0744267582467918,0,570.377857798885,266.607982905575
independent,2,39,0,0,0,1.49708643491021,0,1,1,0.00117978198215518,0.0206203715061393,0.000604303842865596,0.0083496560842591,0.00508607270810112,0.00196233871539021,0,6.47867517268775,9.28920203221566
independent,2,40,0,0,0,0,0.151521747445065,1,1,0.000211994835007024,0.00277512463234019,0.000157159829742241,0.00216886866847957,0.000650053021673011,0.000244336936666759,0,1.16415210189012,1.25015659231509
independent,2,41,-0.620608381355563,0,0,0,0,1,1,0.00508656439403794,0.0523906350041609,0.00277252731226276,0.0396578483859499,0.00811025346695474,0.0109401056370501,0,27.9324476491255,23.6012815290367
independent,2,42,0,1.9542074111518,0,0,0,1,1,0.00425356667486375,0.0747535788199756,0.00263688886732068,0.0356433405179169,0.0143082264557471,0.00771311945464674,0,23.3581095733221,33.6754891192512
independent,2,43,0,0,0.74108218784832,0,0,1,1,0.0443211061202049,0.423201964518187,0.0228230541806695,0.251486805273238,0.210628257869504,0.0211195840466355,0,243.385688364634,190.646834256578
independent,2,44,0,0,0,-0.794582539693405,0,1,1,0.000625067196094173,0.00988238660916761,9.17428307843565e-05,0.00126685892133306,0.00283068424117653,0.00134974487236083,0,3.4325048066925,4.45188321392217
independent,2,45,0,0,0,0,-0.9028744935617,1,1,0.000671940456043039,0.0101701427001055,0.000152563974421084,0.00210365262099562,0.00383298620226912,0.000849000015608415,0,3.68990543671307,4.58151349065733
independent,2,46,-0.0639188040253083,0,0,0,0,1,1,0.000391398868405512,0.00411546824460926,0.000150327624495439,0.00208248036338925,0.000734888415592055,0.000951369859619201,0,2.1493345124026,1.8539634928479
independent,2,47,0,-1.6269551027037,0,0,0,1,1,0.00347836080438434,0.0643183713800784,0.00191623437369427,0.0268667903785846,0.0119982812195754,0.00682468908141324,0,19.1011306545372,28.9745675025662
independent,2,48,0,0,-0.842840590248526,0,0,1,1,0.0474407746586224,0.492989588563213,0.0296642417009332,0.424918108028806,0.249235849389191,0.02905183265329,0,260.517090108827,222.085227057093
independent,2,49,0,0,0,0.571992816256932,0,1,1,0.000492877217452645,0.00872994733252072,0.000331523041206249,0.00457618151692956,0.00189590362106435,0.000642676308517929,0,2.70659447270137,3.93272470761465
independent,2,50,0,0,0,0,1.88369585368536,1,1,0.00136195814350403,0.0208311026476764,0.000136671683468547,0.00188481910281539,0.00798019559930747,0.00173224099927884,0,7.47908049455095,9.38413359771314
independent,2,51,-1.49873752336399,0,0,0,0,1,1,0.012420935001252,0.132064604268867,0.00670471179844176,0.100250389969213,0.0197950752775203,0.0265131099384216,0,68.208537196998,59.493340844653
independent,2,52,0,0.597670740486074,0,0,0,1,1,0.00134688611717736,0.0244984230541693,0.000916962399632642,0.012576137293764,0.00428236315995975,0.00222415381058403,0,7.39631370861791,11.0362124733356
independent,2,53,0,0,-0.63974621365627,0,0,1,1,0.0363208544340342,0.412142830350174,0.0221906122149214,0.330790950335109,0.190056515012165,0.0215277162914026,0,199.452967948134,185.664841979792
independent,2,54,0,0,0,1.47750928078593,0,1,1,0.00116505535139582,0.0203684900528332,0.000598647124966585,0.00827134461370753,0.00501860426212795,0.00193456019990246,0,6.39780509794418,9.17573280072136
independent,2,55,0,0,0,0,0.728008093504251,1,1,0.000552390751040359,0.00830458523603181,0.000154203418044044,0.00212810119959058,0.00308567806916642,0.000694800452124631,0,3.03340811990532,3.74110476274819
independent,2,56,1.05401368068781,0,0,0,0,1,1,0.00922064787216137,0.0888951518044699,0.00542756021787053,0.0699521364273993,0.0141336235773918,0.0193866494960459,0,50.6344251302615,40.0460789249285
independent,2,57,0,-1.16763043670623,0,0,0,1,1,0.00248415687165423,0.0455133018829637,0.00133002274535734,0.0185667471655264,0.00865414198348357,0.00495178964883513,0,13.6415419907057,20.5031347867906
independent,2,58,0,0,-1.54546013527966,0,0,1,1,0.0844504074748234,0.591394281848096,0.0570007644034978,0.601477452834643,0.439489124231607,0.057148369018059,0,463.752427572281,266.415227443814
independent,2,59,0,0,0,-1.41805317021436,0,1,1,0.00110003073161728,0.0183183333636034,0.000292869510107165,0.00405029902032041,0.00499000305598918,0.00226863840068414,0,6.04072777675716,8.25216458672076
independent,2,60,0,0,0,0,1.81891437649984,1,1,0.00131594794567418,0.0201225828667272,0.000138062209191181,0.0019041003363251,0.00770586868304574,0.0016734911450289,0,7.22641929877122,9.06495489682995
independent,2,61,-1.77746380258976,0,0,0,0,1,1,0.0147317216201286,0.158154203831416,0.00790177725673101,0.119618431341316,0.0235329015089734,0.0314087738126726,0,80.8980307844037,71.2463570889999
independent,2,62,0,0.669594455670813,0,0,0,1,1,0.00150056885588321,0.0272408483662364,0.00100830403842219,0.0138185077420254,0.00481215006148341,0.00251574970887374,0,8.24024975678964,12.2716384584818
independent,2,63,0,0,1.45093372534764,0,0,1,1,0.0852649310493117,0.725515175172577,0.0394461959527926,0.364617190341201,0.380369420869236,0.0362127225798667,0,468.225316410579,326.834899051642
independent,2,64,0,0,0,1.66907160991328,0,1,1,0.00130920909414049,0.0228321856301857,0.000653781548148434,0.00903460780245732,0.00567868149328009,0.0022060419171311,0,7.18941345295894,10.2855947620876
independent,2,65,0,0,0,0,0.632575397447341,1,1,0.000488364126966942,0.00729901798380787,0.000154959688713303,0.00213857776188918,0.00268157568978206,0.000611897497704131,0,2.6818112095866,3.28811014235025
independent,2,66,1.87746413425784,0,0,0,0,1,1,0.0164232818131526,0.15300045109823,0.00979667250078974,0.119198903319302,0.0252799161176513,0.0346273372290055,0,90.1870936717957,68.9246602976305
independent,2,67,0,-1.25616644882476,0,0,0,1,1,0.00267556709638621,0.049121284622475,0.00144296786365198,0.0201605064018158,0.0092994597458652,0.0053126173609952,0,14.6926554078681,22.1284828357377
independent,2,68,0,0,1.39070996538801,0,0,1,1,0.0819047435120639,0.700000827213577,0.0382163236867087,0.357672536882818,0.367615277600953,0.035135838724534,0,449.773124478155,315.341025973709
independent,2,69,0,0,0,1.33519565194127,0,1,1,0.00105806912697601,0.0185369281463257,0.000557375113085647,0.00769999889938066,0.00452808311589501,0.00173240131233929,0,5.81029909560463,8.35063861757375
independent,2,70,0,0,0,0,1.8053719912866,1,1,0.00130633378057996,0.0199745100968302,0.000138346797185687,0.0019080470039656,0.00764852053207638,0.00166121337450329,0,7.17362390636469,8.99825009111714
independent,2,71,1.24532718139406,0,0,0,0,1,1,0.0108866777643699,0.10411098136103,0.00642453428720338,0.0817113028251757,0.0166983737839596,0.0229060347100175,0,59.7832904823918,46.9006069724258
independent,2,72,0,0.596936113317141,0,0,0,1,1,0.00134531761834943,0.024470375355012,0.000916029352532501,0.0125634367630228,0.00427695298880375,0.00222117513468342,0,7.38770042703826,11.0235773593691
independent,2,73,0,0,-1.8872778753802,0,0,1,1,0.101481315476622,0.592485624949748,0.0709305798146254,0.625692090358402,0.521845289701907,0.0721721642124788,0,557.276250200951,266.906862939067
independent,2,74,0,0,0,-0.301233366639662,0,1,1,0.000281327523190581,0.00363783800422295,6.38415166111466e-05,0.0008810648935305,0.00112540689296765,0.000630246676298765,0,1.54488682439364,1.63879744706045
independent,2,75,0,0,0,0,-1.35059836954632,1,1,0.000984601337586683,0.0150133114004373,0.000146706744043467,0.00202159073220554,0.00573260793465065,0.00125018484417831,0,5.40685680685278,6.76329632226591
independent,2,76,-0.387259025587049,0,0,0,0,1,1,0.00312101569800261,0.0318710731041197,0.00168576312614075,0.0237996371292588,0.00501802989211141,0.00676409675267083,0,17.138799559628,14.3574928783188
independent,2,77,0,1.92556455608032,0,0,0,1,1,0.00419222027840125,0.0737273376021901,0.0026006362821116,0.0351643617369214,0.0140958174291089,0.00759746130956546,0,23.0212309112413,33.2131811534146
independent,2,78,0,0,0.345778266000941,0,0,1,1,0.0207629967956632,0.220081447655808,0.0114288139543794,0.141412104284972,0.100729019836163,0.0105185837512327,0,114.018279551048,99.1437535550037
independent,2,79,0,0,0,-0.814227596208049,0,1,1,0.000639716983188482,0.0101433924013079,9.8003218313738e-05,0.00135335439672563,0.00289866413735905,0.00137855175034933,0,3.51295290080535,4.56946283822951
independent,2,80,0,0,0,0,0.150172255988002,1,1,0.000211501542728594,0.00276624831114824,0.00015716221502058,0.00216890070513096,0.000644418679248959,0.000243640664129449,0,1.16144322814439,1.24615792813824
independent,2,81,-1.62666862852508,0,0,0,0,1,1,0.0134824116120179,0.143991335266366,0.00725715613980222,0.109139521760887,0.0215083757756079,0.0287630152593828,0,74.0375482079945,64.8661739086292
independent,2,82,0,1.86293477976371,0,0,0,1,1,0.00405806621406145,0.0714778572413404,0.00252135761480745,0.0341158080863393,0.0136314736939022,0.00734452923558066,0,22.2845349630918,32.1998202867972
independent,2,83,0,0,-0.312292479681079,0,0,1,1,0.0179718409970037,0.218023692956433,0.0105449755730911,0.156538542048856,0.0927416247055677,0.00999792720830193,0,98.6908783452373,98.2167625388843
independent,2,84,0,0,0,0.225848601781876,0,1,1,0.000264050592929238,0.00442863594183646,0.000226593740798696,0.00312706628974543,0.000703169027318618,0.000156739583900105,0,1.45001199087572,1.99504135891065
independent,2,85,0,0,0,0,0.992120545893203,1,1,0.00073369608531829,0.0111298135850823,0.000151559205238241,0.00209142066683927,0.00420423474379731,0.000928311254020395,0,4.02903136693655,5.01383241043676
independent,2,86,0.987618295352001,0,0,0,0,1,1,0.00864406304891428,0.0835698405123256,0.00508447890878063,0.0658288358771969,0.0132453885877279,0.0181679881541038,0,47.468157263977,37.6470972934657
independent,2,87,0,0.966034216236651,0,0,0,1,1,0.00213539895842705,0.0384612139815938,0.00138460026163848,0.0189164551781766,0.00699786499134363,0.00371692412375273,0,11.7263667567394,17.3262633494712
independent,2,88,0,0,-1.60392593190694,0,0,1,1,0.0874160550435591,0.592594382618234,0.0593636224626969,0.607481336983517,0.454067100703694,0.0596451649278342,0,480.038035900874,266.955856816545
independent,2,89,0,0,0,0.220282474252444,0,1,1,0.000260947508604298,0.00436328016628314,0.000224893771622126,0.00310359897701612,0.00068405924966219,0.000149634665797177,0,1.43297165996812,1.96559945467986
independent,2,90,0,0,0,0,-1.3547006968532,1,1,0.000987490712687263,0.0150579351441695,0.000146642345523689,0.0020206902883484,0.00575001926924443,0.00125388460693891,0,5.42272357123115,6.78339872298351
independent,2,91,-1.85582190183584,0,0,0,0,1,1,0.0153801627381494,0.165558522683155,0.00823395747554432,0.125061487664407,0.0245872486545953,0.0327809065281211,0,84.4588915500487,74.5819038663345
independent,2,92,0,0.664721198271777,0,0,0,1,1,0.00149014935478365,0.0270552628337226,0.00100211562689801,0.0137343971150509,0.00477624738274047,0.00249599433503668,0,8.18303192832086,12.1880346540953
independent,2,93,0,0,-0.594817855719132,0,0,1,1,0.0338352164679048,0.389878207101256,0.0205639847150486,0.307917993197799,0.176805281735764,0.0199002267791821,0,185.803292649622,175.634926492149
independent,2,94,0,0,0,-1.84675243362508,0,1,1,0.00143305577870976,0.0242449774695404,0.000434110808292459,0.0060123202266531,0.00647691294164849,0.00290584764800823,0,7.86950727764416,10.9220386215653
independent,2,95,0,0,0,0,1.92252813121074,1,1,0.00138955308536631,0.0212559616853345,0.000135815034578195,0.00187294284368575,0.00814463327608729,0.00176747098233343,0,7.63061583535038,9.57552692129336
independent,2,96,-0.309275978058609,0,0,0,0,1,1,0.00246251287444837,0.0250791029633892,0.00131860111537117,0.0185327404729747,0.00398502046135241,0.00536498263093483,0,13.5226857702715,11.2978010189729
independent,2,97,0,-0.31633918521216,0,0,0,1,1,0.000660027601143001,0.0113721747004046,0.000245241344733437,0.00339504825218749,0.00243197824023496,0.00148681505671529,0,3.62448697936749,5.12301285678865
independent,2,98,0,0,1.67399262140648,0,0,1,1,0.0974639849450719,0.822509266367612,0.0437319649832708,0.387470054653464,0.424860056945863,0.0398866704001634,0,535.215411869034,370.5294420318
independent,2,99,0,0,0,-0.766495487176583,0,1,1,0.000604182184737324,0.00951000537115774,8.28008620608951e-05,0.00114332601108212,0.00273349888770262,0.00130857660008749,0,3.31781649427079,4.28413043837929
independent,2,100,0,0,0,0,-1.36678060327148,1,1,0.000996000665336601,0.0151893540582023,0.000146451584397017,0.00201802318861319,0.00580129006501854,0.00126478079931786,0,5.46945527232842,6.84260118899832
independent,5,1,2.40723976284068,0,0,0,0,1,1,0.0210417220742112,0.192271202743134,0.0126750967495869,0.148871051878424,0.0327595745804528,0.0445904792596849,0,115.548876364224,86.6156095551581
independent,5,2,0,1.83265053193966,0,0,0,1,1,0.00399318937651125,0.0703874244063406,0.00248301815951201,0.033608181488458,0.0134069947873591,0.00722220740702743,0,21.9282691757884,31.7085948545174
independent,5,3,0,0,-4.17932706006276,0,0,1,1,0.184921767176554,0.559712953949399,0.143400633327247,0.610493385733354,0.923291502554838,0.174217455973562,0,1015.48258917104,252.143212246986
independent,5,4,0,0,0,4.72576431947247,0,1,1,0.00358962584227648,0.0611020011765994,0.00146833631704915,0.0201716793325605,0.0161716968205424,0.00643052124738601,0,19.7121334071502,27.5256356721373
independent,5,5,0,0,0,0,-4.32310608284174,1,1,0.00310532140389029,0.0475949337292546,4.96150256080023e-05,0.000681015380409818,0.0183665767259844,0.00395667853055939,0,17.0526156416192,21.4408821387786
independent,5,6,3.1795365250475,0,0,0,0,1,1,0.0278218990803538,0.246827518630568,0.0170036959545303,0.189260879998274,0.0440276829671771,0.0593391089644034,0,152.781657590363,111.192501405087
independent,5,7,0,-2.81479653543191,0,0,0,1,1,0.00605943560479826,0.113691883839673,0.00343505144554609,0.0486814759579483,0.0206020072737721,0.0116784527459938,0,33.2748894347355,51.2166756110811
independent,5,8,0,0,0.714175748076866,0,0,1,1,0.0427266650543735,0.410745273621983,0.0220974973767564,0.245379550189488,0.203427896398579,0.0204448722334556,0,234.629947131287,185.035261334468
independent,5,9,0,0,0,4.15320180364077,0,1,1,0.00316681678334683,0.0541962551306225,0.00132500512053765,0.0182402330609128,0.0142127308956341,0.00565502112326514,0,17.390312431489,24.4146892866585
independent,5,10,0,0,0,0,0.208927386037927,1,1,0.000235709973529476,0.00319392711728269,0.000157038736777539,0.00216723140752664,0.00089074504635816,0.00027743066620885,0,1.2943818235558,1.4388215197664
independent,5,11,-4.1093815812981,0,0,0,0,1,1,0.0339480384379096,0.392445646364854,0.0170051014567295,0.275731188459233,0.0559996361063474,0.0713940131560366,0,186.422845166155,176.791523598943
independent,5,12,0,0.679132728103474,0,0,0,1,1,0.0015209650102384,0.0276039896521386,0.00102041619924308,0.0139831064560081,0.00488242395986857,0.00255441544504621,0,8.35225355142116,12.4352287589757
independent,5,13,0,0,4.00160468075541,0,0,1,1,0.1916679569164,1.31881974625133,0.069801584544339,0.479630559511156,0.69013155928881,0.0575909797229361,0,1052.52873213547,594.110686286936
independent,5,14,0,0,0,-1.35904791284836,0,1,1,0.00105448687855596,0.0175093440013944,0.000273618133177948,0.00378338932565498,0.00478548632639277,0.00218127431193917,0,5.79062747470144,7.88772568098935
independent,5,15,0,0,0,0,1.17504928127322,1,1,0.000861285106119099,0.0131070424934185,0.000149253679391225,0.00205941470344632,0.00497901571329292,0.00109200939596978,0,4.72967592150055,5.90454763290517
independent,5,16,2.62331187921697,0,0,0,0,1,1,0.0229324436852306,0.207855146427203,0.0138701434499373,0.160515409121088,0.0358667434340199,0.048689026228506,0,125.931617705466,93.6359681018937
independent,5,17,0,-4.25346729282852,0,0,0,1,1,0.00920106518932846,0.173921088536915,0.00527982797357381,0.0757236802603267,0.0309324920718912,0.0175759524503036,0,50.5268884472106,78.3491281231893
independent,5,18,0,0,0.946816146280968,0,0,1,1,0.0564372381329488,0.514150603782077,0.0281339871303468,0.292825808396759,0.263999738759344,0.0260354366223511,0,309.920425161154,231.617981863004
independent,5,19,0,0,0,3.04090465604798,0,1,1,0.00233926806901963,0.0403534936764184,0.00103447473818903,0.0142863114853346,0.0103980600233913,0.00412753381642416,0,12.8458971151038,18.1787100855279
independent,5,20,0,0,0,0,3.47247620300859,1,1,0.00249605475982847,0.0382583482022181,8.75705185909983e-05,0.0012064068951149,0.0147048092233082,0.00317795349797647,0,13.7068782595145,17.2348750246061
independent,5,21,-3.24729855583092,0,0,0,0,1,1,0.026844148725142,0.302316086654371,0.0138237123101978,0.220122691801707,0.0436783396339671,0.0568271045501077,0,147.412422386562,136.189360394654
independent,5,22,0,3.54779764980532,0,0,0,1,1,0.0076584553817214,0.129256055921225,0.00464940932537101,0.0617278460424187,0.0261715296914096,0.0141308693440784,0,42.0557742813274,58.228127314881
independent,5,23,0,0,-1.42964923911947,0,0,1,1,0.0785185169265771,0.587139042009655,0.052353198990239,0.586585954515496,0.410009594546182,0.0522824370975015,0,431.177941266074,264.498298714231
independent,5,24,0,0,0,4.2492758668015,0,1,1,0.00323791495147811,0.0553667659140524,0.00134934787053275,0.0185689583435029,0.0145416635371038,0.00578565713175327,0,17.7807421410988,24.9419887654739
independent,5,25,0,0,0,0,1.8830004857236,1,1,0.00136146410019006,0.0208234956901135,0.000136686865548464,0.00188502959641503,0.00797725099681241,0.00173161022508465,0,7.47636749655567,9.38070676490214
independent,5,26,2.2520784105106,0,0,0,0,1,1,0.0196866608506172,0.180925893349589,0.0118245062389345,0.140344946633748,0.0305489790646793,0.0416600486548709,0,108.1076697349,81.5046991603936
independent,5,27,0,3.56332905913378,0,0,0,1,1,0.00769155469312986,0.129761522015393,0.00466897984477173,0.0619765508333119,0.0262875755620922,0.0141932485992807,0,42.2375364122114,58.4558330411219
independent,5,28,0,0,-4.82596575768444,0,0,1,1,0.197176184898601,0.558954014136765,0.147795847973505,0.600321043760157,0.958394149844313,0.173814999855645,0,1082.77671050229,251.801319995057
independent,5,29,0,0,0,-3.14660484223928,0,1,1,0.00245856078417628,0.0425560399130078,0.000877377854215725,0.0122105021865422,0.0109968163210176,0.00486487189575866,0,13.5009831934283,19.1709277558489
independent,5,30,0,0,0,0,-0.692634772652219,1,1,0.00052853137149,0.00793053715399966,0.000154512184075553,0.00213105017779881,0.0029415146842597,0.000663965692976052,0,2.90238631056537,3.57260109622963
independent,5,31,-0.308909930134044,0,0,0,0,1,1,0.00245942011054921,0.0250473056260829,0.00131687296407486,0.0185080595228664,0.0039801717748148,0.00535841108770061,0,13.5057021131285,11.283476743087
independent,5,32,0,1.26855106635849,0,0,0,1,1,0.00278403005928369,0.0497604051702517,0.00176831579799438,0.0240811081446491,0.00923191188807153,0.00494161024121438,0,15.2882707974135,22.4163981087225
independent,5,33,0,0,3.50547837162729,0,0,1,1,0.177138189299677,1.45570722801433,0.0663712682186634,0.469669931109649,0.655618549616828,0.0559539824030085,0,972.739715056719,655.776669045741
independent,5,34,0,0,0,-3.9630044015063,0,1,1,0.0031123302357488,0.0541450372710941,0.00116763701849463,0.0162820976543073,0.0138446522170651,0.00611641172877837,0,17.0911040620546,24.3916163248219
independent,5,35,0,0,0,0,4.14360303954248,1,1,0.00297669575144174,0.0456255066966616,5.82661872840529e-05,0.00080279675856481,0.0175422422930042,0.00378992095507132,0,16.3462785101037,20.5536815571588
independent,5,36,4.78754489221407,0,0,0,0,1,1,0.0422897331615224,0.372379026802187,0.0257117749169289,0.264569916250228,0.0681389836710952,0.0921953607991243,0,232.230571781276,167.751779423348
independent,5,37,0,-0.507331193575163,0,0,0,1,1,0.00106354209165102,0.0189180361248812,0.000488425775482799,0.00677450068470459,0.00383064787781779,0.00226348993811301,0,5.84035342843671,8.52232267320958
independent,5,38,0,0,-2.70313319611388,0,0,1,1,0.13822971651214,0.578127728166977,0.103846077278939,0.63281305765417,0.693836644052739,0.113038203997363,0,759.07705494783,260.438822150706
independent,5,39,0,0,0,1.39420118523065,0,1,1,0.00110241071611011,0.0192964291096451,0.000574519407966277,0.0079373275017128,0.00473147540317395,0.00181626760978156,0,6.05379726474588,8.69278366039395
independent,5,40,0,0,0,0,3.38374886271153,1,1,0.00243255220593299,0.0372841178966875,9.10672553869763e-05,0.00125460253247469,0.0143295001284087,0.00309708054093382,0,13.358159237231,16.7959972802702
independent,5,41,-0.337938494738161,0,0,0,0,1,1,0.00270463400114226,0.0275714037640896,0.00145378307705873,0.0204665424067512,0.00436469005063005,0.00587943039381746,0,14.8522739111494,12.4205492515092
independent,5,42,0,-3.64549917885821,0,0,0,1,1,0.00787147121196732,0.148502531799805,0.00449956428524147,0.064218157092789,0.0265793305991508,0.015081315550129,0,43.2255330941232,66.8984077116753
independent,5,43,0,0,-4.12596445744826,0,0,1,1,0.183708902284958,0.559990530928356,0.142742255525479,0.61168010089792,0.918422920110318,0.173650635906015,0,1008.82224193752,252.268256969689
independent,5,44,0,0,0,-1.82002164898582,0,1,1,0.00141219680485869,0.0238731667552784,0.000425233174320687,0.00588879468752088,0.00638414676381334,0.00286598842162923,0,7.75496194803181,10.7545428593529
independent,5,45,0,0,0,0,4.99687029017885,1,1,0.00358827826894864,0.0549811144877036,1.41879363900513e-05,0.000195658959674376,0.0211452409283821,0.00456843210984801,0,19.7047333196811,24.7682579472731
independent,5,46,-4.01201458971316,0,0,0,0,1,1,0.0331437520923917,0.382040290654339,0.0166561435191779,0.269633800542413,0.0545838650475085,0.0697626586412568,0,182.006173224005,172.104049787752
independent,5,47,0,2.57132025895199,0,0,0,1,1,0.00557409178501091,0.0964715984882317,0.00341727625106101,0.0458766715008258,0.0188917842288423,0.0102023926592473,0,30.6096639922095,43.459166992271
independent,5,48,0,0,-2.00662762150046,0,0,1,1,0.107234887274818,0.590698219193197,0.0758343260486376,0.629465881386744,0.549013349932599,0.0776834602206866,0,588.871513840387,266.101660511884
independent,5,49,0,0,0,2.20177557118082,0,1,1,0.00171005896983397,0.0296679446447092,0.00080456029411142,0.0111203518875085,0.00751297719974478,0.00295699789844799,0,9.39064739017017,13.3650129243909
independent,5,50,0,0,0,0,-4.56445600069174,1,1,0.00327829719591113,0.0502419297584275,3.73884896740615e-05,0.000513195038762943,0.0193930606296515,0.00417721673615271,0,18.0024978963,22.6333185061903
independent,5,51,-2.0106695019199,0,0,0,0,1,1,0.0166602241530023,0.180281184750513,0.00888482708753292,0.135807862016664,0.0266759196936603,0.0354869966993524,0,91.4882429330674,81.2142665449123
independent,5,52,0,-4.27863618799296,0,0,0,1,1,0.00925616962231961,0.174970167409422,0.00531215057762978,0.0762023135999205,0.0311123064338683,0.0176793001798213,0,50.8294898831748,78.8217241475405
independent,5,53,0,0,2.78709826897815,0,0,1,1,0.150772794210006,1.35338782569515,0.059705690708664,0.450802129989652,0.588746672335147,0.0520026624856419,0,827.956328660598,609.683144509801
independent,5,54,0,0,0,-3.72551696193226,0,1,1,0.00292142970099035,0.0507743021570831,0.00108224228897484,0.0150849395873076,0.0130155397357196,0.00575065793183352,0,16.0427895652243,22.8731451633392
independent,5,55,0,0,0,0,-2.99165911550388,1,1,0.00215209129306057,0.0329791488173021,0.000105503529249909,0.00144979878088726,0.0127042321053002,0.00274124471288078,0,11.8180313317203,14.8566661916453
independent,5,56,1.25742407496119,0,0,0,0,1,1,0.0109922544043934,0.105066647721215,0.00648799401267882,0.0824486591723521,0.0168608299847884,0.0231289661263461,0,60.3630558686088,47.3311219072565
independent,5,57,0,4.73921253377994,0,0,0,1,1,0.0101924909062941,0.16655911964298,0.00614812548702939,0.0804918539361031,0.0350955670020972,0.0189060937681062,0,55.9712207689638,75.0326594363721
independent,5,58,0,0,-1.102235746359,0,0,1,1,0.0613753493186818,0.554471123882805,0.0394999724309019,0.516672567776126,0.322478924831279,0.0390445156854351,0,337.037654295758,249.78183779296
independent,5,59,0,0,0,-3.03177724333514,0,1,1,0.00236717731306361,0.0409272113663249,0.000837294854461352,0.0116482362620467,0.0105968149474544,0.00469015525373811,0,12.9991584203374,18.4371622443269
independent,5,60,0,0,0,0,-3.53413980766538,1,1,0.00254019438121937,0.0389354050534971,8.5133461332055e-05,0.00116908380224848,0.0150109869916511,0.00323616663978073,0,13.9492673394992,17.5398800957782
independent,5,61,-3.24263078655229,0,0,0,0,1,1,0.0268057521430034,0.301839932560526,0.013805915006839,0.219812666886436,0.0436128349103191,0.0567475035988815,0,147.201570731612,135.974859333174
independent,5,62,0,-0.983299532906077,0,0,0,1,1,0.00208609311095969,0.038030137651019,0.0010949476394041,0.0152580276424566,0.00730949755418725,0.00420082743138459,0,11.4556077735656,17.1320692184478
independent,5,63,0,0,0.304518774448225,0,0,1,1,0.0182955833307501,0.195960719449223,0.0101480566044098,0.127079989444944,0.0888534340228314,0.00933299889544421,0,100.468682593578,88.2776875673749
independent,5,64,0,0,0,2.43907610917854,0,1,1,0.00188835232793855,0.0327026873081307,0.000870520993819254,0.0120310688887572,0.00832943288236444,0.00328957774163081,0,10.3697306191725,14.7321239731862
independent,5,65,0,0,0,0,-2.09643409432041,1,1,0.00151325384676832,0.0231598282884218,0.000131807858476631,0.00181397585867508,0.00889959254920472,0.00192601919249812,0,8.30990833503221,10.4331934048095
independent,5,66,0.806305375940086,0,0,0,0,1,1,0.00707372467077548,0.0689109493173107,0.00415523215359124,0.0544612569109304,0.0108241604635691,0.0148471520926011,0,38.8447739465087,31.0434625413847
independent,5,67,0,3.69041640959716,0,0,0,1,1,0.00796232893760656,0.133878569864086,0.00482908517129932,0.0640075580227816,0.0272374273690492,0.0147035472624202,0,43.7244707794323,60.310508124518
independent,5,68,0,0,-0.949947047254816,0,0,1,1,0.0532307419060943,0.523374831747001,0.0336862364006507,0.466955531438505,0.279843685180759,0.0331264635590399,0,292.312216347615,235.773373395687
independent,5,69,0,0,0,-1.20210478688391,0,1,1,0.000933798906230331,0.01536684630226,0.000222634159144147,0.00307707146614603,0.00424166966519279,0.00194930351146872,0,5.12787945703826,6.92255907500016
independent,5,70,0,0,0,0,-2.56682512135608,1,1,0.00184859284762996,0.0283165902954871,0.000119126324326639,0.00163810363975079,0.0108983311914121,0.00235406657493999,0,10.1513947216504,12.7562458338805
independent,5,71,-1.82798923242479,0,0,0,0,1,1,0.0151498928597989,0.162925001571366,0.0081161851097615,0.123128404804813,0.0242125546732975,0.0322937387527442,0,83.1943835592062,73.3955377692819
independent,5,72,0,-1.02768724495291,0,0,0,1,1,0.00218188575072564,0.0398284396667419,0.00115154545977874,0.0160536074246193,0.00763342938822182,0.00438162820082663,0,11.981645131624,17.9421802648961
independent,5,73,0,0,0.915761168144322,0,0,1,1,0.0546181182064255,0.500815151265017,0.0273589269906245,0.287144181481371,0.25614439075783,0.0253213788386901,0,299.930878547991,225.610538564269
independent,5,74,0,0,0,1.87863138120346,0,1,1,0.00146695431519997,0.0255244146916501,0.000713542724350751,0.00986172135071827,0.00640050487146491,0.00250216995009282,0,8.05565828695893,11.4984080065773
independent,5,75,0,0,0,0,3.31381913033446,1,1,0.00238251171976556,0.0365162816007469,9.3760698736398e-05,0.00129173448889033,0.0140336776043003,0.00303334783834531,0,13.0833660463993,16.4500972814008
independent,5,76,1.46115178038686,0,0,0,0,1,1,0.0127744663602569,0.121045767013735,0.0075642645030698,0.0947536140831899,0.0196023700149541,0.0268906488949342,0,70.1499254136307,54.5295017890593
independent,5,77,0,4.31797587781818,0,0,0,1,1,0.00929772490555997,0.153711287828819,0.00561883239141682,0.0739306246025251,0.0319353561974607,0.0172200809490413,0,51.0576872839619,69.2448827533896
independent,5,78,0,0,-4.03597381543849,0,0,1,1,0.181587381767611,0.560574987764109,0.141500932548763,0.613728034814928,0.909416673539206,0.172367340928947,0,997.172087492054,252.531546970299
independent,5,79,0,0,0,2.89515595618313,0,1,1,0.00223025272874732,0.0385080876276728,0.000995207009933393,0.0137475075642891,0.00989736652574623,0.00392533343648485,0,12.2472483908928,17.3473793011545
independent,5,80,0,0,0,0,4.61111325117578,1,1,0.00331174017609291,0.0507534975549162,3.49311869651191e-05,0.0004814721206686,0.0195170658138663,0.0042164209291321,0,18.1861472558271,22.8637729678543
independent,5,81,-4.78828865736319,0,0,0,0,1,1,0.0395801858800944,0.466709387202636,0.0193672357691105,0.316715475901498,0.0660697127930196,0.0826627591554686,0,217.351316997826,210.246347247725
independent,5,82,0,3.96398028926675,0,0,0,1,1,0.00854479796547658,0.142625795721483,0.00517352520793222,0.06835492256937,0.0292838081299258,0.0158012320987902,0,46.9230512687084,64.2510165768797
independent,5,83,0,0,-1.99163931785505,0,0,1,1,0.106518427795103,0.590952899401121,0.0752182662418977,0.629083308417202,0.545644545261617,0.0769830632412657,0,584.937135867444,266.216390544964
independent,5,84,0,0,0,4.15487289341341,0,1,1,0.00316805397317846,0.0542166537799585,0.00132542954487513,0.0182459674473714,0.0142184530470451,0.00565729513827036,0,17.3971063571188,24.4238786058136
independent,5,85,0,0,0,0,-1.33418074462772,1,1,0.000973041087145743,0.014834757231158,0.00014696252067249,0.00202516742319973,0.00566292827008037,0.00123538128548535,0,5.34337464772965,6.68286005313099
independent,5,86,1.45271114832029,0,0,0,0,1,1,0.0127004715627193,0.12038807700058,0.00751939127401005,0.0942480941734428,0.0194885679902396,0.0267345258604893,0,69.7435891032226,54.2332212198684
independent,5,87,0,-0.929980866542054,0,0,0,1,1,0.00197108810671295,0.0358732343585355,0.00102696999610025,0.0143033645660719,0.00692027647908203,0.00398367785359947,0,10.8240673050571,16.160413085004
independent,5,88,0,0,4.32947859875062,0,0,1,1,0.19978117509311,1.20763521888957,0.0716596650859017,0.483101597887393,0.70905551646296,0.058327373970874,0,1097.08179869107,544.023541289946
independent,5,89,0,0,0,0.527751050467572,0,1,1,0.000461438421630957,0.00816711430286905,0.000318198221596847,0.00439208588879942,0.00174329450618931,0.000579429001184653,0,2.53395092581731,3.67917594292427
independent,5,90,0,0,0,0,-3.16135304230326,1,1,0.00227343816405613,0.0348422191120393,9.94891983674139e-05,0.00136682544418833,0.0134257340078117,0.00289600786935543,0,12.4843976369305,15.695954482978
independent,5,91,1.4547642211959,0,0,0,0,1,1,0.0127184685836975,0.120548086039422,0.00753030384976923,0.0943710896851923,0.0195162470408673,0.0267724985492476,0,69.8424182553519,54.3053031553631
independent,5,92,0,-1.67668074812761,0,0,0,1,1,0.00358614498515808,0.0663661769271409,0.00197973388571723,0.0277699943682629,0.0123597475775366,0.00702758228737846,0,19.6930185681937,29.8970765584138
independent,5,93,0,0,0.427662250947234,0,0,1,1,0.0256583819670256,0.266184293108849,0.0139192254050469,0.168132449664546,0.12411833763734,0.0128300870785351,0,140.900882311697,119.912469848297
independent,5,94,0,0,0,4.74390843624931,0,1,1,0.00360298880629324,0.0613180333297754,0.00147281025898081,0.0202318420613223,0.0162337226311767,0.00645497744093895,0,19.7855150187686,27.6229552725969
independent,5,95,0,0,0,0,-4.88860081357674,1,1,0.00351065747160714,0.0537949274263711,2.0089977256643e-05,0.000275785849279575,0.0207715544740171,0.00447349015966197,0,19.2784851312641,24.2338965145784
independent,5,96,-2.99556262455772,0,0,0,0,1,1,0.0247736096461591,0.276810501782788,0.0128549150102976,0.203289993452296,0.0401619425873198,0.052523519920012,0,136.04222829309,124.699434970594
independent,5,97,0,-3.3031909045787,0,0,0,1,1,0.00712412391755009,0.13415472391199,0.00406068152676953,0.0577893455603337,0.0241202986752451,0.0136782813746005,0,39.1215372415409,60.4349118357814
independent,5,98,0,0,-4.81540597443505,0,0,1,1,0.197009022005886,0.558951629284791,0.14776367733972,0.600420629825902,0.95809848346558,0.17387754498332,0,1081.85874930335,251.800245651086
independent,5,99,0,0,0,-4.47739471539945,0,1,1,0.00352778869235312,0.0614421526887952,0.00135531674201316,0.0189076693139589,0.0156422664428464,0.00691330893353614,0,19.3725598130304,27.6788693865449
independent,5,100,0,0,0,0,1.38726009461068,1,1,0.0010104337512706,0.0154122121743481,0.000146093822234204,0.00201554485561897,0.0058778056870288,0.00128299980868172,0,5.54871336994324,6.9429957946329
joint,1,1,0.413581664962647,-0.289369751337798,-0.726563478995397,0.235594654168799,-0.163191200704678,1,1,0.0399869924889886,0.441357036015663,0.024211779692454,0.354923487657274,0.209365478536164,0.0175281502566807,0,219.585261842715,198.825451552545
joint,1,2,0.375743031921741,-0.232754530629868,-0.531571316501162,0.622290104184428,-0.184118623924829,1,1,0.0291934899408597,0.343726500082512,0.0169762402262501,0.253121062513409,0.153343661308306,0.0113817871968188,0,160.313635353587,154.844198715926
joint,1,3,-0.452905493704029,-0.98908533548265,-0.857598030455806,-0.77284516454927,-0.472380461934559,1,1,0.0491170406610533,0.510385020120415,0.0327571039484353,0.463577187210955,0.25096525540418,0.0319756721579145,0,269.722166213592,229.921636702977
joint,1,4,0.717095838068481,0.213991106745568,0.11974626390824,-0.259789038892747,0.860488980042803,1,1,0.0122097025869369,0.125560243356452,0.00806479838715237,0.101612137402007,0.0443042694225677,0.0167039783140802,0,67.0485718652761,56.5632131023919
joint,1,5,0.17896877433614,0.589809501530707,0.59002727549771,-0.056969677416155,0.821095746016328,1,1,0.0364026905260489,0.352946618179714,0.0204351796891936,0.229804608022637,0.168767127484978,0.0185232593136518,0,199.902364078593,158.997738808077
joint,1,6,0.281928232892024,-0.206257835020225,0.851045541738617,-0.170601630964682,0.274136241555454,1,1,0.0529214543060986,0.487734265310351,0.0269343060814927,0.283043609396379,0.245798331329215,0.030796010290052,0,290.613789074084,219.717774102819
joint,1,7,0.206158770958134,-0.526709516704765,0.762218334042812,-0.80663308763958,-0.967134630900186,1,1,0.0472841467855576,0.450753690100819,0.023456237614376,0.256610944051503,0.224633462815172,0.0293192818070824,0,259.656981098921,203.058518750091
joint,1,8,-0.211658441493485,-0.865413118105148,-0.233946076968828,0.725441315393875,0.775633792180497,1,1,0.0143693997329778,0.175722386266172,0.00958316051807378,0.142550533441201,0.0674286530830705,0.00849115391446728,0,78.9083701095414,79.1605886985847
joint,1,9,0.462593087629364,0.545884595757624,-0.142466641636507,-0.993494618239493,-0.995069335677722,1,1,0.00707274355328844,0.0850441868752119,0.00218146839459914,0.0304907956984846,0.0384100307479575,0.00349722197853015,0,38.839386220979,38.3112706438942
joint,1,10,-0.745901335532032,-0.329812135572522,0.840033246825746,-0.896245725268495,0.552302960265188,1,1,0.045613055697854,0.441410358431693,0.0204256675233969,0.232467710400795,0.228822599900362,0.0110305566122968,0,250.480322610352,198.849472588985
joint,1,11,-0.173923211029009,0.381378007237445,-0.0671154197669457,-0.359903574887247,0.270464565295077,1,1,0.00486514022430157,0.0579355507561903,0.00255560454344174,0.0362218261983626,0.0239151235991282,0.00606687702264297,0,26.7165151354899,26.0991920374328
joint,1,12,0.790630071695767,0.471257882430882,-0.00530683109330266,0.379169488318358,-0.338920284856347,1,1,0.00660152021876097,0.0665201751291576,0.00461220943668646,0.0603050129852825,0.0047084536518307,0.0118982273627632,0,36.2517022553218,29.9664506921778
joint,1,13,0.180082337831962,-0.98541473536318,0.841348040080404,0.475642721886999,-0.361427495928728,1,1,0.0517459633716495,0.486745024723745,0.0252427387726783,0.271049589092928,0.244948570807867,0.0305997295949778,0,284.158677834952,219.272134427282
joint,1,14,-0.942957449876077,0.411088866136371,-0.640735323843634,0.322574971047126,0.14614165868495,1,1,0.0397685265220992,0.443419496292417,0.0249300174117196,0.374771087433104,0.20477620381475,0.0379755814676206,0,218.385574055334,199.754562368443
joint,1,15,-0.452724478143022,-0.938321169150607,0.0841288060019418,0.24136462940999,-0.305325608267811,1,1,0.00444356826317481,0.0609862203908327,0.00037503530750648,0.00522930010510574,0.0250294866609192,0.00200855819259433,0,24.4014875800902,27.4734779740999
joint,1,16,0.303492563623669,-0.1808253776566,-0.953322236594701,-0.741464699785525,0.218745901290889,1,1,0.052649351631153,0.518487644008,0.0332316466285139,0.460119771361319,0.27516055288361,0.0275593979927169,0,289.119559740821,233.571760574918
joint,1,17,-0.722098074438766,0.962659930398308,0.414742715941385,-0.876565158702784,-0.527712205450398,1,1,0.0212970961993065,0.224837409388623,0.0107580990237981,0.135041722174137,0.104897879603518,0.00417443601943107,0,116.951242249639,101.286250812168
joint,1,18,0.0891698267132146,0.536223903472913,0.157084527576522,0.947746138326227,0.392045967660116,1,1,0.00988023506109484,0.107692990064096,0.00689632750687126,0.0888765283599489,0.0413723477015777,0.00330132431329965,0,54.2564936224078,48.5142540647698
joint,1,19,-0.970915321011781,-0.205947407082698,0.0301905439227605,0.121714522074693,0.665832641978676,1,1,0.00720260922512321,0.0744119831316032,0.00363783509392028,0.0526824958671034,0.00472525670916999,0.0156927091952573,0,39.5525328163892,33.5216048227592
joint,1,20,0.507379262241583,-0.219843450503167,0.893487694450263,-0.278663615436286,-0.230980973911518,1,1,0.0571614522525912,0.518393386036056,0.0292679195385644,0.299873580497411,0.260664045581171,0.0367681240845813,0,313.897387097855,233.529298617126
joint,1,21,-0.51253882733508,0.656149711456125,0.599705914058893,-0.797789684400293,0.0402070347821746,1,1,0.0328702734295386,0.329643125048753,0.0167755738363277,0.197974245229117,0.161700996000153,0.00581603458800525,0,180.504387766959,148.499826309973
joint,1,22,0.771759087919983,-0.946855949262956,-0.298236986839183,-0.581995966754923,-0.738583794215317,1,1,0.0150258114046255,0.180000178204648,0.00799719260679597,0.115384955966604,0.0709950736964191,0.00847899453584407,0,82.5130005111668,81.0876768481099
joint,1,23,-0.854190100049775,0.370035967533908,-0.454897337208517,0.242977162260724,0.545259795848679,1,1,0.0296527148115587,0.349480644777315,0.0183207059398605,0.280567624751789,0.148700797888125,0.030438707640964,0,162.835430747549,157.436364069334
joint,1,24,0.984304847546575,-0.699364863442908,0.142795805621053,0.575703987751836,-0.816067447160975,1,1,0.0158166164551827,0.163860294513115,0.00932767279133249,0.116129685232157,0.0591918303719897,0.0250548021949588,0,86.8556410371068,73.8168747511411
joint,1,25,0.559782129412412,0.634165898665169,0.420461043870884,-0.842069913119853,-0.744126935704195,1,1,0.0288597022679632,0.286045867655628,0.0172910160312141,0.200075526674244,0.128245011435882,0.0222320798058033,0,158.480667956175,128.859843982076
joint,1,26,-0.913362580012458,-0.339844343902595,-0.792880304793726,0.606930001767752,0.267352025129288,1,1,0.0473710916002012,0.499147421170026,0.0308824768698398,0.446166350300388,0.243943953851942,0.0400895583922019,0,260.134431357143,224.859248424663
joint,1,27,0.561532030409353,0.323856828264793,-0.457197726660641,0.796705857962614,0.0901260105613642,1,1,0.0246169763505889,0.292558989339505,0.0128361337026883,0.189689498573484,0.133252013268886,0.00798477353109324,0,135.182089505944,131.793918334903
joint,1,28,-0.104491936507874,0.845744303596504,0.939217825051452,-0.622876747767545,-0.477007084116994,1,1,0.0551340154194461,0.499787518231066,0.0283505811341266,0.295053513379014,0.256519242928345,0.0211782953369313,0,302.763885422321,225.147603603834
joint,1,29,-0.0318862827057174,-0.0895548534094921,0.253799091147674,-0.984312329488261,0.0496772545472377,1,1,0.0152789368045578,0.167771040668054,0.00791749040732546,0.101067251405668,0.0768029793866271,0.00904310547153547,0,83.9030177083461,75.5786136761223
joint,1,30,-0.39541596155291,-0.525028926748939,-0.396096156271081,0.399535080603026,0.939639542256549,1,1,0.0242220576435496,0.293077426746787,0.0155540515053606,0.2360342890799,0.119630857576704,0.017839105699795,0,133.013426090818,132.027467464504
joint,1,31,0.416115521056171,-0.0743898299711043,0.413100077770832,-0.857561872707328,0.788566803265374,1,1,0.0276390798983784,0.281686278179872,0.0152843750757621,0.18083617753893,0.128925789853421,0.0221975438634155,0,151.777721173915,126.895907134199
joint,1,32,-0.326407772862277,-0.651986591270947,-0.692105512490728,-0.113063990758707,0.771210019728497,1,1,0.0400134879825136,0.445552997460708,0.0259149750913564,0.382639440806231,0.204494778648494,0.0258993324921464,0,219.730759653908,200.715676157412
joint,1,33,-0.229816159258075,0.590456766070711,-0.645920558408219,-0.327985884321606,0.316958017957887,1,1,0.0374850627247354,0.419979185612863,0.022642313487332,0.338533964098162,0.197896592945066,0.0272025769288925,0,205.846121482336,189.195015391539
joint,1,34,-0.605508368103781,0.0106094305659918,-0.531092511537934,0.0313740298242253,-0.100885540028069,1,1,0.0325043658307826,0.379831915077103,0.0204797144827516,0.31096130963327,0.165296699874062,0.0273575366468239,0,178.495036453398,171.109206077306
joint,1,35,-0.424715016281114,-0.755737735996047,-0.104675578572792,-0.546753915016325,0.179624688358566,1,1,0.00823979935548083,0.0985708233298197,0.00641425931544507,0.0938384937492502,0.0295124334870174,0.00688737047909917,0,45.2481766290109,44.4048397537317
joint,1,36,0.732051381315202,0.140632958060082,0.874306985708781,-0.469499468929658,0.598140698805731,1,1,0.0576961607353832,0.51618387041227,0.0305121164214927,0.307114655952894,0.257811149628515,0.0398819482827752,0,316.833694504213,232.533941330931
joint,1,37,-0.401334653555782,0.296053826912627,-0.951257682887917,0.982923708165627,0.58436336894413,1,1,0.0544339030016977,0.529610081785764,0.0344183241443559,0.476734891525318,0.287886622197692,0.040802535341147,0,298.919275988066,238.582270282642
joint,1,38,-0.524655207695612,0.170479850692217,-0.698337919190076,0.427338395193001,-0.662776295991947,1,1,0.0412784357752026,0.455832121417968,0.0258279471496031,0.38370450546141,0.215338638578087,0.0327582264606768,0,226.677115830894,205.346284249257
joint,1,39,0.140108714272013,0.368608305561524,0.0214161966813309,0.975795751298253,0.957148779698306,1,1,0.0027109645757114,0.0367657441199357,0.00232167883173118,0.0313768642696711,0.0073890205462126,0.00154672601508599,0,14.8870377377803,16.5624768153738
joint,1,40,0.436249277581285,0.622105836688176,0.0660323569591625,-0.913551708171054,-0.362647627059316,1,1,0.00705243512443487,0.073797680288303,0.0050810099131934,0.0662215130813854,0.0233750728214199,0.0089987558120182,0,38.7278641636836,33.2448695942653
joint,1,41,-0.346461749791916,-0.23959837702718,0.676825693972851,-0.346742215103625,-0.0481009180602907,1,1,0.0384420369529939,0.381788289961087,0.0186965920074276,0.216047672160746,0.190240243687664,0.0140258417631285,0,211.101266303411,171.990526840254
joint,1,42,-0.983933986090605,0.149970246610504,0.921472121490933,0.345633765150471,0.991477667634066,1,1,0.0486089324298111,0.459314991631668,0.0223394415208647,0.248884336515036,0.240285360824758,0.00433639730248489,0,266.931931888456,206.915270775878
joint,1,43,-0.630300440266473,0.210199189972962,-0.819659302742379,-0.589669449295918,0.659599639145186,1,1,0.0478635405853387,0.495553593449181,0.0306196799918872,0.440403818450044,0.249942504394244,0.037724356403443,0,262.838674227506,223.240277022621
joint,1,44,0.998281880243973,-0.787287758501358,0.217485289395226,-0.869424116223156,-0.655806434515071,1,1,0.02059036444794,0.215386605680881,0.0112613714576465,0.137217100053729,0.0857713847219043,0.0303624278211679,0,113.07028329232,97.0287899326733
joint,1,45,0.594165371284769,0.098676648821469,-0.539090166216053,0.14033214710051,0.00706181268928163,1,1,0.0290424455373996,0.339074135908805,0.0161391540540151,0.239182311722843,0.154293913493705,0.00890433024834471,0,159.484187505195,152.748370775865
joint,1,46,-0.232480575654462,-0.662731069962167,-0.253847484133543,-0.427423495473405,-0.716151650300991,1,1,0.0155060132881174,0.189772978244186,0.0104241597356439,0.155405300592016,0.0726178765178988,0.00893836154051691,0,85.149989435827,85.4901927756569
joint,1,47,-0.457471960778203,-0.537513035439383,-0.480654568274911,0.902347218050073,-0.704282382200209,1,1,0.0291879044982292,0.34900431964075,0.018614972501839,0.282993952994573,0.14660308260181,0.0221754428202987,0,160.282963357365,157.221785955392
joint,1,48,-0.0509088163992877,-0.177081541404885,-0.918747679513239,-0.147934837367834,0.667043348215652,1,1,0.051596734449637,0.514462650752368,0.0328540030935993,0.458512837077724,0.270114840154931,0.0318824336478825,0,283.339199552767,231.758554856546
joint,1,49,0.415384816972748,0.471266706654751,0.22700738386197,-0.208257368781805,0.587990128225409,1,1,0.0161768441535662,0.168584432383561,0.0104118816669579,0.129067731432588,0.0695644052624381,0.0132994847215862,0,88.8338016475684,75.9450357832325
joint,1,50,0.181573259156832,0.810628669142722,-0.269202866344812,-0.964770608110994,0.963475059832606,1,1,0.0149146445665373,0.180248458577658,0.00755294612863925,0.110129046192568,0.081160082946705,0.00744483980142631,0,81.9025370146548,81.1995238410138
joint,1,51,-0.815665478873091,-0.41260345475163,0.701967258018313,0.300266483719361,0.247524639442262,1,1,0.0372345827710981,0.375709829100881,0.0168349111242146,0.199074263018031,0.189431138934908,0.00505357670845917,0,204.470631534675,169.252261384729
joint,1,52,-0.174004975943008,-0.210117026504933,0.66464557272211,-0.406249138833285,0.286249543823048,1,1,0.0387923344133706,0.382709647614187,0.0193191679498253,0.221185092038023,0.189645180937372,0.0171837365922771,0,213.02489583321,172.405586160647
joint,1,53,-0.479428428763627,-0.323644732600351,0.19007892166011,0.444061258013118,-0.551785065952537,1,1,0.00948024967762732,0.109429891599515,0.00378741323194677,0.0507083597762027,0.0502950098168766,0.00226515295730224,0,52.0600069727514,49.2967050146845
joint,1,54,0.404643875603905,-0.975580156403915,0.397617851179844,-0.49460043169417,-0.204412994351644,1,1,0.0269249122828093,0.283359582104144,0.0136484692345376,0.164422282742857,0.129564357119367,0.024675152971637,0,147.855928783364,127.649708209472
joint,1,55,-0.640510201291883,-0.813171407404108,0.625407624673472,-0.573436878487123,0.758467404452915,1,1,0.0340206534453293,0.352460883040309,0.0147888115548605,0.178257937464058,0.176285092734941,0.00963327536063783,0,186.821604473256,158.778921613501
joint,1,56,-0.751491833425102,-0.0113674249461149,0.808715764665924,0.37648705688919,-0.575387742061428,1,1,0.0435425594998595,0.422980182542228,0.0206006960952071,0.234567236858358,0.215642051097105,0.00690148681909053,0,239.110363994281,190.546924437728
joint,1,57,-0.437398407340546,-0.0279841274045731,0.828407873648476,0.250772709685719,-0.152779645231881,1,1,0.0465684491931142,0.443794754156315,0.0227495787101952,0.252024870336255,0.226222979874558,0.0139972589058724,0,255.726786966913,199.923611025538
joint,1,58,0.535702616419818,0.987046308145234,-0.763292784232567,-0.540267865261135,-0.464566433285653,1,1,0.041976745331335,0.45085771800953,0.0239834876929456,0.351296697521961,0.225754406365672,0.0212164558963013,0,230.511824999702,203.105381933944
joint,1,59,-0.0823791515416559,0.514052155873636,-0.536092975022766,-0.8168362484343,-0.136609409786647,1,1,0.0308723110565578,0.360150162314015,0.0183762170429725,0.27711879077488,0.162339150350752,0.0202167135615628,0,169.53274265152,162.242839256028
joint,1,60,-0.115276742443407,0.82950977166156,-0.488843941052328,0.972104868795452,-0.496824792258815,1,1,0.0287865081962482,0.339736115347737,0.0160636231838558,0.242321316503658,0.154697955389195,0.0222408318442733,0,158.078728765392,153.046583674094
joint,1,61,-0.519249281733017,-0.432618089541621,-0.110236058896513,-0.347011907761619,-0.0810538602507322,1,1,0.00916123181170395,0.106976691874593,0.00656133569426931,0.0962984407965228,0.035269023455383,0.0102736867730567,0,50.3081467486904,48.1915712946934
joint,1,62,-0.917225951777763,-0.337894532954258,-0.793369956133208,0.401839019217772,-0.0151205386091819,1,1,0.0473822085647059,0.499614360338216,0.0309484384898007,0.447101266311624,0.24384238234186,0.0399835511213231,0,260.195479248212,225.069598285177
joint,1,63,0.164560335903992,0.573532472332301,-0.523958385830128,0.873194562687696,-0.174916365557876,1,1,0.0296680844746672,0.347731943176293,0.0165598765107243,0.24815502314014,0.159710310844237,0.017889187863333,0,162.919831981251,156.648597347424
joint,1,64,0.252254868042743,-0.897977661821513,-0.00511212197967459,-0.530675208184408,0.616765000256092,1,1,0.00343037141814369,0.048318868266404,0.000107043492414732,0.00147118364442466,0.00988507274551287,0.00901023917614507,0,18.8376009093026,21.7670049815061
joint,1,65,0.752442082633225,-0.495204726547166,0.359857786942618,-0.929372481348844,0.0529386918381365,1,1,0.0269983414691669,0.276336140838528,0.0148691575189722,0.175868578814189,0.121720279615262,0.0290380256338982,0,148.25915908676,124.485741699059
joint,1,66,-0.46250632021506,-0.80430089619294,-0.558116142881633,0.137323066197261,-0.599768712681812,1,1,0.0332519864521771,0.391328804451733,0.0217909791119842,0.329125009404202,0.16617651467692,0.0230452159605511,0,182.600533258469,176.288401229593
joint,1,67,0.411066286540458,0.0649692871375231,0.842354361090146,-0.984921132169756,0.571901262726156,1,1,0.0534086877274373,0.488340378213285,0.0274962364866367,0.286857481673934,0.245787427182511,0.0334917217141303,0,293.289391107236,219.990819872533
joint,1,68,0.16422183522511,-0.69459035554854,-0.0609938311092404,-0.665679916908076,0.196825366515877,1,1,0.0034160256735928,0.0449983719203003,0.00220647565496456,0.0309383498697036,0.00913179647345054,0.00494579956356052,0,18.7588224396689,20.2711657141579
joint,1,69,0.866608506565611,-0.412827015824882,-0.868627830966473,-0.761359203530587,-0.516780375540165,1,1,0.0468636552580523,0.487477748491901,0.028457065641666,0.404853866696677,0.243180755646536,0.0150494654419359,0,257.347886655389,219.602216701221
joint,1,70,0.91249551740002,0.80792347176779,-0.587028734448263,-0.0614773646025162,-0.381604679769083,1,1,0.0311933111656575,0.356639171168864,0.015956415766735,0.234695242691409,0.16934392356752,0.0083234922264325,0,171.295488200029,160.661184625271
joint,1,71,-0.674435714581979,0.410955212321021,0.903560460068253,0.103741264764577,0.401229583089535,1,1,0.0493637149685685,0.461914908279833,0.0239075224823667,0.261564436683645,0.239411843644489,0.0093271831402581,0,271.076757770347,208.086498510768
joint,1,72,-0.328826173401045,-0.237838072248243,-0.14889638841354,0.586702559790985,-0.344943721564846,1,1,0.0102876267251832,0.122728261098794,0.00650086781315141,0.0952525720790711,0.0478868152863224,0.0100915774499785,0,56.4936512495041,55.2874429090565
joint,1,73,-0.502416856058552,-0.49202877533527,-0.729311321791228,-0.577880724582249,-0.190371706596176,1,1,0.0425461409956103,0.466710815531331,0.0277508066678748,0.407891405891604,0.217760674800166,0.030076068691377,0,233.638614194124,210.24699069073
joint,1,74,0.536737319577891,0.655601454159884,-0.0203885363905523,-0.712690210395694,0.694819841587439,1,1,0.00415012790125548,0.0429811742770104,0.0026969132827618,0.0360059215847062,0.00207775576268006,0.00755378717580218,0,22.7900841036967,19.3624451102711
joint,1,75,0.708375425713099,-0.0436466309697201,0.113735222939971,0.404135477955718,-0.220272145217324,1,1,0.0117452285271204,0.12125354128555,0.00770323641104716,0.0976028881418007,0.0424308225695691,0.0164225782960335,0,64.4979509834471,54.6231013242283
joint,1,76,-0.45664228870053,-0.0744054292157781,-0.835786437501965,-0.521029361944566,-0.301585671498111,1,1,0.0481772134171586,0.500696452865128,0.0309800078826143,0.444153829623486,0.251020095547591,0.0347917649479083,0,264.561182638887,225.557066520026
joint,1,77,-0.455267739704642,0.755352475821291,-0.16495738222432,0.331101162462119,-0.385463101807216,1,1,0.0123225869154686,0.148741061769457,0.00646416228788911,0.0949235559950749,0.0609983025946424,0.0163861929977101,0,67.6684668185012,67.0058622780577
joint,1,78,-0.754694280073989,-0.460719922923861,-0.946857741978839,0.0584434949025692,0.775088213348426,1,1,0.0547614860834143,0.533677406050887,0.0361291219167122,0.495059135735442,0.284421185347462,0.0421991391582284,0,300.718171386208,240.414545555569
joint,1,79,-0.467682420362644,-0.508054668024525,-0.204604076088694,0.322079880532582,-0.155519628367117,1,1,0.0140237368201567,0.168930332621536,0.00936911913934749,0.13977074940828,0.0635757757456365,0.0128417793173344,0,77.0101908143109,76.1008592218444
joint,1,80,0.476852756172639,-0.51603381201279,0.399273682386662,0.983463215012993,0.225935328993791,1,1,0.0270418802559522,0.277256668031222,0.0152630199840164,0.180940301235028,0.124537576296265,0.0220333623566151,0,148.498248733204,124.900426908127
joint,1,81,0.582588037443548,-0.856812214809386,0.627383789502338,0.985926292067516,0.916060660585444,1,1,0.0417412538849423,0.403672510795975,0.0220832440367614,0.243067282431491,0.192708498019376,0.0321019126191062,0,229.218643199843,181.849076119659
joint,1,82,-0.24398983364821,0.624470484272792,0.284534220503265,-0.519480827083405,-0.635465247417566,1,1,0.0157924303767639,0.169466923968846,0.00892297290723767,0.113212301176044,0.0763098236819938,0.00229312720585545,0,86.7228251879528,76.3425864590291
joint,1,83,0.267971420426963,0.169928097927633,-0.578005775275957,-0.303848652690331,-0.360145155474419,1,1,0.0320995631843108,0.372073365283987,0.0188508391815854,0.281631317058826,0.169297260441144,0.0154082057419251,0,176.2720962024,167.614082990711
joint,1,84,0.102974801677228,-0.109887966777343,-0.769293414452972,0.989596824264444,-0.758525655747987,1,1,0.0432827167535936,0.468202745053392,0.0265383305934082,0.387683151046606,0.227954257007534,0.0253173386398876,0,237.683459045317,210.91908501959
joint,1,85,0.783094574758215,0.263470258004091,0.891694477957247,-0.807187214776806,-0.769473948883369,1,1,0.0591501730699429,0.527910510672442,0.0313225545058432,0.313484714145705,0.263003808403264,0.0414019679226575,0,324.818282974945,237.816636189432
joint,1,86,0.795470383001695,-0.0286684022175434,-0.740528805528238,0.285851185521222,0.735265187697175,1,1,0.0399543420444976,0.435524038656837,0.0231004962493883,0.336432510688634,0.210981267044846,0.0132169164554296,0,219.405964627381,196.197764126866
joint,1,87,-0.599200499207557,-0.961414917139561,-0.221508489301967,-0.222452530570434,-0.553809350620963,1,1,0.0155479643953032,0.189577001527131,0.0111823567093725,0.168406141369385,0.0658249815906788,0.0132112384274378,0,85.3803604710711,85.4019078813817
joint,1,88,-0.891059578785216,0.541395182083632,-0.862489921954326,-0.0489104281767709,-0.356959152937282,1,1,0.0510515043080047,0.516389855226934,0.0324953605822619,0.462992388664831,0.26838443779684,0.0446656853889423,0,280.345113327157,232.626734739547
joint,1,89,-0.272549440966406,0.487324870938983,-0.118101287957561,0.658584967651845,0.545774937605539,1,1,0.00863674039463376,0.105181832226573,0.00430789761168851,0.062180058119813,0.0436010947789449,0.0111410789393938,0,47.427945513668,47.3830109889315
joint,1,90,0.652844999745308,-0.092451660644933,-0.987669847945271,0.394465378719636,0.260644645085936,1,1,0.0540260927007189,0.523988162909035,0.0332492600299916,0.456377849020094,0.283551983775613,0.0252606729737,0,296.679819451113,236.049670894745
joint,1,91,0.431213972454038,0.42245835666074,0.950107834720748,0.964732034121483,0.245243986222905,1,1,0.0596108367015603,0.529950704918079,0.0317225015409221,0.316947182550864,0.267533612191222,0.0318654209564315,0,327.347979205487,238.735716455616
joint,1,92,-0.628644031254243,-0.0494679934332039,-0.283117234964168,0.39407025971321,0.0130610564354996,1,1,0.0192912037721241,0.232659148608062,0.0121048588749106,0.183268553338787,0.0924099810151785,0.0199171340433519,0,105.936049897464,104.80983989159
joint,1,93,-0.708956060463753,0.430378574555827,-0.220583827292289,0.0410979274548731,0.66349434071418,1,1,0.0165149277396491,0.196978470129618,0.00987126140396516,0.148377220226854,0.0775659711952377,0.0207940757598217,0,90.6903596969186,88.736170659486
joint,1,94,-0.96331732968654,-0.318918077352105,0.309726263768933,-0.563846516323792,-0.850950267390773,1,1,0.015015244976186,0.171995542300257,0.00475154555642154,0.0632559311447686,0.0801966227601998,0.0067157999969643,0,82.4549758433634,77.4816952542246
joint,1,95,-0.880502215282721,0.184056446072491,0.436023664832914,-0.817795832133487,0.100507177163075,1,1,0.0219716964275073,0.237675634475104,0.00951234453494177,0.121187144475515,0.114022780918813,0.00361687333353207,0,120.655753605161,107.069699792603
joint,1,96,0.120959152733167,0.0336023930646985,-0.900850613325658,0.918886366140117,-0.586981468447032,1,1,0.0504441359155766,0.510895839597842,0.0312924524479318,0.4422446245852,0.266338122772909,0.0304574731658395,0,277.00980003689,230.151754056896
joint,1,97,0.564328010640383,-0.814051193277913,0.862375685440964,0.969963910310633,-0.384871298633171,1,1,0.0557322997572126,0.51143381349861,0.0284477211663266,0.294478688718226,0.254539998780938,0.0376249720446574,0,306.049314377775,230.394104115953
joint,1,98,-0.242385317849117,-0.337893856118831,-0.966175101343207,-0.0598978932258616,0.825652232597469,1,1,0.054543185227332,0.529325168423315,0.0353230994015252,0.483441730125833,0.284814517418813,0.0359380925040643,0,299.519390291168,238.453920617134
joint,1,99,0.909665729021996,-0.519884271840795,0.459224370072895,0.315972197801992,0.0603173937089072,1,1,0.0339387540156683,0.334782180216242,0.0192319507995376,0.217797075337554,0.149846396500092,0.0334017009737184,0,186.371860529351,150.814902044243
joint,1,100,0.049496732460228,-0.134264947856929,-0.549883316434556,-0.105601784476649,-0.373209827758552,1,1,0.0311430398620088,0.365095369257322,0.0189401847686593,0.284311472104277,0.161822596340662,0.016891180902808,0,171.01942749409,164.470588953643
joint,2,1,-0.984522898895293,-0.759019889713277,-0.748118554673003,1.51901903112827,-1.34719535362646,1,1,0.0453492648933799,0.492203321117307,0.0298308733384582,0.437369419240652,0.230909853917415,0.0389972717115783,0,249.03173722629,221.731024071264
joint,2,2,-1.57268758360298,1.0116940638631,-1.73796412923846,-1.93889873015642,1.74352622180873,1,1,0.0949376415606681,0.578334809128703,0.0656316175787311,0.615439296126293,0.506629834464657,0.0845526316826444,0,521.342206132902,260.532109358937
joint,2,3,-1.90100184465396,0.284151137759481,-0.107978470367763,-0.208084472316803,1.3186739782747,1,1,0.0194629410360354,0.219383097304468,0.0114098757518084,0.176444278866348,0.0584213368466048,0.0371179117695625,0,106.879130877473,98.8291560463732
joint,2,4,0.328158768454706,1.39221494956733,-0.613678438556641,-1.76159827590667,1.99326602295201,1,1,0.0340311164837399,0.380567261803349,0.0188876351360075,0.281651553767566,0.184367287797438,0.0188178043635741,0,186.879061383267,171.440469958841
joint,2,5,1.14959661392148,1.45974881882657,-1.79962237680865,-1.08428464478236,0.498959582730864,1,1,0.0973875565274804,0.587177460073277,0.0647748162177292,0.607302567930988,0.495109557328654,0.0597748453867929,0,534.79571153539,264.515605538919
joint,2,6,1.9141498183823,0.0406534406017012,-0.751562780762315,1.47644186426476,-0.567510785337198,1,1,0.0389737613677259,0.419639617363404,0.0190853298374981,0.273503934387413,0.204772990241765,0.00249538362587159,0,214.021186946836,189.042044429207
joint,2,7,-1.19341510682311,1.35534209683807,-1.34380487727048,1.62485081048206,0.567068165286851,1,1,0.0763734468691531,0.58799571120768,0.0498354990946547,0.584566838929967,0.40862107457667,0.0689098921514629,0,419.39846646911,264.884216749357
joint,2,8,-1.47714311367671,0.891947722632517,1.91618272754116,0.418565125401841,1.78240099675403,1,1,0.0980975578935082,0.824320706032327,0.0407751343083741,0.375731594806539,0.441734531917771,0.00674686030737463,0,538.694625311184,371.345471413701
joint,2,9,1.70746087701823,-1.17677414809759,-1.65929541633119,0.198856959576112,-0.597695811407817,1,1,0.0895637993822802,0.600358849633338,0.0600242451328769,0.602517186531208,0.445981556004839,0.0379783085237826,0,491.832196292385,270.453645532636
joint,2,10,-0.303239373489567,0.472879668566835,1.53909793465697,-0.13457033290179,0.455121691074969,1,1,0.087573905727319,0.740758531944033,0.0400593914698528,0.368666457118476,0.391635913631758,0.0294292991366839,0,480.90485987457,333.701827741896
joint,2,11,-1.79257802999785,1.68429258141637,-1.05014235068537,-1.0802262341484,1.62800217269488,1,1,0.0631377357393368,0.555789252448067,0.0403791533897273,0.533073291894833,0.336398033491492,0.0662103746296579,0,346.715653553996,250.37563711144
joint,2,12,1.63540013399629,0.162947792876369,-1.74740041446974,0.222753231533078,0.22151393394945,1,1,0.0944786919069484,0.598774777009038,0.0628467395711997,0.607802319374744,0.473744995388786,0.0479444997096953,0,518.821922070218,269.740041966548
joint,2,13,1.93021025229188,-0.73245510738239,0.134738925327655,-1.05870171816197,-1.70602575026959,1,1,0.0238446039517063,0.233920490829412,0.0135171859104031,0.158606317167129,0.0752411232021803,0.0455517162868213,0,130.940670362071,105.378057720372
joint,2,14,1.5304498528211,1.52153642393782,0.911807304587443,-0.267420947131904,1.61301582750905,1,1,0.0662582421786503,0.55847639748228,0.0383517591598087,0.352175440245234,0.272771192038284,0.0518844922690003,0,363.851656561654,251.586160069537
joint,2,15,-0.106469509488258,0.808196055925216,-1.3899038189655,-0.469965160476879,-1.01503798627785,1,1,0.0767541066314806,0.582039749873734,0.0503052089512343,0.577764554568772,0.404632603812851,0.0544192079286926,0,421.48882806874,262.20113569475
joint,2,16,1.09868496807215,1.1753492485354,-1.95879190236459,-1.15414895391702,1.55824020393987,1,1,0.105402550605355,0.585871058323411,0.0719756795783663,0.617079540091991,0.530869084778392,0.0673806232801419,0,578.809388576557,263.927088994194
joint,2,17,-1.22434688466763,1.6924809771444,-0.1221166747146,-1.08700490495026,-0.799972486054544,1,1,0.0156249586637905,0.181044465263766,0.00761541628858146,0.114333981571441,0.0623678838129183,0.0302585210404026,0,85.8031681281067,81.5581142245115
joint,2,18,1.89750478945619,1.34990843414509,-1.31290258111701,-0.109880079454946,1.55135736116128,1,1,0.0709387512306357,0.567909401589433,0.0419764544336775,0.514369957838617,0.367587432734143,0.0274490654838425,0,389.554284885613,255.835602466633
joint,2,19,0.211257785001151,-0.911115266789528,1.51631633249687,0.152216319948074,0.563242372694195,1,1,0.090897348080946,0.774009213320161,0.040606858812312,0.370917229039017,0.401321443362552,0.0454277016803758,0,499.155268670413,348.680815725683
joint,2,20,1.614199286879,-1.12354702542106,0.452120183254879,-1.89445959995734,1.71238628465985,1,1,0.0399165931392863,0.384582016064774,0.0212459375173539,0.23289418925127,0.168240753585307,0.0535083722854244,0,219.198669636707,173.249063147037
joint,2,21,1.87497682026309,-0.204566703472324,-1.58162447760294,0.620836549464257,1.12212349907578,1,1,0.0855045711517721,0.596982709855127,0.0553072625424233,0.585340795813042,0.429906220876568,0.0358028320434173,0,469.541280212089,268.932739642096
joint,2,22,-0.135116408855629,0.544927089115598,-0.595116250186886,0.201530962297762,1.38790018526874,1,1,0.0344624066192724,0.393315420943294,0.0204149760034683,0.30644151375227,0.182521493556298,0.0243252874092843,0,189.247455489605,177.183345432958
joint,2,23,1.93093402020795,0.644989002576957,1.39359287578117,-1.41849677764792,-1.6771749228238,1,1,0.0993186776731372,0.815762798813369,0.0504271274537223,0.411843003830229,0.39937510444257,0.0779410680926711,0,545.400303579561,367.490248480099
joint,2,24,1.3950022040797,0.411161021214809,1.57093902135712,-1.12511860396105,-1.05201291226557,1,1,0.10439545237942,0.86637246207314,0.0504363370322543,0.412801910259346,0.427155080112792,0.0696790944466396,0,573.278991968105,390.289226018522
joint,2,25,-0.830918794329786,1.5514928406276,-1.05944412183153,0.066399917268507,0.672248719782756,1,1,0.0613056160124084,0.550892601174891,0.0384379804842657,0.512911253667635,0.32888317955868,0.0541434589513929,0,336.65471961215,248.169761094885
joint,2,26,1.75394953677992,-0.116491147027858,1.05220683465327,0.853567848189815,-0.137027748384459,1,1,0.0770806102502401,0.650729850700375,0.0413700581618155,0.370488519062628,0.318533356941967,0.0651947868858252,0,423.281795685338,293.145108939944
joint,2,27,-0.724629167633514,1.14027289111998,-0.86876811465633,0.349104025689537,-0.669139807190402,1,1,0.0511578226482073,0.514744782391066,0.0315729894376853,0.451938303180464,0.272802074228391,0.0449468061870168,0,280.92895169856,231.885651392647
joint,2,28,-0.290591960306891,-1.6329785157711,-0.97823838731658,-1.08038463097622,-0.63849320429216,1,1,0.0550011071157913,0.539333495324771,0.0374164787154642,0.505085882547765,0.279378020179176,0.0315555508536016,0,302.034030465933,242.962538251128
joint,2,29,0.103544330541565,0.24801284825068,0.35613613879471,-0.393986619090335,-1.73338399394966,1,1,0.0220084816027992,0.229614371740949,0.0124870984656395,0.152365764395963,0.104554951889608,0.0123775419933623,0,120.857756352695,103.438208568013
joint,2,30,-1.21751948415631,-1.32622395196248,-0.710011116849841,0.826794084490797,1.77052350104672,1,1,0.0439649037245308,0.484372003987331,0.0299260167569412,0.439305356032929,0.217106704884301,0.0386265735581465,0,241.42963237106,218.203120271033
joint,2,31,1.92373556873132,0.893641676297063,1.11154245029475,1.21973568474281,-0.0317993569574893,1,1,0.0819505097889461,0.676751021946883,0.0455912050383891,0.391831147121389,0.329907187757233,0.0656384000108252,0,450.024446202226,304.867299141596
joint,2,32,0.0512578925864937,-0.264229010123783,-1.89376069308598,-0.817305827002574,-0.35163315602155,1,1,0.101705078895537,0.587706299369735,0.0714241873515363,0.622908740004003,0.52177029886069,0.0708027531343756,0,558.505028507967,264.753840580704
joint,2,33,1.35138697831851,-0.367550069418638,1.05025250059005,-0.913065809275591,0.0344382786471491,1,1,0.0737086286767101,0.632133146048205,0.0376653580712071,0.350496758247014,0.315937177050015,0.0604015647834496,0,404.764837778181,284.767541804646
joint,2,34,-0.268905991553168,0.0455785143683154,-1.64366872920929,0.376321095658439,0.369190804967947,1,1,0.0896032895609449,0.594591159250494,0.0612709236715322,0.613800565499293,0.466966504982495,0.0647723555729839,0,492.049053342204,267.855378027632
joint,2,35,-0.823889721270391,0.151261784791936,-1.79817368044879,0.650579660927554,0.815278600981235,1,1,0.097414605236864,0.59552158534034,0.0679219754934435,0.627026662727484,0.51019800871428,0.0776472355696087,0,534.944247285713,268.274522557693
joint,2,36,1.40819553841846,-1.59299585305938,0.0160672298526734,1.92498862987879,1.17049498540733,1,1,0.0134977449371979,0.137765595511932,0.00638737752119806,0.0811115913835223,0.0318723700901868,0.0305213563811249,0,74.121749894968,62.0615612777793
joint,2,37,-1.87506609266647,1.79129151605596,1.33702062136297,0.661063563947338,0.32716462868382,1,1,0.0659266342366717,0.576505202957996,0.029455611534219,0.307186186290952,0.314395154530599,0.0143325644634654,0,362.030658976288,259.707896208654
joint,2,38,-0.975705244685458,-0.860489084647771,1.78942301812735,-0.501306627191415,-1.19148195315528,1,1,0.0959009991466898,0.818705301796795,0.0384748027089014,0.36153968246862,0.435314637211196,0.0244290197916745,0,526.632404635152,368.815806784677
joint,2,39,-0.203744575917048,-0.93606296882281,0.477066650058885,0.623601203116978,-0.563284487750062,1,1,0.0275873322927552,0.292992756070586,0.0132312819931276,0.161805951857241,0.139947949740621,0.0131104845121146,0,151.493553477791,131.989324455431
joint,2,40,0.851282411059643,-0.436090346295029,1.17283844002621,-1.80835249187121,0.244276664865377,1,1,0.0768423259956633,0.659508797159867,0.0370052327831254,0.34817212585178,0.338650613649065,0.0541936839583085,0,421.973277410335,297.099907100003
joint,2,41,-1.94769142345521,-0.610932809400382,-1.81102759234126,0.205494125428899,0.235340481913662,1,1,0.0983974615933203,0.593448886805595,0.0700160917331469,0.631316942604843,0.522981485468765,0.08707825838156,0,540.341521673019,267.340799543275
joint,2,42,-1.336777037116,-1.46492156591273,1.3926857207426,-0.873407953025119,0.32168217456827,1,1,0.0727637480615022,0.647887525255585,0.0278963906236433,0.294083851609064,0.355695868288002,0.0138628834366432,0,399.576104032884,291.864679278912
joint,2,43,-1.46503117165799,-0.0226016160027727,-1.70800869834666,-1.84734198934368,-0.749683745794302,1,1,0.0933007289201655,0.580970110388325,0.0653833183926531,0.617259996798717,0.494787502793956,0.0793356815621828,0,512.353235760164,261.71927738882
joint,2,44,-1.8943019598655,1.66497431026191,-1.05689293303837,0.519646328567006,-0.523626931046091,1,1,0.0640537402257434,0.568542771287386,0.0407043884945441,0.539483131854079,0.341775255877902,0.0687451698163239,0,351.745816426387,256.12092705856
joint,2,45,0.895334545236504,-0.515489062018311,1.17348938227916,-0.877581776959173,-0.905973209400191,1,1,0.0771333794135934,0.663982026379208,0.0376303096094547,0.352329485511566,0.338099368185398,0.0538448030870167,0,423.571573181241,299.115037135003
joint,2,46,-1.15674152014138,-0.0676802338346247,0.239005338600985,-0.396258897101494,0.959683004976714,1,1,0.0116149922261154,0.132334542778238,0.0020190726186583,0.0276779194791793,0.0555703915151602,0.0133968633555997,0,63.7827691086041,59.6149445387996
joint,2,47,-1.41867242636871,1.06121506951505,1.40276337005831,-0.141565278996489,1.92418531965113,1,1,0.0721624789767015,0.624641094603307,0.0317844526497473,0.321517932071018,0.34225743047185,0.00223607234201009,0,396.274284585967,281.392472665534
joint,2,48,1.10038845458375,-1.60779067112119,1.79591621026109,-1.25178403374753,-1.96736492504069,1,1,0.11463168833646,0.970500158042098,0.0493996787060075,0.409642448863453,0.471890968574384,0.0748781175835857,0,629.490435064993,437.197362698639
joint,2,49,-1.79781035503404,-1.24210354745821,-1.94834104810839,-0.535414204902977,-0.0587795961056914,1,1,0.1042579582376,0.586331488400441,0.0755659228003711,0.631457054505599,0.551712731831935,0.0887616686357502,0,572.523954260738,264.134506596053
joint,2,50,-0.756575086036897,0.671121740485366,-1.34141239960894,-0.253248723159644,1.04533164224748,1,1,0.0750870240480577,0.580132599574488,0.0497160576685464,0.578212264218948,0.398069961062737,0.0602286757084542,0,412.334181949876,261.341989949959
joint,2,51,0.150147323848947,-0.0188013403800951,1.05128482668644,1.13882891803832,-0.204897888175737,1,1,0.0635030376057219,0.564586632131508,0.0320029885503372,0.32034549716119,0.290197438636986,0.0297469549058708,0,348.721678538342,254.338739192761
joint,2,52,1.16340347691011,-0.938583937440878,1.26932762125922,-0.863586332457997,-1.07008173232379,1,1,0.0852678790704527,0.724960890450497,0.0407534284174103,0.368709695842059,0.36625143735555,0.0634944537226388,0,468.241505224837,326.585201185373
joint,2,53,1.47562365252997,-1.53071468257966,0.673980872509686,-0.357185983559243,-1.71274579958467,1,1,0.0521598480967383,0.484264698761753,0.0270622120992311,0.281221049338453,0.226759478709863,0.0567175226802177,0,286.431491569478,218.154780699691
joint,2,54,-0.364003034622205,1.03251936093179,-1.49041467938485,-0.361990079353426,-1.96316842043936,1,1,0.0822442814074426,0.586190437491441,0.0545619880697116,0.593816575642725,0.434371856705593,0.062449750165302,0,451.637668746714,264.070965044915
joint,2,55,0.469955418310605,-0.624223866660124,-1.39922258040985,-0.708037566396255,-0.974686910235434,1,1,0.0763250979645295,0.583396677189512,0.0508999822062388,0.577337301852388,0.393507379938256,0.04252894646652,0,419.132962458412,262.812413332281
joint,2,56,-0.471439605736018,1.31780648806717,-0.319254362528334,-1.21911350801055,0.109416589978815,1,1,0.0207060715440715,0.248210591919109,0.0115020125453947,0.173390864232503,0.107557503695709,0.021843906157672,0,113.705679240342,111.815557454237
joint,2,57,-1.54096569946192,-1.84710259757039,0.886103311534161,-1.78345680212688,-1.0984459489198,1,1,0.0446429543678916,0.456199621137743,0.0147016008286603,0.17977585338721,0.239566099746945,0.00326222829025248,0,245.153091396041,205.511837966015
joint,2,58,0.62159753670407,0.498150726448035,-0.745545546748798,1.79688526109637,0.787658242647151,1,1,0.040967038585861,0.445365181142586,0.023067061041096,0.338569159606784,0.220733676919014,0.0196744402561574,0,224.967103921959,200.631067413896
joint,2,59,-0.872093153807213,-1.45729183317423,1.5163199504382,0.128446363706693,-1.03205587227624,1,1,0.0824551305684064,0.719588868853437,0.0334692884407791,0.33194562033323,0.386598028806818,0.0240410205275044,0,452.795529474357,324.16517718524
joint,2,60,-1.97798652379935,-1.65016463760368,-1.99856628818582,1.64904828815678,1.11609877044789,1,1,0.106611506264741,0.597961436911709,0.0778090385718641,0.643157017696212,0.56358784456243,0.0918004643073985,0,585.44826858474,269.373643112738
joint,2,61,0.701977871656482,0.870864351100596,0.942321155294156,-1.18478134747628,-0.0640128776437727,1,1,0.0614390252009862,0.539377566438217,0.0328689356092638,0.323435756328535,0.271847933701895,0.0390922591730906,0,337.387325136663,242.98239169928
joint,2,62,1.15390160200782,1.26626524986905,1.88235438801712,-0.561803394387892,-0.00756837632152507,1,1,0.11883420668506,0.995029287521766,0.056225581187144,0.436521671965794,0.476360751610333,0.064902590218785,0,652.568216976955,448.247408006658
joint,2,63,0.428972883666198,-1.6694314646685,-1.82587615502233,0.000559779219752254,-0.974786822253976,1,1,0.0981824710172367,0.596697862688396,0.0694345110099447,0.624820194779689,0.497031484113907,0.0593436504291709,0,539.160918706791,268.804419796875
joint,2,64,-1.64580677807148,-0.0836073551046845,-1.89633767814623,-1.77802827121768,-1.04188793874968,1,1,0.102033524361752,0.579902261206314,0.0726240964631585,0.625042358801908,0.541841379370029,0.0882863012981936,0,560.308659619252,261.238225590665
joint,2,65,-1.85042022451575,-0.65788991069007,-0.0158024711874134,-1.23774718160209,-0.683418804825095,1,1,0.0153683945438168,0.171646793692485,0.00987609511449717,0.151204285215768,0.0217785274934488,0.0290570639654082,0,84.394267484244,77.3245886630517
joint,2,66,-1.8129010270156,-1.43885996680397,-1.46397305792525,-0.827045044267047,-0.84918341186265,1,1,0.0820989126264803,0.590705111671892,0.0580449668634943,0.611849208407953,0.431293918648457,0.0704255694551772,0,450.839388109826,266.104765481505
joint,2,67,-1.02354279059225,0.236109373541189,0.34787482881204,0.217179358088845,0.148978970056461,1,1,0.0167955334320726,0.18534711226642,0.0066205295432873,0.0868179359684094,0.0843316764740645,0.0102449621608695,0,92.231282647359,83.4963992485743
joint,2,68,-0.0404940998267818,1.47097095107155,0.743608154274367,-1.13042438010691,-0.343834511827186,1,1,0.0440529465496109,0.410913009290469,0.0243395267714479,0.263984200433833,0.203676137964312,0.0160427665614805,0,241.913112262775,185.110824013448
joint,2,69,-1.12501657765527,-0.752636950396108,1.56448664724123,-0.845861362676945,-0.0221432562646791,1,1,0.0830987508415982,0.717858625170266,0.0335508754393287,0.332168534895499,0.390574190109308,0.0181720166817263,0,456.329916969366,323.385725508864
joint,2,70,-0.799575497421196,1.64146257795965,1.08081179364233,-0.155227302214227,-1.06161912888979,1,1,0.0584342758303559,0.522229969310429,0.0292444616019977,0.303353677830259,0.274371451330866,0.00576462818615438,0,320.886992497161,235.257628154664
joint,2,71,-0.9459413277474,-1.20982533484472,1.83559849400276,0.284650455164909,1.26233739251428,1,1,0.0985278182451189,0.841896908776125,0.0391093657153676,0.366431567535372,0.444719010951358,0.0258242514762432,0,541.057364444291,379.263316065419
joint,2,72,0.590102022641061,0.406129897541121,-0.463867575996542,-1.84175562268768,-0.387908543180409,1,1,0.0246409923057304,0.291850232796386,0.0135321372598396,0.201187235366785,0.129823581365825,0.00556049116455397,0,135.313971137192,131.474632975824
joint,2,73,0.639261503031568,1.16830309259346,1.90633568318867,1.23168740291198,0.860942543170404,1,1,0.11509799051161,0.96553032389347,0.0540919087346252,0.43403866340736,0.470772355452818,0.0507034168597117,0,632.051094890968,434.95851877386
joint,2,74,1.52816050624828,0.712975025903219,-0.533244709752103,1.78158607567267,1.01745879026806,1,1,0.0273526212885067,0.313354364377213,0.0110439343700312,0.159127163173187,0.149581877764392,0.00254006091244859,0,150.204657411415,141.161957121375
joint,2,75,1.30702061530916,1.71689456125147,1.04559780877766,0.0102401722767915,1.20688790194428,1,1,0.0723792200364645,0.603534454450108,0.0408326037428788,0.366911487484577,0.301087789886995,0.0491923134857197,0,397.464500188534,271.884213100668
joint,2,76,1.03391484432443,-1.31723708408473,0.161535741930938,-0.821482088748887,-0.176206536572231,1,1,0.0180739735442731,0.195277492788099,0.00890257410217585,0.110831684644224,0.0733166072421842,0.0313000451166785,0,99.2517307809635,87.9699030792493
joint,2,77,1.0489184565655,-0.682770693203526,0.33303125713005,-1.7317456072511,-1.39001925790676,1,1,0.027948384897309,0.284574302118772,0.0150607699757859,0.176771064067079,0.12199184566088,0.036104420979101,0,153.476243992257,128.196923356643
joint,2,78,-1.77738173381824,-1.83140811094531,-0.547047299384237,0.44532561571906,1.23299292986972,1,1,0.0380467850981947,0.443873814249442,0.0269307699071805,0.408084882539264,0.171819023521337,0.0400270516933964,0,208.930773434916,199.959226541851
joint,2,79,0.545372280896915,-0.959310946919311,0.251979649381394,-0.274702850864202,-1.07239811692064,1,1,0.0191492017708957,0.207487120839437,0.00995156091804448,0.123770804051025,0.0890492780271512,0.0225791236251281,0,105.156257653011,93.4701774886273
joint,2,80,-1.60817797567957,-0.187530239763072,-0.358200085813313,-0.211655252783475,1.08283237956028,1,1,0.0283482431613263,0.335377346616194,0.0186317039826388,0.289786649153816,0.124483104135368,0.0371913905763958,0,155.672032575967,151.083016560526
joint,2,81,1.17365990414299,1.24468952287568,-1.84679363966408,1.14530314054419,1.40111558236915,1,1,0.0999133673862692,0.600319918803539,0.066855385856911,0.618574905884483,0.505798577642484,0.0622287768403277,0,548.665992951154,270.436107713631
joint,2,82,-1.92462876795551,1.53400489121103,0.397958984600798,-0.0185021790390958,-0.477758909309439,1,1,0.0196703093436715,0.21145267250582,0.0053293051926381,0.0714514289047674,0.0762430706225991,0.0307673593000591,0,108.017876786976,95.2566055647293
joint,2,83,-1.38116987935879,-0.66520409763034,1.32438439135214,-1.54902540653408,-0.0790644333177632,1,1,0.0686831361338027,0.61469384116642,0.0272038065673422,0.289574221151738,0.337253246328171,0.0096751156668306,0,377.167761148154,276.911367811851
joint,2,84,-1.82851494697906,1.38281899401036,0.582570757671576,1.9055964285722,-1.14007905747438,1,1,0.0275225249359334,0.286659914459453,0.0114629550750617,0.145727997080024,0.125313825446947,0.0271687909347599,0,151.137669238161,129.136463868205
joint,2,85,-0.2989922703079,0.0146730282541916,-1.78225335865814,0.570813059545353,-0.412701455827744,1,1,0.096458876381318,0.596218263475046,0.0669180422631127,0.62485248734551,0.500668489985787,0.0709635590538261,0,529.695941325881,268.588366755058
joint,2,86,-0.313197686509312,0.321883481094239,0.793681526626272,0.225009616609964,0.990143265435322,1,1,0.0452858461860614,0.428479470071661,0.0230005560908268,0.252787402362842,0.217202387334616,0.0144221119367003,0,248.683478640549,193.024280041091
joint,2,87,-0.386945697351223,1.96022388048926,-1.05794821493263,1.26940960720167,0.43786286717294,1,1,0.0605900383146368,0.548328140177845,0.0367118214872865,0.496014298655713,0.327696255135142,0.0504303660400452,0,332.725183871815,247.014505657406
joint,2,88,0.427841422741305,-1.84412375614691,-0.497743065620174,-0.579096804238693,-0.773856779771827,1,1,0.0269783770417631,0.328750602702754,0.0176582774951348,0.263688170036723,0.128912686757796,0.00258826406483199,0,148.149526084973,148.097756910409
joint,2,89,0.925385504946896,1.4712345073082,-0.163767617857256,1.01192771620188,0.0941254370236746,1,1,0.0090440352699476,0.117253390503405,0.000987996678972021,0.0133918641189424,0.0497082620007699,0.00388627125783836,0,49.6645716332146,52.8210868084564
joint,2,90,1.02284702579266,1.24543817420385,-1.23447058984527,-1.66607509164941,1.35998982741325,1,1,0.0671493625838236,0.555672400720055,0.0411678914667745,0.516853296920614,0.352694688939155,0.0338350627708749,0,368.745170560169,250.32299696822
joint,2,91,1.79888740353692,1.25288940507398,-1.79145171519802,0.0962346920317874,-0.186470361401426,1,1,0.0970687965615785,0.597317946171617,0.0636528238493032,0.607158328699746,0.486837661812344,0.0519112567955618,0,533.045267547965,269.083759126468
joint,2,92,1.44565341660267,-1.81024089930502,-1.29449934342984,0.476159005052036,-1.96004342857055,1,1,0.0697808144703408,0.582272537923706,0.0453498943298181,0.546789417634363,0.350807607532917,0.021765645202457,0,383.195570941906,262.306003602985
joint,2,93,1.04582163737645,-0.0900002417036863,-1.57441659599005,1.80821879799438,-0.219304350530082,1,1,0.0855115533322911,0.599748744290307,0.0563698837217744,0.599343916271691,0.437375515723344,0.0466581683187984,0,469.579622278898,270.178801221966
joint,2,94,-0.9572767072513,-0.884971778489188,-0.715551616785741,-0.0836328781389608,-0.481217516125377,1,1,0.0433045642733599,0.477351911847289,0.0290321299982997,0.426928467745034,0.217330801685522,0.0355520002306952,0,237.803432893058,215.040662496971
joint,2,95,-0.436338407261686,-1.13894569997861,-0.283434791338459,1.425963647553,0.0281978661477114,1,1,0.0182356062270818,0.223951580867749,0.012345939396629,0.186949799309462,0.084520824888039,0.0136610547099975,0,100.139323289619,100.887196891444
joint,2,96,0.855852142621939,-0.760709590491596,-0.434180470457744,0.963200823868527,0.618484355572423,1,1,0.0224281360438797,0.267294356733342,0.0119597461435795,0.175314189405245,0.115632626322089,0.00192683528193078,0,123.162254005363,120.412538689125
joint,2,97,-0.984126247281559,-0.688526049603368,1.3783002249494,-0.178125919415731,-0.767436619402248,1,1,0.0740356602953033,0.65289123556295,0.0311481968390242,0.316647904003484,0.352784853544715,0.0168112076502575,0,406.560704862194,294.118783960874
joint,2,98,-1.45788975857134,1.92557887986178,1.98273900498779,-0.763581583761648,0.951382109456242,1,1,0.10143743571262,0.842751052867915,0.0431422411823442,0.386853481996255,0.450629594834733,0.00595767005446708,0,557.035288106324,379.648096573902
joint,2,99,0.355516351168522,0.703247766986297,1.40141010886516,-0.325719918770087,1.15140021057483,1,1,0.0853047684024362,0.716623092995415,0.0414425827864928,0.373560199332137,0.373031966223576,0.0408460544777789,0,468.444079940228,322.829134761405
joint,2,100,1.69082497956945,1.41546243570128,-1.45933122856347,1.32785923941007,0.386043853568149,1,1,0.0793505689546646,0.588702621959804,0.0487372200660802,0.559285982583664,0.409218618079546,0.0382946976288253,0,435.747086157495,265.202670604239
joint,5,1,-2.20180753759954,4.33840888428178,-0.833319063277324,-2.4088473930316,-3.67354986577979,1,1,0.0552995001418847,0.523366017595951,0.0317059565299212,0.461887544682349,0.298507115607497,0.0730858861112899,0,303.672631087993,235.769402738329
joint,5,2,-2.42554666887888,-3.94009697469754,-1.78755870264572,1.12398666117043,-4.64461579137414,1,1,0.097392646095681,0.602107483850752,0.0725005865371778,0.639170978095453,0.512841195189713,0.0820918944067161,0,534.823660478194,271.24138189913
joint,5,3,1.91943876483985,0.321218091376765,0.170417923623091,1.72600780472072,0.400751411111655,1,1,0.0246069948857624,0.233807731151148,0.0171058964576067,0.195322978144796,0.0713616750995664,0.0379288673512993,0,135.127277117438,105.327260990925
joint,5,4,-1.23571026263456,1.98117252668511,-3.48544581587503,-3.56840855755837,-4.88969204538109,1,1,0.164062160974605,0.539495987996134,0.124800208144672,0.607753763199478,0.848883275922554,0.160459959835681,0,900.933787056148,243.035739029911
joint,5,5,-1.86053816265214,-0.0617909521029747,-3.83401025796222,-3.37117162263071,0.518712531952307,1,1,0.171560193678329,0.536434060862211,0.130903639449353,0.599898253862015,0.910642234673839,0.152358223687066,0,942.108613470159,241.656381740132
joint,5,6,-3.4532665468372,-3.65776858071516,4.53223259943932,1.84841215490288,-3.76435682730957,1,1,0.181817461657752,1.49271830909495,0.0482047979153285,0.41554529023982,0.692725749764473,0.00668204553413198,0,998.435552178358,672.449666886067
joint,5,7,1.84609198177472,0.923295306573272,-3.94497480754292,3.83171911370505,-0.675730639191416,1,1,0.184339968841987,0.583633113793461,0.146552015945505,0.643448714961879,0.870630442136597,0.184726092043813,0,1012.28769173856,262.918924865366
joint,5,8,2.19515995910601,3.62981549734677,0.905683256663941,1.74597429105965,3.85454787485362,1,1,0.0714021580189562,0.574502744006231,0.0461121062092553,0.395972691521358,0.267868647461064,0.0541888687166665,0,392.099044934298,258.805815188503
joint,5,9,-2.76960205631495,-0.439143926922734,1.14059961678006,-3.95165868097704,4.5940514936425,1,1,0.0528745104333842,0.506093822912426,0.015007073780381,0.18341041130569,0.278703836167733,0.0194376653645153,0,290.356000679902,227.988509658529
joint,5,10,-2.04974197075928,1.12301735343367,-4.66898209466932,0.305785456177785,-1.83762414516262,1,1,0.187795529695312,0.55835192522968,0.13771580870958,0.600348858450726,0.964917523176952,0.139955350084066,0,1031.26361834769,251.530086981743
joint,5,11,-4.95173068051051,-4.26888206943112,-2.82102180944967,2.16145597273702,2.59954676302324,1,1,0.13719888458394,0.58093087380798,0.105085184659238,0.639838451254845,0.791652107798691,0.117622870031206,0,753.416326676456,261.701601833276
joint,5,12,1.1819308910593,-4.40493840426706,-3.87494061097663,-2.13552234745779,-1.16521503924329,1,1,0.180652889843558,0.552693585766834,0.143541849270842,0.61157684701267,0.898076232147013,0.16371807117764,0,992.040402384964,248.981080606102
joint,5,13,4.5502423107097,1.39188115541445,1.90718446021387,1.16790570300856,1.94221157639023,1,1,0.151078835345886,1.29094259847241,0.07769360751047,0.498914144304764,0.528560722225881,0.146609161977736,0,829.636928244959,581.55240343916
joint,5,14,-2.46777552505153,-1.31852590375993,1.00668108815998,-4.6693336792629,3.43199341789459,1,1,0.0475550260486903,0.476760578564768,0.0120744482808563,0.151709035071121,0.258394391634176,0.0109807752371341,0,261.144492167405,214.77427474891
joint,5,15,-3.21324875679283,-3.15322366440149,3.83141240085028,0.505408258620527,-1.67119763592133,1,1,0.163430313767713,1.47576298896803,0.0453636687930559,0.399339779558635,0.651391994352445,0.00287968158998435,0,897.464050380948,664.811521562984
joint,5,16,1.22969100875857,4.65046956016383,0.93060017692589,-3.64035285097561,2.54100267580779,1,1,0.0648565891363547,0.525497038831689,0.0402170768101518,0.361173620375654,0.261432770849509,0.038782802281368,0,356.15459481364,236.729399350796
joint,5,17,-2.34032411700459,-0.963860005700701,1.07304535204616,1.21211905236958,1.83134129860578,1,1,0.0505665492574617,0.49175542068702,0.0172571931728952,0.206471632225903,0.261848341833381,0.0177275221319262,0,277.68202277878,221.529250907962
joint,5,18,-0.0364550077134984,3.33013511886199,-2.03073512137018,-1.28783514275042,3.40694677869368,1,1,0.109060017449851,0.581564564615066,0.0740013992533045,0.620588542584578,0.564331076477647,0.0888054541752025,0,598.894065236119,261.98707108058
joint,5,19,1.90703104575133,2.52972701971387,-0.531040634689025,4.16578241428385,3.68582129514765,1,1,0.0284775667296861,0.324996896726896,0.00691364145370024,0.0971602240271634,0.163260674526036,0.00688677426596048,0,156.382202254983,146.406762489242
joint,5,20,-1.97191797509409,-4.7526317620847,-4.21362913049019,2.50486755094106,3.18486139172926,1,1,0.178997461521687,0.56762813898857,0.135987753238898,0.612312958701849,0.960236207234446,0.120079535299131,0,982.949754679463,255.708897420473
joint,5,21,1.23328111675673,4.54394811054465,1.54125932129903,0.414808027309863,4.26559737927794,1,1,0.100396201071925,0.793440555318776,0.0558297502796135,0.43505547448599,0.399235882397448,0.0461869365007677,0,551.317434199715,357.434375841148
joint,5,22,-0.964959922118589,-4.82751563970995,-0.360116246092204,-0.597935550839243,4.92338006775124,1,1,0.0255441813295948,0.349868404243905,0.0218401853759773,0.335672478889068,0.0839889279795953,0.00937501589134418,0,140.273758957027,157.611044531516
joint,5,23,-0.718868757064155,0.726402765401907,1.16263858760373,4.36309388436406,2.29042244807462,1,1,0.0633451361222695,0.561737998662694,0.0317651259015004,0.326883009105669,0.29369860516176,0.00646165713362595,0,347.854575602337,253.055467851133
joint,5,24,-2.35649157393512,-0.753742962910331,2.53138871855218,4.46052055128334,-3.19598123160252,1,1,0.120426767591052,1.03760566634579,0.0440684671145557,0.404617921242408,0.52400929905513,0.00718542285710184,0,661.313633468055,467.427498170347
joint,5,25,-4.51380676028648,-4.43287328419395,4.31908899677912,2.90725779173562,-2.01783487143845,1,1,0.170016548907419,1.52046744811702,0.0403226439180093,0.381948034402279,0.671023300383734,0.0285577471770793,0,933.631815888902,684.950283498106
joint,5,26,4.82516852003645,-0.376182714962459,-4.01662168908822,-4.36664437045755,-2.66958387858252,1,1,0.18993059673723,0.549126561463803,0.150866308187539,0.599314222474094,0.862397667123397,0.215805041170887,0,1042.98816241238,247.374183785896
joint,5,27,1.94216660122137,-1.51343945339904,-0.418810440435925,-1.4460146988411,-4.80226171379104,1,1,0.0217495956231298,0.245032779977478,0.00833947533465572,0.116992457142191,0.0891604959606789,0.0286068941892264,0,119.436105408359,110.383995605926
joint,5,28,-1.11824125534196,0.397067796402071,0.931908349690354,-4.6404332376833,0.485872355419682,1,1,0.0490008531619735,0.46353279846153,0.0200858439376905,0.227175684333403,0.250006294259767,0.00842840462691053,0,269.084132172515,208.815336434917
joint,5,29,-4.69099524151617,1.78990482879541,3.27008137276229,1.70122283746977,-2.4752672930261,1,1,0.134851655787682,1.13203599527991,0.0422189573928897,0.387767200639149,0.572590733638236,0.0579815786062812,0,740.526713886172,509.967100484323
joint,5,30,-4.28137131598754,3.11093366088572,-0.231553990135602,2.60978423801117,-2.45275664197571,1,1,0.0439259614109346,0.492824692860453,0.0196781651815162,0.322275396624142,0.154699253570773,0.0904755892955385,0,241.215783876949,222.010943744752
joint,5,31,-3.61708691051553,-3.57917225800176,-2.27043233711646,-1.35297794243324,-3.08389497005155,1,1,0.117647205562257,0.578443169474938,0.0888301206711805,0.634217152426106,0.647817191611669,0.107959421391735,0,646.04989849051,260.580924248046
joint,5,32,-3.45051111062392,-0.401060231634375,3.61302801021201,-2.98921556630589,3.47107588883958,1,1,0.15415748211921,1.3909086482091,0.0449409154658672,0.392194562955369,0.62897151638882,0.0128197969834292,0,846.54306235914,626.585774059575
joint,5,33,-3.31126749398909,-0.391251318983347,4.77457996842279,0.863882328079858,-2.841897989777,1,1,0.187866536226052,1.44790589848992,0.0553969516538953,0.439312861705774,0.70232138785302,0.0137257019873963,0,1031.65354483815,652.26227426141
joint,5,34,1.20433746526507,1.51490079563783,-2.72530230964388,-4.15796145828242,-0.118617846390013,1,1,0.141412846088497,0.557534894177035,0.104313402379556,0.612799287876019,0.688688372411024,0.110497292414467,0,776.556947732868,251.162025401846
joint,5,35,-4.86501575442903,-4.97634705786822,4.2147680673917,-3.4998048373112,-0.660795747820601,1,1,0.165031169402108,1.40983149235783,0.0333894346859967,0.331156311340671,0.665391786532902,0.0234042744344717,0,906.255016686999,635.11026268333
joint,5,36,1.91562539358466,0.533894827308531,4.42191544219599,1.82332894214981,4.63409513621429,1,1,0.215682334664663,1.03292876415941,0.0844279485314843,0.514979302795619,0.729291110570591,0.0974716459385825,0,1184.40170125898,465.320616183217
joint,5,37,-2.80331415543045,-3.67295559532346,3.15277254928558,0.749486656486089,0.332151688757233,1,1,0.143200243106915,1.272319408703,0.0412514259052841,0.379232244073973,0.600735977226199,0.00520068700687461,0,786.372290620041,573.162905112185
joint,5,38,3.55903960313528,0.578466663419326,-2.31899128083363,-0.643452076155357,2.53189263922544,1,1,0.124462714332097,0.596491706079628,0.0864289762565281,0.62462954040225,0.584041879887281,0.0618753513864115,0,683.476701174627,268.711548997309
joint,5,39,0.660188294280254,4.36374046551585,3.47044095548597,-3.74004580722371,-1.54042148278631,1,1,0.181022330121757,1.40388702735053,0.0757299122193772,0.486366598619339,0.654260661087517,0.0620130104345092,0,994.069153115489,632.432360570373
joint,5,40,-3.41343989470359,-3.11780041933454,1.00480955678173,2.1873187261079,0.191480804360663,1,1,0.0452444453524257,0.479842083279962,0.00750349175063958,0.100487459159001,0.240773069269547,0.0332645479587775,0,248.456129386991,216.162451477643
joint,5,41,-4.61207141676582,4.58949629255378,1.21697343099588,-3.76879435053926,-1.9737859691168,1,1,0.0548800159745147,0.497100597140119,0.0153444603295821,0.189079751659425,0.232090182664963,0.0753463491654904,0,301.369068479323,223.937181529188
joint,5,42,-4.94485393207123,1.89672151368894,2.34176284006024,1.70046575474444,0.74874436306521,1,1,0.0984368067961203,0.782894771016707,0.0305227237969926,0.319177148680149,0.451887182551373,0.0693564003805664,0,540.557582599869,352.68364082452
joint,5,43,-0.955884051111767,1.38280500059145,-3.59273388025306,4.61593573655448,2.90731891869659,1,1,0.167323175916848,0.582417426180229,0.130734498860779,0.647163046044639,0.853637217471447,0.157742093094163,0,918.841380885882,262.371273827943
joint,5,44,2.10507133793601,1.06664509656403,-4.12797656551742,0.879719692266978,0.188799683175529,1,1,0.190045572708425,0.570025793137921,0.150133815380883,0.620356620046882,0.890075564795576,0.198951595673849,0,1043.61954344828,256.789008600335
joint,5,45,2.50450087784585,2.6568238105437,4.50032375833108,3.87954996356823,2.51211320507828,1,1,0.221505367841779,1.0058851684507,0.0935648990995799,0.538728025156193,0.734841395977714,0.0997378230928596,0,1216.37840631545,453.137837413156
joint,5,46,-2.88094571558698,-4.97625242066328,2.92460825206575,2.02078132529614,-4.43556487599823,1,1,0.134220211396296,1.17360137714137,0.037366184466891,0.363204712773618,0.578921699853732,0.00492506658865204,0,737.059189239006,528.691750015605
joint,5,47,1.04242389989056,2.73357449716511,1.55366507935954,-2.30339502907145,1.73586177198851,1,1,0.0997316982953542,0.807524695469528,0.0509453180435684,0.41273712318139,0.410096705705384,0.0543248045103011,0,547.668372164637,363.77909292209
joint,5,48,4.75716973142109,1.34555162788714,-0.970071537322003,0.336808177548394,4.97238421354309,1,1,0.050877632563647,0.494882058922314,0.015657870141189,0.218216278100581,0.246875649392774,0.0305667873995661,0,279.390311024324,222.93775968486
joint,5,49,-1.76732611925113,-0.544630900953356,0.0347126815084686,0.547878642486676,-0.248081128893171,1,1,0.013649964020335,0.146210517103178,0.00733021320713207,0.110572693665267,0.0106546647780101,0.0289350078046598,0,74.957648399646,65.8658856947254
joint,5,50,-0.862155485058783,-4.57472843141689,-0.258970593329059,-4.01573181182495,-1.30678090222692,1,1,0.0207679386328669,0.309634949723451,0.0189891723767658,0.292715858012285,0.0475394456787657,0.00345003152360289,0,114.045417241302,139.48641048294
joint,5,51,-4.18771057940698,0.521283374973325,-2.87413034237358,2.189403837365,-4.51693723105211,1,1,0.14005431046522,0.578656826735593,0.10448864492605,0.641434993290884,0.7822479782817,0.133585237966301,0,769.09666172506,260.677173991136
joint,5,52,0.400354959710195,2.79548107631583,-2.54852201352056,3.01815454624839,-1.65070080562163,1,1,0.133056771257756,0.5951595727281,0.0960773079361102,0.648914289452566,0.661073578759703,0.109580913931719,0,730.670253948862,268.111440709613
joint,5,53,-4.85377678725501,-2.63951537108122,-0.664721387149302,-1.8468203270233,4.85216582948528,1,1,0.0583124073121325,0.615178507811689,0.0401004637465511,0.556529939121703,0.236336726407249,0.0846448641741064,0,320.217761609346,277.129703664086
joint,5,54,0.909311166469151,4.38955095664696,4.10954797802459,2.60142967019229,3.54145340498033,1,1,0.200975915459375,1.21889539095451,0.0843467989169966,0.51823741615574,0.699608164149252,0.0568858872625548,0,1103.64261659285,549.096098454961
joint,5,55,-3.30716064113723,-3.25763943941844,1.24865627813504,-1.64185062604698,-2.84766024968382,1,1,0.0567539065339677,0.559433767964495,0.0113893579205105,0.146562150722216,0.305842433738534,0.0213931021231541,0,311.659383493021,252.017442688588
joint,5,56,2.02038160635201,-1.15319002658061,-4.85184091590982,-1.73902635438635,0.902937625753744,1,1,0.20470656720113,0.55088205638147,0.156107302864749,0.597283736776955,0.945627247779517,0.215369217097609,0,1124.12918206243,248.165010806247
joint,5,57,-3.74658607723761,-1.00913572989663,-4.72474560406974,-0.81786187654171,1.14594440358231,1,1,0.18333667512136,0.547163753038061,0.128282879144429,0.584950693687282,0.977871475785868,0.0976559648595259,0,1006.77818725633,246.489964798288
joint,5,58,2.14101416479945,2.08066510063181,-4.28297892536721,-3.15713345222429,4.5600915765356,1,1,0.194582399142844,0.54312484196809,0.151069424964566,0.600535378501249,0.901115763731811,0.214694549396892,0,1068.53315056217,244.670489290393
joint,5,59,-0.180356798134426,4.35094379496237,-4.00667323283023,-4.65858857055878,4.4751570212693,1,1,0.181583910547417,0.533335468633056,0.137656667948191,0.592150477133392,0.892956544238677,0.189354751789282,0,997.153025573471,240.260507314519
joint,5,60,-3.78949736898351,0.0301278623063062,-2.32630334558622,3.60379176149712,-0.281198443313957,1,1,0.120989893368482,0.599065384833912,0.0881535551537148,0.656280174407081,0.661444425335518,0.119013771329571,0,664.405992097462,269.870956911344
joint,5,61,-0.020287297542434,-0.96570205568892,-2.46416126773888,0.335342954893877,0.74221092652333,1,1,0.127943729496232,0.583346064928912,0.0952071000180543,0.635172482457509,0.645113142432326,0.0978059728245365,0,702.592408026187,262.789613184676
joint,5,62,1.98423153963351,3.98908252788615,-2.15160462707379,-2.33979743732561,3.14154449985261,1,1,0.116246910674373,0.577342722878301,0.0774910057564117,0.612660119575917,0.572568459123545,0.077279719611161,0,638.360294935111,260.085187749857
joint,5,63,-0.822688408854926,2.92000691281915,4.73851939753967,-1.28375209290891,-1.9332295399738,1,1,0.20245286092005,1.15670757419615,0.0736954439467347,0.485812291412767,0.719698046863341,0.0319814948832504,0,1111.7531404288,521.081317361476
joint,5,64,1.35177213009895,-2.05082938157985,2.12401147337153,-3.16186742834927,-3.14879954900447,1,1,0.134424492866507,1.14922263465342,0.054351371472534,0.42819227570821,0.530692406448216,0.0901066545248455,0,738.180984036108,517.709452039329
joint,5,65,3.41768353728069,2.14032083864455,1.8376792982137,0.184177212575884,-2.33309498394966,1,1,0.138988860444845,1.15779593085354,0.0717661690993197,0.479638912232291,0.499487973517867,0.113219466333707,0,763.245831063845,521.571607503465
joint,5,66,-4.61714613525382,4.77519602323591,2.98752197283646,-2.91987803829055,-0.748967738129817,1,1,0.124849500050972,0.991763549667869,0.0425651022477247,0.384959196311245,0.537965000317972,0.0614927126533834,0,685.600702957946,446.776236708892
joint,5,67,-4.70700013919131,1.2759856581783,3.23282514486332,4.20440545927867,2.9845714553896,1,1,0.133564581525178,1.10741757037356,0.0412895525628524,0.388104371540277,0.569010936648833,0.060597954053023,0,733.458852030325,498.876828778892
joint,5,68,-3.65396479311472,3.80318757344989,1.39316274711557,3.59088374828604,4.57261254894684,1,1,0.0626549704920146,0.551006349173307,0.0248535058731169,0.279219476902083,0.28416782478866,0.0619485549972834,0,344.064588128883,248.221003049364
joint,5,69,-4.67148240719362,4.9005405633289,-3.49391817300341,4.96774864117774,2.07644931297491,1,1,0.158733330423494,0.581584384278629,0.117763931334129,0.64402172187377,0.879767987609534,0.141326410390676,0,871.670954843813,261.995999574375
joint,5,70,2.67856481612246,-1.10565258515735,0.122848631579922,0.999524244903619,-4.83421788736639,1,1,0.0295535415517292,0.278847270756177,0.0174688341099269,0.194020836361146,0.0814107245487964,0.0582131626631433,0,162.29082899403,125.616972197366
joint,5,71,2.73768121437234,0.454824327067542,-0.742901480618318,4.77436973463862,2.42706119919115,1,1,0.0385267181078245,0.405025101576105,0.0143947526947072,0.202188789517054,0.203617358080132,0.0115106266354167,0,211.566285861002,182.458400205784
joint,5,72,0.431682526280425,-1.64499013404413,-2.86484904803561,-3.19798940103952,-0.549785128695743,1,1,0.145313629609542,0.558147082504119,0.111408800675965,0.619235820920816,0.723306848011562,0.115144195826229,0,797.977777796452,251.437808069018
joint,5,73,-3.50251010167156,4.40679947284627,3.00418606556535,-2.55826646173323,-0.40428819562972,1,1,0.131681734561654,1.10251932510697,0.0481794016850399,0.410245713312884,0.55666426923944,0.0367574932707604,0,723.119353664475,496.670234689588
joint,5,74,2.19674711413779,-0.903629690858542,1.62221001989795,3.12673322428076,3.04683465933292,1,1,0.115101676505527,0.959332351164119,0.0560904413235717,0.440523550115685,0.45066466126238,0.0869390537919984,0,632.071336221687,432.166414817054
joint,5,75,-1.23495406255106,-4.6461253361484,-0.646362911815416,4.03245206567693,-3.90879407778942,1,1,0.0409144260781098,0.482694937347209,0.0308426955800741,0.455557842203232,0.182753186690418,0.0277691096982268,0,224.678186687337,217.44762414251
joint,5,76,-2.83512000919636,-3.43057581276035,-0.24838089439417,1.58911943239923,4.01540025062346,1,1,0.0311297187931741,0.387518590675715,0.0230964904948591,0.363892813016532,0.0892550240897486,0.0446876145993048,0,170.946275946398,174.571950798968
joint,5,77,-1.51890495295596,4.40533944157825,-0.266872101240787,-4.99070025431676,-3.46660515900667,1,1,0.0252689382564019,0.294219396545964,0.011483059451883,0.176117196762186,0.123119690935512,0.0450387156643851,0,138.762284386538,132.541909611004
joint,5,78,-1.97462779639498,2.79203776372425,-2.3074306882379,-0.46670208210785,-1.67787440984543,1,1,0.120597708994992,0.580529882975277,0.0856482834638853,0.63216479938648,0.642544101307407,0.114740477028749,0,662.252344048859,261.520960817331
joint,5,79,4.18428064983695,-3.10503976410592,-4.39185586720562,-4.27993488168365,2.84570728318393,1,1,0.199062912375287,0.544352947386867,0.156780685598286,0.591663761037118,0.913585011285955,0.238260179407441,0,1093.1375183852,245.223734383407
joint,5,80,-2.6947827080477,1.92038368246352,-2.63063526485323,-4.99840982995672,3.81257001288095,1,1,0.13221604296905,0.545948748943995,0.096799132691958,0.606980999136581,0.716413708816637,0.127939363612575,0,726.053464089887,245.942621677123
joint,5,81,4.00254246701658,4.52984031970774,-3.6222887274732,0.754665221874922,-4.35145986763507,1,1,0.178980698414884,0.579828649825068,0.138272504764226,0.627058492544414,0.796593243981874,0.176300091685545,0,982.857701464967,261.205064646302
joint,5,82,-4.18425230202955,-3.11023211167054,3.8804361767038,3.65224235657462,2.33507497344406,1,1,0.158757782270395,1.43135923543416,0.0414368199162285,0.385695468322635,0.643020684396356,0.0291050079349545,0,871.805230138605,644.808223492335
joint,5,83,2.10200477976243,-4.08531278774882,-4.7141986311048,-3.38267541672273,0.475245272143474,1,1,0.202555169167331,0.542297146198489,0.154464265449903,0.590088400385833,0.949501250584013,0.205317853733678,0,1112.31495770661,244.297623397907
joint,5,84,-3.57267774357615,4.31874378909758,1.53158926866165,-4.05423401593796,-1.40770322694687,1,1,0.0685435998877391,0.576598905003675,0.0261013639979206,0.283360851856988,0.322799769637647,0.0490706100072358,0,376.40150939424,259.750107729086
joint,5,85,4.6538621939364,0.662384573656632,-4.59515169012708,-2.42765426367212,-0.149470385036951,1,1,0.203393427707248,0.554056972320438,0.159345095791185,0.600988418815011,0.90249174652141,0.27444700327755,0,1116.91818514439,249.595268044028
joint,5,86,-2.47359833467765,-3.76222020740855,-2.91959966282057,1.59790058821878,2.66938952886193,1,1,0.142235474240954,0.57701441294942,0.111207138551303,0.637774108132152,0.770881010975786,0.122191475286092,0,781.074342190734,259.937288510619
joint,5,87,2.20981353385421,-2.15903580709668,-4.78572254816171,1.38317756254592,0.0888383953904859,1,1,0.20355931312335,0.570403900388986,0.157557609522254,0.609938676282096,0.94570146275106,0.210153316450503,0,1117.82913118617,256.959340868304
joint,5,88,4.38306314876758,3.04957799928205,-4.73990710942524,1.8968287393138,4.08344471262008,1,1,0.206093473615255,0.577540000555982,0.161503392852893,0.620133288787912,0.896993849235895,0.281456436875555,0,1131.74526392157,260.174058709523
joint,5,89,1.86472484046045,4.57768799860636,-2.67982005100392,-1.85122165608986,-1.60728779975182,1,1,0.141221131593482,0.574914951460283,0.100595842435473,0.624809648117962,0.675118738758862,0.111570218853895,0,775.504163440614,258.991509142597
joint,5,90,1.75019233636213,-1.20975376895852,3.8216807500485,-0.369457995543292,1.50614432458454,1,1,0.201529386975228,1.20327110754189,0.0765163272442394,0.491069321893006,0.696169337781059,0.102325703417461,0,1106.68195964333,542.057567399145
joint,5,91,-2.98801664433928,2.04724287170786,-3.38267741781226,2.22050151830961,-0.316880719972791,1,1,0.157169586595265,0.571215197265686,0.119603508541624,0.635497279384715,0.850277444684048,0.146682982513827,0,863.083784951725,257.324819278503
joint,5,92,-2.67361590158719,2.47473529218783,0.877575904310884,-1.38857429270864,3.50563600524897,1,1,0.0405302787131597,0.392860561498526,0.0149974846741152,0.18332054579324,0.191957460618081,0.0374975034100455,0,222.568673206372,176.978437326552
joint,5,93,-4.62178101390512,-3.56562240963096,-4.15808882188043,3.8627668340846,1.30117104059077,1,1,0.17181686466299,0.569577667772747,0.124219773890509,0.609359641070176,0.972485993802698,0.0824622096022153,0,943.518100952613,256.587134106871
joint,5,94,-1.35183848329213,-4.0789593023389,-3.66341465880901,1.92396448247807,-2.56623654174809,1,1,0.167635731840357,0.571640692380267,0.13235054274044,0.629659796184375,0.896413392789979,0.139175193027312,0,920.557755887656,257.516499146243
joint,5,95,3.944098307519,-0.733370384155716,-3.75139648469286,-2.27081827545351,2.23230788645877,1,1,0.182192068705513,0.55863837395643,0.144626971856024,0.612556036815035,0.834735717192073,0.178433241701253,0,1000.49267579658,251.659128308368
joint,5,96,1.03524074310622,-3.27505512445692,4.56563362461829,2.23687771818199,-1.68775616766598,1,1,0.213336108733103,1.06615546506904,0.0743056108445659,0.495011395831043,0.731310265176964,0.0896569341549737,0,1171.51759561723,480.288801287044
joint,5,97,3.18864573624601,0.956320451599108,-3.98695784854955,-3.11898653591378,1.00339920871562,1,1,0.189737964788063,0.548447072828424,0.149683834503051,0.605307824602944,0.86696966564018,0.197876947669298,0,1041.93033999653,247.068083228457
joint,5,98,-1.90987532342333,-3.68303736322921,3.38429035471605,2.31900085104234,-3.55614326041682,1,1,0.158340355415477,1.44248975381652,0.0494126359751613,0.41972565548079,0.630556763882622,0.0228380904256606,0,869.5129650911,649.822373404535
joint,5,99,-0.672991236166103,-2.72847368144448,3.14081181454101,3.93390889625458,-1.62657987488875,1,1,0.159356080328146,1.44468691489498,0.0566924110939208,0.45465509653732,0.620129307691705,0.04251053753423,0,875.090734436219,650.812165133023
joint,5,100,1.60223434527738,-3.68888133711289,0.889698307657569,-1.80986878673653,2.27178606376558,1,1,0.0680097537703358,0.60888262202762,0.0296630404793936,0.298721813040539,0.300591292701614,0.0768488001072383,0,373.469937596086,274.293491183502
