system,state,frequency_hz,kx_over_k0,normalized_power_db
ideal_infinite,1,178780.3005,-1.25,-60.0
ideal_infinite,1,178780.3005,-1.2479166666666666,-60.0
ideal_infinite,1,178780.3005,-1.2458333333333333,-60.0
ideal_infinite,1,178780.3005,-1.24375,-60.0
ideal_infinite,1,178780.3005,-1.2416666666666667,-60.0
ideal_infinite,1,178780.3005,-1.2395833333333333,-60.0
ideal_infinite,1,178780.3005,-1.2375,-60.0
ideal_infinite,1,178780.3005,-1.2354166666666666,-60.0
ideal_infinite,1,178780.3005,-1.2333333333333334,-60.0
ideal_infinite,1,178780.3005,-1.23125,-60.0
ideal_infinite,1,178780.3005,-1.2291666666666667,-60.0
ideal_infinite,1,178780.3005,-1.2270833333333333,-60.0
ideal_infinite,1,178780.3005,-1.225,-60.0
ideal_infinite,1,178780.3005,-1.2229166666666667,-60.0
ideal_infinite,1,178780.3005,-1.2208333333333334,-60.0
ideal_infinite,1,178780.3005,-1.21875,-60.0
ideal_infinite,1,178780.3005,-1.2166666666666666,-60.0
ideal_infinite,1,178780.3005,-1.2145833333333333,-60.0
ideal_infinite,1,178780.3005,-1.2125,-60.0
ideal_infinite,1,178780.3005,-1.2104166666666667,-60.0
ideal_infinite,1,178780.3005,-1.2083333333333333,-60.0
ideal_infinite,1,178780.3005,-1.20625,-60.0
ideal_infinite,1,178780.3005,-1.2041666666666666,-60.0
ideal_infinite,1,178780.3005,-1.2020833333333334,-60.0
ideal_infinite,1,178780.3005,-1.2,-60.0
ideal_infinite,1,178780.3005,-1.1979166666666667,-60.0
ideal_infinite,1,178780.3005,-1.1958333333333333,-60.0
ideal_infinite,1,178780.3005,-1.19375,-60.0
ideal_infinite,1,178780.3005,-1.1916666666666667,-60.0
ideal_infinite,1,178780.3005,-1.1895833333333334,-60.0
ideal_infinite,1,178780.3005,-1.1875,-60.0
ideal_infinite,1,178780.3005,-1.1854166666666668,-60.0
ideal_infinite,1,178780.3005,-1.1833333333333333,-60.0
ideal_infinite,1,178780.3005,-1.18125,-60.0
ideal_infinite,1,178780.3005,-1.1791666666666667,-60.0
ideal_infinite,1,178780.3005,-1.1770833333333333,-60.0
ideal_infinite,1,178780.3005,-1.175,-60.0
ideal_infinite,1,178780.3005,-1.1729166666666666,-60.0
ideal_infinite,1,178780.3005,-1.1708333333333334,-60.0
ideal_infinite,1,178780.3005,-1.16875,-60.0
ideal_infinite,1,178780.3005,-1.1666666666666667,-60.0
ideal_infinite,1,178780.3005,-1.1645833333333333,-60.0
ideal_infinite,1,178780.3005,-1.1625,-60.0
ideal_infinite,1,178780.3005,-1.1604166666666667,-60.0
ideal_infinite,1,178780.3005,-1.1583333333333334,-60.0
ideal_infinite,1,178780.3005,-1.15625,-60.0
ideal_infinite,1,178780.3005,-1.1541666666666668,-60.0
ideal_infinite,1,178780.3005,-1.1520833333333333,-60.0
ideal_infinite,1,178780.3005,-1.15,-60.0
ideal_infinite,1,178780.3005,-1.1479166666666667,-60.0
ideal_infinite,1,178780.3005,-1.1458333333333333,-60.0
ideal_infinite,1,178780.3005,-1.14375,-60.0
ideal_infinite,1,178780.3005,-1.1416666666666666,-60.0
ideal_infinite,1,178780.3005,-1.1395833333333334,-60.0
ideal_infinite,1,178780.3005,-1.1375,-60.0
ideal_infinite,1,178780.3005,-1.1354166666666667,-60.0
ideal_infinite,1,178780.3005,-1.1333333333333333,-60.0
ideal_infinite,1,178780.3005,-1.13125,-60.0
ideal_infinite,1,178780.3005,-1.1291666666666667,-60.0
ideal_infinite,1,178780.3005,-1.1270833333333334,-60.0
ideal_infinite,1,178780.3005,-1.125,-60.0
ideal_infinite,1,178780.3005,-1.1229166666666668,-60.0
ideal_infinite,1,178780.3005,-1.1208333333333333,-60.0
ideal_infinite,1,178780.3005,-1.11875,-60.0
ideal_infinite,1,178780.3005,-1.1166666666666667,-60.0
ideal_infinite,1,178780.3005,-1.1145833333333333,-60.0
ideal_infinite,1,178780.3005,-1.1125,-60.0
ideal_infinite,1,178780.3005,-1.1104166666666666,-60.0
ideal_infinite,1,178780.3005,-1.1083333333333334,-60.0
ideal_infinite,1,178780.3005,-1.10625,-60.0
ideal_infinite,1,178780.3005,-1.1041666666666667,-60.0
ideal_infinite,1,178780.3005,-1.1020833333333333,-60.0
ideal_infinite,1,178780.3005,-1.1,-60.0
ideal_infinite,1,178780.3005,-1.0979166666666667,-60.0
ideal_infinite,1,178780.3005,-1.0958333333333332,-60.0
ideal_infinite,1,178780.3005,-1.09375,-60.0
ideal_infinite,1,178780.3005,-1.0916666666666668,-60.0
ideal_infinite,1,178780.3005,-1.0895833333333333,-60.0
ideal_infinite,1,178780.3005,-1.0875,-60.0
ideal_infinite,1,178780.3005,-1.0854166666666667,-60.0
ideal_infinite,1,178780.3005,-1.0833333333333333,-60.0
ideal_infinite,1,178780.3005,-1.08125,-60.0
ideal_infinite,1,178780.3005,-1.0791666666666666,-60.0
ideal_infinite,1,178780.3005,-1.0770833333333334,-60.0
ideal_infinite,1,178780.3005,-1.075,-60.0
ideal_infinite,1,178780.3005,-1.0729166666666667,-60.0
ideal_infinite,1,178780.3005,-1.0708333333333333,-60.0
ideal_infinite,1,178780.3005,-1.06875,-60.0
ideal_infinite,1,178780.3005,-1.0666666666666667,-60.0
ideal_infinite,1,178780.3005,-1.0645833333333332,-60.0
ideal_infinite,1,178780.3005,-1.0625,-60.0
ideal_infinite,1,178780.3005,-1.0604166666666668,-60.0
ideal_infinite,1,178780.3005,-1.0583333333333333,-60.0
ideal_infinite,1,178780.3005,-1.05625,-60.0
ideal_infinite,1,178780.3005,-1.0541666666666667,-60.0
ideal_infinite,1,178780.3005,-1.0520833333333333,-60.0
ideal_infinite,1,178780.3005,-1.05,-60.0
ideal_infinite,1,178780.3005,-1.0479166666666666,-60.0
ideal_infinite,1,178780.3005,-1.0458333333333334,-60.0
ideal_infinite,1,178780.3005,-1.04375,-60.0
ideal_infinite,1,178780.3005,-1.0416666666666667,-60.0
ideal_infinite,1,178780.3005,-1.0395833333333333,-60.0
ideal_infinite,1,178780.3005,-1.0375,-60.0
ideal_infinite,1,178780.3005,-1.0354166666666667,-60.0
ideal_infinite,1,178780.3005,-1.0333333333333332,-60.0
ideal_infinite,1,178780.3005,-1.03125,-60.0
ideal_infinite,1,178780.3005,-1.0291666666666668,-60.0
ideal_infinite,1,178780.3005,-1.0270833333333333,-60.0
ideal_infinite,1,178780.3005,-1.025,-60.0
ideal_infinite,1,178780.3005,-1.0229166666666667,-60.0
ideal_infinite,1,178780.3005,-1.0208333333333333,-60.0
ideal_infinite,1,178780.3005,-1.01875,-60.0
ideal_infinite,1,178780.3005,-1.0166666666666666,-60.0
ideal_infinite,1,178780.3005,-1.0145833333333334,-60.0
ideal_infinite,1,178780.3005,-1.0125,-60.0
ideal_infinite,1,178780.3005,-1.0104166666666667,-60.0
ideal_infinite,1,178780.3005,-1.0083333333333333,-60.0
ideal_infinite,1,178780.3005,-1.00625,-60.0
ideal_infinite,1,178780.3005,-1.0041666666666667,-60.0
ideal_infinite,1,178780.3005,-1.0020833333333332,-60.0
ideal_infinite,1,178780.3005,-1.0,-60.0
ideal_infinite,1,178780.3005,-0.9979166666666667,-60.0
ideal_infinite,1,178780.3005,-0.9958333333333333,-60.0
ideal_infinite,1,178780.3005,-0.99375,-60.0
ideal_infinite,1,178780.3005,-0.9916666666666667,-60.0
ideal_infinite,1,178780.3005,-0.9895833333333333,-60.0
ideal_infinite,1,178780.3005,-0.9875,-60.0
ideal_infinite,1,178780.3005,-0.9854166666666666,-60.0
ideal_infinite,1,178780.3005,-0.9833333333333334,-60.0
ideal_infinite,1,178780.3005,-0.98125,-60.0
ideal_infinite,1,178780.3005,-0.9791666666666667,-60.0
ideal_infinite,1,178780.3005,-0.9770833333333333,-60.0
ideal_infinite,1,178780.3005,-0.975,-60.0
ideal_infinite,1,178780.3005,-0.9729166666666667,-60.0
ideal_infinite,1,178780.3005,-0.9708333333333333,-60.0
ideal_infinite,1,178780.3005,-0.96875,-60.0
ideal_infinite,1,178780.3005,-0.9666666666666667,-60.0
ideal_infinite,1,178780.3005,-0.9645833333333333,-60.0
ideal_infinite,1,178780.3005,-0.9625,-60.0
ideal_infinite,1,178780.3005,-0.9604166666666667,-60.0
ideal_infinite,1,178780.3005,-0.9583333333333333,-60.0
ideal_infinite,1,178780.3005,-0.95625,-60.0
ideal_infinite,1,178780.3005,-0.9541666666666666,-60.0
ideal_infinite,1,178780.3005,-0.9520833333333334,-60.0
ideal_infinite,1,178780.3005,-0.95,-60.0
ideal_infinite,1,178780.3005,-0.9479166666666667,-60.0
ideal_infinite,1,178780.3005,-0.9458333333333333,-60.0
ideal_infinite,1,178780.3005,-0.94375,-60.0
ideal_infinite,1,178780.3005,-0.9416666666666667,-60.0
ideal_infinite,1,178780.3005,-0.9395833333333333,-60.0
ideal_infinite,1,178780.3005,-0.9375,-60.0
ideal_infinite,1,178780.3005,-0.9354166666666667,-60.0
ideal_infinite,1,178780.3005,-0.9333333333333333,-60.0
ideal_infinite,1,178780.3005,-0.93125,-60.0
ideal_infinite,1,178780.3005,-0.9291666666666667,-60.0
ideal_infinite,1,178780.3005,-0.9270833333333333,-60.0
ideal_infinite,1,178780.3005,-0.925,-60.0
ideal_infinite,1,178780.3005,-0.9229166666666666,-60.0
ideal_infinite,1,178780.3005,-0.9208333333333334,-60.0
ideal_infinite,1,178780.3005,-0.91875,-60.0
ideal_infinite,1,178780.3005,-0.9166666666666667,-60.0
ideal_infinite,1,178780.3005,-0.9145833333333333,-60.0
ideal_infinite,1,178780.3005,-0.9125,-60.0
ideal_infinite,1,178780.3005,-0.9104166666666667,-60.0
ideal_infinite,1,178780.3005,-0.9083333333333333,-60.0
ideal_infinite,1,178780.3005,-0.90625,-60.0
ideal_infinite,1,178780.3005,-0.9041666666666667,-60.0
ideal_infinite,1,178780.3005,-0.9020833333333333,-60.0
ideal_infinite,1,178780.3005,-0.9,-60.0
ideal_infinite,1,178780.3005,-0.8979166666666667,-60.0
ideal_infinite,1,178780.3005,-0.8958333333333333,-60.0
ideal_infinite,1,178780.3005,-0.89375,-60.0
ideal_infinite,1,178780.3005,-0.8916666666666666,-60.0
ideal_infinite,1,178780.3005,-0.8895833333333334,-60.0
ideal_infinite,1,178780.3005,-0.8875,-60.0
ideal_infinite,1,178780.3005,-0.8854166666666667,-60.0
ideal_infinite,1,178780.3005,-0.8833333333333333,-60.0
ideal_infinite,1,178780.3005,-0.88125,-60.0
ideal_infinite,1,178780.3005,-0.8791666666666667,-60.0
ideal_infinite,1,178780.3005,-0.8770833333333333,-60.0
ideal_infinite,1,178780.3005,-0.875,-60.0
ideal_infinite,1,178780.3005,-0.8729166666666667,-60.0
ideal_infinite,1,178780.3005,-0.8708333333333333,-60.0
ideal_infinite,1,178780.3005,-0.86875,-60.0
ideal_infinite,1,178780.3005,-0.8666666666666667,-60.0
ideal_infinite,1,178780.3005,-0.8645833333333333,-60.0
ideal_infinite,1,178780.3005,-0.8625,-60.0
ideal_infinite,1,178780.3005,-0.8604166666666666,-60.0
ideal_infinite,1,178780.3005,-0.8583333333333334,-60.0
ideal_infinite,1,178780.3005,-0.85625,-60.0
ideal_infinite,1,178780.3005,-0.8541666666666667,-60.0
ideal_infinite,1,178780.3005,-0.8520833333333333,-60.0
ideal_infinite,1,178780.3005,-0.85,-60.0
ideal_infinite,1,178780.3005,-0.8479166666666667,-60.0
ideal_infinite,1,178780.3005,-0.8458333333333333,-60.0
ideal_infinite,1,178780.3005,-0.84375,-60.0
ideal_infinite,1,178780.3005,-0.8416666666666667,-60.0
ideal_infinite,1,178780.3005,-0.8395833333333333,-60.0
ideal_infinite,1,178780.3005,-0.8375,-60.0
ideal_infinite,1,178780.3005,-0.8354166666666667,-60.0
ideal_infinite,1,178780.3005,-0.8333333333333333,-60.0
ideal_infinite,1,178780.3005,-0.83125,-60.0
ideal_infinite,1,178780.3005,-0.8291666666666666,-60.0
ideal_infinite,1,178780.3005,-0.8270833333333334,-60.0
ideal_infinite,1,178780.3005,-0.825,-60.0
ideal_infinite,1,178780.3005,-0.8229166666666667,-60.0
ideal_infinite,1,178780.3005,-0.8208333333333333,-60.0
ideal_infinite,1,178780.3005,-0.8187500000000001,-60.0
ideal_infinite,1,178780.3005,-0.8166666666666667,-60.0
ideal_infinite,1,178780.3005,-0.8145833333333333,-60.0
ideal_infinite,1,178780.3005,-0.8125,-60.0
ideal_infinite,1,178780.3005,-0.8104166666666667,-60.0
ideal_infinite,1,178780.3005,-0.8083333333333333,-60.0
ideal_infinite,1,178780.3005,-0.80625,-60.0
ideal_infinite,1,178780.3005,-0.8041666666666667,-60.0
ideal_infinite,1,178780.3005,-0.8020833333333333,-60.0
ideal_infinite,1,178780.3005,-0.8,-60.0
ideal_infinite,1,178780.3005,-0.7979166666666666,-60.0
ideal_infinite,1,178780.3005,-0.7958333333333334,-60.0
ideal_infinite,1,178780.3005,-0.79375,-60.0
ideal_infinite,1,178780.3005,-0.7916666666666667,-60.0
ideal_infinite,1,178780.3005,-0.7895833333333333,-60.0
ideal_infinite,1,178780.3005,-0.7875000000000001,-60.0
ideal_infinite,1,178780.3005,-0.7854166666666667,-60.0
ideal_infinite,1,178780.3005,-0.7833333333333333,-60.0
ideal_infinite,1,178780.3005,-0.78125,-60.0
ideal_infinite,1,178780.3005,-0.7791666666666667,-60.0
ideal_infinite,1,178780.3005,-0.7770833333333333,-60.0
ideal_infinite,1,178780.3005,-0.775,-60.0
ideal_infinite,1,178780.3005,-0.7729166666666667,-60.0
ideal_infinite,1,178780.3005,-0.7708333333333333,-60.0
ideal_infinite,1,178780.3005,-0.76875,-60.0
ideal_infinite,1,178780.3005,-0.7666666666666666,-60.0
ideal_infinite,1,178780.3005,-0.7645833333333334,-60.0
ideal_infinite,1,178780.3005,-0.7625,-60.0
ideal_infinite,1,178780.3005,-0.7604166666666667,-60.0
ideal_infinite,1,178780.3005,-0.7583333333333333,-60.0
ideal_infinite,1,178780.3005,-0.7562500000000001,-60.0
ideal_infinite,1,178780.3005,-0.7541666666666667,-60.0
ideal_infinite,1,178780.3005,-0.7520833333333333,-60.0
ideal_infinite,1,178780.3005,-0.75,-60.0
ideal_infinite,1,178780.3005,-0.7479166666666667,-60.0
ideal_infinite,1,178780.3005,-0.7458333333333333,-60.0
ideal_infinite,1,178780.3005,-0.74375,-60.0
ideal_infinite,1,178780.3005,-0.7416666666666667,-60.0
ideal_infinite,1,178780.3005,-0.7395833333333334,-60.0
ideal_infinite,1,178780.3005,-0.7375,-60.0
ideal_infinite,1,178780.3005,-0.7354166666666667,-60.0
ideal_infinite,1,178780.3005,-0.7333333333333334,-60.0
ideal_infinite,1,178780.3005,-0.73125,-60.0
ideal_infinite,1,178780.3005,-0.7291666666666666,-60.0
ideal_infinite,1,178780.3005,-0.7270833333333333,-60.0
ideal_infinite,1,178780.3005,-0.725,-60.0
ideal_infinite,1,178780.3005,-0.7229166666666667,-60.0
ideal_infinite,1,178780.3005,-0.7208333333333333,-60.0
ideal_infinite,1,178780.3005,-0.71875,-60.0
ideal_infinite,1,178780.3005,-0.7166666666666667,-60.0
ideal_infinite,1,178780.3005,-0.7145833333333333,-60.0
ideal_infinite,1,178780.3005,-0.7125,-60.0
ideal_infinite,1,178780.3005,-0.7104166666666667,-60.0
ideal_infinite,1,178780.3005,-0.7083333333333334,-60.0
ideal_infinite,1,178780.3005,-0.70625,-60.0
ideal_infinite,1,178780.3005,-0.7041666666666667,-60.0
ideal_infinite,1,178780.3005,-0.7020833333333334,-60.0
ideal_infinite,1,178780.3005,-0.7,-60.0
ideal_infinite,1,178780.3005,-0.6979166666666666,-60.0
ideal_infinite,1,178780.3005,-0.6958333333333333,-60.0
ideal_infinite,1,178780.3005,-0.69375,-60.0
ideal_infinite,1,178780.3005,-0.6916666666666667,-60.0
ideal_infinite,1,178780.3005,-0.6895833333333333,-60.0
ideal_infinite,1,178780.3005,-0.6875,-60.0
ideal_infinite,1,178780.3005,-0.6854166666666667,-60.0
ideal_infinite,1,178780.3005,-0.6833333333333333,-60.0
ideal_infinite,1,178780.3005,-0.68125,-60.0
ideal_infinite,1,178780.3005,-0.6791666666666667,-60.0
ideal_infinite,1,178780.3005,-0.6770833333333334,-60.0
ideal_infinite,1,178780.3005,-0.675,-60.0
ideal_infinite,1,178780.3005,-0.6729166666666667,-60.0
ideal_infinite,1,178780.3005,-0.6708333333333334,-60.0
ideal_infinite,1,178780.3005,-0.66875,-60.0
ideal_infinite,1,178780.3005,-0.6666666666666666,-60.0
ideal_infinite,1,178780.3005,-0.6645833333333333,-60.0
ideal_infinite,1,178780.3005,-0.6625,-60.0
ideal_infinite,1,178780.3005,-0.6604166666666667,-60.0
ideal_infinite,1,178780.3005,-0.6583333333333333,-60.0
ideal_infinite,1,178780.3005,-0.65625,-60.0
ideal_infinite,1,178780.3005,-0.6541666666666667,-60.0
ideal_infinite,1,178780.3005,-0.6520833333333333,-60.0
ideal_infinite,1,178780.3005,-0.65,-60.0
ideal_infinite,1,178780.3005,-0.6479166666666667,-60.0
ideal_infinite,1,178780.3005,-0.6458333333333334,-60.0
ideal_infinite,1,178780.3005,-0.64375,-60.0
ideal_infinite,1,178780.3005,-0.6416666666666667,-60.0
ideal_infinite,1,178780.3005,-0.6395833333333334,-60.0
ideal_infinite,1,178780.3005,-0.6375,-60.0
ideal_infinite,1,178780.3005,-0.6354166666666666,-60.0
ideal_infinite,1,178780.3005,-0.6333333333333333,-60.0
ideal_infinite,1,178780.3005,-0.63125,-60.0
ideal_infinite,1,178780.3005,-0.6291666666666667,-60.0
ideal_infinite,1,178780.3005,-0.6270833333333333,-60.0
ideal_infinite,1,178780.3005,-0.625,-60.0
ideal_infinite,1,178780.3005,-0.6229166666666667,-60.0
ideal_infinite,1,178780.3005,-0.6208333333333333,-60.0
ideal_infinite,1,178780.3005,-0.61875,-60.0
ideal_infinite,1,178780.3005,-0.6166666666666667,-60.0
ideal_infinite,1,178780.3005,-0.6145833333333334,-60.0
ideal_infinite,1,178780.3005,-0.6125,-60.0
ideal_infinite,1,178780.3005,-0.6104166666666667,-60.0
ideal_infinite,1,178780.3005,-0.6083333333333334,-60.0
ideal_infinite,1,178780.3005,-0.60625,-60.0
ideal_infinite,1,178780.3005,-0.6041666666666666,-60.0
ideal_infinite,1,178780.3005,-0.6020833333333333,-60.0
ideal_infinite,1,178780.3005,-0.6,-60.0
ideal_infinite,1,178780.3005,-0.5979166666666667,-60.0
ideal_infinite,1,178780.3005,-0.5958333333333333,-60.0
ideal_infinite,1,178780.3005,-0.59375,-60.0
ideal_infinite,1,178780.3005,-0.5916666666666667,-60.0
ideal_infinite,1,178780.3005,-0.5895833333333333,-60.0
ideal_infinite,1,178780.3005,-0.5875,-60.0
ideal_infinite,1,178780.3005,-0.5854166666666667,-60.0
ideal_infinite,1,178780.3005,-0.5833333333333334,-60.0
ideal_infinite,1,178780.3005,-0.58125,-60.0
ideal_infinite,1,178780.3005,-0.5791666666666667,-60.0
ideal_infinite,1,178780.3005,-0.5770833333333334,-60.0
ideal_infinite,1,178780.3005,-0.575,-60.0
ideal_infinite,1,178780.3005,-0.5729166666666666,-60.0
ideal_infinite,1,178780.3005,-0.5708333333333333,-60.0
ideal_infinite,1,178780.3005,-0.56875,-60.0
ideal_infinite,1,178780.3005,-0.5666666666666667,-60.0
ideal_infinite,1,178780.3005,-0.5645833333333333,-60.0
ideal_infinite,1,178780.3005,-0.5625,-60.0
ideal_infinite,1,178780.3005,-0.5604166666666667,-60.0
ideal_infinite,1,178780.3005,-0.5583333333333333,-60.0
ideal_infinite,1,178780.3005,-0.55625,-60.0
ideal_infinite,1,178780.3005,-0.5541666666666667,-60.0
ideal_infinite,1,178780.3005,-0.5520833333333334,-60.0
ideal_infinite,1,178780.3005,-0.55,-60.0
ideal_infinite,1,178780.3005,-0.5479166666666667,-60.0
ideal_infinite,1,178780.3005,-0.5458333333333334,-60.0
ideal_infinite,1,178780.3005,-0.54375,-60.0
ideal_infinite,1,178780.3005,-0.5416666666666666,-60.0
ideal_infinite,1,178780.3005,-0.5395833333333333,-60.0
ideal_infinite,1,178780.3005,-0.5375,-60.0
ideal_infinite,1,178780.3005,-0.5354166666666667,-60.0
ideal_infinite,1,178780.3005,-0.5333333333333333,-60.0
ideal_infinite,1,178780.3005,-0.53125,-60.0
ideal_infinite,1,178780.3005,-0.5291666666666667,-60.0
ideal_infinite,1,178780.3005,-0.5270833333333333,-60.0
ideal_infinite,1,178780.3005,-0.525,-60.0
ideal_infinite,1,178780.3005,-0.5229166666666667,-60.0
ideal_infinite,1,178780.3005,-0.5208333333333334,-60.0
ideal_infinite,1,178780.3005,-0.51875,-60.0
ideal_infinite,1,178780.3005,-0.5166666666666667,-60.0
ideal_infinite,1,178780.3005,-0.5145833333333334,-60.0
ideal_infinite,1,178780.3005,-0.5125,-60.0
ideal_infinite,1,178780.3005,-0.5104166666666666,-60.0
ideal_infinite,1,178780.3005,-0.5083333333333333,-60.0
ideal_infinite,1,178780.3005,-0.50625,-60.0
ideal_infinite,1,178780.3005,-0.5041666666666667,-60.0
ideal_infinite,1,178780.3005,-0.5020833333333333,-60.0
ideal_infinite,1,178780.3005,-0.5,-60.0
ideal_infinite,1,178780.3005,-0.4979166666666667,-60.0
ideal_infinite,1,178780.3005,-0.49583333333333335,-60.0
ideal_infinite,1,178780.3005,-0.49375,-60.0
ideal_infinite,1,178780.3005,-0.4916666666666667,-60.0
ideal_infinite,1,178780.3005,-0.48958333333333337,-60.0
ideal_infinite,1,178780.3005,-0.48750000000000004,-60.0
ideal_infinite,1,178780.3005,-0.4854166666666667,-60.0
ideal_infinite,1,178780.3005,-0.4833333333333334,-60.0
ideal_infinite,1,178780.3005,-0.48124999999999996,-60.0
ideal_infinite,1,178780.3005,-0.47916666666666663,-60.0
ideal_infinite,1,178780.3005,-0.4770833333333333,-60.0
ideal_infinite,1,178780.3005,-0.475,-60.0
ideal_infinite,1,178780.3005,-0.47291666666666665,-60.0
ideal_infinite,1,178780.3005,-0.4708333333333333,-60.0
ideal_infinite,1,178780.3005,-0.46875,-60.0
ideal_infinite,1,178780.3005,-0.4666666666666667,-60.0
ideal_infinite,1,178780.3005,-0.46458333333333335,-60.0
ideal_infinite,1,178780.3005,-0.4625,-60.0
ideal_infinite,1,178780.3005,-0.4604166666666667,-60.0
ideal_infinite,1,178780.3005,-0.45833333333333337,-60.0
ideal_infinite,1,178780.3005,-0.45625000000000004,-60.0
ideal_infinite,1,178780.3005,-0.4541666666666667,-60.0
ideal_infinite,1,178780.3005,-0.4520833333333334,-60.0
ideal_infinite,1,178780.3005,-0.44999999999999996,-60.0
ideal_infinite,1,178780.3005,-0.44791666666666663,-60.0
ideal_infinite,1,178780.3005,-0.4458333333333333,-60.0
ideal_infinite,1,178780.3005,-0.44375,-60.0
ideal_infinite,1,178780.3005,-0.44166666666666665,-60.0
ideal_infinite,1,178780.3005,-0.4395833333333333,-60.0
ideal_infinite,1,178780.3005,-0.4375,-60.0
ideal_infinite,1,178780.3005,-0.4354166666666667,-60.0
ideal_infinite,1,178780.3005,-0.43333333333333335,-60.0
ideal_infinite,1,178780.3005,-0.43125,-60.0
ideal_infinite,1,178780.3005,-0.4291666666666667,-60.0
ideal_infinite,1,178780.3005,-0.42708333333333337,-60.0
ideal_infinite,1,178780.3005,-0.42500000000000004,-60.0
ideal_infinite,1,178780.3005,-0.4229166666666667,-60.0
ideal_infinite,1,178780.3005,-0.4208333333333334,-60.0
ideal_infinite,1,178780.3005,-0.41875000000000007,-60.0
ideal_infinite,1,178780.3005,-0.41666666666666663,-60.0
ideal_infinite,1,178780.3005,-0.4145833333333333,-60.0
ideal_infinite,1,178780.3005,-0.4125,-60.0
ideal_infinite,1,178780.3005,-0.41041666666666665,-60.0
ideal_infinite,1,178780.3005,-0.4083333333333333,-60.0
ideal_infinite,1,178780.3005,-0.40625,-60.0
ideal_infinite,1,178780.3005,-0.4041666666666667,-60.0
ideal_infinite,1,178780.3005,-0.40208333333333335,-60.0
ideal_infinite,1,178780.3005,-0.4,-60.0
ideal_infinite,1,178780.3005,-0.3979166666666667,-60.0
ideal_infinite,1,178780.3005,-0.39583333333333337,-60.0
ideal_infinite,1,178780.3005,-0.39375000000000004,-60.0
ideal_infinite,1,178780.3005,-0.3916666666666667,-60.0
ideal_infinite,1,178780.3005,-0.3895833333333334,-60.0
ideal_infinite,1,178780.3005,-0.38750000000000007,-60.0
ideal_infinite,1,178780.3005,-0.38541666666666663,-60.0
ideal_infinite,1,178780.3005,-0.3833333333333333,-60.0
ideal_infinite,1,178780.3005,-0.38125,-60.0
ideal_infinite,1,178780.3005,-0.37916666666666665,-60.0
ideal_infinite,1,178780.3005,-0.3770833333333333,-60.0
ideal_infinite,1,178780.3005,-0.375,-59.823232515607785
ideal_infinite,1,178780.3005,-0.3729166666666667,-59.297803519007644
ideal_infinite,1,178780.3005,-0.37083333333333335,-58.899532347906515
ideal_infinite,1,178780.3005,-0.36875,-58.62119852896592
ideal_infinite,1,178780.3005,-0.3666666666666667,-58.45922739109746
ideal_infinite,1,178780.3005,-0.36458333333333337,-58.41328414457537
ideal_infinite,1,178780.3005,-0.36250000000000004,-58.486237868073225
ideal_infinite,1,178780.3005,-0.3604166666666667,-58.68448661234632
ideal_infinite,1,178780.3005,-0.3583333333333334,-59.01872490368604
ideal_infinite,1,178780.3005,-0.35625000000000007,-59.50536188743737
ideal_infinite,1,178780.3005,-0.35416666666666663,-60.0
ideal_infinite,1,178780.3005,-0.3520833333333333,-60.0
ideal_infinite,1,178780.3005,-0.35,-60.0
ideal_infinite,1,178780.3005,-0.34791666666666665,-60.0
ideal_infinite,1,178780.3005,-0.3458333333333333,-60.0
ideal_infinite,1,178780.3005,-0.34375,-60.0
ideal_infinite,1,178780.3005,-0.3416666666666667,-60.0
ideal_infinite,1,178780.3005,-0.33958333333333335,-60.0
ideal_infinite,1,178780.3005,-0.3375,-60.0
ideal_infinite,1,178780.3005,-0.3354166666666667,-60.0
ideal_infinite,1,178780.3005,-0.33333333333333337,-60.0
ideal_infinite,1,178780.3005,-0.33125000000000004,-60.0
ideal_infinite,1,178780.3005,-0.3291666666666667,-60.0
ideal_infinite,1,178780.3005,-0.3270833333333334,-59.505682088647134
ideal_infinite,1,178780.3005,-0.32500000000000007,-58.215216894446215
ideal_infinite,1,178780.3005,-0.32291666666666663,-57.156129415086376
ideal_infinite,1,178780.3005,-0.3208333333333333,-56.284934990391704
ideal_infinite,1,178780.3005,-0.31875,-55.57325257526824
ideal_infinite,1,178780.3005,-0.31666666666666665,-55.00218142012065
ideal_infinite,1,178780.3005,-0.3145833333333333,-54.55924051866727
ideal_infinite,1,178780.3005,-0.3125,-54.23664275324322
ideal_infinite,1,178780.3005,-0.3104166666666667,-54.030336112796405
ideal_infinite,1,178780.3005,-0.30833333333333335,-53.939541075156455
ideal_infinite,1,178780.3005,-0.30625,-53.966665952681005
ideal_infinite,1,178780.3005,-0.3041666666666667,-54.117579506656604
ideal_infinite,1,178780.3005,-0.30208333333333337,-54.4023085291264
ideal_infinite,1,178780.3005,-0.30000000000000004,-54.83634692446783
ideal_infinite,1,178780.3005,-0.2979166666666667,-55.44297408454697
ideal_infinite,1,178780.3005,-0.2958333333333334,-56.25742309652346
ideal_infinite,1,178780.3005,-0.29375000000000007,-57.33478724574777
ideal_infinite,1,178780.3005,-0.29166666666666663,-58.76636884446168
ideal_infinite,1,178780.3005,-0.2895833333333333,-60.0
ideal_infinite,1,178780.3005,-0.2875,-60.0
ideal_infinite,1,178780.3005,-0.28541666666666665,-60.0
ideal_infinite,1,178780.3005,-0.2833333333333333,-60.0
ideal_infinite,1,178780.3005,-0.28125,-60.0
ideal_infinite,1,178780.3005,-0.2791666666666667,-60.0
ideal_infinite,1,178780.3005,-0.27708333333333335,-60.0
ideal_infinite,1,178780.3005,-0.275,-58.440661943575876
ideal_infinite,1,178780.3005,-0.2729166666666667,-56.319103564890284
ideal_infinite,1,178780.3005,-0.27083333333333337,-54.64118973903829
ideal_infinite,1,178780.3005,-0.26875000000000004,-53.27650760656699
ideal_infinite,1,178780.3005,-0.2666666666666667,-52.1503307189424
ideal_infinite,1,178780.3005,-0.2645833333333334,-51.21638627125138
ideal_infinite,1,178780.3005,-0.26250000000000007,-50.44460945692471
ideal_infinite,1,178780.3005,-0.26041666666666663,-49.81499853599318
ideal_infinite,1,178780.3005,-0.2583333333333333,-49.31429586073175
ideal_infinite,1,178780.3005,-0.25625,-48.934121067425245
ideal_infinite,1,178780.3005,-0.25416666666666665,-48.66992709220041
ideal_infinite,1,178780.3005,-0.2520833333333333,-48.520478664491044
ideal_infinite,1,178780.3005,-0.25,-48.48771861159034
ideal_infinite,1,178780.3005,-0.24791666666666679,-48.57698921150327
ideal_infinite,1,178780.3005,-0.24583333333333335,-48.79766325779939
ideal_infinite,1,178780.3005,-0.2437499999999999,-49.1643513190371
ideal_infinite,1,178780.3005,-0.2416666666666667,-49.69904455495487
ideal_infinite,1,178780.3005,-0.23958333333333326,-50.43494918854489
ideal_infinite,1,178780.3005,-0.23750000000000004,-51.42369255932773
ideal_infinite,1,178780.3005,-0.2354166666666666,-52.750016223335365
ideal_infinite,1,178780.3005,-0.2333333333333334,-54.565569532262295
ideal_infinite,1,178780.3005,-0.23124999999999996,-57.182157040162906
ideal_infinite,1,178780.3005,-0.22916666666666674,-60.0
ideal_infinite,1,178780.3005,-0.2270833333333333,-60.0
ideal_infinite,1,178780.3005,-0.2250000000000001,-60.0
ideal_infinite,1,178780.3005,-0.22291666666666665,-60.0
ideal_infinite,1,178780.3005,-0.22083333333333344,-55.5745549526238
ideal_infinite,1,178780.3005,-0.21875,-52.56376335194762
ideal_infinite,1,178780.3005,-0.21666666666666679,-50.30756720200615
ideal_infinite,1,178780.3005,-0.21458333333333335,-48.51925803880989
ideal_infinite,1,178780.3005,-0.2124999999999999,-47.056789124383656
ideal_infinite,1,178780.3005,-0.2104166666666667,-45.83986121258266
ideal_infinite,1,178780.3005,-0.20833333333333326,-44.819167883648404
ideal_infinite,1,178780.3005,-0.20625000000000004,-43.96282297277742
ideal_infinite,1,178780.3005,-0.2041666666666666,-43.24963617902039
ideal_infinite,1,178780.3005,-0.2020833333333334,-42.665510926494186
ideal_infinite,1,178780.3005,-0.19999999999999996,-42.2014250850803
ideal_infinite,1,178780.3005,-0.19791666666666674,-41.852296191583854
ideal_infinite,1,178780.3005,-0.1958333333333333,-41.61639847458936
ideal_infinite,1,178780.3005,-0.1937500000000001,-41.49517940243136
ideal_infinite,1,178780.3005,-0.19166666666666665,-41.49343066085939
ideal_infinite,1,178780.3005,-0.18958333333333344,-41.61985562881143
ideal_infinite,1,178780.3005,-0.1875,-41.88818124015114
ideal_infinite,1,178780.3005,-0.18541666666666679,-42.31913878426201
ideal_infinite,1,178780.3005,-0.18333333333333335,-42.94399452192678
ideal_infinite,1,178780.3005,-0.1812499999999999,-43.81112731214579
ideal_infinite,1,178780.3005,-0.1791666666666667,-44.999263390415706
ideal_infinite,1,178780.3005,-0.17708333333333326,-46.64732711389966
ideal_infinite,1,178780.3005,-0.17500000000000004,-49.0343421317304
ideal_infinite,1,178780.3005,-0.1729166666666666,-52.86337430066969
ideal_infinite,1,178780.3005,-0.1708333333333334,-60.0
ideal_infinite,1,178780.3005,-0.16874999999999996,-60.0
ideal_infinite,1,178780.3005,-0.16666666666666674,-52.80896604563985
ideal_infinite,1,178780.3005,-0.1645833333333333,-47.881666291586555
ideal_infinite,1,178780.3005,-0.1625000000000001,-44.623332684757024
ideal_infinite,1,178780.3005,-0.16041666666666665,-42.17854140744613
ideal_infinite,1,178780.3005,-0.15833333333333344,-40.22653972085686
ideal_infinite,1,178780.3005,-0.15625,-38.61213445864639
ideal_infinite,1,178780.3005,-0.15416666666666679,-37.24880029939461
ideal_infinite,1,178780.3005,-0.15208333333333335,-36.08383441111091
ideal_infinite,1,178780.3005,-0.1499999999999999,-35.0832796332905
ideal_infinite,1,178780.3005,-0.1479166666666667,-34.22455422254521
ideal_infinite,1,178780.3005,-0.14583333333333326,-33.49253799327992
ideal_infinite,1,178780.3005,-0.14375000000000004,-32.877386802912255
ideal_infinite,1,178780.3005,-0.1416666666666666,-32.3732996569193
ideal_infinite,1,178780.3005,-0.1395833333333334,-31.977870068388846
ideal_infinite,1,178780.3005,-0.13749999999999996,-31.691850436072905
ideal_infinite,1,178780.3005,-0.13541666666666674,-31.519271625494415
ideal_infinite,1,178780.3005,-0.1333333333333333,-31.467947528196
ideal_infinite,1,178780.3005,-0.1312500000000001,-31.55049512413806
ideal_infinite,1,178780.3005,-0.12916666666666665,-31.78616293933731
ideal_infinite,1,178780.3005,-0.12708333333333344,-32.204081557921086
ideal_infinite,1,178780.3005,-0.125,-32.84927280541442
ideal_infinite,1,178780.3005,-0.12291666666666679,-33.79459242040043
ideal_infinite,1,178780.3005,-0.12083333333333335,-35.167177424943134
ideal_infinite,1,178780.3005,-0.11874999999999991,-37.21726073573688
ideal_infinite,1,178780.3005,-0.1166666666666667,-40.55078186426098
ideal_infinite,1,178780.3005,-0.11458333333333326,-47.47224799379944
ideal_infinite,1,178780.3005,-0.11250000000000004,-55.25095057517143
ideal_infinite,1,178780.3005,-0.11041666666666661,-41.38602891703698
ideal_infinite,1,178780.3005,-0.10833333333333339,-35.812090663078976
ideal_infinite,1,178780.3005,-0.10624999999999996,-32.12160181973665
ideal_infinite,1,178780.3005,-0.10416666666666674,-29.300526500199652
ideal_infinite,1,178780.3005,-0.1020833333333333,-26.987184289359284
ideal_infinite,1,178780.3005,-0.10000000000000009,-25.010195281342682
ideal_infinite,1,178780.3005,-0.09791666666666665,-23.274569436850424
ideal_infinite,1,178780.3005,-0.09583333333333344,-21.722043960000647
ideal_infinite,1,178780.3005,-0.09375,-20.31423770428252
ideal_infinite,1,178780.3005,-0.09166666666666679,-19.024483644685294
ideal_infinite,1,178780.3005,-0.08958333333333335,-17.833471774895532
ideal_infinite,1,178780.3005,-0.08749999999999991,-16.72674963080359
ideal_infinite,1,178780.3005,-0.0854166666666667,-15.693203950028192
ideal_infinite,1,178780.3005,-0.08333333333333326,-14.724094526161046
ideal_infinite,1,178780.3005,-0.08125000000000004,-13.8124153514429
ideal_infinite,1,178780.3005,-0.07916666666666661,-12.952458276418977
ideal_infinite,1,178780.3005,-0.07708333333333339,-12.139506627239811
ideal_infinite,1,178780.3005,-0.07499999999999996,-11.369614863022866
ideal_infinite,1,178780.3005,-0.07291666666666674,-10.639446761326854
ideal_infinite,1,178780.3005,-0.0708333333333333,-9.946154373530977
ideal_infinite,1,178780.3005,-0.06875000000000009,-9.287285982439212
ideal_infinite,1,178780.3005,-0.06666666666666665,-8.660715080451315
ideal_infinite,1,178780.3005,-0.06458333333333344,-8.064584840965782
ideal_infinite,1,178780.3005,-0.0625,-7.497264183234459
ideal_infinite,1,178780.3005,-0.060416666666666785,-6.957312632460222
ideal_infinite,1,178780.3005,-0.05833333333333335,-6.443451936391318
ideal_infinite,1,178780.3005,-0.05624999999999991,-5.954542932147557
ideal_infinite,1,178780.3005,-0.054166666666666696,-5.489566536114221
ideal_infinite,1,178780.3005,-0.05208333333333326,-5.047608003475434
ideal_infinite,1,178780.3005,-0.050000000000000044,-4.627843804188274
ideal_infinite,1,178780.3005,-0.04791666666666661,-4.229530610425233
ideal_infinite,1,178780.3005,-0.04583333333333339,-3.8519960014736068
ideal_infinite,1,178780.3005,-0.043749999999999956,-3.4946305759993863
ideal_infinite,1,178780.3005,-0.04166666666666674,-3.156881225675167
ideal_infinite,1,178780.3005,-0.039583333333333304,-2.838245373556604
ideal_infinite,1,178780.3005,-0.03750000000000009,-2.5382660189773496
ideal_infinite,1,178780.3005,-0.03541666666666665,-2.2565274608005392
ideal_infinite,1,178780.3005,-0.03333333333333344,-1.992651594604507
ideal_infinite,1,178780.3005,-0.03125,-1.7462946982526717
ideal_infinite,1,178780.3005,-0.029166666666666785,-1.5171446354106266
ideal_infinite,1,178780.3005,-0.027083333333333348,-1.3049184187515244
ideal_infinite,1,178780.3005,-0.02499999999999991,-1.1093600844732652
ideal_infinite,1,178780.3005,-0.022916666666666696,-0.9302388378166386
ideal_infinite,1,178780.3005,-0.02083333333333326,-0.767347435903082
ideal_infinite,1,178780.3005,-0.018750000000000044,-0.6205007796924196
ideal_infinite,1,178780.3005,-0.016666666666666607,-0.4895346914242795
ideal_infinite,1,178780.3005,-0.014583333333333393,-0.3743048577346624
ideal_infinite,1,178780.3005,-0.012499999999999956,-0.2746859218709832
ideal_infinite,1,178780.3005,-0.01041666666666674,-0.19057071118480529
ideal_infinite,1,178780.3005,-0.008333333333333304,-0.12186958844956812
ideal_infinite,1,178780.3005,-0.006250000000000089,-0.06850991761154485
ideal_infinite,1,178780.3005,-0.004166666666666652,-0.030435636394460126
ideal_infinite,1,178780.3005,-0.002083333333333437,-0.007606929798104945
ideal_infinite,1,178780.3005,0.0,0.0
ideal_infinite,1,178780.3005,0.002083333333333215,-0.007606929528425557
ideal_infinite,1,178780.3005,0.004166666666666652,-0.03043563585726336
ideal_infinite,1,178780.3005,0.006250000000000089,-0.06850991681114177
ideal_infinite,1,178780.3005,0.008333333333333304,-0.1218695873924382
ideal_infinite,1,178780.3005,0.01041666666666674,-0.19057070987958347
ideal_infinite,1,178780.3005,0.012499999999999956,-0.2746859203284828
ideal_infinite,1,178780.3005,0.014583333333333393,-0.37430485596785307
ideal_infinite,1,178780.3005,0.016666666666666607,-0.4895346894483251
ideal_infinite,1,178780.3005,0.018750000000000044,-0.620500777524656
ideal_infinite,1,178780.3005,0.02083333333333326,-0.7673474335630452
ideal_infinite,1,178780.3005,0.022916666666666696,-0.9302388353260661
ideal_infinite,1,178780.3005,0.02499999999999991,-1.1093600818561022
ideal_infinite,1,178780.3005,0.027083333333333348,-1.3049184160339433
ideal_infinite,1,178780.3005,0.029166666666666563,-1.5171446326210063
ideal_infinite,1,178780.3005,0.03125,-1.7462946954217198
ideal_infinite,1,178780.3005,0.033333333333333215,-1.9926515917650822
ideal_infinite,1,178780.3005,0.03541666666666665,-2.256527457987893
ideal_infinite,1,178780.3005,0.03750000000000009,-2.5382660162289494
ideal_infinite,1,178780.3005,0.039583333333333304,-2.838245370912241
ideal_infinite,1,178780.3005,0.04166666666666674,-3.1568812231769776
ideal_infinite,1,178780.3005,0.043749999999999956,-3.4946305736918495
ideal_infinite,1,178780.3005,0.04583333333333339,-3.8519959994035795
ideal_infinite,1,178780.3005,0.04791666666666661,-4.229530608641963
ideal_infinite,1,178780.3005,0.050000000000000044,-4.627843802743436
ideal_infinite,1,178780.3005,0.05208333333333326,-5.047608002423143
ideal_infinite,1,178780.3005,0.054166666666666696,-5.489566535511054
ideal_infinite,1,178780.3005,0.05624999999999991,-5.954542932052613
ideal_infinite,1,178780.3005,0.05833333333333335,-6.443451936866216
ideal_infinite,1,178780.3005,0.06041666666666656,-6.95731263356909
ideal_infinite,1,178780.3005,0.0625,-7.497264185044195
ideal_infinite,1,178780.3005,0.06458333333333321,-8.064584843545694
ideal_infinite,1,178780.3005,0.06666666666666665,-8.660715083873631
ideal_infinite,1,178780.3005,0.06875000000000009,-9.287285986778695
ideal_infinite,1,178780.3005,0.0708333333333333,-9.946154378865232
ideal_infinite,1,178780.3005,0.07291666666666674,-10.639446767736304
ideal_infinite,1,178780.3005,0.07499999999999996,-11.369614870590825
ideal_infinite,1,178780.3005,0.07708333333333339,-12.13950663605255
ideal_infinite,1,178780.3005,0.07916666666666661,-12.9524582865658
ideal_infinite,1,178780.3005,0.08125000000000004,-13.812415363016237
ideal_infinite,1,178780.3005,0.08333333333333326,-14.724094539256567
ideal_infinite,1,178780.3005,0.0854166666666667,-15.693203964744967
ideal_infinite,1,178780.3005,0.08749999999999991,-16.726749647244247
ideal_infinite,1,178780.3005,0.08958333333333335,-17.833471793166527
ideal_infinite,1,178780.3005,0.09166666666666656,-19.02448366489712
ideal_infinite,1,178780.3005,0.09375,-20.314237726550715
ideal_infinite,1,178780.3005,0.09583333333333321,-21.722043984445698
ideal_infinite,1,178780.3005,0.09791666666666665,-23.274569463600166
ideal_infinite,1,178780.3005,0.10000000000000009,-25.01019531053351
ideal_infinite,1,178780.3005,0.1020833333333333,-26.987184321141214
ideal_infinite,1,178780.3005,0.10416666666666674,-29.300526534745558
ideal_infinite,1,178780.3005,0.10624999999999996,-32.12160185726613
ideal_infinite,1,178780.3005,0.10833333333333339,-35.81209070393432
ideal_infinite,1,178780.3005,0.11041666666666661,-41.38602896205629
ideal_infinite,1,178780.3005,0.11250000000000004,-55.250950632818345
ideal_infinite,1,178780.3005,0.11458333333333326,-47.47224803804588
ideal_infinite,1,178780.3005,0.1166666666666667,-40.55078191462982
ideal_infinite,1,178780.3005,0.11874999999999991,-37.21726079041618
ideal_infinite,1,178780.3005,0.12083333333333335,-35.16717748370744
ideal_infinite,1,178780.3005,0.12291666666666656,-33.7945924832712
ideal_infinite,1,178780.3005,0.125,-32.849272872490204
ideal_infinite,1,178780.3005,0.12708333333333321,-32.20408162933508
ideal_infinite,1,178780.3005,0.12916666666666665,-31.78616301524144
ideal_infinite,1,178780.3005,0.1312500000000001,-31.550495204697167
ideal_infinite,1,178780.3005,0.1333333333333333,-31.467947613584748
ideal_infinite,1,178780.3005,0.13541666666666674,-31.51927171589589
ideal_infinite,1,178780.3005,0.13749999999999996,-31.691850531678128
ideal_infinite,1,178780.3005,0.1395833333333334,-31.977870169396656
ideal_infinite,1,178780.3005,0.1416666666666666,-32.37329976353669
ideal_infinite,1,178780.3005,0.14375000000000004,-32.87738691535501
ideal_infinite,1,178780.3005,0.14583333333333326,-33.49253811177379
ideal_infinite,1,178780.3005,0.1479166666666667,-34.224554347327626
ideal_infinite,1,178780.3005,0.1499999999999999,-35.08327976461327
ideal_infinite,1,178780.3005,0.15208333333333335,-36.08383454924465
ideal_infinite,1,178780.3005,0.15416666666666656,-37.24880044463574
ideal_infinite,1,178780.3005,0.15625,-38.61213461133066
ideal_infinite,1,178780.3005,0.15833333333333321,-40.22653988138306
ideal_infinite,1,178780.3005,0.16041666666666665,-42.17854157632979
ideal_infinite,1,178780.3005,0.1625000000000001,-44.62333286275882
ideal_infinite,1,178780.3005,0.1645833333333333,-47.8816664801097
ideal_infinite,1,178780.3005,0.16666666666666674,-52.80896624853082
ideal_infinite,1,178780.3005,0.16874999999999996,-60.0
ideal_infinite,1,178780.3005,0.1708333333333334,-60.0
ideal_infinite,1,178780.3005,0.1729166666666666,-52.86337450198113
ideal_infinite,1,178780.3005,0.17500000000000004,-49.034342347496164
ideal_infinite,1,178780.3005,0.17708333333333326,-46.64732734157325
ideal_infinite,1,178780.3005,0.1791666666666667,-44.999263629317795
ideal_infinite,1,178780.3005,0.1812499999999999,-43.81112756213318
ideal_infinite,1,178780.3005,0.18333333333333335,-42.943994783072114
ideal_infinite,1,178780.3005,0.18541666666666656,-42.31913905674507
ideal_infinite,1,178780.3005,0.1875,-41.88818152421379
ideal_infinite,1,178780.3005,0.18958333333333321,-41.61985592473676
ideal_infinite,1,178780.3005,0.19166666666666665,-41.49343096896091
ideal_infinite,1,178780.3005,0.1937500000000001,-41.49517972304792
ideal_infinite,1,178780.3005,0.1958333333333333,-41.61639880808263
ideal_infinite,1,178780.3005,0.19791666666666674,-41.85229653833821
ideal_infinite,1,178780.3005,0.19999999999999996,-42.201425445504
ideal_infinite,1,178780.3005,0.2020833333333334,-42.66551130102253
ideal_infinite,1,178780.3005,0.2041666666666666,-43.249636568121005
ideal_infinite,1,178780.3005,0.20625000000000004,-43.96282337695893
ideal_infinite,1,178780.3005,0.20833333333333326,-44.819168303474385
ideal_infinite,1,178780.3005,0.2104166666666667,-45.839861648695276
ideal_infinite,1,178780.3005,0.2124999999999999,-47.05678957754519
ideal_infinite,1,178780.3005,0.21458333333333335,-48.51925850998213
ideal_infinite,1,178780.3005,0.21666666666666656,-50.30756769251609
ideal_infinite,1,178780.3005,0.21875,-52.56376386388834
ideal_infinite,1,178780.3005,0.22083333333333321,-55.57455549003543
ideal_infinite,1,178780.3005,0.22291666666666665,-60.0
ideal_infinite,1,178780.3005,0.2250000000000001,-60.0
ideal_infinite,1,178780.3005,0.2270833333333333,-60.0
ideal_infinite,1,178780.3005,0.22916666666666674,-60.0
ideal_infinite,1,178780.3005,0.23124999999999996,-57.18215761217859
ideal_infinite,1,178780.3005,0.2333333333333334,-54.56557013334623
ideal_infinite,1,178780.3005,0.2354166666666666,-52.750016850091725
ideal_infinite,1,178780.3005,0.23750000000000004,-51.42369321054691
ideal_infinite,1,178780.3005,0.23958333333333326,-50.43494986385778
ideal_infinite,1,178780.3005,0.2416666666666667,-49.69904525439175
ideal_infinite,1,178780.3005,0.2437499999999999,-49.164352042848556
ideal_infinite,1,178780.3005,0.24583333333333335,-48.79766400637311
ideal_infinite,1,178780.3005,0.24791666666666656,-48.57698998532223
ideal_infinite,1,178780.3005,0.25,-48.4877194112108
ideal_infinite,1,178780.3005,0.2520833333333332,-48.52047949053186
ideal_infinite,1,178780.3005,0.25416666666666665,-48.66992794533899
ideal_infinite,1,178780.3005,0.2562500000000001,-48.934121948399145
ideal_infinite,1,178780.3005,0.2583333333333333,-49.3142967703449
ideal_infinite,1,178780.3005,0.26041666666666674,-49.81499947512884
ideal_infinite,1,178780.3005,0.26249999999999996,-50.444610426566
ideal_infinite,1,178780.3005,0.2645833333333334,-51.216387272517
ideal_infinite,1,178780.3005,0.2666666666666666,-52.150331753144634
ideal_infinite,1,178780.3005,0.26875000000000004,-53.2765086753154
ideal_infinite,1,178780.3005,0.27083333333333326,-54.641190844434284
ideal_infinite,1,178780.3005,0.2729166666666667,-56.319104709930066
ideal_infinite,1,178780.3005,0.2749999999999999,-58.44066313309743
ideal_infinite,1,178780.3005,0.27708333333333335,-60.0
ideal_infinite,1,178780.3005,0.27916666666666656,-60.0
ideal_infinite,1,178780.3005,0.28125,-60.0
ideal_infinite,1,178780.3005,0.2833333333333332,-60.0
ideal_infinite,1,178780.3005,0.28541666666666665,-60.0
ideal_infinite,1,178780.3005,0.2875000000000001,-60.0
ideal_infinite,1,178780.3005,0.2895833333333333,-60.0
ideal_infinite,1,178780.3005,0.29166666666666674,-58.76637022719965
ideal_infinite,1,178780.3005,0.29374999999999996,-57.334788678147326
ideal_infinite,1,178780.3005,0.2958333333333334,-56.25742457683594
ideal_infinite,1,178780.3005,0.2979166666666666,-55.44297561219602
ideal_infinite,1,178780.3005,0.30000000000000004,-54.83634849950473
ideal_infinite,1,178780.3005,0.30208333333333326,-54.40231015198065
ideal_infinite,1,178780.3005,0.3041666666666667,-54.11758117801079
ideal_infinite,1,178780.3005,0.3062499999999999,-53.9666676734047
ideal_infinite,1,178780.3005,0.30833333333333335,-53.939542846272026
ideal_infinite,1,178780.3005,0.31041666666666656,-54.03033793546402
ideal_infinite,1,178780.3005,0.3125,-54.236644628759706
ideal_infinite,1,178780.3005,0.3145833333333332,-54.55924244847772
ideal_infinite,1,178780.3005,0.31666666666666665,-55.00218340584375
ideal_infinite,1,178780.3005,0.3187500000000001,-55.57325461874136
ideal_infinite,1,178780.3005,0.3208333333333333,-56.284937093745356
ideal_infinite,1,178780.3005,0.32291666666666674,-57.15613158087006
ideal_infinite,1,178780.3005,0.32499999999999996,-58.21521912584834
ideal_infinite,1,178780.3005,0.3270833333333334,-59.50568438990665
ideal_infinite,1,178780.3005,0.3291666666666666,-60.0
ideal_infinite,1,178780.3005,0.33125000000000004,-60.0
ideal_infinite,1,178780.3005,0.33333333333333326,-60.0
ideal_infinite,1,178780.3005,0.3354166666666667,-60.0
ideal_infinite,1,178780.3005,0.3374999999999999,-60.0
ideal_infinite,1,178780.3005,0.33958333333333335,-60.0
ideal_infinite,1,178780.3005,0.34166666666666656,-60.0
ideal_infinite,1,178780.3005,0.34375,-60.0
ideal_infinite,1,178780.3005,0.3458333333333332,-60.0
ideal_infinite,1,178780.3005,0.34791666666666665,-60.0
ideal_infinite,1,178780.3005,0.3500000000000001,-60.0
ideal_infinite,1,178780.3005,0.3520833333333333,-60.0
ideal_infinite,1,178780.3005,0.35416666666666674,-60.0
ideal_infinite,1,178780.3005,0.35624999999999996,-59.505365022558195
ideal_infinite,1,178780.3005,0.3583333333333334,-59.018728127381024
ideal_infinite,1,178780.3005,0.3604166666666666,-58.68448992550341
ideal_infinite,1,178780.3005,0.36250000000000004,-58.486241272011256
ideal_infinite,1,178780.3005,0.36458333333333326,-58.41328764095384
ideal_infinite,1,178780.3005,0.3666666666666667,-58.459230981875166
ideal_infinite,1,178780.3005,0.3687499999999999,-58.621202216389975
ideal_infinite,1,178780.3005,0.37083333333333335,-58.89953613453049
ideal_infinite,1,178780.3005,0.37291666666666656,-59.29780740773828
ideal_infinite,1,178780.3005,0.375,-59.823236509792174
ideal_infinite,1,178780.3005,0.3770833333333332,-60.0
ideal_infinite,1,178780.3005,0.37916666666666665,-60.0
ideal_infinite,1,178780.3005,0.38124999999999987,-60.0
ideal_infinite,1,178780.3005,0.3833333333333333,-60.0
ideal_infinite,1,178780.3005,0.38541666666666674,-60.0
ideal_infinite,1,178780.3005,0.38749999999999996,-60.0
ideal_infinite,1,178780.3005,0.3895833333333334,-60.0
ideal_infinite,1,178780.3005,0.3916666666666666,-60.0
ideal_infinite,1,178780.3005,0.39375000000000004,-60.0
ideal_infinite,1,178780.3005,0.39583333333333326,-60.0
ideal_infinite,1,178780.3005,0.3979166666666667,-60.0
ideal_infinite,1,178780.3005,0.3999999999999999,-60.0
ideal_infinite,1,178780.3005,0.40208333333333335,-60.0
ideal_infinite,1,178780.3005,0.40416666666666656,-60.0
ideal_infinite,1,178780.3005,0.40625,-60.0
ideal_infinite,1,178780.3005,0.4083333333333332,-60.0
ideal_infinite,1,178780.3005,0.41041666666666665,-60.0
ideal_infinite,1,178780.3005,0.41249999999999987,-60.0
ideal_infinite,1,178780.3005,0.4145833333333333,-60.0
ideal_infinite,1,178780.3005,0.41666666666666674,-60.0
ideal_infinite,1,178780.3005,0.41874999999999996,-60.0
ideal_infinite,1,178780.3005,0.4208333333333334,-60.0
ideal_infinite,1,178780.3005,0.4229166666666666,-60.0
ideal_infinite,1,178780.3005,0.42500000000000004,-60.0
ideal_infinite,1,178780.3005,0.42708333333333326,-60.0
ideal_infinite,1,178780.3005,0.4291666666666667,-60.0
ideal_infinite,1,178780.3005,0.4312499999999999,-60.0
ideal_infinite,1,178780.3005,0.43333333333333335,-60.0
ideal_infinite,1,178780.3005,0.43541666666666656,-60.0
ideal_infinite,1,178780.3005,0.4375,-60.0
ideal_infinite,1,178780.3005,0.4395833333333332,-60.0
ideal_infinite,1,178780.3005,0.44166666666666665,-60.0
ideal_infinite,1,178780.3005,0.44374999999999987,-60.0
ideal_infinite,1,178780.3005,0.4458333333333333,-60.0
ideal_infinite,1,178780.3005,0.44791666666666674,-60.0
ideal_infinite,1,178780.3005,0.44999999999999996,-60.0
ideal_infinite,1,178780.3005,0.4520833333333334,-60.0
ideal_infinite,1,178780.3005,0.4541666666666666,-60.0
ideal_infinite,1,178780.3005,0.45625000000000004,-60.0
ideal_infinite,1,178780.3005,0.45833333333333326,-60.0
ideal_infinite,1,178780.3005,0.4604166666666667,-60.0
ideal_infinite,1,178780.3005,0.4624999999999999,-60.0
ideal_infinite,1,178780.3005,0.46458333333333335,-60.0
ideal_infinite,1,178780.3005,0.46666666666666656,-60.0
ideal_infinite,1,178780.3005,0.46875,-60.0
ideal_infinite,1,178780.3005,0.4708333333333332,-60.0
ideal_infinite,1,178780.3005,0.47291666666666665,-60.0
ideal_infinite,1,178780.3005,0.47499999999999987,-60.0
ideal_infinite,1,178780.3005,0.4770833333333333,-60.0
ideal_infinite,1,178780.3005,0.47916666666666674,-60.0
ideal_infinite,1,178780.3005,0.48124999999999996,-60.0
ideal_infinite,1,178780.3005,0.4833333333333334,-60.0
ideal_infinite,1,178780.3005,0.4854166666666666,-60.0
ideal_infinite,1,178780.3005,0.48750000000000004,-60.0
ideal_infinite,1,178780.3005,0.48958333333333326,-60.0
ideal_infinite,1,178780.3005,0.4916666666666667,-60.0
ideal_infinite,1,178780.3005,0.4937499999999999,-60.0
ideal_infinite,1,178780.3005,0.49583333333333335,-60.0
ideal_infinite,1,178780.3005,0.49791666666666656,-60.0
ideal_infinite,1,178780.3005,0.5,-60.0
ideal_infinite,1,178780.3005,0.5020833333333332,-60.0
ideal_infinite,1,178780.3005,0.5041666666666667,-60.0
ideal_infinite,1,178780.3005,0.5062499999999999,-60.0
ideal_infinite,1,178780.3005,0.5083333333333333,-60.0
ideal_infinite,1,178780.3005,0.5104166666666667,-60.0
ideal_infinite,1,178780.3005,0.5125,-60.0
ideal_infinite,1,178780.3005,0.5145833333333334,-60.0
ideal_infinite,1,178780.3005,0.5166666666666666,-60.0
ideal_infinite,1,178780.3005,0.51875,-60.0
ideal_infinite,1,178780.3005,0.5208333333333333,-60.0
ideal_infinite,1,178780.3005,0.5229166666666667,-60.0
ideal_infinite,1,178780.3005,0.5249999999999999,-60.0
ideal_infinite,1,178780.3005,0.5270833333333333,-60.0
ideal_infinite,1,178780.3005,0.5291666666666666,-60.0
ideal_infinite,1,178780.3005,0.53125,-60.0
ideal_infinite,1,178780.3005,0.5333333333333332,-60.0
ideal_infinite,1,178780.3005,0.5354166666666667,-60.0
ideal_infinite,1,178780.3005,0.5374999999999999,-60.0
ideal_infinite,1,178780.3005,0.5395833333333333,-60.0
ideal_infinite,1,178780.3005,0.5416666666666667,-60.0
ideal_infinite,1,178780.3005,0.54375,-60.0
ideal_infinite,1,178780.3005,0.5458333333333334,-60.0
ideal_infinite,1,178780.3005,0.5479166666666666,-60.0
ideal_infinite,1,178780.3005,0.55,-60.0
ideal_infinite,1,178780.3005,0.5520833333333333,-60.0
ideal_infinite,1,178780.3005,0.5541666666666667,-60.0
ideal_infinite,1,178780.3005,0.5562499999999999,-60.0
ideal_infinite,1,178780.3005,0.5583333333333333,-60.0
ideal_infinite,1,178780.3005,0.5604166666666666,-60.0
ideal_infinite,1,178780.3005,0.5625,-60.0
ideal_infinite,1,178780.3005,0.5645833333333332,-60.0
ideal_infinite,1,178780.3005,0.5666666666666667,-60.0
ideal_infinite,1,178780.3005,0.5687499999999999,-60.0
ideal_infinite,1,178780.3005,0.5708333333333333,-60.0
ideal_infinite,1,178780.3005,0.5729166666666667,-60.0
ideal_infinite,1,178780.3005,0.575,-60.0
ideal_infinite,1,178780.3005,0.5770833333333334,-60.0
ideal_infinite,1,178780.3005,0.5791666666666666,-60.0
ideal_infinite,1,178780.3005,0.58125,-60.0
ideal_infinite,1,178780.3005,0.5833333333333333,-60.0
ideal_infinite,1,178780.3005,0.5854166666666667,-60.0
ideal_infinite,1,178780.3005,0.5874999999999999,-60.0
ideal_infinite,1,178780.3005,0.5895833333333333,-60.0
ideal_infinite,1,178780.3005,0.5916666666666666,-60.0
ideal_infinite,1,178780.3005,0.59375,-60.0
ideal_infinite,1,178780.3005,0.5958333333333332,-60.0
ideal_infinite,1,178780.3005,0.5979166666666667,-60.0
ideal_infinite,1,178780.3005,0.5999999999999999,-60.0
ideal_infinite,1,178780.3005,0.6020833333333333,-60.0
ideal_infinite,1,178780.3005,0.6041666666666667,-60.0
ideal_infinite,1,178780.3005,0.60625,-60.0
ideal_infinite,1,178780.3005,0.6083333333333334,-60.0
ideal_infinite,1,178780.3005,0.6104166666666666,-60.0
ideal_infinite,1,178780.3005,0.6125,-60.0
ideal_infinite,1,178780.3005,0.6145833333333333,-60.0
ideal_infinite,1,178780.3005,0.6166666666666667,-60.0
ideal_infinite,1,178780.3005,0.6187499999999999,-60.0
ideal_infinite,1,178780.3005,0.6208333333333333,-60.0
ideal_infinite,1,178780.3005,0.6229166666666666,-60.0
ideal_infinite,1,178780.3005,0.625,-60.0
ideal_infinite,1,178780.3005,0.6270833333333332,-60.0
ideal_infinite,1,178780.3005,0.6291666666666667,-60.0
ideal_infinite,1,178780.3005,0.6312499999999999,-60.0
ideal_infinite,1,178780.3005,0.6333333333333333,-60.0
ideal_infinite,1,178780.3005,0.6354166666666667,-60.0
ideal_infinite,1,178780.3005,0.6375,-60.0
ideal_infinite,1,178780.3005,0.6395833333333334,-60.0
ideal_infinite,1,178780.3005,0.6416666666666666,-60.0
ideal_infinite,1,178780.3005,0.64375,-60.0
ideal_infinite,1,178780.3005,0.6458333333333333,-60.0
ideal_infinite,1,178780.3005,0.6479166666666667,-60.0
ideal_infinite,1,178780.3005,0.6499999999999999,-60.0
ideal_infinite,1,178780.3005,0.6520833333333333,-60.0
ideal_infinite,1,178780.3005,0.6541666666666666,-60.0
ideal_infinite,1,178780.3005,0.65625,-60.0
ideal_infinite,1,178780.3005,0.6583333333333332,-60.0
ideal_infinite,1,178780.3005,0.6604166666666667,-60.0
ideal_infinite,1,178780.3005,0.6624999999999999,-60.0
ideal_infinite,1,178780.3005,0.6645833333333333,-60.0
ideal_infinite,1,178780.3005,0.6666666666666667,-60.0
ideal_infinite,1,178780.3005,0.66875,-60.0
ideal_infinite,1,178780.3005,0.6708333333333334,-60.0
ideal_infinite,1,178780.3005,0.6729166666666666,-60.0
ideal_infinite,1,178780.3005,0.675,-60.0
ideal_infinite,1,178780.3005,0.6770833333333333,-60.0
ideal_infinite,1,178780.3005,0.6791666666666667,-60.0
ideal_infinite,1,178780.3005,0.6812499999999999,-60.0
ideal_infinite,1,178780.3005,0.6833333333333333,-60.0
ideal_infinite,1,178780.3005,0.6854166666666666,-60.0
ideal_infinite,1,178780.3005,0.6875,-60.0
ideal_infinite,1,178780.3005,0.6895833333333332,-60.0
ideal_infinite,1,178780.3005,0.6916666666666667,-60.0
ideal_infinite,1,178780.3005,0.6937499999999999,-60.0
ideal_infinite,1,178780.3005,0.6958333333333333,-60.0
ideal_infinite,1,178780.3005,0.6979166666666667,-60.0
ideal_infinite,1,178780.3005,0.7,-60.0
ideal_infinite,1,178780.3005,0.7020833333333334,-60.0
ideal_infinite,1,178780.3005,0.7041666666666666,-60.0
ideal_infinite,1,178780.3005,0.70625,-60.0
ideal_infinite,1,178780.3005,0.7083333333333333,-60.0
ideal_infinite,1,178780.3005,0.7104166666666667,-60.0
ideal_infinite,1,178780.3005,0.7124999999999999,-60.0
ideal_infinite,1,178780.3005,0.7145833333333333,-60.0
ideal_infinite,1,178780.3005,0.7166666666666666,-60.0
ideal_infinite,1,178780.3005,0.71875,-60.0
ideal_infinite,1,178780.3005,0.7208333333333332,-60.0
ideal_infinite,1,178780.3005,0.7229166666666667,-60.0
ideal_infinite,1,178780.3005,0.7249999999999999,-60.0
ideal_infinite,1,178780.3005,0.7270833333333333,-60.0
ideal_infinite,1,178780.3005,0.7291666666666667,-60.0
ideal_infinite,1,178780.3005,0.73125,-60.0
ideal_infinite,1,178780.3005,0.7333333333333334,-60.0
ideal_infinite,1,178780.3005,0.7354166666666666,-60.0
ideal_infinite,1,178780.3005,0.7375,-60.0
ideal_infinite,1,178780.3005,0.7395833333333333,-60.0
ideal_infinite,1,178780.3005,0.7416666666666667,-60.0
ideal_infinite,1,178780.3005,0.7437499999999999,-60.0
ideal_infinite,1,178780.3005,0.7458333333333333,-60.0
ideal_infinite,1,178780.3005,0.7479166666666666,-60.0
ideal_infinite,1,178780.3005,0.75,-60.0
ideal_infinite,1,178780.3005,0.7520833333333332,-60.0
ideal_infinite,1,178780.3005,0.7541666666666664,-60.0
ideal_infinite,1,178780.3005,0.7562500000000001,-60.0
ideal_infinite,1,178780.3005,0.7583333333333333,-60.0
ideal_infinite,1,178780.3005,0.7604166666666665,-60.0
ideal_infinite,1,178780.3005,0.7625000000000002,-60.0
ideal_infinite,1,178780.3005,0.7645833333333334,-60.0
ideal_infinite,1,178780.3005,0.7666666666666666,-60.0
ideal_infinite,1,178780.3005,0.7687499999999998,-60.0
ideal_infinite,1,178780.3005,0.7708333333333335,-60.0
ideal_infinite,1,178780.3005,0.7729166666666667,-60.0
ideal_infinite,1,178780.3005,0.7749999999999999,-60.0
ideal_infinite,1,178780.3005,0.7770833333333331,-60.0
ideal_infinite,1,178780.3005,0.7791666666666668,-60.0
ideal_infinite,1,178780.3005,0.78125,-60.0
ideal_infinite,1,178780.3005,0.7833333333333332,-60.0
ideal_infinite,1,178780.3005,0.7854166666666664,-60.0
ideal_infinite,1,178780.3005,0.7875000000000001,-60.0
ideal_infinite,1,178780.3005,0.7895833333333333,-60.0
ideal_infinite,1,178780.3005,0.7916666666666665,-60.0
ideal_infinite,1,178780.3005,0.7937500000000002,-60.0
ideal_infinite,1,178780.3005,0.7958333333333334,-60.0
ideal_infinite,1,178780.3005,0.7979166666666666,-60.0
ideal_infinite,1,178780.3005,0.7999999999999998,-60.0
ideal_infinite,1,178780.3005,0.8020833333333335,-60.0
ideal_infinite,1,178780.3005,0.8041666666666667,-60.0
ideal_infinite,1,178780.3005,0.8062499999999999,-60.0
ideal_infinite,1,178780.3005,0.8083333333333331,-60.0
ideal_infinite,1,178780.3005,0.8104166666666668,-60.0
ideal_infinite,1,178780.3005,0.8125,-60.0
ideal_infinite,1,178780.3005,0.8145833333333332,-60.0
ideal_infinite,1,178780.3005,0.8166666666666664,-60.0
ideal_infinite,1,178780.3005,0.8187500000000001,-60.0
ideal_infinite,1,178780.3005,0.8208333333333333,-60.0
ideal_infinite,1,178780.3005,0.8229166666666665,-60.0
ideal_infinite,1,178780.3005,0.8250000000000002,-60.0
ideal_infinite,1,178780.3005,0.8270833333333334,-60.0
ideal_infinite,1,178780.3005,0.8291666666666666,-60.0
ideal_infinite,1,178780.3005,0.8312499999999998,-60.0
ideal_infinite,1,178780.3005,0.8333333333333335,-60.0
ideal_infinite,1,178780.3005,0.8354166666666667,-60.0
ideal_infinite,1,178780.3005,0.8374999999999999,-60.0
ideal_infinite,1,178780.3005,0.8395833333333331,-60.0
ideal_infinite,1,178780.3005,0.8416666666666668,-60.0
ideal_infinite,1,178780.3005,0.84375,-60.0
ideal_infinite,1,178780.3005,0.8458333333333332,-60.0
ideal_infinite,1,178780.3005,0.8479166666666664,-60.0
ideal_infinite,1,178780.3005,0.8500000000000001,-60.0
ideal_infinite,1,178780.3005,0.8520833333333333,-60.0
ideal_infinite,1,178780.3005,0.8541666666666665,-60.0
ideal_infinite,1,178780.3005,0.8562500000000002,-60.0
ideal_infinite,1,178780.3005,0.8583333333333334,-60.0
ideal_infinite,1,178780.3005,0.8604166666666666,-60.0
ideal_infinite,1,178780.3005,0.8624999999999998,-60.0
ideal_infinite,1,178780.3005,0.8645833333333335,-60.0
ideal_infinite,1,178780.3005,0.8666666666666667,-60.0
ideal_infinite,1,178780.3005,0.8687499999999999,-60.0
ideal_infinite,1,178780.3005,0.8708333333333331,-60.0
ideal_infinite,1,178780.3005,0.8729166666666668,-60.0
ideal_infinite,1,178780.3005,0.875,-60.0
ideal_infinite,1,178780.3005,0.8770833333333332,-60.0
ideal_infinite,1,178780.3005,0.8791666666666664,-60.0
ideal_infinite,1,178780.3005,0.8812500000000001,-60.0
ideal_infinite,1,178780.3005,0.8833333333333333,-60.0
ideal_infinite,1,178780.3005,0.8854166666666665,-60.0
ideal_infinite,1,178780.3005,0.8875000000000002,-60.0
ideal_infinite,1,178780.3005,0.8895833333333334,-60.0
ideal_infinite,1,178780.3005,0.8916666666666666,-60.0
ideal_infinite,1,178780.3005,0.8937499999999998,-60.0
ideal_infinite,1,178780.3005,0.8958333333333335,-60.0
ideal_infinite,1,178780.3005,0.8979166666666667,-60.0
ideal_infinite,1,178780.3005,0.8999999999999999,-60.0
ideal_infinite,1,178780.3005,0.9020833333333331,-60.0
ideal_infinite,1,178780.3005,0.9041666666666668,-60.0
ideal_infinite,1,178780.3005,0.90625,-60.0
ideal_infinite,1,178780.3005,0.9083333333333332,-60.0
ideal_infinite,1,178780.3005,0.9104166666666664,-60.0
ideal_infinite,1,178780.3005,0.9125000000000001,-60.0
ideal_infinite,1,178780.3005,0.9145833333333333,-60.0
ideal_infinite,1,178780.3005,0.9166666666666665,-60.0
ideal_infinite,1,178780.3005,0.9187500000000002,-60.0
ideal_infinite,1,178780.3005,0.9208333333333334,-60.0
ideal_infinite,1,178780.3005,0.9229166666666666,-60.0
ideal_infinite,1,178780.3005,0.9249999999999998,-60.0
ideal_infinite,1,178780.3005,0.9270833333333335,-60.0
ideal_infinite,1,178780.3005,0.9291666666666667,-60.0
ideal_infinite,1,178780.3005,0.9312499999999999,-60.0
ideal_infinite,1,178780.3005,0.9333333333333331,-60.0
ideal_infinite,1,178780.3005,0.9354166666666668,-60.0
ideal_infinite,1,178780.3005,0.9375,-60.0
ideal_infinite,1,178780.3005,0.9395833333333332,-60.0
ideal_infinite,1,178780.3005,0.9416666666666664,-60.0
ideal_infinite,1,178780.3005,0.9437500000000001,-60.0
ideal_infinite,1,178780.3005,0.9458333333333333,-60.0
ideal_infinite,1,178780.3005,0.9479166666666665,-60.0
ideal_infinite,1,178780.3005,0.9500000000000002,-60.0
ideal_infinite,1,178780.3005,0.9520833333333334,-60.0
ideal_infinite,1,178780.3005,0.9541666666666666,-60.0
ideal_infinite,1,178780.3005,0.9562499999999998,-60.0
ideal_infinite,1,178780.3005,0.9583333333333335,-60.0
ideal_infinite,1,178780.3005,0.9604166666666667,-60.0
ideal_infinite,1,178780.3005,0.9624999999999999,-60.0
ideal_infinite,1,178780.3005,0.9645833333333331,-60.0
ideal_infinite,1,178780.3005,0.9666666666666668,-60.0
ideal_infinite,1,178780.3005,0.96875,-60.0
ideal_infinite,1,178780.3005,0.9708333333333332,-60.0
ideal_infinite,1,178780.3005,0.9729166666666664,-60.0
ideal_infinite,1,178780.3005,0.9750000000000001,-60.0
ideal_infinite,1,178780.3005,0.9770833333333333,-60.0
ideal_infinite,1,178780.3005,0.9791666666666665,-60.0
ideal_infinite,1,178780.3005,0.9812500000000002,-60.0
ideal_infinite,1,178780.3005,0.9833333333333334,-60.0
ideal_infinite,1,178780.3005,0.9854166666666666,-60.0
ideal_infinite,1,178780.3005,0.9874999999999998,-60.0
ideal_infinite,1,178780.3005,0.9895833333333335,-60.0
ideal_infinite,1,178780.3005,0.9916666666666667,-60.0
ideal_infinite,1,178780.3005,0.9937499999999999,-60.0
ideal_infinite,1,178780.3005,0.9958333333333331,-60.0
ideal_infinite,1,178780.3005,0.9979166666666668,-60.0
ideal_infinite,1,178780.3005,1.0,-60.0
ideal_infinite,1,178780.3005,1.0020833333333332,-60.0
ideal_infinite,1,178780.3005,1.0041666666666664,-60.0
ideal_infinite,1,178780.3005,1.00625,-60.0
ideal_infinite,1,178780.3005,1.0083333333333333,-60.0
ideal_infinite,1,178780.3005,1.0104166666666665,-60.0
ideal_infinite,1,178780.3005,1.0125000000000002,-60.0
ideal_infinite,1,178780.3005,1.0145833333333334,-60.0
ideal_infinite,1,178780.3005,1.0166666666666666,-60.0
ideal_infinite,1,178780.3005,1.0187499999999998,-60.0
ideal_infinite,1,178780.3005,1.0208333333333335,-60.0
ideal_infinite,1,178780.3005,1.0229166666666667,-60.0
ideal_infinite,1,178780.3005,1.025,-60.0
ideal_infinite,1,178780.3005,1.0270833333333331,-60.0
ideal_infinite,1,178780.3005,1.0291666666666668,-60.0
ideal_infinite,1,178780.3005,1.03125,-60.0
ideal_infinite,1,178780.3005,1.0333333333333332,-60.0
ideal_infinite,1,178780.3005,1.0354166666666664,-60.0
ideal_infinite,1,178780.3005,1.0375,-60.0
ideal_infinite,1,178780.3005,1.0395833333333333,-60.0
ideal_infinite,1,178780.3005,1.0416666666666665,-60.0
ideal_infinite,1,178780.3005,1.0437500000000002,-60.0
ideal_infinite,1,178780.3005,1.0458333333333334,-60.0
ideal_infinite,1,178780.3005,1.0479166666666666,-60.0
ideal_infinite,1,178780.3005,1.0499999999999998,-60.0
ideal_infinite,1,178780.3005,1.0520833333333335,-60.0
ideal_infinite,1,178780.3005,1.0541666666666667,-60.0
ideal_infinite,1,178780.3005,1.05625,-60.0
ideal_infinite,1,178780.3005,1.0583333333333331,-60.0
ideal_infinite,1,178780.3005,1.0604166666666668,-60.0
ideal_infinite,1,178780.3005,1.0625,-60.0
ideal_infinite,1,178780.3005,1.0645833333333332,-60.0
ideal_infinite,1,178780.3005,1.0666666666666664,-60.0
ideal_infinite,1,178780.3005,1.06875,-60.0
ideal_infinite,1,178780.3005,1.0708333333333333,-60.0
ideal_infinite,1,178780.3005,1.0729166666666665,-60.0
ideal_infinite,1,178780.3005,1.0750000000000002,-60.0
ideal_infinite,1,178780.3005,1.0770833333333334,-60.0
ideal_infinite,1,178780.3005,1.0791666666666666,-60.0
ideal_infinite,1,178780.3005,1.0812499999999998,-60.0
ideal_infinite,1,178780.3005,1.0833333333333335,-60.0
ideal_infinite,1,178780.3005,1.0854166666666667,-60.0
ideal_infinite,1,178780.3005,1.0875,-60.0
ideal_infinite,1,178780.3005,1.0895833333333331,-60.0
ideal_infinite,1,178780.3005,1.0916666666666668,-60.0
ideal_infinite,1,178780.3005,1.09375,-60.0
ideal_infinite,1,178780.3005,1.0958333333333332,-60.0
ideal_infinite,1,178780.3005,1.0979166666666664,-60.0
ideal_infinite,1,178780.3005,1.1,-60.0
ideal_infinite,1,178780.3005,1.1020833333333333,-60.0
ideal_infinite,1,178780.3005,1.1041666666666665,-60.0
ideal_infinite,1,178780.3005,1.1062500000000002,-60.0
ideal_infinite,1,178780.3005,1.1083333333333334,-60.0
ideal_infinite,1,178780.3005,1.1104166666666666,-60.0
ideal_infinite,1,178780.3005,1.1124999999999998,-60.0
ideal_infinite,1,178780.3005,1.1145833333333335,-60.0
ideal_infinite,1,178780.3005,1.1166666666666667,-60.0
ideal_infinite,1,178780.3005,1.11875,-60.0
ideal_infinite,1,178780.3005,1.1208333333333331,-60.0
ideal_infinite,1,178780.3005,1.1229166666666668,-60.0
ideal_infinite,1,178780.3005,1.125,-60.0
ideal_infinite,1,178780.3005,1.1270833333333332,-60.0
ideal_infinite,1,178780.3005,1.1291666666666664,-60.0
ideal_infinite,1,178780.3005,1.13125,-60.0
ideal_infinite,1,178780.3005,1.1333333333333333,-60.0
ideal_infinite,1,178780.3005,1.1354166666666665,-60.0
ideal_infinite,1,178780.3005,1.1375000000000002,-60.0
ideal_infinite,1,178780.3005,1.1395833333333334,-60.0
ideal_infinite,1,178780.3005,1.1416666666666666,-60.0
ideal_infinite,1,178780.3005,1.1437499999999998,-60.0
ideal_infinite,1,178780.3005,1.1458333333333335,-60.0
ideal_infinite,1,178780.3005,1.1479166666666667,-60.0
ideal_infinite,1,178780.3005,1.15,-60.0
ideal_infinite,1,178780.3005,1.1520833333333331,-60.0
ideal_infinite,1,178780.3005,1.1541666666666668,-60.0
ideal_infinite,1,178780.3005,1.15625,-60.0
ideal_infinite,1,178780.3005,1.1583333333333332,-60.0
ideal_infinite,1,178780.3005,1.1604166666666664,-60.0
ideal_infinite,1,178780.3005,1.1625,-60.0
ideal_infinite,1,178780.3005,1.1645833333333333,-60.0
ideal_infinite,1,178780.3005,1.1666666666666665,-60.0
ideal_infinite,1,178780.3005,1.1687500000000002,-60.0
ideal_infinite,1,178780.3005,1.1708333333333334,-60.0
ideal_infinite,1,178780.3005,1.1729166666666666,-60.0
ideal_infinite,1,178780.3005,1.1749999999999998,-60.0
ideal_infinite,1,178780.3005,1.1770833333333335,-60.0
ideal_infinite,1,178780.3005,1.1791666666666667,-60.0
ideal_infinite,1,178780.3005,1.18125,-60.0
ideal_infinite,1,178780.3005,1.1833333333333331,-60.0
ideal_infinite,1,178780.3005,1.1854166666666668,-60.0
ideal_infinite,1,178780.3005,1.1875,-60.0
ideal_infinite,1,178780.3005,1.1895833333333332,-60.0
ideal_infinite,1,178780.3005,1.1916666666666664,-60.0
ideal_infinite,1,178780.3005,1.19375,-60.0
ideal_infinite,1,178780.3005,1.1958333333333333,-60.0
ideal_infinite,1,178780.3005,1.1979166666666665,-60.0
ideal_infinite,1,178780.3005,1.2000000000000002,-60.0
ideal_infinite,1,178780.3005,1.2020833333333334,-60.0
ideal_infinite,1,178780.3005,1.2041666666666666,-60.0
ideal_infinite,1,178780.3005,1.2062499999999998,-60.0
ideal_infinite,1,178780.3005,1.2083333333333335,-60.0
ideal_infinite,1,178780.3005,1.2104166666666667,-60.0
ideal_infinite,1,178780.3005,1.2125,-60.0
ideal_infinite,1,178780.3005,1.2145833333333331,-60.0
ideal_infinite,1,178780.3005,1.2166666666666668,-60.0
ideal_infinite,1,178780.3005,1.21875,-60.0
ideal_infinite,1,178780.3005,1.2208333333333332,-60.0
ideal_infinite,1,178780.3005,1.2229166666666664,-60.0
ideal_infinite,1,178780.3005,1.225,-60.0
ideal_infinite,1,178780.3005,1.2270833333333333,-60.0
ideal_infinite,1,178780.3005,1.2291666666666665,-60.0
ideal_infinite,1,178780.3005,1.2312500000000002,-60.0
ideal_infinite,1,178780.3005,1.2333333333333334,-60.0
ideal_infinite,1,178780.3005,1.2354166666666666,-60.0
ideal_infinite,1,178780.3005,1.2374999999999998,-60.0
ideal_infinite,1,178780.3005,1.2395833333333335,-60.0
ideal_infinite,1,178780.3005,1.2416666666666667,-60.0
ideal_infinite,1,178780.3005,1.24375,-60.0
ideal_infinite,1,178780.3005,1.2458333333333331,-60.0
ideal_infinite,1,178780.3005,1.2479166666666668,-60.0
ideal_infinite,1,178780.3005,1.25,-60.0
ideal_infinite,2,180000.1,-1.25,-60.0
ideal_infinite,2,180000.1,-1.2479166666666666,-60.0
ideal_infinite,2,180000.1,-1.2458333333333333,-60.0
ideal_infinite,2,180000.1,-1.24375,-60.0
ideal_infinite,2,180000.1,-1.2416666666666667,-60.0
ideal_infinite,2,180000.1,-1.2395833333333333,-60.0
ideal_infinite,2,180000.1,-1.2375,-60.0
ideal_infinite,2,180000.1,-1.2354166666666666,-60.0
ideal_infinite,2,180000.1,-1.2333333333333334,-60.0
ideal_infinite,2,180000.1,-1.23125,-60.0
ideal_infinite,2,180000.1,-1.2291666666666667,-60.0
ideal_infinite,2,180000.1,-1.2270833333333333,-60.0
ideal_infinite,2,180000.1,-1.225,-60.0
ideal_infinite,2,180000.1,-1.2229166666666667,-60.0
ideal_infinite,2,180000.1,-1.2208333333333334,-60.0
ideal_infinite,2,180000.1,-1.21875,-60.0
ideal_infinite,2,180000.1,-1.2166666666666666,-60.0
ideal_infinite,2,180000.1,-1.2145833333333333,-60.0
ideal_infinite,2,180000.1,-1.2125,-60.0
ideal_infinite,2,180000.1,-1.2104166666666667,-60.0
ideal_infinite,2,180000.1,-1.2083333333333333,-60.0
ideal_infinite,2,180000.1,-1.20625,-60.0
ideal_infinite,2,180000.1,-1.2041666666666666,-60.0
ideal_infinite,2,180000.1,-1.2020833333333334,-60.0
ideal_infinite,2,180000.1,-1.2,-60.0
ideal_infinite,2,180000.1,-1.1979166666666667,-60.0
ideal_infinite,2,180000.1,-1.1958333333333333,-60.0
ideal_infinite,2,180000.1,-1.19375,-60.0
ideal_infinite,2,180000.1,-1.1916666666666667,-60.0
ideal_infinite,2,180000.1,-1.1895833333333334,-60.0
ideal_infinite,2,180000.1,-1.1875,-60.0
ideal_infinite,2,180000.1,-1.1854166666666668,-60.0
ideal_infinite,2,180000.1,-1.1833333333333333,-60.0
ideal_infinite,2,180000.1,-1.18125,-60.0
ideal_infinite,2,180000.1,-1.1791666666666667,-60.0
ideal_infinite,2,180000.1,-1.1770833333333333,-60.0
ideal_infinite,2,180000.1,-1.175,-60.0
ideal_infinite,2,180000.1,-1.1729166666666666,-60.0
ideal_infinite,2,180000.1,-1.1708333333333334,-60.0
ideal_infinite,2,180000.1,-1.16875,-60.0
ideal_infinite,2,180000.1,-1.1666666666666667,-60.0
ideal_infinite,2,180000.1,-1.1645833333333333,-60.0
ideal_infinite,2,180000.1,-1.1625,-60.0
ideal_infinite,2,180000.1,-1.1604166666666667,-60.0
ideal_infinite,2,180000.1,-1.1583333333333334,-60.0
ideal_infinite,2,180000.1,-1.15625,-60.0
ideal_infinite,2,180000.1,-1.1541666666666668,-60.0
ideal_infinite,2,180000.1,-1.1520833333333333,-60.0
ideal_infinite,2,180000.1,-1.15,-60.0
ideal_infinite,2,180000.1,-1.1479166666666667,-60.0
ideal_infinite,2,180000.1,-1.1458333333333333,-60.0
ideal_infinite,2,180000.1,-1.14375,-60.0
ideal_infinite,2,180000.1,-1.1416666666666666,-60.0
ideal_infinite,2,180000.1,-1.1395833333333334,-60.0
ideal_infinite,2,180000.1,-1.1375,-60.0
ideal_infinite,2,180000.1,-1.1354166666666667,-60.0
ideal_infinite,2,180000.1,-1.1333333333333333,-60.0
ideal_infinite,2,180000.1,-1.13125,-60.0
ideal_infinite,2,180000.1,-1.1291666666666667,-60.0
ideal_infinite,2,180000.1,-1.1270833333333334,-60.0
ideal_infinite,2,180000.1,-1.125,-60.0
ideal_infinite,2,180000.1,-1.1229166666666668,-60.0
ideal_infinite,2,180000.1,-1.1208333333333333,-60.0
ideal_infinite,2,180000.1,-1.11875,-60.0
ideal_infinite,2,180000.1,-1.1166666666666667,-60.0
ideal_infinite,2,180000.1,-1.1145833333333333,-60.0
ideal_infinite,2,180000.1,-1.1125,-60.0
ideal_infinite,2,180000.1,-1.1104166666666666,-60.0
ideal_infinite,2,180000.1,-1.1083333333333334,-60.0
ideal_infinite,2,180000.1,-1.10625,-60.0
ideal_infinite,2,180000.1,-1.1041666666666667,-60.0
ideal_infinite,2,180000.1,-1.1020833333333333,-60.0
ideal_infinite,2,180000.1,-1.1,-60.0
ideal_infinite,2,180000.1,-1.0979166666666667,-60.0
ideal_infinite,2,180000.1,-1.0958333333333332,-60.0
ideal_infinite,2,180000.1,-1.09375,-60.0
ideal_infinite,2,180000.1,-1.0916666666666668,-60.0
ideal_infinite,2,180000.1,-1.0895833333333333,-60.0
ideal_infinite,2,180000.1,-1.0875,-60.0
ideal_infinite,2,180000.1,-1.0854166666666667,-60.0
ideal_infinite,2,180000.1,-1.0833333333333333,-60.0
ideal_infinite,2,180000.1,-1.08125,-60.0
ideal_infinite,2,180000.1,-1.0791666666666666,-60.0
ideal_infinite,2,180000.1,-1.0770833333333334,-60.0
ideal_infinite,2,180000.1,-1.075,-60.0
ideal_infinite,2,180000.1,-1.0729166666666667,-60.0
ideal_infinite,2,180000.1,-1.0708333333333333,-60.0
ideal_infinite,2,180000.1,-1.06875,-60.0
ideal_infinite,2,180000.1,-1.0666666666666667,-60.0
ideal_infinite,2,180000.1,-1.0645833333333332,-60.0
ideal_infinite,2,180000.1,-1.0625,-60.0
ideal_infinite,2,180000.1,-1.0604166666666668,-60.0
ideal_infinite,2,180000.1,-1.0583333333333333,-60.0
ideal_infinite,2,180000.1,-1.05625,-60.0
ideal_infinite,2,180000.1,-1.0541666666666667,-60.0
ideal_infinite,2,180000.1,-1.0520833333333333,-60.0
ideal_infinite,2,180000.1,-1.05,-60.0
ideal_infinite,2,180000.1,-1.0479166666666666,-60.0
ideal_infinite,2,180000.1,-1.0458333333333334,-60.0
ideal_infinite,2,180000.1,-1.04375,-60.0
ideal_infinite,2,180000.1,-1.0416666666666667,-60.0
ideal_infinite,2,180000.1,-1.0395833333333333,-60.0
ideal_infinite,2,180000.1,-1.0375,-60.0
ideal_infinite,2,180000.1,-1.0354166666666667,-60.0
ideal_infinite,2,180000.1,-1.0333333333333332,-60.0
ideal_infinite,2,180000.1,-1.03125,-60.0
ideal_infinite,2,180000.1,-1.0291666666666668,-60.0
ideal_infinite,2,180000.1,-1.0270833333333333,-60.0
ideal_infinite,2,180000.1,-1.025,-60.0
ideal_infinite,2,180000.1,-1.0229166666666667,-60.0
ideal_infinite,2,180000.1,-1.0208333333333333,-60.0
ideal_infinite,2,180000.1,-1.01875,-60.0
ideal_infinite,2,180000.1,-1.0166666666666666,-60.0
ideal_infinite,2,180000.1,-1.0145833333333334,-60.0
ideal_infinite,2,180000.1,-1.0125,-60.0
ideal_infinite,2,180000.1,-1.0104166666666667,-60.0
ideal_infinite,2,180000.1,-1.0083333333333333,-60.0
ideal_infinite,2,180000.1,-1.00625,-60.0
ideal_infinite,2,180000.1,-1.0041666666666667,-60.0
ideal_infinite,2,180000.1,-1.0020833333333332,-60.0
ideal_infinite,2,180000.1,-1.0,-60.0
ideal_infinite,2,180000.1,-0.9979166666666667,-60.0
ideal_infinite,2,180000.1,-0.9958333333333333,-60.0
ideal_infinite,2,180000.1,-0.99375,-60.0
ideal_infinite,2,180000.1,-0.9916666666666667,-60.0
ideal_infinite,2,180000.1,-0.9895833333333333,-60.0
ideal_infinite,2,180000.1,-0.9875,-60.0
ideal_infinite,2,180000.1,-0.9854166666666666,-60.0
ideal_infinite,2,180000.1,-0.9833333333333334,-60.0
ideal_infinite,2,180000.1,-0.98125,-60.0
ideal_infinite,2,180000.1,-0.9791666666666667,-60.0
ideal_infinite,2,180000.1,-0.9770833333333333,-60.0
ideal_infinite,2,180000.1,-0.975,-60.0
ideal_infinite,2,180000.1,-0.9729166666666667,-60.0
ideal_infinite,2,180000.1,-0.9708333333333333,-60.0
ideal_infinite,2,180000.1,-0.96875,-60.0
ideal_infinite,2,180000.1,-0.9666666666666667,-60.0
ideal_infinite,2,180000.1,-0.9645833333333333,-60.0
ideal_infinite,2,180000.1,-0.9625,-60.0
ideal_infinite,2,180000.1,-0.9604166666666667,-60.0
ideal_infinite,2,180000.1,-0.9583333333333333,-60.0
ideal_infinite,2,180000.1,-0.95625,-60.0
ideal_infinite,2,180000.1,-0.9541666666666666,-60.0
ideal_infinite,2,180000.1,-0.9520833333333334,-60.0
ideal_infinite,2,180000.1,-0.95,-60.0
ideal_infinite,2,180000.1,-0.9479166666666667,-60.0
ideal_infinite,2,180000.1,-0.9458333333333333,-60.0
ideal_infinite,2,180000.1,-0.94375,-60.0
ideal_infinite,2,180000.1,-0.9416666666666667,-60.0
ideal_infinite,2,180000.1,-0.9395833333333333,-60.0
ideal_infinite,2,180000.1,-0.9375,-60.0
ideal_infinite,2,180000.1,-0.9354166666666667,-60.0
ideal_infinite,2,180000.1,-0.9333333333333333,-60.0
ideal_infinite,2,180000.1,-0.93125,-60.0
ideal_infinite,2,180000.1,-0.9291666666666667,-60.0
ideal_infinite,2,180000.1,-0.9270833333333333,-60.0
ideal_infinite,2,180000.1,-0.925,-60.0
ideal_infinite,2,180000.1,-0.9229166666666666,-60.0
ideal_infinite,2,180000.1,-0.9208333333333334,-60.0
ideal_infinite,2,180000.1,-0.91875,-60.0
ideal_infinite,2,180000.1,-0.9166666666666667,-60.0
ideal_infinite,2,180000.1,-0.9145833333333333,-60.0
ideal_infinite,2,180000.1,-0.9125,-60.0
ideal_infinite,2,180000.1,-0.9104166666666667,-60.0
ideal_infinite,2,180000.1,-0.9083333333333333,-60.0
ideal_infinite,2,180000.1,-0.90625,-60.0
ideal_infinite,2,180000.1,-0.9041666666666667,-60.0
ideal_infinite,2,180000.1,-0.9020833333333333,-60.0
ideal_infinite,2,180000.1,-0.9,-60.0
ideal_infinite,2,180000.1,-0.8979166666666667,-60.0
ideal_infinite,2,180000.1,-0.8958333333333333,-60.0
ideal_infinite,2,180000.1,-0.89375,-60.0
ideal_infinite,2,180000.1,-0.8916666666666666,-60.0
ideal_infinite,2,180000.1,-0.8895833333333334,-60.0
ideal_infinite,2,180000.1,-0.8875,-60.0
ideal_infinite,2,180000.1,-0.8854166666666667,-60.0
ideal_infinite,2,180000.1,-0.8833333333333333,-60.0
ideal_infinite,2,180000.1,-0.88125,-60.0
ideal_infinite,2,180000.1,-0.8791666666666667,-60.0
ideal_infinite,2,180000.1,-0.8770833333333333,-60.0
ideal_infinite,2,180000.1,-0.875,-60.0
ideal_infinite,2,180000.1,-0.8729166666666667,-60.0
ideal_infinite,2,180000.1,-0.8708333333333333,-60.0
ideal_infinite,2,180000.1,-0.86875,-60.0
ideal_infinite,2,180000.1,-0.8666666666666667,-60.0
ideal_infinite,2,180000.1,-0.8645833333333333,-60.0
ideal_infinite,2,180000.1,-0.8625,-60.0
ideal_infinite,2,180000.1,-0.8604166666666666,-60.0
ideal_infinite,2,180000.1,-0.8583333333333334,-60.0
ideal_infinite,2,180000.1,-0.85625,-60.0
ideal_infinite,2,180000.1,-0.8541666666666667,-60.0
ideal_infinite,2,180000.1,-0.8520833333333333,-60.0
ideal_infinite,2,180000.1,-0.85,-60.0
ideal_infinite,2,180000.1,-0.8479166666666667,-60.0
ideal_infinite,2,180000.1,-0.8458333333333333,-60.0
ideal_infinite,2,180000.1,-0.84375,-60.0
ideal_infinite,2,180000.1,-0.8416666666666667,-60.0
ideal_infinite,2,180000.1,-0.8395833333333333,-60.0
ideal_infinite,2,180000.1,-0.8375,-60.0
ideal_infinite,2,180000.1,-0.8354166666666667,-60.0
ideal_infinite,2,180000.1,-0.8333333333333333,-60.0
ideal_infinite,2,180000.1,-0.83125,-60.0
ideal_infinite,2,180000.1,-0.8291666666666666,-60.0
ideal_infinite,2,180000.1,-0.8270833333333334,-60.0
ideal_infinite,2,180000.1,-0.825,-60.0
ideal_infinite,2,180000.1,-0.8229166666666667,-60.0
ideal_infinite,2,180000.1,-0.8208333333333333,-60.0
ideal_infinite,2,180000.1,-0.8187500000000001,-60.0
ideal_infinite,2,180000.1,-0.8166666666666667,-60.0
ideal_infinite,2,180000.1,-0.8145833333333333,-60.0
ideal_infinite,2,180000.1,-0.8125,-60.0
ideal_infinite,2,180000.1,-0.8104166666666667,-60.0
ideal_infinite,2,180000.1,-0.8083333333333333,-60.0
ideal_infinite,2,180000.1,-0.80625,-60.0
ideal_infinite,2,180000.1,-0.8041666666666667,-60.0
ideal_infinite,2,180000.1,-0.8020833333333333,-60.0
ideal_infinite,2,180000.1,-0.8,-60.0
ideal_infinite,2,180000.1,-0.7979166666666666,-60.0
ideal_infinite,2,180000.1,-0.7958333333333334,-60.0
ideal_infinite,2,180000.1,-0.79375,-60.0
ideal_infinite,2,180000.1,-0.7916666666666667,-60.0
ideal_infinite,2,180000.1,-0.7895833333333333,-60.0
ideal_infinite,2,180000.1,-0.7875000000000001,-60.0
ideal_infinite,2,180000.1,-0.7854166666666667,-60.0
ideal_infinite,2,180000.1,-0.7833333333333333,-60.0
ideal_infinite,2,180000.1,-0.78125,-60.0
ideal_infinite,2,180000.1,-0.7791666666666667,-60.0
ideal_infinite,2,180000.1,-0.7770833333333333,-60.0
ideal_infinite,2,180000.1,-0.775,-60.0
ideal_infinite,2,180000.1,-0.7729166666666667,-60.0
ideal_infinite,2,180000.1,-0.7708333333333333,-60.0
ideal_infinite,2,180000.1,-0.76875,-60.0
ideal_infinite,2,180000.1,-0.7666666666666666,-60.0
ideal_infinite,2,180000.1,-0.7645833333333334,-60.0
ideal_infinite,2,180000.1,-0.7625,-60.0
ideal_infinite,2,180000.1,-0.7604166666666667,-60.0
ideal_infinite,2,180000.1,-0.7583333333333333,-60.0
ideal_infinite,2,180000.1,-0.7562500000000001,-60.0
ideal_infinite,2,180000.1,-0.7541666666666667,-60.0
ideal_infinite,2,180000.1,-0.7520833333333333,-60.0
ideal_infinite,2,180000.1,-0.75,-60.0
ideal_infinite,2,180000.1,-0.7479166666666667,-60.0
ideal_infinite,2,180000.1,-0.7458333333333333,-60.0
ideal_infinite,2,180000.1,-0.74375,-60.0
ideal_infinite,2,180000.1,-0.7416666666666667,-60.0
ideal_infinite,2,180000.1,-0.7395833333333334,-60.0
ideal_infinite,2,180000.1,-0.7375,-60.0
ideal_infinite,2,180000.1,-0.7354166666666667,-60.0
ideal_infinite,2,180000.1,-0.7333333333333334,-60.0
ideal_infinite,2,180000.1,-0.73125,-60.0
ideal_infinite,2,180000.1,-0.7291666666666666,-60.0
ideal_infinite,2,180000.1,-0.7270833333333333,-60.0
ideal_infinite,2,180000.1,-0.725,-60.0
ideal_infinite,2,180000.1,-0.7229166666666667,-60.0
ideal_infinite,2,180000.1,-0.7208333333333333,-60.0
ideal_infinite,2,180000.1,-0.71875,-60.0
ideal_infinite,2,180000.1,-0.7166666666666667,-60.0
ideal_infinite,2,180000.1,-0.7145833333333333,-60.0
ideal_infinite,2,180000.1,-0.7125,-60.0
ideal_infinite,2,180000.1,-0.7104166666666667,-60.0
ideal_infinite,2,180000.1,-0.7083333333333334,-60.0
ideal_infinite,2,180000.1,-0.70625,-60.0
ideal_infinite,2,180000.1,-0.7041666666666667,-60.0
ideal_infinite,2,180000.1,-0.7020833333333334,-60.0
ideal_infinite,2,180000.1,-0.7,-60.0
ideal_infinite,2,180000.1,-0.6979166666666666,-60.0
ideal_infinite,2,180000.1,-0.6958333333333333,-60.0
ideal_infinite,2,180000.1,-0.69375,-60.0
ideal_infinite,2,180000.1,-0.6916666666666667,-60.0
ideal_infinite,2,180000.1,-0.6895833333333333,-60.0
ideal_infinite,2,180000.1,-0.6875,-60.0
ideal_infinite,2,180000.1,-0.6854166666666667,-60.0
ideal_infinite,2,180000.1,-0.6833333333333333,-60.0
ideal_infinite,2,180000.1,-0.68125,-60.0
ideal_infinite,2,180000.1,-0.6791666666666667,-60.0
ideal_infinite,2,180000.1,-0.6770833333333334,-60.0
ideal_infinite,2,180000.1,-0.675,-60.0
ideal_infinite,2,180000.1,-0.6729166666666667,-60.0
ideal_infinite,2,180000.1,-0.6708333333333334,-60.0
ideal_infinite,2,180000.1,-0.66875,-60.0
ideal_infinite,2,180000.1,-0.6666666666666666,-60.0
ideal_infinite,2,180000.1,-0.6645833333333333,-60.0
ideal_infinite,2,180000.1,-0.6625,-60.0
ideal_infinite,2,180000.1,-0.6604166666666667,-60.0
ideal_infinite,2,180000.1,-0.6583333333333333,-60.0
ideal_infinite,2,180000.1,-0.65625,-60.0
ideal_infinite,2,180000.1,-0.6541666666666667,-60.0
ideal_infinite,2,180000.1,-0.6520833333333333,-60.0
ideal_infinite,2,180000.1,-0.65,-60.0
ideal_infinite,2,180000.1,-0.6479166666666667,-60.0
ideal_infinite,2,180000.1,-0.6458333333333334,-60.0
ideal_infinite,2,180000.1,-0.64375,-60.0
ideal_infinite,2,180000.1,-0.6416666666666667,-60.0
ideal_infinite,2,180000.1,-0.6395833333333334,-60.0
ideal_infinite,2,180000.1,-0.6375,-60.0
ideal_infinite,2,180000.1,-0.6354166666666666,-60.0
ideal_infinite,2,180000.1,-0.6333333333333333,-60.0
ideal_infinite,2,180000.1,-0.63125,-60.0
ideal_infinite,2,180000.1,-0.6291666666666667,-60.0
ideal_infinite,2,180000.1,-0.6270833333333333,-60.0
ideal_infinite,2,180000.1,-0.625,-60.0
ideal_infinite,2,180000.1,-0.6229166666666667,-60.0
ideal_infinite,2,180000.1,-0.6208333333333333,-60.0
ideal_infinite,2,180000.1,-0.61875,-60.0
ideal_infinite,2,180000.1,-0.6166666666666667,-60.0
ideal_infinite,2,180000.1,-0.6145833333333334,-60.0
ideal_infinite,2,180000.1,-0.6125,-60.0
ideal_infinite,2,180000.1,-0.6104166666666667,-60.0
ideal_infinite,2,180000.1,-0.6083333333333334,-60.0
ideal_infinite,2,180000.1,-0.60625,-60.0
ideal_infinite,2,180000.1,-0.6041666666666666,-60.0
ideal_infinite,2,180000.1,-0.6020833333333333,-60.0
ideal_infinite,2,180000.1,-0.6,-60.0
ideal_infinite,2,180000.1,-0.5979166666666667,-60.0
ideal_infinite,2,180000.1,-0.5958333333333333,-60.0
ideal_infinite,2,180000.1,-0.59375,-60.0
ideal_infinite,2,180000.1,-0.5916666666666667,-60.0
ideal_infinite,2,180000.1,-0.5895833333333333,-60.0
ideal_infinite,2,180000.1,-0.5875,-60.0
ideal_infinite,2,180000.1,-0.5854166666666667,-60.0
ideal_infinite,2,180000.1,-0.5833333333333334,-60.0
ideal_infinite,2,180000.1,-0.58125,-60.0
ideal_infinite,2,180000.1,-0.5791666666666667,-60.0
ideal_infinite,2,180000.1,-0.5770833333333334,-60.0
ideal_infinite,2,180000.1,-0.575,-60.0
ideal_infinite,2,180000.1,-0.5729166666666666,-60.0
ideal_infinite,2,180000.1,-0.5708333333333333,-60.0
ideal_infinite,2,180000.1,-0.56875,-60.0
ideal_infinite,2,180000.1,-0.5666666666666667,-60.0
ideal_infinite,2,180000.1,-0.5645833333333333,-60.0
ideal_infinite,2,180000.1,-0.5625,-60.0
ideal_infinite,2,180000.1,-0.5604166666666667,-60.0
ideal_infinite,2,180000.1,-0.5583333333333333,-60.0
ideal_infinite,2,180000.1,-0.55625,-60.0
ideal_infinite,2,180000.1,-0.5541666666666667,-60.0
ideal_infinite,2,180000.1,-0.5520833333333334,-60.0
ideal_infinite,2,180000.1,-0.55,-60.0
ideal_infinite,2,180000.1,-0.5479166666666667,-60.0
ideal_infinite,2,180000.1,-0.5458333333333334,-60.0
ideal_infinite,2,180000.1,-0.54375,-60.0
ideal_infinite,2,180000.1,-0.5416666666666666,-60.0
ideal_infinite,2,180000.1,-0.5395833333333333,-60.0
ideal_infinite,2,180000.1,-0.5375,-60.0
ideal_infinite,2,180000.1,-0.5354166666666667,-60.0
ideal_infinite,2,180000.1,-0.5333333333333333,-60.0
ideal_infinite,2,180000.1,-0.53125,-60.0
ideal_infinite,2,180000.1,-0.5291666666666667,-60.0
ideal_infinite,2,180000.1,-0.5270833333333333,-60.0
ideal_infinite,2,180000.1,-0.525,-60.0
ideal_infinite,2,180000.1,-0.5229166666666667,-60.0
ideal_infinite,2,180000.1,-0.5208333333333334,-60.0
ideal_infinite,2,180000.1,-0.51875,-60.0
ideal_infinite,2,180000.1,-0.5166666666666667,-60.0
ideal_infinite,2,180000.1,-0.5145833333333334,-60.0
ideal_infinite,2,180000.1,-0.5125,-60.0
ideal_infinite,2,180000.1,-0.5104166666666666,-60.0
ideal_infinite,2,180000.1,-0.5083333333333333,-60.0
ideal_infinite,2,180000.1,-0.50625,-60.0
ideal_infinite,2,180000.1,-0.5041666666666667,-60.0
ideal_infinite,2,180000.1,-0.5020833333333333,-60.0
ideal_infinite,2,180000.1,-0.5,-60.0
ideal_infinite,2,180000.1,-0.4979166666666667,-60.0
ideal_infinite,2,180000.1,-0.49583333333333335,-59.758414317345895
ideal_infinite,2,180000.1,-0.49375,-59.2440087106086
ideal_infinite,2,180000.1,-0.4916666666666667,-58.85746631308939
ideal_infinite,2,180000.1,-0.48958333333333337,-58.59188738634888
ideal_infinite,2,180000.1,-0.48750000000000004,-58.44404674212989
ideal_infinite,2,180000.1,-0.4854166666666667,-58.414024466706984
ideal_infinite,2,180000.1,-0.4833333333333334,-58.50521613225155
ideal_infinite,2,180000.1,-0.48124999999999996,-58.7247250253212
ideal_infinite,2,180000.1,-0.47916666666666663,-59.084236691054464
ideal_infinite,2,180000.1,-0.4770833333333333,-59.601620565144586
ideal_infinite,2,180000.1,-0.475,-60.0
ideal_infinite,2,180000.1,-0.47291666666666665,-60.0
ideal_infinite,2,180000.1,-0.4708333333333333,-60.0
ideal_infinite,2,180000.1,-0.46875,-60.0
ideal_infinite,2,180000.1,-0.4666666666666667,-60.0
ideal_infinite,2,180000.1,-0.46458333333333335,-60.0
ideal_infinite,2,180000.1,-0.4625,-60.0
ideal_infinite,2,180000.1,-0.4604166666666667,-60.0
ideal_infinite,2,180000.1,-0.45833333333333337,-60.0
ideal_infinite,2,180000.1,-0.45625000000000004,-60.0
ideal_infinite,2,180000.1,-0.4541666666666667,-60.0
ideal_infinite,2,180000.1,-0.4520833333333334,-60.0
ideal_infinite,2,180000.1,-0.44999999999999996,-60.0
ideal_infinite,2,180000.1,-0.44791666666666663,-59.13768640102372
ideal_infinite,2,180000.1,-0.4458333333333333,-57.906122477012055
ideal_infinite,2,180000.1,-0.44375,-56.89520126783557
ideal_infinite,2,180000.1,-0.44166666666666665,-56.06555669028871
ideal_infinite,2,180000.1,-0.4395833333333333,-55.391364321941346
ideal_infinite,2,180000.1,-0.4375,-54.85545844904771
ideal_infinite,2,180000.1,-0.4354166666666667,-54.446649205262304
ideal_infinite,2,180000.1,-0.43333333333333335,-54.158212312728146
ideal_infinite,2,180000.1,-0.43125,-53.9870716852812
ideal_infinite,2,180000.1,-0.4291666666666667,-53.93344878401925
ideal_infinite,2,180000.1,-0.42708333333333337,-54.00088959985578
ideal_infinite,2,180000.1,-0.42500000000000004,-54.19667594945388
ideal_infinite,2,180000.1,-0.4229166666666667,-54.532726566130016
ideal_infinite,2,180000.1,-0.4208333333333334,-55.0272415704542
ideal_infinite,2,180000.1,-0.41875000000000007,-55.70762572335382
ideal_infinite,2,180000.1,-0.41666666666666663,-56.61584592020617
ideal_infinite,2,180000.1,-0.4145833333333333,-57.81891873539995
ideal_infinite,2,180000.1,-0.4125,-59.431617003237996
ideal_infinite,2,180000.1,-0.41041666666666665,-60.0
ideal_infinite,2,180000.1,-0.4083333333333333,-60.0
ideal_infinite,2,180000.1,-0.40625,-60.0
ideal_infinite,2,180000.1,-0.4041666666666667,-60.0
ideal_infinite,2,180000.1,-0.40208333333333335,-60.0
ideal_infinite,2,180000.1,-0.4,-60.0
ideal_infinite,2,180000.1,-0.3979166666666667,-59.943061635987206
ideal_infinite,2,180000.1,-0.39583333333333337,-57.4510690155229
ideal_infinite,2,180000.1,-0.39375000000000004,-55.53222702637121
ideal_infinite,2,180000.1,-0.3916666666666667,-53.99496975849914
ideal_infinite,2,180000.1,-0.3895833333333334,-52.736546410142836
ideal_infinite,2,180000.1,-0.38750000000000007,-51.69596301199825
ideal_infinite,2,180000.1,-0.38541666666666663,-50.83461790333152
ideal_infinite,2,180000.1,-0.3833333333333333,-50.127153061100955
ideal_infinite,2,180000.1,-0.38125,-49.55670853846742
ideal_infinite,2,180000.1,-0.37916666666666665,-49.112309863867544
ideal_infinite,2,180000.1,-0.3770833333333333,-48.78739738758767
ideal_infinite,2,180000.1,-0.375,-48.57903388490473
ideal_infinite,2,180000.1,-0.3729166666666667,-48.48757234271666
ideal_infinite,2,180000.1,-0.37083333333333335,-48.516699706457814
ideal_infinite,2,180000.1,-0.36875,-48.67386743560483
ideal_infinite,2,180000.1,-0.3666666666666667,-48.971219629841876
ideal_infinite,2,180000.1,-0.36458333333333337,-49.42728138584164
ideal_infinite,2,180000.1,-0.36250000000000004,-50.06996142526255
ideal_infinite,2,180000.1,-0.3604166666666667,-50.94206778310759
ideal_infinite,2,180000.1,-0.3583333333333334,-52.11214625362639
ideal_infinite,2,180000.1,-0.35625000000000007,-53.69807891372527
ideal_infinite,2,180000.1,-0.35416666666666663,-55.92691981688925
ideal_infinite,2,180000.1,-0.3520833333333333,-59.32838668200512
ideal_infinite,2,180000.1,-0.35,-60.0
ideal_infinite,2,180000.1,-0.34791666666666665,-60.0
ideal_infinite,2,180000.1,-0.3458333333333333,-60.0
ideal_infinite,2,180000.1,-0.34375,-57.09938402904798
ideal_infinite,2,180000.1,-0.3416666666666667,-53.61761673529961
ideal_infinite,2,180000.1,-0.33958333333333335,-51.10086280344135
ideal_infinite,2,180000.1,-0.3375,-49.144070322041586
ideal_infinite,2,180000.1,-0.3354166666666667,-47.56158599750792
ideal_infinite,2,180000.1,-0.33333333333333337,-46.25323754651027
ideal_infinite,2,180000.1,-0.33125000000000004,-45.159329176282476
ideal_infinite,2,180000.1,-0.3291666666666667,-44.241980048017936
ideal_infinite,2,180000.1,-0.3270833333333334,-43.47626239296278
ideal_infinite,2,180000.1,-0.32500000000000007,-42.84558880496955
ideal_infinite,2,180000.1,-0.32291666666666663,-42.33916783638062
ideal_infinite,2,180000.1,-0.3208333333333333,-41.95057192005975
ideal_infinite,2,180000.1,-0.31875,-41.67696942576241
ideal_infinite,2,180000.1,-0.31666666666666665,-41.51881059285404
ideal_infinite,2,180000.1,-0.3145833333333333,-41.479887940219655
ideal_infinite,2,180000.1,-0.3125,-41.56778617206247
ideal_infinite,2,180000.1,-0.3104166666666667,-41.794837723918015
ideal_infinite,2,180000.1,-0.30833333333333335,-42.17985595674338
ideal_infinite,2,180000.1,-0.30625,-42.75121936059385
ideal_infinite,2,180000.1,-0.3041666666666667,-43.55255071946887
ideal_infinite,2,180000.1,-0.30208333333333337,-44.653920367571175
ideal_infinite,2,180000.1,-0.30000000000000004,-46.17637912081526
ideal_infinite,2,180000.1,-0.2979166666666667,-48.35470540312221
ideal_infinite,2,180000.1,-0.2958333333333334,-51.743331191595125
ideal_infinite,2,180000.1,-0.29375000000000007,-58.323406846369814
ideal_infinite,2,180000.1,-0.29166666666666663,-60.0
ideal_infinite,2,180000.1,-0.2895833333333333,-54.325856579033946
ideal_infinite,2,180000.1,-0.2875,-48.73125289251466
ideal_infinite,2,180000.1,-0.28541666666666665,-45.20546766652187
ideal_infinite,2,180000.1,-0.2833333333333333,-42.613955345355066
ideal_infinite,2,180000.1,-0.28125,-40.56774745132165
ideal_infinite,2,180000.1,-0.2791666666666667,-38.88675555399531
ideal_infinite,2,180000.1,-0.27708333333333335,-37.4731884727899
ideal_infinite,2,180000.1,-0.275,-36.2684925907422
ideal_infinite,2,180000.1,-0.2729166666666667,-35.23536190462564
ideal_infinite,2,180000.1,-0.27083333333333337,-34.3491513862121
ideal_infinite,2,180000.1,-0.26875000000000004,-33.59339185130027
ideal_infinite,2,180000.1,-0.2666666666666667,-32.95731072823851
ideal_infinite,2,180000.1,-0.2645833333333334,-32.4344363923971
ideal_infinite,2,180000.1,-0.26250000000000007,-32.021852825505135
ideal_infinite,2,180000.1,-0.26041666666666663,-31.71990191970732
ideal_infinite,2,180000.1,-0.2583333333333333,-31.532258748257185
ideal_infinite,2,180000.1,-0.25625,-31.466398968945896
ideal_infinite,2,180000.1,-0.25416666666666665,-31.53457995191382
ideal_infinite,2,180000.1,-0.2520833333333333,-31.755617221216596
ideal_infinite,2,180000.1,-0.25,-32.15804954452517
ideal_infinite,2,180000.1,-0.24791666666666679,-32.78598363177426
ideal_infinite,2,180000.1,-0.24583333333333335,-33.71067277024203
ideal_infinite,2,180000.1,-0.2437499999999999,-35.056024373440096
ideal_infinite,2,180000.1,-0.2416666666666667,-37.064427531469775
ideal_infinite,2,180000.1,-0.23958333333333326,-40.316111600469625
ideal_infinite,2,180000.1,-0.23750000000000004,-46.951950159511966
ideal_infinite,2,180000.1,-0.2354166666666666,-56.64403631485197
ideal_infinite,2,180000.1,-0.2333333333333334,-41.63482663893287
ideal_infinite,2,180000.1,-0.23124999999999996,-35.927902859938364
ideal_infinite,2,180000.1,-0.22916666666666674,-32.183758047645426
ideal_infinite,2,180000.1,-0.2270833333333333,-29.332621386000014
ideal_infinite,2,180000.1,-0.2250000000000001,-26.999491355128626
ideal_infinite,2,180000.1,-0.22291666666666665,-25.008177492497985
ideal_infinite,2,180000.1,-0.22083333333333344,-23.261525403747115
ideal_infinite,2,180000.1,-0.21875,-21.700152079564145
ideal_infinite,2,180000.1,-0.21666666666666679,-20.285036756642327
ideal_infinite,2,180000.1,-0.21458333333333335,-18.989119491021974
ideal_infinite,2,180000.1,-0.2124999999999999,-17.792834792695988
ideal_infinite,2,180000.1,-0.2104166666666667,-16.681556339955836
ideal_infinite,2,180000.1,-0.20833333333333326,-15.644048060853708
ideal_infinite,2,180000.1,-0.20625000000000004,-14.671480255528786
ideal_infinite,2,180000.1,-0.2041666666666666,-13.756779962190846
ideal_infinite,2,180000.1,-0.2020833333333334,-12.894187803020055
ideal_infinite,2,180000.1,-0.19999999999999996,-12.078947145204486
ideal_infinite,2,180000.1,-0.19791666666666674,-11.307080757303575
ideal_infinite,2,180000.1,-0.1958333333333333,-10.575226921335313
ideal_infinite,2,180000.1,-0.1937500000000001,-9.880516922930171
ideal_infinite,2,180000.1,-0.19166666666666665,-9.22048195248767
ideal_infinite,2,180000.1,-0.18958333333333344,-8.592981307848085
ideal_infinite,2,180000.1,-0.1875,-7.996146287184363
ideal_infinite,2,180000.1,-0.18541666666666679,-7.428335815997031
ideal_infinite,2,180000.1,-0.18333333333333335,-6.888100971444463
ideal_infinite,2,180000.1,-0.1812499999999999,-6.374156338412092
ideal_infinite,2,180000.1,-0.1791666666666667,-5.885356672043235
ideal_infinite,2,180000.1,-0.17708333333333326,-5.420677725913966
ideal_infinite,2,180000.1,-0.17500000000000004,-4.9792003824799425
ideal_infinite,2,180000.1,-0.1729166666666666,-4.560097425263667
ideal_infinite,2,180000.1,-0.1708333333333334,-4.162622442345628
ideal_infinite,2,180000.1,-0.16874999999999996,-3.786100463025395
ideal_infinite,2,180000.1,-0.16666666666666674,-3.4299200144292703
ideal_infinite,2,180000.1,-0.1645833333333333,-3.0935263496569725
ideal_infinite,2,180000.1,-0.1625000000000001,-2.7764156489954943
ideal_infinite,2,180000.1,-0.16041666666666665,-2.4781300345212207
ideal_infinite,2,180000.1,-0.15833333333333344,-2.1982532687990446
ideal_infinite,2,180000.1,-0.15625,-1.93640703236552
ideal_infinite,2,180000.1,-0.15416666666666679,-1.6922476937485826
ideal_infinite,2,180000.1,-0.15208333333333335,-1.4654635010350312
ideal_infinite,2,180000.1,-0.1499999999999999,-1.2557721362974914
ideal_infinite,2,180000.1,-0.1479166666666667,-1.062918584167635
ideal_infinite,2,180000.1,-0.14583333333333326,-0.8866732739893539
ideal_infinite,2,180000.1,-0.14375000000000004,-0.7268304616793381
ideal_infinite,2,180000.1,-0.1416666666666666,-0.5832068229593553
ideal_infinite,2,180000.1,-0.1395833333333334,-0.4556402342377838
ideal_infinite,2,180000.1,-0.13749999999999996,-0.34398872128642116
ideal_infinite,2,180000.1,-0.13541666666666674,-0.24812955913211288
ideal_infinite,2,180000.1,-0.1333333333333333,-0.1679585093734951
ideal_infinite,2,180000.1,-0.1312500000000001,-0.10338918353937165
ideal_infinite,2,180000.1,-0.12916666666666665,-0.054352523200640296
ideal_infinite,2,180000.1,-0.12708333333333344,-0.020796389398956276
ideal_infinite,2,180000.1,-0.125,-0.002685255613473887
ideal_infinite,2,180000.1,-0.12291666666666679,0.0
ideal_infinite,2,180000.1,-0.12083333333333335,-0.012737794042950543
ideal_infinite,2,180000.1,-0.11874999999999991,-0.040912086096687186
ideal_infinite,2,180000.1,-0.1166666666666667,-0.08455267959155399
ideal_infinite,2,180000.1,-0.11458333333333326,-0.143705906973287
ideal_infinite,2,180000.1,-0.11250000000000004,-0.21843490176379055
ideal_infinite,2,180000.1,-0.11041666666666661,-0.30881997250949467
ideal_infinite,2,180000.1,-0.10833333333333339,-0.41495908385432967
ideal_infinite,2,180000.1,-0.10624999999999996,-0.5369684515779114
ideal_infinite,2,180000.1,-0.10416666666666674,-0.67498326021704
ideal_infinite,2,180000.1,-0.1020833333333333,-0.8291585138933497
ideal_infinite,2,180000.1,-0.10000000000000009,-0.9996700332587828
ideal_infinite,2,180000.1,-0.09791666666666665,-1.1867156141190045
ideal_infinite,2,180000.1,-0.09583333333333344,-1.39051636638697
ideal_infinite,2,180000.1,-0.09375,-1.6113182556666565
ideal_infinite,2,180000.1,-0.09166666666666679,-1.8493938741009837
ideal_infinite,2,180000.1,-0.08958333333333335,-2.1050444723108876
ideal_infinite,2,180000.1,-0.08749999999999991,-2.378602290512655
ideal_infinite,2,180000.1,-0.0854166666666667,-2.6704332345038893
ideal_infinite,2,180000.1,-0.08333333333333326,-2.9809399514976693
ideal_infinite,2,180000.1,-0.08125000000000004,-3.310565372210364
ideal_infinite,2,180000.1,-0.07916666666666661,-3.659796799755051
ideal_infinite,2,180000.1,-0.07708333333333339,-4.029170643519525
ideal_infinite,2,180000.1,-0.07499999999999996,-4.419277918330867
ideal_infinite,2,180000.1,-0.07291666666666674,-4.830770657164373
ideal_infinite,2,180000.1,-0.0708333333333333,-5.264369421256319
ideal_infinite,2,180000.1,-0.06875000000000009,-5.720872137167129
ideal_infinite,2,180000.1,-0.06666666666666665,-6.20116454947472
ideal_infinite,2,180000.1,-0.06458333333333344,-6.706232654982496
ideal_infinite,2,180000.1,-0.0625,-7.237177586099072
ideal_infinite,2,180000.1,-0.060416666666666785,-7.795233546553277
ideal_infinite,2,180000.1,-0.05833333333333335,-8.381789585019161
ideal_infinite,2,180000.1,-0.05624999999999991,-8.998416240650023
ideal_infinite,2,180000.1,-0.054166666666666696,-9.64689843717332
ideal_infinite,2,180000.1,-0.05208333333333326,-10.329276481334379
ideal_infinite,2,180000.1,-0.050000000000000044,-11.047897701553982
ideal_infinite,2,180000.1,-0.04791666666666661,-11.805482243850072
ideal_infinite,2,180000.1,-0.04583333333333339,-12.605207983290278
ideal_infinite,2,180000.1,-0.043749999999999956,-13.450821668518367
ideal_infinite,2,180000.1,-0.04166666666666674,-14.346786723804554
ideal_infinite,2,180000.1,-0.039583333333333304,-15.298483323305776
ideal_infinite,2,180000.1,-0.03750000000000009,-16.312484725990892
ideal_infinite,2,180000.1,-0.03541666666666665,-17.396947798249897
ideal_infinite,2,180000.1,-0.03333333333333344,-18.562179695857644
ideal_infinite,2,180000.1,-0.03125,-19.821485901524746
ideal_infinite,2,180000.1,-0.029166666666666785,-21.19248635832951
ideal_infinite,2,180000.1,-0.027083333333333348,-22.699249341298383
ideal_infinite,2,180000.1,-0.02499999999999991,-24.375941476536198
ideal_infinite,2,180000.1,-0.022916666666666696,-26.27350583477282
ideal_infinite,2,180000.1,-0.02083333333333326,-28.472996913197694
ideal_infinite,2,180000.1,-0.018750000000000044,-31.11557341207174
ideal_infinite,2,180000.1,-0.016666666666666607,-34.48273867213568
ideal_infinite,2,180000.1,-0.014583333333333393,-39.28174136416246
ideal_infinite,2,180000.1,-0.012499999999999956,-48.52993779029612
ideal_infinite,2,180000.1,-0.01041666666666674,-52.008683144796315
ideal_infinite,2,180000.1,-0.008333333333333304,-42.0050245017878
ideal_infinite,2,180000.1,-0.006250000000000089,-38.005463026388725
ideal_infinite,2,180000.1,-0.004166666666666652,-35.66172412401685
ideal_infinite,2,180000.1,-0.002083333333333437,-34.122770824389676
ideal_infinite,2,180000.1,0.0,-33.06966660249571
ideal_infinite,2,180000.1,0.002083333333333215,-32.348437575026544
ideal_infinite,2,180000.1,0.004166666666666652,-31.873564820226736
ideal_infinite,2,180000.1,0.006250000000000089,-31.593255452228526
ideal_infinite,2,180000.1,0.008333333333333304,-31.47441373925812
ideal_infinite,2,180000.1,0.01041666666666674,-31.495296844728973
ideal_infinite,2,180000.1,0.012499999999999956,-31.641619415289103
ideal_infinite,2,180000.1,0.014583333333333393,-31.904384720075893
ideal_infinite,2,180000.1,0.016666666666666607,-32.27866987462973
ideal_infinite,2,180000.1,0.018750000000000044,-32.7629996890028
ideal_infinite,2,180000.1,0.02083333333333326,-33.359141683405596
ideal_infinite,2,180000.1,0.022916666666666696,-34.07227049521514
ideal_infinite,2,180000.1,0.02499999999999991,-34.91154216878659
ideal_infinite,2,180000.1,0.027083333333333348,-35.89122928066189
ideal_infinite,2,180000.1,0.029166666666666563,-37.03275147303709
ideal_infinite,2,180000.1,0.03125,-38.36830689561949
ideal_infinite,2,180000.1,0.033333333333333215,-39.947663422126226
ideal_infinite,2,180000.1,0.03541666666666665,-41.85189079763326
ideal_infinite,2,180000.1,0.03750000000000009,-44.22454866606259
ideal_infinite,2,180000.1,0.039583333333333304,-47.35605919459335
ideal_infinite,2,180000.1,0.04166666666666674,-51.98931055779386
ideal_infinite,2,180000.1,0.043749999999999956,-60.0
ideal_infinite,2,180000.1,0.04583333333333339,-60.0
ideal_infinite,2,180000.1,0.04791666666666661,-53.45668349059465
ideal_infinite,2,180000.1,0.050000000000000044,-49.35031595591578
ideal_infinite,2,180000.1,0.05208333333333326,-46.84329810814796
ideal_infinite,2,180000.1,0.054166666666666696,-45.12846388159427
ideal_infinite,2,180000.1,0.05624999999999991,-43.89809018472546
ideal_infinite,2,180000.1,0.05833333333333335,-43.00215478422834
ideal_infinite,2,180000.1,0.06041666666666656,-42.35673978892041
ideal_infinite,2,180000.1,0.0625,-41.910719498533204
ideal_infinite,2,180000.1,0.06458333333333321,-41.63124570360991
ideal_infinite,2,180000.1,0.06666666666666665,-41.496620782368005
ideal_infinite,2,180000.1,0.06875000000000009,-41.49250501879702
ideal_infinite,2,180000.1,0.0708333333333333,-41.609800981329165
ideal_infinite,2,180000.1,0.07291666666666674,-41.843469055901124
ideal_infinite,2,180000.1,0.07499999999999996,-42.19192086036245
ideal_infinite,2,180000.1,0.07708333333333339,-42.656829549026924
ideal_infinite,2,180000.1,0.07916666666666661,-43.24330960266617
ideal_infinite,2,180000.1,0.08125000000000004,-43.96051090767905
ideal_infinite,2,180000.1,0.08333333333333326,-44.82278431820984
ideal_infinite,2,180000.1,0.0854166666666667,-45.85176488015132
ideal_infinite,2,180000.1,0.08749999999999991,-47.080103261716474
ideal_infinite,2,180000.1,0.08958333333333335,-48.558465090716126
ideal_infinite,2,180000.1,0.09166666666666656,-50.3697476220656
ideal_infinite,2,180000.1,0.09375,-52.66157979365613
ideal_infinite,2,180000.1,0.09583333333333321,-55.73513942472494
ideal_infinite,2,180000.1,0.09791666666666665,-60.0
ideal_infinite,2,180000.1,0.10000000000000009,-60.0
ideal_infinite,2,180000.1,0.1020833333333333,-60.0
ideal_infinite,2,180000.1,0.10416666666666674,-60.0
ideal_infinite,2,180000.1,0.10624999999999996,-56.934942904059334
ideal_infinite,2,180000.1,0.10833333333333339,-54.385986872503764
ideal_infinite,2,180000.1,0.11041666666666661,-52.61094898762682
ideal_infinite,2,180000.1,0.11250000000000004,-51.31323914250242
ideal_infinite,2,180000.1,0.11458333333333326,-50.34706424098553
ideal_infinite,2,180000.1,0.1166666666666667,-49.63044681475346
ideal_infinite,2,180000.1,0.11874999999999991,-49.11326522154713
ideal_infinite,2,180000.1,0.12083333333333335,-48.76323636643136
ideal_infinite,2,180000.1,0.12291666666666656,-48.55900222283285
ideal_infinite,2,180000.1,0.125,-48.486439960495346
ideal_infinite,2,180000.1,0.12708333333333321,-48.53660096589982
ideal_infinite,2,180000.1,0.12916666666666665,-48.70455848627492
ideal_infinite,2,180000.1,0.1312500000000001,-48.98882247893829
ideal_infinite,2,180000.1,0.1333333333333333,-49.391167033035934
ideal_infinite,2,180000.1,0.13541666666666674,-49.91682732838975
ideal_infinite,2,180000.1,0.13749999999999996,-50.575115322355686
ideal_infinite,2,180000.1,0.1395833333333334,-51.380617782540064
ideal_infinite,2,180000.1,0.1416666666666666,-52.355334864281005
ideal_infinite,2,180000.1,0.14375000000000004,-53.532515832865315
ideal_infinite,2,180000.1,0.14583333333333326,-54.96387523683459
ideal_infinite,2,180000.1,0.1479166666666667,-56.73431604070976
ideal_infinite,2,180000.1,0.1499999999999999,-58.995811082762124
ideal_infinite,2,180000.1,0.15208333333333335,-60.0
ideal_infinite,2,180000.1,0.15416666666666656,-60.0
ideal_infinite,2,180000.1,0.15625,-60.0
ideal_infinite,2,180000.1,0.15833333333333321,-60.0
ideal_infinite,2,180000.1,0.16041666666666665,-60.0
ideal_infinite,2,180000.1,0.1625000000000001,-60.0
ideal_infinite,2,180000.1,0.1645833333333333,-60.0
ideal_infinite,2,180000.1,0.16666666666666674,-58.330572711585546
ideal_infinite,2,180000.1,0.16874999999999996,-57.001638072031454
ideal_infinite,2,180000.1,0.1708333333333334,-56.00028899021841
ideal_infinite,2,180000.1,0.1729166666666666,-55.246479484684556
ideal_infinite,2,180000.1,0.17500000000000004,-54.691113782468946
ideal_infinite,2,180000.1,0.17708333333333326,-54.302506623572214
ideal_infinite,2,180000.1,0.1791666666666667,-54.05967602096726
ideal_infinite,2,180000.1,0.1812499999999999,-53.9487532934141
ideal_infinite,2,180000.1,0.18333333333333335,-53.960975485699564
ideal_infinite,2,180000.1,0.18541666666666656,-54.091564606287704
ideal_infinite,2,180000.1,0.1875,-54.33916375150554
ideal_infinite,2,180000.1,0.18958333333333321,-54.705681698372516
ideal_infinite,2,180000.1,0.19166666666666665,-55.196507266401255
ideal_infinite,2,180000.1,0.1937500000000001,-55.82114707619982
ideal_infinite,2,180000.1,0.1958333333333333,-56.594456914080595
ideal_infinite,2,180000.1,0.19791666666666674,-57.53883733700887
ideal_infinite,2,180000.1,0.19999999999999996,-58.68817722635828
ideal_infinite,2,180000.1,0.2020833333333334,-60.0
ideal_infinite,2,180000.1,0.2041666666666666,-60.0
ideal_infinite,2,180000.1,0.20625000000000004,-60.0
ideal_infinite,2,180000.1,0.20833333333333326,-60.0
ideal_infinite,2,180000.1,0.2104166666666667,-60.0
ideal_infinite,2,180000.1,0.2124999999999999,-60.0
ideal_infinite,2,180000.1,0.21458333333333335,-60.0
ideal_infinite,2,180000.1,0.21666666666666656,-60.0
ideal_infinite,2,180000.1,0.21875,-60.0
ideal_infinite,2,180000.1,0.22083333333333321,-60.0
ideal_infinite,2,180000.1,0.22291666666666665,-60.0
ideal_infinite,2,180000.1,0.2250000000000001,-60.0
ideal_infinite,2,180000.1,0.2270833333333333,-60.0
ideal_infinite,2,180000.1,0.22916666666666674,-59.83380602787924
ideal_infinite,2,180000.1,0.23124999999999996,-59.25602230201594
ideal_infinite,2,180000.1,0.2333333333333334,-58.844254706089714
ideal_infinite,2,180000.1,0.2354166666666666,-58.57790230747874
ideal_infinite,2,180000.1,0.23750000000000004,-58.443358174700926
ideal_infinite,2,180000.1,0.23958333333333326,-58.432053892845246
ideal_infinite,2,180000.1,0.2416666666666667,-58.539369791305575
ideal_infinite,2,180000.1,0.2437499999999999,-58.764092092483644
ideal_infinite,2,180000.1,0.24583333333333335,-59.10827464447468
ideal_infinite,2,180000.1,0.24791666666666656,-59.5774708459212
ideal_infinite,2,180000.1,0.25,-60.0
ideal_infinite,2,180000.1,0.2520833333333332,-60.0
ideal_infinite,2,180000.1,0.25416666666666665,-60.0
ideal_infinite,2,180000.1,0.2562500000000001,-60.0
ideal_infinite,2,180000.1,0.2583333333333333,-60.0
ideal_infinite,2,180000.1,0.26041666666666674,-60.0
ideal_infinite,2,180000.1,0.26249999999999996,-60.0
ideal_infinite,2,180000.1,0.2645833333333334,-60.0
ideal_infinite,2,180000.1,0.2666666666666666,-60.0
ideal_infinite,2,180000.1,0.26875000000000004,-60.0
ideal_infinite,2,180000.1,0.27083333333333326,-60.0
ideal_infinite,2,180000.1,0.2729166666666667,-60.0
ideal_infinite,2,180000.1,0.2749999999999999,-60.0
ideal_infinite,2,180000.1,0.27708333333333335,-60.0
ideal_infinite,2,180000.1,0.27916666666666656,-60.0
ideal_infinite,2,180000.1,0.28125,-60.0
ideal_infinite,2,180000.1,0.2833333333333332,-60.0
ideal_infinite,2,180000.1,0.28541666666666665,-60.0
ideal_infinite,2,180000.1,0.2875000000000001,-60.0
ideal_infinite,2,180000.1,0.2895833333333333,-60.0
ideal_infinite,2,180000.1,0.29166666666666674,-60.0
ideal_infinite,2,180000.1,0.29374999999999996,-60.0
ideal_infinite,2,180000.1,0.2958333333333334,-60.0
ideal_infinite,2,180000.1,0.2979166666666666,-60.0
ideal_infinite,2,180000.1,0.30000000000000004,-60.0
ideal_infinite,2,180000.1,0.30208333333333326,-60.0
ideal_infinite,2,180000.1,0.3041666666666667,-60.0
ideal_infinite,2,180000.1,0.3062499999999999,-60.0
ideal_infinite,2,180000.1,0.30833333333333335,-60.0
ideal_infinite,2,180000.1,0.31041666666666656,-60.0
ideal_infinite,2,180000.1,0.3125,-60.0
ideal_infinite,2,180000.1,0.3145833333333332,-60.0
ideal_infinite,2,180000.1,0.31666666666666665,-60.0
ideal_infinite,2,180000.1,0.3187500000000001,-60.0
ideal_infinite,2,180000.1,0.3208333333333333,-60.0
ideal_infinite,2,180000.1,0.32291666666666674,-60.0
ideal_infinite,2,180000.1,0.32499999999999996,-60.0
ideal_infinite,2,180000.1,0.3270833333333334,-60.0
ideal_infinite,2,180000.1,0.3291666666666666,-60.0
ideal_infinite,2,180000.1,0.33125000000000004,-60.0
ideal_infinite,2,180000.1,0.33333333333333326,-60.0
ideal_infinite,2,180000.1,0.3354166666666667,-60.0
ideal_infinite,2,180000.1,0.3374999999999999,-60.0
ideal_infinite,2,180000.1,0.33958333333333335,-60.0
ideal_infinite,2,180000.1,0.34166666666666656,-60.0
ideal_infinite,2,180000.1,0.34375,-60.0
ideal_infinite,2,180000.1,0.3458333333333332,-60.0
ideal_infinite,2,180000.1,0.34791666666666665,-60.0
ideal_infinite,2,180000.1,0.3500000000000001,-60.0
ideal_infinite,2,180000.1,0.3520833333333333,-60.0
ideal_infinite,2,180000.1,0.35416666666666674,-60.0
ideal_infinite,2,180000.1,0.35624999999999996,-60.0
ideal_infinite,2,180000.1,0.3583333333333334,-60.0
ideal_infinite,2,180000.1,0.3604166666666666,-60.0
ideal_infinite,2,180000.1,0.36250000000000004,-60.0
ideal_infinite,2,180000.1,0.36458333333333326,-60.0
ideal_infinite,2,180000.1,0.3666666666666667,-60.0
ideal_infinite,2,180000.1,0.3687499999999999,-60.0
ideal_infinite,2,180000.1,0.37083333333333335,-60.0
ideal_infinite,2,180000.1,0.37291666666666656,-60.0
ideal_infinite,2,180000.1,0.375,-60.0
ideal_infinite,2,180000.1,0.3770833333333332,-60.0
ideal_infinite,2,180000.1,0.37916666666666665,-60.0
ideal_infinite,2,180000.1,0.38124999999999987,-60.0
ideal_infinite,2,180000.1,0.3833333333333333,-60.0
ideal_infinite,2,180000.1,0.38541666666666674,-60.0
ideal_infinite,2,180000.1,0.38749999999999996,-60.0
ideal_infinite,2,180000.1,0.3895833333333334,-60.0
ideal_infinite,2,180000.1,0.3916666666666666,-60.0
ideal_infinite,2,180000.1,0.39375000000000004,-60.0
ideal_infinite,2,180000.1,0.39583333333333326,-60.0
ideal_infinite,2,180000.1,0.3979166666666667,-60.0
ideal_infinite,2,180000.1,0.3999999999999999,-60.0
ideal_infinite,2,180000.1,0.40208333333333335,-60.0
ideal_infinite,2,180000.1,0.40416666666666656,-60.0
ideal_infinite,2,180000.1,0.40625,-60.0
ideal_infinite,2,180000.1,0.4083333333333332,-60.0
ideal_infinite,2,180000.1,0.41041666666666665,-60.0
ideal_infinite,2,180000.1,0.41249999999999987,-60.0
ideal_infinite,2,180000.1,0.4145833333333333,-60.0
ideal_infinite,2,180000.1,0.41666666666666674,-60.0
ideal_infinite,2,180000.1,0.41874999999999996,-60.0
ideal_infinite,2,180000.1,0.4208333333333334,-60.0
ideal_infinite,2,180000.1,0.4229166666666666,-60.0
ideal_infinite,2,180000.1,0.42500000000000004,-60.0
ideal_infinite,2,180000.1,0.42708333333333326,-60.0
ideal_infinite,2,180000.1,0.4291666666666667,-60.0
ideal_infinite,2,180000.1,0.4312499999999999,-60.0
ideal_infinite,2,180000.1,0.43333333333333335,-60.0
ideal_infinite,2,180000.1,0.43541666666666656,-60.0
ideal_infinite,2,180000.1,0.4375,-60.0
ideal_infinite,2,180000.1,0.4395833333333332,-60.0
ideal_infinite,2,180000.1,0.44166666666666665,-60.0
ideal_infinite,2,180000.1,0.44374999999999987,-60.0
ideal_infinite,2,180000.1,0.4458333333333333,-60.0
ideal_infinite,2,180000.1,0.44791666666666674,-60.0
ideal_infinite,2,180000.1,0.44999999999999996,-60.0
ideal_infinite,2,180000.1,0.4520833333333334,-60.0
ideal_infinite,2,180000.1,0.4541666666666666,-60.0
ideal_infinite,2,180000.1,0.45625000000000004,-60.0
ideal_infinite,2,180000.1,0.45833333333333326,-60.0
ideal_infinite,2,180000.1,0.4604166666666667,-60.0
ideal_infinite,2,180000.1,0.4624999999999999,-60.0
ideal_infinite,2,180000.1,0.46458333333333335,-60.0
ideal_infinite,2,180000.1,0.46666666666666656,-60.0
ideal_infinite,2,180000.1,0.46875,-60.0
ideal_infinite,2,180000.1,0.4708333333333332,-60.0
ideal_infinite,2,180000.1,0.47291666666666665,-60.0
ideal_infinite,2,180000.1,0.47499999999999987,-60.0
ideal_infinite,2,180000.1,0.4770833333333333,-60.0
ideal_infinite,2,180000.1,0.47916666666666674,-60.0
ideal_infinite,2,180000.1,0.48124999999999996,-60.0
ideal_infinite,2,180000.1,0.4833333333333334,-60.0
ideal_infinite,2,180000.1,0.4854166666666666,-60.0
ideal_infinite,2,180000.1,0.48750000000000004,-60.0
ideal_infinite,2,180000.1,0.48958333333333326,-60.0
ideal_infinite,2,180000.1,0.4916666666666667,-60.0
ideal_infinite,2,180000.1,0.4937499999999999,-60.0
ideal_infinite,2,180000.1,0.49583333333333335,-60.0
ideal_infinite,2,180000.1,0.49791666666666656,-60.0
ideal_infinite,2,180000.1,0.5,-60.0
ideal_infinite,2,180000.1,0.5020833333333332,-60.0
ideal_infinite,2,180000.1,0.5041666666666667,-60.0
ideal_infinite,2,180000.1,0.5062499999999999,-60.0
ideal_infinite,2,180000.1,0.5083333333333333,-60.0
ideal_infinite,2,180000.1,0.5104166666666667,-60.0
ideal_infinite,2,180000.1,0.5125,-60.0
ideal_infinite,2,180000.1,0.5145833333333334,-60.0
ideal_infinite,2,180000.1,0.5166666666666666,-60.0
ideal_infinite,2,180000.1,0.51875,-60.0
ideal_infinite,2,180000.1,0.5208333333333333,-60.0
ideal_infinite,2,180000.1,0.5229166666666667,-60.0
ideal_infinite,2,180000.1,0.5249999999999999,-60.0
ideal_infinite,2,180000.1,0.5270833333333333,-60.0
ideal_infinite,2,180000.1,0.5291666666666666,-60.0
ideal_infinite,2,180000.1,0.53125,-60.0
ideal_infinite,2,180000.1,0.5333333333333332,-60.0
ideal_infinite,2,180000.1,0.5354166666666667,-60.0
ideal_infinite,2,180000.1,0.5374999999999999,-60.0
ideal_infinite,2,180000.1,0.5395833333333333,-60.0
ideal_infinite,2,180000.1,0.5416666666666667,-60.0
ideal_infinite,2,180000.1,0.54375,-60.0
ideal_infinite,2,180000.1,0.5458333333333334,-60.0
ideal_infinite,2,180000.1,0.5479166666666666,-60.0
ideal_infinite,2,180000.1,0.55,-60.0
ideal_infinite,2,180000.1,0.5520833333333333,-60.0
ideal_infinite,2,180000.1,0.5541666666666667,-60.0
ideal_infinite,2,180000.1,0.5562499999999999,-60.0
ideal_infinite,2,180000.1,0.5583333333333333,-60.0
ideal_infinite,2,180000.1,0.5604166666666666,-60.0
ideal_infinite,2,180000.1,0.5625,-60.0
ideal_infinite,2,180000.1,0.5645833333333332,-60.0
ideal_infinite,2,180000.1,0.5666666666666667,-60.0
ideal_infinite,2,180000.1,0.5687499999999999,-60.0
ideal_infinite,2,180000.1,0.5708333333333333,-60.0
ideal_infinite,2,180000.1,0.5729166666666667,-60.0
ideal_infinite,2,180000.1,0.575,-60.0
ideal_infinite,2,180000.1,0.5770833333333334,-60.0
ideal_infinite,2,180000.1,0.5791666666666666,-60.0
ideal_infinite,2,180000.1,0.58125,-60.0
ideal_infinite,2,180000.1,0.5833333333333333,-60.0
ideal_infinite,2,180000.1,0.5854166666666667,-60.0
ideal_infinite,2,180000.1,0.5874999999999999,-60.0
ideal_infinite,2,180000.1,0.5895833333333333,-60.0
ideal_infinite,2,180000.1,0.5916666666666666,-60.0
ideal_infinite,2,180000.1,0.59375,-60.0
ideal_infinite,2,180000.1,0.5958333333333332,-60.0
ideal_infinite,2,180000.1,0.5979166666666667,-60.0
ideal_infinite,2,180000.1,0.5999999999999999,-60.0
ideal_infinite,2,180000.1,0.6020833333333333,-60.0
ideal_infinite,2,180000.1,0.6041666666666667,-60.0
ideal_infinite,2,180000.1,0.60625,-60.0
ideal_infinite,2,180000.1,0.6083333333333334,-60.0
ideal_infinite,2,180000.1,0.6104166666666666,-60.0
ideal_infinite,2,180000.1,0.6125,-60.0
ideal_infinite,2,180000.1,0.6145833333333333,-60.0
ideal_infinite,2,180000.1,0.6166666666666667,-60.0
ideal_infinite,2,180000.1,0.6187499999999999,-60.0
ideal_infinite,2,180000.1,0.6208333333333333,-60.0
ideal_infinite,2,180000.1,0.6229166666666666,-60.0
ideal_infinite,2,180000.1,0.625,-60.0
ideal_infinite,2,180000.1,0.6270833333333332,-60.0
ideal_infinite,2,180000.1,0.6291666666666667,-60.0
ideal_infinite,2,180000.1,0.6312499999999999,-60.0
ideal_infinite,2,180000.1,0.6333333333333333,-60.0
ideal_infinite,2,180000.1,0.6354166666666667,-60.0
ideal_infinite,2,180000.1,0.6375,-60.0
ideal_infinite,2,180000.1,0.6395833333333334,-60.0
ideal_infinite,2,180000.1,0.6416666666666666,-60.0
ideal_infinite,2,180000.1,0.64375,-60.0
ideal_infinite,2,180000.1,0.6458333333333333,-60.0
ideal_infinite,2,180000.1,0.6479166666666667,-60.0
ideal_infinite,2,180000.1,0.6499999999999999,-60.0
ideal_infinite,2,180000.1,0.6520833333333333,-60.0
ideal_infinite,2,180000.1,0.6541666666666666,-60.0
ideal_infinite,2,180000.1,0.65625,-60.0
ideal_infinite,2,180000.1,0.6583333333333332,-60.0
ideal_infinite,2,180000.1,0.6604166666666667,-60.0
ideal_infinite,2,180000.1,0.6624999999999999,-60.0
ideal_infinite,2,180000.1,0.6645833333333333,-60.0
ideal_infinite,2,180000.1,0.6666666666666667,-60.0
ideal_infinite,2,180000.1,0.66875,-60.0
ideal_infinite,2,180000.1,0.6708333333333334,-60.0
ideal_infinite,2,180000.1,0.6729166666666666,-60.0
ideal_infinite,2,180000.1,0.675,-60.0
ideal_infinite,2,180000.1,0.6770833333333333,-60.0
ideal_infinite,2,180000.1,0.6791666666666667,-60.0
ideal_infinite,2,180000.1,0.6812499999999999,-60.0
ideal_infinite,2,180000.1,0.6833333333333333,-60.0
ideal_infinite,2,180000.1,0.6854166666666666,-60.0
ideal_infinite,2,180000.1,0.6875,-60.0
ideal_infinite,2,180000.1,0.6895833333333332,-60.0
ideal_infinite,2,180000.1,0.6916666666666667,-60.0
ideal_infinite,2,180000.1,0.6937499999999999,-60.0
ideal_infinite,2,180000.1,0.6958333333333333,-60.0
ideal_infinite,2,180000.1,0.6979166666666667,-60.0
ideal_infinite,2,180000.1,0.7,-60.0
ideal_infinite,2,180000.1,0.7020833333333334,-60.0
ideal_infinite,2,180000.1,0.7041666666666666,-60.0
ideal_infinite,2,180000.1,0.70625,-60.0
ideal_infinite,2,180000.1,0.7083333333333333,-60.0
ideal_infinite,2,180000.1,0.7104166666666667,-60.0
ideal_infinite,2,180000.1,0.7124999999999999,-60.0
ideal_infinite,2,180000.1,0.7145833333333333,-60.0
ideal_infinite,2,180000.1,0.7166666666666666,-60.0
ideal_infinite,2,180000.1,0.71875,-60.0
ideal_infinite,2,180000.1,0.7208333333333332,-60.0
ideal_infinite,2,180000.1,0.7229166666666667,-60.0
ideal_infinite,2,180000.1,0.7249999999999999,-60.0
ideal_infinite,2,180000.1,0.7270833333333333,-60.0
ideal_infinite,2,180000.1,0.7291666666666667,-60.0
ideal_infinite,2,180000.1,0.73125,-60.0
ideal_infinite,2,180000.1,0.7333333333333334,-60.0
ideal_infinite,2,180000.1,0.7354166666666666,-60.0
ideal_infinite,2,180000.1,0.7375,-60.0
ideal_infinite,2,180000.1,0.7395833333333333,-60.0
ideal_infinite,2,180000.1,0.7416666666666667,-60.0
ideal_infinite,2,180000.1,0.7437499999999999,-60.0
ideal_infinite,2,180000.1,0.7458333333333333,-60.0
ideal_infinite,2,180000.1,0.7479166666666666,-60.0
ideal_infinite,2,180000.1,0.75,-60.0
ideal_infinite,2,180000.1,0.7520833333333332,-60.0
ideal_infinite,2,180000.1,0.7541666666666664,-60.0
ideal_infinite,2,180000.1,0.7562500000000001,-60.0
ideal_infinite,2,180000.1,0.7583333333333333,-60.0
ideal_infinite,2,180000.1,0.7604166666666665,-60.0
ideal_infinite,2,180000.1,0.7625000000000002,-60.0
ideal_infinite,2,180000.1,0.7645833333333334,-60.0
ideal_infinite,2,180000.1,0.7666666666666666,-60.0
ideal_infinite,2,180000.1,0.7687499999999998,-60.0
ideal_infinite,2,180000.1,0.7708333333333335,-60.0
ideal_infinite,2,180000.1,0.7729166666666667,-60.0
ideal_infinite,2,180000.1,0.7749999999999999,-60.0
ideal_infinite,2,180000.1,0.7770833333333331,-60.0
ideal_infinite,2,180000.1,0.7791666666666668,-60.0
ideal_infinite,2,180000.1,0.78125,-60.0
ideal_infinite,2,180000.1,0.7833333333333332,-60.0
ideal_infinite,2,180000.1,0.7854166666666664,-60.0
ideal_infinite,2,180000.1,0.7875000000000001,-60.0
ideal_infinite,2,180000.1,0.7895833333333333,-60.0
ideal_infinite,2,180000.1,0.7916666666666665,-60.0
ideal_infinite,2,180000.1,0.7937500000000002,-60.0
ideal_infinite,2,180000.1,0.7958333333333334,-60.0
ideal_infinite,2,180000.1,0.7979166666666666,-60.0
ideal_infinite,2,180000.1,0.7999999999999998,-60.0
ideal_infinite,2,180000.1,0.8020833333333335,-60.0
ideal_infinite,2,180000.1,0.8041666666666667,-60.0
ideal_infinite,2,180000.1,0.8062499999999999,-60.0
ideal_infinite,2,180000.1,0.8083333333333331,-60.0
ideal_infinite,2,180000.1,0.8104166666666668,-60.0
ideal_infinite,2,180000.1,0.8125,-60.0
ideal_infinite,2,180000.1,0.8145833333333332,-60.0
ideal_infinite,2,180000.1,0.8166666666666664,-60.0
ideal_infinite,2,180000.1,0.8187500000000001,-60.0
ideal_infinite,2,180000.1,0.8208333333333333,-60.0
ideal_infinite,2,180000.1,0.8229166666666665,-60.0
ideal_infinite,2,180000.1,0.8250000000000002,-60.0
ideal_infinite,2,180000.1,0.8270833333333334,-60.0
ideal_infinite,2,180000.1,0.8291666666666666,-60.0
ideal_infinite,2,180000.1,0.8312499999999998,-60.0
ideal_infinite,2,180000.1,0.8333333333333335,-60.0
ideal_infinite,2,180000.1,0.8354166666666667,-60.0
ideal_infinite,2,180000.1,0.8374999999999999,-60.0
ideal_infinite,2,180000.1,0.8395833333333331,-60.0
ideal_infinite,2,180000.1,0.8416666666666668,-60.0
ideal_infinite,2,180000.1,0.84375,-60.0
ideal_infinite,2,180000.1,0.8458333333333332,-60.0
ideal_infinite,2,180000.1,0.8479166666666664,-60.0
ideal_infinite,2,180000.1,0.8500000000000001,-60.0
ideal_infinite,2,180000.1,0.8520833333333333,-60.0
ideal_infinite,2,180000.1,0.8541666666666665,-60.0
ideal_infinite,2,180000.1,0.8562500000000002,-60.0
ideal_infinite,2,180000.1,0.8583333333333334,-60.0
ideal_infinite,2,180000.1,0.8604166666666666,-60.0
ideal_infinite,2,180000.1,0.8624999999999998,-60.0
ideal_infinite,2,180000.1,0.8645833333333335,-60.0
ideal_infinite,2,180000.1,0.8666666666666667,-60.0
ideal_infinite,2,180000.1,0.8687499999999999,-60.0
ideal_infinite,2,180000.1,0.8708333333333331,-60.0
ideal_infinite,2,180000.1,0.8729166666666668,-60.0
ideal_infinite,2,180000.1,0.875,-60.0
ideal_infinite,2,180000.1,0.8770833333333332,-60.0
ideal_infinite,2,180000.1,0.8791666666666664,-60.0
ideal_infinite,2,180000.1,0.8812500000000001,-60.0
ideal_infinite,2,180000.1,0.8833333333333333,-60.0
ideal_infinite,2,180000.1,0.8854166666666665,-60.0
ideal_infinite,2,180000.1,0.8875000000000002,-60.0
ideal_infinite,2,180000.1,0.8895833333333334,-60.0
ideal_infinite,2,180000.1,0.8916666666666666,-60.0
ideal_infinite,2,180000.1,0.8937499999999998,-60.0
ideal_infinite,2,180000.1,0.8958333333333335,-60.0
ideal_infinite,2,180000.1,0.8979166666666667,-60.0
ideal_infinite,2,180000.1,0.8999999999999999,-60.0
ideal_infinite,2,180000.1,0.9020833333333331,-59.66322383531936
ideal_infinite,2,180000.1,0.9041666666666668,-58.026356817949356
ideal_infinite,2,180000.1,0.90625,-56.548269469018436
ideal_infinite,2,180000.1,0.9083333333333332,-55.19848349444483
ideal_infinite,2,180000.1,0.9104166666666664,-53.955235383045505
ideal_infinite,2,180000.1,0.9125000000000001,-52.802415824965905
ideal_infinite,2,180000.1,0.9145833333333333,-51.72774759487004
ideal_infinite,2,180000.1,0.9166666666666665,-50.72164501917801
ideal_infinite,2,180000.1,0.9187500000000002,-49.776470064251654
ideal_infinite,2,180000.1,0.9208333333333334,-48.88603009812981
ideal_infinite,2,180000.1,0.9229166666666666,-48.04522872417634
ideal_infinite,2,180000.1,0.9249999999999998,-47.24981682443659
ideal_infinite,2,180000.1,0.9270833333333335,-46.49621110580932
ideal_infinite,2,180000.1,0.9291666666666667,-45.78135926503074
ideal_infinite,2,180000.1,0.9312499999999999,-45.10263806480801
ideal_infinite,2,180000.1,0.9333333333333331,-44.45777510202095
ideal_infinite,2,180000.1,0.9354166666666668,-43.84478793187748
ideal_infinite,2,180000.1,0.9375,-43.26193610796433
ideal_infinite,2,180000.1,0.9395833333333332,-42.70768297187515
ideal_infinite,2,180000.1,0.9416666666666664,-42.18066489836123
ideal_infinite,2,180000.1,0.9437500000000001,-41.679666309741606
ideal_infinite,2,180000.1,0.9458333333333333,-41.2035992036294
ideal_infinite,2,180000.1,0.9479166666666665,-40.751486247112524
ideal_infinite,2,180000.1,0.9500000000000002,-40.322446715567594
ideal_infinite,2,180000.1,0.9520833333333334,-39.915684720129406
ideal_infinite,2,180000.1,0.9541666666666666,-39.53047929148225
ideal_infinite,2,180000.1,0.9562499999999998,-39.166175980805626
ideal_infinite,2,180000.1,0.9583333333333335,-38.822179709595595
ideal_infinite,2,180000.1,0.9604166666666667,-38.497948654536394
ideal_infinite,2,180000.1,0.9624999999999999,-38.19298899578006
ideal_infinite,2,180000.1,0.9645833333333331,-37.906850389947756
ideal_infinite,2,180000.1,0.9666666666666668,-37.63912205510566
ideal_infinite,2,180000.1,0.96875,-37.38942937554196
ideal_infinite,2,180000.1,0.9708333333333332,-37.15743095060261
ideal_infinite,2,180000.1,0.9729166666666664,-36.94281602505518
ideal_infinite,2,180000.1,0.9750000000000001,-36.74530224914427
ideal_infinite,2,180000.1,0.9770833333333333,-36.564633725216055
ideal_infinite,2,180000.1,0.9791666666666665,-36.40057930493097
ideal_infinite,2,180000.1,0.9812500000000002,-36.25293110698541
ideal_infinite,2,180000.1,0.9833333333333334,-36.12150323015776
ideal_infinite,2,180000.1,0.9854166666666666,-36.006130640599515
ideal_infinite,2,180000.1,0.9874999999999998,-35.90666821574919
ideal_infinite,2,180000.1,0.9895833333333335,-35.82298993018894
ideal_infinite,2,180000.1,0.9916666666666667,-35.75498817128998
ideal_infinite,2,180000.1,0.9937499999999999,-35.70257317468559
ideal_infinite,2,180000.1,0.9958333333333331,-35.66567257153829
ideal_infinite,2,180000.1,0.9979166666666668,-35.64423104128555
ideal_infinite,2,180000.1,1.0,-35.638210065106925
ideal_infinite,2,180000.1,1.0020833333333332,-35.64758777679429
ideal_infinite,2,180000.1,1.0041666666666664,-35.67235890906394
ideal_infinite,2,180000.1,1.00625,-35.712534834658804
ideal_infinite,2,180000.1,1.0083333333333333,-35.768143702882405
ideal_infinite,2,180000.1,1.0104166666666665,-35.83923067351534
ideal_infinite,2,180000.1,1.0125000000000002,-35.925858251422426
ideal_infinite,2,180000.1,1.0145833333333334,-36.028106726596704
ideal_infinite,2,180000.1,1.0166666666666666,-36.14607472594511
ideal_infinite,2,180000.1,1.0187499999999998,-36.27987988483748
ideal_infinite,2,180000.1,1.0208333333333335,-36.42965964836837
ideal_infinite,2,180000.1,1.0229166666666667,-36.59557221447218
ideal_infinite,2,180000.1,1.025,-36.77779763355825
ideal_infinite,2,180000.1,1.0270833333333331,-36.97653908227261
ideal_infinite,2,180000.1,1.0291666666666668,-37.19202433244951
ideal_infinite,2,180000.1,1.03125,-37.42450744041691
ideal_infinite,2,180000.1,1.0333333333333332,-37.67427068671596
ideal_infinite,2,180000.1,1.0354166666666664,-37.941626802188054
ideal_infinite,2,180000.1,1.0375,-38.22692152352453
ideal_infinite,2,180000.1,1.0395833333333333,-38.53053653007915
ideal_infinite,2,180000.1,1.0416666666666665,-38.85289282443339
ideal_infinite,2,180000.1,1.0437500000000002,-39.19445463240372
ideal_infinite,2,180000.1,1.0458333333333334,-39.55573391460195
ideal_infinite,2,180000.1,1.0479166666666666,-39.93729560221384
ideal_infinite,2,180000.1,1.0499999999999998,-40.33976369558203
ideal_infinite,2,180000.1,1.0520833333333335,-40.763828397104106
ideal_infinite,2,180000.1,1.0541666666666667,-41.210254492101946
ideal_infinite,2,180000.1,1.05625,-41.67989124572014
ideal_infinite,2,180000.1,1.0583333333333331,-42.17368415472818
ideal_infinite,2,180000.1,1.0604166666666668,-42.69268898617136
ideal_infinite,2,180000.1,1.0625,-43.238088658316684
ideal_infinite,2,180000.1,1.0645833333333332,-43.81121368500739
ideal_infinite,2,180000.1,1.0666666666666664,-44.41356712928822
ideal_infinite,2,180000.1,1.06875,-45.04685532087678
ideal_infinite,2,180000.1,1.0708333333333333,-45.713026021790164
ideal_infinite,2,180000.1,1.0729166666666665,-46.414316331397984
ideal_infinite,2,180000.1,1.0750000000000002,-47.15331349315423
ideal_infinite,2,180000.1,1.0770833333333334,-47.933033037062486
ideal_infinite,2,180000.1,1.0791666666666666,-48.75702058491375
ideal_infinite,2,180000.1,1.0812499999999998,-49.629486523398036
ideal_infinite,2,180000.1,1.0833333333333335,-50.55548723066846
ideal_infinite,2,180000.1,1.0854166666666667,-51.541173704525676
ideal_infinite,2,180000.1,1.0875,-52.59414023911642
ideal_infinite,2,180000.1,1.0895833333333331,-53.72392590826504
ideal_infinite,2,180000.1,1.0916666666666668,-54.942757268841675
ideal_infinite,2,180000.1,1.09375,-56.26668687422287
ideal_infinite,2,180000.1,1.0958333333333332,-57.71741184214669
ideal_infinite,2,180000.1,1.0979166666666664,-59.3253278069059
ideal_infinite,2,180000.1,1.1,-60.0
ideal_infinite,2,180000.1,1.1020833333333333,-60.0
ideal_infinite,2,180000.1,1.1041666666666665,-60.0
ideal_infinite,2,180000.1,1.1062500000000002,-60.0
ideal_infinite,2,180000.1,1.1083333333333334,-60.0
ideal_infinite,2,180000.1,1.1104166666666666,-60.0
ideal_infinite,2,180000.1,1.1124999999999998,-60.0
ideal_infinite,2,180000.1,1.1145833333333335,-60.0
ideal_infinite,2,180000.1,1.1166666666666667,-60.0
ideal_infinite,2,180000.1,1.11875,-60.0
ideal_infinite,2,180000.1,1.1208333333333331,-60.0
ideal_infinite,2,180000.1,1.1229166666666668,-60.0
ideal_infinite,2,180000.1,1.125,-60.0
ideal_infinite,2,180000.1,1.1270833333333332,-60.0
ideal_infinite,2,180000.1,1.1291666666666664,-60.0
ideal_infinite,2,180000.1,1.13125,-60.0
ideal_infinite,2,180000.1,1.1333333333333333,-60.0
ideal_infinite,2,180000.1,1.1354166666666665,-60.0
ideal_infinite,2,180000.1,1.1375000000000002,-60.0
ideal_infinite,2,180000.1,1.1395833333333334,-60.0
ideal_infinite,2,180000.1,1.1416666666666666,-60.0
ideal_infinite,2,180000.1,1.1437499999999998,-60.0
ideal_infinite,2,180000.1,1.1458333333333335,-60.0
ideal_infinite,2,180000.1,1.1479166666666667,-60.0
ideal_infinite,2,180000.1,1.15,-60.0
ideal_infinite,2,180000.1,1.1520833333333331,-60.0
ideal_infinite,2,180000.1,1.1541666666666668,-60.0
ideal_infinite,2,180000.1,1.15625,-60.0
ideal_infinite,2,180000.1,1.1583333333333332,-60.0
ideal_infinite,2,180000.1,1.1604166666666664,-60.0
ideal_infinite,2,180000.1,1.1625,-60.0
ideal_infinite,2,180000.1,1.1645833333333333,-60.0
ideal_infinite,2,180000.1,1.1666666666666665,-60.0
ideal_infinite,2,180000.1,1.1687500000000002,-60.0
ideal_infinite,2,180000.1,1.1708333333333334,-60.0
ideal_infinite,2,180000.1,1.1729166666666666,-60.0
ideal_infinite,2,180000.1,1.1749999999999998,-60.0
ideal_infinite,2,180000.1,1.1770833333333335,-60.0
ideal_infinite,2,180000.1,1.1791666666666667,-60.0
ideal_infinite,2,180000.1,1.18125,-60.0
ideal_infinite,2,180000.1,1.1833333333333331,-60.0
ideal_infinite,2,180000.1,1.1854166666666668,-60.0
ideal_infinite,2,180000.1,1.1875,-60.0
ideal_infinite,2,180000.1,1.1895833333333332,-60.0
ideal_infinite,2,180000.1,1.1916666666666664,-60.0
ideal_infinite,2,180000.1,1.19375,-60.0
ideal_infinite,2,180000.1,1.1958333333333333,-60.0
ideal_infinite,2,180000.1,1.1979166666666665,-60.0
ideal_infinite,2,180000.1,1.2000000000000002,-60.0
ideal_infinite,2,180000.1,1.2020833333333334,-60.0
ideal_infinite,2,180000.1,1.2041666666666666,-60.0
ideal_infinite,2,180000.1,1.2062499999999998,-60.0
ideal_infinite,2,180000.1,1.2083333333333335,-60.0
ideal_infinite,2,180000.1,1.2104166666666667,-60.0
ideal_infinite,2,180000.1,1.2125,-60.0
ideal_infinite,2,180000.1,1.2145833333333331,-60.0
ideal_infinite,2,180000.1,1.2166666666666668,-60.0
ideal_infinite,2,180000.1,1.21875,-60.0
ideal_infinite,2,180000.1,1.2208333333333332,-60.0
ideal_infinite,2,180000.1,1.2229166666666664,-60.0
ideal_infinite,2,180000.1,1.225,-60.0
ideal_infinite,2,180000.1,1.2270833333333333,-60.0
ideal_infinite,2,180000.1,1.2291666666666665,-60.0
ideal_infinite,2,180000.1,1.2312500000000002,-60.0
ideal_infinite,2,180000.1,1.2333333333333334,-60.0
ideal_infinite,2,180000.1,1.2354166666666666,-60.0
ideal_infinite,2,180000.1,1.2374999999999998,-60.0
ideal_infinite,2,180000.1,1.2395833333333335,-60.0
ideal_infinite,2,180000.1,1.2416666666666667,-60.0
ideal_infinite,2,180000.1,1.24375,-60.0
ideal_infinite,2,180000.1,1.2458333333333331,-60.0
ideal_infinite,2,180000.1,1.2479166666666668,-60.0
ideal_infinite,2,180000.1,1.25,-60.0
ideal_infinite,3,180498.322,-1.25,-60.0
ideal_infinite,3,180498.322,-1.2479166666666666,-60.0
ideal_infinite,3,180498.322,-1.2458333333333333,-60.0
ideal_infinite,3,180498.322,-1.24375,-60.0
ideal_infinite,3,180498.322,-1.2416666666666667,-60.0
ideal_infinite,3,180498.322,-1.2395833333333333,-60.0
ideal_infinite,3,180498.322,-1.2375,-60.0
ideal_infinite,3,180498.322,-1.2354166666666666,-60.0
ideal_infinite,3,180498.322,-1.2333333333333334,-60.0
ideal_infinite,3,180498.322,-1.23125,-60.0
ideal_infinite,3,180498.322,-1.2291666666666667,-60.0
ideal_infinite,3,180498.322,-1.2270833333333333,-60.0
ideal_infinite,3,180498.322,-1.225,-60.0
ideal_infinite,3,180498.322,-1.2229166666666667,-60.0
ideal_infinite,3,180498.322,-1.2208333333333334,-60.0
ideal_infinite,3,180498.322,-1.21875,-60.0
ideal_infinite,3,180498.322,-1.2166666666666666,-60.0
ideal_infinite,3,180498.322,-1.2145833333333333,-60.0
ideal_infinite,3,180498.322,-1.2125,-60.0
ideal_infinite,3,180498.322,-1.2104166666666667,-60.0
ideal_infinite,3,180498.322,-1.2083333333333333,-60.0
ideal_infinite,3,180498.322,-1.20625,-60.0
ideal_infinite,3,180498.322,-1.2041666666666666,-60.0
ideal_infinite,3,180498.322,-1.2020833333333334,-60.0
ideal_infinite,3,180498.322,-1.2,-60.0
ideal_infinite,3,180498.322,-1.1979166666666667,-60.0
ideal_infinite,3,180498.322,-1.1958333333333333,-60.0
ideal_infinite,3,180498.322,-1.19375,-60.0
ideal_infinite,3,180498.322,-1.1916666666666667,-60.0
ideal_infinite,3,180498.322,-1.1895833333333334,-60.0
ideal_infinite,3,180498.322,-1.1875,-60.0
ideal_infinite,3,180498.322,-1.1854166666666668,-60.0
ideal_infinite,3,180498.322,-1.1833333333333333,-60.0
ideal_infinite,3,180498.322,-1.18125,-60.0
ideal_infinite,3,180498.322,-1.1791666666666667,-60.0
ideal_infinite,3,180498.322,-1.1770833333333333,-60.0
ideal_infinite,3,180498.322,-1.175,-60.0
ideal_infinite,3,180498.322,-1.1729166666666666,-60.0
ideal_infinite,3,180498.322,-1.1708333333333334,-60.0
ideal_infinite,3,180498.322,-1.16875,-60.0
ideal_infinite,3,180498.322,-1.1666666666666667,-60.0
ideal_infinite,3,180498.322,-1.1645833333333333,-60.0
ideal_infinite,3,180498.322,-1.1625,-60.0
ideal_infinite,3,180498.322,-1.1604166666666667,-60.0
ideal_infinite,3,180498.322,-1.1583333333333334,-60.0
ideal_infinite,3,180498.322,-1.15625,-60.0
ideal_infinite,3,180498.322,-1.1541666666666668,-60.0
ideal_infinite,3,180498.322,-1.1520833333333333,-60.0
ideal_infinite,3,180498.322,-1.15,-60.0
ideal_infinite,3,180498.322,-1.1479166666666667,-60.0
ideal_infinite,3,180498.322,-1.1458333333333333,-60.0
ideal_infinite,3,180498.322,-1.14375,-60.0
ideal_infinite,3,180498.322,-1.1416666666666666,-60.0
ideal_infinite,3,180498.322,-1.1395833333333334,-60.0
ideal_infinite,3,180498.322,-1.1375,-60.0
ideal_infinite,3,180498.322,-1.1354166666666667,-60.0
ideal_infinite,3,180498.322,-1.1333333333333333,-60.0
ideal_infinite,3,180498.322,-1.13125,-60.0
ideal_infinite,3,180498.322,-1.1291666666666667,-60.0
ideal_infinite,3,180498.322,-1.1270833333333334,-60.0
ideal_infinite,3,180498.322,-1.125,-60.0
ideal_infinite,3,180498.322,-1.1229166666666668,-60.0
ideal_infinite,3,180498.322,-1.1208333333333333,-60.0
ideal_infinite,3,180498.322,-1.11875,-60.0
ideal_infinite,3,180498.322,-1.1166666666666667,-60.0
ideal_infinite,3,180498.322,-1.1145833333333333,-60.0
ideal_infinite,3,180498.322,-1.1125,-60.0
ideal_infinite,3,180498.322,-1.1104166666666666,-60.0
ideal_infinite,3,180498.322,-1.1083333333333334,-60.0
ideal_infinite,3,180498.322,-1.10625,-60.0
ideal_infinite,3,180498.322,-1.1041666666666667,-60.0
ideal_infinite,3,180498.322,-1.1020833333333333,-60.0
ideal_infinite,3,180498.322,-1.1,-60.0
ideal_infinite,3,180498.322,-1.0979166666666667,-60.0
ideal_infinite,3,180498.322,-1.0958333333333332,-60.0
ideal_infinite,3,180498.322,-1.09375,-60.0
ideal_infinite,3,180498.322,-1.0916666666666668,-60.0
ideal_infinite,3,180498.322,-1.0895833333333333,-60.0
ideal_infinite,3,180498.322,-1.0875,-60.0
ideal_infinite,3,180498.322,-1.0854166666666667,-60.0
ideal_infinite,3,180498.322,-1.0833333333333333,-60.0
ideal_infinite,3,180498.322,-1.08125,-60.0
ideal_infinite,3,180498.322,-1.0791666666666666,-60.0
ideal_infinite,3,180498.322,-1.0770833333333334,-60.0
ideal_infinite,3,180498.322,-1.075,-60.0
ideal_infinite,3,180498.322,-1.0729166666666667,-60.0
ideal_infinite,3,180498.322,-1.0708333333333333,-60.0
ideal_infinite,3,180498.322,-1.06875,-60.0
ideal_infinite,3,180498.322,-1.0666666666666667,-60.0
ideal_infinite,3,180498.322,-1.0645833333333332,-60.0
ideal_infinite,3,180498.322,-1.0625,-60.0
ideal_infinite,3,180498.322,-1.0604166666666668,-60.0
ideal_infinite,3,180498.322,-1.0583333333333333,-60.0
ideal_infinite,3,180498.322,-1.05625,-60.0
ideal_infinite,3,180498.322,-1.0541666666666667,-60.0
ideal_infinite,3,180498.322,-1.0520833333333333,-60.0
ideal_infinite,3,180498.322,-1.05,-60.0
ideal_infinite,3,180498.322,-1.0479166666666666,-60.0
ideal_infinite,3,180498.322,-1.0458333333333334,-60.0
ideal_infinite,3,180498.322,-1.04375,-60.0
ideal_infinite,3,180498.322,-1.0416666666666667,-60.0
ideal_infinite,3,180498.322,-1.0395833333333333,-60.0
ideal_infinite,3,180498.322,-1.0375,-60.0
ideal_infinite,3,180498.322,-1.0354166666666667,-60.0
ideal_infinite,3,180498.322,-1.0333333333333332,-60.0
ideal_infinite,3,180498.322,-1.03125,-60.0
ideal_infinite,3,180498.322,-1.0291666666666668,-60.0
ideal_infinite,3,180498.322,-1.0270833333333333,-60.0
ideal_infinite,3,180498.322,-1.025,-60.0
ideal_infinite,3,180498.322,-1.0229166666666667,-60.0
ideal_infinite,3,180498.322,-1.0208333333333333,-60.0
ideal_infinite,3,180498.322,-1.01875,-60.0
ideal_infinite,3,180498.322,-1.0166666666666666,-60.0
ideal_infinite,3,180498.322,-1.0145833333333334,-60.0
ideal_infinite,3,180498.322,-1.0125,-60.0
ideal_infinite,3,180498.322,-1.0104166666666667,-60.0
ideal_infinite,3,180498.322,-1.0083333333333333,-60.0
ideal_infinite,3,180498.322,-1.00625,-60.0
ideal_infinite,3,180498.322,-1.0041666666666667,-60.0
ideal_infinite,3,180498.322,-1.0020833333333332,-60.0
ideal_infinite,3,180498.322,-1.0,-60.0
ideal_infinite,3,180498.322,-0.9979166666666667,-60.0
ideal_infinite,3,180498.322,-0.9958333333333333,-60.0
ideal_infinite,3,180498.322,-0.99375,-60.0
ideal_infinite,3,180498.322,-0.9916666666666667,-60.0
ideal_infinite,3,180498.322,-0.9895833333333333,-60.0
ideal_infinite,3,180498.322,-0.9875,-60.0
ideal_infinite,3,180498.322,-0.9854166666666666,-60.0
ideal_infinite,3,180498.322,-0.9833333333333334,-60.0
ideal_infinite,3,180498.322,-0.98125,-60.0
ideal_infinite,3,180498.322,-0.9791666666666667,-60.0
ideal_infinite,3,180498.322,-0.9770833333333333,-60.0
ideal_infinite,3,180498.322,-0.975,-60.0
ideal_infinite,3,180498.322,-0.9729166666666667,-60.0
ideal_infinite,3,180498.322,-0.9708333333333333,-60.0
ideal_infinite,3,180498.322,-0.96875,-60.0
ideal_infinite,3,180498.322,-0.9666666666666667,-60.0
ideal_infinite,3,180498.322,-0.9645833333333333,-60.0
ideal_infinite,3,180498.322,-0.9625,-60.0
ideal_infinite,3,180498.322,-0.9604166666666667,-60.0
ideal_infinite,3,180498.322,-0.9583333333333333,-60.0
ideal_infinite,3,180498.322,-0.95625,-60.0
ideal_infinite,3,180498.322,-0.9541666666666666,-60.0
ideal_infinite,3,180498.322,-0.9520833333333334,-60.0
ideal_infinite,3,180498.322,-0.95,-60.0
ideal_infinite,3,180498.322,-0.9479166666666667,-60.0
ideal_infinite,3,180498.322,-0.9458333333333333,-60.0
ideal_infinite,3,180498.322,-0.94375,-60.0
ideal_infinite,3,180498.322,-0.9416666666666667,-60.0
ideal_infinite,3,180498.322,-0.9395833333333333,-60.0
ideal_infinite,3,180498.322,-0.9375,-60.0
ideal_infinite,3,180498.322,-0.9354166666666667,-60.0
ideal_infinite,3,180498.322,-0.9333333333333333,-60.0
ideal_infinite,3,180498.322,-0.93125,-60.0
ideal_infinite,3,180498.322,-0.9291666666666667,-60.0
ideal_infinite,3,180498.322,-0.9270833333333333,-60.0
ideal_infinite,3,180498.322,-0.925,-60.0
ideal_infinite,3,180498.322,-0.9229166666666666,-60.0
ideal_infinite,3,180498.322,-0.9208333333333334,-60.0
ideal_infinite,3,180498.322,-0.91875,-60.0
ideal_infinite,3,180498.322,-0.9166666666666667,-60.0
ideal_infinite,3,180498.322,-0.9145833333333333,-60.0
ideal_infinite,3,180498.322,-0.9125,-60.0
ideal_infinite,3,180498.322,-0.9104166666666667,-60.0
ideal_infinite,3,180498.322,-0.9083333333333333,-60.0
ideal_infinite,3,180498.322,-0.90625,-60.0
ideal_infinite,3,180498.322,-0.9041666666666667,-60.0
ideal_infinite,3,180498.322,-0.9020833333333333,-60.0
ideal_infinite,3,180498.322,-0.9,-60.0
ideal_infinite,3,180498.322,-0.8979166666666667,-60.0
ideal_infinite,3,180498.322,-0.8958333333333333,-60.0
ideal_infinite,3,180498.322,-0.89375,-60.0
ideal_infinite,3,180498.322,-0.8916666666666666,-60.0
ideal_infinite,3,180498.322,-0.8895833333333334,-60.0
ideal_infinite,3,180498.322,-0.8875,-60.0
ideal_infinite,3,180498.322,-0.8854166666666667,-60.0
ideal_infinite,3,180498.322,-0.8833333333333333,-60.0
ideal_infinite,3,180498.322,-0.88125,-60.0
ideal_infinite,3,180498.322,-0.8791666666666667,-60.0
ideal_infinite,3,180498.322,-0.8770833333333333,-60.0
ideal_infinite,3,180498.322,-0.875,-60.0
ideal_infinite,3,180498.322,-0.8729166666666667,-60.0
ideal_infinite,3,180498.322,-0.8708333333333333,-60.0
ideal_infinite,3,180498.322,-0.86875,-60.0
ideal_infinite,3,180498.322,-0.8666666666666667,-60.0
ideal_infinite,3,180498.322,-0.8645833333333333,-60.0
ideal_infinite,3,180498.322,-0.8625,-60.0
ideal_infinite,3,180498.322,-0.8604166666666666,-60.0
ideal_infinite,3,180498.322,-0.8583333333333334,-60.0
ideal_infinite,3,180498.322,-0.85625,-60.0
ideal_infinite,3,180498.322,-0.8541666666666667,-60.0
ideal_infinite,3,180498.322,-0.8520833333333333,-60.0
ideal_infinite,3,180498.322,-0.85,-60.0
ideal_infinite,3,180498.322,-0.8479166666666667,-60.0
ideal_infinite,3,180498.322,-0.8458333333333333,-60.0
ideal_infinite,3,180498.322,-0.84375,-60.0
ideal_infinite,3,180498.322,-0.8416666666666667,-60.0
ideal_infinite,3,180498.322,-0.8395833333333333,-60.0
ideal_infinite,3,180498.322,-0.8375,-60.0
ideal_infinite,3,180498.322,-0.8354166666666667,-60.0
ideal_infinite,3,180498.322,-0.8333333333333333,-60.0
ideal_infinite,3,180498.322,-0.83125,-60.0
ideal_infinite,3,180498.322,-0.8291666666666666,-60.0
ideal_infinite,3,180498.322,-0.8270833333333334,-60.0
ideal_infinite,3,180498.322,-0.825,-60.0
ideal_infinite,3,180498.322,-0.8229166666666667,-60.0
ideal_infinite,3,180498.322,-0.8208333333333333,-60.0
ideal_infinite,3,180498.322,-0.8187500000000001,-60.0
ideal_infinite,3,180498.322,-0.8166666666666667,-60.0
ideal_infinite,3,180498.322,-0.8145833333333333,-60.0
ideal_infinite,3,180498.322,-0.8125,-60.0
ideal_infinite,3,180498.322,-0.8104166666666667,-60.0
ideal_infinite,3,180498.322,-0.8083333333333333,-60.0
ideal_infinite,3,180498.322,-0.80625,-60.0
ideal_infinite,3,180498.322,-0.8041666666666667,-60.0
ideal_infinite,3,180498.322,-0.8020833333333333,-60.0
ideal_infinite,3,180498.322,-0.8,-60.0
ideal_infinite,3,180498.322,-0.7979166666666666,-60.0
ideal_infinite,3,180498.322,-0.7958333333333334,-60.0
ideal_infinite,3,180498.322,-0.79375,-60.0
ideal_infinite,3,180498.322,-0.7916666666666667,-60.0
ideal_infinite,3,180498.322,-0.7895833333333333,-60.0
ideal_infinite,3,180498.322,-0.7875000000000001,-60.0
ideal_infinite,3,180498.322,-0.7854166666666667,-60.0
ideal_infinite,3,180498.322,-0.7833333333333333,-60.0
ideal_infinite,3,180498.322,-0.78125,-60.0
ideal_infinite,3,180498.322,-0.7791666666666667,-60.0
ideal_infinite,3,180498.322,-0.7770833333333333,-60.0
ideal_infinite,3,180498.322,-0.775,-60.0
ideal_infinite,3,180498.322,-0.7729166666666667,-60.0
ideal_infinite,3,180498.322,-0.7708333333333333,-60.0
ideal_infinite,3,180498.322,-0.76875,-60.0
ideal_infinite,3,180498.322,-0.7666666666666666,-60.0
ideal_infinite,3,180498.322,-0.7645833333333334,-60.0
ideal_infinite,3,180498.322,-0.7625,-60.0
ideal_infinite,3,180498.322,-0.7604166666666667,-60.0
ideal_infinite,3,180498.322,-0.7583333333333333,-60.0
ideal_infinite,3,180498.322,-0.7562500000000001,-60.0
ideal_infinite,3,180498.322,-0.7541666666666667,-60.0
ideal_infinite,3,180498.322,-0.7520833333333333,-60.0
ideal_infinite,3,180498.322,-0.75,-60.0
ideal_infinite,3,180498.322,-0.7479166666666667,-60.0
ideal_infinite,3,180498.322,-0.7458333333333333,-60.0
ideal_infinite,3,180498.322,-0.74375,-60.0
ideal_infinite,3,180498.322,-0.7416666666666667,-60.0
ideal_infinite,3,180498.322,-0.7395833333333334,-60.0
ideal_infinite,3,180498.322,-0.7375,-60.0
ideal_infinite,3,180498.322,-0.7354166666666667,-60.0
ideal_infinite,3,180498.322,-0.7333333333333334,-60.0
ideal_infinite,3,180498.322,-0.73125,-60.0
ideal_infinite,3,180498.322,-0.7291666666666666,-60.0
ideal_infinite,3,180498.322,-0.7270833333333333,-60.0
ideal_infinite,3,180498.322,-0.725,-60.0
ideal_infinite,3,180498.322,-0.7229166666666667,-60.0
ideal_infinite,3,180498.322,-0.7208333333333333,-60.0
ideal_infinite,3,180498.322,-0.71875,-60.0
ideal_infinite,3,180498.322,-0.7166666666666667,-60.0
ideal_infinite,3,180498.322,-0.7145833333333333,-60.0
ideal_infinite,3,180498.322,-0.7125,-60.0
ideal_infinite,3,180498.322,-0.7104166666666667,-60.0
ideal_infinite,3,180498.322,-0.7083333333333334,-60.0
ideal_infinite,3,180498.322,-0.70625,-60.0
ideal_infinite,3,180498.322,-0.7041666666666667,-60.0
ideal_infinite,3,180498.322,-0.7020833333333334,-60.0
ideal_infinite,3,180498.322,-0.7,-60.0
ideal_infinite,3,180498.322,-0.6979166666666666,-60.0
ideal_infinite,3,180498.322,-0.6958333333333333,-60.0
ideal_infinite,3,180498.322,-0.69375,-60.0
ideal_infinite,3,180498.322,-0.6916666666666667,-60.0
ideal_infinite,3,180498.322,-0.6895833333333333,-60.0
ideal_infinite,3,180498.322,-0.6875,-60.0
ideal_infinite,3,180498.322,-0.6854166666666667,-60.0
ideal_infinite,3,180498.322,-0.6833333333333333,-60.0
ideal_infinite,3,180498.322,-0.68125,-60.0
ideal_infinite,3,180498.322,-0.6791666666666667,-60.0
ideal_infinite,3,180498.322,-0.6770833333333334,-60.0
ideal_infinite,3,180498.322,-0.675,-60.0
ideal_infinite,3,180498.322,-0.6729166666666667,-60.0
ideal_infinite,3,180498.322,-0.6708333333333334,-60.0
ideal_infinite,3,180498.322,-0.66875,-60.0
ideal_infinite,3,180498.322,-0.6666666666666666,-60.0
ideal_infinite,3,180498.322,-0.6645833333333333,-60.0
ideal_infinite,3,180498.322,-0.6625,-60.0
ideal_infinite,3,180498.322,-0.6604166666666667,-60.0
ideal_infinite,3,180498.322,-0.6583333333333333,-60.0
ideal_infinite,3,180498.322,-0.65625,-60.0
ideal_infinite,3,180498.322,-0.6541666666666667,-60.0
ideal_infinite,3,180498.322,-0.6520833333333333,-60.0
ideal_infinite,3,180498.322,-0.65,-60.0
ideal_infinite,3,180498.322,-0.6479166666666667,-60.0
ideal_infinite,3,180498.322,-0.6458333333333334,-60.0
ideal_infinite,3,180498.322,-0.64375,-60.0
ideal_infinite,3,180498.322,-0.6416666666666667,-60.0
ideal_infinite,3,180498.322,-0.6395833333333334,-60.0
ideal_infinite,3,180498.322,-0.6375,-60.0
ideal_infinite,3,180498.322,-0.6354166666666666,-60.0
ideal_infinite,3,180498.322,-0.6333333333333333,-60.0
ideal_infinite,3,180498.322,-0.63125,-60.0
ideal_infinite,3,180498.322,-0.6291666666666667,-60.0
ideal_infinite,3,180498.322,-0.6270833333333333,-60.0
ideal_infinite,3,180498.322,-0.625,-60.0
ideal_infinite,3,180498.322,-0.6229166666666667,-60.0
ideal_infinite,3,180498.322,-0.6208333333333333,-60.0
ideal_infinite,3,180498.322,-0.61875,-60.0
ideal_infinite,3,180498.322,-0.6166666666666667,-60.0
ideal_infinite,3,180498.322,-0.6145833333333334,-60.0
ideal_infinite,3,180498.322,-0.6125,-60.0
ideal_infinite,3,180498.322,-0.6104166666666667,-60.0
ideal_infinite,3,180498.322,-0.6083333333333334,-60.0
ideal_infinite,3,180498.322,-0.60625,-60.0
ideal_infinite,3,180498.322,-0.6041666666666666,-60.0
ideal_infinite,3,180498.322,-0.6020833333333333,-60.0
ideal_infinite,3,180498.322,-0.6,-60.0
ideal_infinite,3,180498.322,-0.5979166666666667,-60.0
ideal_infinite,3,180498.322,-0.5958333333333333,-60.0
ideal_infinite,3,180498.322,-0.59375,-60.0
ideal_infinite,3,180498.322,-0.5916666666666667,-60.0
ideal_infinite,3,180498.322,-0.5895833333333333,-60.0
ideal_infinite,3,180498.322,-0.5875,-60.0
ideal_infinite,3,180498.322,-0.5854166666666667,-60.0
ideal_infinite,3,180498.322,-0.5833333333333334,-60.0
ideal_infinite,3,180498.322,-0.58125,-60.0
ideal_infinite,3,180498.322,-0.5791666666666667,-60.0
ideal_infinite,3,180498.322,-0.5770833333333334,-60.0
ideal_infinite,3,180498.322,-0.575,-60.0
ideal_infinite,3,180498.322,-0.5729166666666666,-60.0
ideal_infinite,3,180498.322,-0.5708333333333333,-60.0
ideal_infinite,3,180498.322,-0.56875,-60.0
ideal_infinite,3,180498.322,-0.5666666666666667,-60.0
ideal_infinite,3,180498.322,-0.5645833333333333,-60.0
ideal_infinite,3,180498.322,-0.5625,-60.0
ideal_infinite,3,180498.322,-0.5604166666666667,-60.0
ideal_infinite,3,180498.322,-0.5583333333333333,-60.0
ideal_infinite,3,180498.322,-0.55625,-60.0
ideal_infinite,3,180498.322,-0.5541666666666667,-60.0
ideal_infinite,3,180498.322,-0.5520833333333334,-60.0
ideal_infinite,3,180498.322,-0.55,-60.0
ideal_infinite,3,180498.322,-0.5479166666666667,-60.0
ideal_infinite,3,180498.322,-0.5458333333333334,-60.0
ideal_infinite,3,180498.322,-0.54375,-60.0
ideal_infinite,3,180498.322,-0.5416666666666666,-60.0
ideal_infinite,3,180498.322,-0.5395833333333333,-60.0
ideal_infinite,3,180498.322,-0.5375,-60.0
ideal_infinite,3,180498.322,-0.5354166666666667,-60.0
ideal_infinite,3,180498.322,-0.5333333333333333,-60.0
ideal_infinite,3,180498.322,-0.53125,-60.0
ideal_infinite,3,180498.322,-0.5291666666666667,-60.0
ideal_infinite,3,180498.322,-0.5270833333333333,-60.0
ideal_infinite,3,180498.322,-0.525,-60.0
ideal_infinite,3,180498.322,-0.5229166666666667,-60.0
ideal_infinite,3,180498.322,-0.5208333333333334,-60.0
ideal_infinite,3,180498.322,-0.51875,-60.0
ideal_infinite,3,180498.322,-0.5166666666666667,-60.0
ideal_infinite,3,180498.322,-0.5145833333333334,-60.0
ideal_infinite,3,180498.322,-0.5125,-60.0
ideal_infinite,3,180498.322,-0.5104166666666666,-60.0
ideal_infinite,3,180498.322,-0.5083333333333333,-60.0
ideal_infinite,3,180498.322,-0.50625,-60.0
ideal_infinite,3,180498.322,-0.5041666666666667,-60.0
ideal_infinite,3,180498.322,-0.5020833333333333,-60.0
ideal_infinite,3,180498.322,-0.5,-60.0
ideal_infinite,3,180498.322,-0.4979166666666667,-60.0
ideal_infinite,3,180498.322,-0.49583333333333335,-59.91004209488676
ideal_infinite,3,180498.322,-0.49375,-58.90598310816529
ideal_infinite,3,180498.322,-0.4916666666666667,-58.082798051422046
ideal_infinite,3,180498.322,-0.48958333333333337,-57.41493418727018
ideal_infinite,3,180498.322,-0.48750000000000004,-56.88542754699683
ideal_infinite,3,180498.322,-0.4854166666666667,-56.48325781663131
ideal_infinite,3,180498.322,-0.4833333333333334,-56.201861918837075
ideal_infinite,3,180498.322,-0.48124999999999996,-56.03833520938373
ideal_infinite,3,180498.322,-0.47916666666666663,-55.993099330209745
ideal_infinite,3,180498.322,-0.4770833333333333,-56.069952052418344
ideal_infinite,3,180498.322,-0.475,-56.276511537025215
ideal_infinite,3,180498.322,-0.47291666666666665,-56.62517011883003
ideal_infinite,3,180498.322,-0.4708333333333333,-57.13482984751464
ideal_infinite,3,180498.322,-0.46875,-57.833995114523525
ideal_infinite,3,180498.322,-0.4666666666666667,-58.76647198375331
ideal_infinite,3,180498.322,-0.46458333333333335,-60.0
ideal_infinite,3,180498.322,-0.4625,-60.0
ideal_infinite,3,180498.322,-0.4604166666666667,-60.0
ideal_infinite,3,180498.322,-0.45833333333333337,-60.0
ideal_infinite,3,180498.322,-0.45625000000000004,-60.0
ideal_infinite,3,180498.322,-0.4541666666666667,-60.0
ideal_infinite,3,180498.322,-0.4520833333333334,-60.0
ideal_infinite,3,180498.322,-0.44999999999999996,-60.0
ideal_infinite,3,180498.322,-0.44791666666666663,-60.0
ideal_infinite,3,180498.322,-0.4458333333333333,-59.29164556815409
ideal_infinite,3,180498.322,-0.44375,-57.41783477247289
ideal_infinite,3,180498.322,-0.44166666666666665,-55.91301677145057
ideal_infinite,3,180498.322,-0.4395833333333333,-54.679924872393684
ideal_infinite,3,180498.322,-0.4375,-53.660388927043854
ideal_infinite,3,180498.322,-0.4354166666666667,-52.81743327187719
ideal_infinite,3,180498.322,-0.43333333333333335,-52.12672809742224
ideal_infinite,3,180498.322,-0.43125,-51.57212421526814
ideal_infinite,3,180498.322,-0.4291666666666667,-51.143186790043195
ideal_infinite,3,180498.322,-0.42708333333333337,-50.83381048299893
ideal_infinite,3,180498.322,-0.42500000000000004,-50.64148545222329
ideal_infinite,3,180498.322,-0.4229166666666667,-50.56701378517229
ideal_infinite,3,180498.322,-0.4208333333333334,-50.61460451547191
ideal_infinite,3,180498.322,-0.41875000000000007,-50.79237095323616
ideal_infinite,3,180498.322,-0.41666666666666663,-51.113360316276484
ideal_infinite,3,180498.322,-0.4145833333333333,-51.597414109345586
ideal_infinite,3,180498.322,-0.4125,-52.27448931977008
ideal_infinite,3,180498.322,-0.41041666666666665,-53.1908192949185
ideal_infinite,3,180498.322,-0.4083333333333333,-54.42120519755359
ideal_infinite,3,180498.322,-0.40625,-56.096377475191126
ideal_infinite,3,180498.322,-0.4041666666666667,-58.47474856699442
ideal_infinite,3,180498.322,-0.40208333333333335,-60.0
ideal_infinite,3,180498.322,-0.4,-60.0
ideal_infinite,3,180498.322,-0.3979166666666667,-60.0
ideal_infinite,3,180498.322,-0.39583333333333337,-60.0
ideal_infinite,3,180498.322,-0.39375000000000004,-58.464193105842625
ideal_infinite,3,180498.322,-0.3916666666666667,-55.19804278778789
ideal_infinite,3,180498.322,-0.3895833333333334,-52.798505188682554
ideal_infinite,3,180498.322,-0.38750000000000007,-50.91725537399428
ideal_infinite,3,180498.322,-0.38541666666666663,-49.388961551190945
ideal_infinite,3,180498.322,-0.3833333333333333,-48.12256889652406
ideal_infinite,3,180498.322,-0.38125,-47.06311459008673
ideal_infinite,3,180498.322,-0.37916666666666665,-46.17545364487901
ideal_infinite,3,180498.322,-0.3770833333333333,-45.436387400409814
ideal_infinite,3,180498.322,-0.375,-44.83051679359549
ideal_infinite,3,180498.322,-0.3729166666666667,-44.347941893505904
ideal_infinite,3,180498.322,-0.37083333333333335,-43.982972347390486
ideal_infinite,3,180498.322,-0.36875,-43.73345516643521
ideal_infinite,3,180498.322,-0.3666666666666667,-43.60053853653588
ideal_infinite,3,180498.322,-0.36458333333333337,-43.58881214904888
ideal_infinite,3,180498.322,-0.36250000000000004,-43.7068592115007
ideal_infinite,3,180498.322,-0.3604166666666667,-43.968365839400334
ideal_infinite,3,180498.322,-0.3583333333333334,-44.39411467177421
ideal_infinite,3,180498.322,-0.35625000000000007,-45.01555303594966
ideal_infinite,3,180498.322,-0.35416666666666663,-45.88145885606381
ideal_infinite,3,180498.322,-0.3520833333333333,-47.07138808697366
ideal_infinite,3,180498.322,-0.35,-48.726102638178645
ideal_infinite,3,180498.322,-0.34791666666666665,-51.129401010848355
ideal_infinite,3,180498.322,-0.3458333333333333,-55.0013498890176
ideal_infinite,3,180498.322,-0.34375,-60.0
ideal_infinite,3,180498.322,-0.3416666666666667,-60.0
ideal_infinite,3,180498.322,-0.33958333333333335,-54.68876926119599
ideal_infinite,3,180498.322,-0.3375,-49.81503056902053
ideal_infinite,3,180498.322,-0.3354166666666667,-46.57911958494013
ideal_infinite,3,180498.322,-0.33333333333333337,-44.147199675535624
ideal_infinite,3,180498.322,-0.33125000000000004,-42.20421678215696
ideal_infinite,3,180498.322,-0.3291666666666667,-40.59716221338128
ideal_infinite,3,180498.322,-0.3270833333333334,-39.240557713510505
ideal_infinite,3,180498.322,-0.32500000000000007,-38.08229674211209
ideal_infinite,3,180498.322,-0.32291666666666663,-37.08882039362981
ideal_infinite,3,180498.322,-0.3208333333333333,-36.237858612124064
ideal_infinite,3,180498.322,-0.31875,-35.5145748471166
ideal_infinite,3,180498.322,-0.31666666666666665,-34.909418432075086
ideal_infinite,3,180498.322,-0.3145833333333333,-34.416923382128616
ideal_infinite,3,180498.322,-0.3125,-34.03509383531134
ideal_infinite,3,180498.322,-0.3104166666666667,-33.76521263743234
ideal_infinite,3,180498.322,-0.30833333333333335,-33.612025483395975
ideal_infinite,3,180498.322,-0.30625,-33.58434736809996
ideal_infinite,3,180498.322,-0.3041666666666667,-33.69625365925578
ideal_infinite,3,180498.322,-0.30208333333333337,-33.96921340621138
ideal_infinite,3,180498.322,-0.30000000000000004,-34.43592158150561
ideal_infinite,3,180498.322,-0.2979166666666667,-35.147514814833166
ideal_infinite,3,180498.322,-0.2958333333333334,-36.1883014514381
ideal_infinite,3,180498.322,-0.29375000000000007,-37.70967242404876
ideal_infinite,3,180498.322,-0.29166666666666663,-40.0237748749607
ideal_infinite,3,180498.322,-0.2895833333333333,-43.95593309810677
ideal_infinite,3,180498.322,-0.2875,-53.58990362622749
ideal_infinite,3,180498.322,-0.28541666666666665,-51.03245966731503
ideal_infinite,3,180498.322,-0.2833333333333333,-41.52907035603061
ideal_infinite,3,180498.322,-0.28125,-36.672215749441555
ideal_infinite,3,180498.322,-0.2791666666666667,-33.27877211432417
ideal_infinite,3,180498.322,-0.27708333333333335,-30.62083400555561
ideal_infinite,3,180498.322,-0.275,-28.411072959313714
ideal_infinite,3,180498.322,-0.2729166666666667,-26.50604871979894
ideal_infinite,3,180498.322,-0.27083333333333337,-24.823628457853914
ideal_infinite,3,180498.322,-0.26875000000000004,-23.312292241591507
ideal_infinite,3,180498.322,-0.2666666666666667,-21.93753626307607
ideal_infinite,3,180498.322,-0.2645833333333334,-20.675081537316707
ideal_infinite,3,180498.322,-0.26250000000000007,-19.50716936406956
ideal_infinite,3,180498.322,-0.26041666666666663,-18.42039894496275
ideal_infinite,3,180498.322,-0.2583333333333333,-17.404395332621448
ideal_infinite,3,180498.322,-0.25625,-16.450952020704218
ideal_infinite,3,180498.322,-0.25416666666666665,-15.553458493453903
ideal_infinite,3,180498.322,-0.2520833333333333,-14.706506017193881
ideal_infinite,3,180498.322,-0.25,-13.905608873287552
ideal_infinite,3,180498.322,-0.24791666666666679,-13.147002633652924
ideal_infinite,3,180498.322,-0.24583333333333335,-12.427495211280242
ideal_infinite,3,180498.322,-0.2437499999999999,-11.744354900435843
ideal_infinite,3,180498.322,-0.2416666666666667,-11.095224874684376
ideal_infinite,3,180498.322,-0.23958333333333326,-10.47805695579694
ideal_infinite,3,180498.322,-0.23750000000000004,-9.891059649396222
ideal_infinite,3,180498.322,-0.2354166666666666,-9.33265689931484
ideal_infinite,3,180498.322,-0.2333333333333334,-8.80145500349453
ideal_infinite,3,180498.322,-0.23124999999999996,-8.296215820723468
ideal_infinite,3,180498.322,-0.22916666666666674,-7.815834880962063
ideal_infinite,3,180498.322,-0.2270833333333333,-7.35932335761008
ideal_infinite,3,180498.322,-0.2250000000000001,-6.92579311055784
ideal_infinite,3,180498.322,-0.22291666666666665,-6.5144441927235945
ideal_infinite,3,180498.322,-0.22083333333333344,-6.124554349333618
ideal_infinite,3,180498.322,-0.21875,-5.755470141723209
ideal_infinite,3,180498.322,-0.21666666666666679,-5.406599405201458
ideal_infinite,3,180498.322,-0.21458333333333335,-5.077404810061292
ideal_infinite,3,180498.322,-0.2124999999999999,-4.7673983408163
ideal_infinite,3,180498.322,-0.2104166666666667,-4.47613654457627
ideal_infinite,3,180498.322,-0.20833333333333326,-4.203216427610963
ideal_infinite,3,180498.322,-0.20625000000000004,-3.9482719014098198
ideal_infinite,3,180498.322,-0.2041666666666666,-3.710970697280527
ideal_infinite,3,180498.322,-0.2020833333333334,-3.491011682760356
ideal_infinite,3,180498.322,-0.19999999999999996,-3.288122524605867
ideal_infinite,3,180498.322,-0.19791666666666674,-3.1020576524719035
ideal_infinite,3,180498.322,-0.1958333333333333,-2.9325964850352806
ideal_infinite,3,180498.322,-0.1937500000000001,-2.7795418866176673
ideal_infinite,3,180498.322,-0.19166666666666665,-2.642718827583241
ideal_infinite,3,180498.322,-0.18958333333333344,-2.521973226148888
ideal_infinite,3,180498.322,-0.1875,-2.4171709529134726
ideal_infinite,3,180498.322,-0.18541666666666679,-2.328196982527267
ideal_infinite,3,180498.322,-0.18333333333333335,-2.2549546795882827
ideal_infinite,3,180498.322,-0.1812499999999999,-2.197365208160889
ideal_infinite,3,180498.322,-0.1791666666666667,-2.155367056333249
ideal_infinite,3,180498.322,-0.17708333333333326,-2.1289156690269477
ideal_infinite,3,180498.322,-0.17500000000000004,-2.1179831838936654
ideal_infinite,3,180498.322,-0.1729166666666666,-2.1225582666254326
ideal_infinite,3,180498.322,-0.1708333333333334,-2.142646043405074
ideal_infinite,3,180498.322,-0.16874999999999996,-2.1782681295675173
ideal_infinite,3,180498.322,-0.16666666666666674,-2.2294627548639423
ideal_infinite,3,180498.322,-0.1645833333333333,-2.296284987051734
ideal_infinite,3,180498.322,-0.1625000000000001,-2.378807056906247
ideal_infinite,3,180498.322,-0.16041666666666665,-2.4771187892006648
ideal_infinite,3,180498.322,-0.15833333333333344,-2.591328145763671
ideal_infinite,3,180498.322,-0.15625,-2.721561888445052
ideal_infinite,3,180498.322,-0.15416666666666679,-2.8679663717421415
ideal_infinite,3,180498.322,-0.15208333333333335,-3.030708477024533
ideal_infinite,3,180498.322,-0.1499999999999999,-3.209976702804856
ideal_infinite,3,180498.322,-0.1479166666666667,-3.4059824284244673
ideal_infinite,3,180498.322,-0.14583333333333326,-3.6189613719515865
ideal_infinite,3,180498.322,-0.14375000000000004,-3.849175267151505
ideal_infinite,3,180498.322,-0.1416666666666666,-4.096913789238695
ideal_infinite,3,180498.322,-0.1395833333333334,-4.362496764951327
ideal_infinite,3,180498.322,-0.13749999999999996,-4.6462767095513255
ideal_infinite,3,180498.322,-0.13541666666666674,-4.948641741957819
ideal_infinite,3,180498.322,-0.1333333333333333,-5.270018939781896
ideal_infinite,3,180498.322,-0.1312500000000001,-5.610878209065792
ideal_infinite,3,180498.322,-0.12916666666666665,-5.971736759737144
ideal_infinite,3,180498.322,-0.12708333333333344,-6.3531642980669805
ideal_infinite,3,180498.322,-0.125,-6.75578907298236
ideal_infinite,3,180498.322,-0.12291666666666679,-7.1803049455335195
ideal_infinite,3,180498.322,-0.12083333333333335,-7.6274796923391
ideal_infinite,3,180498.322,-0.11874999999999991,-8.098164807392365
ideal_infinite,3,180498.322,-0.1166666666666667,-8.593307136309027
ideal_infinite,3,180498.322,-0.11458333333333326,-9.113962768625996
ideal_infinite,3,180498.322,-0.11250000000000004,-9.661313735156108
ideal_infinite,3,180498.322,-0.11041666666666661,-10.236688220126037
ideal_infinite,3,180498.322,-0.10833333333333339,-10.841585218426466
ideal_infinite,3,180498.322,-0.10624999999999996,-11.477704871085772
ideal_infinite,3,180498.322,-0.10416666666666674,-12.146986133197322
ideal_infinite,3,180498.322,-0.1020833333333333,-12.85165402278906
ideal_infinite,3,180498.322,-0.10000000000000009,-13.594279551022154
ideal_infinite,3,180498.322,-0.09791666666666665,-14.377856676678487
ideal_infinite,3,180498.322,-0.09583333333333344,-15.205902475144267
ideal_infinite,3,180498.322,-0.09375,-16.082589516857073
ideal_infinite,3,180498.322,-0.09166666666666679,-17.01292380999599
ideal_infinite,3,180498.322,-0.08958333333333335,-18.00298862016041
ideal_infinite,3,180498.322,-0.08749999999999991,-19.060285919531793
ideal_infinite,3,180498.322,-0.0854166666666667,-20.19422667475517
ideal_infinite,3,180498.322,-0.08333333333333326,-21.416855590510963
ideal_infinite,3,180498.322,-0.08125000000000004,-22.743959597888704
ideal_infinite,3,180498.322,-0.07916666666666661,-24.19683368478209
ideal_infinite,3,180498.322,-0.07708333333333339,-25.805236464414993
ideal_infinite,3,180498.322,-0.07499999999999996,-27.612650844481763
ideal_infinite,3,180498.322,-0.07291666666666674,-29.686415393999273
ideal_infinite,3,180498.322,-0.0708333333333333,-32.13939989504427
ideal_infinite,3,180498.322,-0.06875000000000009,-35.18381941432792
ideal_infinite,3,180498.322,-0.06666666666666665,-39.299618084846266
ideal_infinite,3,180498.322,-0.06458333333333344,-46.048273401268354
ideal_infinite,3,180498.322,-0.0625,-60.0
ideal_infinite,3,180498.322,-0.060416666666666785,-46.58284596402819
ideal_infinite,3,180498.322,-0.05833333333333335,-41.35097755751937
ideal_infinite,3,180498.322,-0.05624999999999991,-38.53827214841071
ideal_infinite,3,180498.322,-0.054166666666666696,-36.74892283771351
ideal_infinite,3,180498.322,-0.05208333333333326,-35.537944571490605
ideal_infinite,3,180498.322,-0.050000000000000044,-34.70643971267727
ideal_infinite,3,180498.322,-0.04791666666666661,-34.148819720005456
ideal_infinite,3,180498.322,-0.04583333333333339,-33.80293464310676
ideal_infinite,3,180498.322,-0.043749999999999956,-33.62976076702087
ideal_infinite,3,180498.322,-0.04166666666666674,-33.60387170576643
ideal_infinite,3,180498.322,-0.039583333333333304,-33.708520946535664
ideal_infinite,3,180498.322,-0.03750000000000009,-33.93294471712407
ideal_infinite,3,180498.322,-0.03541666666666665,-34.27084736105372
ideal_infinite,3,180498.322,-0.03333333333333344,-34.7195854827696
ideal_infinite,3,180498.322,-0.03125,-35.279823588767286
ideal_infinite,3,180498.322,-0.029166666666666785,-35.955572706040726
ideal_infinite,3,180498.322,-0.027083333333333348,-36.75462111055266
ideal_infinite,3,180498.322,-0.02499999999999991,-37.689468035711954
ideal_infinite,3,180498.322,-0.022916666666666696,-38.77902523398349
ideal_infinite,3,180498.322,-0.02083333333333326,-40.05164647931255
ideal_infinite,3,180498.322,-0.018750000000000044,-41.55069894326677
ideal_infinite,3,180498.322,-0.016666666666666607,-43.345526847010646
ideal_infinite,3,180498.322,-0.014583333333333393,-45.55537044002047
ideal_infinite,3,180498.322,-0.012499999999999956,-48.410196474287616
ideal_infinite,3,180498.322,-0.01041666666666674,-52.44841066348039
ideal_infinite,3,180498.322,-0.008333333333333304,-59.556066825957444
ideal_infinite,3,180498.322,-0.006250000000000089,-60.0
ideal_infinite,3,180498.322,-0.004166666666666652,-57.49314644669543
ideal_infinite,3,180498.322,-0.002083333333333437,-52.49720240599255
ideal_infinite,3,180498.322,0.0,-49.635150147264625
ideal_infinite,3,180498.322,0.002083333333333215,-47.72665505641072
ideal_infinite,3,180498.322,0.004166666666666652,-46.372618108331906
ideal_infinite,3,180498.322,0.006250000000000089,-45.38960364078808
ideal_infinite,3,180498.322,0.008333333333333304,-44.678534857892124
ideal_infinite,3,180498.322,0.01041666666666674,-44.18037990849437
ideal_infinite,3,180498.322,0.012499999999999956,-43.85772943037065
ideal_infinite,3,180498.322,0.014583333333333393,-43.6860339993476
ideal_infinite,3,180498.322,0.016666666666666607,-43.649039278541835
ideal_infinite,3,180498.322,0.018750000000000044,-43.73626841829861
ideal_infinite,3,180498.322,0.02083333333333326,-43.94160805904414
ideal_infinite,3,180498.322,0.022916666666666696,-44.26255575903332
ideal_infinite,3,180498.322,0.02499999999999991,-44.69992250592951
ideal_infinite,3,180498.322,0.027083333333333348,-45.25791474660014
ideal_infinite,3,180498.322,0.029166666666666563,-45.944616358176106
ideal_infinite,3,180498.322,0.03125,-46.772996158658856
ideal_infinite,3,180498.322,0.033333333333333215,-47.762731628974
ideal_infinite,3,180498.322,0.03541666666666665,-48.94346260464925
ideal_infinite,3,180498.322,0.03750000000000009,-50.36081511265917
ideal_infinite,3,180498.322,0.039583333333333304,-52.0883820938306
ideal_infinite,3,180498.322,0.04166666666666674,-54.25427148492994
ideal_infinite,3,180498.322,0.043749999999999956,-57.11024012303419
ideal_infinite,3,180498.322,0.04583333333333339,-60.0
ideal_infinite,3,180498.322,0.04791666666666661,-60.0
ideal_infinite,3,180498.322,0.050000000000000044,-60.0
ideal_infinite,3,180498.322,0.05208333333333326,-60.0
ideal_infinite,3,180498.322,0.054166666666666696,-59.8813685996815
ideal_infinite,3,180498.322,0.05624999999999991,-57.08367502170531
ideal_infinite,3,180498.322,0.05833333333333335,-55.171588428064084
ideal_infinite,3,180498.322,0.06041666666666656,-53.786385493915034
ideal_infinite,3,180498.322,0.0625,-52.75900598559267
ideal_infinite,3,180498.322,0.06458333333333321,-51.996766540791974
ideal_infinite,3,180498.322,0.06666666666666665,-51.44390995146419
ideal_infinite,3,180498.322,0.06875000000000009,-51.06488175919538
ideal_infinite,3,180498.322,0.0708333333333333,-50.83627086637384
ideal_infinite,3,180498.322,0.07291666666666674,-50.74257415347
ideal_infinite,3,180498.322,0.07499999999999996,-50.77384982977755
ideal_infinite,3,180498.322,0.07708333333333339,-50.92440139796888
ideal_infinite,3,180498.322,0.07916666666666661,-51.19208838653499
ideal_infinite,3,180498.322,0.08125000000000004,-51.57807722520928
ideal_infinite,3,180498.322,0.08333333333333326,-52.08696934433913
ideal_infinite,3,180498.322,0.0854166666666667,-52.72733852461029
ideal_infinite,3,180498.322,0.08749999999999991,-53.512818918918725
ideal_infinite,3,180498.322,0.08958333333333335,-54.46406286486658
ideal_infinite,3,180498.322,0.09166666666666656,-55.612242383181965
ideal_infinite,3,180498.322,0.09375,-57.00557803114951
ideal_infinite,3,180498.322,0.09583333333333321,-58.72247064302517
ideal_infinite,3,180498.322,0.09791666666666665,-60.0
ideal_infinite,3,180498.322,0.10000000000000009,-60.0
ideal_infinite,3,180498.322,0.1020833333333333,-60.0
ideal_infinite,3,180498.322,0.10416666666666674,-60.0
ideal_infinite,3,180498.322,0.10624999999999996,-60.0
ideal_infinite,3,180498.322,0.10833333333333339,-60.0
ideal_infinite,3,180498.322,0.11041666666666661,-60.0
ideal_infinite,3,180498.322,0.11250000000000004,-60.0
ideal_infinite,3,180498.322,0.11458333333333326,-60.0
ideal_infinite,3,180498.322,0.1166666666666667,-59.53337326488196
ideal_infinite,3,180498.322,0.11874999999999991,-58.49822467863996
ideal_infinite,3,180498.322,0.12083333333333335,-57.72070054806672
ideal_infinite,3,180498.322,0.12291666666666656,-57.14818030153923
ideal_infinite,3,180498.322,0.125,-56.746924381372665
ideal_infinite,3,180498.322,0.12708333333333321,-56.49466155012493
ideal_infinite,3,180498.322,0.12916666666666665,-56.37666068806476
ideal_infinite,3,180498.322,0.1312500000000001,-56.383545540204864
ideal_infinite,3,180498.322,0.1333333333333333,-56.510072481400556
ideal_infinite,3,180498.322,0.13541666666666674,-56.75450303290086
ideal_infinite,3,180498.322,0.13749999999999996,-57.11840320796908
ideal_infinite,3,180498.322,0.1395833333333334,-57.60681923308559
ideal_infinite,3,180498.322,0.1416666666666666,-58.22887373297278
ideal_infinite,3,180498.322,0.14375000000000004,-58.998940988987734
ideal_infinite,3,180498.322,0.14583333333333326,-59.93875208506701
ideal_infinite,3,180498.322,0.1479166666666667,-60.0
ideal_infinite,3,180498.322,0.1499999999999999,-60.0
ideal_infinite,3,180498.322,0.15208333333333335,-60.0
ideal_infinite,3,180498.322,0.15416666666666656,-60.0
ideal_infinite,3,180498.322,0.15625,-60.0
ideal_infinite,3,180498.322,0.15833333333333321,-60.0
ideal_infinite,3,180498.322,0.16041666666666665,-60.0
ideal_infinite,3,180498.322,0.1625000000000001,-60.0
ideal_infinite,3,180498.322,0.1645833333333333,-60.0
ideal_infinite,3,180498.322,0.16666666666666674,-60.0
ideal_infinite,3,180498.322,0.16874999999999996,-60.0
ideal_infinite,3,180498.322,0.1708333333333334,-60.0
ideal_infinite,3,180498.322,0.1729166666666666,-60.0
ideal_infinite,3,180498.322,0.17500000000000004,-60.0
ideal_infinite,3,180498.322,0.17708333333333326,-60.0
ideal_infinite,3,180498.322,0.1791666666666667,-60.0
ideal_infinite,3,180498.322,0.1812499999999999,-60.0
ideal_infinite,3,180498.322,0.18333333333333335,-60.0
ideal_infinite,3,180498.322,0.18541666666666656,-60.0
ideal_infinite,3,180498.322,0.1875,-60.0
ideal_infinite,3,180498.322,0.18958333333333321,-60.0
ideal_infinite,3,180498.322,0.19166666666666665,-60.0
ideal_infinite,3,180498.322,0.1937500000000001,-60.0
ideal_infinite,3,180498.322,0.1958333333333333,-60.0
ideal_infinite,3,180498.322,0.19791666666666674,-60.0
ideal_infinite,3,180498.322,0.19999999999999996,-60.0
ideal_infinite,3,180498.322,0.2020833333333334,-60.0
ideal_infinite,3,180498.322,0.2041666666666666,-60.0
ideal_infinite,3,180498.322,0.20625000000000004,-60.0
ideal_infinite,3,180498.322,0.20833333333333326,-60.0
ideal_infinite,3,180498.322,0.2104166666666667,-60.0
ideal_infinite,3,180498.322,0.2124999999999999,-60.0
ideal_infinite,3,180498.322,0.21458333333333335,-60.0
ideal_infinite,3,180498.322,0.21666666666666656,-60.0
ideal_infinite,3,180498.322,0.21875,-60.0
ideal_infinite,3,180498.322,0.22083333333333321,-60.0
ideal_infinite,3,180498.322,0.22291666666666665,-60.0
ideal_infinite,3,180498.322,0.2250000000000001,-60.0
ideal_infinite,3,180498.322,0.2270833333333333,-60.0
ideal_infinite,3,180498.322,0.22916666666666674,-60.0
ideal_infinite,3,180498.322,0.23124999999999996,-60.0
ideal_infinite,3,180498.322,0.2333333333333334,-60.0
ideal_infinite,3,180498.322,0.2354166666666666,-60.0
ideal_infinite,3,180498.322,0.23750000000000004,-60.0
ideal_infinite,3,180498.322,0.23958333333333326,-60.0
ideal_infinite,3,180498.322,0.2416666666666667,-60.0
ideal_infinite,3,180498.322,0.2437499999999999,-60.0
ideal_infinite,3,180498.322,0.24583333333333335,-60.0
ideal_infinite,3,180498.322,0.24791666666666656,-60.0
ideal_infinite,3,180498.322,0.25,-60.0
ideal_infinite,3,180498.322,0.2520833333333332,-60.0
ideal_infinite,3,180498.322,0.25416666666666665,-60.0
ideal_infinite,3,180498.322,0.2562500000000001,-60.0
ideal_infinite,3,180498.322,0.2583333333333333,-60.0
ideal_infinite,3,180498.322,0.26041666666666674,-60.0
ideal_infinite,3,180498.322,0.26249999999999996,-60.0
ideal_infinite,3,180498.322,0.2645833333333334,-60.0
ideal_infinite,3,180498.322,0.2666666666666666,-60.0
ideal_infinite,3,180498.322,0.26875000000000004,-60.0
ideal_infinite,3,180498.322,0.27083333333333326,-60.0
ideal_infinite,3,180498.322,0.2729166666666667,-60.0
ideal_infinite,3,180498.322,0.2749999999999999,-60.0
ideal_infinite,3,180498.322,0.27708333333333335,-60.0
ideal_infinite,3,180498.322,0.27916666666666656,-60.0
ideal_infinite,3,180498.322,0.28125,-60.0
ideal_infinite,3,180498.322,0.2833333333333332,-60.0
ideal_infinite,3,180498.322,0.28541666666666665,-60.0
ideal_infinite,3,180498.322,0.2875000000000001,-60.0
ideal_infinite,3,180498.322,0.2895833333333333,-60.0
ideal_infinite,3,180498.322,0.29166666666666674,-60.0
ideal_infinite,3,180498.322,0.29374999999999996,-60.0
ideal_infinite,3,180498.322,0.2958333333333334,-60.0
ideal_infinite,3,180498.322,0.2979166666666666,-60.0
ideal_infinite,3,180498.322,0.30000000000000004,-60.0
ideal_infinite,3,180498.322,0.30208333333333326,-60.0
ideal_infinite,3,180498.322,0.3041666666666667,-60.0
ideal_infinite,3,180498.322,0.3062499999999999,-60.0
ideal_infinite,3,180498.322,0.30833333333333335,-60.0
ideal_infinite,3,180498.322,0.31041666666666656,-60.0
ideal_infinite,3,180498.322,0.3125,-60.0
ideal_infinite,3,180498.322,0.3145833333333332,-60.0
ideal_infinite,3,180498.322,0.31666666666666665,-60.0
ideal_infinite,3,180498.322,0.3187500000000001,-60.0
ideal_infinite,3,180498.322,0.3208333333333333,-60.0
ideal_infinite,3,180498.322,0.32291666666666674,-60.0
ideal_infinite,3,180498.322,0.32499999999999996,-60.0
ideal_infinite,3,180498.322,0.3270833333333334,-60.0
ideal_infinite,3,180498.322,0.3291666666666666,-60.0
ideal_infinite,3,180498.322,0.33125000000000004,-60.0
ideal_infinite,3,180498.322,0.33333333333333326,-60.0
ideal_infinite,3,180498.322,0.3354166666666667,-60.0
ideal_infinite,3,180498.322,0.3374999999999999,-60.0
ideal_infinite,3,180498.322,0.33958333333333335,-60.0
ideal_infinite,3,180498.322,0.34166666666666656,-60.0
ideal_infinite,3,180498.322,0.34375,-60.0
ideal_infinite,3,180498.322,0.3458333333333332,-60.0
ideal_infinite,3,180498.322,0.34791666666666665,-60.0
ideal_infinite,3,180498.322,0.3500000000000001,-60.0
ideal_infinite,3,180498.322,0.3520833333333333,-60.0
ideal_infinite,3,180498.322,0.35416666666666674,-60.0
ideal_infinite,3,180498.322,0.35624999999999996,-60.0
ideal_infinite,3,180498.322,0.3583333333333334,-60.0
ideal_infinite,3,180498.322,0.3604166666666666,-60.0
ideal_infinite,3,180498.322,0.36250000000000004,-60.0
ideal_infinite,3,180498.322,0.36458333333333326,-60.0
ideal_infinite,3,180498.322,0.3666666666666667,-60.0
ideal_infinite,3,180498.322,0.3687499999999999,-60.0
ideal_infinite,3,180498.322,0.37083333333333335,-60.0
ideal_infinite,3,180498.322,0.37291666666666656,-60.0
ideal_infinite,3,180498.322,0.375,-60.0
ideal_infinite,3,180498.322,0.3770833333333332,-60.0
ideal_infinite,3,180498.322,0.37916666666666665,-60.0
ideal_infinite,3,180498.322,0.38124999999999987,-60.0
ideal_infinite,3,180498.322,0.3833333333333333,-60.0
ideal_infinite,3,180498.322,0.38541666666666674,-60.0
ideal_infinite,3,180498.322,0.38749999999999996,-60.0
ideal_infinite,3,180498.322,0.3895833333333334,-60.0
ideal_infinite,3,180498.322,0.3916666666666666,-60.0
ideal_infinite,3,180498.322,0.39375000000000004,-60.0
ideal_infinite,3,180498.322,0.39583333333333326,-60.0
ideal_infinite,3,180498.322,0.3979166666666667,-60.0
ideal_infinite,3,180498.322,0.3999999999999999,-60.0
ideal_infinite,3,180498.322,0.40208333333333335,-60.0
ideal_infinite,3,180498.322,0.40416666666666656,-60.0
ideal_infinite,3,180498.322,0.40625,-60.0
ideal_infinite,3,180498.322,0.4083333333333332,-60.0
ideal_infinite,3,180498.322,0.41041666666666665,-60.0
ideal_infinite,3,180498.322,0.41249999999999987,-60.0
ideal_infinite,3,180498.322,0.4145833333333333,-60.0
ideal_infinite,3,180498.322,0.41666666666666674,-60.0
ideal_infinite,3,180498.322,0.41874999999999996,-60.0
ideal_infinite,3,180498.322,0.4208333333333334,-60.0
ideal_infinite,3,180498.322,0.4229166666666666,-60.0
ideal_infinite,3,180498.322,0.42500000000000004,-60.0
ideal_infinite,3,180498.322,0.42708333333333326,-60.0
ideal_infinite,3,180498.322,0.4291666666666667,-60.0
ideal_infinite,3,180498.322,0.4312499999999999,-60.0
ideal_infinite,3,180498.322,0.43333333333333335,-60.0
ideal_infinite,3,180498.322,0.43541666666666656,-60.0
ideal_infinite,3,180498.322,0.4375,-60.0
ideal_infinite,3,180498.322,0.4395833333333332,-60.0
ideal_infinite,3,180498.322,0.44166666666666665,-60.0
ideal_infinite,3,180498.322,0.44374999999999987,-60.0
ideal_infinite,3,180498.322,0.4458333333333333,-60.0
ideal_infinite,3,180498.322,0.44791666666666674,-60.0
ideal_infinite,3,180498.322,0.44999999999999996,-60.0
ideal_infinite,3,180498.322,0.4520833333333334,-60.0
ideal_infinite,3,180498.322,0.4541666666666666,-60.0
ideal_infinite,3,180498.322,0.45625000000000004,-60.0
ideal_infinite,3,180498.322,0.45833333333333326,-60.0
ideal_infinite,3,180498.322,0.4604166666666667,-60.0
ideal_infinite,3,180498.322,0.4624999999999999,-60.0
ideal_infinite,3,180498.322,0.46458333333333335,-60.0
ideal_infinite,3,180498.322,0.46666666666666656,-60.0
ideal_infinite,3,180498.322,0.46875,-60.0
ideal_infinite,3,180498.322,0.4708333333333332,-60.0
ideal_infinite,3,180498.322,0.47291666666666665,-60.0
ideal_infinite,3,180498.322,0.47499999999999987,-60.0
ideal_infinite,3,180498.322,0.4770833333333333,-60.0
ideal_infinite,3,180498.322,0.47916666666666674,-60.0
ideal_infinite,3,180498.322,0.48124999999999996,-60.0
ideal_infinite,3,180498.322,0.4833333333333334,-60.0
ideal_infinite,3,180498.322,0.4854166666666666,-60.0
ideal_infinite,3,180498.322,0.48750000000000004,-60.0
ideal_infinite,3,180498.322,0.48958333333333326,-60.0
ideal_infinite,3,180498.322,0.4916666666666667,-60.0
ideal_infinite,3,180498.322,0.4937499999999999,-60.0
ideal_infinite,3,180498.322,0.49583333333333335,-60.0
ideal_infinite,3,180498.322,0.49791666666666656,-60.0
ideal_infinite,3,180498.322,0.5,-60.0
ideal_infinite,3,180498.322,0.5020833333333332,-60.0
ideal_infinite,3,180498.322,0.5041666666666667,-60.0
ideal_infinite,3,180498.322,0.5062499999999999,-60.0
ideal_infinite,3,180498.322,0.5083333333333333,-60.0
ideal_infinite,3,180498.322,0.5104166666666667,-60.0
ideal_infinite,3,180498.322,0.5125,-60.0
ideal_infinite,3,180498.322,0.5145833333333334,-60.0
ideal_infinite,3,180498.322,0.5166666666666666,-60.0
ideal_infinite,3,180498.322,0.51875,-60.0
ideal_infinite,3,180498.322,0.5208333333333333,-60.0
ideal_infinite,3,180498.322,0.5229166666666667,-60.0
ideal_infinite,3,180498.322,0.5249999999999999,-60.0
ideal_infinite,3,180498.322,0.5270833333333333,-60.0
ideal_infinite,3,180498.322,0.5291666666666666,-60.0
ideal_infinite,3,180498.322,0.53125,-60.0
ideal_infinite,3,180498.322,0.5333333333333332,-60.0
ideal_infinite,3,180498.322,0.5354166666666667,-60.0
ideal_infinite,3,180498.322,0.5374999999999999,-60.0
ideal_infinite,3,180498.322,0.5395833333333333,-60.0
ideal_infinite,3,180498.322,0.5416666666666667,-60.0
ideal_infinite,3,180498.322,0.54375,-60.0
ideal_infinite,3,180498.322,0.5458333333333334,-60.0
ideal_infinite,3,180498.322,0.5479166666666666,-60.0
ideal_infinite,3,180498.322,0.55,-60.0
ideal_infinite,3,180498.322,0.5520833333333333,-60.0
ideal_infinite,3,180498.322,0.5541666666666667,-60.0
ideal_infinite,3,180498.322,0.5562499999999999,-60.0
ideal_infinite,3,180498.322,0.5583333333333333,-60.0
ideal_infinite,3,180498.322,0.5604166666666666,-60.0
ideal_infinite,3,180498.322,0.5625,-60.0
ideal_infinite,3,180498.322,0.5645833333333332,-60.0
ideal_infinite,3,180498.322,0.5666666666666667,-60.0
ideal_infinite,3,180498.322,0.5687499999999999,-60.0
ideal_infinite,3,180498.322,0.5708333333333333,-60.0
ideal_infinite,3,180498.322,0.5729166666666667,-60.0
ideal_infinite,3,180498.322,0.575,-60.0
ideal_infinite,3,180498.322,0.5770833333333334,-59.62305804493444
ideal_infinite,3,180498.322,0.5791666666666666,-59.24129116934112
ideal_infinite,3,180498.322,0.58125,-58.98079536577129
ideal_infinite,3,180498.322,0.5833333333333333,-58.838780925041064
ideal_infinite,3,180498.322,0.5854166666666667,-58.815783390592486
ideal_infinite,3,180498.322,0.5874999999999999,-58.91572587373905
ideal_infinite,3,180498.322,0.5895833333333333,-59.146378366395965
ideal_infinite,3,180498.322,0.5916666666666666,-59.520333388326854
ideal_infinite,3,180498.322,0.59375,-60.0
ideal_infinite,3,180498.322,0.5958333333333332,-60.0
ideal_infinite,3,180498.322,0.5979166666666667,-60.0
ideal_infinite,3,180498.322,0.5999999999999999,-60.0
ideal_infinite,3,180498.322,0.6020833333333333,-60.0
ideal_infinite,3,180498.322,0.6041666666666667,-60.0
ideal_infinite,3,180498.322,0.60625,-60.0
ideal_infinite,3,180498.322,0.6083333333333334,-60.0
ideal_infinite,3,180498.322,0.6104166666666666,-60.0
ideal_infinite,3,180498.322,0.6125,-60.0
ideal_infinite,3,180498.322,0.6145833333333333,-60.0
ideal_infinite,3,180498.322,0.6166666666666667,-60.0
ideal_infinite,3,180498.322,0.6187499999999999,-60.0
ideal_infinite,3,180498.322,0.6208333333333333,-60.0
ideal_infinite,3,180498.322,0.6229166666666666,-59.1218970070872
ideal_infinite,3,180498.322,0.625,-57.92832090183573
ideal_infinite,3,180498.322,0.6270833333333332,-56.947428473504395
ideal_infinite,3,180498.322,0.6291666666666667,-56.142830808998696
ideal_infinite,3,180498.322,0.6312499999999999,-55.49057052237893
ideal_infinite,3,180498.322,0.6333333333333333,-54.97475520228634
ideal_infinite,3,180498.322,0.6354166666666667,-54.585142422542376
ideal_infinite,3,180498.322,0.6375,-54.315784386390476
ideal_infinite,3,180498.322,0.6395833333333334,-54.16431314501588
ideal_infinite,3,180498.322,0.6416666666666666,-54.13167190723357
ideal_infinite,3,180498.322,0.64375,-54.22222445211048
ideal_infinite,3,180498.322,0.6458333333333333,-54.44426998654079
ideal_infinite,3,180498.322,0.6479166666666667,-54.81109844140637
ideal_infinite,3,180498.322,0.6499999999999999,-55.34289371759181
ideal_infinite,3,180498.322,0.6520833333333333,-56.07013414888351
ideal_infinite,3,180498.322,0.6541666666666666,-57.03991485217918
ideal_infinite,3,180498.322,0.65625,-58.328606849184936
ideal_infinite,3,180498.322,0.6583333333333332,-60.0
ideal_infinite,3,180498.322,0.6604166666666667,-60.0
ideal_infinite,3,180498.322,0.6624999999999999,-60.0
ideal_infinite,3,180498.322,0.6645833333333333,-60.0
ideal_infinite,3,180498.322,0.6666666666666667,-60.0
ideal_infinite,3,180498.322,0.66875,-60.0
ideal_infinite,3,180498.322,0.6708333333333334,-60.0
ideal_infinite,3,180498.322,0.6729166666666666,-59.32682401694389
ideal_infinite,3,180498.322,0.675,-57.006312811820564
ideal_infinite,3,180498.322,0.6770833333333333,-55.196406831320786
ideal_infinite,3,180498.322,0.6791666666666667,-53.73606700945147
ideal_infinite,3,180498.322,0.6812499999999999,-52.53621805993621
ideal_infinite,3,180498.322,0.6833333333333333,-51.5429538021774
ideal_infinite,3,180498.322,0.6854166666666666,-50.72176022409068
ideal_infinite,3,180498.322,0.6875,-50.049853248208215
ideal_infinite,3,180498.322,0.6895833333333332,-49.512131420486014
ideal_infinite,3,180498.322,0.6916666666666667,-49.09892773283529
ideal_infinite,3,180498.322,0.6937499999999999,-48.8047505270694
ideal_infinite,3,180498.322,0.6958333333333333,-48.62763141916957
ideal_infinite,3,180498.322,0.6979166666666667,-48.56890498316559
ideal_infinite,3,180498.322,0.7,-48.633364732543996
ideal_infinite,3,180498.322,0.7020833333333334,-48.82983448232014
ideal_infinite,3,180498.322,0.7041666666666666,-49.17230639345533
ideal_infinite,3,180498.322,0.70625,-49.68198287308031
ideal_infinite,3,180498.322,0.7083333333333333,-50.39093483956373
ideal_infinite,3,180498.322,0.7104166666666667,-51.34895321323018
ideal_infinite,3,180498.322,0.7124999999999999,-52.637425190212326
ideal_infinite,3,180498.322,0.7145833333333333,-54.40091538595557
ideal_infinite,3,180498.322,0.7166666666666666,-56.93286838568732
ideal_infinite,3,180498.322,0.71875,-60.0
ideal_infinite,3,180498.322,0.7208333333333332,-60.0
ideal_infinite,3,180498.322,0.7229166666666667,-60.0
ideal_infinite,3,180498.322,0.7249999999999999,-60.0
ideal_infinite,3,180498.322,0.7270833333333333,-55.80903199349949
ideal_infinite,3,180498.322,0.7291666666666667,-52.71979946609699
ideal_infinite,3,180498.322,0.73125,-50.41847776551995
ideal_infinite,3,180498.322,0.7333333333333334,-48.60065630245792
ideal_infinite,3,180498.322,0.7354166666666666,-47.11747405650427
ideal_infinite,3,180498.322,0.7375,-45.88546837335897
ideal_infinite,3,180498.322,0.7395833333333333,-44.85368486986998
ideal_infinite,3,180498.322,0.7416666666666667,-43.98931821593451
ideal_infinite,3,180498.322,0.7437499999999999,-43.27065279882909
ideal_infinite,3,180498.322,0.7458333333333333,-42.68330394467293
ideal_infinite,3,180498.322,0.7479166666666666,-42.2181222811369
ideal_infinite,3,180498.322,0.75,-41.870023814589395
ideal_infinite,3,180498.322,0.7520833333333332,-41.637396980832435
ideal_infinite,3,180498.322,0.7541666666666664,-41.52192910535469
ideal_infinite,3,180498.322,0.7562500000000001,-41.528808797616044
ideal_infinite,3,180498.322,0.7583333333333333,-41.667355202863305
ideal_infinite,3,180498.322,0.7604166666666665,-41.95224257043809
ideal_infinite,3,180498.322,0.7625000000000002,-42.40568929009314
ideal_infinite,3,180498.322,0.7645833333333334,-43.061393170718915
ideal_infinite,3,180498.322,0.7666666666666666,-43.97195897983416
ideal_infinite,3,180498.322,0.7687499999999998,-45.224121190971324
ideal_infinite,3,180498.322,0.7708333333333335,-46.974002360889116
ideal_infinite,3,180498.322,0.7729166666666667,-49.545457927183705
ideal_infinite,3,180498.322,0.7749999999999999,-53.80684824739799
ideal_infinite,3,180498.322,0.7770833333333331,-60.0
ideal_infinite,3,180498.322,0.7791666666666668,-60.0
ideal_infinite,3,180498.322,0.78125,-51.61857179946612
ideal_infinite,3,180498.322,0.7833333333333332,-47.12033581692937
ideal_infinite,3,180498.322,0.7854166666666664,-44.04882360078186
ideal_infinite,3,180498.322,0.7875000000000001,-41.71060593140823
ideal_infinite,3,180498.322,0.7895833333333333,-39.829201737726805
ideal_infinite,3,180498.322,0.7916666666666665,-38.26652132614934
ideal_infinite,3,180498.322,0.7937500000000002,-36.94409585422983
ideal_infinite,3,180498.322,0.7958333333333334,-35.813569356836325
ideal_infinite,3,180498.322,0.7979166666666666,-34.84359474780856
ideal_infinite,3,180498.322,0.7999999999999998,-34.0133163249202
ideal_infinite,3,180498.322,0.8020833333333335,-33.308873035792615
ideal_infinite,3,180498.322,0.8041666666666667,-32.72144240281273
ideal_infinite,3,180498.322,0.8062499999999999,-32.246152667847426
ideal_infinite,3,180498.322,0.8083333333333331,-31.88154468045632
ideal_infinite,3,180498.322,0.8104166666666668,-31.629442401408824
ideal_infinite,3,180498.322,0.8125,-31.495200123895295
ideal_infinite,3,180498.322,0.8145833333333332,-31.488389372414353
ideal_infinite,3,180498.322,0.8166666666666664,-31.624112088333334
ideal_infinite,3,180498.322,0.8187500000000001,-31.92534388056693
ideal_infinite,3,180498.322,0.8208333333333333,-32.427165320472305
ideal_infinite,3,180498.322,0.8229166666666665,-33.184816260096724
ideal_infinite,3,180498.322,0.8250000000000002,-34.290412465117186
ideal_infinite,3,180498.322,0.8270833333333334,-35.91238563037338
ideal_infinite,3,180498.322,0.8291666666666666,-38.40874551296739
ideal_infinite,3,180498.322,0.8312499999999998,-42.785672748065124
ideal_infinite,3,180498.322,0.8333333333333335,-55.3614502446426
ideal_infinite,3,180498.322,0.8354166666666667,-46.5952730593337
ideal_infinite,3,180498.322,0.8374999999999999,-38.46207258716681
ideal_infinite,3,180498.322,0.8395833333333331,-33.93654883086664
ideal_infinite,3,180498.322,0.8416666666666668,-30.693670189464164
ideal_infinite,3,180498.322,0.84375,-28.122482003120425
ideal_infinite,3,180498.322,0.8458333333333332,-25.969584282616545
ideal_infinite,3,180498.322,0.8479166666666664,-24.105016539689604
ideal_infinite,3,180498.322,0.8500000000000001,-22.453067936401055
ideal_infinite,3,180498.322,0.8520833333333333,-20.96566879812307
ideal_infinite,3,180498.322,0.8541666666666665,-19.610335525106574
ideal_infinite,3,180498.322,0.8562500000000002,-18.364051300247542
ideal_infinite,3,180498.322,0.8583333333333334,-17.20988707885507
ideal_infinite,3,180498.322,0.8604166666666666,-16.1350101911365
ideal_infinite,3,180498.322,0.8624999999999998,-15.129448063663506
ideal_infinite,3,180498.322,0.8645833333333335,-14.18528733738131
ideal_infinite,3,180498.322,0.8666666666666667,-13.29613626707216
ideal_infinite,3,180498.322,0.8687499999999999,-12.456752804167904
ideal_infinite,3,180498.322,0.8708333333333331,-11.662780545544301
ideal_infinite,3,180498.322,0.8729166666666668,-10.910556993653945
ideal_infinite,3,180498.322,0.875,-10.196971546133646
ideal_infinite,3,180498.322,0.8770833333333332,-9.519358461917657
ideal_infinite,3,180498.322,0.8791666666666664,-8.875414922751965
ideal_infinite,3,180498.322,0.8812500000000001,-8.26313742403465
ideal_infinite,3,180498.322,0.8833333333333333,-7.680771769320901
ideal_infinite,3,180498.322,0.8854166666666665,-7.126773308580631
ideal_infinite,3,180498.322,0.8875000000000002,-6.5997749924908
ideal_infinite,3,180498.322,0.8895833333333334,-6.098561462671281
ideal_infinite,3,180498.322,0.8916666666666666,-5.622047855021844
ideal_infinite,3,180498.322,0.8937499999999998,-5.169262320957452
ideal_infinite,3,180498.322,0.8958333333333335,-4.739331509305069
ideal_infinite,3,180498.322,0.8979166666666667,-4.331468426649479
ideal_infinite,3,180498.322,0.8999999999999999,-3.9449622241346005
ideal_infinite,3,180498.322,0.9020833333333331,-3.579169556670819
ideal_infinite,3,180498.322,0.9041666666666668,-3.233507234897259
ideal_infinite,3,180498.322,0.90625,-2.9074459473042324
ideal_infinite,3,180498.322,0.9083333333333332,-2.6005048740569094
ideal_infinite,3,180498.322,0.9104166666666664,-2.312247048492184
ideal_infinite,3,180498.322,0.9125000000000001,-2.0422753493266255
ideal_infinite,3,180498.322,0.9145833333333333,-1.7902290280537132
ideal_infinite,3,180498.322,0.9166666666666665,-1.5557806931095257
ideal_infinite,3,180498.322,0.9187500000000002,-1.3386336861242127
ideal_infinite,3,180498.322,0.9208333333333334,-1.1385197966820324
ideal_infinite,3,180498.322,0.9229166666666666,-0.9551972710516082
ideal_infinite,3,180498.322,0.9249999999999998,-0.7884490777543983
ideal_infinite,3,180498.322,0.9270833333333335,-0.6380813989430084
ideal_infinite,3,180498.322,0.9291666666666667,-0.5039223216305653
ideal_infinite,3,180498.322,0.9312499999999999,-0.38582070704974164
ideal_infinite,3,180498.322,0.9333333333333331,-0.283645219991119
ideal_infinite,3,180498.322,0.9354166666666668,-0.1972835030038965
ideal_infinite,3,180498.322,0.9375,-0.12664148294486563
ideal_infinite,3,180498.322,0.9395833333333332,-0.07164279961780569
ideal_infinite,3,180498.322,0.9416666666666664,-0.03222834822718678
ideal_infinite,3,180498.322,0.9437500000000001,-0.008355929134035755
ideal_infinite,3,180498.322,0.9458333333333333,0.0
ideal_infinite,3,180498.322,0.9479166666666665,-0.007151526879429347
ideal_infinite,3,180498.322,0.9500000000000002,-0.029817932208164616
ideal_infinite,3,180498.322,0.9520833333333334,-0.06802313897555341
ideal_infinite,3,180498.322,0.9541666666666666,-0.12180771168718214
ideal_infinite,3,180498.322,0.9562499999999998,-0.191229096061051
ideal_infinite,3,180498.322,0.9583333333333335,-0.27636196078353426
ideal_infinite,3,180498.322,0.9604166666666667,-0.37729864611695674
ideal_infinite,3,180498.322,0.9624999999999999,-0.4941497257375608
ideal_infinite,3,180498.322,0.9645833333333331,-0.6270446899312153
ideal_infinite,3,180498.322,0.9666666666666668,-0.7761327602370149
ideal_infinite,3,180498.322,0.96875,-0.9415838478602013
ideal_infinite,3,180498.322,0.9708333333333332,-1.1235896707486812
ideal_infinite,3,180498.322,0.9729166666666664,-1.3223650472219517
ideal_infinite,3,180498.322,0.9750000000000001,-1.5381493875657395
ideal_infinite,3,180498.322,0.9770833333333333,-1.7712084091833087
ideal_infinite,3,180498.322,0.9791666666666665,-2.0218361058911567
ideal_infinite,3,180498.322,0.9812500000000002,-2.290357007958426
ideal_infinite,3,180498.322,0.9833333333333334,-2.5771287767801647
ideal_infinite,3,180498.322,0.9854166666666666,-2.8825451869688186
ideal_infinite,3,180498.322,0.9874999999999998,-3.2070395595686616
ideal_infinite,3,180498.322,0.9895833333333335,-3.551088723602141
ideal_infinite,3,180498.322,0.9916666666666667,-3.915217599955384
ideal_infinite,3,180498.322,0.9937499999999999,-4.300004522661808
ideal_infinite,3,180498.322,0.9958333333333331,-4.706087439199998
ideal_infinite,3,180498.322,0.9979166666666668,-5.134171165187914
ideal_infinite,3,180498.322,1.0,-5.585035912108383
ideal_infinite,3,180498.322,1.0020833333333332,-6.059547362580226
ideal_infinite,3,180498.322,1.0041666666666664,-6.558668640498445
ideal_infinite,3,180498.322,1.00625,-7.083474619144785
ideal_infinite,3,180498.322,1.0083333333333333,-7.635169137605101
ideal_infinite,3,180498.322,1.0104166666666665,-8.215105866688917
ideal_infinite,3,180498.322,1.0125000000000002,-8.824813797629488
ideal_infinite,3,180498.322,1.0145833333333334,-9.466028646046993
ideal_infinite,3,180498.322,1.0166666666666666,-10.140731908635976
ideal_infinite,3,180498.322,1.0187499999999998,-10.85119993950661
ideal_infinite,3,180498.322,1.0208333333333335,-11.600066317953315
ideal_infinite,3,180498.322,1.0229166666666667,-12.390402103136076
ideal_infinite,3,180498.322,1.025,-13.225820545542708
ideal_infinite,3,180498.322,1.0270833333333331,-14.110615833840765
ideal_infinite,3,180498.322,1.0291666666666668,-15.049950151792807
ideal_infinite,3,180498.322,1.03125,-16.05011084902398
ideal_infinite,3,180498.322,1.0333333333333332,-17.11887197300905
ideal_infinite,3,180498.322,1.0354166666666664,-18.26601570053602
ideal_infinite,3,180498.322,1.0375,-19.504107119604516
ideal_infinite,3,180498.322,1.0395833333333333,-20.849686542316263
ideal_infinite,3,180498.322,1.0416666666666665,-22.32518295621268
ideal_infinite,3,180498.322,1.0437500000000002,-23.962145919674896
ideal_infinite,3,180498.322,1.0458333333333334,-25.807064502026517
ideal_infinite,3,180498.322,1.0479166666666666,-27.9327433892063
ideal_infinite,3,180498.322,1.0499999999999998,-30.463148645120043
ideal_infinite,3,180498.322,1.0520833333333335,-33.63700113496413
ideal_infinite,3,180498.322,1.0541666666666667,-38.01719994722491
ideal_infinite,3,180498.322,1.05625,-45.62715635921794
ideal_infinite,3,180498.322,1.0583333333333331,-58.22439394072624
ideal_infinite,3,180498.322,1.0604166666666668,-43.289783211767045
ideal_infinite,3,180498.322,1.0625,-38.66009218798554
ideal_infinite,3,180498.322,1.0645833333333332,-36.065346002594595
ideal_infinite,3,180498.322,1.0666666666666664,-34.39002061197416
ideal_infinite,3,180498.322,1.06875,-33.25022620422824
ideal_infinite,3,180498.322,1.0708333333333333,-32.46822797577407
ideal_infinite,3,180498.322,1.0729166666666665,-31.947732724908356
ideal_infinite,3,180498.322,1.0750000000000002,-31.63133539979734
ideal_infinite,3,180498.322,1.0770833333333334,-31.48270981302796
ideal_infinite,3,180498.322,1.0791666666666666,-31.478100677035844
ideal_infinite,3,180498.322,1.0812499999999998,-31.60187921398812
ideal_infinite,3,180498.322,1.0833333333333335,-31.8440890874847
ideal_infinite,3,180498.322,1.0854166666666667,-32.199069571158844
ideal_infinite,3,180498.322,1.0875,-32.664727421210145
ideal_infinite,3,180498.322,1.0895833333333331,-33.24225807826582
ideal_infinite,3,180498.322,1.0916666666666668,-33.936245019709716
ideal_infinite,3,180498.322,1.09375,-34.75516158257058
ideal_infinite,3,180498.322,1.0958333333333332,-35.712406008763445
ideal_infinite,3,180498.322,1.0979166666666664,-36.8281694845828
ideal_infinite,3,180498.322,1.1,-38.13276999171094
ideal_infinite,3,180498.322,1.1020833333333333,-39.67283733420623
ideal_infinite,3,180498.322,1.1041666666666665,-41.52365774450054
ideal_infinite,3,180498.322,1.1062500000000002,-43.816672965152534
ideal_infinite,3,180498.322,1.1083333333333334,-46.81167584618499
ideal_infinite,3,180498.322,1.1104166666666666,-51.144709833365326
ideal_infinite,3,180498.322,1.1124999999999998,-59.31703475101857
ideal_infinite,3,180498.322,1.1145833333333335,-60.0
ideal_infinite,3,180498.322,1.1166666666666667,-54.25948318801093
ideal_infinite,3,180498.322,1.11875,-49.77687243826506
ideal_infinite,3,180498.322,1.1208333333333331,-47.11335768880214
ideal_infinite,3,180498.322,1.1229166666666668,-45.311626048728684
ideal_infinite,3,180498.322,1.125,-44.02523454101903
ideal_infinite,3,180498.322,1.1270833333333332,-43.08966216836505
ideal_infinite,3,180498.322,1.1291666666666664,-42.41432366978772
ideal_infinite,3,180498.322,1.13125,-41.944588351581906
ideal_infinite,3,180498.322,1.1333333333333333,-41.6455788269387
ideal_infinite,3,180498.322,1.1354166666666665,-41.494330345273916
ideal_infinite,3,180498.322,1.1375000000000002,-41.475658874630376
ideal_infinite,3,180498.322,1.1395833333333334,-41.579868575218384
ideal_infinite,3,180498.322,1.1416666666666666,-41.80146699463744
ideal_infinite,3,180498.322,1.1437499999999998,-42.13849608335262
ideal_infinite,3,180498.322,1.1458333333333335,-42.59229858722971
ideal_infinite,3,180498.322,1.1479166666666667,-43.16766088338195
ideal_infinite,3,180498.322,1.15,-43.87336795809168
ideal_infinite,3,180498.322,1.1520833333333331,-44.72331697911213
ideal_infinite,3,180498.322,1.1541666666666668,-45.73851767371857
ideal_infinite,3,180498.322,1.15625,-46.95067276061809
ideal_infinite,3,180498.322,1.1583333333333332,-48.40886867697087
ideal_infinite,3,180498.322,1.1604166666666664,-50.19307972794938
ideal_infinite,3,180498.322,1.1625,-52.44474737634637
ideal_infinite,3,180498.322,1.1645833333333333,-55.449115599155725
ideal_infinite,3,180498.322,1.1666666666666665,-59.93090472736148
ideal_infinite,3,180498.322,1.1687500000000002,-60.0
ideal_infinite,3,180498.322,1.1708333333333334,-60.0
ideal_infinite,3,180498.322,1.1729166666666666,-60.0
ideal_infinite,3,180498.322,1.1749999999999998,-57.10914099975941
ideal_infinite,3,180498.322,1.1770833333333335,-54.489906134657176
ideal_infinite,3,180498.322,1.1791666666666667,-52.67537638688681
ideal_infinite,3,180498.322,1.18125,-51.35217144618895
ideal_infinite,3,180498.322,1.1833333333333331,-50.36807767208839
ideal_infinite,3,180498.322,1.1854166666666668,-49.63813117681301
ideal_infinite,3,180498.322,1.1875,-49.11063271848984
ideal_infinite,3,180498.322,1.1895833333333332,-48.75238767822077
ideal_infinite,3,180498.322,1.1916666666666664,-48.54147534849831
ideal_infinite,3,180498.322,1.19375,-48.46340782037794
ideal_infinite,3,180498.322,1.1958333333333333,-48.508990683659256
ideal_infinite,3,180498.322,1.1979166666666665,-48.673127490385895
ideal_infinite,3,180498.322,1.2000000000000002,-48.95420971952201
ideal_infinite,3,180498.322,1.2020833333333334,-49.35392956830427
ideal_infinite,3,180498.322,1.2041666666666666,-49.87746856422524
ideal_infinite,3,180498.322,1.2062499999999998,-50.534109341443724
ideal_infinite,3,180498.322,1.2083333333333335,-51.33843375000306
ideal_infinite,3,180498.322,1.2104166666666667,-52.31246648488167
ideal_infinite,3,180498.322,1.2125,-53.489524293554034
ideal_infinite,3,180498.322,1.2145833333333331,-54.921463466517196
ideal_infinite,3,180498.322,1.2166666666666668,-56.69347907189543
ideal_infinite,3,180498.322,1.21875,-58.95819740338655
ideal_infinite,3,180498.322,1.2208333333333332,-60.0
ideal_infinite,3,180498.322,1.2229166666666664,-60.0
ideal_infinite,3,180498.322,1.225,-60.0
ideal_infinite,3,180498.322,1.2270833333333333,-60.0
ideal_infinite,3,180498.322,1.2291666666666665,-60.0
ideal_infinite,3,180498.322,1.2312500000000002,-60.0
ideal_infinite,3,180498.322,1.2333333333333334,-60.0
ideal_infinite,3,180498.322,1.2354166666666666,-58.264837144424746
ideal_infinite,3,180498.322,1.2374999999999998,-56.939498443211285
ideal_infinite,3,180498.322,1.2395833333333335,-55.94128472124253
ideal_infinite,3,180498.322,1.2416666666666667,-55.19045472069937
ideal_infinite,3,180498.322,1.24375,-54.63809026775847
ideal_infinite,3,180498.322,1.2458333333333331,-54.252627326665184
ideal_infinite,3,180498.322,1.2479166666666668,-54.01318062281526
ideal_infinite,3,180498.322,1.25,-53.905970759598716
finite_gaussian,1,178780.2005,-1.25,-60.0
finite_gaussian,1,178780.2005,-1.2479166666666666,-60.0
finite_gaussian,1,178780.2005,-1.2458333333333333,-60.0
finite_gaussian,1,178780.2005,-1.24375,-60.0
finite_gaussian,1,178780.2005,-1.2416666666666667,-60.0
finite_gaussian,1,178780.2005,-1.2395833333333333,-60.0
finite_gaussian,1,178780.2005,-1.2375,-60.0
finite_gaussian,1,178780.2005,-1.2354166666666666,-60.0
finite_gaussian,1,178780.2005,-1.2333333333333334,-60.0
finite_gaussian,1,178780.2005,-1.23125,-60.0
finite_gaussian,1,178780.2005,-1.2291666666666667,-60.0
finite_gaussian,1,178780.2005,-1.2270833333333333,-60.0
finite_gaussian,1,178780.2005,-1.225,-60.0
finite_gaussian,1,178780.2005,-1.2229166666666667,-60.0
finite_gaussian,1,178780.2005,-1.2208333333333334,-60.0
finite_gaussian,1,178780.2005,-1.21875,-60.0
finite_gaussian,1,178780.2005,-1.2166666666666666,-60.0
finite_gaussian,1,178780.2005,-1.2145833333333333,-60.0
finite_gaussian,1,178780.2005,-1.2125,-60.0
finite_gaussian,1,178780.2005,-1.2104166666666667,-60.0
finite_gaussian,1,178780.2005,-1.2083333333333333,-60.0
finite_gaussian,1,178780.2005,-1.20625,-60.0
finite_gaussian,1,178780.2005,-1.2041666666666666,-60.0
finite_gaussian,1,178780.2005,-1.2020833333333334,-60.0
finite_gaussian,1,178780.2005,-1.2,-60.0
finite_gaussian,1,178780.2005,-1.1979166666666667,-60.0
finite_gaussian,1,178780.2005,-1.1958333333333333,-60.0
finite_gaussian,1,178780.2005,-1.19375,-60.0
finite_gaussian,1,178780.2005,-1.1916666666666667,-60.0
finite_gaussian,1,178780.2005,-1.1895833333333334,-60.0
finite_gaussian,1,178780.2005,-1.1875,-60.0
finite_gaussian,1,178780.2005,-1.1854166666666668,-60.0
finite_gaussian,1,178780.2005,-1.1833333333333333,-60.0
finite_gaussian,1,178780.2005,-1.18125,-60.0
finite_gaussian,1,178780.2005,-1.1791666666666667,-60.0
finite_gaussian,1,178780.2005,-1.1770833333333333,-60.0
finite_gaussian,1,178780.2005,-1.175,-60.0
finite_gaussian,1,178780.2005,-1.1729166666666666,-60.0
finite_gaussian,1,178780.2005,-1.1708333333333334,-60.0
finite_gaussian,1,178780.2005,-1.16875,-60.0
finite_gaussian,1,178780.2005,-1.1666666666666667,-60.0
finite_gaussian,1,178780.2005,-1.1645833333333333,-60.0
finite_gaussian,1,178780.2005,-1.1625,-60.0
finite_gaussian,1,178780.2005,-1.1604166666666667,-60.0
finite_gaussian,1,178780.2005,-1.1583333333333334,-60.0
finite_gaussian,1,178780.2005,-1.15625,-60.0
finite_gaussian,1,178780.2005,-1.1541666666666668,-60.0
finite_gaussian,1,178780.2005,-1.1520833333333333,-60.0
finite_gaussian,1,178780.2005,-1.15,-60.0
finite_gaussian,1,178780.2005,-1.1479166666666667,-60.0
finite_gaussian,1,178780.2005,-1.1458333333333333,-60.0
finite_gaussian,1,178780.2005,-1.14375,-60.0
finite_gaussian,1,178780.2005,-1.1416666666666666,-60.0
finite_gaussian,1,178780.2005,-1.1395833333333334,-60.0
finite_gaussian,1,178780.2005,-1.1375,-60.0
finite_gaussian,1,178780.2005,-1.1354166666666667,-60.0
finite_gaussian,1,178780.2005,-1.1333333333333333,-60.0
finite_gaussian,1,178780.2005,-1.13125,-60.0
finite_gaussian,1,178780.2005,-1.1291666666666667,-60.0
finite_gaussian,1,178780.2005,-1.1270833333333334,-60.0
finite_gaussian,1,178780.2005,-1.125,-60.0
finite_gaussian,1,178780.2005,-1.1229166666666668,-60.0
finite_gaussian,1,178780.2005,-1.1208333333333333,-60.0
finite_gaussian,1,178780.2005,-1.11875,-60.0
finite_gaussian,1,178780.2005,-1.1166666666666667,-60.0
finite_gaussian,1,178780.2005,-1.1145833333333333,-60.0
finite_gaussian,1,178780.2005,-1.1125,-60.0
finite_gaussian,1,178780.2005,-1.1104166666666666,-60.0
finite_gaussian,1,178780.2005,-1.1083333333333334,-60.0
finite_gaussian,1,178780.2005,-1.10625,-60.0
finite_gaussian,1,178780.2005,-1.1041666666666667,-60.0
finite_gaussian,1,178780.2005,-1.1020833333333333,-60.0
finite_gaussian,1,178780.2005,-1.1,-60.0
finite_gaussian,1,178780.2005,-1.0979166666666667,-60.0
finite_gaussian,1,178780.2005,-1.0958333333333332,-60.0
finite_gaussian,1,178780.2005,-1.09375,-60.0
finite_gaussian,1,178780.2005,-1.0916666666666668,-60.0
finite_gaussian,1,178780.2005,-1.0895833333333333,-60.0
finite_gaussian,1,178780.2005,-1.0875,-60.0
finite_gaussian,1,178780.2005,-1.0854166666666667,-60.0
finite_gaussian,1,178780.2005,-1.0833333333333333,-60.0
finite_gaussian,1,178780.2005,-1.08125,-60.0
finite_gaussian,1,178780.2005,-1.0791666666666666,-60.0
finite_gaussian,1,178780.2005,-1.0770833333333334,-60.0
finite_gaussian,1,178780.2005,-1.075,-60.0
finite_gaussian,1,178780.2005,-1.0729166666666667,-60.0
finite_gaussian,1,178780.2005,-1.0708333333333333,-60.0
finite_gaussian,1,178780.2005,-1.06875,-60.0
finite_gaussian,1,178780.2005,-1.0666666666666667,-60.0
finite_gaussian,1,178780.2005,-1.0645833333333332,-60.0
finite_gaussian,1,178780.2005,-1.0625,-60.0
finite_gaussian,1,178780.2005,-1.0604166666666668,-60.0
finite_gaussian,1,178780.2005,-1.0583333333333333,-60.0
finite_gaussian,1,178780.2005,-1.05625,-60.0
finite_gaussian,1,178780.2005,-1.0541666666666667,-60.0
finite_gaussian,1,178780.2005,-1.0520833333333333,-60.0
finite_gaussian,1,178780.2005,-1.05,-60.0
finite_gaussian,1,178780.2005,-1.0479166666666666,-60.0
finite_gaussian,1,178780.2005,-1.0458333333333334,-60.0
finite_gaussian,1,178780.2005,-1.04375,-60.0
finite_gaussian,1,178780.2005,-1.0416666666666667,-60.0
finite_gaussian,1,178780.2005,-1.0395833333333333,-60.0
finite_gaussian,1,178780.2005,-1.0375,-60.0
finite_gaussian,1,178780.2005,-1.0354166666666667,-60.0
finite_gaussian,1,178780.2005,-1.0333333333333332,-60.0
finite_gaussian,1,178780.2005,-1.03125,-60.0
finite_gaussian,1,178780.2005,-1.0291666666666668,-60.0
finite_gaussian,1,178780.2005,-1.0270833333333333,-60.0
finite_gaussian,1,178780.2005,-1.025,-60.0
finite_gaussian,1,178780.2005,-1.0229166666666667,-60.0
finite_gaussian,1,178780.2005,-1.0208333333333333,-60.0
finite_gaussian,1,178780.2005,-1.01875,-60.0
finite_gaussian,1,178780.2005,-1.0166666666666666,-59.8597501937498
finite_gaussian,1,178780.2005,-1.0145833333333334,-59.56401626445359
finite_gaussian,1,178780.2005,-1.0125,-59.28279258777909
finite_gaussian,1,178780.2005,-1.0104166666666667,-59.016353720979886
finite_gaussian,1,178780.2005,-1.0083333333333333,-58.76497373527816
finite_gaussian,1,178780.2005,-1.00625,-58.528929355497674
finite_gaussian,1,178780.2005,-1.0041666666666667,-58.308503124721
finite_gaussian,1,178780.2005,-1.0020833333333332,-58.1039866247508
finite_gaussian,1,178780.2005,-1.0,-57.9156837881456
finite_gaussian,1,178780.2005,-0.9979166666666667,-57.74391434304414
finite_gaussian,1,178780.2005,-0.9958333333333333,-57.58901743814441
finite_gaussian,1,178780.2005,-0.99375,-57.45135550237231
finite_gaussian,1,178780.2005,-0.9916666666666667,-57.33131840221861
finite_gaussian,1,178780.2005,-0.9895833333333333,-57.229327969904524
finite_gaussian,1,178780.2005,-0.9875,-57.14584298778645
finite_gaussian,1,178780.2005,-0.9854166666666666,-57.08136472941182
finite_gaussian,1,178780.2005,-0.9833333333333334,-57.03644317590676
finite_gaussian,1,178780.2005,-0.98125,-57.011684048792254
finite_gaussian,1,178780.2005,-0.9791666666666667,-57.007756827843565
finite_gaussian,1,178780.2005,-0.9770833333333333,-57.02540395630536
finite_gaussian,1,178780.2005,-0.975,-57.06545147705597
finite_gaussian,1,178780.2005,-0.9729166666666667,-57.128821393580786
finite_gaussian,1,178780.2005,-0.9708333333333333,-57.21654611039236
finite_gaussian,1,178780.2005,-0.96875,-57.32978537999444
finite_gaussian,1,178780.2005,-0.9666666666666667,-57.469846267903655
finite_gaussian,1,178780.2005,-0.9645833333333333,-57.6382067416245
finite_gaussian,1,178780.2005,-0.9625,-57.83654358689227
finite_gaussian,1,178780.2005,-0.9604166666666667,-58.06676543792211
finite_gaussian,1,178780.2005,-0.9583333333333333,-58.33105174034806
finite_gaussian,1,178780.2005,-0.95625,-58.63189836765617
finite_gaussian,1,178780.2005,-0.9541666666666666,-58.97217022436955
finite_gaussian,1,178780.2005,-0.9520833333333334,-59.355160168506764
finite_gaussian,1,178780.2005,-0.95,-59.784651316989496
finite_gaussian,1,178780.2005,-0.9479166666666667,-60.0
finite_gaussian,1,178780.2005,-0.9458333333333333,-60.0
finite_gaussian,1,178780.2005,-0.94375,-60.0
finite_gaussian,1,178780.2005,-0.9416666666666667,-60.0
finite_gaussian,1,178780.2005,-0.9395833333333333,-60.0
finite_gaussian,1,178780.2005,-0.9375,-60.0
finite_gaussian,1,178780.2005,-0.9354166666666667,-60.0
finite_gaussian,1,178780.2005,-0.9333333333333333,-60.0
finite_gaussian,1,178780.2005,-0.93125,-60.0
finite_gaussian,1,178780.2005,-0.9291666666666667,-60.0
finite_gaussian,1,178780.2005,-0.9270833333333333,-60.0
finite_gaussian,1,178780.2005,-0.925,-60.0
finite_gaussian,1,178780.2005,-0.9229166666666666,-60.0
finite_gaussian,1,178780.2005,-0.9208333333333334,-60.0
finite_gaussian,1,178780.2005,-0.91875,-60.0
finite_gaussian,1,178780.2005,-0.9166666666666667,-60.0
finite_gaussian,1,178780.2005,-0.9145833333333333,-60.0
finite_gaussian,1,178780.2005,-0.9125,-60.0
finite_gaussian,1,178780.2005,-0.9104166666666667,-60.0
finite_gaussian,1,178780.2005,-0.9083333333333333,-60.0
finite_gaussian,1,178780.2005,-0.90625,-60.0
finite_gaussian,1,178780.2005,-0.9041666666666667,-60.0
finite_gaussian,1,178780.2005,-0.9020833333333333,-59.861623146693006
finite_gaussian,1,178780.2005,-0.9,-59.22511474425135
finite_gaussian,1,178780.2005,-0.8979166666666667,-58.64629914631002
finite_gaussian,1,178780.2005,-0.8958333333333333,-58.12029339697705
finite_gaussian,1,178780.2005,-0.89375,-57.64279745882366
finite_gaussian,1,178780.2005,-0.8916666666666666,-57.21006298424257
finite_gaussian,1,178780.2005,-0.8895833333333334,-56.81883569442639
finite_gaussian,1,178780.2005,-0.8875,-56.46629131170957
finite_gaussian,1,178780.2005,-0.8854166666666667,-56.14997371707168
finite_gaussian,1,178780.2005,-0.8833333333333333,-55.86773860692393
finite_gaussian,1,178780.2005,-0.88125,-55.61770338207259
finite_gaussian,1,178780.2005,-0.8791666666666667,-55.39820284980574
finite_gaussian,1,178780.2005,-0.8770833333333333,-55.20774983750058
finite_gaussian,1,178780.2005,-0.875,-55.044999647571096
finite_gaussian,1,178780.2005,-0.8729166666666667,-54.90871725331438
finite_gaussian,1,178780.2005,-0.8708333333333333,-54.79774615793726
finite_gaussian,1,178780.2005,-0.86875,-54.710977875372954
finite_gaussian,1,178780.2005,-0.8666666666666667,-54.64732102701754
finite_gaussian,1,178780.2005,-0.8645833333333333,-54.60566908366655
finite_gaussian,1,178780.2005,-0.8625,-54.584865828280314
finite_gaussian,1,178780.2005,-0.8604166666666666,-54.58366769568919
finite_gaussian,1,178780.2005,-0.8583333333333334,-54.60070229574591
finite_gaussian,1,178780.2005,-0.85625,-54.63442269914733
finite_gaussian,1,178780.2005,-0.8541666666666667,-54.683057531779
finite_gaussian,1,178780.2005,-0.8520833333333333,-54.744557675417965
finite_gaussian,1,178780.2005,-0.85,-54.81654151448054
finite_gaussian,1,178780.2005,-0.8479166666666667,-54.89624229720227
finite_gaussian,1,178780.2005,-0.8458333333333333,-54.98046334004797
finite_gaussian,1,178780.2005,-0.84375,-55.065549411092974
finite_gaussian,1,178780.2005,-0.8416666666666667,-55.14738535222403
finite_gaussian,1,178780.2005,-0.8395833333333333,-55.22143513968266
finite_gaussian,1,178780.2005,-0.8375,-55.28283498735103
finite_gaussian,1,178780.2005,-0.8354166666666667,-55.32655126971517
finite_gaussian,1,178780.2005,-0.8333333333333333,-55.34760657419013
finite_gaussian,1,178780.2005,-0.83125,-55.34136461594472
finite_gaussian,1,178780.2005,-0.8291666666666666,-55.30384858424544
finite_gaussian,1,178780.2005,-0.8270833333333334,-55.232051871998465
finite_gaussian,1,178780.2005,-0.825,-55.12419112514742
finite_gaussian,1,178780.2005,-0.8229166666666667,-54.97985468159125
finite_gaussian,1,178780.2005,-0.8208333333333333,-54.80001648909184
finite_gaussian,1,178780.2005,-0.8187500000000001,-54.586912406729205
finite_gaussian,1,178780.2005,-0.8166666666666667,-54.34380365674099
finite_gaussian,1,178780.2005,-0.8145833333333333,-54.07467183612847
finite_gaussian,1,178780.2005,-0.8125,-53.78389601853203
finite_gaussian,1,178780.2005,-0.8104166666666667,-53.47595565713884
finite_gaussian,1,178780.2005,-0.8083333333333333,-53.15518824601092
finite_gaussian,1,178780.2005,-0.80625,-52.825614213750825
finite_gaussian,1,178780.2005,-0.8041666666666667,-52.490827969105254
finite_gaussian,1,178780.2005,-0.8020833333333333,-52.153945448860725
finite_gaussian,1,178780.2005,-0.8,-51.81759480161912
finite_gaussian,1,178780.2005,-0.7979166666666666,-51.48393668465698
finite_gaussian,1,178780.2005,-0.7958333333333334,-51.154702525978806
finite_gaussian,1,178780.2005,-0.79375,-50.83124176787517
finite_gaussian,1,178780.2005,-0.7916666666666667,-50.5145717671197
finite_gaussian,1,178780.2005,-0.7895833333333333,-50.20542628179129
finite_gaussian,1,178780.2005,-0.7875000000000001,-49.90430019850472
finite_gaussian,1,178780.2005,-0.7854166666666667,-49.61148937076635
finite_gaussian,1,178780.2005,-0.7833333333333333,-49.32712523900876
finite_gaussian,1,178780.2005,-0.78125,-49.05120438966303
finite_gaussian,1,178780.2005,-0.7791666666666667,-48.78361347823363
finite_gaussian,1,178780.2005,-0.7770833333333333,-48.52415006413602
finite_gaussian,1,178780.2005,-0.775,-48.27253993771442
finite_gaussian,1,178780.2005,-0.7729166666666667,-48.02845150017732
finite_gaussian,1,178780.2005,-0.7708333333333333,-47.791507709976564
finite_gaussian,1,178780.2005,-0.76875,-47.561296050037775
finite_gaussian,1,178780.2005,-0.7666666666666666,-47.33737690839956
finite_gaussian,1,178780.2005,-0.7645833333333334,-47.119290705268796
finite_gaussian,1,178780.2005,-0.7625,-46.906564044690484
finite_gaussian,1,178780.2005,-0.7604166666666667,-46.69871511976375
finite_gaussian,1,178780.2005,-0.7583333333333333,-46.495258556591324
finite_gaussian,1,178780.2005,-0.7562500000000001,-46.29570984344191
finite_gaussian,1,178780.2005,-0.7541666666666667,-46.099589457291074
finite_gaussian,1,178780.2005,-0.7520833333333333,-45.90642676938727
finite_gaussian,1,178780.2005,-0.75,-45.715763784242476
finite_gaussian,1,178780.2005,-0.7479166666666667,-45.52715874214306
finite_gaussian,1,178780.2005,-0.7458333333333333,-45.340189593748974
finite_gaussian,1,178780.2005,-0.74375,-45.154457336601446
finite_gaussian,1,178780.2005,-0.7416666666666667,-44.96958918755312
finite_gaussian,1,178780.2005,-0.7395833333333334,-44.78524155249103
finite_gaussian,1,178780.2005,-0.7375,-44.60110274555689
finite_gaussian,1,178780.2005,-0.7354166666666667,-44.416895404618295
finite_gaussian,1,178780.2005,-0.7333333333333334,-44.23237854820278
finite_gaussian,1,178780.2005,-0.73125,-44.047349221502884
finite_gaussian,1,178780.2005,-0.7291666666666666,-43.86164368524934
finite_gaussian,1,178780.2005,-0.7270833333333333,-43.67513811085777
finite_gaussian,1,178780.2005,-0.725,-43.487748757721974
finite_gaussian,1,178780.2005,-0.7229166666666667,-43.29943162307087
finite_gaussian,1,178780.2005,-0.7208333333333333,-43.11018157054174
finite_gaussian,1,178780.2005,-0.71875,-42.92003095955553
finite_gaussian,1,178780.2005,-0.7166666666666667,-42.72904781274174
finite_gaussian,1,178780.2005,-0.7145833333333333,-42.537333572160776
finite_gaussian,1,178780.2005,-0.7125,-42.345020506161326
finite_gaussian,1,178780.2005,-0.7104166666666667,-42.15226883685315
finite_gaussian,1,178780.2005,-0.7083333333333334,-41.959263663071965
finite_gaussian,1,178780.2005,-0.70625,-41.76621175529857
finite_gaussian,1,178780.2005,-0.7041666666666667,-41.57333829743212
finite_gaussian,1,178780.2005,-0.7020833333333334,-41.3808836459626
finite_gaussian,1,178780.2005,-0.7,-41.18910017042588
finite_gaussian,1,178780.2005,-0.6979166666666666,-40.998249230645705
finite_gaussian,1,178780.2005,-0.6958333333333333,-40.808598336758486
finite_gaussian,1,178780.2005,-0.69375,-40.62041852798052
finite_gaussian,1,178780.2005,-0.6916666666666667,-40.433981996048246
finite_gaussian,1,178780.2005,-0.6895833333333333,-40.24955996965656
finite_gaussian,1,178780.2005,-0.6875,-40.06742086742673
finite_gaussian,1,178780.2005,-0.6854166666666667,-39.88782871916604
finite_gaussian,1,178780.2005,-0.6833333333333333,-39.711041848583235
finite_gaussian,1,178780.2005,-0.68125,-39.537311805278016
finite_gaussian,1,178780.2005,-0.6791666666666667,-39.366882529679195
finite_gaussian,1,178780.2005,-0.6770833333333334,-39.199989731626836
finite_gaussian,1,178780.2005,-0.675,-39.0368604613459
finite_gaussian,1,178780.2005,-0.6729166666666667,-38.87771285052515
finite_gaussian,1,178780.2005,-0.6708333333333334,-38.72275600094304
finite_gaussian,1,178780.2005,-0.66875,-38.57218999843195
finite_gaussian,1,178780.2005,-0.6666666666666666,-38.42620603080415
finite_gaussian,1,178780.2005,-0.6645833333333333,-38.28498658955397
finite_gaussian,1,178780.2005,-0.6625,-38.148705736588006
finite_gaussian,1,178780.2005,-0.6604166666666667,-38.01752941882917
finite_gaussian,1,178780.2005,-0.6583333333333333,-37.891615815209214
finite_gaussian,1,178780.2005,-0.65625,-37.7711157022489
finite_gaussian,1,178780.2005,-0.6541666666666667,-37.65617282607838
finite_gaussian,1,178780.2005,-0.6520833333333333,-37.54692427033422
finite_gaussian,1,178780.2005,-0.65,-37.44350081086117
finite_gaussian,1,178780.2005,-0.6479166666666667,-37.34602724953114
finite_gaussian,1,178780.2005,-0.6458333333333334,-37.25462272075434
finite_gaussian,1,178780.2005,-0.64375,-37.16940096540255
finite_gaussian,1,178780.2005,-0.6416666666666667,-37.0904705678837
finite_gaussian,1,178780.2005,-0.6395833333333334,-37.01793515301005
finite_gaussian,1,178780.2005,-0.6375,-36.951893540093586
finite_gaussian,1,178780.2005,-0.6354166666666666,-36.89243985238387
finite_gaussian,1,178780.2005,-0.6333333333333333,-36.839663580557065
finite_gaussian,1,178780.2005,-0.63125,-36.793649599460544
finite_gaussian,1,178780.2005,-0.6291666666666667,-36.75447813774488
finite_gaussian,1,178780.2005,-0.6270833333333333,-36.7222247003682
finite_gaussian,1,178780.2005,-0.625,-36.69695994425858
finite_gaussian,1,178780.2005,-0.6229166666666667,-36.67874950767087
finite_gaussian,1,178780.2005,-0.6208333333333333,-36.66765379399128
finite_gaussian,1,178780.2005,-0.61875,-36.66372771093516
finite_gaussian,1,178780.2005,-0.6166666666666667,-36.667020366257816
finite_gaussian,1,178780.2005,-0.6145833333333334,-36.67757472127663
finite_gaussian,1,178780.2005,-0.6125,-36.695427203682094
finite_gaussian,1,178780.2005,-0.6104166666666667,-36.720607281319836
finite_gaussian,1,178780.2005,-0.6083333333333334,-36.753136998858885
finite_gaussian,1,178780.2005,-0.60625,-36.793030479537315
finite_gaussian,1,178780.2005,-0.6041666666666666,-36.84029339450694
finite_gaussian,1,178780.2005,-0.6020833333333333,-36.8949224026914
finite_gaussian,1,178780.2005,-0.6,-36.956904564540075
finite_gaussian,1,178780.2005,-0.5979166666666667,-37.02621673360995
finite_gaussian,1,178780.2005,-0.5958333333333333,-37.10282493054781
finite_gaussian,1,178780.2005,-0.59375,-37.18668370477876
finite_gaussian,1,178780.2005,-0.5916666666666667,-37.27773549003969
finite_gaussian,1,178780.2005,-0.5895833333333333,-37.37590996082297
finite_gaussian,1,178780.2005,-0.5875,-37.48112339781449
finite_gaussian,1,178780.2005,-0.5854166666666667,-37.59327807150799
finite_gaussian,1,178780.2005,-0.5833333333333334,-37.712261654340054
finite_gaussian,1,178780.2005,-0.58125,-37.83794667289149
finite_gaussian,1,178780.2005,-0.5791666666666667,-37.97019001291225
finite_gaussian,1,178780.2005,-0.5770833333333334,-38.10883249110531
finite_gaussian,1,178780.2005,-0.575,-38.25369850870695
finite_gaussian,1,178780.2005,-0.5729166666666666,-38.404595802859134
finite_gaussian,1,178780.2005,-0.5708333333333333,-38.56131531252875
finite_gaussian,1,178780.2005,-0.56875,-38.72363117620011
finite_gaussian,1,178780.2005,-0.5666666666666667,-38.89130087867515
finite_gaussian,1,178780.2005,-0.5645833333333333,-39.064065563965855
finite_gaussian,1,178780.2005,-0.5625,-39.2416505303543
finite_gaussian,1,178780.2005,-0.5604166666666667,-39.42376592213006
finite_gaussian,1,178780.2005,-0.5583333333333333,-39.61010763017741
finite_gaussian,1,178780.2005,-0.55625,-39.80035841036238
finite_gaussian,1,178780.2005,-0.5541666666666667,-39.99418922443973
finite_gaussian,1,178780.2005,-0.5520833333333334,-40.191260802812245
finite_gaussian,1,178780.2005,-0.55,-40.391225421789365
finite_gaussian,1,178780.2005,-0.5479166666666667,-40.593728879790866
finite_gaussian,1,178780.2005,-0.5458333333333334,-40.7984126470145
finite_gaussian,1,178780.2005,-0.54375,-41.00491615113437
finite_gaussian,1,178780.2005,-0.5416666666666666,-41.21287914727346
finite_gaussian,1,178780.2005,-0.5395833333333333,-41.42194410337433
finite_gaussian,1,178780.2005,-0.5375,-41.63175851169305
finite_gaussian,1,178780.2005,-0.5354166666666667,-41.84197701291243
finite_gaussian,1,178780.2005,-0.5333333333333333,-42.05226319074094
finite_gaussian,1,178780.2005,-0.53125,-42.26229086128262
finite_gaussian,1,178780.2005,-0.5291666666666667,-42.47174464248434
finite_gaussian,1,178780.2005,-0.5270833333333333,-42.68031954434634
finite_gaussian,1,178780.2005,-0.525,-42.88771927044138
finite_gaussian,1,178780.2005,-0.5229166666666667,-43.093652866349245
finite_gaussian,1,178780.2005,-0.5208333333333334,-43.29782929247056
finite_gaussian,1,178780.2005,-0.51875,-43.49994944033117
finite_gaussian,1,178780.2005,-0.5166666666666667,-43.6996950579418
finite_gaussian,1,178780.2005,-0.5145833333333334,-43.89671400912314
finite_gaussian,1,178780.2005,-0.5125,-44.09060127653673
finite_gaussian,1,178780.2005,-0.5104166666666666,-44.28087514754217
finite_gaussian,1,178780.2005,-0.5083333333333333,-44.46694812405137
finite_gaussian,1,178780.2005,-0.50625,-44.64809231226991
finite_gaussian,1,178780.2005,-0.5041666666666667,-44.823399430018796
finite_gaussian,1,178780.2005,-0.5020833333333333,-44.991736187485856
finite_gaussian,1,178780.2005,-0.5,-45.15169673136591
finite_gaussian,1,178780.2005,-0.4979166666666667,-45.3015551676468
finite_gaussian,1,178780.2005,-0.49583333333333335,-45.43922293401845
finite_gaussian,1,178780.2005,-0.49375,-45.562217926171336
finite_gaussian,1,178780.2005,-0.4916666666666667,-45.66765456519391
finite_gaussian,1,178780.2005,-0.48958333333333337,-45.75226592492433
finite_gaussian,1,178780.2005,-0.48750000000000004,-45.81246977396351
finite_gaussian,1,178780.2005,-0.4854166666666667,-45.84448877955544
finite_gaussian,1,178780.2005,-0.4833333333333334,-45.84452998558706
finite_gaussian,1,178780.2005,-0.48124999999999996,-45.8090193661019
finite_gaussian,1,178780.2005,-0.47916666666666663,-45.73487445011064
finite_gaussian,1,178780.2005,-0.4770833333333333,-45.61978436063023
finite_gaussian,1,178780.2005,-0.475,-45.462456574232405
finite_gaussian,1,178780.2005,-0.47291666666666665,-45.262788137718395
finite_gaussian,1,178780.2005,-0.4708333333333333,-45.021928779610015
finite_gaussian,1,178780.2005,-0.46875,-44.74222295402697
finite_gaussian,1,178780.2005,-0.4666666666666667,-44.427041637431046
finite_gaussian,1,178780.2005,-0.46458333333333335,-44.08053498015757
finite_gaussian,1,178780.2005,-0.4625,-43.70734766510562
finite_gaussian,1,178780.2005,-0.4604166666666667,-43.31233824134316
finite_gaussian,1,178780.2005,-0.45833333333333337,-42.90033426998572
finite_gaussian,1,178780.2005,-0.45625000000000004,-42.475941613880394
finite_gaussian,1,178780.2005,-0.4541666666666667,-42.04341319841034
finite_gaussian,1,178780.2005,-0.4520833333333334,-41.60657290360531
finite_gaussian,1,178780.2005,-0.44999999999999996,-41.16878475775579
finite_gaussian,1,178780.2005,-0.44791666666666663,-40.732955727261555
finite_gaussian,1,178780.2005,-0.4458333333333333,-40.301560971737956
finite_gaussian,1,178780.2005,-0.44375,-39.87668229048237
finite_gaussian,1,178780.2005,-0.44166666666666665,-39.460052749733435
finite_gaussian,1,178780.2005,-0.4395833333333333,-39.053102620015466
finite_gaussian,1,178780.2005,-0.4375,-38.6570035217317
finite_gaussian,1,178780.2005,-0.4354166666666667,-38.27270901184507
finite_gaussian,1,178780.2005,-0.43333333333333335,-37.900990780653046
finite_gaussian,1,178780.2005,-0.43125,-37.5424702411017
finite_gaussian,1,178780.2005,-0.4291666666666667,-37.1976456658162
finite_gaussian,1,178780.2005,-0.42708333333333337,-36.86691523120061
finite_gaussian,1,178780.2005,-0.42500000000000004,-36.55059642046898
finite_gaussian,1,178780.2005,-0.4229166666666667,-36.24894226005988
finite_gaussian,1,178780.2005,-0.4208333333333334,-35.96215484556434
finite_gaussian,1,178780.2005,-0.41875000000000007,-35.690396573291366
finite_gaussian,1,178780.2005,-0.41666666666666663,-35.43379944408023
finite_gaussian,1,178780.2005,-0.4145833333333333,-35.19247275423616
finite_gaussian,1,178780.2005,-0.4125,-34.966509438574576
finite_gaussian,1,178780.2005,-0.41041666666666665,-34.75599128448129
finite_gaussian,1,178780.2005,-0.4083333333333333,-34.560993194305084
finite_gaussian,1,178780.2005,-0.40625,-34.38158663619731
finite_gaussian,1,178780.2005,-0.4041666666666667,-34.21784239013955
finite_gaussian,1,178780.2005,-0.40208333333333335,-34.069832665542734
finite_gaussian,1,178780.2005,-0.4,-33.937632638494996
finite_gaussian,1,178780.2005,-0.3979166666666667,-33.82132142941137
finite_gaussian,1,178780.2005,-0.39583333333333337,-33.720982514346495
finite_gaussian,1,178780.2005,-0.39375000000000004,-33.63670353430782
finite_gaussian,1,178780.2005,-0.3916666666666667,-33.568575435163154
finite_gaussian,1,178780.2005,-0.3895833333333334,-33.51669083460928
finite_gaussian,1,178780.2005,-0.38750000000000007,-33.48114147038079
finite_gaussian,1,178780.2005,-0.38541666666666663,-33.462014533416834
finite_gaussian,1,178780.2005,-0.3833333333333333,-33.45938762881201
finite_gaussian,1,178780.2005,-0.38125,-33.47332203361161
finite_gaussian,1,178780.2005,-0.37916666666666665,-33.503853831429126
finite_gaussian,1,178780.2005,-0.3770833333333333,-33.55098239736656
finite_gaussian,1,178780.2005,-0.375,-33.61465558179969
finite_gaussian,1,178780.2005,-0.3729166666666667,-33.69475079958641
finite_gaussian,1,178780.2005,-0.37083333333333335,-33.79105107804654
finite_gaussian,1,178780.2005,-0.36875,-33.903214966622514
finite_gaussian,1,178780.2005,-0.3666666666666667,-34.0307390911289
finite_gaussian,1,178780.2005,-0.36458333333333337,-34.172912095613924
finite_gaussian,1,178780.2005,-0.36250000000000004,-34.32875883836885
finite_gaussian,1,178780.2005,-0.3604166666666667,-34.49697412695481
finite_gaussian,1,178780.2005,-0.3583333333333334,-34.67584618460905
finite_gaussian,1,178780.2005,-0.35625000000000007,-34.86317170166639
finite_gaussian,1,178780.2005,-0.35416666666666663,-35.056167058617795
finite_gaussian,1,178780.2005,-0.3520833333333333,-35.25138441138329
finite_gaussian,1,178780.2005,-0.35,-35.44464691261861
finite_gaussian,1,178780.2005,-0.34791666666666665,-35.63102400476195
finite_gaussian,1,178780.2005,-0.3458333333333333,-35.8048740905067
finite_gaussian,1,178780.2005,-0.34375,-35.95998517048699
finite_gaussian,1,178780.2005,-0.3416666666666667,-36.08983999356843
finite_gaussian,1,178780.2005,-0.33958333333333335,-36.18801629768897
finite_gaussian,1,178780.2005,-0.3375,-36.248702664817266
finite_gaussian,1,178780.2005,-0.3354166666666667,-36.26727055889186
finite_gaussian,1,178780.2005,-0.33333333333333337,-36.24080621931151
finite_gaussian,1,178780.2005,-0.33125000000000004,-36.16849094303876
finite_gaussian,1,178780.2005,-0.3291666666666667,-36.05173938061355
finite_gaussian,1,178780.2005,-0.3270833333333334,-35.8940613830785
finite_gaussian,1,178780.2005,-0.32500000000000007,-35.70068313978837
finite_gaussian,1,178780.2005,-0.32291666666666663,-35.47801877472875
finite_gaussian,1,178780.2005,-0.3208333333333333,-35.2331039769644
finite_gaussian,1,178780.2005,-0.31875,-34.97308756437748
finite_gaussian,1,178780.2005,-0.31666666666666665,-34.70483977848529
finite_gaussian,1,178780.2005,-0.3145833333333333,-34.43469624742566
finite_gaussian,1,178780.2005,-0.3125,-34.16832674218677
finite_gaussian,1,178780.2005,-0.3104166666666667,-33.91070212962399
finite_gaussian,1,178780.2005,-0.30833333333333335,-33.666129052262775
finite_gaussian,1,178780.2005,-0.30625,-33.43832522772683
finite_gaussian,1,178780.2005,-0.3041666666666667,-33.23051463056657
finite_gaussian,1,178780.2005,-0.30208333333333337,-33.045528417714536
finite_gaussian,1,178780.2005,-0.30000000000000004,-32.88590291650624
finite_gaussian,1,178780.2005,-0.2979166666666667,-32.75396988913242
finite_gaussian,1,178780.2005,-0.2958333333333334,-32.651936676100334
finite_gaussian,1,178780.2005,-0.29375000000000007,-32.581954907136094
finite_gaussian,1,178780.2005,-0.29166666666666663,-32.54617640237156
finite_gaussian,1,178780.2005,-0.2895833333333333,-32.54679364843629
finite_gaussian,1,178780.2005,-0.2875,-32.58605952615097
finite_gaussian,1,178780.2005,-0.28541666666666665,-32.6662760735659
finite_gaussian,1,178780.2005,-0.2833333333333333,-32.78973361882541
finite_gaussian,1,178780.2005,-0.28125,-32.95856719639382
finite_gaussian,1,178780.2005,-0.2791666666666667,-33.17447275765264
finite_gaussian,1,178780.2005,-0.27708333333333335,-33.438185205009574
finite_gaussian,1,178780.2005,-0.275,-33.74855619747893
finite_gaussian,1,178780.2005,-0.2729166666666667,-34.10097880513361
finite_gaussian,1,178780.2005,-0.27083333333333337,-34.48481200535073
finite_gaussian,1,178780.2005,-0.26875000000000004,-34.87947720095833
finite_gaussian,1,178780.2005,-0.2666666666666667,-35.24938389051278
finite_gaussian,1,178780.2005,-0.2645833333333334,-35.53950709111555
finite_gaussian,1,178780.2005,-0.26250000000000007,-35.67676913982194
finite_gaussian,1,178780.2005,-0.26041666666666663,-35.58482915926571
finite_gaussian,1,178780.2005,-0.2583333333333333,-35.21322729954812
finite_gaussian,1,178780.2005,-0.25625,-34.563465939457906
finite_gaussian,1,178780.2005,-0.25416666666666665,-33.688051519969015
finite_gaussian,1,178780.2005,-0.2520833333333333,-32.663473526285976
finite_gaussian,1,178780.2005,-0.25,-31.56162169527905
finite_gaussian,1,178780.2005,-0.24791666666666679,-30.435951965331682
finite_gaussian,1,178780.2005,-0.24583333333333335,-29.320659084099514
finite_gaussian,1,178780.2005,-0.2437499999999999,-28.235243790734703
finite_gaussian,1,178780.2005,-0.2416666666666667,-27.18954649301643
finite_gaussian,1,178780.2005,-0.23958333333333326,-26.18757108874716
finite_gaussian,1,178780.2005,-0.23750000000000004,-25.229994984864952
finite_gaussian,1,178780.2005,-0.2354166666666666,-24.315702380126652
finite_gaussian,1,178780.2005,-0.2333333333333334,-23.442683857693556
finite_gaussian,1,178780.2005,-0.23124999999999996,-22.608549710446447
finite_gaussian,1,178780.2005,-0.22916666666666674,-21.81081503882419
finite_gaussian,1,178780.2005,-0.2270833333333333,-21.047052285356692
finite_gaussian,1,178780.2005,-0.2250000000000001,-20.314967685404635
finite_gaussian,1,178780.2005,-0.22291666666666665,-19.612434601086548
finite_gaussian,1,178780.2005,-0.22083333333333344,-18.937502879134783
finite_gaussian,1,178780.2005,-0.21875,-18.288395306066143
finite_gaussian,1,178780.2005,-0.21666666666666679,-17.66349753505605
finite_gaussian,1,178780.2005,-0.21458333333333335,-17.061345119808543
finite_gaussian,1,178780.2005,-0.2124999999999999,-16.480609692556747
finite_gaussian,1,178780.2005,-0.2104166666666667,-15.920085391423138
finite_gaussian,1,178780.2005,-0.20833333333333326,-15.378676101076813
finite_gaussian,1,178780.2005,-0.20625000000000004,-14.855383759130094
finite_gaussian,1,178780.2005,-0.2041666666666666,-14.349297804678704
finite_gaussian,1,178780.2005,-0.2020833333333334,-13.859585749158539
finite_gaussian,1,178780.2005,-0.19999999999999996,-13.385484800255298
finite_gaussian,1,178780.2005,-0.19791666666666674,-12.926294447344159
finite_gaussian,1,178780.2005,-0.1958333333333333,-12.481369910141545
finite_gaussian,1,178780.2005,-0.1937500000000001,-12.050116353976101
finite_gaussian,1,178780.2005,-0.19166666666666665,-11.631983781197786
finite_gaussian,1,178780.2005,-0.18958333333333344,-11.226462516348816
finite_gaussian,1,178780.2005,-0.1875,-10.833079211422419
finite_gaussian,1,178780.2005,-0.18541666666666679,-10.45139330608573
finite_gaussian,1,178780.2005,-0.18333333333333335,-10.080993885732873
finite_gaussian,1,178780.2005,-0.1812499999999999,-9.721496887496489
finite_gaussian,1,178780.2005,-0.1791666666666667,-9.372542610816224
finite_gaussian,1,178780.2005,-0.17708333333333326,-9.0337934948648
finite_gaussian,1,178780.2005,-0.17500000000000004,-8.704932130112615
finite_gaussian,1,178780.2005,-0.1729166666666666,-8.385659475637903
finite_gaussian,1,178780.2005,-0.1708333333333334,-8.075693257539148
finite_gaussian,1,178780.2005,-0.16874999999999996,-7.774766527041487
finite_gaussian,1,178780.2005,-0.16666666666666674,-7.482626359685951
finite_gaussian,1,178780.2005,-0.1645833333333333,-7.199032679398812
finite_gaussian,1,178780.2005,-0.1625000000000001,-6.923757193320754
finite_gaussian,1,178780.2005,-0.16041666666666665,-6.656582425069583
finite_gaussian,1,178780.2005,-0.15833333333333344,-6.397300835664219
finite_gaussian,1,178780.2005,-0.15625,-6.145714022678595
finite_gaussian,1,178780.2005,-0.15416666666666679,-5.901631989359331
finite_gaussian,1,178780.2005,-0.15208333333333335,-5.664872476448631
finite_gaussian,1,178780.2005,-0.1499999999999999,-5.435260350332781
finite_gaussian,1,178780.2005,-0.1479166666666667,-5.212627041899006
finite_gaussian,1,178780.2005,-0.14583333333333326,-4.996810031150309
finite_gaussian,1,178780.2005,-0.14375000000000004,-4.787652373210059
finite_gaussian,1,178780.2005,-0.1416666666666666,-4.585002261856708
finite_gaussian,1,178780.2005,-0.1395833333333334,-4.388712627177379
finite_gaussian,1,178780.2005,-0.13749999999999996,-4.198640764320275
finite_gaussian,1,178780.2005,-0.13541666666666674,-4.014647990673175
finite_gaussian,1,178780.2005,-0.1333333333333333,-3.836599329099059
finite_gaussian,1,178780.2005,-0.1312500000000001,-3.664363215130713
finite_gaussian,1,178780.2005,-0.12916666666666665,-3.4978112262637078
finite_gaussian,1,178780.2005,-0.12708333333333344,-3.3368178317000066
finite_gaussian,1,178780.2005,-0.125,-3.18126016108125
finite_gaussian,1,178780.2005,-0.12291666666666679,-3.03101779091901
finite_gaussian,1,178780.2005,-0.12083333333333335,-2.8859725475771008
finite_gaussian,1,178780.2005,-0.11874999999999991,-2.7460083257943246
finite_gaussian,1,178780.2005,-0.1166666666666667,-2.611010921853427
finite_gaussian,1,178780.2005,-0.11458333333333326,-2.480867880607422
finite_gaussian,1,178780.2005,-0.11250000000000004,-2.3554683556680414
finite_gaussian,1,178780.2005,-0.11041666666666661,-2.234702982143511
finite_gaussian,1,178780.2005,-0.10833333333333339,-2.1184637613870834
finite_gaussian,1,178780.2005,-0.10624999999999996,-2.0066439572816748
finite_gaussian,1,178780.2005,-0.10416666666666674,-1.899138003643532
finite_gaussian,1,178780.2005,-0.1020833333333333,-1.7958414223764012
finite_gaussian,1,178780.2005,-0.10000000000000009,-1.6966507520508523
finite_gaussian,1,178780.2005,-0.09791666666666665,-1.6014634866186475
finite_gaussian,1,178780.2005,-0.09583333333333344,-1.510178024002609
finite_gaussian,1,178780.2005,-0.09375,-1.4226936243258912
finite_gaussian,1,178780.2005,-0.09166666666666679,-1.338910377563839
finite_gaussian,1,178780.2005,-0.08958333333333335,-1.258729180414406
finite_gaussian,1,178780.2005,-0.08749999999999991,-1.1820517221922497
finite_gaussian,1,178780.2005,-0.0854166666666667,-1.1087804795548388
finite_gaussian,1,178780.2005,-0.08333333333333326,-1.0388187198687029
finite_gaussian,1,178780.2005,-0.08125000000000004,-0.9720705130189412
finite_gaussian,1,178780.2005,-0.07916666666666661,-0.9084407514562327
finite_gaussian,1,178780.2005,-0.07708333333333339,-0.8478351782635694
finite_gaussian,1,178780.2005,-0.07499999999999996,-0.7901604230087717
finite_gaussian,1,178780.2005,-0.07291666666666674,-0.7353240451306619
finite_gaussian,1,178780.2005,-0.0708333333333333,-0.6832345845850347
finite_gaussian,1,178780.2005,-0.06875000000000009,-0.6338016194534936
finite_gaussian,1,178780.2005,-0.06666666666666665,-0.5869358301925867
finite_gaussian,1,178780.2005,-0.06458333333333344,-0.5425490701743841
finite_gaussian,1,178780.2005,-0.0625,-0.5005544421418735
finite_gaussian,1,178780.2005,-0.060416666666666785,-0.46086638017498593
finite_gaussian,1,178780.2005,-0.05833333333333335,-0.4234007367350502
finite_gaussian,1,178780.2005,-0.05624999999999991,-0.3880748743286849
finite_gaussian,1,178780.2005,-0.054166666666666696,-0.354807761305881
finite_gaussian,1,178780.2005,-0.05208333333333326,-0.32352007128288274
finite_gaussian,1,178780.2005,-0.050000000000000044,-0.2941342856581667
finite_gaussian,1,178780.2005,-0.04791666666666661,-0.26657479866999056
finite_gaussian,1,178780.2005,-0.04583333333333339,-0.2407680244272278
finite_gaussian,1,178780.2005,-0.043749999999999956,-0.21664250533162374
finite_gaussian,1,178780.2005,-0.04166666666666674,-0.194129021299559
finite_gaussian,1,178780.2005,-0.039583333333333304,-0.17316069918505358
finite_gaussian,1,178780.2005,-0.03750000000000009,-0.1536731218036921
finite_gaussian,1,178780.2005,-0.03541666666666665,-0.1356044359584484
finite_gaussian,1,178780.2005,-0.03333333333333344,-0.11889545887456472
finite_gaussian,1,178780.2005,-0.03125,-0.10348978245997996
finite_gaussian,1,178780.2005,-0.029166666666666785,-0.08933387482177023
finite_gaussian,1,178780.2005,-0.027083333333333348,-0.07637717848607856
finite_gaussian,1,178780.2005,-0.02499999999999991,-0.06457220479003198
finite_gaussian,1,178780.2005,-0.022916666666666696,-0.05387462393799856
finite_gaussian,1,178780.2005,-0.02083333333333326,-0.04424335024148386
finite_gaussian,1,178780.2005,-0.018750000000000044,-0.0356406220913677
finite_gaussian,1,178780.2005,-0.016666666666666607,-0.028032076242860283
finite_gaussian,1,178780.2005,-0.014583333333333393,-0.02138681602711943
finite_gaussian,1,178780.2005,-0.012499999999999956,-0.01567747313848564
finite_gaussian,1,178780.2005,-0.01041666666666674,-0.010880262682667443
finite_gaussian,1,178780.2005,-0.008333333333333304,-0.0069750312084505784
finite_gaussian,1,178780.2005,-0.006250000000000089,-0.003945297483466873
finite_gaussian,1,178780.2005,-0.004166666666666652,-0.0017782858129850344
finite_gaussian,1,178780.2005,-0.002083333333333437,-0.0004649517395401234
finite_gaussian,1,178780.2005,0.0,0.0
finite_gaussian,1,178780.2005,0.002083333333333215,-0.00038189465585583923
finite_gaussian,1,178780.2005,0.004166666666666652,-0.0016128613514285908
finite_gaussian,1,178780.2005,0.006250000000000089,-0.003698881693698882
finite_gaussian,1,178780.2005,0.008333333333333304,-0.006649679786359937
finite_gaussian,1,178780.2005,0.01041666666666674,-0.010478700989428467
finite_gaussian,1,178780.2005,0.012499999999999956,-0.015203083014490571
finite_gaussian,1,178780.2005,0.014583333333333393,-0.020843619503855347
finite_gaussian,1,178780.2005,0.016666666666666607,-0.0274247162803058
finite_gaussian,1,178780.2005,0.018750000000000044,-0.034974340491647916
finite_gaussian,1,178780.2005,0.02083333333333326,-0.04352396291169816
finite_gaussian,1,178780.2005,0.022916666666666696,-0.05310849369581181
finite_gaussian,1,178780.2005,0.02499999999999991,-0.06376621192472494
finite_gaussian,1,178780.2005,0.027083333333333348,-0.07553868930511111
finite_gaussian,1,178780.2005,0.029166666666666563,-0.08847070842824752
finite_gaussian,1,178780.2005,0.03125,-0.10261017601969355
finite_gaussian,1,178780.2005,0.033333333333333215,-0.11800803164220994
finite_gaussian,1,178780.2005,0.03541666666666665,-0.13471815234123144
finite_gaussian,1,178780.2005,0.03750000000000009,-0.1527972537464704
finite_gaussian,1,178780.2005,0.039583333333333304,-0.17230478816471645
finite_gaussian,1,178780.2005,0.04166666666666674,-0.1933028402169355
finite_gaussian,1,178780.2005,0.043749999999999956,-0.21585602058744674
finite_gaussian,1,178780.2005,0.04583333333333339,-0.24003135846381762
finite_gaussian,1,178780.2005,0.04791666666666661,-0.2658981932532629
finite_gaussian,1,178780.2005,0.050000000000000044,-0.2935280661644347
finite_gaussian,1,178780.2005,0.05208333333333326,-0.3229946122426964
finite_gaussian,1,178780.2005,0.054166666666666696,-0.3543734534423162
finite_gaussian,1,178780.2005,0.05624999999999991,-0.38774209331053355
finite_gaussian,1,178780.2005,0.05833333333333335,-0.42317981384642
finite_gaussian,1,178780.2005,0.06041666666666656,-0.4607675750819615
finite_gaussian,1,178780.2005,0.0625,-0.5005879179146052
finite_gaussian,1,178780.2005,0.06458333333333321,-0.542724870699137
finite_gaussian,1,178780.2005,0.06666666666666665,-0.5872638600836391
finite_gaussian,1,178780.2005,0.06875000000000009,-0.6342916265489216
finite_gaussian,1,178780.2005,0.0708333333333333,-0.6838961450844694
finite_gaussian,1,178780.2005,0.07291666666666674,-0.7361665514064006
finite_gaussian,1,178780.2005,0.07499999999999996,-0.791193074095182
finite_gaussian,1,178780.2005,0.07708333333333339,-0.8490669730033275
finite_gaussian,1,178780.2005,0.07916666666666661,-0.9098804842560269
finite_gaussian,1,178780.2005,0.08125000000000004,-0.9737267721420153
finite_gaussian,1,178780.2005,0.08333333333333326,-1.0406998881671488
finite_gaussian,1,178780.2005,0.0854166666666667,-1.1108947375212281
finite_gaussian,1,178780.2005,0.08749999999999991,-1.1844070531879387
finite_gaussian,1,178780.2005,0.08958333333333335,-1.2613333779111264
finite_gaussian,1,178780.2005,0.09166666666666656,-1.341771054215695
finite_gaussian,1,178780.2005,0.09375,-1.4258182226712552
finite_gaussian,1,178780.2005,0.09583333333333321,-1.5135738285790237
finite_gaussian,1,178780.2005,0.09791666666666665,-1.6051376372598076
finite_gaussian,1,178780.2005,0.10000000000000009,-1.7006102581215652
finite_gaussian,1,178780.2005,0.1020833333333333,-1.8000931776910767
finite_gaussian,1,178780.2005,0.10416666666666674,-1.903688801804202
finite_gaussian,1,178780.2005,0.10624999999999996,-2.0115005071644774
finite_gaussian,1,178780.2005,0.10833333333333339,-2.1236327025004265
finite_gaussian,1,178780.2005,0.11041666666666661,-2.2401908995773274
finite_gaussian,1,178780.2005,0.11250000000000004,-2.3612817943512274
finite_gaussian,1,178780.2005,0.11458333333333326,-2.4870133585899197
finite_gaussian,1,178780.2005,0.1166666666666667,-2.617494942330225
finite_gaussian,1,178780.2005,0.11874999999999991,-2.7528373875908145
finite_gaussian,1,178780.2005,0.12083333333333335,-2.893153153818745
finite_gaussian,1,178780.2005,0.12291666666666656,-3.038556455612826
finite_gaussian,1,178780.2005,0.125,-3.189163413342384
finite_gaussian,1,178780.2005,0.12708333333333321,-3.345092217362714
finite_gaussian,1,178780.2005,0.12916666666666665,-3.5064633066238526
finite_gaussian,1,178780.2005,0.1312500000000001,-3.6733995625734917
finite_gaussian,1,178780.2005,0.1333333333333333,-3.846026519374318
finite_gaussian,1,178780.2005,0.13541666666666674,-4.024472591587616
finite_gaussian,1,178780.2005,0.13749999999999996,-4.208869320623493
finite_gaussian,1,178780.2005,0.1395833333333334,-4.399351641425108
finite_gaussian,1,178780.2005,0.1416666666666666,-4.596058171040005
finite_gaussian,1,178780.2005,0.14375000000000004,-4.799131520942969
finite_gaussian,1,178780.2005,0.14583333333333326,-5.008718635210111
finite_gaussian,1,178780.2005,0.1479166666666667,-5.224971156911815
finite_gaussian,1,178780.2005,0.1499999999999999,-5.448045825392516
finite_gaussian,1,178780.2005,0.15208333333333335,-5.678104907447862
finite_gaussian,1,178780.2005,0.15416666666666656,-5.915316665795514
finite_gaussian,1,178780.2005,0.15625,-6.159855868677403
finite_gaussian,1,178780.2005,0.15833333333333321,-6.411904344930759
finite_gaussian,1,178780.2005,0.16041666666666665,-6.67165158943839
finite_gaussian,1,178780.2005,0.1625000000000001,-6.939295424520689
finite_gaussian,1,178780.2005,0.1645833333333333,-7.215042723581313
finite_gaussian,1,178780.2005,0.16666666666666674,-7.499110204176228
finite_gaussian,1,178780.2005,0.16874999999999996,-7.7917252986617855
finite_gaussian,1,178780.2005,0.1708333333333334,-8.093127111713853
finite_gaussian,1,178780.2005,0.1729166666666666,-8.403567475316276
finite_gaussian,1,178780.2005,0.17500000000000004,-8.72331211332835
finite_gaussian,1,178780.2005,0.17708333333333326,-9.052641929482167
finite_gaussian,1,178780.2005,0.1791666666666667,-9.391854434677905
finite_gaussian,1,178780.2005,0.1812499999999999,-9.741265331772158
finite_gaussian,1,178780.2005,0.18333333333333335,-10.101210278750244
finite_gaussian,1,178780.2005,0.18541666666666656,-10.472046854280851
finite_gaussian,1,178780.2005,0.1875,-10.854156753241384
finite_gaussian,1,178780.2005,0.18958333333333321,-11.247948243923604
finite_gaussian,1,178780.2005,0.19166666666666665,-11.65385892335422
finite_gaussian,1,178780.2005,0.1937500000000001,-12.072358812532059
finite_gaussian,1,178780.2005,0.1958333333333333,-12.503953839433313
finite_gaussian,1,178780.2005,0.19791666666666674,-12.949189764344748
finite_gaussian,1,178780.2005,0.19999999999999996,-13.408656609362101
finite_gaussian,1,178780.2005,0.2020833333333334,-13.882993661505722
finite_gaussian,1,178780.2005,0.2041666666666666,-14.37289512637907
finite_gaussian,1,178780.2005,0.20625000000000004,-14.879116515776676
finite_gaussian,1,178780.2005,0.20833333333333326,-15.402481856601469
finite_gaussian,1,178780.2005,0.2104166666666667,-15.943891807294976
finite_gaussian,1,178780.2005,0.2124999999999999,-16.504332757324377
finite_gaussian,1,178780.2005,0.21458333333333335,-17.08488695781223
finite_gaussian,1,178780.2005,0.21666666666666656,-17.6867436749501
finite_gaussian,1,178780.2005,0.21875,-18.31121125216571
finite_gaussian,1,178780.2005,0.22083333333333321,-18.95972977830513
finite_gaussian,1,178780.2005,0.22291666666666665,-19.63388373077601
finite_gaussian,1,178780.2005,0.2250000000000001,-20.335413399400885
finite_gaussian,1,178780.2005,0.2270833333333333,-21.066222937449048
finite_gaussian,1,178780.2005,0.22916666666666674,-21.828381256614243
finite_gaussian,1,178780.2005,0.23124999999999996,-22.624109214030437
finite_gaussian,1,178780.2005,0.2333333333333334,-23.455741830724975
finite_gaussian,1,178780.2005,0.2354166666666666,-24.325646269582005
finite_gaussian,1,178780.2005,0.23750000000000004,-25.236062705872783
finite_gaussian,1,178780.2005,0.23958333333333326,-26.188812367482246
finite_gaussian,1,178780.2005,0.2416666666666667,-27.184779467213044
finite_gaussian,1,178780.2005,0.2437499999999999,-28.223015105780167
finite_gaussian,1,178780.2005,0.24583333333333335,-29.299229741142106
finite_gaussian,1,178780.2005,0.24791666666666656,-30.403360050734236
finite_gaussian,1,178780.2005,0.25,-31.515923598638842
finite_gaussian,1,178780.2005,0.2520833333333332,-32.603325228397615
finite_gaussian,1,178780.2005,0.25416666666666665,-33.61377422956855
finite_gaussian,1,178780.2005,0.2562500000000001,-34.478420966785706
finite_gaussian,1,178780.2005,0.2583333333333333,-35.12455562476843
finite_gaussian,1,178780.2005,0.26041666666666674,-35.50215643158644
finite_gaussian,1,178780.2005,0.26249999999999996,-35.60891812701953
finite_gaussian,1,178780.2005,0.2645833333333334,-35.49163332701368
finite_gaussian,1,178780.2005,0.2666666666666666,-35.22255232959108
finite_gaussian,1,178780.2005,0.26875000000000004,-34.87207033884181
finite_gaussian,1,178780.2005,0.27083333333333326,-34.494145127322426
finite_gaussian,1,178780.2005,0.2729166666666667,-34.124321902199476
finite_gaussian,1,178780.2005,0.2749999999999999,-33.7835763785621
finite_gaussian,1,178780.2005,0.27708333333333335,-33.48305482387432
finite_gaussian,1,178780.2005,0.27916666666666656,-33.227834520098796
finite_gaussian,1,178780.2005,0.28125,-33.01945662121061
finite_gaussian,1,178780.2005,0.2833333333333332,-32.85750085712313
finite_gaussian,1,178780.2005,0.28541666666666665,-32.74052075547247
finite_gaussian,1,178780.2005,0.2875000000000001,-32.666580679154976
finite_gaussian,1,178780.2005,0.2895833333333333,-32.633552753255316
finite_gaussian,1,178780.2005,0.29166666666666674,-32.63927074879349
finite_gaussian,1,178780.2005,0.29374999999999996,-32.68159856972593
finite_gaussian,1,178780.2005,0.2958333333333334,-32.758446837433965
finite_gaussian,1,178780.2005,0.2979166666666666,-32.867756599103835
finite_gaussian,1,178780.2005,0.30000000000000004,-33.0074605959929
finite_gaussian,1,178780.2005,0.30208333333333326,-33.17542747300804
finite_gaussian,1,178780.2005,0.3041666666666667,-33.36939144628987
finite_gaussian,1,178780.2005,0.3062499999999999,-33.58686856834181
finite_gaussian,1,178780.2005,0.30833333333333335,-33.82506056332554
finite_gaussian,1,178780.2005,0.31041666666666656,-34.08074826702872
finite_gaussian,1,178780.2005,0.3125,-34.3501792193952
finite_gaussian,1,178780.2005,0.3145833333333332,-34.628958234933364
finite_gaussian,1,178780.2005,0.31666666666666665,-34.911956010649334
finite_gaussian,1,178780.2005,0.3187500000000001,-35.19325871287022
finite_gaussian,1,178780.2005,0.3208333333333333,-35.46618961276666
finite_gaussian,1,178780.2005,0.32291666666666674,-35.72343906482397
finite_gaussian,1,178780.2005,0.32499999999999996,-35.95733630034551
finite_gaussian,1,178780.2005,0.3270833333333334,-36.160279596479555
finite_gaussian,1,178780.2005,0.3291666666666666,-36.32530677696471
finite_gaussian,1,178780.2005,0.33125000000000004,-36.446739739966524
finite_gaussian,1,178780.2005,0.33333333333333326,-36.52079027081717
finite_gaussian,1,178780.2005,0.3354166666666667,-36.54599358473398
finite_gaussian,1,178780.2005,0.3374999999999999,-36.52336021013545
finite_gaussian,1,178780.2005,0.33958333333333335,-36.456205005654816
finite_gaussian,1,178780.2005,0.34166666666666656,-36.34969815027787
finite_gaussian,1,178780.2005,0.34375,-36.21024954835907
finite_gaussian,1,178780.2005,0.3458333333333332,-36.04486005989922
finite_gaussian,1,178780.2005,0.34791666666666665,-35.86055048936123
finite_gaussian,1,178780.2005,0.3500000000000001,-35.663932261092356
finite_gaussian,1,178780.2005,0.3520833333333333,-35.460935813468126
finite_gaussian,1,178780.2005,0.35416666666666674,-35.25667891993902
finite_gaussian,1,178780.2005,0.35624999999999996,-35.055440977339735
finite_gaussian,1,178780.2005,0.3583333333333334,-34.86070697583002
finite_gaussian,1,178780.2005,0.3604166666666666,-34.675250330026635
finite_gaussian,1,178780.2005,0.36250000000000004,-34.50123195248587
finite_gaussian,1,178780.2005,0.36458333333333326,-34.3403008406543
finite_gaussian,1,178780.2005,0.3666666666666667,-34.19368771150344
finite_gaussian,1,178780.2005,0.3687499999999999,-34.06228761481729
finite_gaussian,1,178780.2005,0.37083333333333335,-33.9467302522008
finite_gaussian,1,178780.2005,0.37291666666666656,-33.84743833873702
finite_gaussian,1,178780.2005,0.375,-33.76467515686882
finite_gaussian,1,178780.2005,0.3770833333333332,-33.69858277019425
finite_gaussian,1,178780.2005,0.37916666666666665,-33.64921239991354
finite_gaussian,1,178780.2005,0.38124999999999987,-33.61654835555854
finite_gaussian,1,178780.2005,0.3833333333333333,-33.60052673743481
finite_gaussian,1,178780.2005,0.38541666666666674,-33.60104993807174
finite_gaussian,1,178780.2005,0.38749999999999996,-33.61799778849526
finite_gaussian,1,178780.2005,0.3895833333333334,-33.651236033433385
finite_gaussian,1,178780.2005,0.3916666666666666,-33.70062268116108
finite_gaussian,1,178780.2005,0.39375000000000004,-33.76601265811085
finite_gaussian,1,178780.2005,0.39583333333333326,-33.84726110325409
finite_gaussian,1,178780.2005,0.3979166666666667,-33.94422555953538
finite_gaussian,1,178780.2005,0.3999999999999999,-34.05676725617913
finite_gaussian,1,178780.2005,0.40208333333333335,-34.184751623570705
finite_gaussian,1,178780.2005,0.40416666666666656,-34.328048139060414
finite_gaussian,1,178780.2005,0.40625,-34.48652956522247
finite_gaussian,1,178780.2005,0.4083333333333332,-34.660070609912246
finite_gaussian,1,178780.2005,0.41041666666666665,-34.84854600827498
finite_gaussian,1,178780.2005,0.41249999999999987,-35.05182799925489
finite_gaussian,1,178780.2005,0.4145833333333333,-35.269783141917394
finite_gaussian,1,178780.2005,0.41666666666666674,-35.502268388954654
finite_gaussian,1,178780.2005,0.41874999999999996,-35.749126305196135
finite_gaussian,1,178780.2005,0.4208333333333334,-36.010179287066556
finite_gaussian,1,178780.2005,0.4229166666666666,-36.285222604275134
finite_gaussian,1,178780.2005,0.42500000000000004,-36.57401604755575
finite_gaussian,1,178780.2005,0.42708333333333326,-36.87627392663763
finite_gaussian,1,178780.2005,0.4291666666666667,-37.1916531225123
finite_gaussian,1,178780.2005,0.4312499999999999,-37.51973886080327
finite_gaussian,1,178780.2005,0.43333333333333335,-37.86002784446734
finite_gaussian,1,178780.2005,0.43541666666666656,-38.21190837362708
finite_gaussian,1,178780.2005,0.4375,-38.57463710272382
finite_gaussian,1,178780.2005,0.4395833333333332,-38.94731216209354
finite_gaussian,1,178780.2005,0.44166666666666665,-39.328842533271754
finite_gaussian,1,178780.2005,0.44374999999999987,-39.71791385618109
finite_gaussian,1,178780.2005,0.4458333333333333,-40.11295131381055
finite_gaussian,1,178780.2005,0.44791666666666674,-40.51208094495232
finite_gaussian,1,178780.2005,0.44999999999999996,-40.91309173328411
finite_gaussian,1,178780.2005,0.4520833333333334,-41.3134021412257
finite_gaussian,1,178780.2005,0.4541666666666666,-41.71003636564314
finite_gaussian,1,178780.2005,0.45625000000000004,-42.09961733641512
finite_gaussian,1,178780.2005,0.45833333333333326,-42.478385019238374
finite_gaussian,1,178780.2005,0.4604166666666667,-42.84224934427532
finite_gaussian,1,178780.2005,0.4624999999999999,-43.186886260949194
finite_gaussian,1,178780.2005,0.46458333333333335,-43.50788214004652
finite_gaussian,1,178780.2005,0.46666666666666656,-43.80092540312916
finite_gaussian,1,178780.2005,0.46875,-44.062035044474605
finite_gaussian,1,178780.2005,0.4708333333333332,-44.28780510270997
finite_gaussian,1,178780.2005,0.47291666666666665,-44.47563501247433
finite_gaussian,1,178780.2005,0.47499999999999987,-44.62391171089516
finite_gaussian,1,178780.2005,0.4770833333333333,-44.7321132081002
finite_gaussian,1,178780.2005,0.47916666666666674,-44.800815427541785
finite_gaussian,1,178780.2005,0.48124999999999996,-44.83160162271842
finite_gaussian,1,178780.2005,0.4833333333333334,-44.826891378253805
finite_gaussian,1,178780.2005,0.4854166666666666,-44.789718811242885
finite_gaussian,1,178780.2005,0.48750000000000004,-44.723494029476655
finite_gaussian,1,178780.2005,0.48958333333333326,-44.631778329091105
finite_gaussian,1,178780.2005,0.4916666666666667,-44.51809472292703
finite_gaussian,1,178780.2005,0.4937499999999999,-44.385784775569434
finite_gaussian,1,178780.2005,0.49583333333333335,-44.23791334146777
finite_gaussian,1,178780.2005,0.49791666666666656,-44.07721624323881
finite_gaussian,1,178780.2005,0.5,-43.90608245482699
finite_gaussian,1,178780.2005,0.5020833333333332,-43.72656140243858
finite_gaussian,1,178780.2005,0.5041666666666667,-43.54038669372203
finite_gaussian,1,178780.2005,0.5062499999999999,-43.34900911780059
finite_gaussian,1,178780.2005,0.5083333333333333,-43.15363352984861
finite_gaussian,1,178780.2005,0.5104166666666667,-42.95525588764998
finite_gaussian,1,178780.2005,0.5125,-42.754698077829445
finite_gaussian,1,178780.2005,0.5145833333333334,-42.55263921395165
finite_gaussian,1,178780.2005,0.5166666666666666,-42.34964283241466
finite_gaussian,1,178780.2005,0.51875,-42.14617990817038
finite_gaussian,1,178780.2005,0.5208333333333333,-41.94264791923337
finite_gaussian,1,178780.2005,0.5229166666666667,-41.73938635923972
finite_gaussian,1,178780.2005,0.5249999999999999,-41.536689173600756
finite_gaussian,1,178780.2005,0.5270833333333333,-41.33481460942528
finite_gaussian,1,178780.2005,0.5291666666666666,-41.133992945883094
finite_gaussian,1,178780.2005,0.53125,-40.93443252655583
finite_gaussian,1,178780.2005,0.5333333333333332,-40.73632445980775
finite_gaussian,1,178780.2005,0.5354166666666667,-40.53984629473098
finite_gaussian,1,178780.2005,0.5374999999999999,-40.345164923502146
finite_gaussian,1,178780.2005,0.5395833333333333,-40.152438908848936
finite_gaussian,1,178780.2005,0.5416666666666667,-39.961820389296804
finite_gaussian,1,178780.2005,0.54375,-39.77345667558696
finite_gaussian,1,178780.2005,0.5458333333333334,-39.58749161915952
finite_gaussian,1,178780.2005,0.5479166666666666,-39.40406680756573
finite_gaussian,1,178780.2005,0.55,-39.223322621511095
finite_gaussian,1,178780.2005,0.5520833333333333,-39.04539917326021
finite_gaussian,1,178780.2005,0.5541666666666667,-38.870437135585156
finite_gaussian,1,178780.2005,0.5562499999999999,-38.69857846357072
finite_gaussian,1,178780.2005,0.5583333333333333,-38.52996700766486
finite_gaussian,1,178780.2005,0.5604166666666666,-38.36474901473239
finite_gaussian,1,178780.2005,0.5625,-38.20307351392673
finite_gaussian,1,178780.2005,0.5645833333333332,-38.04509258542214
finite_gaussian,1,178780.2005,0.5666666666666667,-37.890961512009426
finite_gaussian,1,178780.2005,0.5687499999999999,-37.74083881588119
finite_gaussian,1,178780.2005,0.5708333333333333,-37.5948861853357
finite_gaussian,1,178780.2005,0.5729166666666667,-37.45326829838045
finite_gaussian,1,178780.2005,0.575,-37.316152552166464
finite_gaussian,1,178780.2005,0.5770833333333334,-37.183708708724424
finite_gaussian,1,178780.2005,0.5791666666666666,-37.05610846854263
finite_gaussian,1,178780.2005,0.58125,-36.93352498411558
finite_gaussian,1,178780.2005,0.5833333333333333,-36.81613232570635
finite_gaussian,1,178780.2005,0.5854166666666667,-36.70410491124864
finite_gaussian,1,178780.2005,0.5874999999999999,-36.59761691161893
finite_gaussian,1,178780.2005,0.5895833333333333,-36.4968416414986
finite_gaussian,1,178780.2005,0.5916666666666666,-36.40195094479368
finite_gaussian,1,178780.2005,0.59375,-36.313114582150725
finite_gaussian,1,178780.2005,0.5958333333333332,-36.230499626570904
finite_gaussian,1,178780.2005,0.5979166666666667,-36.15426987153835
finite_gaussian,1,178780.2005,0.5999999999999999,-36.08458525449245
finite_gaussian,1,178780.2005,0.6020833333333333,-36.02160129693302
finite_gaussian,1,178780.2005,0.6041666666666667,-35.9654685609784
finite_gaussian,1,178780.2005,0.60625,-35.91633212083078
finite_gaussian,1,178780.2005,0.6083333333333334,-35.87433104634664
finite_gaussian,1,178780.2005,0.6104166666666666,-35.83959789477863
finite_gaussian,1,178780.2005,0.6125,-35.81225820574783
finite_gaussian,1,178780.2005,0.6145833333333333,-35.79242999361997
finite_gaussian,1,178780.2005,0.6166666666666667,-35.78022323069417
finite_gaussian,1,178780.2005,0.6187499999999999,-35.775739313961076
finite_gaussian,1,178780.2005,0.6208333333333333,-35.779070507645166
finite_gaussian,1,178780.2005,0.6229166666666666,-35.79029935331146
finite_gaussian,1,178780.2005,0.625,-35.80949803899157
finite_gaussian,1,178780.2005,0.6270833333333332,-35.83672771857057
finite_gaussian,1,178780.2005,0.6291666666666667,-35.87203777259661
finite_gaussian,1,178780.2005,0.6312499999999999,-35.915465001737196
finite_gaussian,1,178780.2005,0.6333333333333333,-35.96703274435592
finite_gaussian,1,178780.2005,0.6354166666666667,-36.02674991015101
finite_gaussian,1,178780.2005,0.6375,-36.09460992254752
finite_gaussian,1,178780.2005,0.6395833333333334,-36.17058956363461
finite_gaussian,1,178780.2005,0.6416666666666666,-36.25464771697904
finite_gaussian,1,178780.2005,0.64375,-36.34672400573102
finite_gaussian,1,178780.2005,0.6458333333333333,-36.44673732619155
finite_gaussian,1,178780.2005,0.6479166666666667,-36.55458428057821
finite_gaussian,1,178780.2005,0.6499999999999999,-36.67013751726144
finite_gaussian,1,178780.2005,0.6520833333333333,-36.793243992415334
finite_gaussian,1,178780.2005,0.6541666666666666,-36.92372317400588
finite_gaussian,1,178780.2005,0.65625,-37.061365217477935
finite_gaussian,1,178780.2005,0.6583333333333332,-37.20592915252641
finite_gaussian,1,178780.2005,0.6604166666666667,-37.35714113200673
finite_gaussian,1,178780.2005,0.6624999999999999,-37.514692807317445
finite_gaussian,1,178780.2005,0.6645833333333333,-37.67823990929995
finite_gaussian,1,178780.2005,0.6666666666666667,-37.8474011294543
finite_gaussian,1,178780.2005,0.66875,-38.021757412439925
finite_gaussian,1,178780.2005,0.6708333333333334,-38.20085178643433
finite_gaussian,1,178780.2005,0.6729166666666666,-38.38418987163398
finite_gaussian,1,178780.2005,0.675,-38.57124121724355
finite_gaussian,1,178780.2005,0.6770833333333333,-38.761441621565005
finite_gaussian,1,178780.2005,0.6791666666666667,-38.95419658581143
finite_gaussian,1,178780.2005,0.6812499999999999,-39.148886037395904
finite_gaussian,1,178780.2005,0.6833333333333333,-39.3448704301871
finite_gaussian,1,178780.2005,0.6854166666666666,-39.54149828555977
finite_gaussian,1,178780.2005,0.6875,-39.73811517798724
finite_gaussian,1,178780.2005,0.6895833333333332,-39.93407409291712
finite_gaussian,1,178780.2005,0.6916666666666667,-40.12874699529731
finite_gaussian,1,178780.2005,0.6937499999999999,-40.321537349318604
finite_gaussian,1,178780.2005,0.6958333333333333,-40.51189323114145
finite_gaussian,1,178780.2005,0.6979166666666667,-40.699320586150506
finite_gaussian,1,178780.2005,0.7,-40.88339611145693
finite_gaussian,1,178780.2005,0.7020833333333334,-41.06377920372913
finite_gaussian,1,178780.2005,0.7041666666666666,-41.24022241098699
finite_gaussian,1,178780.2005,0.70625,-41.41257987025771
finite_gaussian,1,178780.2005,0.7083333333333333,-41.58081330149359
finite_gaussian,1,178780.2005,0.7104166666666667,-41.744995256753164
finite_gaussian,1,178780.2005,0.7124999999999999,-41.90530948163879
finite_gaussian,1,178780.2005,0.7145833333333333,-42.062048418465885
finite_gaussian,1,178780.2005,0.7166666666666666,-42.21560805047736
finite_gaussian,1,178780.2005,0.71875,-42.36648043692099
finite_gaussian,1,178780.2005,0.7208333333333332,-42.51524440609909
finite_gaussian,1,178780.2005,0.7229166666666667,-42.66255494845949
finite_gaussian,1,178780.2005,0.7249999999999999,-42.80913188095337
finite_gaussian,1,178780.2005,0.7270833333333333,-42.95574833935706
finite_gaussian,1,178780.2005,0.7291666666666667,-43.10321960371234
finite_gaussian,1,178780.2005,0.73125,-43.25239268315205
finite_gaussian,1,178780.2005,0.7333333333333334,-43.40413699099598
finite_gaussian,1,178780.2005,0.7354166666666666,-43.5593363395699
finite_gaussian,1,178780.2005,0.7375,-43.718882385520885
finite_gaussian,1,178780.2005,0.7395833333333333,-43.88366956687874
finite_gaussian,1,178780.2005,0.7416666666666667,-44.05459149658498
finite_gaussian,1,178780.2005,0.7437499999999999,-44.232538714980265
finite_gaussian,1,178780.2005,0.7458333333333333,-44.4183976550283
finite_gaussian,1,178780.2005,0.7479166666666666,-44.6130506363762
finite_gaussian,1,178780.2005,0.75,-44.81737667393516
finite_gaussian,1,178780.2005,0.7520833333333332,-45.03225285875416
finite_gaussian,1,178780.2005,0.7541666666666664,-45.258556037864935
finite_gaussian,1,178780.2005,0.7562500000000001,-45.49716447877175
finite_gaussian,1,178780.2005,0.7583333333333333,-45.748959145184244
finite_gaussian,1,178780.2005,0.7604166666666665,-46.01482412318313
finite_gaussian,1,178780.2005,0.7625000000000002,-46.29564560786552
finite_gaussian,1,178780.2005,0.7645833333333334,-46.59230867166448
finite_gaussian,1,178780.2005,0.7666666666666666,-46.90569076254742
finite_gaussian,1,178780.2005,0.7687499999999998,-47.23665048978913
finite_gaussian,1,178780.2005,0.7708333333333335,-47.58600970198839
finite_gaussian,1,178780.2005,0.7729166666666667,-47.95452608711928
finite_gaussian,1,178780.2005,0.7749999999999999,-48.34285245337728
finite_gaussian,1,178780.2005,0.7770833333333331,-48.751477397632016
finite_gaussian,1,178780.2005,0.7791666666666668,-49.18064015895187
finite_gaussian,1,178780.2005,0.78125,-49.63021006813673
finite_gaussian,1,178780.2005,0.7833333333333332,-50.0995182896698
finite_gaussian,1,178780.2005,0.7854166666666664,-50.587127058953925
finite_gaussian,1,178780.2005,0.7875000000000001,-51.09052073192412
finite_gaussian,1,178780.2005,0.7895833333333333,-51.60570664708843
finite_gaussian,1,178780.2005,0.7916666666666665,-52.12672759690297
finite_gaussian,1,178780.2005,0.7937500000000002,-52.6451205110841
finite_gaussian,1,178780.2005,0.7958333333333334,-53.1494187059172
finite_gaussian,1,178780.2005,0.7979166666666666,-53.62489317007083
finite_gaussian,1,178780.2005,0.7999999999999998,-54.05384228551603
finite_gaussian,1,178780.2005,0.8020833333333335,-54.416794987401566
finite_gaussian,1,178780.2005,0.8041666666666667,-54.69485218451282
finite_gaussian,1,178780.2005,0.8062499999999999,-54.87293767913979
finite_gaussian,1,178780.2005,0.8083333333333331,-54.943069857190835
finite_gaussian,1,178780.2005,0.8104166666666668,-54.90636012371443
finite_gaussian,1,178780.2005,0.8125,-54.77280090516611
finite_gaussian,1,178780.2005,0.8145833333333332,-54.55894768941921
finite_gaussian,1,178780.2005,0.8166666666666664,-54.28456083116024
finite_gaussian,1,178780.2005,0.8187500000000001,-53.96947390686356
finite_gaussian,1,178780.2005,0.8208333333333333,-53.63145982859041
finite_gaussian,1,178780.2005,0.8229166666666665,-53.285218630854885
finite_gaussian,1,178780.2005,0.8250000000000002,-52.94221554605228
finite_gaussian,1,178780.2005,0.8270833333333334,-52.61100452288587
finite_gaussian,1,178780.2005,0.8291666666666666,-52.29774712093317
finite_gaussian,1,178780.2005,0.8312499999999998,-52.00675129129678
finite_gaussian,1,178780.2005,0.8333333333333335,-51.74094664138812
finite_gaussian,1,178780.2005,0.8354166666666667,-51.502269389099425
finite_gaussian,1,178780.2005,0.8374999999999999,-51.29195877985717
finite_gaussian,1,178780.2005,0.8395833333333331,-51.110778137872764
finite_gaussian,1,178780.2005,0.8416666666666668,-50.959176236024874
finite_gaussian,1,178780.2005,0.84375,-50.83740329609172
finite_gaussian,1,178780.2005,0.8458333333333332,-50.74559327613312
finite_gaussian,1,178780.2005,0.8479166666666664,-50.68382134964154
finite_gaussian,1,178780.2005,0.8500000000000001,-50.65214307496091
finite_gaussian,1,178780.2005,0.8520833333333333,-50.6506197873009
finite_gaussian,1,178780.2005,0.8541666666666665,-50.67933316654833
finite_gaussian,1,178780.2005,0.8562500000000002,-50.73839063727101
finite_gaussian,1,178780.2005,0.8583333333333334,-50.8279221251332
finite_gaussian,1,178780.2005,0.8604166666666666,-50.948067607524415
finite_gaussian,1,178780.2005,0.8624999999999998,-51.09895373466624
finite_gaussian,1,178780.2005,0.8645833333333335,-51.2806564341342
finite_gaussian,1,178780.2005,0.8666666666666667,-51.493144711664264
finite_gaussian,1,178780.2005,0.8687499999999999,-51.736198690515295
finite_gaussian,1,178780.2005,0.8708333333333331,-52.00929219378531
finite_gaussian,1,178780.2005,0.8729166666666668,-52.31142690430141
finite_gaussian,1,178780.2005,0.875,-52.64090171728006
finite_gaussian,1,178780.2005,0.8770833333333332,-52.99499849732251
finite_gaussian,1,178780.2005,0.8791666666666664,-53.36956680843435
finite_gaussian,1,178780.2005,0.8812500000000001,-53.758500867034016
finite_gaussian,1,178780.2005,0.8833333333333333,-54.153131711702606
finite_gaussian,1,178780.2005,0.8854166666666665,-54.54162013374405
finite_gaussian,1,178780.2005,0.8875000000000002,-54.90854280511642
finite_gaussian,1,178780.2005,0.8895833333333334,-55.235004484116466
finite_gaussian,1,178780.2005,0.8916666666666666,-55.499712460675774
finite_gaussian,1,178780.2005,0.8937499999999998,-55.681356941278324
finite_gaussian,1,178780.2005,0.8958333333333335,-55.76217525077112
finite_gaussian,1,178780.2005,0.8979166666666667,-55.73178594134074
finite_gaussian,1,178780.2005,0.8999999999999999,-55.58977048753928
finite_gaussian,1,178780.2005,0.9020833333333331,-55.3457527225973
finite_gaussian,1,178780.2005,0.9041666666666668,-55.0169348260623
finite_gaussian,1,178780.2005,0.90625,-54.62429042816208
finite_gaussian,1,178780.2005,0.9083333333333332,-54.18895061386849
finite_gaussian,1,178780.2005,0.9104166666666664,-53.72974400902861
finite_gaussian,1,178780.2005,0.9125000000000001,-53.262052512829925
finite_gaussian,1,178780.2005,0.9145833333333333,-52.79765451098101
finite_gaussian,1,178780.2005,0.9166666666666665,-52.345117508935424
finite_gaussian,1,178780.2005,0.9187500000000002,-51.910399219981954
finite_gaussian,1,178780.2005,0.9208333333333334,-51.49745715934831
finite_gaussian,1,178780.2005,0.9229166666666666,-51.1087762998551
finite_gaussian,1,178780.2005,0.9249999999999998,-50.74578923838818
finite_gaussian,1,178780.2005,0.9270833333333335,-50.40919457498604
finite_gaussian,1,178780.2005,0.9291666666666667,-50.099190697081966
finite_gaussian,1,178780.2005,0.9312499999999999,-49.815643896698106
finite_gaussian,1,178780.2005,0.9333333333333331,-49.55820750178725
finite_gaussian,1,178780.2005,0.9354166666666668,-49.32640534877819
finite_gaussian,1,178780.2005,0.9375,-49.11968969811162
finite_gaussian,1,178780.2005,0.9395833333333332,-48.93748101897718
finite_gaussian,1,178780.2005,0.9416666666666664,-48.77919500293154
finite_gaussian,1,178780.2005,0.9437500000000001,-48.64426063172485
finite_gaussian,1,178780.2005,0.9458333333333333,-48.53213201158827
finite_gaussian,1,178780.2005,0.9479166666666665,-48.44229588982902
finite_gaussian,1,178780.2005,0.9500000000000002,-48.37427620438643
finite_gaussian,1,178780.2005,0.9520833333333334,-48.32763661768145
finite_gaussian,1,178780.2005,0.9541666666666666,-48.30198170468549
finite_gaussian,1,178780.2005,0.9562499999999998,-48.29695726701989
finite_gaussian,1,178780.2005,0.9583333333333335,-48.312250105512575
finite_gaussian,1,178780.2005,0.9604166666666667,-48.347587485680265
finite_gaussian,1,178780.2005,0.9624999999999999,-48.4027364618423
finite_gaussian,1,178780.2005,0.9645833333333331,-48.4775031774953
finite_gaussian,1,178780.2005,0.9666666666666668,-48.571732226201114
finite_gaussian,1,178780.2005,0.96875,-48.685306134332826
finite_gaussian,1,178780.2005,0.9708333333333332,-48.81814501169192
finite_gaussian,1,178780.2005,0.9729166666666664,-48.970206406176395
finite_gaussian,1,178780.2005,0.9750000000000001,-49.141485392932964
finite_gaussian,1,178780.2005,0.9770833333333333,-49.332014925799086
finite_gaussian,1,178780.2005,0.9791666666666665,-49.54186647868777
finite_gaussian,1,178780.2005,0.9812500000000002,-49.771151006494414
finite_gaussian,1,178780.2005,0.9833333333333334,-50.02002025889457
finite_gaussian,1,178780.2005,0.9854166666666666,-50.288668486009236
finite_gaussian,1,178780.2005,0.9874999999999998,-50.57733458241788
finite_gaussian,1,178780.2005,0.9895833333333335,-50.886304725600354
finite_gaussian,1,178780.2005,0.9916666666666667,-51.215915576958764
finite_gaussian,1,178780.2005,0.9937499999999999,-51.566558128595084
finite_gaussian,1,178780.2005,0.9958333333333331,-51.93868229769421
finite_gaussian,1,178780.2005,0.9979166666666668,-52.332802393642325
finite_gaussian,1,178780.2005,1.0,-52.749503612068196
finite_gaussian,1,178780.2005,1.0020833333333332,-53.189449746507265
finite_gaussian,1,178780.2005,1.0041666666666664,-53.653392354484964
finite_gaussian,1,178780.2005,1.00625,-54.14218167329057
finite_gaussian,1,178780.2005,1.0083333333333333,-54.656779655364815
finite_gaussian,1,178780.2005,1.0104166666666665,-55.19827558902054
finite_gaussian,1,178780.2005,1.0125000000000002,-55.76790489368409
finite_gaussian,1,178780.2005,1.0145833333333334,-56.3670718388187
finite_gaussian,1,178780.2005,1.0166666666666666,-56.99737714341835
finite_gaussian,1,178780.2005,1.0187499999999998,-57.66065168326688
finite_gaussian,1,178780.2005,1.0208333333333335,-58.35899788421459
finite_gaussian,1,178780.2005,1.0229166666666667,-59.09484083280734
finite_gaussian,1,178780.2005,1.025,-59.87099171181539
finite_gaussian,1,178780.2005,1.0270833333333331,-60.0
finite_gaussian,1,178780.2005,1.0291666666666668,-60.0
finite_gaussian,1,178780.2005,1.03125,-60.0
finite_gaussian,1,178780.2005,1.0333333333333332,-60.0
finite_gaussian,1,178780.2005,1.0354166666666664,-60.0
finite_gaussian,1,178780.2005,1.0375,-60.0
finite_gaussian,1,178780.2005,1.0395833333333333,-60.0
finite_gaussian,1,178780.2005,1.0416666666666665,-60.0
finite_gaussian,1,178780.2005,1.0437500000000002,-60.0
finite_gaussian,1,178780.2005,1.0458333333333334,-60.0
finite_gaussian,1,178780.2005,1.0479166666666666,-60.0
finite_gaussian,1,178780.2005,1.0499999999999998,-60.0
finite_gaussian,1,178780.2005,1.0520833333333335,-60.0
finite_gaussian,1,178780.2005,1.0541666666666667,-60.0
finite_gaussian,1,178780.2005,1.05625,-60.0
finite_gaussian,1,178780.2005,1.0583333333333331,-60.0
finite_gaussian,1,178780.2005,1.0604166666666668,-60.0
finite_gaussian,1,178780.2005,1.0625,-60.0
finite_gaussian,1,178780.2005,1.0645833333333332,-60.0
finite_gaussian,1,178780.2005,1.0666666666666664,-60.0
finite_gaussian,1,178780.2005,1.06875,-60.0
finite_gaussian,1,178780.2005,1.0708333333333333,-60.0
finite_gaussian,1,178780.2005,1.0729166666666665,-60.0
finite_gaussian,1,178780.2005,1.0750000000000002,-60.0
finite_gaussian,1,178780.2005,1.0770833333333334,-60.0
finite_gaussian,1,178780.2005,1.0791666666666666,-60.0
finite_gaussian,1,178780.2005,1.0812499999999998,-60.0
finite_gaussian,1,178780.2005,1.0833333333333335,-60.0
finite_gaussian,1,178780.2005,1.0854166666666667,-60.0
finite_gaussian,1,178780.2005,1.0875,-60.0
finite_gaussian,1,178780.2005,1.0895833333333331,-60.0
finite_gaussian,1,178780.2005,1.0916666666666668,-60.0
finite_gaussian,1,178780.2005,1.09375,-60.0
finite_gaussian,1,178780.2005,1.0958333333333332,-60.0
finite_gaussian,1,178780.2005,1.0979166666666664,-60.0
finite_gaussian,1,178780.2005,1.1,-60.0
finite_gaussian,1,178780.2005,1.1020833333333333,-60.0
finite_gaussian,1,178780.2005,1.1041666666666665,-60.0
finite_gaussian,1,178780.2005,1.1062500000000002,-60.0
finite_gaussian,1,178780.2005,1.1083333333333334,-60.0
finite_gaussian,1,178780.2005,1.1104166666666666,-60.0
finite_gaussian,1,178780.2005,1.1124999999999998,-60.0
finite_gaussian,1,178780.2005,1.1145833333333335,-60.0
finite_gaussian,1,178780.2005,1.1166666666666667,-60.0
finite_gaussian,1,178780.2005,1.11875,-60.0
finite_gaussian,1,178780.2005,1.1208333333333331,-60.0
finite_gaussian,1,178780.2005,1.1229166666666668,-60.0
finite_gaussian,1,178780.2005,1.125,-60.0
finite_gaussian,1,178780.2005,1.1270833333333332,-60.0
finite_gaussian,1,178780.2005,1.1291666666666664,-60.0
finite_gaussian,1,178780.2005,1.13125,-60.0
finite_gaussian,1,178780.2005,1.1333333333333333,-60.0
finite_gaussian,1,178780.2005,1.1354166666666665,-60.0
finite_gaussian,1,178780.2005,1.1375000000000002,-60.0
finite_gaussian,1,178780.2005,1.1395833333333334,-60.0
finite_gaussian,1,178780.2005,1.1416666666666666,-60.0
finite_gaussian,1,178780.2005,1.1437499999999998,-60.0
finite_gaussian,1,178780.2005,1.1458333333333335,-60.0
finite_gaussian,1,178780.2005,1.1479166666666667,-60.0
finite_gaussian,1,178780.2005,1.15,-60.0
finite_gaussian,1,178780.2005,1.1520833333333331,-60.0
finite_gaussian,1,178780.2005,1.1541666666666668,-60.0
finite_gaussian,1,178780.2005,1.15625,-60.0
finite_gaussian,1,178780.2005,1.1583333333333332,-60.0
finite_gaussian,1,178780.2005,1.1604166666666664,-60.0
finite_gaussian,1,178780.2005,1.1625,-60.0
finite_gaussian,1,178780.2005,1.1645833333333333,-60.0
finite_gaussian,1,178780.2005,1.1666666666666665,-60.0
finite_gaussian,1,178780.2005,1.1687500000000002,-60.0
finite_gaussian,1,178780.2005,1.1708333333333334,-60.0
finite_gaussian,1,178780.2005,1.1729166666666666,-60.0
finite_gaussian,1,178780.2005,1.1749999999999998,-60.0
finite_gaussian,1,178780.2005,1.1770833333333335,-60.0
finite_gaussian,1,178780.2005,1.1791666666666667,-60.0
finite_gaussian,1,178780.2005,1.18125,-60.0
finite_gaussian,1,178780.2005,1.1833333333333331,-60.0
finite_gaussian,1,178780.2005,1.1854166666666668,-60.0
finite_gaussian,1,178780.2005,1.1875,-60.0
finite_gaussian,1,178780.2005,1.1895833333333332,-60.0
finite_gaussian,1,178780.2005,1.1916666666666664,-60.0
finite_gaussian,1,178780.2005,1.19375,-60.0
finite_gaussian,1,178780.2005,1.1958333333333333,-60.0
finite_gaussian,1,178780.2005,1.1979166666666665,-60.0
finite_gaussian,1,178780.2005,1.2000000000000002,-60.0
finite_gaussian,1,178780.2005,1.2020833333333334,-60.0
finite_gaussian,1,178780.2005,1.2041666666666666,-60.0
finite_gaussian,1,178780.2005,1.2062499999999998,-60.0
finite_gaussian,1,178780.2005,1.2083333333333335,-60.0
finite_gaussian,1,178780.2005,1.2104166666666667,-60.0
finite_gaussian,1,178780.2005,1.2125,-60.0
finite_gaussian,1,178780.2005,1.2145833333333331,-60.0
finite_gaussian,1,178780.2005,1.2166666666666668,-60.0
finite_gaussian,1,178780.2005,1.21875,-60.0
finite_gaussian,1,178780.2005,1.2208333333333332,-60.0
finite_gaussian,1,178780.2005,1.2229166666666664,-60.0
finite_gaussian,1,178780.2005,1.225,-60.0
finite_gaussian,1,178780.2005,1.2270833333333333,-60.0
finite_gaussian,1,178780.2005,1.2291666666666665,-60.0
finite_gaussian,1,178780.2005,1.2312500000000002,-60.0
finite_gaussian,1,178780.2005,1.2333333333333334,-60.0
finite_gaussian,1,178780.2005,1.2354166666666666,-60.0
finite_gaussian,1,178780.2005,1.2374999999999998,-60.0
finite_gaussian,1,178780.2005,1.2395833333333335,-60.0
finite_gaussian,1,178780.2005,1.2416666666666667,-60.0
finite_gaussian,1,178780.2005,1.24375,-60.0
finite_gaussian,1,178780.2005,1.2458333333333331,-60.0
finite_gaussian,1,178780.2005,1.2479166666666668,-60.0
finite_gaussian,1,178780.2005,1.25,-60.0
finite_gaussian,2,180046.681327,-1.25,-60.0
finite_gaussian,2,180046.681327,-1.2479166666666666,-60.0
finite_gaussian,2,180046.681327,-1.2458333333333333,-60.0
finite_gaussian,2,180046.681327,-1.24375,-60.0
finite_gaussian,2,180046.681327,-1.2416666666666667,-60.0
finite_gaussian,2,180046.681327,-1.2395833333333333,-60.0
finite_gaussian,2,180046.681327,-1.2375,-60.0
finite_gaussian,2,180046.681327,-1.2354166666666666,-60.0
finite_gaussian,2,180046.681327,-1.2333333333333334,-60.0
finite_gaussian,2,180046.681327,-1.23125,-60.0
finite_gaussian,2,180046.681327,-1.2291666666666667,-60.0
finite_gaussian,2,180046.681327,-1.2270833333333333,-60.0
finite_gaussian,2,180046.681327,-1.225,-60.0
finite_gaussian,2,180046.681327,-1.2229166666666667,-60.0
finite_gaussian,2,180046.681327,-1.2208333333333334,-60.0
finite_gaussian,2,180046.681327,-1.21875,-60.0
finite_gaussian,2,180046.681327,-1.2166666666666666,-60.0
finite_gaussian,2,180046.681327,-1.2145833333333333,-60.0
finite_gaussian,2,180046.681327,-1.2125,-60.0
finite_gaussian,2,180046.681327,-1.2104166666666667,-60.0
finite_gaussian,2,180046.681327,-1.2083333333333333,-60.0
finite_gaussian,2,180046.681327,-1.20625,-60.0
finite_gaussian,2,180046.681327,-1.2041666666666666,-60.0
finite_gaussian,2,180046.681327,-1.2020833333333334,-60.0
finite_gaussian,2,180046.681327,-1.2,-60.0
finite_gaussian,2,180046.681327,-1.1979166666666667,-60.0
finite_gaussian,2,180046.681327,-1.1958333333333333,-60.0
finite_gaussian,2,180046.681327,-1.19375,-60.0
finite_gaussian,2,180046.681327,-1.1916666666666667,-60.0
finite_gaussian,2,180046.681327,-1.1895833333333334,-60.0
finite_gaussian,2,180046.681327,-1.1875,-60.0
finite_gaussian,2,180046.681327,-1.1854166666666668,-60.0
finite_gaussian,2,180046.681327,-1.1833333333333333,-60.0
finite_gaussian,2,180046.681327,-1.18125,-60.0
finite_gaussian,2,180046.681327,-1.1791666666666667,-60.0
finite_gaussian,2,180046.681327,-1.1770833333333333,-60.0
finite_gaussian,2,180046.681327,-1.175,-60.0
finite_gaussian,2,180046.681327,-1.1729166666666666,-60.0
finite_gaussian,2,180046.681327,-1.1708333333333334,-60.0
finite_gaussian,2,180046.681327,-1.16875,-60.0
finite_gaussian,2,180046.681327,-1.1666666666666667,-60.0
finite_gaussian,2,180046.681327,-1.1645833333333333,-60.0
finite_gaussian,2,180046.681327,-1.1625,-60.0
finite_gaussian,2,180046.681327,-1.1604166666666667,-60.0
finite_gaussian,2,180046.681327,-1.1583333333333334,-60.0
finite_gaussian,2,180046.681327,-1.15625,-60.0
finite_gaussian,2,180046.681327,-1.1541666666666668,-60.0
finite_gaussian,2,180046.681327,-1.1520833333333333,-60.0
finite_gaussian,2,180046.681327,-1.15,-60.0
finite_gaussian,2,180046.681327,-1.1479166666666667,-60.0
finite_gaussian,2,180046.681327,-1.1458333333333333,-60.0
finite_gaussian,2,180046.681327,-1.14375,-60.0
finite_gaussian,2,180046.681327,-1.1416666666666666,-60.0
finite_gaussian,2,180046.681327,-1.1395833333333334,-60.0
finite_gaussian,2,180046.681327,-1.1375,-60.0
finite_gaussian,2,180046.681327,-1.1354166666666667,-60.0
finite_gaussian,2,180046.681327,-1.1333333333333333,-60.0
finite_gaussian,2,180046.681327,-1.13125,-60.0
finite_gaussian,2,180046.681327,-1.1291666666666667,-60.0
finite_gaussian,2,180046.681327,-1.1270833333333334,-60.0
finite_gaussian,2,180046.681327,-1.125,-60.0
finite_gaussian,2,180046.681327,-1.1229166666666668,-60.0
finite_gaussian,2,180046.681327,-1.1208333333333333,-60.0
finite_gaussian,2,180046.681327,-1.11875,-60.0
finite_gaussian,2,180046.681327,-1.1166666666666667,-60.0
finite_gaussian,2,180046.681327,-1.1145833333333333,-60.0
finite_gaussian,2,180046.681327,-1.1125,-60.0
finite_gaussian,2,180046.681327,-1.1104166666666666,-60.0
finite_gaussian,2,180046.681327,-1.1083333333333334,-60.0
finite_gaussian,2,180046.681327,-1.10625,-60.0
finite_gaussian,2,180046.681327,-1.1041666666666667,-60.0
finite_gaussian,2,180046.681327,-1.1020833333333333,-60.0
finite_gaussian,2,180046.681327,-1.1,-60.0
finite_gaussian,2,180046.681327,-1.0979166666666667,-60.0
finite_gaussian,2,180046.681327,-1.0958333333333332,-60.0
finite_gaussian,2,180046.681327,-1.09375,-60.0
finite_gaussian,2,180046.681327,-1.0916666666666668,-60.0
finite_gaussian,2,180046.681327,-1.0895833333333333,-60.0
finite_gaussian,2,180046.681327,-1.0875,-60.0
finite_gaussian,2,180046.681327,-1.0854166666666667,-60.0
finite_gaussian,2,180046.681327,-1.0833333333333333,-60.0
finite_gaussian,2,180046.681327,-1.08125,-60.0
finite_gaussian,2,180046.681327,-1.0791666666666666,-60.0
finite_gaussian,2,180046.681327,-1.0770833333333334,-60.0
finite_gaussian,2,180046.681327,-1.075,-60.0
finite_gaussian,2,180046.681327,-1.0729166666666667,-60.0
finite_gaussian,2,180046.681327,-1.0708333333333333,-60.0
finite_gaussian,2,180046.681327,-1.06875,-60.0
finite_gaussian,2,180046.681327,-1.0666666666666667,-60.0
finite_gaussian,2,180046.681327,-1.0645833333333332,-60.0
finite_gaussian,2,180046.681327,-1.0625,-60.0
finite_gaussian,2,180046.681327,-1.0604166666666668,-60.0
finite_gaussian,2,180046.681327,-1.0583333333333333,-60.0
finite_gaussian,2,180046.681327,-1.05625,-59.53950089717814
finite_gaussian,2,180046.681327,-1.0541666666666667,-58.99804002592981
finite_gaussian,2,180046.681327,-1.0520833333333333,-58.476742207179974
finite_gaussian,2,180046.681327,-1.05,-57.975223146329725
finite_gaussian,2,180046.681327,-1.0479166666666666,-57.49313166450355
finite_gaussian,2,180046.681327,-1.0458333333333334,-57.03014923137677
finite_gaussian,2,180046.681327,-1.04375,-56.585989323535955
finite_gaussian,2,180046.681327,-1.0416666666666667,-56.16039669948673
finite_gaussian,2,180046.681327,-1.0395833333333333,-55.75314665648624
finite_gaussian,2,180046.681327,-1.0375,-55.3640443159425
finite_gaussian,2,180046.681327,-1.0354166666666667,-54.99292397088954
finite_gaussian,2,180046.681327,-1.0333333333333332,-54.6396485195612
finite_gaussian,2,180046.681327,-1.03125,-54.304109002464756
finite_gaussian,2,180046.681327,-1.0291666666666668,-53.986224255675346
finite_gaussian,2,180046.681327,-1.0270833333333333,-53.68594068990451
finite_gaussian,2,180046.681327,-1.025,-53.40323220275096
finite_gaussian,2,180046.681327,-1.0229166666666667,-53.138100230142726
finite_gaussian,2,180046.681327,-1.0208333333333333,-52.89057394205835
finite_gaussian,2,180046.681327,-1.01875,-52.660710586991115
finite_gaussian,2,180046.681327,-1.0166666666666666,-52.44859598903876
finite_gaussian,2,180046.681327,-1.0145833333333334,-52.25434520089654
finite_gaussian,2,180046.681327,-1.0125,-52.07810331498798
finite_gaussian,2,180046.681327,-1.0104166666666667,-51.92004643347435
finite_gaussian,2,180046.681327,-1.0083333333333333,-51.780382795311255
finite_gaussian,2,180046.681327,-1.00625,-51.65935405469598
finite_gaussian,2,180046.681327,-1.0041666666666667,-51.557236699217114
finite_gaussian,2,180046.681327,-1.0020833333333332,-51.47434358713102
finite_gaussian,2,180046.681327,-1.0,-51.411025569975635
finite_gaussian,2,180046.681327,-0.9979166666666667,-51.3676731474409
finite_gaussian,2,180046.681327,-0.9958333333333333,-51.344718073282245
finite_gaussian,2,180046.681327,-0.99375,-51.34263479052517
finite_gaussian,2,180046.681327,-0.9916666666666667,-51.36194151547713
finite_gaussian,2,180046.681327,-0.9895833333333333,-51.40320070554466
finite_gaussian,2,180046.681327,-0.9875,-51.4670185238886
finite_gaussian,2,180046.681327,-0.9854166666666666,-51.554042738141575
finite_gaussian,2,180046.681327,-0.9833333333333334,-51.66495823666559
finite_gaussian,2,180046.681327,-0.98125,-51.800478979619484
finite_gaussian,2,180046.681327,-0.9791666666666667,-51.961334673764135
finite_gaussian,2,180046.681327,-0.9770833333333333,-52.14824969903121
finite_gaussian,2,180046.681327,-0.975,-52.36191072375994
finite_gaussian,2,180046.681327,-0.9729166666666667,-52.602917893254585
finite_gaussian,2,180046.681327,-0.9708333333333333,-52.87171229929106
finite_gaussian,2,180046.681327,-0.96875,-53.16846945889297
finite_gaussian,2,180046.681327,-0.9666666666666667,-53.49294462488345
finite_gaussian,2,180046.681327,-0.9645833333333333,-53.844251023781425
finite_gaussian,2,180046.681327,-0.9625,-54.22054730893205
finite_gaussian,2,180046.681327,-0.9604166666666667,-54.61860784082292
finite_gaussian,2,180046.681327,-0.9583333333333333,-55.0332540769044
finite_gaussian,2,180046.681327,-0.95625,-55.45664787377534
finite_gaussian,2,180046.681327,-0.9541666666666666,-55.87750564915367
finite_gaussian,2,180046.681327,-0.9520833333333334,-56.28040839011783
finite_gaussian,2,180046.681327,-0.95,-56.64556476710252
finite_gaussian,2,180046.681327,-0.9479166666666667,-56.949579202781486
finite_gaussian,2,180046.681327,-0.9458333333333333,-57.167801107450416
finite_gaussian,2,180046.681327,-0.94375,-57.27839320172337
finite_gaussian,2,180046.681327,-0.9416666666666667,-57.267240787517615
finite_gaussian,2,180046.681327,-0.9395833333333333,-57.131766758117166
finite_gaussian,2,180046.681327,-0.9375,-56.881715129885045
finite_gaussian,2,180046.681327,-0.9354166666666667,-56.536467542246584
finite_gaussian,2,180046.681327,-0.9333333333333333,-56.12033424404079
finite_gaussian,2,180046.681327,-0.93125,-55.65794401881366
finite_gaussian,2,180046.681327,-0.9291666666666667,-55.17112285263281
finite_gaussian,2,180046.681327,-0.9270833333333333,-54.67750355576614
finite_gaussian,2,180046.681327,-0.925,-54.19040642342416
finite_gaussian,2,180046.681327,-0.9229166666666666,-53.71939157616468
finite_gaussian,2,180046.681327,-0.9208333333333334,-53.27103610598533
finite_gaussian,2,180046.681327,-0.91875,-52.84968952155148
finite_gaussian,2,180046.681327,-0.9166666666666667,-52.45810675163143
finite_gaussian,2,180046.681327,-0.9145833333333333,-52.09793850203689
finite_gaussian,2,180046.681327,-0.9125,-51.77009406008317
finite_gaussian,2,180046.681327,-0.9104166666666667,-51.47500233898774
finite_gaussian,2,180046.681327,-0.9083333333333333,-51.21279657070453
finite_gaussian,2,180046.681327,-0.90625,-50.983443778390516
finite_gaussian,2,180046.681327,-0.9041666666666667,-50.786835262134545
finite_gaussian,2,180046.681327,-0.9020833333333333,-50.62285005337742
finite_gaussian,2,180046.681327,-0.9,-50.49139994574708
finite_gaussian,2,180046.681327,-0.8979166666666667,-50.392462237657284
finite_gaussian,2,180046.681327,-0.8958333333333333,-50.326104559345794
finite_gaussian,2,180046.681327,-0.89375,-50.29250493236774
finite_gaussian,2,180046.681327,-0.8916666666666666,-50.29196937991725
finite_gaussian,2,180046.681327,-0.8895833333333334,-50.32494886379108
finite_gaussian,2,180046.681327,-0.8875,-50.392056991531426
finite_gaussian,2,180046.681327,-0.8854166666666667,-50.49408976324476
finite_gaussian,2,180046.681327,-0.8833333333333333,-50.632048578471675
finite_gaussian,2,180046.681327,-0.88125,-50.807167779631044
finite_gaussian,2,180046.681327,-0.8791666666666667,-51.02094815982647
finite_gaussian,2,180046.681327,-0.8770833333333333,-51.275198103591286
finite_gaussian,2,180046.681327,-0.875,-51.57208435201315
finite_gaussian,2,180046.681327,-0.8729166666666667,-51.91419476547438
finite_gaussian,2,180046.681327,-0.8708333333333333,-52.30461583135145
finite_gaussian,2,180046.681327,-0.86875,-52.7470278571143
finite_gaussian,2,180046.681327,-0.8666666666666667,-53.24582038018315
finite_gaussian,2,180046.681327,-0.8645833333333333,-53.80622832163436
finite_gaussian,2,180046.681327,-0.8625,-54.434483493482915
finite_gaussian,2,180046.681327,-0.8604166666666666,-55.13796080904698
finite_gaussian,2,180046.681327,-0.8583333333333334,-55.92526108207938
finite_gaussian,2,180046.681327,-0.85625,-56.80608175678556
finite_gaussian,2,180046.681327,-0.8541666666666667,-57.79050852875422
finite_gaussian,2,180046.681327,-0.8520833333333333,-58.88683568375366
finite_gaussian,2,180046.681327,-0.85,-60.0
finite_gaussian,2,180046.681327,-0.8479166666666667,-60.0
finite_gaussian,2,180046.681327,-0.8458333333333333,-60.0
finite_gaussian,2,180046.681327,-0.84375,-60.0
finite_gaussian,2,180046.681327,-0.8416666666666667,-60.0
finite_gaussian,2,180046.681327,-0.8395833333333333,-60.0
finite_gaussian,2,180046.681327,-0.8375,-60.0
finite_gaussian,2,180046.681327,-0.8354166666666667,-60.0
finite_gaussian,2,180046.681327,-0.8333333333333333,-60.0
finite_gaussian,2,180046.681327,-0.83125,-60.0
finite_gaussian,2,180046.681327,-0.8291666666666666,-59.39658482225659
finite_gaussian,2,180046.681327,-0.8270833333333334,-58.45708086273912
finite_gaussian,2,180046.681327,-0.825,-57.62954423957421
finite_gaussian,2,180046.681327,-0.8229166666666667,-56.90524445904507
finite_gaussian,2,180046.681327,-0.8208333333333333,-56.274286764674606
finite_gaussian,2,180046.681327,-0.8187500000000001,-55.72738561834787
finite_gaussian,2,180046.681327,-0.8166666666666667,-55.25641057730599
finite_gaussian,2,180046.681327,-0.8145833333333333,-54.8544535135293
finite_gaussian,2,180046.681327,-0.8125,-54.51572435588243
finite_gaussian,2,180046.681327,-0.8104166666666667,-54.23539906010413
finite_gaussian,2,180046.681327,-0.8083333333333333,-54.00946738910247
finite_gaussian,2,180046.681327,-0.80625,-53.83459656697822
finite_gaussian,2,180046.681327,-0.8041666666666667,-53.708014011898456
finite_gaussian,2,180046.681327,-0.8020833333333333,-53.627407311640695
finite_gaussian,2,180046.681327,-0.8,-53.59083777750904
finite_gaussian,2,180046.681327,-0.7979166666666666,-53.596663311229456
finite_gaussian,2,180046.681327,-0.7958333333333334,-53.64346607175427
finite_gaussian,2,180046.681327,-0.79375,-53.72998013706062
finite_gaussian,2,180046.681327,-0.7916666666666667,-53.85501382628891
finite_gaussian,2,180046.681327,-0.7895833333333333,-54.017360478376176
finite_gaussian,2,180046.681327,-0.7875000000000001,-54.215690234854684
finite_gaussian,2,180046.681327,-0.7854166666666667,-54.44841379548748
finite_gaussian,2,180046.681327,-0.7833333333333333,-54.71350743759885
finite_gaussian,2,180046.681327,-0.78125,-55.00828742191575
finite_gaussian,2,180046.681327,-0.7791666666666667,-55.329122577922625
finite_gaussian,2,180046.681327,-0.7770833333333333,-55.671078939890954
finite_gaussian,2,180046.681327,-0.775,-56.027504199279434
finite_gaussian,2,180046.681327,-0.7729166666666667,-56.389588855409
finite_gaussian,2,180046.681327,-0.7708333333333333,-56.74599197570909
finite_gaussian,2,180046.681327,-0.76875,-57.08269307938184
finite_gaussian,2,180046.681327,-0.7666666666666666,-57.383308784509296
finite_gaussian,2,180046.681327,-0.7645833333333334,-57.63013728382873
finite_gaussian,2,180046.681327,-0.7625,-57.80607289345628
finite_gaussian,2,180046.681327,-0.7604166666666667,-57.89719853062621
finite_gaussian,2,180046.681327,-0.7583333333333333,-57.89539945990309
finite_gaussian,2,180046.681327,-0.7562500000000001,-57.800052105025074
finite_gaussian,2,180046.681327,-0.7541666666666667,-57.618061854929536
finite_gaussian,2,180046.681327,-0.7520833333333333,-57.36223163076367
finite_gaussian,2,180046.681327,-0.75,-57.04866383468661
finite_gaussian,2,180046.681327,-0.7479166666666667,-56.69414454705283
finite_gaussian,2,180046.681327,-0.7458333333333333,-56.314186151728016
finite_gaussian,2,180046.681327,-0.74375,-55.921939933265215
finite_gaussian,2,180046.681327,-0.7416666666666667,-55.52784654995153
finite_gaussian,2,180046.681327,-0.7395833333333334,-55.13976276336018
finite_gaussian,2,180046.681327,-0.7375,-54.76332285464827
finite_gaussian,2,180046.681327,-0.7354166666666667,-54.40236942756207
finite_gaussian,2,180046.681327,-0.7333333333333334,-54.05936264180212
finite_gaussian,2,180046.681327,-0.73125,-53.735728980467215
finite_gaussian,2,180046.681327,-0.7291666666666666,-53.432140559480736
finite_gaussian,2,180046.681327,-0.7270833333333333,-53.148730336044494
finite_gaussian,2,180046.681327,-0.725,-52.885253840232515
finite_gaussian,2,180046.681327,-0.7229166666666667,-52.64120873466535
finite_gaussian,2,180046.681327,-0.7208333333333333,-52.41592223492812
finite_gaussian,2,180046.681327,-0.71875,-52.20861456162058
finite_gaussian,2,180046.681327,-0.7166666666666667,-52.01844476699176
finite_gaussian,2,180046.681327,-0.7145833333333333,-51.84454372015706
finite_gaussian,2,180046.681327,-0.7125,-51.686037795551265
finite_gaussian,2,180046.681327,-0.7104166666666667,-51.5420658630483
finite_gaussian,2,180046.681327,-0.7083333333333334,-51.411791473684865
finite_gaussian,2,180046.681327,-0.70625,-51.2944116188195
finite_gaussian,2,180046.681327,-0.7041666666666667,-51.189163066449446
finite_gaussian,2,180046.681327,-0.7020833333333334,-51.095327008763256
finite_gaussian,2,180046.681327,-0.7,-51.01223256080277
finite_gaussian,2,180046.681327,-0.6979166666666666,-50.939259509272084
finite_gaussian,2,180046.681327,-0.6958333333333333,-50.875840606525074
finite_gaussian,2,180046.681327,-0.69375,-50.82146362527952
finite_gaussian,2,180046.681327,-0.6916666666666667,-50.775673325574154
finite_gaussian,2,180046.681327,-0.6895833333333333,-50.73807343035185
finite_gaussian,2,180046.681327,-0.6875,-50.70832865521964
finite_gaussian,2,180046.681327,-0.6854166666666667,-50.68616678838981
finite_gaussian,2,180046.681327,-0.6833333333333333,-50.67138076673749
finite_gaussian,2,180046.681327,-0.68125,-50.66383064245799
finite_gaussian,2,180046.681327,-0.6791666666666667,-50.66344528166627
finite_gaussian,2,180046.681327,-0.6770833333333334,-50.6702235813667
finite_gaussian,2,180046.681327,-0.675,-50.68423493420254
finite_gaussian,2,180046.681327,-0.6729166666666667,-50.70561861022326
finite_gaussian,2,180046.681327,-0.6708333333333334,-50.734581659264386
finite_gaussian,2,180046.681327,-0.66875,-50.771394862337125
finite_gaussian,2,180046.681327,-0.6666666666666666,-50.81638616933736
finite_gaussian,2,180046.681327,-0.6645833333333333,-50.86993094447663
finite_gaussian,2,180046.681327,-0.6625,-50.93243818848261
finite_gaussian,2,180046.681327,-0.6604166666666667,-51.00433170380569
finite_gaussian,2,180046.681327,-0.6583333333333333,-51.08602490047747
finite_gaussian,2,180046.681327,-0.65625,-51.177887591760374
finite_gaussian,2,180046.681327,-0.6541666666666667,-51.28020269240278
finite_gaussian,2,180046.681327,-0.6520833333333333,-51.393110216117385
finite_gaussian,2,180046.681327,-0.65,-51.516535414271026
finite_gaussian,2,180046.681327,-0.6479166666666667,-51.65009741014433
finite_gaussian,2,180046.681327,-0.6458333333333334,-51.79299448210395
finite_gaussian,2,180046.681327,-0.64375,-51.94386264440703
finite_gaussian,2,180046.681327,-0.6416666666666667,-52.10060606637246
finite_gaussian,2,180046.681327,-0.6395833333333334,-52.26020224889027
finite_gaussian,2,180046.681327,-0.6375,-52.418493230965424
finite_gaussian,2,180046.681327,-0.6354166666666666,-52.56998803664452
finite_gaussian,2,180046.681327,-0.6333333333333333,-52.70772188756198
finite_gaussian,2,180046.681327,-0.63125,-52.8232423550175
finite_gaussian,2,180046.681327,-0.6291666666666667,-52.906813608191555
finite_gaussian,2,180046.681327,-0.6270833333333333,-52.947930633428896
finite_gaussian,2,180046.681327,-0.625,-52.93619286805779
finite_gaussian,2,180046.681327,-0.6229166666666667,-52.86248535390071
finite_gaussian,2,180046.681327,-0.6208333333333333,-52.720271068428474
finite_gaussian,2,180046.681327,-0.61875,-52.50667498428647
finite_gaussian,2,180046.681327,-0.6166666666666667,-52.22302891004978
finite_gaussian,2,180046.681327,-0.6145833333333334,-51.87469247605363
finite_gaussian,2,180046.681327,-0.6125,-51.47021206291947
finite_gaussian,2,180046.681327,-0.6104166666666667,-51.020091544044575
finite_gaussian,2,180046.681327,-0.6083333333333334,-50.53551900900726
finite_gaussian,2,180046.681327,-0.60625,-50.02731783140825
finite_gaussian,2,180046.681327,-0.6041666666666666,-49.50524617301564
finite_gaussian,2,180046.681327,-0.6020833333333333,-48.97764043165749
finite_gaussian,2,180046.681327,-0.6,-48.451325856750785
finite_gaussian,2,180046.681327,-0.5979166666666667,-47.93169885591595
finite_gaussian,2,180046.681327,-0.5958333333333333,-47.42289866481457
finite_gaussian,2,180046.681327,-0.59375,-46.92801033871645
finite_gaussian,2,180046.681327,-0.5916666666666667,-46.44926415949527
finite_gaussian,2,180046.681327,-0.5895833333333333,-45.988213835624535
finite_gaussian,2,180046.681327,-0.5875,-45.5458869623495
finite_gaussian,2,180046.681327,-0.5854166666666667,-45.12290746574727
finite_gaussian,2,180046.681327,-0.5833333333333334,-44.7195927927242
finite_gaussian,2,180046.681327,-0.58125,-44.336029734006445
finite_gaussian,2,180046.681327,-0.5791666666666667,-43.97213286890348
finite_gaussian,2,180046.681327,-0.5770833333333334,-43.62768924423761
finite_gaussian,2,180046.681327,-0.575,-43.30239235143413
finite_gaussian,2,180046.681327,-0.5729166666666666,-42.995867902255114
finite_gaussian,2,180046.681327,-0.5708333333333333,-42.707693395764764
finite_gaussian,2,180046.681327,-0.56875,-42.43741304114023
finite_gaussian,2,180046.681327,-0.5666666666666667,-42.184549254185285
finite_gaussian,2,180046.681327,-0.5645833333333333,-41.94861167106406
finite_gaussian,2,180046.681327,-0.5625,-41.72910440873508
finite_gaussian,2,180046.681327,-0.5604166666666667,-41.52553213567466
finite_gaussian,2,180046.681327,-0.5583333333333333,-41.33740538789595
finite_gaussian,2,180046.681327,-0.55625,-41.16424546498145
finite_gaussian,2,180046.681327,-0.5541666666666667,-41.00558916160789
finite_gaussian,2,180046.681327,-0.5520833333333334,-40.86099352625355
finite_gaussian,2,180046.681327,-0.55,-40.7300407862573
finite_gaussian,2,180046.681327,-0.5479166666666667,-40.612343534149545
finite_gaussian,2,180046.681327,-0.5458333333333334,-40.507550232266176
finite_gaussian,2,180046.681327,-0.54375,-40.415351060002834
finite_gaussian,2,180046.681327,-0.5416666666666666,-40.33548410035727
finite_gaussian,2,180046.681327,-0.5395833333333333,-40.267741839934445
finite_gaussian,2,180046.681327,-0.5375,-40.21197794013724
finite_gaussian,2,180046.681327,-0.5354166666666667,-40.168114227958796
finite_gaussian,2,180046.681327,-0.5333333333333333,-40.13614785394667
finite_gaussian,2,180046.681327,-0.53125,-40.11615857387434
finite_gaussian,2,180046.681327,-0.5291666666666667,-40.108316130698384
finite_gaussian,2,180046.681327,-0.5270833333333333,-40.1128877455793
finite_gaussian,2,180046.681327,-0.525,-40.13024577198784
finite_gaussian,2,180046.681327,-0.5229166666666667,-40.160875625981205
finite_gaussian,2,180046.681327,-0.5208333333333334,-40.205384179477235
finite_gaussian,2,180046.681327,-0.51875,-40.26450889309017
finite_gaussian,2,180046.681327,-0.5166666666666667,-40.339128073104284
finite_gaussian,2,180046.681327,-0.5145833333333334,-40.43027276743224
finite_gaussian,2,180046.681327,-0.5125,-40.53914097461308
finite_gaussian,2,180046.681327,-0.5104166666666666,-40.66711503879689
finite_gaussian,2,180046.681327,-0.5083333333333333,-40.81578335896466
finite_gaussian,2,180046.681327,-0.50625,-40.98696787792586
finite_gaussian,2,180046.681327,-0.5041666666666667,-41.182759274714385
finite_gaussian,2,180046.681327,-0.5020833333333333,-41.40556242178742
finite_gaussian,2,180046.681327,-0.5,-41.658155576270424
finite_gaussian,2,180046.681327,-0.4979166666666667,-41.94376809291832
finite_gaussian,2,180046.681327,-0.49583333333333335,-42.26618339817492
finite_gaussian,2,180046.681327,-0.49375,-42.62987691009634
finite_gaussian,2,180046.681327,-0.4916666666666667,-43.040203124678406
finite_gaussian,2,180046.681327,-0.48958333333333337,-43.50365322771118
finite_gaussian,2,180046.681327,-0.48750000000000004,-44.02821609443359
finite_gaussian,2,180046.681327,-0.4854166666666667,-44.62389455267247
finite_gaussian,2,180046.681327,-0.4833333333333334,-45.30346106511107
finite_gaussian,2,180046.681327,-0.48124999999999996,-46.08359327538142
finite_gaussian,2,180046.681327,-0.47916666666666663,-46.986630312135546
finite_gaussian,2,180046.681327,-0.4770833333333333,-48.04337172450576
finite_gaussian,2,180046.681327,-0.475,-49.297655571120885
finite_gaussian,2,180046.681327,-0.47291666666666665,-50.813885794587144
finite_gaussian,2,180046.681327,-0.4708333333333333,-52.68837652862598
finite_gaussian,2,180046.681327,-0.46875,-55.05634913497666
finite_gaussian,2,180046.681327,-0.4666666666666667,-58.00028813528903
finite_gaussian,2,180046.681327,-0.46458333333333335,-60.0
finite_gaussian,2,180046.681327,-0.4625,-59.97667045710394
finite_gaussian,2,180046.681327,-0.4604166666666667,-56.76424674858034
finite_gaussian,2,180046.681327,-0.45833333333333337,-53.74762920896944
finite_gaussian,2,180046.681327,-0.45625000000000004,-51.30996784608355
finite_gaussian,2,180046.681327,-0.4541666666666667,-49.32559367958346
finite_gaussian,2,180046.681327,-0.4520833333333334,-47.669288287554494
finite_gaussian,2,180046.681327,-0.44999999999999996,-46.255088324773936
finite_gaussian,2,180046.681327,-0.44791666666666663,-45.02546010124072
finite_gaussian,2,180046.681327,-0.4458333333333333,-43.94095401120542
finite_gaussian,2,180046.681327,-0.44375,-42.973637498451474
finite_gaussian,2,180046.681327,-0.44166666666666665,-42.10311103981248
finite_gaussian,2,180046.681327,-0.4395833333333333,-41.31405583632008
finite_gaussian,2,180046.681327,-0.4375,-40.59468076214425
finite_gaussian,2,180046.681327,-0.4354166666666667,-39.93570820935947
finite_gaussian,2,180046.681327,-0.43333333333333335,-39.32969209051893
finite_gaussian,2,180046.681327,-0.43125,-38.77054654674712
finite_gaussian,2,180046.681327,-0.4291666666666667,-38.253211976857614
finite_gaussian,2,180046.681327,-0.42708333333333337,-37.77341277511506
finite_gaussian,2,180046.681327,-0.42500000000000004,-37.327477653584594
finite_gaussian,2,180046.681327,-0.4229166666666667,-36.912203481345664
finite_gaussian,2,180046.681327,-0.4208333333333334,-36.524749866793194
finite_gaussian,2,180046.681327,-0.41875000000000007,-36.16255574757803
finite_gaussian,2,180046.681327,-0.41666666666666663,-35.82327190880255
finite_gaussian,2,180046.681327,-0.4145833333333333,-35.50470514387999
finite_gaussian,2,180046.681327,-0.4125,-35.20477102222399
finite_gaussian,2,180046.681327,-0.41041666666666665,-34.92145313404166
finite_gaussian,2,180046.681327,-0.4083333333333333,-34.652767374842426
finite_gaussian,2,180046.681327,-0.40625,-34.39673039716545
finite_gaussian,2,180046.681327,-0.4041666666666667,-34.151331852291065
finite_gaussian,2,180046.681327,-0.40208333333333335,-33.91451050733725
finite_gaussian,2,180046.681327,-0.4,-33.68413477212677
finite_gaussian,2,180046.681327,-0.3979166666666667,-33.457988605832
finite_gaussian,2,180046.681327,-0.39583333333333337,-33.23376417443551
finite_gaussian,2,180046.681327,-0.39375000000000004,-33.00906295031752
finite_gaussian,2,180046.681327,-0.3916666666666667,-32.78140711216584
finite_gaussian,2,180046.681327,-0.3895833333333334,-32.548263021663615
finite_gaussian,2,180046.681327,-0.38750000000000007,-32.30707811865681
finite_gaussian,2,180046.681327,-0.38541666666666663,-32.05533170163913
finite_gaussian,2,180046.681327,-0.3833333333333333,-31.790598714970592
finite_gaussian,2,180046.681327,-0.38125,-31.510623919830824
finite_gaussian,2,180046.681327,-0.37916666666666665,-31.21340189142842
finite_gaussian,2,180046.681327,-0.3770833333333333,-30.897256509089196
finite_gaussian,2,180046.681327,-0.375,-30.560912425224863
finite_gaussian,2,180046.681327,-0.3729166666666667,-30.203550828356715
finite_gaussian,2,180046.681327,-0.37083333333333335,-29.824842902971987
finite_gaussian,2,180046.681327,-0.36875,-29.424956694840635
finite_gaussian,2,180046.681327,-0.3666666666666667,-29.00453624577786
finite_gaussian,2,180046.681327,-0.36458333333333337,-28.564655248403007
finite_gaussian,2,180046.681327,-0.36250000000000004,-28.106750400256022
finite_gaussian,2,180046.681327,-0.3604166666666667,-27.632541556420588
finite_gaussian,2,180046.681327,-0.3583333333333334,-27.143946428404597
finite_gaussian,2,180046.681327,-0.35625000000000007,-26.64299701997591
finite_gaussian,2,180046.681327,-0.35416666666666663,-26.131763547727942
finite_gaussian,2,180046.681327,-0.3520833333333333,-25.612289702321704
finite_gaussian,2,180046.681327,-0.35,-25.086541182340575
finite_gaussian,2,180046.681327,-0.34791666666666665,-24.556367781015787
finite_gaussian,2,180046.681327,-0.3458333333333333,-24.023478086893
finite_gaussian,2,180046.681327,-0.34375,-23.489425104548587
finite_gaussian,2,180046.681327,-0.3416666666666667,-22.955600754899415
finite_gaussian,2,180046.681327,-0.33958333333333335,-22.42323717758595
finite_gaussian,2,180046.681327,-0.3375,-21.893412923562284
finite_gaussian,2,180046.681327,-0.3354166666666667,-21.36706240125097
finite_gaussian,2,180046.681327,-0.33333333333333337,-20.84498725417635
finite_gaussian,2,180046.681327,-0.33125000000000004,-20.327868655378914
finite_gaussian,2,180046.681327,-0.3291666666666667,-19.81627977769513
finite_gaussian,2,180046.681327,-0.3270833333333334,-19.310697927505608
finite_gaussian,2,180046.681327,-0.32500000000000007,-18.811516010860107
finite_gaussian,2,180046.681327,-0.32291666666666663,-18.319053138621285
finite_gaussian,2,180046.681327,-0.3208333333333333,-17.83356427772848
finite_gaussian,2,180046.681327,-0.31875,-17.35524892593139
finite_gaussian,2,180046.681327,-0.31666666666666665,-16.884258834121066
finite_gaussian,2,180046.681327,-0.3145833333333333,-16.420704829569832
finite_gaussian,2,180046.681327,-0.3125,-15.964662809826557
finite_gaussian,2,180046.681327,-0.3104166666666667,-15.516178984511523
finite_gaussian,2,180046.681327,-0.30833333333333335,-15.07527444372316
finite_gaussian,2,180046.681327,-0.30625,-14.641949129357275
finite_gaussian,2,180046.681327,-0.3041666666666667,-14.216185280894129
finite_gaussian,2,180046.681327,-0.30208333333333337,-13.797950421213104
finite_gaussian,2,180046.681327,-0.30000000000000004,-13.387199941485564
finite_gaussian,2,180046.681327,-0.2979166666666667,-12.983879337654592
finite_gaussian,2,180046.681327,-0.2958333333333334,-12.587926144736903
finite_gaussian,2,180046.681327,-0.29375000000000007,-12.199271609351092
finite_gaussian,2,180046.681327,-0.29166666666666663,-11.817842135574221
finite_gaussian,2,180046.681327,-0.2895833333333333,-11.443560534486092
finite_gaussian,2,180046.681327,-0.2875,-11.07634710356982
finite_gaussian,2,180046.681327,-0.28541666666666665,-10.716120558472042
finite_gaussian,2,180046.681327,-0.2833333333333333,-10.362798836441737
finite_gaussian,2,180046.681327,-0.28125,-10.016299788021005
finite_gaussian,2,180046.681327,-0.2791666666666667,-9.676541771203336
finite_gaussian,2,180046.681327,-0.27708333333333335,-9.343444160259871
finite_gaussian,2,180046.681327,-0.275,-9.016927779718177
finite_gaussian,2,180046.681327,-0.2729166666666667,-8.69691527252125
finite_gaussian,2,180046.681327,-0.27083333333333337,-8.383331410160382
finite_gaussian,2,180046.681327,-0.26875000000000004,-8.076103351533021
finite_gaussian,2,180046.681327,-0.2666666666666667,-7.77516085639705
finite_gaussian,2,180046.681327,-0.2645833333333334,-7.480436458551392
finite_gaussian,2,180046.681327,-0.26250000000000007,-7.191865603248498
finite_gaussian,2,180046.681327,-0.26041666666666663,-6.909386752818318
finite_gaussian,2,180046.681327,-0.2583333333333333,-6.6329414640393844
finite_gaussian,2,180046.681327,-0.25625,-6.362474440417596
finite_gaussian,2,180046.681327,-0.25416666666666665,-6.0979335622157365
finite_gaussian,2,180046.681327,-0.2520833333333333,-5.83926989680474
finite_gaussian,2,180046.681327,-0.25,-5.586437691675739
finite_gaussian,2,180046.681327,-0.24791666666666679,-5.339394352250304
finite_gaussian,2,180046.681327,-0.24583333333333335,-5.098100406450189
finite_gaussian,2,180046.681327,-0.2437499999999999,-4.86251945783272
finite_gaussian,2,180046.681327,-0.2416666666666667,-4.632618128958091
finite_gaussian,2,180046.681327,-0.23958333333333326,-4.4083659965288335
finite_gaussian,2,180046.681327,-0.23750000000000004,-4.189735519725854
finite_gaussian,2,180046.681327,-0.2354166666666666,-3.9767019630566436
finite_gaussian,2,180046.681327,-0.2333333333333334,-3.76924331493095
finite_gaussian,2,180046.681327,-0.23124999999999996,-3.567340203081686
finite_gaussian,2,180046.681327,-0.22916666666666674,-3.3709758078583016
finite_gaussian,2,180046.681327,-0.2270833333333333,-3.1801357743302425
finite_gaussian,2,180046.681327,-0.2250000000000001,-2.994808124054613
finite_gaussian,2,180046.681327,-0.22291666666666665,-2.814983167278995
finite_gaussian,2,180046.681327,-0.22083333333333344,-2.6406534162727793
finite_gaussian,2,180046.681327,-0.21875,-2.4718135004033353
finite_gaussian,2,180046.681327,-0.21666666666666679,-2.3084600835018163
finite_gaussian,2,180046.681327,-0.21458333333333335,-2.1505917839926005
finite_gaussian,2,180046.681327,-0.2124999999999999,-1.9982090981955214
finite_gaussian,2,180046.681327,-0.2104166666666667,-1.8513143271463703
finite_gaussian,2,180046.681327,-0.20833333333333326,-1.7099115072229767
finite_gaussian,2,180046.681327,-0.20625000000000004,-1.5740063448090427
finite_gaussian,2,180046.681327,-0.2041666666666666,-1.4436061551765227
finite_gaussian,2,180046.681327,-0.2020833333333334,-1.3187198057210072
finite_gaussian,2,180046.681327,-0.19999999999999996,-1.1993576636408652
finite_gaussian,2,180046.681327,-0.19791666666666674,-1.0855315481130605
finite_gaussian,2,180046.681327,-0.1958333333333333,-0.9772546869829122
finite_gaussian,2,180046.681327,-0.1937500000000001,-0.8745416779552604
finite_gaussian,2,180046.681327,-0.19166666666666665,-0.7774084542470892
finite_gaussian,2,180046.681327,-0.18958333333333344,-0.6858722546392937
finite_gaussian,2,180046.681327,-0.1875,-0.5999515978454849
finite_gaussian,2,180046.681327,-0.18541666666666679,-0.5196662611005693
finite_gaussian,2,180046.681327,-0.18333333333333335,-0.4450372628587765
finite_gaussian,2,180046.681327,-0.1812499999999999,-0.3760868494820874
finite_gaussian,2,180046.681327,-0.1791666666666667,-0.3128384857931621
finite_gaussian,2,180046.681327,-0.17708333333333326,-0.2553168493633598
finite_gaussian,2,180046.681327,-0.17500000000000004,-0.20354782840540472
finite_gaussian,2,180046.681327,-0.1729166666666666,-0.1575585231409657
finite_gaussian,2,180046.681327,-0.1708333333333334,-0.11737725051705009
finite_gaussian,2,180046.681327,-0.16874999999999996,-0.08303355214984506
finite_gaussian,2,180046.681327,-0.16666666666666674,-0.054558205381768865
finite_gaussian,2,180046.681327,-0.1645833333333333,-0.031983237345629315
finite_gaussian,2,180046.681327,-0.1625000000000001,-0.015341941939795453
finite_gaussian,2,180046.681327,-0.16041666666666665,-0.004668899629293943
finite_gaussian,2,180046.681327,-0.15833333333333344,0.0
finite_gaussian,2,180046.681327,-0.15625,-0.001372467006602888
finite_gaussian,2,180046.681327,-0.15416666666666679,-0.00882488686928475
finite_gaussian,2,180046.681327,-0.15208333333333335,-0.02239723858970609
finite_gaussian,2,180046.681327,-0.1499999999999999,-0.04213092707314141
finite_gaussian,2,180046.681327,-0.1479166666666667,-0.06806881886129401
finite_gaussian,2,180046.681327,-0.14583333333333326,-0.10025528049886712
finite_gaussian,2,180046.681327,-0.14375000000000004,-0.1387362195767563
finite_gaussian,2,180046.681327,-0.1416666666666666,-0.18355912851611092
finite_gaussian,2,180046.681327,-0.1395833333333334,-0.23477313118005388
finite_gaussian,2,180046.681327,-0.13749999999999996,-0.2924290324247101
finite_gaussian,2,180046.681327,-0.13541666666666674,-0.3565793707275808
finite_gaussian,2,180046.681327,-0.1333333333333333,-0.42727847406093333
finite_gaussian,2,180046.681327,-0.1312500000000001,-0.5045825192094915
finite_gaussian,2,180046.681327,-0.12916666666666665,-0.588549594768015
finite_gaussian,2,180046.681327,-0.12708333333333344,-0.6792397680934876
finite_gaussian,2,180046.681327,-0.125,-0.7767151565319448
finite_gaussian,2,180046.681327,-0.12291666666666679,-0.8810400032899248
finite_gaussian,2,180046.681327,-0.12083333333333335,-0.9922807583784568
finite_gaussian,2,180046.681327,-0.11874999999999991,-1.110506165122308
finite_gaussian,2,180046.681327,-0.1166666666666667,-1.2357873528029215
finite_gaussian,2,180046.681327,-0.11458333333333326,-1.3681979360893368
finite_gaussian,2,180046.681327,-0.11250000000000004,-1.5078141220109416
finite_gaussian,2,180046.681327,-0.11041666666666661,-1.65471482534166
finite_gaussian,2,180046.681327,-0.10833333333333339,-1.8089817933979846
finite_gaussian,2,180046.681327,-0.10624999999999996,-1.970699741409433
finite_gaussian,2,180046.681327,-0.10416666666666674,-2.139956499799684
finite_gaussian,2,180046.681327,-0.1020833333333333,-2.316843174928244
finite_gaussian,2,180046.681327,-0.10000000000000009,-2.5014543250868595
finite_gaussian,2,180046.681327,-0.09791666666666665,-2.6938881538328503
finite_gaussian,2,180046.681327,-0.09583333333333344,-2.8942467230752045
finite_gaussian,2,180046.681327,-0.09375,-3.102636188722085
finite_gaussian,2,180046.681327,-0.09166666666666679,-3.319167062155196
finite_gaussian,2,180046.681327,-0.08958333333333335,-3.5439545013332934
finite_gaussian,2,180046.681327,-0.08749999999999991,-3.7771186359528857
finite_gaussian,2,180046.681327,-0.0854166666666667,-4.018784931829094
finite_gaussian,2,180046.681327,-0.08333333333333326,-4.2690846005173935
finite_gaussian,2,180046.681327,-0.08125000000000004,-4.528155061202053
finite_gaussian,2,180046.681327,-0.07916666666666661,-4.7961404630539235
finite_gaussian,2,180046.681327,-0.07708333333333339,-5.07319227763448
finite_gaussian,2,180046.681327,-0.07499999999999996,-5.359469972533999
finite_gaussian,2,180046.681327,-0.07291666666666674,-5.655141779310863
finite_gaussian,2,180046.681327,-0.0708333333333333,-5.960385570999046
finite_gaussian,2,180046.681327,-0.06875000000000009,-6.275389867015001
finite_gaussian,2,180046.681327,-0.06666666666666665,-6.600354986291216
finite_gaussian,2,180046.681327,-0.06458333333333344,-6.935494372950092
finite_gaussian,2,180046.681327,-0.0625,-7.281036122893312
finite_gaussian,2,180046.681327,-0.060416666666666785,-7.6372247443945405
finite_gaussian,2,180046.681327,-0.05833333333333335,-8.004323191248773
finite_gaussian,2,180046.681327,-0.05624999999999991,-8.382615213340008
finite_gaussian,2,180046.681327,-0.054166666666666696,-8.772408076750036
finite_gaussian,2,180046.681327,-0.05208333333333326,-9.174035713832735
finite_gaussian,2,180046.681327,-0.050000000000000044,-9.587862373099547
finite_gaussian,2,180046.681327,-0.04791666666666661,-10.014286849334175
finite_gaussian,2,180046.681327,-0.04583333333333339,-10.45374738601734
finite_gaussian,2,180046.681327,-0.043749999999999956,-10.906727354692782
finite_gaussian,2,180046.681327,-0.04166666666666674,-11.373761828849815
finite_gaussian,2,180046.681327,-0.039583333333333304,-11.855445182294947
finite_gaussian,2,180046.681327,-0.03750000000000009,-12.352439852078476
finite_gaussian,2,180046.681327,-0.03541666666666665,-12.86548641075846
finite_gaussian,2,180046.681327,-0.03333333333333344,-13.395415086764968
finite_gaussian,2,180046.681327,-0.03125,-13.943158845720973
finite_gaussian,2,180046.681327,-0.029166666666666785,-14.509768084127717
finite_gaussian,2,180046.681327,-0.027083333333333348,-15.096426863164677
finite_gaussian,2,180046.681327,-0.02499999999999991,-15.70447037884701
finite_gaussian,2,180046.681327,-0.022916666666666696,-16.33540294707195
finite_gaussian,2,180046.681327,-0.02083333333333326,-16.990915042770464
finite_gaussian,2,180046.681327,-0.018750000000000044,-17.672896636079575
finite_gaussian,2,180046.681327,-0.016666666666666607,-18.383441803368214
finite_gaussian,2,180046.681327,-0.014583333333333393,-19.12483563318913
finite_gaussian,2,180046.681327,-0.012499999999999956,-19.89950752231216
finite_gaussian,2,180046.681327,-0.01041666666666674,-20.70992283195123
finite_gaussian,2,180046.681327,-0.008333333333333304,-21.558363704755198
finite_gaussian,2,180046.681327,-0.006250000000000089,-22.446513290480326
finite_gaussian,2,180046.681327,-0.004166666666666652,-23.37469627455553
finite_gaussian,2,180046.681327,-0.002083333333333437,-24.340532159098753
finite_gaussian,2,180046.681327,0.0,-25.336628846315495
finite_gaussian,2,180046.681327,0.002083333333333215,-26.34684894143699
finite_gaussian,2,180046.681327,0.004166666666666652,-27.34088932352215
finite_gaussian,2,180046.681327,0.006250000000000089,-28.26814436200153
finite_gaussian,2,180046.681327,0.008333333333333304,-29.05514950710093
finite_gaussian,2,180046.681327,0.01041666666666674,-29.61550147363273
finite_gaussian,2,180046.681327,0.012499999999999956,-29.879012344842266
finite_gaussian,2,180046.681327,0.014583333333333393,-29.827545698633436
finite_gaussian,2,180046.681327,0.016666666666666607,-29.505979981437612
finite_gaussian,2,180046.681327,0.018750000000000044,-28.996641553923045
finite_gaussian,2,180046.681327,0.02083333333333326,-28.383095190694576
finite_gaussian,2,180046.681327,0.022916666666666696,-27.729425239330922
finite_gaussian,2,180046.681327,0.02499999999999991,-27.077057575264583
finite_gaussian,2,180046.681327,0.027083333333333348,-26.44972645840792
finite_gaussian,2,180046.681327,0.029166666666666563,-25.859572390505868
finite_gaussian,2,180046.681327,0.03125,-25.311835560728472
finite_gaussian,2,180046.681327,0.033333333333333215,-24.80790898990129
finite_gaussian,2,180046.681327,0.03541666666666665,-24.347172019583727
finite_gaussian,2,180046.681327,0.03750000000000009,-23.928044237745567
finite_gaussian,2,180046.681327,0.039583333333333304,-23.548573555371945
finite_gaussian,2,180046.681327,0.04166666666666674,-23.206754968847115
finite_gaussian,2,180046.681327,0.043749999999999956,-22.90069648016822
finite_gaussian,2,180046.681327,0.04583333333333339,-22.62869949366728
finite_gaussian,2,180046.681327,0.04791666666666661,-22.389292171529146
finite_gaussian,2,180046.681327,0.050000000000000044,-22.181237634397327
finite_gaussian,2,180046.681327,0.05208333333333326,-22.003529404420817
finite_gaussian,2,180046.681327,0.054166666666666696,-21.85538106415075
finite_gaussian,2,180046.681327,0.05624999999999991,-21.736213994518508
finite_gaussian,2,180046.681327,0.05833333333333335,-21.645645260050802
finite_gaussian,2,180046.681327,0.06041666666666656,-21.583476658659478
finite_gaussian,2,180046.681327,0.0625,-21.54968531597481
finite_gaussian,2,180046.681327,0.06458333333333321,-21.544415782253353
finite_gaussian,2,180046.681327,0.06666666666666665,-21.567973256060633
finite_gaussian,2,180046.681327,0.06875000000000009,-21.6208172188616
finite_gaussian,2,180046.681327,0.0708333333333333,-21.70355433121134
finite_gaussian,2,180046.681327,0.07291666666666674,-21.816928812870305
finite_gaussian,2,180046.681327,0.07499999999999996,-21.961807566572524
finite_gaussian,2,180046.681327,0.07708333333333339,-22.13915580105013
finite_gaussian,2,180046.681327,0.07916666666666661,-22.349996545463064
finite_gaussian,2,180046.681327,0.08125000000000004,-22.595343737196544
finite_gaussian,2,180046.681327,0.08333333333333326,-22.876092776997233
finite_gaussian,2,180046.681327,0.0854166666666667,-23.1928435398725
finite_gaussian,2,180046.681327,0.08749999999999991,-23.545617494446965
finite_gaussian,2,180046.681327,0.08958333333333335,-23.93341164337603
finite_gaussian,2,180046.681327,0.09166666666666656,-24.353507924925303
finite_gaussian,2,180046.681327,0.09375,-24.800433901469336
finite_gaussian,2,180046.681327,0.09583333333333321,-25.264471522210144
finite_gaussian,2,180046.681327,0.09791666666666665,-25.729693818926687
finite_gaussian,2,180046.681327,0.10000000000000009,-26.17179197514066
finite_gaussian,2,180046.681327,0.1020833333333333,-26.556590755729992
finite_gaussian,2,180046.681327,0.10416666666666674,-26.84111055098482
finite_gaussian,2,180046.681327,0.10624999999999996,-26.979554120300513
finite_gaussian,2,180046.681327,0.10833333333333339,-26.934874442864366
finite_gaussian,2,180046.681327,0.11041666666666661,-26.691744222619672
finite_gaussian,2,180046.681327,0.11250000000000004,-26.262789437830698
finite_gaussian,2,180046.681327,0.11458333333333326,-25.68333844717355
finite_gaussian,2,180046.681327,0.1166666666666667,-24.99871709699572
finite_gaussian,2,180046.681327,0.11874999999999991,-24.25228630707104
finite_gaussian,2,180046.681327,0.12083333333333335,-23.478912193797015
finite_gaussian,2,180046.681327,0.12291666666666656,-22.7035440965442
finite_gaussian,2,180046.681327,0.125,-21.942555745202288
finite_gaussian,2,180046.681327,0.12708333333333321,-21.20590386317486
finite_gaussian,2,180046.681327,0.12916666666666665,-20.499126940241077
finite_gaussian,2,180046.681327,0.1312500000000001,-19.824879851462388
finite_gaussian,2,180046.681327,0.1333333333333333,-19.18400900444627
finite_gaussian,2,180046.681327,0.13541666666666674,-18.57626826074061
finite_gaussian,2,180046.681327,0.13749999999999996,-18.000781219750873
finite_gaussian,2,180046.681327,0.1395833333333334,-17.45633351322985
finite_gaussian,2,180046.681327,0.1416666666666666,-16.941554378563897
finite_gaussian,2,180046.681327,0.14375000000000004,-16.455027288567614
finite_gaussian,2,180046.681327,0.14583333333333326,-15.995355591475207
finite_gaussian,2,180046.681327,0.1479166666666667,-15.561199845901218
finite_gaussian,2,180046.681327,0.1499999999999999,-15.15129749544877
finite_gaussian,2,180046.681327,0.15208333333333335,-14.764471647647223
finite_gaussian,2,180046.681327,0.15416666666666656,-14.39963324584567
finite_gaussian,2,180046.681327,0.15625,-14.055779346155738
finite_gaussian,2,180046.681327,0.15833333333333321,-13.73198920779137
finite_gaussian,2,180046.681327,0.16041666666666665,-13.42741926554449
finite_gaussian,2,180046.681327,0.1625000000000001,-13.141297645269674
finite_gaussian,2,180046.681327,0.1645833333333333,-12.872918623204807
finite_gaussian,2,180046.681327,0.16666666666666674,-12.621637264477211
finite_gaussian,2,180046.681327,0.16874999999999996,-12.386864371325629
finite_gaussian,2,180046.681327,0.1708333333333334,-12.168061805739702
finite_gaussian,2,180046.681327,0.1729166666666666,-11.964738210480261
finite_gaussian,2,180046.681327,0.17500000000000004,-11.77644512783355
finite_gaussian,2,180046.681327,0.17708333333333326,-11.6027735011878
finite_gaussian,2,180046.681327,0.1791666666666667,-11.443350536844942
finite_gaussian,2,180046.681327,0.1812499999999999,-11.297836899965144
finite_gaussian,2,180046.681327,0.18333333333333335,-11.165924217603639
finite_gaussian,2,180046.681327,0.18541666666666656,-11.047332862421285
finite_gaussian,2,180046.681327,0.1875,-10.941809992170313
finite_gaussian,2,180046.681327,0.18958333333333321,-10.84912782205909
finite_gaussian,2,180046.681327,0.19166666666666665,-10.76908210931791
finite_gaussian,2,180046.681327,0.1937500000000001,-10.701490831563278
finite_gaussian,2,180046.681327,0.1958333333333333,-10.646193042793898
finite_gaussian,2,180046.681327,0.19791666666666674,-10.603047892998433
finite_gaussian,2,180046.681327,0.19999999999999996,-10.571933799388756
finite_gaussian,2,180046.681327,0.2020833333333334,-10.55274775918816
finite_gaussian,2,180046.681327,0.2041666666666666,-10.545404795708302
finite_gaussian,2,180046.681327,0.20625000000000004,-10.54983753115491
finite_gaussian,2,180046.681327,0.20833333333333326,-10.565995881228407
finite_gaussian,2,180046.681327,0.2104166666666667,-10.59384686815328
finite_gaussian,2,180046.681327,0.2124999999999999,-10.633374550301465
finite_gaussian,2,180046.681327,0.21458333333333335,-10.684580068095714
finite_gaussian,2,180046.681327,0.21666666666666656,-10.747481807414864
finite_gaussian,2,180046.681327,0.21875,-10.822115683302012
finite_gaussian,2,180046.681327,0.22083333333333321,-10.908535548428997
finite_gaussian,2,180046.681327,0.22291666666666665,-11.00681373252975
finite_gaussian,2,180046.681327,0.2250000000000001,-11.11704172091491
finite_gaussian,2,180046.681327,0.2270833333333333,-11.239330982262793
finite_gaussian,2,180046.681327,0.22916666666666674,-11.373813958189327
finite_gaussian,2,180046.681327,0.23124999999999996,-11.520645229682438
finite_gaussian,2,180046.681327,0.2333333333333334,-11.680002878399762
finite_gaussian,2,180046.681327,0.2354166666666666,-11.852090064132973
finite_gaussian,2,180046.681327,0.23750000000000004,-12.03713684350614
finite_gaussian,2,180046.681327,0.23958333333333326,-12.23540225926957
finite_gaussian,2,180046.681327,0.2416666666666667,-12.447176734452372
finite_gaussian,2,180046.681327,0.2437499999999999,-12.67278481121419
finite_gaussian,2,180046.681327,0.24583333333333335,-12.912588280554239
finite_gaussian,2,180046.681327,0.24791666666666656,-13.166989756119454
finite_gaussian,2,180046.681327,0.25,-13.436436753183287
finite_gaussian,2,180046.681327,0.2520833333333332,-13.72142634230773
finite_gaussian,2,180046.681327,0.25416666666666665,-14.02251045594874
finite_gaussian,2,180046.681327,0.2562500000000001,-14.340301934693048
finite_gaussian,2,180046.681327,0.2583333333333333,-14.67548140678809
finite_gaussian,2,180046.681327,0.26041666666666674,-15.028805098132867
finite_gaussian,2,180046.681327,0.26249999999999996,-15.40111366648647
finite_gaussian,2,180046.681327,0.2645833333333334,-15.793342137475953
finite_gaussian,2,180046.681327,0.2666666666666666,-16.20653098120126
finite_gaussian,2,180046.681327,0.26875000000000004,-16.641838290337823
finite_gaussian,2,180046.681327,0.27083333333333326,-17.100552875896614
finite_gaussian,2,180046.681327,0.2729166666666667,-17.584107838544742
finite_gaussian,2,180046.681327,0.2749999999999999,-18.094093722644338
finite_gaussian,2,180046.681327,0.27708333333333335,-18.632269582650004
finite_gaussian,2,180046.681327,0.27916666666666656,-19.200568957490752
finite_gaussian,2,180046.681327,0.28125,-19.80109546316009
finite_gaussian,2,180046.681327,0.2833333333333332,-20.436098795997516
finite_gaussian,2,180046.681327,0.28541666666666665,-21.107915216313266
finite_gaussian,2,180046.681327,0.2875000000000001,-21.8188450526808
finite_gaussian,2,180046.681327,0.2895833333333333,-22.570920098967452
finite_gaussian,2,180046.681327,0.29166666666666674,-23.36548072672722
finite_gaussian,2,180046.681327,0.29374999999999996,-24.202428919050107
finite_gaussian,2,180046.681327,0.2958333333333334,-25.078943063282836
finite_gaussian,2,180046.681327,0.2979166666666666,-25.987341664639946
finite_gaussian,2,180046.681327,0.30000000000000004,-26.91173356705635
finite_gaussian,2,180046.681327,0.30208333333333326,-27.823328532145148
finite_gaussian,2,180046.681327,0.3041666666666667,-28.67537602528398
finite_gaussian,2,180046.681327,0.3062499999999999,-29.401401476895494
finite_gaussian,2,180046.681327,0.30833333333333335,-29.923869434126754
finite_gaussian,2,180046.681327,0.31041666666666656,-30.178505231890675
finite_gaussian,2,180046.681327,0.3125,-30.14468179650189
finite_gaussian,2,180046.681327,0.3145833333333332,-29.85697448845947
finite_gaussian,2,180046.681327,0.31666666666666665,-29.386286567934047
finite_gaussian,2,180046.681327,0.3187500000000001,-28.808962154541785
finite_gaussian,2,180046.681327,0.3208333333333333,-28.186526635704094
finite_gaussian,2,180046.681327,0.32291666666666674,-27.560573007718677
finite_gaussian,2,180046.681327,0.32499999999999996,-26.955973694162047
finite_gaussian,2,180046.681327,0.3270833333333334,-26.386056922654546
finite_gaussian,2,180046.681327,0.3291666666666666,-25.856967031046064
finite_gaussian,2,180046.681327,0.33125000000000004,-25.370661424756467
finite_gaussian,2,180046.681327,0.33333333333333326,-24.926785835425974
finite_gaussian,2,180046.681327,0.3354166666666667,-24.52379063330572
finite_gaussian,2,180046.681327,0.3374999999999999,-24.159575059937502
finite_gaussian,2,180046.681327,0.33958333333333335,-23.83184957101303
finite_gaussian,2,180046.681327,0.34166666666666656,-23.53833342089835
finite_gaussian,2,180046.681327,0.34375,-23.276857216193257
finite_gaussian,2,180046.681327,0.3458333333333332,-23.045411300595067
finite_gaussian,2,180046.681327,0.34791666666666665,-22.84216374806906
finite_gaussian,2,180046.681327,0.3500000000000001,-22.66546174724951
finite_gaussian,2,180046.681327,0.3520833333333333,-22.513824335356244
finite_gaussian,2,180046.681327,0.35416666666666674,-22.38593104520845
finite_gaussian,2,180046.681327,0.35624999999999996,-22.28060904844208
finite_gaussian,2,180046.681327,0.3583333333333334,-22.19682022258376
finite_gaussian,2,180046.681327,0.3604166666666666,-22.1336488973404
finite_gaussian,2,180046.681327,0.36250000000000004,-22.09029064724083
finite_gaussian,2,180046.681327,0.36458333333333326,-22.06604227707159
finite_gaussian,2,180046.681327,0.3666666666666667,-22.060293024773316
finite_gaussian,2,180046.681327,0.3687499999999999,-22.072516943021988
finite_gaussian,2,180046.681327,0.37083333333333335,-22.102266391515553
finite_gaussian,2,180046.681327,0.37291666666666656,-22.149166562708547
finite_gaussian,2,180046.681327,0.375,-22.21291096590623
finite_gaussian,2,180046.681327,0.3770833333333332,-22.293257803280994
finite_gaussian,2,180046.681327,0.37916666666666665,-22.39002718366641
finite_gaussian,2,180046.681327,0.38124999999999987,-22.503099134382126
finite_gaussian,2,180046.681327,0.3833333333333333,-22.632412387121633
finite_gaussian,2,180046.681327,0.38541666666666674,-22.777963930894003
finite_gaussian,2,180046.681327,0.38749999999999996,-22.93980934331511
finite_gaussian,2,180046.681327,0.3895833333333334,-23.118063931634417
finite_gaussian,2,180046.681327,0.3916666666666666,-23.312904737461064
finite_gaussian,2,180046.681327,0.39375000000000004,-23.52457348518619
finite_gaussian,2,180046.681327,0.39583333333333326,-23.75338058488284
finite_gaussian,2,180046.681327,0.3979166666666667,-23.99971033772482
finite_gaussian,2,180046.681327,0.3999999999999999,-24.264027537995855
finite_gaussian,2,180046.681327,0.40208333333333335,-24.546885723664822
finite_gaussian,2,180046.681327,0.40416666666666656,-24.84893740150241
finite_gaussian,2,180046.681327,0.40625,-25.170946668658658
finite_gaussian,2,180046.681327,0.4083333333333332,-25.513804778669808
finite_gaussian,2,180046.681327,0.41041666666666665,-25.878549367605288
finite_gaussian,2,180046.681327,0.41249999999999987,-26.266388282119554
finite_gaussian,2,180046.681327,0.4145833333333333,-26.67872925976495
finite_gaussian,2,180046.681327,0.41666666666666674,-27.11721713882518
finite_gaussian,2,180046.681327,0.41874999999999996,-27.583780873873124
finite_gaussian,2,180046.681327,0.4208333333333334,-28.08069348622462
finite_gaussian,2,180046.681327,0.4229166666666666,-28.610649312864894
finite_gaussian,2,180046.681327,0.42500000000000004,-29.176864735116844
finite_gaussian,2,180046.681327,0.42708333333333326,-29.783211295771213
finite_gaussian,2,180046.681327,0.4291666666666667,-30.434394290638792
finite_gaussian,2,180046.681327,0.4312499999999999,-31.136196462407746
finite_gaussian,2,180046.681327,0.43333333333333335,-31.89581692141956
finite_gaussian,2,180046.681327,0.43541666666666656,-32.72235270778027
finite_gaussian,2,180046.681327,0.4375,-33.62749969598065
finite_gaussian,2,180046.681327,0.4395833333333332,-34.626600604536264
finite_gaussian,2,180046.681327,0.44166666666666665,-35.74025937778929
finite_gaussian,2,180046.681327,0.44374999999999987,-36.99690845846113
finite_gaussian,2,180046.681327,0.4458333333333333,-38.437019032821894
finite_gaussian,2,180046.681327,0.44791666666666674,-40.120138581428044
finite_gaussian,2,180046.681327,0.44999999999999996,-42.13625644491326
finite_gaussian,2,180046.681327,0.4520833333333334,-44.61868434475687
finite_gaussian,2,180046.681327,0.4541666666666666,-47.70551240858691
finite_gaussian,2,180046.681327,0.45625000000000004,-50.974219354299386
finite_gaussian,2,180046.681327,0.45833333333333326,-51.465682653190626
finite_gaussian,2,180046.681327,0.4604166666666667,-48.56677237467512
finite_gaussian,2,180046.681327,0.4624999999999999,-45.555703712333305
finite_gaussian,2,180046.681327,0.46458333333333335,-43.15209902417643
finite_gaussian,2,180046.681327,0.46666666666666656,-41.24138212340967
finite_gaussian,2,180046.681327,0.46875,-39.682269570705486
finite_gaussian,2,180046.681327,0.4708333333333332,-38.37745426854343
finite_gaussian,2,180046.681327,0.47291666666666665,-37.26255887765527
finite_gaussian,2,180046.681327,0.47499999999999987,-36.29395741341125
finite_gaussian,2,180046.681327,0.4770833333333333,-35.44106902061741
finite_gaussian,2,180046.681327,0.47916666666666674,-34.68174814001136
finite_gaussian,2,180046.681327,0.48124999999999996,-33.999487088074886
finite_gaussian,2,180046.681327,0.4833333333333334,-33.38166701137895
finite_gaussian,2,180046.681327,0.4854166666666666,-32.81842876469154
finite_gaussian,2,180046.681327,0.48750000000000004,-32.30192158676867
finite_gaussian,2,180046.681327,0.48958333333333326,-31.825789220073855
finite_gaussian,2,180046.681327,0.4916666666666667,-31.38480966438862
finite_gaussian,2,180046.681327,0.4937499999999999,-30.974637021192386
finite_gaussian,2,180046.681327,0.49583333333333335,-30.59161283822831
finite_gaussian,2,180046.681327,0.49791666666666656,-30.232625814358336
finite_gaussian,2,180046.681327,0.5,-29.89500582916422
finite_gaussian,2,180046.681327,0.5020833333333332,-29.576442779091682
finite_gaussian,2,180046.681327,0.5041666666666667,-29.274923639739683
finite_gaussian,2,180046.681327,0.5062499999999999,-28.988683124168087
finite_gaussian,2,180046.681327,0.5083333333333333,-28.716164626223318
finite_gaussian,2,180046.681327,0.5104166666666667,-28.455989045352116
finite_gaussian,2,180046.681327,0.5125,-28.206929723240506
finite_gaussian,2,180046.681327,0.5145833333333334,-27.96789217145649
finite_gaussian,2,180046.681327,0.5166666666666666,-27.737897590984502
finite_gaussian,2,180046.681327,0.51875,-27.5160694176347
finite_gaussian,2,180046.681327,0.5208333333333333,-27.301622297858152
finite_gaussian,2,180046.681327,0.5229166666666667,-27.09385302542944
finite_gaussian,2,180046.681327,0.5249999999999999,-26.892133063308417
finite_gaussian,2,180046.681327,0.5270833333333333,-26.695902345659
finite_gaussian,2,180046.681327,0.5291666666666666,-26.504664108895707
finite_gaussian,2,180046.681327,0.53125,-26.317980542411355
finite_gaussian,2,180046.681327,0.5333333333333332,-26.135469082746287
finite_gaussian,2,180046.681327,0.5354166666666667,-25.95679920191153
finite_gaussian,2,180046.681327,0.5374999999999999,-25.78168956322652
finite_gaussian,2,180046.681327,0.5395833333333333,-25.609905437701062
finite_gaussian,2,180046.681327,0.5416666666666667,-25.441256291606003
finite_gaussian,2,180046.681327,0.54375,-25.275593472029847
finite_gaussian,2,180046.681327,0.5458333333333334,-25.112807932257443
finite_gaussian,2,180046.681327,0.5479166666666666,-24.952827952875293
finite_gaussian,2,180046.681327,0.55,-24.795616827607823
finite_gaussian,2,180046.681327,0.5520833333333333,-24.641170494927852
finite_gaussian,2,180046.681327,0.5541666666666667,-24.489515107311853
finite_gaussian,2,180046.681327,0.5562499999999999,-24.34070453946678
finite_gaussian,2,180046.681327,0.5583333333333333,-24.194817844792425
finite_gaussian,2,180046.681327,0.5604166666666666,-24.051956675661714
finite_gaussian,2,180046.681327,0.5625,-23.91224268775154
finite_gaussian,2,180046.681327,0.5645833333333332,-23.775814951663413
finite_gaussian,2,180046.681327,0.5666666666666667,-23.642827396517852
finite_gaussian,2,180046.681327,0.5687499999999999,-23.513446310238027
finite_gaussian,2,180046.681327,0.5708333333333333,-23.3878479200445
finite_gaussian,2,180046.681327,0.5729166666666667,-23.266216074491943
finite_gaussian,2,180046.681327,0.575,-23.14874004542798
finite_gaussian,2,180046.681327,0.5770833333333334,-23.035612464788233
finite_gaussian,2,180046.681327,0.5791666666666666,-22.927027407388316
finite_gaussian,2,180046.681327,0.58125,-22.82317862703904
finite_gaussian,2,180046.681327,0.5833333333333333,-22.724257949572426
finite_gaussian,2,180046.681327,0.5854166666666667,-22.630453822861995
finite_gaussian,2,180046.681327,0.5874999999999999,-22.541950020758016
finite_gaussian,2,180046.681327,0.5895833333333333,-22.458924495103606
finite_gaussian,2,180046.681327,0.5916666666666666,-22.381548367692695
finite_gaussian,2,180046.681327,0.59375,-22.309985052182597
finite_gaussian,2,180046.681327,0.5958333333333332,-22.244389494575376
finite_gaussian,2,180046.681327,0.5979166666666667,-22.184907519902847
finite_gaussian,2,180046.681327,0.5999999999999999,-22.131675272153295
finite_gaussian,2,180046.681327,0.6020833333333333,-22.084818734217144
finite_gaussian,2,180046.681327,0.6041666666666667,-22.04445331465749
finite_gaussian,2,180046.681327,0.60625,-22.010683488379858
finite_gaussian,2,180046.681327,0.6083333333333334,-21.98360247874321
finite_gaussian,2,180046.681327,0.6104166666666666,-21.96329196927868
finite_gaussian,2,180046.681327,0.6125,-21.94982183393336
finite_gaussian,2,180046.681327,0.6145833333333333,-21.943249875608068
finite_gaussian,2,180046.681327,0.6166666666666667,-21.943621563690797
finite_gaussian,2,180046.681327,0.6187499999999999,-21.950969762293994
finite_gaussian,2,180046.681327,0.6208333333333333,-21.96531444197815
finite_gaussian,2,180046.681327,0.6229166666666666,-21.98666236889313
finite_gaussian,2,180046.681327,0.625,-22.015006766501873
finite_gaussian,2,180046.681327,0.6270833333333332,-22.050326946387102
finite_gaussian,2,180046.681327,0.6291666666666667,-22.09258790610211
finite_gaussian,2,180046.681327,0.6312499999999999,-22.14173989364071
finite_gaussian,2,180046.681327,0.6333333333333333,-22.19771793989946
finite_gaussian,2,180046.681327,0.6354166666666667,-22.26044136252034
finite_gaussian,2,180046.681327,0.6375,-22.329813246770193
finite_gaussian,2,180046.681327,0.6395833333333334,-22.405719911663034
finite_gaussian,2,180046.681327,0.6416666666666666,-22.48803037239254
finite_gaussian,2,180046.681327,0.64375,-22.576595813329604
finite_gaussian,2,180046.681327,0.6458333333333333,-22.671249089357627
finite_gaussian,2,180046.681327,0.6479166666666667,-22.77180427714884
finite_gaussian,2,180046.681327,0.6499999999999999,-22.878056302082182
finite_gaussian,2,180046.681327,0.6520833333333333,-22.98978067078769
finite_gaussian,2,180046.681327,0.6541666666666666,-23.1067333436469
finite_gaussian,2,180046.681327,0.65625,-23.22865078580689
finite_gaussian,2,180046.681327,0.6583333333333332,-23.355250239137085
finite_gaussian,2,180046.681327,0.6604166666666667,-23.48623026076892
finite_gaussian,2,180046.681327,0.6624999999999999,-23.621271576037294
finite_gaussian,2,180046.681327,0.6645833333333333,-23.76003829435621
finite_gaussian,2,180046.681327,0.6666666666666667,-23.90217953532783
finite_gaussian,2,180046.681327,0.66875,-24.04733150870112
finite_gaussian,2,180046.681327,0.6708333333333334,-24.195120085173055
finite_gaussian,2,180046.681327,0.6729166666666666,-24.345163885037806
finite_gaussian,2,180046.681327,0.675,-24.49707789804629
finite_gaussian,2,180046.681327,0.6770833333333333,-24.650477630443817
finite_gaussian,2,180046.681327,0.6791666666666667,-24.804983754199966
finite_gaussian,2,180046.681327,0.6812499999999999,-24.960227209460264
finite_gaussian,2,180046.681327,0.6833333333333333,-25.115854685166624
finite_gaussian,2,180046.681327,0.6854166666666666,-25.271534375943702
finite_gaussian,2,180046.681327,0.6875,-25.426961887443102
finite_gaussian,2,180046.681327,0.6895833333333332,-25.581866139361324
finite_gaussian,2,180046.681327,0.6916666666666667,-25.736015097413446
finite_gaussian,2,180046.681327,0.6937499999999999,-25.88922115467744
finite_gaussian,2,180046.681327,0.6958333333333333,-26.0413459806271
finite_gaussian,2,180046.681327,0.6979166666666667,-26.192304663967775
finite_gaussian,2,180046.681327,0.7,-26.342068993426064
finite_gaussian,2,180046.681327,0.7020833333333334,-26.49066974833883
finite_gaussian,2,180046.681327,0.7041666666666666,-26.638197906713508
finite_gaussian,2,180046.681327,0.70625,-26.78480471999581
finite_gaussian,2,180046.681327,0.7083333333333333,-26.930700648048436
finite_gaussian,2,180046.681327,0.7104166666666667,-27.076153191433292
finite_gaussian,2,180046.681327,0.7124999999999999,-27.221483697631427
finite_gaussian,2,180046.681327,0.7145833333333333,-27.367063250324502
finite_gaussian,2,180046.681327,0.7166666666666666,-27.51330777393815
finite_gaussian,2,180046.681327,0.71875,-27.66067249780228
finite_gaussian,2,180046.681327,0.7208333333333332,-27.809645924903684
finite_gaussian,2,180046.681327,0.7229166666666667,-27.960743439544096
finite_gaussian,2,180046.681327,0.7249999999999999,-28.114500667209285
finite_gaussian,2,180046.681327,0.7270833333333333,-28.271466670014963
finite_gaussian,2,180046.681327,0.7291666666666667,-28.4321970238486
finite_gaussian,2,180046.681327,0.73125,-28.597246780376313
finite_gaussian,2,180046.681327,0.7333333333333334,-28.76716326981731
finite_gaussian,2,180046.681327,0.7354166666666666,-28.94247864984825
finite_gaussian,2,180046.681327,0.7375,-29.123702052852224
finite_gaussian,2,180046.681327,0.7395833333333333,-29.31131112830592
finite_gaussian,2,180046.681327,0.7416666666666667,-29.505742719590103
finite_gaussian,2,180046.681327,0.7437499999999999,-29.70738235521975
finite_gaussian,2,180046.681327,0.7458333333333333,-29.916552174333525
finite_gaussian,2,180046.681327,0.7479166666666666,-30.133496847431044
finite_gaussian,2,180046.681327,0.75,-30.35836700023379
finite_gaussian,2,180046.681327,0.7520833333333332,-30.59119960923646
finite_gaussian,2,180046.681327,0.7541666666666664,-30.831894825625014
finite_gaussian,2,180046.681327,0.7562500000000001,-31.080188721396915
finite_gaussian,2,180046.681327,0.7583333333333333,-31.3356215704178
finite_gaussian,2,180046.681327,0.7604166666666665,-31.597501524643175
finite_gaussian,2,180046.681327,0.7625000000000002,-31.864863985136726
finite_gaussian,2,180046.681327,0.7645833333333334,-32.13642767778276
finite_gaussian,2,180046.681327,0.7666666666666666,-32.4105495116001
finite_gaussian,2,180046.681327,0.7687499999999998,-32.6851817973551
finite_gaussian,2,180046.681327,0.7708333333333335,-32.957837355292725
finite_gaussian,2,180046.681327,0.7729166666666667,-33.22557033864764
finite_gaussian,2,180046.681327,0.7749999999999999,-33.48498291883457
finite_gaussian,2,180046.681327,0.7770833333333331,-33.73226967118249
finite_gaussian,2,180046.681327,0.7791666666666668,-33.96331155017722
finite_gaussian,2,180046.681327,0.78125,-34.173828478526296
finite_gaussian,2,180046.681327,0.7833333333333332,-34.35959266354243
finite_gaussian,2,180046.681327,0.7854166666666664,-34.516693525652926
finite_gaussian,2,180046.681327,0.7875000000000001,-34.64183101392352
finite_gaussian,2,180046.681327,0.7895833333333333,-34.73260068640608
finite_gaussian,2,180046.681327,0.7916666666666665,-34.78772635898028
finite_gaussian,2,180046.681327,0.7937500000000002,-34.80719897589647
finite_gaussian,2,180046.681327,0.7958333333333334,-34.79229504286364
finite_gaussian,2,180046.681327,0.7979166666666666,-34.74547109108229
finite_gaussian,2,180046.681327,0.7999999999999998,-34.67015492834046
finite_gaussian,2,180046.681327,0.8020833333333335,-34.570472045014185
finite_gaussian,2,180046.681327,0.8041666666666667,-34.4509517706872
finite_gaussian,2,180046.681327,0.8062499999999999,-34.316252755740535
finite_gaussian,2,180046.681327,0.8083333333333331,-34.17093504833913
finite_gaussian,2,180046.681327,0.8104166666666668,-34.01929167443672
finite_gaussian,2,180046.681327,0.8125,-33.86524035255748
finite_gaussian,2,180046.681327,0.8145833333333332,-33.712267818470444
finite_gaussian,2,180046.681327,0.8166666666666664,-33.56341532468034
finite_gaussian,2,180046.681327,0.8187500000000001,-33.421293241437155
finite_gaussian,2,180046.681327,0.8208333333333333,-33.28811403278554
finite_gaussian,2,180046.681327,0.8229166666666665,-33.165735103079555
finite_gaussian,2,180046.681327,0.8250000000000002,-33.05570535515434
finite_gaussian,2,180046.681327,0.8270833333333334,-32.959311364430654
finite_gaussian,2,180046.681327,0.8291666666666666,-32.877620697640054
finite_gaussian,2,180046.681327,0.8312499999999998,-32.81152108360783
finite_gaussian,2,180046.681327,0.8333333333333335,-32.76175494067545
finite_gaussian,2,180046.681327,0.8354166666666667,-32.72894926706178
finite_gaussian,2,180046.681327,0.8374999999999999,-32.713641189192806
finite_gaussian,2,180046.681327,0.8395833333333331,-32.71629960685159
finite_gaussian,2,180046.681327,0.8416666666666668,-32.737343424296434
finite_gaussian,2,180046.681327,0.84375,-32.777156849650176
finite_gaussian,2,180046.681327,0.8458333333333332,-32.836102205209855
finite_gaussian,2,180046.681327,0.8479166666666664,-32.914530634200936
finite_gaussian,2,180046.681327,0.8500000000000001,-33.01279102376148
finite_gaussian,2,180046.681327,0.8520833333333333,-33.13123739388375
finite_gaussian,2,180046.681327,0.8541666666666665,-33.270234928674974
finite_gaussian,2,180046.681327,0.8562500000000002,-33.43016474814042
finite_gaussian,2,180046.681327,0.8583333333333334,-33.61142743210726
finite_gaussian,2,180046.681327,0.8604166666666666,-33.81444520706906
finite_gaussian,2,180046.681327,0.8624999999999998,-34.03966258325909
finite_gaussian,2,180046.681327,0.8645833333333335,-34.28754507145989
finite_gaussian,2,180046.681327,0.8666666666666667,-34.55857540078556
finite_gaussian,2,180046.681327,0.8687499999999999,-34.8532463777511
finite_gaussian,2,180046.681327,0.8708333333333331,-35.17204914309782
finite_gaussian,2,180046.681327,0.8729166666666668,-35.5154550553766
finite_gaussian,2,180046.681327,0.875,-35.88388870583628
finite_gaussian,2,180046.681327,0.8770833333333332,-36.27768858118033
finite_gaussian,2,180046.681327,0.8791666666666664,-36.69705056349556
finite_gaussian,2,180046.681327,0.8812500000000001,-37.14194772120445
finite_gaussian,2,180046.681327,0.8833333333333333,-37.612017680680566
finite_gaussian,2,180046.681327,0.8854166666666665,-38.106406397738006
finite_gaussian,2,180046.681327,0.8875000000000002,-38.62355483213381
finite_gaussian,2,180046.681327,0.8895833333333334,-39.16091403345098
finite_gaussian,2,180046.681327,0.8916666666666666,-39.71457696830895
finite_gaussian,2,180046.681327,0.8937499999999998,-40.27882674950568
finite_gaussian,2,180046.681327,0.8958333333333335,-40.84562839180185
finite_gaussian,2,180046.681327,0.8979166666666667,-41.404144562410636
finite_gaussian,2,180046.681327,0.8999999999999999,-41.94044119973931
finite_gaussian,2,180046.681327,0.9020833333333331,-42.4376535020281
finite_gaussian,2,180046.681327,0.9041666666666668,-42.87694927411031
finite_gaussian,2,180046.681327,0.90625,-43.23953911139259
finite_gaussian,2,180046.681327,0.9083333333333332,-43.50962208167197
finite_gaussian,2,180046.681327,0.9104166666666664,-43.67756495234858
finite_gaussian,2,180046.681327,0.9125000000000001,-43.74215034403608
finite_gaussian,2,180046.681327,0.9145833333333333,-43.71088669992966
finite_gaussian,2,180046.681327,0.9166666666666665,-43.598231158515745
finite_gaussian,2,180046.681327,0.9187500000000002,-43.42254701317372
finite_gaussian,2,180046.681327,0.9208333333333334,-43.20299485304596
finite_gaussian,2,180046.681327,0.9229166666666666,-42.95722516547728
finite_gaussian,2,180046.681327,0.9249999999999998,-42.700136062344534
finite_gaussian,2,180046.681327,0.9270833333333335,-42.443517631162806
finite_gaussian,2,180046.681327,0.9291666666666667,-42.19624890808109
finite_gaussian,2,180046.681327,0.9312499999999999,-41.96475041478405
finite_gaussian,2,180046.681327,0.9333333333333331,-41.75349746486779
finite_gaussian,2,180046.681327,0.9354166666666668,-41.56549296555368
finite_gaussian,2,180046.681327,0.9375,-41.402660617607204
finite_gaussian,2,180046.681327,0.9395833333333332,-41.266153167592336
finite_gaussian,2,180046.681327,0.9416666666666664,-41.15658533946632
finite_gaussian,2,180046.681327,0.9437500000000001,-41.07420569961352
finite_gaussian,2,180046.681327,0.9458333333333333,-41.01902146238398
finite_gaussian,2,180046.681327,0.9479166666666665,-40.99088814129435
finite_gaussian,2,180046.681327,0.9500000000000002,-40.98957345999507
finite_gaussian,2,180046.681327,0.9520833333333334,-41.01480266964256
finite_gaussian,2,180046.681327,0.9541666666666666,-41.06629056768326
finite_gaussian,2,180046.681327,0.9562499999999998,-41.143764084397176
finite_gaussian,2,180046.681327,0.9583333333333335,-41.246978236941736
finite_gaussian,2,180046.681327,0.9604166666666667,-41.37572747022422
finite_gaussian,2,180046.681327,0.9624999999999999,-41.52985384018252
finite_gaussian,2,180046.681327,0.9645833333333331,-41.70925309127717
finite_gaussian,2,180046.681327,0.9666666666666668,-41.91387939259591
finite_gaussian,2,180046.681327,0.96875,-42.143749293545156
finite_gaussian,2,180046.681327,0.9708333333333332,-42.3989453169657
finite_gaussian,2,180046.681327,0.9729166666666664,-42.67961950757412
finite_gaussian,2,180046.681327,0.9750000000000001,-42.985997184504434
finite_gaussian,2,180046.681327,0.9770833333333333,-43.318381099367414
finite_gaussian,2,180046.681327,0.9791666666666665,-43.67715616878692
finite_gaussian,2,180046.681327,0.9812500000000002,-44.062794927216665
finite_gaussian,2,180046.681327,0.9833333333333334,-44.475863826830846
finite_gaussian,2,180046.681327,0.9854166666666666,-44.917030490734746
finite_gaussian,2,180046.681327,0.9874999999999998,-45.38707199636007
finite_gaussian,2,180046.681327,0.9895833333333335,-45.88688421707653
finite_gaussian,2,180046.681327,0.9916666666666667,-46.41749216520229
finite_gaussian,2,180046.681327,0.9937499999999999,-46.98006113211477
finite_gaussian,2,180046.681327,0.9958333333333331,-47.57590816710157
finite_gaussian,2,180046.681327,0.9979166666666668,-48.20651300296363
finite_gaussian,2,180046.681327,1.0,-48.873526800523884
finite_gaussian,2,180046.681327,1.0020833333333332,-49.57877583884738
finite_gaussian,2,180046.681327,1.0041666666666664,-50.324255170987215
finite_gaussian,2,180046.681327,1.00625,-51.11210369655022
finite_gaussian,2,180046.681327,1.0083333333333333,-51.94454605252142
finite_gaussian,2,180046.681327,1.0104166666666665,-52.82377647639501
finite_gaussian,2,180046.681327,1.0125000000000002,-53.751742536813786
finite_gaussian,2,180046.681327,1.0145833333333334,-54.72975800575766
finite_gaussian,2,180046.681327,1.0166666666666666,-55.75782832010287
finite_gaussian,2,180046.681327,1.0187499999999998,-56.83350418988957
finite_gaussian,2,180046.681327,1.0208333333333335,-57.94999595338909
finite_gaussian,2,180046.681327,1.0229166666666667,-59.09323651846165
finite_gaussian,2,180046.681327,1.025,-60.0
finite_gaussian,2,180046.681327,1.0270833333333331,-60.0
finite_gaussian,2,180046.681327,1.0291666666666668,-60.0
finite_gaussian,2,180046.681327,1.03125,-60.0
finite_gaussian,2,180046.681327,1.0333333333333332,-60.0
finite_gaussian,2,180046.681327,1.0354166666666664,-60.0
finite_gaussian,2,180046.681327,1.0375,-60.0
finite_gaussian,2,180046.681327,1.0395833333333333,-60.0
finite_gaussian,2,180046.681327,1.0416666666666665,-60.0
finite_gaussian,2,180046.681327,1.0437500000000002,-60.0
finite_gaussian,2,180046.681327,1.0458333333333334,-60.0
finite_gaussian,2,180046.681327,1.0479166666666666,-60.0
finite_gaussian,2,180046.681327,1.0499999999999998,-60.0
finite_gaussian,2,180046.681327,1.0520833333333335,-60.0
finite_gaussian,2,180046.681327,1.0541666666666667,-60.0
finite_gaussian,2,180046.681327,1.05625,-60.0
finite_gaussian,2,180046.681327,1.0583333333333331,-60.0
finite_gaussian,2,180046.681327,1.0604166666666668,-60.0
finite_gaussian,2,180046.681327,1.0625,-60.0
finite_gaussian,2,180046.681327,1.0645833333333332,-60.0
finite_gaussian,2,180046.681327,1.0666666666666664,-60.0
finite_gaussian,2,180046.681327,1.06875,-60.0
finite_gaussian,2,180046.681327,1.0708333333333333,-60.0
finite_gaussian,2,180046.681327,1.0729166666666665,-60.0
finite_gaussian,2,180046.681327,1.0750000000000002,-60.0
finite_gaussian,2,180046.681327,1.0770833333333334,-60.0
finite_gaussian,2,180046.681327,1.0791666666666666,-60.0
finite_gaussian,2,180046.681327,1.0812499999999998,-60.0
finite_gaussian,2,180046.681327,1.0833333333333335,-60.0
finite_gaussian,2,180046.681327,1.0854166666666667,-60.0
finite_gaussian,2,180046.681327,1.0875,-60.0
finite_gaussian,2,180046.681327,1.0895833333333331,-60.0
finite_gaussian,2,180046.681327,1.0916666666666668,-60.0
finite_gaussian,2,180046.681327,1.09375,-60.0
finite_gaussian,2,180046.681327,1.0958333333333332,-60.0
finite_gaussian,2,180046.681327,1.0979166666666664,-60.0
finite_gaussian,2,180046.681327,1.1,-60.0
finite_gaussian,2,180046.681327,1.1020833333333333,-60.0
finite_gaussian,2,180046.681327,1.1041666666666665,-60.0
finite_gaussian,2,180046.681327,1.1062500000000002,-60.0
finite_gaussian,2,180046.681327,1.1083333333333334,-60.0
finite_gaussian,2,180046.681327,1.1104166666666666,-60.0
finite_gaussian,2,180046.681327,1.1124999999999998,-60.0
finite_gaussian,2,180046.681327,1.1145833333333335,-60.0
finite_gaussian,2,180046.681327,1.1166666666666667,-60.0
finite_gaussian,2,180046.681327,1.11875,-60.0
finite_gaussian,2,180046.681327,1.1208333333333331,-60.0
finite_gaussian,2,180046.681327,1.1229166666666668,-60.0
finite_gaussian,2,180046.681327,1.125,-60.0
finite_gaussian,2,180046.681327,1.1270833333333332,-60.0
finite_gaussian,2,180046.681327,1.1291666666666664,-60.0
finite_gaussian,2,180046.681327,1.13125,-60.0
finite_gaussian,2,180046.681327,1.1333333333333333,-60.0
finite_gaussian,2,180046.681327,1.1354166666666665,-60.0
finite_gaussian,2,180046.681327,1.1375000000000002,-60.0
finite_gaussian,2,180046.681327,1.1395833333333334,-60.0
finite_gaussian,2,180046.681327,1.1416666666666666,-60.0
finite_gaussian,2,180046.681327,1.1437499999999998,-60.0
finite_gaussian,2,180046.681327,1.1458333333333335,-60.0
finite_gaussian,2,180046.681327,1.1479166666666667,-60.0
finite_gaussian,2,180046.681327,1.15,-60.0
finite_gaussian,2,180046.681327,1.1520833333333331,-60.0
finite_gaussian,2,180046.681327,1.1541666666666668,-60.0
finite_gaussian,2,180046.681327,1.15625,-60.0
finite_gaussian,2,180046.681327,1.1583333333333332,-60.0
finite_gaussian,2,180046.681327,1.1604166666666664,-60.0
finite_gaussian,2,180046.681327,1.1625,-60.0
finite_gaussian,2,180046.681327,1.1645833333333333,-60.0
finite_gaussian,2,180046.681327,1.1666666666666665,-60.0
finite_gaussian,2,180046.681327,1.1687500000000002,-60.0
finite_gaussian,2,180046.681327,1.1708333333333334,-60.0
finite_gaussian,2,180046.681327,1.1729166666666666,-60.0
finite_gaussian,2,180046.681327,1.1749999999999998,-60.0
finite_gaussian,2,180046.681327,1.1770833333333335,-60.0
finite_gaussian,2,180046.681327,1.1791666666666667,-60.0
finite_gaussian,2,180046.681327,1.18125,-60.0
finite_gaussian,2,180046.681327,1.1833333333333331,-60.0
finite_gaussian,2,180046.681327,1.1854166666666668,-60.0
finite_gaussian,2,180046.681327,1.1875,-60.0
finite_gaussian,2,180046.681327,1.1895833333333332,-60.0
finite_gaussian,2,180046.681327,1.1916666666666664,-60.0
finite_gaussian,2,180046.681327,1.19375,-60.0
finite_gaussian,2,180046.681327,1.1958333333333333,-60.0
finite_gaussian,2,180046.681327,1.1979166666666665,-60.0
finite_gaussian,2,180046.681327,1.2000000000000002,-60.0
finite_gaussian,2,180046.681327,1.2020833333333334,-60.0
finite_gaussian,2,180046.681327,1.2041666666666666,-60.0
finite_gaussian,2,180046.681327,1.2062499999999998,-60.0
finite_gaussian,2,180046.681327,1.2083333333333335,-60.0
finite_gaussian,2,180046.681327,1.2104166666666667,-60.0
finite_gaussian,2,180046.681327,1.2125,-60.0
finite_gaussian,2,180046.681327,1.2145833333333331,-60.0
finite_gaussian,2,180046.681327,1.2166666666666668,-60.0
finite_gaussian,2,180046.681327,1.21875,-60.0
finite_gaussian,2,180046.681327,1.2208333333333332,-60.0
finite_gaussian,2,180046.681327,1.2229166666666664,-60.0
finite_gaussian,2,180046.681327,1.225,-60.0
finite_gaussian,2,180046.681327,1.2270833333333333,-60.0
finite_gaussian,2,180046.681327,1.2291666666666665,-60.0
finite_gaussian,2,180046.681327,1.2312500000000002,-60.0
finite_gaussian,2,180046.681327,1.2333333333333334,-60.0
finite_gaussian,2,180046.681327,1.2354166666666666,-60.0
finite_gaussian,2,180046.681327,1.2374999999999998,-60.0
finite_gaussian,2,180046.681327,1.2395833333333335,-60.0
finite_gaussian,2,180046.681327,1.2416666666666667,-60.0
finite_gaussian,2,180046.681327,1.24375,-60.0
finite_gaussian,2,180046.681327,1.2458333333333331,-60.0
finite_gaussian,2,180046.681327,1.2479166666666668,-60.0
finite_gaussian,2,180046.681327,1.25,-60.0
finite_gaussian,3,180498.322,-1.25,-60.0
finite_gaussian,3,180498.322,-1.2479166666666666,-60.0
finite_gaussian,3,180498.322,-1.2458333333333333,-60.0
finite_gaussian,3,180498.322,-1.24375,-60.0
finite_gaussian,3,180498.322,-1.2416666666666667,-60.0
finite_gaussian,3,180498.322,-1.2395833333333333,-60.0
finite_gaussian,3,180498.322,-1.2375,-60.0
finite_gaussian,3,180498.322,-1.2354166666666666,-60.0
finite_gaussian,3,180498.322,-1.2333333333333334,-60.0
finite_gaussian,3,180498.322,-1.23125,-60.0
finite_gaussian,3,180498.322,-1.2291666666666667,-60.0
finite_gaussian,3,180498.322,-1.2270833333333333,-60.0
finite_gaussian,3,180498.322,-1.225,-60.0
finite_gaussian,3,180498.322,-1.2229166666666667,-60.0
finite_gaussian,3,180498.322,-1.2208333333333334,-60.0
finite_gaussian,3,180498.322,-1.21875,-60.0
finite_gaussian,3,180498.322,-1.2166666666666666,-60.0
finite_gaussian,3,180498.322,-1.2145833333333333,-60.0
finite_gaussian,3,180498.322,-1.2125,-60.0
finite_gaussian,3,180498.322,-1.2104166666666667,-60.0
finite_gaussian,3,180498.322,-1.2083333333333333,-60.0
finite_gaussian,3,180498.322,-1.20625,-60.0
finite_gaussian,3,180498.322,-1.2041666666666666,-60.0
finite_gaussian,3,180498.322,-1.2020833333333334,-60.0
finite_gaussian,3,180498.322,-1.2,-60.0
finite_gaussian,3,180498.322,-1.1979166666666667,-60.0
finite_gaussian,3,180498.322,-1.1958333333333333,-60.0
finite_gaussian,3,180498.322,-1.19375,-60.0
finite_gaussian,3,180498.322,-1.1916666666666667,-60.0
finite_gaussian,3,180498.322,-1.1895833333333334,-60.0
finite_gaussian,3,180498.322,-1.1875,-60.0
finite_gaussian,3,180498.322,-1.1854166666666668,-60.0
finite_gaussian,3,180498.322,-1.1833333333333333,-60.0
finite_gaussian,3,180498.322,-1.18125,-60.0
finite_gaussian,3,180498.322,-1.1791666666666667,-60.0
finite_gaussian,3,180498.322,-1.1770833333333333,-60.0
finite_gaussian,3,180498.322,-1.175,-60.0
finite_gaussian,3,180498.322,-1.1729166666666666,-60.0
finite_gaussian,3,180498.322,-1.1708333333333334,-60.0
finite_gaussian,3,180498.322,-1.16875,-60.0
finite_gaussian,3,180498.322,-1.1666666666666667,-60.0
finite_gaussian,3,180498.322,-1.1645833333333333,-60.0
finite_gaussian,3,180498.322,-1.1625,-60.0
finite_gaussian,3,180498.322,-1.1604166666666667,-60.0
finite_gaussian,3,180498.322,-1.1583333333333334,-60.0
finite_gaussian,3,180498.322,-1.15625,-60.0
finite_gaussian,3,180498.322,-1.1541666666666668,-60.0
finite_gaussian,3,180498.322,-1.1520833333333333,-60.0
finite_gaussian,3,180498.322,-1.15,-60.0
finite_gaussian,3,180498.322,-1.1479166666666667,-60.0
finite_gaussian,3,180498.322,-1.1458333333333333,-60.0
finite_gaussian,3,180498.322,-1.14375,-60.0
finite_gaussian,3,180498.322,-1.1416666666666666,-60.0
finite_gaussian,3,180498.322,-1.1395833333333334,-60.0
finite_gaussian,3,180498.322,-1.1375,-60.0
finite_gaussian,3,180498.322,-1.1354166666666667,-60.0
finite_gaussian,3,180498.322,-1.1333333333333333,-60.0
finite_gaussian,3,180498.322,-1.13125,-60.0
finite_gaussian,3,180498.322,-1.1291666666666667,-60.0
finite_gaussian,3,180498.322,-1.1270833333333334,-60.0
finite_gaussian,3,180498.322,-1.125,-60.0
finite_gaussian,3,180498.322,-1.1229166666666668,-60.0
finite_gaussian,3,180498.322,-1.1208333333333333,-60.0
finite_gaussian,3,180498.322,-1.11875,-60.0
finite_gaussian,3,180498.322,-1.1166666666666667,-60.0
finite_gaussian,3,180498.322,-1.1145833333333333,-60.0
finite_gaussian,3,180498.322,-1.1125,-60.0
finite_gaussian,3,180498.322,-1.1104166666666666,-60.0
finite_gaussian,3,180498.322,-1.1083333333333334,-60.0
finite_gaussian,3,180498.322,-1.10625,-60.0
finite_gaussian,3,180498.322,-1.1041666666666667,-60.0
finite_gaussian,3,180498.322,-1.1020833333333333,-60.0
finite_gaussian,3,180498.322,-1.1,-60.0
finite_gaussian,3,180498.322,-1.0979166666666667,-60.0
finite_gaussian,3,180498.322,-1.0958333333333332,-60.0
finite_gaussian,3,180498.322,-1.09375,-60.0
finite_gaussian,3,180498.322,-1.0916666666666668,-60.0
finite_gaussian,3,180498.322,-1.0895833333333333,-60.0
finite_gaussian,3,180498.322,-1.0875,-60.0
finite_gaussian,3,180498.322,-1.0854166666666667,-59.46641105236722
finite_gaussian,3,180498.322,-1.0833333333333333,-58.65425885673921
finite_gaussian,3,180498.322,-1.08125,-57.823397694716625
finite_gaussian,3,180498.322,-1.0791666666666666,-56.98148398758256
finite_gaussian,3,180498.322,-1.0770833333333334,-56.135293312620476
finite_gaussian,3,180498.322,-1.075,-55.29057756760081
finite_gaussian,3,180498.322,-1.0729166666666667,-54.45205520173494
finite_gaussian,3,180498.322,-1.0708333333333333,-53.623484680379974
finite_gaussian,3,180498.322,-1.06875,-52.80778062885457
finite_gaussian,3,180498.322,-1.0666666666666667,-52.0071442897943
finite_gaussian,3,180498.322,-1.0645833333333332,-51.22319088428242
finite_gaussian,3,180498.322,-1.0625,-50.4570646817174
finite_gaussian,3,180498.322,-1.0604166666666668,-49.70953802920363
finite_gaussian,3,180498.322,-1.0583333333333333,-48.98109383620046
finite_gaussian,3,180498.322,-1.05625,-48.27199272425351
finite_gaussian,3,180498.322,-1.0541666666666667,-47.58232679863671
finite_gaussian,3,180498.322,-1.0520833333333333,-46.912062185679204
finite_gaussian,3,180498.322,-1.05,-46.26107237272733
finite_gaussian,3,180498.322,-1.0479166666666666,-45.62916414926431
finite_gaussian,3,180498.322,-1.0458333333333334,-45.01609766906158
finite_gaussian,3,180498.322,-1.04375,-44.42160188215098
finite_gaussian,3,180498.322,-1.0416666666666667,-43.845386343478935
finite_gaussian,3,180498.322,-1.0395833333333333,-43.28715019960643
finite_gaussian,3,180498.322,-1.0375,-42.74658898560003
finite_gaussian,3,180498.322,-1.0354166666666667,-42.22339972767328
finite_gaussian,3,180498.322,-1.0333333333333332,-41.71728473845354
finite_gaussian,3,180498.322,-1.03125,-41.227954406010184
finite_gaussian,3,180498.322,-1.0291666666666668,-40.75512921064556
finite_gaussian,3,180498.322,-1.0270833333333333,-40.29854115104966
finite_gaussian,3,180498.322,-1.025,-39.85793472067363
finite_gaussian,3,180498.322,-1.0229166666666667,-39.43306754353859
finite_gaussian,3,180498.322,-1.0208333333333333,-39.02371075413799
finite_gaussian,3,180498.322,-1.01875,-38.629649187077305
finite_gaussian,3,180498.322,-1.0166666666666666,-38.250681427331685
finite_gaussian,3,180498.322,-1.0145833333333334,-37.88661976057014
finite_gaussian,3,180498.322,-1.0125,-37.537290054137216
finite_gaussian,3,180498.322,-1.0104166666666667,-37.20253159241127
finite_gaussian,3,180498.322,-1.0083333333333333,-36.88219688494404
finite_gaussian,3,180498.322,-1.00625,-36.576151461674925
finite_gaussian,3,180498.322,-1.0041666666666667,-36.28427366633144
finite_gaussian,3,180498.322,-1.0020833333333332,-36.00645445669937
finite_gaussian,3,180498.322,-1.0,-35.7425972185596
finite_gaussian,3,180498.322,-0.9979166666666667,-35.49261759868363
finite_gaussian,3,180498.322,-0.9958333333333333,-35.256443361204546
finite_gaussian,3,180498.322,-0.99375,-35.03401427090076
finite_gaussian,3,180498.322,-0.9916666666666667,-34.825282006365
finite_gaussian,3,180498.322,-0.9895833333333333,-34.63021010565024
finite_gaussian,3,180498.322,-0.9875,-34.448773946748986
finite_gaussian,3,180498.322,-0.9854166666666666,-34.2809607651443
finite_gaussian,3,180498.322,-0.9833333333333334,-34.126769710660234
finite_gaussian,3,180498.322,-0.98125,-33.98621194590802
finite_gaussian,3,180498.322,-0.9791666666666667,-33.85931078877863
finite_gaussian,3,180498.322,-0.9770833333333333,-33.74610190164841
finite_gaussian,3,180498.322,-0.975,-33.64663353025498
finite_gaussian,3,180498.322,-0.9729166666666667,-33.56096679554961
finite_gaussian,3,180498.322,-0.9708333333333333,-33.48917604224988
finite_gaussian,3,180498.322,-0.96875,-33.43134924829996
finite_gaussian,3,180498.322,-0.9666666666666667,-33.38758849999779
finite_gaussian,3,180498.322,-0.9645833333333333,-33.35801053817893
finite_gaussian,3,180498.322,-0.9625,-33.34274738155087
finite_gaussian,3,180498.322,-0.9604166666666667,-33.341947034067616
finite_gaussian,3,180498.322,-0.9583333333333333,-33.35577428411491
finite_gaussian,3,180498.322,-0.95625,-33.384411604258766
finite_gaussian,3,180498.322,-0.9541666666666666,-33.428060161383804
finite_gaussian,3,180498.322,-0.9520833333333334,-33.486940948229076
finite_gaussian,3,180498.322,-0.95,-33.561296048590734
finite_gaussian,3,180498.322,-0.9479166666666667,-33.65139004980835
finite_gaussian,3,180498.322,-0.9458333333333333,-33.75751161753734
finite_gaussian,3,180498.322,-0.94375,-33.87997524918806
finite_gaussian,3,180498.322,-0.9416666666666667,-34.019123223694315
finite_gaussian,3,180498.322,-0.9395833333333333,-34.17532776631633
finite_gaussian,3,180498.322,-0.9375,-34.34899344776972
finite_gaussian,3,180498.322,-0.9354166666666667,-34.54055983676686
finite_gaussian,3,180498.322,-0.9333333333333333,-34.75050442355007
finite_gaussian,3,180498.322,-0.93125,-34.97934582841146
finite_gaussian,3,180498.322,-0.9291666666666667,-35.227647302373704
finite_gaussian,3,180498.322,-0.9270833333333333,-35.496020515381595
finite_gaussian,3,180498.322,-0.925,-35.785129607882155
finite_gaussian,3,180498.322,-0.9229166666666666,-36.09569545053627
finite_gaussian,3,180498.322,-0.9208333333333334,-36.42850000793271
finite_gaussian,3,180498.322,-0.91875,-36.78439062631726
finite_gaussian,3,180498.322,-0.9166666666666667,-37.1642839484254
finite_gaussian,3,180498.322,-0.9145833333333333,-37.56916897887305
finite_gaussian,3,180498.322,-0.9125,-38.00010854804888
finite_gaussian,3,180498.322,-0.9104166666666667,-38.458237999830104
finite_gaussian,3,180498.322,-0.9083333333333333,-38.94475927969077
finite_gaussian,3,180498.322,-0.90625,-39.460927602950214
finite_gaussian,3,180498.322,-0.9041666666666667,-40.00802635087296
finite_gaussian,3,180498.322,-0.9020833333333333,-40.587323490938104
finite_gaussian,3,180498.322,-0.9,-41.19999922514034
finite_gaussian,3,180498.322,-0.8979166666666667,-41.84702913730099
finite_gaussian,3,180498.322,-0.8958333333333333,-42.52899905716553
finite_gaussian,3,180498.322,-0.89375,-43.24581636783491
finite_gaussian,3,180498.322,-0.8916666666666666,-43.99626726681411
finite_gaussian,3,180498.322,-0.8895833333333334,-44.77735244223616
finite_gaussian,3,180498.322,-0.8875,-45.58332287092081
finite_gaussian,3,180498.322,-0.8854166666666667,-46.40435583329342
finite_gaussian,3,180498.322,-0.8833333333333333,-47.224910011305965
finite_gaussian,3,180498.322,-0.88125,-48.0220663109846
finite_gaussian,3,180498.322,-0.8791666666666667,-48.76468355303277
finite_gaussian,3,180498.322,-0.8770833333333333,-49.41486999953621
finite_gaussian,3,180498.322,-0.875,-49.933433490276414
finite_gaussian,3,180498.322,-0.8729166666666667,-50.28940235313705
finite_gaussian,3,180498.322,-0.8708333333333333,-50.47015624690734
finite_gaussian,3,180498.322,-0.86875,-50.48618162430729
finite_gaussian,3,180498.322,-0.8666666666666667,-50.36708679972966
finite_gaussian,3,180498.322,-0.8645833333333333,-50.15170852222626
finite_gaussian,3,180498.322,-0.8625,-49.8783038505301
finite_gaussian,3,180498.322,-0.8604166666666666,-49.57865172419339
finite_gaussian,3,180498.322,-0.8583333333333334,-49.276245819730626
finite_gaussian,3,180498.322,-0.85625,-48.98697167352899
finite_gaussian,3,180498.322,-0.8541666666666667,-48.720712299579844
finite_gaussian,3,180498.322,-0.8520833333333333,-48.4829898830458
finite_gaussian,3,180498.322,-0.85,-48.27629851008006
finite_gaussian,3,180498.322,-0.8479166666666667,-48.10107268326998
finite_gaussian,3,180498.322,-0.8458333333333333,-47.956347443345486
finite_gaussian,3,180498.322,-0.84375,-47.84018984904591
finite_gaussian,3,180498.322,-0.8416666666666667,-47.749973102204194
finite_gaussian,3,180498.322,-0.8395833333333333,-47.682548659498984
finite_gaussian,3,180498.322,-0.8375,-47.634357265003324
finite_gaussian,3,180498.322,-0.8354166666666667,-47.601509073435075
finite_gaussian,3,180498.322,-0.8333333333333333,-47.57985545677394
finite_gaussian,3,180498.322,-0.83125,-47.565069477736785
finite_gaussian,3,180498.322,-0.8291666666666666,-47.552747068070204
finite_gaussian,3,180498.322,-0.8270833333333334,-47.53853557432926
finite_gaussian,3,180498.322,-0.825,-47.518289882946874
finite_gaussian,3,180498.322,-0.8229166666666667,-47.48824886478481
finite_gaussian,3,180498.322,-0.8208333333333333,-47.44521732185096
finite_gaussian,3,180498.322,-0.8187500000000001,-47.386732707919286
finite_gaussian,3,180498.322,-0.8166666666666667,-47.311193659085895
finite_gaussian,3,180498.322,-0.8145833333333333,-47.217930265415134
finite_gaussian,3,180498.322,-0.8125,-47.10720404512858
finite_gaussian,3,180498.322,-0.8104166666666667,-46.98013694771965
finite_gaussian,3,180498.322,-0.8083333333333333,-46.838580320203995
finite_gaussian,3,180498.322,-0.80625,-46.684943447307894
finite_gaussian,3,180498.322,-0.8041666666666667,-46.52200502320434
finite_gaussian,3,180498.322,-0.8020833333333333,-46.35272953427026
finite_gaussian,3,180498.322,-0.8,-46.18010538995482
finite_gaussian,3,180498.322,-0.7979166666666666,-46.00701481705887
finite_gaussian,3,180498.322,-0.7958333333333334,-45.83613895852626
finite_gaussian,3,180498.322,-0.79375,-45.669896524347244
finite_gaussian,3,180498.322,-0.7916666666666667,-45.510411170483025
finite_gaussian,3,180498.322,-0.7895833333333333,-45.35950137779895
finite_gaussian,3,180498.322,-0.7875000000000001,-45.21868651040358
finite_gaussian,3,180498.322,-0.7854166666666667,-45.089203435534486
finite_gaussian,3,180498.322,-0.7833333333333333,-44.97202915238451
finite_gaussian,3,180498.322,-0.78125,-44.86790600603363
finite_gaussian,3,180498.322,-0.7791666666666667,-44.777367083333
finite_gaussian,3,180498.322,-0.7770833333333333,-44.70076022492333
finite_gaussian,3,180498.322,-0.775,-44.63826972760744
finite_gaussian,3,180498.322,-0.7729166666666667,-44.58993527331715
finite_gaussian,3,180498.322,-0.7708333333333333,-44.55566793774834
finite_gaussian,3,180498.322,-0.76875,-44.53526333859681
finite_gaussian,3,180498.322,-0.7666666666666666,-44.52841211176096
finite_gaussian,3,180498.322,-0.7645833333333334,-44.534707979888104
finite_gaussian,3,180498.322,-0.7625,-44.55365372117206
finite_gaussian,3,180498.322,-0.7604166666666667,-44.5846653721479
finite_gaussian,3,180498.322,-0.7583333333333333,-44.627075016711935
finite_gaussian,3,180498.322,-0.7562500000000001,-44.68013253161353
finite_gaussian,3,180498.322,-0.7541666666666667,-44.743006680262454
finite_gaussian,3,180498.322,-0.7520833333333333,-44.81478597338039
finite_gaussian,3,180498.322,-0.75,-44.89447974609107
finite_gaussian,3,180498.322,-0.7479166666666667,-44.98101993338631
finite_gaussian,3,180498.322,-0.7458333333333333,-45.07326405400911
finite_gaussian,3,180498.322,-0.74375,-45.169999928683595
finite_gaussian,3,180498.322,-0.7416666666666667,-45.269952651970485
finite_gaussian,3,180498.322,-0.7395833333333334,-45.37179429586946
finite_gaussian,3,180498.322,-0.7375,-45.474156735229776
finite_gaussian,3,180498.322,-0.7354166666666667,-45.57564783932265
finite_gaussian,3,180498.322,-0.7333333333333334,-45.6748710644063
finite_gaussian,3,180498.322,-0.73125,-45.7704482104824
finite_gaussian,3,180498.322,-0.7291666666666666,-45.86104478461658
finite_gaussian,3,180498.322,-0.7270833333333333,-45.945397069335
finite_gaussian,3,180498.322,-0.725,-46.022339666958096
finite_gaussian,3,180498.322,-0.7229166666666667,-46.09083202795837
finite_gaussian,3,180498.322,-0.7208333333333333,-46.149982324339156
finite_gaussian,3,180498.322,-0.71875,-46.199067040308144
finite_gaussian,3,180498.322,-0.7166666666666667,-46.23754484568928
finite_gaussian,3,180498.322,-0.7145833333333333,-46.26506368822411
finite_gaussian,3,180498.322,-0.7125,-46.28146055367953
finite_gaussian,3,180498.322,-0.7104166666666667,-46.28675393496508
finite_gaussian,3,180498.322,-0.7083333333333334,-46.28112964485236
finite_gaussian,3,180498.322,-0.70625,-46.26492112261733
finite_gaussian,3,180498.322,-0.7041666666666667,-46.23858575942636
finite_gaussian,3,180498.322,-0.7020833333333334,-46.202678963657824
finite_gaussian,3,180498.322,-0.7,-46.15782769965523
finite_gaussian,3,180498.322,-0.6979166666666666,-46.104705083748044
finite_gaussian,3,180498.322,-0.6958333333333333,-46.04400735135197
finite_gaussian,3,180498.322,-0.69375,-45.976434168783356
finite_gaussian,3,180498.322,-0.6916666666666667,-45.90267290167991
finite_gaussian,3,180498.322,-0.6895833333333333,-45.823387108297354
finite_gaussian,3,180498.322,-0.6875,-45.73920922760461
finite_gaussian,3,180498.322,-0.6854166666666667,-45.65073719344368
finite_gaussian,3,180498.322,-0.6833333333333333,-45.558534530836326
finite_gaussian,3,180498.322,-0.68125,-45.4631333751733
finite_gaussian,3,180498.322,-0.6791666666666667,-45.365039791766634
finite_gaussian,3,180498.322,-0.6770833333333334,-45.26474075287381
finite_gaussian,3,180498.322,-0.675,-45.16271214298999
finite_gaussian,3,180498.322,-0.6729166666666667,-45.059427203350296
finite_gaussian,3,180498.322,-0.6708333333333334,-44.95536488703295
finite_gaussian,3,180498.322,-0.66875,-44.8510176717853
finite_gaussian,3,180498.322,-0.6666666666666666,-44.74689846437445
finite_gaussian,3,180498.322,-0.6645833333333333,-44.64354632375613
finite_gaussian,3,180498.322,-0.6625,-44.54153082643981
finite_gaussian,3,180498.322,-0.6604166666666667,-44.4414549917175
finite_gaussian,3,180498.322,-0.6583333333333333,-44.34395677250763
finite_gaussian,3,180498.322,-0.65625,-44.249709195323526
finite_gaussian,3,180498.322,-0.6541666666666667,-44.15941929684652
finite_gaussian,3,180498.322,-0.6520833333333333,-44.0738260523137
finite_gaussian,3,180498.322,-0.65,-43.993697521211026
finite_gaussian,3,180498.322,-0.6479166666666667,-43.91982744865433
finite_gaussian,3,180498.322,-0.6458333333333334,-43.85303155769926
finite_gaussian,3,180498.322,-0.64375,-43.79414375074411
finite_gaussian,3,180498.322,-0.6416666666666667,-43.74401241012551
finite_gaussian,3,180498.322,-0.6395833333333334,-43.70349695183674
finite_gaussian,3,180498.322,-0.6375,-43.67346474485821
finite_gaussian,3,180498.322,-0.6354166666666666,-43.65478846417397
finite_gaussian,3,180498.322,-0.6333333333333333,-43.648343899636835
finite_gaussian,3,180498.322,-0.63125,-43.65500819603596
finite_gaussian,3,180498.322,-0.6291666666666667,-43.675658451489774
finite_gaussian,3,180498.322,-0.6270833333333333,-43.71117054997991
finite_gaussian,3,180498.322,-0.625,-43.76241804644928
finite_gaussian,3,180498.322,-0.6229166666666667,-43.83027085495455
finite_gaussian,3,180498.322,-0.6208333333333333,-43.91559340557967
finite_gaussian,3,180498.322,-0.61875,-44.019241825640805
finite_gaussian,3,180498.322,-0.6166666666666667,-44.142059553652906
finite_gaussian,3,180498.322,-0.6145833333333334,-44.2848705953009
finite_gaussian,3,180498.322,-0.6125,-44.44846935911619
finite_gaussian,3,180498.322,-0.6104166666666667,-44.63360563959063
finite_gaussian,3,180498.322,-0.6083333333333334,-44.84096281426095
finite_gaussian,3,180498.322,-0.60625,-45.07112664991779
finite_gaussian,3,180498.322,-0.6041666666666666,-45.32454123032598
finite_gaussian,3,180498.322,-0.6020833333333333,-45.60144739139804
finite_gaussian,3,180498.322,-0.6,-45.90179768249827
finite_gaussian,3,180498.322,-0.5979166666666667,-46.225140357574254
finite_gaussian,3,180498.322,-0.5958333333333333,-46.57046352732931
finite_gaussian,3,180498.322,-0.59375,-46.935990052879426
finite_gaussian,3,180498.322,-0.5916666666666667,-47.31891541126167
finite_gaussian,3,180498.322,-0.5895833333333333,-47.71508711724589
finite_gaussian,3,180498.322,-0.5875,-48.11863935030025
finite_gaussian,3,180498.322,-0.5854166666666667,-48.52162548697307
finite_gaussian,3,180498.322,-0.5833333333333334,-48.91373865111845
finite_gaussian,3,180498.322,-0.58125,-49.282273378049474
finite_gaussian,3,180498.322,-0.5791666666666667,-49.61253849064863
finite_gaussian,3,180498.322,-0.5770833333333334,-49.88893040314071
finite_gaussian,3,180498.322,-0.575,-50.096743629109355
finite_gaussian,3,180498.322,-0.5729166666666666,-50.22449365986376
finite_gaussian,3,180498.322,-0.5708333333333333,-50.266152502755865
finite_gaussian,3,180498.322,-0.56875,-50.222505856678055
finite_gaussian,3,180498.322,-0.5666666666666667,-50.10107330225629
finite_gaussian,3,180498.322,-0.5645833333333333,-49.914628500032585
finite_gaussian,3,180498.322,-0.5625,-49.67892681711824
finite_gaussian,3,180498.322,-0.5604166666666667,-49.410428672032644
finite_gaussian,3,180498.322,-0.5583333333333333,-49.124580356856285
finite_gaussian,3,180498.322,-0.55625,-48.83483700492214
finite_gaussian,3,180498.322,-0.5541666666666667,-48.55232817783027
finite_gaussian,3,180498.322,-0.5520833333333334,-48.285952194002626
finite_gaussian,3,180498.322,-0.55,-48.04269456252787
finite_gaussian,3,180498.322,-0.5479166666666667,-47.82802572135249
finite_gaussian,3,180498.322,-0.5458333333333334,-47.64629541509255
finite_gaussian,3,180498.322,-0.54375,-47.50108673745661
finite_gaussian,3,180498.322,-0.5416666666666666,-47.39552064805886
finite_gaussian,3,180498.322,-0.5395833333333333,-47.33251641788493
finite_gaussian,3,180498.322,-0.5375,-47.315020269345936
finite_gaussian,3,180498.322,-0.5354166666666667,-47.34621747059925
finite_gaussian,3,180498.322,-0.5333333333333333,-47.42974497046393
finite_gaussian,3,180498.322,-0.53125,-47.569924084737245
finite_gaussian,3,180498.322,-0.5291666666666667,-47.772037199117044
finite_gaussian,3,180498.322,-0.5270833333333333,-48.042680584765414
finite_gaussian,3,180498.322,-0.525,-48.39023973640817
finite_gaussian,3,180498.322,-0.5229166666666667,-48.82555847769658
finite_gaussian,3,180498.322,-0.5208333333333334,-49.362916274767755
finite_gaussian,3,180498.322,-0.51875,-50.021503956185754
finite_gaussian,3,180498.322,-0.5166666666666667,-50.82772071738852
finite_gaussian,3,180498.322,-0.5145833333333334,-51.81883704731188
finite_gaussian,3,180498.322,-0.5125,-53.04885689110417
finite_gaussian,3,180498.322,-0.5104166666666666,-54.59720595753238
finite_gaussian,3,180498.322,-0.5083333333333333,-56.575556975171665
finite_gaussian,3,180498.322,-0.50625,-59.082406628263435
finite_gaussian,3,180498.322,-0.5041666666666667,-60.0
finite_gaussian,3,180498.322,-0.5020833333333333,-60.0
finite_gaussian,3,180498.322,-0.5,-59.393128344117876
finite_gaussian,3,180498.322,-0.4979166666666667,-56.172142401382494
finite_gaussian,3,180498.322,-0.49583333333333335,-53.45379394430962
finite_gaussian,3,180498.322,-0.49375,-51.209336441262046
finite_gaussian,3,180498.322,-0.4916666666666667,-49.31862367604819
finite_gaussian,3,180498.322,-0.48958333333333337,-47.68991104503974
finite_gaussian,3,180498.322,-0.48750000000000004,-46.26038832012054
finite_gaussian,3,180498.322,-0.4854166666666667,-44.986876539923045
finite_gaussian,3,180498.322,-0.4833333333333334,-43.83892630876754
finite_gaussian,3,180498.322,-0.48124999999999996,-42.79445355215084
finite_gaussian,3,180498.322,-0.47916666666666663,-41.83701946249133
finite_gaussian,3,180498.322,-0.4770833333333333,-40.95410421519796
finite_gaussian,3,180498.322,-0.475,-40.13598223306984
finite_gaussian,3,180498.322,-0.47291666666666665,-39.374969194512516
finite_gaussian,3,180498.322,-0.4708333333333333,-38.66490476880893
finite_gaussian,3,180498.322,-0.46875,-38.00078878414287
finite_gaussian,3,180498.322,-0.4666666666666667,-37.37851976913534
finite_gaussian,3,180498.322,-0.46458333333333335,-36.794703380194036
finite_gaussian,3,180498.322,-0.4625,-36.24650954029935
finite_gaussian,3,180498.322,-0.4604166666666667,-35.731564173274165
finite_gaussian,3,180498.322,-0.45833333333333337,-35.247865921733435
finite_gaussian,3,180498.322,-0.45625000000000004,-34.79372117122266
finite_gaussian,3,180498.322,-0.4541666666666667,-34.36769265031137
finite_gaussian,3,180498.322,-0.4520833333333334,-33.96855818915548
finite_gaussian,3,180498.322,-0.44999999999999996,-33.59527711481685
finite_gaussian,3,180498.322,-0.44791666666666663,-33.24696237701212
finite_gaussian,3,180498.322,-0.4458333333333333,-32.92285691985546
finite_gaussian,3,180498.322,-0.44375,-32.62231309929143
finite_gaussian,3,180498.322,-0.44166666666666665,-32.344774127869606
finite_gaussian,3,180498.322,-0.4395833333333333,-32.0897566305689
finite_gaussian,3,180498.322,-0.4375,-31.85683343064401
finite_gaussian,3,180498.322,-0.4354166666666667,-31.645615659594945
finite_gaussian,3,180498.322,-0.43333333333333335,-31.45573320242488
finite_gaussian,3,180498.322,-0.43125,-31.286812347454003
finite_gaussian,3,180498.322,-0.4291666666666667,-31.13844930710868
finite_gaussian,3,180498.322,-0.42708333333333337,-31.010178012127156
finite_gaussian,3,180498.322,-0.42500000000000004,-30.90143026304361
finite_gaussian,3,180498.322,-0.4229166666666667,-30.811485971415532
finite_gaussian,3,180498.322,-0.4208333333333334,-30.739410890527246
finite_gaussian,3,180498.322,-0.41875000000000007,-30.683979025867288
finite_gaussian,3,180498.322,-0.41666666666666663,-30.64357702300292
finite_gaussian,3,180498.322,-0.4145833333333333,-30.616088586072433
finite_gaussian,3,180498.322,-0.4125,-30.598758910075286
finite_gaussian,3,180498.322,-0.41041666666666665,-30.58804297335653
finite_gaussian,3,180498.322,-0.4083333333333333,-30.579448279098695
finite_gaussian,3,180498.322,-0.40625,-30.567393127886607
finite_gaussian,3,180498.322,-0.4041666666666667,-30.54511586480366
finite_gaussian,3,180498.322,-0.40208333333333335,-30.504686850955196
finite_gaussian,3,180498.322,-0.4,-30.437187440721793
finite_gaussian,3,180498.322,-0.3979166666666667,-30.333118312941583
finite_gaussian,3,180498.322,-0.39583333333333337,-30.18306934243739
finite_gaussian,3,180498.322,-0.39375000000000004,-29.978615927882966
finite_gaussian,3,180498.322,-0.3916666666666667,-29.713311830090895
finite_gaussian,3,180498.322,-0.3895833333333334,-29.383563576442256
finite_gaussian,3,180498.322,-0.38750000000000007,-28.989150777925587
finite_gaussian,3,180498.322,-0.38541666666666663,-28.533234855205404
finite_gaussian,3,180498.322,-0.3833333333333333,-28.021853360698316
finite_gaussian,3,180498.322,-0.38125,-27.46305319959847
finite_gaussian,3,180498.322,-0.37916666666666665,-26.865897445449768
finite_gaussian,3,180498.322,-0.3770833333333333,-26.239562680893115
finite_gaussian,3,180498.322,-0.375,-25.59266003440041
finite_gaussian,3,180498.322,-0.3729166666666667,-24.93281779534292
finite_gaussian,3,180498.322,-0.37083333333333335,-24.26649501640208
finite_gaussian,3,180498.322,-0.36875,-23.598964206534635
finite_gaussian,3,180498.322,-0.3666666666666667,-22.934398574513345
finite_gaussian,3,180498.322,-0.36458333333333337,-22.27601153333061
finite_gaussian,3,180498.322,-0.36250000000000004,-21.62621247234877
finite_gaussian,3,180498.322,-0.3604166666666667,-20.98675727318239
finite_gaussian,3,180498.322,-0.3583333333333334,-20.35888266755198
finite_gaussian,3,180498.322,-0.35625000000000007,-19.74342038470018
finite_gaussian,3,180498.322,-0.35416666666666663,-19.14089097274313
finite_gaussian,3,180498.322,-0.3520833333333333,-18.551579151619617
finite_gaussian,3,180498.322,-0.35,-17.975593331289524
finite_gaussian,3,180498.322,-0.34791666666666665,-17.41291204046516
finite_gaussian,3,180498.322,-0.3458333333333333,-16.863419794887395
finite_gaussian,3,180498.322,-0.34375,-16.326934586404615
finite_gaussian,3,180498.322,-0.3416666666666667,-15.803228800814182
finite_gaussian,3,180498.322,-0.33958333333333335,-15.292045025087726
finite_gaussian,3,180498.322,-0.3375,-14.79310790397621
finite_gaussian,3,180498.322,-0.3354166666666667,-14.30613295660419
finite_gaussian,3,180498.322,-0.33333333333333337,-13.830833062256925
finite_gaussian,3,180498.322,-0.33125000000000004,-13.3669231647545
finite_gaussian,3,180498.322,-0.3291666666666667,-12.914123619493044
finite_gaussian,3,180498.322,-0.3270833333333334,-12.472162509743352
finite_gaussian,3,180498.322,-0.32500000000000007,-12.040777183349835
finite_gaussian,3,180498.322,-0.32291666666666663,-11.61971520277471
finite_gaussian,3,180498.322,-0.3208333333333333,-11.208734856627661
finite_gaussian,3,180498.322,-0.31875,-10.80760534635752
finite_gaussian,3,180498.322,-0.31666666666666665,-10.416106735280401
finite_gaussian,3,180498.322,-0.3145833333333333,-10.034029726729878
finite_gaussian,3,180498.322,-0.3125,-9.661175322421343
finite_gaussian,3,180498.322,-0.3104166666666667,-9.297354400031017
finite_gaussian,3,180498.322,-0.30833333333333335,-8.942387239665795
finite_gaussian,3,180498.322,-0.30625,-8.596103021702366
finite_gaussian,3,180498.322,-0.3041666666666667,-8.258339312913554
finite_gaussian,3,180498.322,-0.30208333333333337,-7.92894155350182
finite_gaussian,3,180498.322,-0.30000000000000004,-7.607762554335946
finite_gaussian,3,180498.322,-0.2979166666666667,-7.294662011117376
finite_gaussian,3,180498.322,-0.2958333333333334,-6.989506040217345
finite_gaussian,3,180498.322,-0.29375000000000007,-6.692166739394144
finite_gaussian,3,180498.322,-0.29166666666666663,-6.402521775420756
finite_gaussian,3,180498.322,-0.2895833333333333,-6.120453999748648
finite_gaussian,3,180498.322,-0.2875,-5.845851092642832
finite_gaussian,3,180498.322,-0.28541666666666665,-5.578605235700347
finite_gaussian,3,180498.322,-0.2833333333333333,-5.318612812270588
finite_gaussian,3,180498.322,-0.28125,-5.065774135004877
finite_gaussian,3,180498.322,-0.2791666666666667,-4.819993199550242
finite_gaussian,3,180498.322,-0.27708333333333335,-4.581177463252148
finite_gaussian,3,180498.322,-0.275,-4.349237647628296
finite_gaussian,3,180498.322,-0.2729166666666667,-4.124087563310278
finite_gaussian,3,180498.322,-0.27083333333333337,-3.90564395611334
finite_gaussian,3,180498.322,-0.26875000000000004,-3.693826372879651
finite_gaussian,3,180498.322,-0.2666666666666667,-3.4885570457426915
finite_gaussian,3,180498.322,-0.2645833333333334,-3.2897607934751303
finite_gaussian,3,180498.322,-0.26250000000000007,-3.0973649386069897
finite_gaussian,3,180498.322,-0.26041666666666663,-2.9112992390324437
finite_gaussian,3,180498.322,-0.2583333333333333,-2.7314958328604884
finite_gaussian,3,180498.322,-0.25625,-2.557889195305258
finite_gaussian,3,180498.322,-0.25416666666666665,-2.3904161064559277
finite_gaussian,3,180498.322,-0.2520833333333333,-2.2290156288115135
finite_gaussian,3,180498.322,-0.25,-2.0736290935137753
finite_gaussian,3,180498.322,-0.24791666666666679,-1.9242000942601665
finite_gaussian,3,180498.322,-0.24583333333333335,-1.7806744879289071
finite_gaussian,3,180498.322,-0.2437499999999999,-1.643000400999478
finite_gaussian,3,180498.322,-0.2416666666666667,-1.5111282409036197
finite_gaussian,3,180498.322,-0.23958333333333326,-1.3850107114954184
finite_gaussian,3,180498.322,-0.23750000000000004,-1.2646028318831306
finite_gaussian,3,180498.322,-0.2354166666666666,-1.1498619579202232
finite_gaussian,3,180498.322,-0.2333333333333334,-1.0407478057099337
finite_gaussian,3,180498.322,-0.23124999999999996,-0.937222476534143
finite_gaussian,3,180498.322,-0.22916666666666674,-0.8392504826763437
finite_gaussian,3,180498.322,-0.2270833333333333,-0.7467987736666436
finite_gaussian,3,180498.322,-0.2250000000000001,-0.6598367625373701
finite_gaussian,3,180498.322,-0.22291666666666665,-0.5783363517374265
finite_gaussian,3,180498.322,-0.22083333333333344,-0.5022719584148254
finite_gaussian,3,180498.322,-0.21875,-0.43162053883712803
finite_gaussian,3,180498.322,-0.21666666666666679,-0.3663616117804461
finite_gaussian,3,180498.322,-0.21458333333333335,-0.3064772807774452
finite_gaussian,3,180498.322,-0.2124999999999999,-0.25195225517441655
finite_gaussian,3,180498.322,-0.2104166666666667,-0.20277387000513603
finite_gaussian,3,180498.322,-0.20833333333333326,-0.15893210474622443
finite_gaussian,3,180498.322,-0.20625000000000004,-0.12041960107332542
finite_gaussian,3,180498.322,-0.2041666666666666,-0.08723167978994972
finite_gaussian,3,180498.322,-0.2020833333333334,-0.05936635715120247
finite_gaussian,3,180498.322,-0.19999999999999996,-0.03682436085185467
finite_gaussian,3,180498.322,-0.19791666666666674,-0.019609145992960375
finite_gaussian,3,180498.322,-0.1958333333333333,-0.007726911382482138
finite_gaussian,3,180498.322,-0.1937500000000001,-0.0011866165636881306
finite_gaussian,3,180498.322,-0.19166666666666665,0.0
finite_gaussian,3,180498.322,-0.18958333333333344,-0.004181598876582112
finite_gaussian,3,180498.322,-0.1875,-0.01374877100742527
finite_gaussian,3,180498.322,-0.18541666666666679,-0.02872171936194034
finite_gaussian,3,180498.322,-0.18333333333333335,-0.049123519747566936
finite_gaussian,3,180498.322,-0.1812499999999999,-0.07498015220453713
finite_gaussian,3,180498.322,-0.1791666666666667,-0.10632053668654307
finite_gaussian,3,180498.322,-0.17708333333333326,-0.1431765736163389
finite_gaussian,3,180498.322,-0.17500000000000004,-0.18558318991929335
finite_gaussian,3,180498.322,-0.1729166666666666,-0.23357839115087903
finite_gaussian,3,180498.322,-0.1708333333333334,-0.2872033203461725
finite_gaussian,3,180498.322,-0.16874999999999996,-0.34650232423208244
finite_gaussian,3,180498.322,-0.16666666666666674,-0.4115230274556922
finite_gaussian,3,180498.322,-0.1645833333333333,-0.48231641549662685
finite_gaussian,3,180498.322,-0.1625000000000001,-0.5589369269471152
finite_gaussian,3,180498.322,-0.16041666666666665,-0.6414425558624506
finite_gaussian,3,180498.322,-0.15833333333333344,-0.7298949649059987
finite_gaussian,3,180498.322,-0.15625,-0.8243596100391443
finite_gaussian,3,180498.322,-0.15416666666666679,-0.9249058775363987
finite_gaussian,3,180498.322,-0.15208333333333335,-1.0316072341419298
finite_gaussian,3,180498.322,-0.1499999999999999,-1.1445413912246711
finite_gaussian,3,180498.322,-0.1479166666666667,-1.2637904838374086
finite_gaussian,3,180498.322,-0.14583333333333326,-1.3894412656398103
finite_gaussian,3,180498.322,-0.14375000000000004,-1.5215853207073304
finite_gaussian,3,180498.322,-0.1416666666666666,-1.6603192933184951
finite_gaussian,3,180498.322,-0.1395833333333334,-1.8057451368899702
finite_gaussian,3,180498.322,-0.13749999999999996,-1.9579703833158069
finite_gaussian,3,180498.322,-0.13541666666666674,-2.11710843405939
finite_gaussian,3,180498.322,-0.1333333333333333,-2.283278874448493
finite_gaussian,3,180498.322,-0.1312500000000001,-2.4566078127287887
finite_gaussian,3,180498.322,-0.12916666666666665,-2.6372282455431217
finite_gaussian,3,180498.322,-0.12708333333333344,-2.825280451614296
finite_gaussian,3,180498.322,-0.125,-3.020912415520183
finite_gaussian,3,180498.322,-0.12291666666666679,-3.224280283550484
finite_gaussian,3,180498.322,-0.12083333333333335,-3.435548853722357
finite_gaussian,3,180498.322,-0.11874999999999991,-3.6548921020921634
finite_gaussian,3,180498.322,-0.1166666666666667,-3.8824937475233563
finite_gaussian,3,180498.322,-0.11458333333333326,-4.118547857033238
finite_gaussian,3,180498.322,-0.11250000000000004,-4.36325949372015
finite_gaussian,3,180498.322,-0.11041666666666661,-4.616845409034004
finite_gaussian,3,180498.322,-0.10833333333333339,-4.87953478074587
finite_gaussian,3,180498.322,-0.10624999999999996,-5.151569997339846
finite_gaussian,3,180498.322,-0.10416666666666674,-5.433207488600188
finite_gaussian,3,180498.322,-0.1020833333333333,-5.724718600791489
finite_gaussian,3,180498.322,-0.10000000000000009,-6.026390512866541
finite_gaussian,3,180498.322,-0.09791666666666665,-6.3385271873837095
finite_gaussian,3,180498.322,-0.09583333333333344,-6.661450345980308
finite_gaussian,3,180498.322,-0.09375,-6.995500453953375
finite_gaussian,3,180498.322,-0.09166666666666679,-7.34103769121039
finite_gaussian,3,180498.322,-0.08958333333333335,-7.6984428768628685
finite_gaussian,3,180498.322,-0.08749999999999991,-8.068118301059094
finite_gaussian,3,180498.322,-0.0854166666666667,-8.450488398958594
finite_gaussian,3,180498.322,-0.08333333333333326,-8.846000176198881
finite_gaussian,3,180498.322,-0.08125000000000004,-9.255123260279797
finite_gaussian,3,180498.322,-0.07916666666666661,-9.6783494045342
finite_gaussian,3,180498.322,-0.07708333333333339,-10.116191206007583
finite_gaussian,3,180498.322,-0.07499999999999996,-10.56917970912676
finite_gaussian,3,180498.322,-0.07291666666666674,-11.037860444579806
finite_gaussian,3,180498.322,-0.0708333333333333,-11.522787285266304
finite_gaussian,3,180498.322,-0.06875000000000009,-12.024513272219695
finite_gaussian,3,180498.322,-0.06666666666666665,-12.54357725152919
finite_gaussian,3,180498.322,-0.06458333333333344,-13.08048474073601
finite_gaussian,3,180498.322,-0.0625,-13.63568087576798
finite_gaussian,3,180498.322,-0.060416666666666785,-14.209512538349145
finite_gaussian,3,180498.322,-0.05833333333333335,-14.802175792006267
finite_gaussian,3,180498.322,-0.05624999999999991,-15.413643543647924
finite_gaussian,3,180498.322,-0.054166666666666696,-16.043566933195834
finite_gaussian,3,180498.322,-0.05208333333333326,-16.69114249932828
finite_gaussian,3,180498.322,-0.050000000000000044,-17.35493610190848
finite_gaussian,3,180498.322,-0.04791666666666661,-18.032654824184405
finite_gaussian,3,180498.322,-0.04583333333333339,-18.720861401612684
finite_gaussian,3,180498.322,-0.043749999999999956,-19.414635166088157
finite_gaussian,3,180498.322,-0.04166666666666674,-20.107203549637013
finite_gaussian,3,180498.322,-0.039583333333333304,-20.789603957862404
finite_gaussian,3,180498.322,-0.03750000000000009,-21.450489442052042
finite_gaussian,3,180498.322,-0.03541666666666665,-22.076253971336595
finite_gaussian,3,180498.322,-0.03333333333333344,-22.65169155891772
finite_gaussian,3,180498.322,-0.03125,-23.161355901344905
finite_gaussian,3,180498.322,-0.029166666666666785,-23.591587804101867
finite_gaussian,3,180498.322,-0.027083333333333348,-23.93283442957287
finite_gaussian,3,180498.322,-0.02499999999999991,-24.181561496817924
finite_gaussian,3,180498.322,-0.022916666666666696,-24.34102936965713
finite_gaussian,3,180498.322,-0.02083333333333326,-24.420603597413084
finite_gaussian,3,180498.322,-0.018750000000000044,-24.43389015693098
finite_gaussian,3,180498.322,-0.016666666666666607,-24.396410567421146
finite_gaussian,3,180498.322,-0.014583333333333393,-24.32352960693453
finite_gaussian,3,180498.322,-0.012499999999999956,-24.229036404975698
finite_gaussian,3,180498.322,-0.01041666666666674,-24.124430751933392
finite_gaussian,3,180498.322,-0.008333333333333304,-24.018755797803628
finite_gaussian,3,180498.322,-0.006250000000000089,-23.918762334542908
finite_gaussian,3,180498.322,-0.004166666666666652,-23.829224819065907
finite_gaussian,3,180498.322,-0.002083333333333437,-23.753291501723005
finite_gaussian,3,180498.322,0.0,-23.69280584451714
finite_gaussian,3,180498.322,0.002083333333333215,-23.648573589483235
finite_gaussian,3,180498.322,0.004166666666666652,-23.62057110234284
finite_gaussian,3,180498.322,0.006250000000000089,-23.608101046384228
finite_gaussian,3,180498.322,0.008333333333333304,-23.60990563499511
finite_gaussian,3,180498.322,0.01041666666666674,-23.624248802592533
finite_gaussian,3,180498.322,0.012499999999999956,-23.64897843280033
finite_gaussian,3,180498.322,0.014583333333333393,-23.681579169653062
finite_gaussian,3,180498.322,0.016666666666666607,-23.719225599797568
finite_gaussian,3,180498.322,0.018750000000000044,-23.758844652700233
finite_gaussian,3,180498.322,0.02083333333333326,-23.797194630153463
finite_gaussian,3,180498.322,0.022916666666666696,-23.830965974992022
finite_gaussian,3,180498.322,0.02499999999999991,-23.856905430174827
finite_gaussian,3,180498.322,0.027083333333333348,-23.871960604488155
finite_gaussian,3,180498.322,0.029166666666666563,-23.873436591366946
finite_gaussian,3,180498.322,0.03125,-23.859151166831573
finite_gaussian,3,180498.322,0.033333333333333215,-23.827571608713356
finite_gaussian,3,180498.322,0.03541666666666665,-23.777915706485025
finite_gaussian,3,180498.322,0.03750000000000009,-23.71020283835733
finite_gaussian,3,180498.322,0.039583333333333304,-23.62524774923475
finite_gaussian,3,180498.322,0.04166666666666674,-23.524598357300736
finite_gaussian,3,180498.322,0.043749999999999956,-23.410427321947537
finite_gaussian,3,180498.322,0.04583333333333339,-23.285393111514836
finite_gaussian,3,180498.322,0.04791666666666661,-23.15248869354171
finite_gaussian,3,180498.322,0.050000000000000044,-23.01489472705886
finite_gaussian,3,180498.322,0.05208333333333326,-22.87585026289806
finite_gaussian,3,180498.322,0.054166666666666696,-22.738548902388224
finite_gaussian,3,180498.322,0.05624999999999991,-22.606063461226036
finite_gaussian,3,180498.322,0.05833333333333335,-22.48129830799503
finite_gaussian,3,180498.322,0.06041666666666656,-22.36696603802599
finite_gaussian,3,180498.322,0.0625,-22.265583931961913
finite_gaussian,3,180498.322,0.06458333333333321,-22.179485437099427
finite_gaussian,3,180498.322,0.06666666666666665,-22.110842338795493
finite_gaussian,3,180498.322,0.06875000000000009,-22.061694040186488
finite_gaussian,3,180498.322,0.0708333333333333,-22.03398120581508
finite_gaussian,3,180498.322,0.07291666666666674,-22.029581797945067
finite_gaussian,3,180498.322,0.07499999999999996,-22.05034815783096
finite_gaussian,3,180498.322,0.07708333333333339,-22.098144210575438
finite_gaussian,3,180498.322,0.07916666666666661,-22.174882064534522
finite_gaussian,3,180498.322,0.08125000000000004,-22.282557180159458
finite_gaussian,3,180498.322,0.08333333333333326,-22.423280794100585
finite_gaussian,3,180498.322,0.0854166666666667,-22.59930720058255
finite_gaussian,3,180498.322,0.08749999999999991,-22.813051437446326
finite_gaussian,3,180498.322,0.08958333333333335,-23.06708921380631
finite_gaussian,3,180498.322,0.09166666666666656,-23.36412431743666
finite_gaussian,3,180498.322,0.09375,-23.706897057108133
finite_gaussian,3,180498.322,0.09583333333333321,-24.097986681634577
finite_gaussian,3,180498.322,0.09791666666666665,-24.5394246782795
finite_gaussian,3,180498.322,0.10000000000000009,-25.03197432446259
finite_gaussian,3,180498.322,0.1020833333333333,-25.57383253867728
finite_gaussian,3,180498.322,0.10416666666666674,-26.158370161139043
finite_gaussian,3,180498.322,0.10624999999999996,-26.770400320572175
finite_gaussian,3,180498.322,0.10833333333333339,-27.380602423258274
finite_gaussian,3,180498.322,0.11041666666666661,-27.938856994448305
finite_gaussian,3,180498.322,0.11250000000000004,-28.370601611546068
finite_gaussian,3,180498.322,0.11458333333333326,-28.585541782851106
finite_gaussian,3,180498.322,0.1166666666666667,-28.507174335052063
finite_gaussian,3,180498.322,0.11874999999999991,-28.11184602236647
finite_gaussian,3,180498.322,0.12083333333333335,-27.443142202674252
finite_gaussian,3,180498.322,0.12291666666666656,-26.586048237254904
finite_gaussian,3,180498.322,0.125,-25.6278391588458
finite_gaussian,3,180498.322,0.12708333333333321,-24.635275761122024
finite_gaussian,3,180498.322,0.12916666666666665,-23.651035905810907
finite_gaussian,3,180498.322,0.1312500000000001,-22.699076469839504
finite_gaussian,3,180498.322,0.1333333333333333,-21.791183890311643
finite_gaussian,3,180498.322,0.13541666666666674,-20.931965583186233
finite_gaussian,3,180498.322,0.13749999999999996,-20.1220618001524
finite_gaussian,3,180498.322,0.1395833333333334,-19.360053629519165
finite_gaussian,3,180498.322,0.1416666666666666,-18.643547911285133
finite_gaussian,3,180498.322,0.14375000000000004,-17.969775663802054
finite_gaussian,3,180498.322,0.14583333333333326,-17.335912017715344
finite_gaussian,3,180498.322,0.1479166666666667,-16.739239491012114
finite_gaussian,3,180498.322,0.1499999999999999,-16.177224286381517
finite_gaussian,3,180498.322,0.15208333333333335,-15.647545049863103
finite_gaussian,3,180498.322,0.15416666666666656,-15.148096301788385
finite_gaussian,3,180498.322,0.15625,-14.676978994961203
finite_gaussian,3,180498.322,0.15833333333333321,-14.232485133468408
finite_gaussian,3,180498.322,0.16041666666666665,-13.813080257054702
finite_gaussian,3,180498.322,0.1625000000000001,-13.417385822875339
finite_gaussian,3,180498.322,0.1645833333333333,-13.044162514046215
finite_gaussian,3,180498.322,0.16666666666666674,-12.692294942140418
finite_gaussian,3,180498.322,0.16874999999999996,-12.360777900555393
finite_gaussian,3,180498.322,0.1708333333333334,-12.048704159831924
finite_gaussian,3,180498.322,0.1729166666666666,-11.755253712563018
finite_gaussian,3,180498.322,0.17500000000000004,-11.479684338638164
finite_gaussian,3,180498.322,0.17708333333333326,-11.221323350470968
finite_gaussian,3,180498.322,0.1791666666666667,-10.979560380529705
finite_gaussian,3,180498.322,0.1812499999999999,-10.75384108302758
finite_gaussian,3,180498.322,0.18333333333333335,-10.54366163409786
finite_gaussian,3,180498.322,0.18541666666666656,-10.348563928007067
finite_gaussian,3,180498.322,0.1875,-10.16813137978321
finite_gaussian,3,180498.322,0.18958333333333321,-10.001985256493587
finite_gaussian,3,180498.322,0.19166666666666665,-9.84978147006242
finite_gaussian,3,180498.322,0.1937500000000001,-9.711207773933666
finite_gaussian,3,180498.322,0.1958333333333333,-9.585981314109421
finite_gaussian,3,180498.322,0.19791666666666674,-9.473846492235904
finite_gaussian,3,180498.322,0.19999999999999996,-9.374573104585682
finite_gaussian,3,180498.322,0.2020833333333334,-9.287954726120368
finite_gaussian,3,180498.322,0.2041666666666666,-9.213807313431081
finite_gaussian,3,180498.322,0.20625000000000004,-9.151968004348868
finite_gaussian,3,180498.322,0.20833333333333326,-9.102294095492478
finite_gaussian,3,180498.322,0.2104166666666667,-9.064662182057988
finite_gaussian,3,180498.322,0.2124999999999999,-9.038967446829675
finite_gaussian,3,180498.322,0.21458333333333335,-9.0251230877668
finite_gaussian,3,180498.322,0.21666666666666656,-9.023059875654088
finite_gaussian,3,180498.322,0.21875,-9.032725835243362
finite_gaussian,3,180498.322,0.22083333333333321,-9.054086045104198
finite_gaussian,3,180498.322,0.22291666666666665,-9.087122553081656
finite_gaussian,3,180498.322,0.2250000000000001,-9.131834405865135
finite_gaussian,3,180498.322,0.2270833333333333,-9.188237792737052
finite_gaussian,3,180498.322,0.22916666666666674,-9.256366305124573
finite_gaussian,3,180498.322,0.23124999999999996,-9.336271315151944
finite_gaussian,3,180498.322,0.2333333333333334,-9.428022478014537
finite_gaussian,3,180498.322,0.2354166666666666,-9.531708364696378
finite_gaussian,3,180498.322,0.23750000000000004,-9.647437233360744
finite_gaussian,3,180498.322,0.23958333333333326,-9.775337949684701
finite_gaussian,3,180498.322,0.2416666666666667,-9.915561068512593
finite_gaussian,3,180498.322,0.2437499999999999,-10.068280091493527
finite_gaussian,3,180498.322,0.24583333333333335,-10.233692917867305
finite_gaussian,3,180498.322,0.24791666666666656,-10.412023508282754
finite_gaussian,3,180498.322,0.25,-10.603523784474858
finite_gaussian,3,180498.322,0.2520833333333332,-10.808475790766003
finite_gaussian,3,180498.322,0.25416666666666665,-11.027194146635948
finite_gaussian,3,180498.322,0.2562500000000001,-11.260028822900665
finite_gaussian,3,180498.322,0.2583333333333333,-11.50736827714239
finite_gaussian,3,180498.322,0.26041666666666674,-11.769642986574304
finite_gaussian,3,180498.322,0.26249999999999996,-12.0473294179103
finite_gaussian,3,180498.322,0.2645833333333334,-12.340954473082682
finite_gaussian,3,180498.322,0.2666666666666666,-12.651100445276267
finite_gaussian,3,180498.322,0.26875000000000004,-12.978410509310974
finite_gaussian,3,180498.322,0.27083333333333326,-13.323594750082348
finite_gaussian,3,180498.322,0.2729166666666667,-13.687436696545117
finite_gaussian,3,180498.322,0.2749999999999999,-14.070800267081529
finite_gaussian,3,180498.322,0.27708333333333335,-14.474636929981203
finite_gaussian,3,180498.322,0.27916666666666656,-14.899992716223283
finite_gaussian,3,180498.322,0.28125,-15.348014452583637
finite_gaussian,3,180498.322,0.2833333333333332,-15.81995414998639
finite_gaussian,3,180498.322,0.28541666666666665,-16.317169786288105
finite_gaussian,3,180498.322,0.2875000000000001,-16.84111960489461
finite_gaussian,3,180498.322,0.2895833333333333,-17.393345253072404
finite_gaussian,3,180498.322,0.29166666666666674,-17.975436191245006
finite_gaussian,3,180498.322,0.29374999999999996,-18.588963154465503
finite_gaussian,3,180498.322,0.2958333333333334,-19.235361006285338
finite_gaussian,3,180498.322,0.2979166666666666,-19.915729555340416
finite_gaussian,3,180498.322,0.30000000000000004,-20.630502738246186
finite_gaussian,3,180498.322,0.30208333333333326,-21.378909895131617
finite_gaussian,3,180498.322,0.3041666666666667,-22.158117653161327
finite_gaussian,3,180498.322,0.3062499999999999,-22.961905887374584
finite_gaussian,3,180498.322,0.30833333333333335,-23.77873068840621
finite_gaussian,3,180498.322,0.31041666666666656,-24.58915546043591
finite_gaussian,3,180498.322,0.3125,-25.36308280919757
finite_gaussian,3,180498.322,0.3145833333333332,-26.05823567953764
finite_gaussian,3,180498.322,0.31666666666666665,-26.62275926311601
finite_gaussian,3,180498.322,0.3187500000000001,-27.005077517183885
finite_gaussian,3,180498.322,0.3208333333333333,-27.17027241887635
finite_gaussian,3,180498.322,0.32291666666666674,-27.11460608886615
finite_gaussian,3,180498.322,0.32499999999999996,-26.86723827119164
finite_gaussian,3,180498.322,0.3270833333333334,-26.477688587579266
finite_gaussian,3,180498.322,0.3291666666666666,-25.99889899310731
finite_gaussian,3,180498.322,0.33125000000000004,-25.47567379594455
finite_gaussian,3,180498.322,0.33333333333333326,-24.940730268885176
finite_gaussian,3,180498.322,0.3354166666666667,-24.41561761093022
finite_gaussian,3,180498.322,0.3374999999999999,-23.91338567518382
finite_gaussian,3,180498.322,0.33958333333333335,-23.441258615010995
finite_gaussian,3,180498.322,0.34166666666666656,-23.00271566648787
finite_gaussian,3,180498.322,0.34375,-22.59893671270689
finite_gaussian,3,180498.322,0.3458333333333332,-22.229747894001555
finite_gaussian,3,180498.322,0.34791666666666665,-21.894218838057622
finite_gaussian,3,180498.322,0.3500000000000001,-21.591031176379897
finite_gaussian,3,180498.322,0.3520833333333333,-21.318701581936722
finite_gaussian,3,180498.322,0.35416666666666674,-21.075713898400448
finite_gaussian,3,180498.322,0.35624999999999996,-20.860595089313353
finite_gaussian,3,180498.322,0.3583333333333334,-20.67195677774121
finite_gaussian,3,180498.322,0.3604166666666666,-20.508515923359912
finite_gaussian,3,180498.322,0.36250000000000004,-20.369103036080173
finite_gaussian,3,180498.322,0.36458333333333326,-20.252663121663772
finite_gaussian,3,180498.322,0.3666666666666667,-20.158252564429663
finite_gaussian,3,180498.322,0.3687499999999999,-20.08503391534745
finite_gaussian,3,180498.322,0.37083333333333335,-20.032269784871698
finite_gaussian,3,180498.322,0.37291666666666656,-19.999316562024653
finite_gaussian,3,180498.322,0.375,-19.985618385121636
finite_gaussian,3,180498.322,0.3770833333333332,-19.990701607327704
finite_gaussian,3,180498.322,0.37916666666666665,-20.01416988972285
finite_gaussian,3,180498.322,0.38124999999999987,-20.055699989381157
finite_gaussian,3,180498.322,0.3833333333333333,-20.1150382736385
finite_gaussian,3,180498.322,0.38541666666666674,-20.19199797391564
finite_gaussian,3,180498.322,0.38749999999999996,-20.286457186762984
finite_gaussian,3,180498.322,0.3895833333333334,-20.39835763227813
finite_gaussian,3,180498.322,0.3916666666666666,-20.52770418842586
finite_gaussian,3,180498.322,0.39375000000000004,-20.674565232859926
finite_gaussian,3,180498.322,0.39583333333333326,-20.839073841185684
finite_gaussian,3,180498.322,0.3979166666666667,-21.021429912388598
finite_gaussian,3,180498.322,0.3999999999999999,-21.221903319097905
finite_gaussian,3,180498.322,0.40208333333333335,-21.440838213706023
finite_gaussian,3,180498.322,0.40416666666666656,-21.678658662995215
finite_gaussian,3,180498.322,0.40625,-21.93587583649971
finite_gaussian,3,180498.322,0.4083333333333332,-22.213097041085778
finite_gaussian,3,180498.322,0.41041666666666665,-22.511036981384557
finite_gaussian,3,180498.322,0.41249999999999987,-22.830531740114417
finite_gaussian,3,180498.322,0.4145833333333333,-23.172556124445066
finite_gaussian,3,180498.322,0.41666666666666674,-23.538245229444563
finite_gaussian,3,180498.322,0.41874999999999996,-23.928921349324206
finite_gaussian,3,180498.322,0.4208333333333334,-24.346127754274605
finite_gaussian,3,180498.322,0.4229166666666666,-24.791671394356918
finite_gaussian,3,180498.322,0.42500000000000004,-25.267677367663097
finite_gaussian,3,180498.322,0.42708333333333326,-25.77665911592603
finite_gaussian,3,180498.322,0.4291666666666667,-26.32160997587617
finite_gaussian,3,180498.322,0.4312499999999999,-26.906124228226197
finite_gaussian,3,180498.322,0.43333333333333335,-27.534559668155904
finite_gaussian,3,180498.322,0.43541666666666656,-28.21225987134845
finite_gaussian,3,180498.322,0.4375,-28.945864357097907
finite_gaussian,3,180498.322,0.4395833333333332,-29.743751740968776
finite_gaussian,3,180498.322,0.44166666666666665,-30.61669050548311
finite_gaussian,3,180498.322,0.44374999999999987,-31.578825951652263
finite_gaussian,3,180498.322,0.4458333333333333,-32.64923552158927
finite_gaussian,3,180498.322,0.44791666666666674,-33.85449624411889
finite_gaussian,3,180498.322,0.44999999999999996,-35.233173043270575
finite_gaussian,3,180498.322,0.4520833333333334,-36.84425704568318
finite_gaussian,3,180498.322,0.4541666666666666,-38.78462170767021
finite_gaussian,3,180498.322,0.45625000000000004,-41.230229265316325
finite_gaussian,3,180498.322,0.45833333333333326,-44.554493314452294
finite_gaussian,3,180498.322,0.4604166666666667,-49.80138417343798
finite_gaussian,3,180498.322,0.4624999999999999,-60.0
finite_gaussian,3,180498.322,0.46458333333333335,-53.475526461167576
finite_gaussian,3,180498.322,0.46666666666666656,-46.77236656665134
finite_gaussian,3,180498.322,0.46875,-43.08142644474828
finite_gaussian,3,180498.322,0.4708333333333332,-40.55791516170955
finite_gaussian,3,180498.322,0.47291666666666665,-38.65552273493691
finite_gaussian,3,180498.322,0.47499999999999987,-37.13928925011301
finite_gaussian,3,180498.322,0.4770833333333333,-35.88659375795716
finite_gaussian,3,180498.322,0.47916666666666674,-34.82528188576149
finite_gaussian,3,180498.322,0.48124999999999996,-33.90924485915923
finite_gaussian,3,180498.322,0.4833333333333334,-33.10717833149136
finite_gaussian,3,180498.322,0.4854166666666666,-32.396815290502424
finite_gaussian,3,180498.322,0.48750000000000004,-31.761717699553003
finite_gaussian,3,180498.322,0.48958333333333326,-31.189375605707745
finite_gaussian,3,180498.322,0.4916666666666667,-30.670022681924536
finite_gaussian,3,180498.322,0.4937499999999999,-30.195867126409542
finite_gaussian,3,180498.322,0.49583333333333335,-29.760574859536014
finite_gaussian,3,180498.322,0.49791666666666656,-29.358912107967697
finite_gaussian,3,180498.322,0.5,-28.986492119565405
finite_gaussian,3,180498.322,0.5020833333333332,-28.63959191859759
finite_gaussian,3,180498.322,0.5041666666666667,-28.315017388173615
finite_gaussian,3,180498.322,0.5062499999999999,-28.010002456594528
finite_gaussian,3,180498.322,0.5083333333333333,-27.722132833498915
finite_gaussian,3,180498.322,0.5104166666666667,-27.449287729377716
finite_gaussian,3,180498.322,0.5125,-27.18959494807936
finite_gaussian,3,180498.322,0.5145833333333334,-26.94139604876307
finite_gaussian,3,180498.322,0.5166666666666666,-26.703219162841197
finite_gaussian,3,180498.322,0.51875,-26.47375766654563
finite_gaussian,3,180498.322,0.5208333333333333,-26.25185334232036
finite_gaussian,3,180498.322,0.5229166666666667,-26.036482971756847
finite_gaussian,3,180498.322,0.5249999999999999,-25.826747528723356
finite_gaussian,3,180498.322,0.5270833333333333,-25.62186331030071
finite_gaussian,3,180498.322,0.5291666666666666,-25.421154473278715
finite_gaussian,3,180498.322,0.53125,-25.224046547685738
finite_gaussian,3,180498.322,0.5333333333333332,-25.030060584517457
finite_gaussian,3,180498.322,0.5354166666666667,-24.83880766801425
finite_gaussian,3,180498.322,0.5374999999999999,-24.649983586951535
finite_gaussian,3,180498.322,0.5395833333333333,-24.4633635163718
finite_gaussian,3,180498.322,0.5416666666666667,-24.278796611870273
finite_gaussian,3,180498.322,0.54375,-24.09620046311521
finite_gaussian,3,180498.322,0.5458333333333334,-23.915555391535523
finite_gaussian,3,180498.322,0.5479166666666666,-23.736898608701832
finite_gaussian,3,180498.322,0.55,-23.56031827659521
finite_gaussian,3,180498.322,0.5520833333333333,-23.385947528636862
finite_gaussian,3,180498.322,0.5541666666666667,-23.213958521249157
finite_gaussian,3,180498.322,0.5562499999999999,-23.04455659034332
finite_gaussian,3,180498.322,0.5583333333333333,-22.87797458624624
finite_gaussian,3,180498.322,0.5604166666666666,-22.714467455159067
finite_gaussian,3,180498.322,0.5625,-22.55430712636286
finite_gaussian,3,180498.322,0.5645833333333332,-22.397777753167
finite_gaussian,3,180498.322,0.5666666666666667,-22.24517134308625
finite_gaussian,3,180498.322,0.5687499999999999,-22.09678379987864
finite_gaussian,3,180498.322,0.5708333333333333,-21.952911387652666
finite_gaussian,3,180498.322,0.5729166666666667,-21.813847615858503
finite_gaussian,3,180498.322,0.575,-21.679880534020768
finite_gaussian,3,180498.322,0.5770833333333334,-21.55129041678727
finite_gaussian,3,180498.322,0.5791666666666666,-21.42834781334457
finite_gaussian,3,180498.322,0.58125,-21.311311930451275
finite_gaussian,3,180498.322,0.5833333333333333,-21.200429315142383
finite_gaussian,3,180498.322,0.5854166666666667,-21.095932801375987
finite_gaussian,3,180498.322,0.5874999999999999,-20.998040684316113
finite_gaussian,3,180498.322,0.5895833333333333,-20.90695608634164
finite_gaussian,3,180498.322,0.5916666666666666,-20.822866480025457
finite_gaussian,3,180498.322,0.59375,-20.745943335033793
finite_gaussian,3,180498.322,0.5958333333333332,-20.67634185798059
finite_gaussian,3,180498.322,0.5979166666666667,-20.614200796584136
finite_gaussian,3,180498.322,0.5999999999999999,-20.559642281901628
finite_gaussian,3,180498.322,0.6020833333333333,-20.512771684870774
finite_gaussian,3,180498.322,0.6041666666666667,-20.473677465813893
finite_gaussian,3,180498.322,0.60625,-20.44243099792392
finite_gaussian,3,180498.322,0.6083333333333334,-20.4190863480499
finite_gaussian,3,180498.322,0.6104166666666666,-20.403680000344796
finite_gaussian,3,180498.322,0.6125,-20.396230510564706
finite_gaussian,3,180498.322,0.6145833333333333,-20.396738081069653
finite_gaussian,3,180498.322,0.6166666666666667,-20.405184048936917
finite_gaussian,3,180498.322,0.6187499999999999,-20.421530282144577
finite_gaussian,3,180498.322,0.6208333333333333,-20.445718481609383
finite_gaussian,3,180498.322,0.6229166666666666,-20.477669390079498
finite_gaussian,3,180498.322,0.625,-20.517281912606972
finite_gaussian,3,180498.322,0.6270833333333332,-20.56443215768062
finite_gaussian,3,180498.322,0.6291666666666667,-20.618972413213676
finite_gaussian,3,180498.322,0.6312499999999999,-20.68073007756883
finite_gaussian,3,180498.322,0.6333333333333333,-20.749506572766517
finite_gaussian,3,180498.322,0.6354166666666667,-20.825076275024777
finite_gaussian,3,180498.322,0.6375,-20.90718550683333
finite_gaussian,3,180498.322,0.6395833333333334,-20.99555164480051
finite_gaussian,3,180498.322,0.6416666666666666,-21.08986240835086
finite_gaussian,3,180498.322,0.64375,-21.18977540566779
finite_gaussian,3,180498.322,0.6458333333333333,-21.294918024561305
finite_gaussian,3,180498.322,0.6479166666666667,-21.404887766468978
finite_gaussian,3,180498.322,0.6499999999999999,-21.519253130597335
finite_gaussian,3,180498.322,0.6520833333333333,-21.637555161055893
finite_gaussian,3,180498.322,0.6541666666666666,-21.759309771264444
finite_gaussian,3,180498.322,0.65625,-21.884010955291796
finite_gaussian,3,180498.322,0.6583333333333332,-22.011134983412127
finite_gaussian,3,180498.322,0.6604166666666667,-22.140145657464195
finite_gaussian,3,180498.322,0.6624999999999999,-22.270500669345342
finite_gaussian,3,180498.322,0.6645833333333333,-22.401659062601848
finite_gaussian,3,180498.322,0.6666666666666667,-22.533089742999316
finite_gaussian,3,180498.322,0.66875,-22.6642809208677
finite_gaussian,3,180498.322,0.6708333333333334,-22.794750299098357
finite_gaussian,3,180498.322,0.6729166666666666,-22.924055750658464
finite_gaussian,3,180498.322,0.675,-23.051806164460938
finite_gaussian,3,180498.322,0.6770833333333333,-23.17767208533988
finite_gaussian,3,180498.322,0.6791666666666667,-23.301395739801364
finite_gaussian,3,180498.322,0.6812499999999999,-23.422800030338642
finite_gaussian,3,180498.322,0.6833333333333333,-23.54179610169251
finite_gaussian,3,180498.322,0.6854166666666666,-23.658389133906862
finite_gaussian,3,180498.322,0.6875,-23.772682097320125
finite_gaussian,3,180498.322,0.6895833333333332,-23.88487730813065
finite_gaussian,3,180498.322,0.6916666666666667,-23.99527574120816
finite_gaussian,3,180498.322,0.6937499999999999,-24.104274178715063
finite_gaussian,3,180498.322,0.6958333333333333,-24.212360387594444
finite_gaussian,3,180498.322,0.6979166666666667,-24.32010661576043
finite_gaussian,3,180498.322,0.7,-24.42816176787414
finite_gaussian,3,180498.322,0.7020833333333334,-24.537242662068437
finite_gaussian,3,180498.322,0.7041666666666666,-24.648124777577888
finite_gaussian,3,180498.322,0.70625,-24.761632881856368
finite_gaussian,3,180498.322,0.7083333333333333,-24.878631878834945
finite_gaussian,3,180498.322,0.7104166666666667,-25.00001815335745
finite_gaussian,3,180498.322,0.7124999999999999,-25.126711606731998
finite_gaussian,3,180498.322,0.7145833333333333,-25.259648490270244
finite_gaussian,3,180498.322,0.7166666666666666,-25.399775051661834
finite_gaussian,3,180498.322,0.71875,-25.548041914982974
finite_gaussian,3,180498.322,0.7208333333333332,-25.705399018556022
finite_gaussian,3,180498.322,0.7229166666666667,-25.872790832593434
finite_gaussian,3,180498.322,0.7249999999999999,-26.05115146452676
finite_gaussian,3,180498.322,0.7270833333333333,-26.241399124965227
finite_gaussian,3,180498.322,0.7291666666666667,-26.444429258578545
finite_gaussian,3,180498.322,0.73125,-26.66110542486873
finite_gaussian,3,180498.322,0.7333333333333334,-26.892246721746265
finite_gaussian,3,180498.322,0.7354166666666666,-27.138610152190306
finite_gaussian,3,180498.322,0.7375,-27.400865807109845
finite_gaussian,3,180498.322,0.7395833333333333,-27.67956203731037
finite_gaussian,3,180498.322,0.7416666666666667,-27.975076876719754
finite_gaussian,3,180498.322,0.7437499999999999,-28.2875508357559
finite_gaussian,3,180498.322,0.7458333333333333,-28.6167948335622
finite_gaussian,3,180498.322,0.7479166666666666,-28.962165619052872
finite_gaussian,3,180498.322,0.75,-29.322399916368305
finite_gaussian,3,180498.322,0.7520833333333332,-29.69539853965049
finite_gaussian,3,180498.322,0.7541666666666664,-30.077954445779
finite_gaussian,3,180498.322,0.7562500000000001,-30.465426897371948
finite_gaussian,3,180498.322,0.7583333333333333,-30.85138177763204
finite_gaussian,3,180498.322,0.7604166666666665,-31.227250624513132
finite_gaussian,3,180498.322,0.7625000000000002,-31.582110979634763
finite_gaussian,3,180498.322,0.7645833333333334,-31.90275160163404
finite_gaussian,3,180498.322,0.7666666666666666,-32.17423031988174
finite_gaussian,3,180498.322,0.7687499999999998,-32.38110324563239
finite_gaussian,3,180498.322,0.7708333333333335,-32.509334754406886
finite_gaussian,3,180498.322,0.7729166666666667,-32.54857833977515
finite_gaussian,3,180498.322,0.7749999999999999,-32.49418269777348
finite_gaussian,3,180498.322,0.7770833333333331,-32.34818495803394
finite_gaussian,3,180498.322,0.7791666666666668,-32.11887812105164
finite_gaussian,3,180498.322,0.78125,-31.819136273554484
finite_gaussian,3,180498.322,0.7833333333333332,-31.46415428917727
finite_gaussian,3,180498.322,0.7854166666666664,-31.069329516045606
finite_gaussian,3,180498.322,0.7875000000000001,-30.64874284213191
finite_gaussian,3,180498.322,0.7895833333333333,-30.214344855939306
finite_gaussian,3,180498.322,0.7916666666666665,-29.775717296758796
finite_gaussian,3,180498.322,0.7937500000000002,-29.34020094944705
finite_gaussian,3,180498.322,0.7958333333333334,-28.91320392465972
finite_gaussian,3,180498.322,0.7979166666666666,-28.498563368135112
finite_gaussian,3,180498.322,0.7999999999999998,-28.098889795843817
finite_gaussian,3,180498.322,0.8020833333333335,-27.71586284391766
finite_gaussian,3,180498.322,0.8041666666666667,-27.350470450082906
finite_gaussian,3,180498.322,0.8062499999999999,-27.00319502412264
finite_gaussian,3,180498.322,0.8083333333333331,-26.674154694375307
finite_gaussian,3,180498.322,0.8104166666666668,-26.36320857306325
finite_gaussian,3,180498.322,0.8125,-26.07003418421194
finite_gaussian,3,180498.322,0.8145833333333332,-25.794183830645206
finite_gaussian,3,180498.322,0.8166666666666664,-25.535125263575704
finite_gaussian,3,180498.322,0.8187500000000001,-25.292270774382985
finite_gaussian,3,180498.322,0.8208333333333333,-25.064997814570358
finite_gaussian,3,180498.322,0.8229166666666665,-24.852663459178057
finite_gaussian,3,180498.322,0.8250000000000002,-24.65461442818487
finite_gaussian,3,180498.322,0.8270833333333334,-24.470193931476985
finite_gaussian,3,180498.322,0.8291666666666666,-24.298746270881505
finite_gaussian,3,180498.322,0.8312499999999998,-24.139619888588317
finite_gaussian,3,180498.322,0.8333333333333335,-23.992169372223657
finite_gaussian,3,180498.322,0.8354166666666667,-23.855756795478342
finite_gaussian,3,180498.322,0.8374999999999999,-23.72975267645286
finite_gaussian,3,180498.322,0.8395833333333331,-23.61353676405331
finite_gaussian,3,180498.322,0.8416666666666668,-23.50649880867424
finite_gaussian,3,180498.322,0.84375,-23.408039431771954
finite_gaussian,3,180498.322,0.8458333333333332,-23.317571175910004
finite_gaussian,3,180498.322,0.8479166666666664,-23.234519789660443
finite_gaussian,3,180498.322,0.8500000000000001,-23.158325778409182
finite_gaussian,3,180498.322,0.8520833333333333,-23.088446231311814
finite_gaussian,3,180498.322,0.8541666666666665,-23.02435691556635
finite_gaussian,3,180498.322,0.8562500000000002,-22.965554611423084
finite_gaussian,3,180498.322,0.8583333333333334,-22.911559644892
finite_gaussian,3,180498.322,0.8604166666666666,-22.861918560174473
finite_gaussian,3,180498.322,0.8624999999999998,-22.816206860881486
finite_gaussian,3,180498.322,0.8645833333333335,-22.774031738686745
finite_gaussian,3,180498.322,0.8666666666666667,-22.73503470083044
finite_gaussian,3,180498.322,0.8687499999999999,-22.698894004430656
finite_gaussian,3,180498.322,0.8708333333333331,-22.66532680633607
finite_gaussian,3,180498.322,0.8729166666666668,-22.634090942519173
finite_gaussian,3,180498.322,0.875,-22.604986260740528
finite_gaussian,3,180498.322,0.8770833333333332,-22.577855444075713
finite_gaussian,3,180498.322,0.8791666666666664,-22.552584280240275
finite_gaussian,3,180498.322,0.8812500000000001,-22.52910135153694
finite_gaussian,3,180498.322,0.8833333333333333,-22.507377141541696
finite_gaussian,3,180498.322,0.8854166666666665,-22.48742257607228
finite_gaussian,3,180498.322,0.8875000000000002,-22.469287036273236
finite_gaussian,3,180498.322,0.8895833333333334,-22.453055899637594
finite_gaussian,3,180498.322,0.8916666666666666,-22.438847679504484
finite_gaussian,3,180498.322,0.8937499999999998,-22.426810844342945
finite_gaussian,3,180498.322,0.8958333333333335,-22.417120404594137
finite_gaussian,3,180498.322,0.8979166666666667,-22.40997435696835
finite_gaussian,3,180498.322,0.8999999999999999,-22.405590074145785
finite_gaussian,3,180498.322,0.9020833333333331,-22.404200722331847
finite_gaussian,3,180498.322,0.9041666666666668,-22.406051780756915
finite_gaussian,3,180498.322,0.90625,-22.411397726778283
finite_gaussian,3,180498.322,0.9083333333333332,-22.420498938546732
finite_gaussian,3,180498.322,0.9104166666666664,-22.433618855008408
finite_gaussian,3,180498.322,0.9125000000000001,-22.451021420997375
finite_gaussian,3,180498.322,0.9145833333333333,-22.472968833881126
finite_gaussian,3,180498.322,0.9166666666666665,-22.499719598058658
finite_gaussian,3,180498.322,0.9187500000000002,-22.531526884843313
finite_gaussian,3,180498.322,0.9208333333333334,-22.568637188026536
finite_gaussian,3,180498.322,0.9229166666666666,-22.611289259743423
finite_gaussian,3,180498.322,0.9249999999999998,-22.659713307080125
finite_gaussian,3,180498.322,0.9270833333333335,-22.714130427057825
finite_gaussian,3,180498.322,0.9291666666666667,-22.77475225602916
finite_gaussian,3,180498.322,0.9312499999999999,-22.84178080894471
finite_gaussian,3,180498.322,0.9333333333333331,-22.915408484198036
finite_gaussian,3,180498.322,0.9354166666666668,-22.99581821065224
finite_gaussian,3,180498.322,0.9375,-23.083183714819047
finite_gaussian,3,180498.322,0.9395833333333332,-23.177669887852964
finite_gaussian,3,180498.322,0.9416666666666664,-23.279433233911725
finite_gaussian,3,180498.322,0.9437500000000001,-23.388622383415047
finite_gaussian,3,180498.322,0.9458333333333333,-23.50537865672542
finite_gaussian,3,180498.322,0.9479166666666665,-23.62983666571568
finite_gaussian,3,180498.322,0.9500000000000002,-23.762124942531845
finite_gaussian,3,180498.322,0.9520833333333334,-23.90236658657917
finite_gaussian,3,180498.322,0.9541666666666666,-24.05067992233669
finite_gaussian,3,180498.322,0.9562499999999998,-24.20717916202907
finite_gaussian,3,180498.322,0.9583333333333335,-24.37197506845992
finite_gaussian,3,180498.322,0.9604166666666667,-24.545175614437085
finite_gaussian,3,180498.322,0.9624999999999999,-24.726886636210153
finite_gaussian,3,180498.322,0.9645833333333331,-24.917212479201353
finite_gaussian,3,180498.322,0.9666666666666668,-25.116256635060047
finite_gaussian,3,180498.322,0.96875,-25.324122369716235
finite_gaussian,3,180498.322,0.9708333333333332,-25.540913342668787
finite_gaussian,3,180498.322,0.9729166666666664,-25.7667342182254
finite_gaussian,3,180498.322,0.9750000000000001,-26.00169126983607
finite_gaussian,3,180498.322,0.9770833333333333,-26.245892979029207
finite_gaussian,3,180498.322,0.9791666666666665,-26.499450630793625
finite_gaussian,3,180498.322,0.9812500000000002,-26.762478907547816
finite_gaussian,3,180498.322,0.9833333333333334,-27.035096484119347
finite_gaussian,3,180498.322,0.9854166666666666,-27.317426626425245
finite_gaussian,3,180498.322,0.9874999999999998,-27.609597796804376
finite_gaussian,3,180498.322,0.9895833333333335,-27.911744269219266
finite_gaussian,3,180498.322,0.9916666666666667,-28.224006757814436
finite_gaussian,3,180498.322,0.9937499999999999,-28.54653306260559
finite_gaussian,3,180498.322,0.9958333333333331,-28.87947873637436
finite_gaussian,3,180498.322,0.9979166666666668,-29.223007777172146
finite_gaussian,3,180498.322,1.0,-29.577293351183865
finite_gaussian,3,180498.322,1.0020833333333332,-29.942518551087787
finite_gaussian,3,180498.322,1.0041666666666664,-30.318877195450025
finite_gaussian,3,180498.322,1.00625,-30.70657467513632
finite_gaussian,3,180498.322,1.0083333333333333,-31.105828853184793
finite_gaussian,3,180498.322,1.0104166666666665,-31.51687102507074
finite_gaussian,3,180498.322,1.0125000000000002,-31.93994694678459
finite_gaussian,3,180498.322,1.0145833333333334,-32.3753179386333
finite_gaussian,3,180498.322,1.0166666666666666,-32.82326207312205
finite_gaussian,3,180498.322,1.0187499999999998,-33.284075455640675
finite_gaussian,3,180498.322,1.0208333333333335,-33.758073606917705
finite_gaussian,3,180498.322,1.0229166666666667,-34.245592956198514
finite_gaussian,3,180498.322,1.025,-34.74699245375525
finite_gaussian,3,180498.322,1.0270833333333331,-35.262655310427455
finite_gaussian,3,180498.322,1.0291666666666668,-35.792990870181576
finite_gaussian,3,180498.322,1.03125,-36.33843661875127
finite_gaussian,3,180498.322,1.0333333333333332,-36.89946032676099
finite_gaussian,3,180498.322,1.0354166666666664,-37.47656231849322
finite_gaussian,3,180498.322,1.0375,-38.07027784655546
finite_gaussian,3,180498.322,1.0395833333333333,-38.68117953642085
finite_gaussian,3,180498.322,1.0416666666666665,-39.3098798408178
finite_gaussian,3,180498.322,1.0437500000000002,-39.957033408732656
finite_gaussian,3,180498.322,1.0458333333333334,-40.62333922236238
finite_gaussian,3,180498.322,1.0479166666666666,-41.30954228034475
finite_gaussian,3,180498.322,1.0499999999999998,-42.016434496308705
finite_gaussian,3,180498.322,1.0520833333333335,-42.7448543224659
finite_gaussian,3,180498.322,1.0541666666666667,-43.495684375641225
finite_gaussian,3,180498.322,1.05625,-44.269846003954086
finite_gaussian,3,180498.322,1.0583333333333331,-45.0682892370908
finite_gaussian,3,180498.322,1.0604166666666668,-45.89197584016645
finite_gaussian,3,180498.322,1.0625,-46.74185213825288
finite_gaussian,3,180498.322,1.0645833333333332,-47.61880675287437
finite_gaussian,3,180498.322,1.0666666666666664,-48.52360620212302
finite_gaussian,3,180498.322,1.06875,-49.45679822802185
finite_gaussian,3,180498.322,1.0708333333333333,-50.41856849120168
finite_gaussian,3,180498.322,1.0729166666666665,-51.4085308079892
finite_gaussian,3,180498.322,1.0750000000000002,-52.4254247688401
finite_gaussian,3,180498.322,1.0770833333333334,-53.46668899862188
finite_gaussian,3,180498.322,1.0791666666666666,-54.52787796753356
finite_gaussian,3,180498.322,1.0812499999999998,-55.601905184881595
finite_gaussian,3,180498.322,1.0833333333333335,-56.67814491636554
finite_gaussian,3,180498.322,1.0854166666666667,-57.74153708155896
finite_gaussian,3,180498.322,1.0875,-58.7720406257716
finite_gaussian,3,180498.322,1.0895833333333331,-59.745041108132426
finite_gaussian,3,180498.322,1.0916666666666668,-60.0
finite_gaussian,3,180498.322,1.09375,-60.0
finite_gaussian,3,180498.322,1.0958333333333332,-60.0
finite_gaussian,3,180498.322,1.0979166666666664,-60.0
finite_gaussian,3,180498.322,1.1,-60.0
finite_gaussian,3,180498.322,1.1020833333333333,-60.0
finite_gaussian,3,180498.322,1.1041666666666665,-60.0
finite_gaussian,3,180498.322,1.1062500000000002,-60.0
finite_gaussian,3,180498.322,1.1083333333333334,-60.0
finite_gaussian,3,180498.322,1.1104166666666666,-60.0
finite_gaussian,3,180498.322,1.1124999999999998,-60.0
finite_gaussian,3,180498.322,1.1145833333333335,-60.0
finite_gaussian,3,180498.322,1.1166666666666667,-60.0
finite_gaussian,3,180498.322,1.11875,-60.0
finite_gaussian,3,180498.322,1.1208333333333331,-60.0
finite_gaussian,3,180498.322,1.1229166666666668,-60.0
finite_gaussian,3,180498.322,1.125,-60.0
finite_gaussian,3,180498.322,1.1270833333333332,-60.0
finite_gaussian,3,180498.322,1.1291666666666664,-60.0
finite_gaussian,3,180498.322,1.13125,-60.0
finite_gaussian,3,180498.322,1.1333333333333333,-60.0
finite_gaussian,3,180498.322,1.1354166666666665,-60.0
finite_gaussian,3,180498.322,1.1375000000000002,-60.0
finite_gaussian,3,180498.322,1.1395833333333334,-60.0
finite_gaussian,3,180498.322,1.1416666666666666,-60.0
finite_gaussian,3,180498.322,1.1437499999999998,-60.0
finite_gaussian,3,180498.322,1.1458333333333335,-60.0
finite_gaussian,3,180498.322,1.1479166666666667,-60.0
finite_gaussian,3,180498.322,1.15,-60.0
finite_gaussian,3,180498.322,1.1520833333333331,-60.0
finite_gaussian,3,180498.322,1.1541666666666668,-60.0
finite_gaussian,3,180498.322,1.15625,-60.0
finite_gaussian,3,180498.322,1.1583333333333332,-60.0
finite_gaussian,3,180498.322,1.1604166666666664,-60.0
finite_gaussian,3,180498.322,1.1625,-60.0
finite_gaussian,3,180498.322,1.1645833333333333,-60.0
finite_gaussian,3,180498.322,1.1666666666666665,-60.0
finite_gaussian,3,180498.322,1.1687500000000002,-60.0
finite_gaussian,3,180498.322,1.1708333333333334,-60.0
finite_gaussian,3,180498.322,1.1729166666666666,-60.0
finite_gaussian,3,180498.322,1.1749999999999998,-60.0
finite_gaussian,3,180498.322,1.1770833333333335,-60.0
finite_gaussian,3,180498.322,1.1791666666666667,-60.0
finite_gaussian,3,180498.322,1.18125,-60.0
finite_gaussian,3,180498.322,1.1833333333333331,-60.0
finite_gaussian,3,180498.322,1.1854166666666668,-60.0
finite_gaussian,3,180498.322,1.1875,-60.0
finite_gaussian,3,180498.322,1.1895833333333332,-60.0
finite_gaussian,3,180498.322,1.1916666666666664,-60.0
finite_gaussian,3,180498.322,1.19375,-60.0
finite_gaussian,3,180498.322,1.1958333333333333,-60.0
finite_gaussian,3,180498.322,1.1979166666666665,-60.0
finite_gaussian,3,180498.322,1.2000000000000002,-60.0
finite_gaussian,3,180498.322,1.2020833333333334,-60.0
finite_gaussian,3,180498.322,1.2041666666666666,-60.0
finite_gaussian,3,180498.322,1.2062499999999998,-60.0
finite_gaussian,3,180498.322,1.2083333333333335,-60.0
finite_gaussian,3,180498.322,1.2104166666666667,-60.0
finite_gaussian,3,180498.322,1.2125,-60.0
finite_gaussian,3,180498.322,1.2145833333333331,-60.0
finite_gaussian,3,180498.322,1.2166666666666668,-60.0
finite_gaussian,3,180498.322,1.21875,-60.0
finite_gaussian,3,180498.322,1.2208333333333332,-60.0
finite_gaussian,3,180498.322,1.2229166666666664,-60.0
finite_gaussian,3,180498.322,1.225,-60.0
finite_gaussian,3,180498.322,1.2270833333333333,-60.0
finite_gaussian,3,180498.322,1.2291666666666665,-60.0
finite_gaussian,3,180498.322,1.2312500000000002,-60.0
finite_gaussian,3,180498.322,1.2333333333333334,-60.0
finite_gaussian,3,180498.322,1.2354166666666666,-60.0
finite_gaussian,3,180498.322,1.2374999999999998,-60.0
finite_gaussian,3,180498.322,1.2395833333333335,-60.0
finite_gaussian,3,180498.322,1.2416666666666667,-60.0
finite_gaussian,3,180498.322,1.24375,-60.0
finite_gaussian,3,180498.322,1.2458333333333331,-60.0
finite_gaussian,3,180498.322,1.2479166666666668,-60.0
finite_gaussian,3,180498.322,1.25,-60.0
