kappa,Omega_real,Omega_imag,Q,a_large_real,a_large_imag,a_small_real,a_small_imag,d0_large_real,d0_large_imag,d0_small_real,d0_small_imag,dm1_large_real,dm1_large_imag,dm1_small_real,dm1_small_imag,basis_fidelity_large,basis_fidelity_small,b0_large_real,b0_large_imag,b0_small_real,b0_small_imag,b0_sum_real,b0_sum_imag,b0_sum_abs,bm1_large_real,bm1_large_imag,bm1_small_real,bm1_small_imag,bm1_sum_real,bm1_sum_imag,bm1_sum_abs,radiation_sigma_ratio,dark_state_misalignment,b0_normalized_residual,bm1_normalized_residual
0.0880001053118085,0.888569028468247,5.66927060912482e-07,783671.383615095,0.467251146200328,-0.0228436502217761,0.469977828193458,0.0076303378054923,0.212728069709722,-0.0171551180212963,-0.204843485315593,0.0308736263806326,0.154915584603433,0.149934265376026,-0.159809739359895,-0.134580858695651,0.99953812701132,0.999767136853737,0.0953581409815922,-0.0118960737372439,-0.0963229642133238,0.0129258660281097,-0.000964823231731637,0.00102979229086583,0.0014111541484954,0.0776948873456691,0.0676362338637823,-0.0744669208125865,-0.0648168827735777,0.00322796653308254,0.00281935109020458,0.00428584980004417,0.000401841572225254,0.000170875083593258,0.00730094835410054,0.0212449402460743
0.0883880682747715,0.888595366014347,5.49684855208869e-07,808277.104229749,0.466606638697598,-0.022411619973174,0.470247603856487,0.00749371289835438,0.21298361076928,-0.016985168453838,-0.204917709203416,0.0304431684561206,0.154965538528314,0.150249394469506,-0.159537427885001,-0.134927374856593,0.999561764088093,0.99977734576356,0.0954583154435092,-0.0117482033473784,-0.0964093793831244,0.0127599643999594,-0.000951063939615221,0.00101176105258103,0.00138859030846261,0.0775078812100037,0.0677194021100017,-0.0743885955110601,-0.0649852742685356,0.0031192856989436,0.00273412784146612,0.00414793904549166,0.000408500922439663,0.00015938564774276,0.00717882439403778,0.0205648479305422
0.0887760312377344,0.888621671286299,5.32601303016026e-07,834227.841965643,0.465967661935939,-0.0219807707079138,0.470513961719944,0.00735724149121025,0.213239392022235,-0.0168148073386905,-0.204991011163703,0.0300125321704053,0.155015095405244,0.150564772633105,-0.159264353055142,-0.135273330398917,0.999584504553187,0.999787239233032,0.0955576193619353,-0.0115999138359807,-0.0964948045236711,0.0125936239311105,-0.000937185161735715,0.000993710095129767,0.00136593403227989,0.0773221619045433,0.0678034144412797,-0.0743093958003396,-0.0651532522322443,0.00301276610420367,0.00265016220903543,0.00401249539972797,0.00041475707837115,0.000148513677021289,0.00705645586642026,0.0198966322407348
0.0891639942006974,0.888647943797676,5.15682544764518e-07,861623.059399334,0.465334171163654,-0.0215510897803811,0.470776945318859,0.00722092404178032,0.213495411509915,-0.0166440336422666,-0.205063390517743,0.0295817194947289,0.155064249104461,0.15088039404714,-0.158990515857858,-0.135618723460992,0.999606371977537,0.999796824287793,0.095656059656387,-0.0114512103206733,-0.0965792467647456,0.012426850716209,-0.000923187108358536,0.00097564039553571,0.00134318599547511,0.077137713999574,0.0678882680804308,-0.0742293298769303,-0.0653208177784901,0.00290838412264371,0.00256745030194069,0.0038794972944676,0.00042060401711353,0.000138233665753718,0.00693384358386464,0.0192402051100679
0.0895519571636604,0.888674183069367,4.98934679741553e-07,890571.671155128,0.464706122421308,-0.0211225646652743,0.471036597319247,0.00708476096308272,0.21375166727088,-0.0164728463364571,-0.205134846594574,0.0291507324040077,0.155112993551474,0.151196252906003,-0.158715917288523,-0.135963552184369,0.999627389508512,0.999806107782224,0.0957536430998859,-0.0113020978458211,-0.0966627130858576,0.0122596507652022,-0.000909069985971706,0.000957552919381077,0.00132034686079447,0.0769545223379805,0.0679739603903969,-0.0741484057910007,-0.0654879719701827,0.00280611654697983,0.00248598842021421,0.00374892364561792,0.000426035812325898,0.000128520909035812,0.00681098833628828,0.018595480286923
0.0899399201266233,0.888700388629475,4.82363765763427e-07,921193.14478664,0.464083472549041,-0.0206951829562449,0.471292959528723,0.00694875262480582,0.214008157340808,-0.0163012443986287,-0.205205378730947,0.0287195728767784,0.155161322726404,0.151512343417818,-0.158440558350291,-0.136307814713794,0.999647579875884,0.99981509640437,0.0958503763205399,-0.0111525813841599,-0.0967452103178337,0.0120920300051192,-0.000894833997293801,0.000939448620959389,0.00129741727834005,0.0767725720362905,0.0680604888782566,-0.0740666314486623,-0.0656547158194551,0.00270594058762819,0.00240577305880145,0.0036207538544105,0.000431046632566677,0.000119351481669416,0.00668789089072398,0.0179623733525413
0.0903278830895863,0.888726560013208,4.65975818860024e-07,953618.754496116,0.463466179194672,-0.02026893236453,0.471546072906485,0.00681289935462281,0.214264879752393,-0.0161292268116236,-0.205274986271296,0.0282882428951448,0.15520923066334,0.151828659804096,-0.158164440054033,-0.136651509197215,0.999666965397721,0.999823796680719,0.0959462658030098,-0.0110026658384074,-0.096826745144285,0.0119239942818224,-0.000880479341275289,0.000921328443414969,0.0012743978856927,0.0765918484859942,0.0681478511995407,-0.0739840146141564,-0.0658210502877026,0.0026078338718378,0.00232680091183815,0.00349496780906997,0.000435630739710688,0.000110702217625103,0.00656455199107426,0.0173408017413148
0.0907158460525492,0.888752696762772,4.49776812973449e-07,987993.01245353,0.462854200822672,-0.0198438007175061,0.47179597757256,0.00667720143951603,0.214521832535225,-0.0159567925637586,-0.205343668567706,0.0278567444447261,0.155256711449673,0.152145196299376,-0.157887563418281,-0.136994633785794,0.999685567986227,0.999832214980843,0.0960413178898371,-0.0108523560428356,-0.0969073241029297,0.0117555493617119,-0.000866006213092588,0.000903193318876346,0.00125128930802506,0.0764123373551476,0.0682360451628794,-0.0739005629119214,-0.0659869762855511,0.00251177444322624,0.00224906887732822,0.00337154588706885,0.00043978248740514,0.000102550690038283,0.00644097235783048,0.0167306847637184
0.0911038090155122,0.888778798427263,4.33772679663228e-07,1024475.30710935,0.462247496724298,-0.0194197759573078,0.472042712816504,0.00654165912696275,0.214779013715672,-0.0157839406488245,-0.205411424979872,0.0274250795146039,0.155303759225419,0.15246194715084,-0.157609929469169,-0.137337186633916,0.999703409153531,0.999840357521876,0.096135538782662,-0.0107016567648338,-0.0969869535868055,0.0115867009334228,-0.00085141480414351,0.000885044168588988,0.00122809215821456,0.0762340245903427,0.0683250687350221,-0.0738162838285937,-0.0661524946727622,0.002417740761749,0.00217257406225992,0.00325046895801624,0.000443496319537582,9.48751917113633e-05,0.00631715268780454,0.0161319436321161
0.0914917719784752,0.888804864562565,4.1796930787033e-07,1063241.78333964,0.461646027028523,-0.0189968461392979,0.472286317105178,0.00640627262619675,0.215036421316753,-0.015610670066086,-0.205478254875073,0.0269932500972719,0.155350368182559,0.152778906617942,-0.157331539240375,-0.137679165899197,0.999720510017411,0.999848230372891,0.0962289345432736,-0.0105505727064292,-0.0970656398453023,0.0114174546094614,-0.000836705302028756,0.000866881903032185,0.00120480703693485,0.0760568964189723,0.0684149200462416,-0.0737311847148544,-0.0663176062580501,0.00232571170411788,0.0020973137881915,0.00313171838721318,0.00044676676878608,8.76547161173802e-05,0.00619309365376563,0.0155445014896165
0.0918797349414381,0.888830894731232,4.02372543685576e-07,1104487.50626706,0.461049752714595,-0.0185749994306237,0.472526828090038,0.00627104210932658,0.215294053358002,-0.0154369798202811,-0.205544157628127,0.0265612581885842,0.155396532564329,0.153096068971986,-0.157052393773063,-0.138020569742489,0.999736891306962,0.999855839459107,0.0963215110945545,-0.0103991085058026,-0.0971433889850936,0.011247815927841,-0.000821877890539058,0.00084870742203844,0.00118143453275248,0.0758809393519577,0.0685055973962054,-0.0736452727872245,-0.0664823117988409,0.00223566656473317,0.0020232855973645,0.00301527603996193,0.000449588455124489,8.08689388964723e-05,0.00606879590411409,0.0149682834423948
0.0922676979044011,0.88885688850239,3.86988190062974e-07,1148428.95897902,0.460458635625478,-0.0181542241086469,0.472764282613323,0.00613596771249861,0.215551907855334,-0.0152628689216219,-0.205609132621362,0.0261291057877055,0.155442246664539,0.15341342849572,-0.15677249411582,-0.138361396327892,0.999752573368205,0.999863190566004,0.0964132742212253,-0.0102472687387672,-0.0972202069708477,0.0110777903536625,-0.000806932749622458,0.000830521614895304,0.00115797522219673,0.0757061401868234,0.0685970992602887,-0.0735585551296853,-0.0666466120009137,0.00214758505713812,0.00195048725937505,0.00290112428665635,0.000451956084403395,7.44981998241911e-05,0.00594426006243314,0.0144032165956379
0.0926556608673641,0.88888284545162,3.71822006687901e-07,1195306.93377938,0.459872638483126,-0.0177345085594319,0.472998716713668,0.00600104953694505,0.215809982820893,-0.0150883363857948,-0.205673179244577,0.0256967948970614,0.155487504826851,0.153730979482889,-0.156491841324605,-0.138701643822755,0.999767576169647,0.999870289343296,0.0965042295704634,-0.010095057920241,-0.0972960996258206,0.0109073832806906,-0.000791870055357177,0.000812325360449659,0.0011344296698346,0.0755324860113058,0.0686894242964477,-0.0734710386952347,-0.0668105075179721,0.00206144731607107,0.00187891677847553,0.00278924600875818,0.00045386444689825,6.85234852489947e-05,0.00581948672707603,0.0138492300936128
0.093043623830327,0.888908765160854,3.5687970975195e-07,1245389.89030603,0.459291724905193,-0.0173158412761299,0.473230165630694,0.00586628765006153,0.216068276262899,-0.0149133812339611,-0.205736296895005,0.0252643275222885,0.155532301444068,0.154048716237788,-0.156210436462685,-0.139041310397681,0.999781919307781,0.999877141308798,0.0965943826523311,-0.0099424805056916,-0.0973710726322408,0.0107366000328866,-0.000776689979909637,0.000794119527194957,0.00111079842832279,0.0753599642074312,0.0687825713526623,-0.0733827303072887,-0.0669739989511067,0.0019772339001425,0.0018085724015556,0.00267962460571277,0.000455308415896963,6.29264109894834e-05,0.00569447647064777,0.0133062551641385
0.09343158679329,0.888934647218257,3.42166971798159e-07,1298977.86824181,0.458715859423569,-0.0168982108573862,0.473458663808616,0.0057316820863996,0.216326786185485,-0.0147380024927582,-0.205798484977271,0.0248317056721868,0.155576630957382,0.154366633074774,-0.155928280600577,-0.139380394226536,0.999795622012522,0.999883751852182,0.096683738840007,-0.00978954089256875,-0.0974451315314917,0.0105654458659234,-0.00076139269148473,0.000775904973354649,0.00108708203845103,0.0751885624561692,0.0688765394750124,-0.0732936366609548,-0.0671370868481338,0.00189492579521447,0.00173945262687861,0.00257224400291342,0.000456282946260323,5.76892056696199e-05,0.00556922983945356,0.0127742251679993
0.0938195497562529,0.888960491218124,3.27689421532272e-07,1356407.06230515,0.458145007505021,-0.0164816060056809,0.473684244899001,0.00559723284866129,0.216585510588524,-0.0145621991943009,-0.205859742903361,0.0243989313586705,0.155620487855634,0.154684724317777,-0.155645374815993,-0.139718893486447,0.999808703152613,0.999890126238623,0.0967723033698433,-0.00963624342171954,-0.0975182817241176,0.0103939259686741,-0.000745978354274326,0.000757682546954552,0.0010632810291759,0.0750182687427255,0.0689713279164895,-0.0732037643241895,-0.0672997717028418,0.00181450441853609,0.00167155621364776,0.00246708866080476,0.000456783073003999,5.27946944995916e-05,0.00544374735290621,0.0122530756537412
0.0942075127192159,0.88898629676076,3.13452643722666e-07,1418055.19041548,0.457579135573891,-0.0160660155256319,0.473906941762217,0.00546293990864441,0.21684444746745,-0.0143859703761825,-0.205920070092572,0.0239660065967213,0.155663866674536,0.155002984299768,-0.155361720193776,-0.140056806357806,0.999821181240949,0.999896269612345,0.0968600813411691,-0.00948259237878464,-0.097590528469558,0.010222045464673,-0.000730447128388809,0.000739453085888379,0.00103939591763741,0.0748490713624923,0.0690669361465697,-0.0731131197387763,-0.067462053954074,0.00173595162371598,0.00160488219249576,0.00236414358524861,0.000456803909864245,4.82262834753389e-05,0.0053180295028566,0.0117427444184755
0.0945954756821789,0.889012063452368,2.99462179092662e-07,1484347.81671926,0.457018211037423,-0.0156514283222905,0.474126786467869,0.00532880320815537,0.217103594813059,-0.0142093150814773,-0.20597946597148,0.0235329334043408,0.15570676199588,0.155321407362211,-0.155077317825843,-0.14039413102427,0.999833074439873,0.999902187000062,0.0969470777158899,-0.00932859199559334,-0.0976618768856693,0.0100498094135594,-0.000714799169779387,0.000721217417966064,0.00101542720915629,0.0746809589277917,0.0691633638616793,-0.0730217092211761,-0.0676239339846894,0.00165924970661567,0.00153942987698992,0.00226339433927749,0.000456340647851985,4.39679439971918e-05,0.00519207675283232,0.0112431715752986
0.0949834386451418,0.889037790904937,2.85723524166474e-07,1555765.82904484,0.456462202313696,-0.0152378333994077,0.474343810293825,0.00519482265985063,0.217362950611314,-0.0140322323587423,-0.206037929973889,0.0230997138025043,0.155749168446735,0.155639987854496,-0.154792168811124,-0.140730865672763,0.999844400566412,0.999907883314346,0.0970332973177956,-0.00917424645154563,-0.0977323319479493,0.0098772228125037,-0.000699034630153736,0.00070297636095807,0.000991375397223484,0.0745139203754553,0.0692606109966155,-0.0729295389631923,-0.0677854121203395,0.001584381412263,0.00147519887627602,0.00216482705639285,0.000455388553812676,4.00041978997345e-05,0.00506588953724434,0.0107542996281119
0.0953714016081048,0.889063478736115,2.72242131218596e-07,1632854.31750871,0.455911078862856,-0.0148252198575812,0.474558043723969,0.00506099814814628,0.217622512843117,-0.0138547212620198,-0.206095461540798,0.0226663498151146,0.155791080698597,0.155958720133303,-0.154506274255505,-0.141067008493474,0.999855177097463,0.999913363356877,0.0971187448316189,-0.00901955987497151,-0.0978018984884939,0.00970429059759612,-0.000683153656875074,0.000684730722624614,0.000967240963466608,0.0743479449753613,0.0693586777370903,-0.0728366150324642,-0.0679464886281031,0.00151132994289715,0.00141218910898722,0.00206842845557675,0.000453942968933308,3.63201028769078e-05,0.00493946826048196,0.0102760735546725
0.0957593645710678,0.889089126569101,2.59023408194612e-07,1716233.16357011,0.455364811221567,-0.0144135768924452,0.474769516444249,0.00492732953000372,0.217882279484089,-0.0136767808508403,-0.206152060120344,0.0222328434689568,0.155832493466538,0.156277598561981,-0.154219635271764,-0.141402557679851,0.999865421174938,0.999918631821628,0.0972034248017462,-0.00886453634450332,-0.0978705811945919,0.00953101764523109,-0.000667156392845786,0.000666481300727767,0.000943024377593059,0.0741830223400201,0.069457564533451,-0.0727429433727461,-0.0681071637148837,0.00144007896727406,0.00135040081856737,0.0019741858582141,0.000451999307270735,3.29012382999094e-05,0.00481281329589497,0.00980844089885508
0.0961473275340307,0.889114734032519,2.46072718981836e-07,1806609.72437613,0.454823371041324,-0.0140028937928112,0.474978257337058,0.00479381663569395,0.218142248504332,-0.013498410190225,-0.20620772516777,0.0217991967936538,0.155873401508347,0.156596617509901,-0.153932252979515,-0.141737511428605,0.999875149610865,0.999923693297972,0.0972873416305895,-0.00870917989044222,-0.0979383846069643,0.0093574087734723,-0.000651042976374749,0.000648228883030086,0.000918726097311557,0.0740191424353484,0.0695572721157697,-0.0726485298039776,-0.0682674375255969,0.00137061263137078,0.00128983459017287,0.00188208720713987,0.000449553054277631,2.97336914174551e-05,0.0046859249846702,0.00935135187318116
0.0965352904969937,0.889140300760288,2.33395382441298e-07,1904794.11259115,0.454248897094325,-0.013592061140345,0.475144721421176,0.0046600363756191,0.218402417868145,-0.0133196083506915,-0.206262456145365,0.0213654118216213,0.155913799623544,0.156915771351647,-0.153644128505139,-0.142071867939692,0.999884378892438,0.999928552273685,0.0973623899261449,-0.0085527892851152,-0.0979971505537548,0.0091827111145367,-0.000634760627609893,0.000629921829421495,0.000894272086976569,0.0738501499304714,0.0696519949978624,-0.0725473427766705,-0.0684216061992522,0.00130280715380089,0.00123038879861018,0.00179197184010803,0.000446599765177596,2.68040439332928e-05,0.00455880363466455,0.0089047594731617
0.0969232534599566,0.889165826391485,2.20996672807108e-07,2011717.67678053,0.453602991130829,-0.0131801518229367,0.475228548181816,0.00452553270880174,0.21866278553369,-0.0131403744082523,-0.206316252522409,0.0209314905880242,0.155953682652262,0.157235054466103,-0.153355262981722,-0.142405625416313,0.99989312518702,0.999933213137914,0.0974202822516408,-0.00839471641786014,-0.0980385432009381,0.0090062301135598,-0.000618260949297247,0.00061151369569966,0.000869595079019075,0.0736698382069196,0.0697357737194568,-0.0724332787726217,-0.068563794165846,0.00123655943429792,0.00117197955361073,0.00170370634460073,0.000443135063199285,2.4099358952423e-05,0.00443144951924355,0.00846861960488867
0.0973112164229196,0.88919131057025,2.0888182069692e-07,2128455.47689005,0.4529626032232,-0.0127695893108167,0.475310160281818,0.00439104637593904,0.218923349452849,-0.0129607074444251,-0.206369113775145,0.0204974351307339,0.155993045474685,0.157554461236093,-0.153065657549003,-0.142738782064908,0.999901404347165,0.999937680184048,0.0974774888340415,-0.00823645333895012,-0.0980791430535537,0.00882956830795037,-0.000601654219512165,0.00059311496900025,0.000844850972840158,0.0734907355807809,0.0698203720500858,-0.072318649888019,-0.0687055463874189,0.00117208569276191,0.00111482566266696,0.00161759733225485,0.000439154638505891,2.16071682801466e-05,0.00430386287523167,0.0080428912266429
0.0976991793858826,0.889216752945621,1.97056011918349e-07,2256253.80390341,0.452327696573555,-0.0123603593555971,0.475389576684552,0.00425657715568742,0.219184107570771,-0.0127806065462332,-0.206421039386707,0.0200632474902856,0.156031883009625,0.157873986047103,-0.152775313353297,-0.143071336095141,0.999909231915526,0.999941957612533,0.0975340126817349,-0.00807800336650936,-0.0981189532837339,0.00865272966748853,-0.00058494060199904,0.000574726300979172,0.00082004013859335,0.073312830870555,0.0699057907704395,-0.0722034603513763,-0.0688468625355856,0.00110937051917868,0.00105892823485385,0.00153363357924684,0.000434654246069912,1.93154600894863e-05,0.00417604390168743,0.00762753650867968
0.0980871423488455,0.889242153171404,1.85524387827311e-07,2396564.04094734,0.451698235945336,-0.0119524478702561,0.475466815525619,0.0041221248113032,0.219445057825558,-0.0126000708062116,-0.206472028847064,0.0196289297098362,0.156070190213529,0.158193623286456,-0.152484231547436,-0.143403285719886,0.999916623129793,0.999946049533642,0.0975898566497406,-0.00791936978477896,-0.0981579769050278,0.00847571811841008,-0.000568120255287213,0.000556348333631121,0.000795162934750944,0.0731361133705674,0.0699920310470466,-0.0720877142746029,-0.0689877422045586,0.00104839909596448,0.00100428884248799,0.00145180465062108,0.000429629704088049,1.72126669271133e-05,0.00404799275789621,0.00722252101162889
0.0984751053118085,0.889267510906027,1.74292045433358e-07,2551084.6140309,0.451074187730719,-0.0115458409255654,0.475541894088732,0.0039876890910584,0.219706198147894,-0.0124190993224112,-0.206522081652968,0.0191944838351223,0.156107962079316,0.158513367342298,-0.152192413290699,-0.143734629155212,0.999923592927586,0.999949959970161,0.097645023434308,-0.00776055584544007,-0.098196216766734,0.00829853754460098,-0.000551193332425981,0.00053798169916091,0.000770219707838561,0.0729605728712907,0.0700790944591655,-0.0719714156506388,-0.0691281849068619,0.00098915722065189,0.00095090955230355,0.00137210093791598,0.000424076892211741,1.528765406833e-05,0.00391970956127611,0.00682781388727183
0.0988630682747715,0.889292825812395,1.63364037431509e-07,2721813.31887453,0.450455520027433,-0.0111405247464944,0.475614828777411,0.00385326972862793,0.219967526460637,-0.0122376911984051,-0.206571197307883,0.0187599119144201,0.156145193635152,0.158833212602507,-0.151899859748744,-0.144065364620364,0.999930155951321,0.999953692860057,0.097699515566642,-0.00760156476896155,-0.098233675547328,0.00812119178878408,-0.000534159980685969,0.000519627019822531,0.000745210792122658,0.0727861996825747,0.0701669830289613,-0.0718545683505767,-0.06926819006847,0.000931631331998015,0.000898792960491279,0.00129451370197039,0.000417991749698362,1.35297082086705e-05,0.00379119438503258,0.00644338810488147
0.0992510312377344,0.88931809755773,1.52745372293606e-07,2911113.06419251,0.449842202726464,-0.0107364857085709,0.475685635081883,0.00371886644347103,0.220229040678383,-0.012055845543293,-0.206619375321926,0.0183252159985049,0.156181879943145,0.159153153453515,-0.15160657209354,-0.144395490337745,0.999936326553095,0.999957252059077,0.0977533354056332,-0.00744239974597422,-0.098270355746849,0.00794368465369499,-0.000517020341215743,0.000501284907720763,0.000720136509239364,0.0726129846602357,0.0702556992554883,-0.0717371761201915,-0.0694077570232851,0.000875808540044209,0.00084794223220315,0.00121903512171226,0.000411370273492141,1.19285264909008e-05,0.00366244725549967,0.00606922070713932
0.0996389942006974,0.88934332581341,1.42441014379792e-07,3121795.1152824,0.449234207612477,-0.0103337103341923,0.475754327540474,0.00358447894117073,0.22049073870698,-0.0118735614717077,-0.206666615211795,0.0178903981406112,0.156218016097954,0.159473184279015,-0.15131255150329,-0.144725004532886,0.999942118799524,0.999960641343323,0.0978064851294331,-0.00728306393867576,-0.0983062596780892,0.00776601990325604,-0.00049977454865606,0.000482955964580279,0.000694997167769794,0.0724409192365652,0.0703452461531003,-0.0716192425757951,-0.0695468850068494,0.000821676660770154,0.000798361146250912,0.00114565834990082,0.000404208516198397,1.04742058595342e-05,0.0035334681491904,0.00570529310048709
0.10002695716366,0.889368510254797,1.32455884035422e-07,3357225.3763259,0.44863150847897,-0.0099321852888415,0.475820919694531,0.00345010691383021,0.220752618443014,-0.0116908381038211,-0.206712916500689,0.0174554603963937,0.156253597225315,0.159793299458582,-0.151017799162361,-0.145053905434423,0.999947546476622,0.999963864411789,0.0978589667256825,-0.0071235604822745,-0.0983413894563774,0.00758820126372857,-0.00048242273069489,0.000464640781454069,0.000669793062730096,0.0722699954553906,0.070435627295029,-0.0715007711992866,-0.0696855731491694,0.000769224256103915,0.000750054145859685,0.00107437757697186,0.000396502583982522,9.15723274730329e-06,0.0034042569893913,0.00535159138566501
0.100414920126623,0.889393650561055,1.22794857773291e-07,3621461.30012663,0.448034081260832,-0.00953189737726311,0.475885424035767,0.00331575004039616,0.221014677773232,-0.0115076745653499,-0.206758278718239,0.017020404823889,0.156288618480445,0.160113493366151,-0.150722316261202,-0.14538219127406,0.999952623094676,0.999966924888867,0.0979107819801563,-0.00696389248648313,-0.0983757469877153,0.00741023242487072,-0.000464965007558979,0.000446339938387593,0.00064452447498459,0.0721002060125131,0.0705268468630228,-0.0713817653322806,-0.0698238204664811,0.00071844068023251,0.000703026396541698,0.00100518810440999,0.000388248634335437,7.96847308959236e-06,0.0032748136423388,0.00500810673555534
0.100802883089586,0.889418746414962,1.13462768427544e-07,3919429.953725,0.447441904187578,-0.00913283353954571,0.475947851944809,0.00318140798699726,0.221276914573913,-0.0113240699875625,-0.206802701400409,0.0165852334834777,0.156323075046312,0.160433760368336,-0.150426103996264,-0.145709860286535,0.999957361893142,0.999969826326848,0.0979619324635606,-0.0068040630370721,-0.0984093339549918,0.00723211704108528,-0.000447401491431201,0.000428054004013186,0.000619191670556528,0.0719315443025104,0.0706189097041754,-0.0712622281691525,-0.0699616258517949,0.000669316133357856,0.000657283852380494,0.000938086429372717,0.000379442873681088,6.89916265372847e-06,0.00314513791284222,0.00467483582895541
0.101190846052549,0.889443797502698,1.04464405374495e-07,4257162.01759884,0.446854957960977,-0.008734980847068,0.476008213619124,0.003047080407307,0.221539326710178,-0.0111400235072849,-0.206846184089412,0.0161499484378473,0.156356962131775,0.1607540948226,-0.150129163569918,-0.146036910709577,0.999961775845597,0.999972572208397,0.0980124195161098,-0.00664407519748294,-0.0984421518018885,0.00705385873255336,-0.000429732285778681,0.000409783535070419,0.00059379489982264,0.0717640044730861,0.0707118213962813,-0.0711421627487757,-0.0700989880639686,0.000621841724310387,0.000612833332312754,0.000873070342691166,0.000370081554856713,5.94089770722395e-06,0.00301522953927738,0.00435178135090455
0.101578809015512,0.88946880351363,9.58045147280158e-08,4642102.754963,0.446273225962007,-0.0083383264983518,0.476066517988283,0.00291276694289286,0.221801912035221,-0.0109555342669074,-0.206888726333609,0.0157145517519554,0.156390274969554,0.161074491075229,-0.149831496190358,-0.146363340783855,0.999965877664739,0.99997516594904,0.0980622442294535,-0.00648393201053197,-0.0984742017140209,0.00687546108636139,-0.000411957484567391,0.000391529075829418,0.000568334396557986,0.0715975814884846,0.0708055883233969,-0.0710215719447041,-0.0702359057150167,0.000576009543780523,0.000569682608380237,0.000810139042891501,0.000360160974395676,5.08562600087803e-06,0.00288508818777312,0.0040389525727816
0.101966771978475,0.889493764140071,8.74877996497497e-08,5083530.3190907,0.445696694493447,-0.00794285781476577,0.47612277261416,0.00277846722356917,0.222064668389449,-0.01077060141439,-0.206930327687391,0.0152790454929941,0.156423008813978,0.161394943459064,-0.149533103071512,-0.146689148752922,0.999969679807464,0.999977610899657,0.0981114074254317,-0.00632363650020607,-0.0985054845967895,0.00669692765761985,-0.00039407717135781,0.000373291157413782,0.000542810376824811,0.071432271203892,0.0709002177637585,-0.0709004584535062,-0.0703723772553239,0.00053181275038576,0.000527840508434574,0.000749293269566287,0.00034967746957245,4.3256380896084e-06,0.00275471344554868,0.00373636602881316
0.102354734941438,0.889518679077023,7.95189206218166e-08,5593125.96374061,0.44512535306546,-0.0075485622360906,0.47617698357247,0.00264418086776422,0.222327593599535,-0.010585224103269,-0.206970987711066,0.0148434317303551,0.156455158938535,0.161715446290985,-0.149233985432937,-0.147014332863152,0.999973194480063,0.999979910348999,0.0981599096309286,-0.00616319167358361,-0.0985360010491619,0.00651826197056416,-0.000376091418233318,0.000355070296980555,0.000517223037641024,0.0712680704531613,0.0709957179926693,-0.0707788247808032,-0.0705084009562647,0.000489245672358085,0.000487317036404533,0.00069053546027066,0.000338627415218411,3.65355898890307e-06,0.00262410481306578,0.00344404630986317
0.102742697904401,0.889543548021892,7.19024958434358e-08,6185762.66085971,0.444559194734387,-0.0071554273158486,0.476229155311722,0.00250990748295782,0.222590685477337,-0.0103994014926616,-0.207010705970721,0.0144077125355947,0.156486720633122,0.162035993869083,-0.148934144499712,-0.147338891363668,0.99997643364353,0.999982067526246,0.0982077510479748,-0.00600260052288164,-0.0985657513325209,0.0063394675196252,-0.000358000284546092,0.000336866996743561,0.000491572555407754,0.0711049771529667,0.0710920984038229,-0.0706566732245213,-0.0706439748896904,0.000448303928445359,0.000448123514132509,0.000633869936326066,0.000327007220217462,3.06234016878015e-06,0.00249326169487627,0.003162027001405
0.103130660867364,0.889568370674176,6.46431015792052e-08,6880613.31327222,0.443998216507442,-0.00676344071646687,0.476279290484064,0.00237564666611856,0.222853941818689,-0.0102131327472706,-0.20704948203807,0.0139718899824006,0.156517689200982,0.162356580469456,-0.148633581502314,-0.147662822506251,0.999979409019077,0.999984085603625,0.09825493151795,-0.00584186602768168,-0.0985947353333721,0.00616054777047601,-0.000339803815422021,0.000318681742794332,0.000465859084021977,0.0709429904273498,0.0711893696534405,-0.0705340058546904,-0.0707790969035068,0.000408984572659435,0.000410272749933771,0.000579303124462176,0.000314813323632273,2.54525191434318e-06,0.0023621833887739,0.00289035180031689
0.103518623830327,0.889593146735115,5.77452727236755e-08,7702735.69398507,0.443442419829895,-0.00637259020417921,0.476327389740754,0.0022413980042324,0.223117360402013,-0.0100264170373871,-0.207087315490292,0.0135359661465587,0.156548059955251,0.162677200342581,-0.148332297676496,-0.147986124545241,0.999982132093855,0.999985967699111,0.0983014504783584,-0.00568099115735403,-0.0986229525183269,0.00598150616102163,-0.000321502039968544,0.0003005150036676,0.000440082752596909,0.0707821107578243,0.0712875438329818,-0.0704108244888692,-0.0709137645923481,0.000371286268955148,0.00037377924063374,0.000526843823389218,0.000302042190419136,2.09587604182992e-06,0.00223086907283809,0.00262907585594496
0.10390658679329,0.889617875907305,5.12135032432948e-08,8685383.92776108,0.442891811177391,-0.005982863643679,0.476373451483085,0.00210716107489994,0.223380938986747,-0.00983925353889226,-0.207124205909834,0.013099943105921,0.156577828215038,0.162997847709153,-0.148030294263134,-0.148308795737427,0.999984614126969,0.99998771687924,0.0983473069102404,-0.00551997887373327,-0.0986504018793503,0.00580234610232425,-0.000303094969109866,0.00028236722859098,0.000414243662693663,0.0706223401660089,0.0713866346781182,-0.0702871306620812,-0.0710479752620746,0.000335209503927708,0.000338659416043677,0.000476503527372573,0.000288690306590339,1.70809901822722e-06,0.00209931778985308,0.00237826739576655
0.104294549756253,0.889642557894246,4.50522468993118e-08,9873453.81333062,0.442346402783187,-0.00559424899241996,0.476417471555757,0.00197293544710919,0.223644675311505,-0.0096516414332555,-0.207160152884197,0.0126638229403744,0.156606989300905,0.163318516755267,-0.147727572508076,-0.148630834341901,0.999986866155883,0.999989336162075,0.0983924992734858,-0.00535883213408329,-0.0986770818664333,0.00562307097940952,-0.000284582592947558,0.00026423884532623,0.000388341884926278,0.0704636824380686,0.0714866578242651,-0.0701629255896229,-0.0711817258863092,0.000300756848445716,0.000304931937955832,0.0004282968230941,0.000274754173725938,1.37610549832967e-06,0.00196752842837144,0.0021380097170458
0.104682512719216,0.88966719239984,3.92659179880822e-08,11328745.6143247,0.441806213541693,-0.0052067342946459,0.476459442865289,0.00183872068214092,0.223908567091958,-0.00946357990753066,-0.207195156005683,0.0122276077318096,0.156635538529667,0.16363920162683,-0.147424133661953,-0.148952238619906,0.999988899003285,0.999990828520358,0.0984370254263987,-0.0051975538944488,-0.0987029903038871,0.00544368415192374,-0.000265964877488478,0.000246130257474941,0.000362377454737656,0.0703061434038173,0.0715876311228079,-0.0700382101206003,-0.0713150130526035,0.000267933283216948,0.000272618070204483,0.000382241882134114,0.000260230302704422,1.09437230411125e-06,0.00183549969935187,0.00190840365610655
0.105070475682179,0.889691779127801,3.38588922520872e-08,13138229.2796799,0.441271270146092,-0.00482030767499454,0.476499354898921,0.00170451633481553,0.224172612018331,-0.0092750681543462,-0.207229214871101,0.0117912995640921,0.156663471208291,0.163959896422977,-0.147119978979975,-0.149273006834637,0.999990723284599,0.999992196884939,0.0984808825243347,-0.00503614711345611,-0.098728124284891,0.00526418895453404,-0.00024724176055628,0.000228041841077935,0.000336350367095359,0.0701497312884056,0.0716895750378145,-0.0699129846791189,-0.0714478328948741,0.000236746609286645,0.000241742142940399,0.000338361080330081,0.000245115206416907,8.57662923903213e-07,0.0017032301070432,0.00168957069144387
0.105458438645142,0.889716317780955,2.88355079681942e-08,15427443.11566,0.440741608542818,-0.00443495733181445,0.476537193108987,0.00157032195505372,0.224436807752419,-0.00908610537188943,-0.207262329081422,0.0113549005230325,0.156690782626648,0.164280595188229,-0.146815109721692,-0.14959313725101,0.999992349416306,0.999993444148536,0.0985240668900529,-0.00487461475671079,-0.0987524800366412,0.00508458869697612,-0.000228413146588211,0.000209973940265325,0.000310260569723053,0.0699944571623201,0.0717925131514578,-0.0697872491887787,-0.0715801810072819,0.000207207973541373,0.00021233214417582,0.00029668178870538,0.000229405391191144,6.61022574011128e-07,0.00157071791209162,0.0014816569040588
0.105846401608105,0.889740808060421,2.4200067292126e-08,18383023.429648,0.440217275823995,-0.00405067153011351,0.476572938111197,0.00143613709006071,0.224701151924009,-0.0088966907638814,-0.207294498241358,0.0109184126963588,0.156717468048838,0.164601291903059,-0.146509527150705,-0.149912628135387,0.999993787625377,0.999994573169966,0.0985665738449399,-0.00471295980193795,-0.0987760527448416,0.0049048866635235,-0.000209478899901694,0.000191926861585546,0.000284107954309803,0.0698403355273611,0.0718964728195406,-0.0696610029740221,-0.0717120523325032,0.000179332553339004,0.000184420487037443,0.000257237401491724,0.000213097346592924,4.99773915918489e-07,0.00143796108394254,0.00128483812251989
0.106234364571068,0.889765249664601,1.99568379273407e-08,22292240.2061909,0.439698332741303,-0.00366743859428592,0.476606564619318,0.00130196128739896,0.224965642126492,-0.00870682353953856,-0.207325721958859,0.010481838173688,0.156743522702572,0.164921980472333,-0.146203232534328,-0.150231477755218,0.999995047960164,0.999995586778986,0.098608397484791,-0.00455118524508708,-0.0987988363205925,0.00472508611156304,-0.000190438835801443,0.000173900866475953,0.000257892344869901,0.0696873850956063,0.072001486039541,-0.0695342446286472,-0.071843441013773,0.000153140466959065,0.000158045025768022,0.00022006870016078,0.000196187533018823,3.69513571962798e-07,0.00130495723820168,0.00109932674716302
0.106622327534031,0.889789642287943,1.61100552383688e-08,27615971.1783221,0.439184857127361,-0.00328524690101517,0.476638039994808,0.00116779409927778,0.225230275911408,-0.00851650291351552,-0.207355999844478,0.0100451790464993,0.156768941765982,0.165242654710922,-0.145896227143167,-0.150549684378611,0.999996140303356,0.999996487781994,0.098649530374619,-0.00438929410774896,-0.0988208230831552,0.00454519026876629,-0.000171292708536178,0.000155896161017327,0.000231613481942654,0.0695356298504076,0.0721075906285155,-0.0694069718363099,-0.0719743401940821,0.000128658014097727,0.00013325043443338,0.000185225707903237,0.000178672366376204,2.6610959236173e-07,0.00117170355211097,0.000925381025375902
0.107010290496994,0.889813985619364,1.26639249518126e-08,35131840.6025457,0.438676948690112,-0.00290408487276307,0.476667322214134,0.0010336350890876,0.225495050781515,-0.00832572810581991,-0.207385331510575,0.00960843740810647,0.156793720350857,0.165563308325411,-0.145588512250593,-0.150867246273771,0.999997074387793,0.999997278968928,0.098689963120977,-0.00422728944629022,-0.0988420033154993,0.00436520232787847,-0.000152040194522293,0.000137912881588253,0.000205271000529428,0.0693851005342599,0.072214831868998,-0.0692791811182495,-0.072104741735623,0.000105919416010472,0.000110090133375026,0.000152770285574553,0.000160548198692867,1.85700157806501e-07,0.00103819664718443,0.000763318032684942
0.107398253459957,0.889838279340217,9.62262681608148e-09,46236765.5084112,0.438174735974982,-0.00252394097342441,0.476694356917175,0.000899483841303478,0.225759964181763,-0.0081344983416841,-0.20741371657027,0.00917161535362923,0.156817853480783,0.165883934890234,-0.145280089132061,-0.151184161708264,0.999997859816501,0.9999979631219,0.0987296837510079,-0.00406517436344338,-0.0988623646191178,0.00418512543750066,-0.000132680868109858,0.000119951074057273,0.000178864398162069,0.0692358368109962,0.072323264892387,-0.0691508674660464,-0.0722346358135589,8.49693449498229e-05,8.86290788281174e-05,0.000122779897357518,0.000141811292921862,1.24693908309936e-07,0.000904432420273963,0.000613532500284973
0.10778621642292,0.889862523121542,6.99031955218717e-09,63649631.2134341,0.437678386934707,-0.00214480370897979,0.476719072926762,0.000765339977446516,0.226025013487157,-0.00794281285137119,-0.207441154636039,0.00873471497996212,0.156841336061688,0.166204527815546,-0.144970959064192,-0.151500428948027,0.999998506089086,0.999998543026442,0.0987686767699071,-0.00390295202338547,-0.0988818909349043,0.0040049626856287,-0.000113214164997266,0.000102010662243227,0.000152392986608079,0.0690878905507767,0.0724329582874781,-0.0690220237827549,-0.0723640103010912,6.58667680217967e-05,6.89479863869163e-05,9.5353321685443e-05,0.000122457789083789,7.97725225876178e-08,0.000770405789423645,0.000476525365686097
0.108174179385883,0.889886716620228,4.77114797297465e-09,93257086.3092948,0.437188125921044,-0.00176666164003879,0.476741375047407,0.00063120318322174,0.226290195985769,-0.00775067086986931,-0.207467645317745,0.00829773838573766,0.156864162840531,0.166525080302223,-0.144661123323503,-0.15181604625597,0.999999022638274,0.999999021486883,0.0988069216460777,-0.00374062567205136,-0.0989005609698212,0.00382471706934688,-9.36393237435801e-05,8.40913972955239e-05,0.000125855814527056,0.0689413311147925,0.0725439998857918,-0.0688926399824681,-0.0724928497837667,4.86911323243355e-05,5.11501020251104e-05,7.06198223178532e-05,0.000102483656888522,4.789662266802e-08,0.000636110288996982,0.000352949619007576
0.108562142348846,0.889910859473336,2.96925380057569e-09,149854293.240409,0.436704263175532,-0.0013895034233161,0.476761131570501,0.000497073258185349,0.226555508853667,-0.00755807163639113,-0.207493188219716,0.00786068767127624,0.156886328344086,0.166845585275292,-0.144350583184515,-0.152131011889898,0.999999418883731,0.999999401348664,0.098844390182807,-0.00357819866566454,-0.0989183454676372,0.00364439143568257,-7.39552848302433e-05,6.61927700180273e-05,9.92515337764705e-05,0.0687962545339905,0.0726565067754752,-0.0687627014242584,-0.0726211338537698,3.35531097320763e-05,3.53729217053428e-05,4.87550485864291e-05,8.18846255940375e-05,2.63169216419001e-08,0.000501537373490981,0.000243689786065729
0.108950105311809,0.889934951289026,1.58879325814476e-09,280066316.59811,0.436227251889226,-0.00101331793017594,0.476778150106826,0.000362950216975577,0.226820949115038,-0.00736501439349694,-0.207517782936084,0.00742356493850759,0.156907826781207,0.167166035277919,-0.144039339916736,-0.1524453240992,0.999999704318171,0.999999685533549,0.0988810414346296,-0.00341567451295652,-0.0989352019311031,0.00346398835453682,-5.41604964735126e-05,4.83138415802976e-05,7.25781417956086e-05,0.0686528012814043,0.0727706446239031,-0.0686321858758957,-0.072748833819509,2.06154055086283e-05,2.18108043940624e-05,3.00117665691514e-05,6.06560721031037e-05,1.25944921158805e-08,0.000366675083168962,0.000150015547781378
0.109000105311808,0.889938052466296,1.44175468695114e-09,308630192.265313,0.436166306677414,-0.000964905957772114,0.476780130342519,0.000345665225913228,0.226855167705054,-0.00734010015135114,-0.207520883664493,0.00736722418151854,0.156910548620846,0.167207329918896,-0.143999176336026,-0.152485784493059,0.999999733541193,0.999999715354648,0.0988857025823704,-0.00339472179382648,-0.0989373037919598,0.00344073278628275,-5.16012095894275e-05,4.60109924562669e-05,6.91353473839734e-05,0.0686344415263658,0.0727854848965917,-0.0686153216309676,-0.0727652470637165,1.91198953981564e-05,2.02378328752195e-05,2.7841341194737e-05,5.78741198852397e-05,1.12853014710979e-08,0.000349272373533618,0.000139167547889155
0.10917470112654,0.889948874798632,9.83883160193502e-10,452263495.710001,0.435954502862152,-0.000795980437613336,0.476786637893958,0.000285308439771537,0.226974672234889,-0.00725304191935286,-0.207531587565446,0.00717047793138464,0.156919965145972,0.167351518890235,-0.143858837084225,-0.152626983399564,0.999999822717998,0.99999980751818,0.0989018617383398,-0.00332154460431516,-0.0989445112977023,0.0033595165171358,-4.26495593625759e-05,3.79719128206341e-05,5.7103862190571e-05,0.0685705792912102,0.0728375606994245,-0.0685563518985485,-0.0728224773553733,1.42273926617004e-05,1.50833440512865e-05,2.07346562479267e-05,4.80769330873151e-05,7.40393735210176e-09,0.000288462857463043,0.000103646541363133
0.109318813242751,0.889957799702962,6.71254643901376e-10,662906251.590655,0.435780921896242,-0.000656694569299648,0.476791507750374,0.00023549091890987,0.22707333043638,-0.00718111363051852,-0.207540277838744,0.00700807226328311,0.156927634280558,0.167470522738083,-0.143742893496052,-0.15274342945251,0.999999881743666,0.999999869729213,0.0989150571499303,-0.0032611299193491,-0.0989503004074193,0.00329246885687301,-3.52432574890066e-05,3.13389375239089e-05,4.71615967028671e-05,0.0685181761319283,0.0728808628760343,-0.0685075799370442,-0.0728696143672437,1.05961948841243e-05,1.12485087905845e-05,1.54534234405907e-05,3.98929753506682e-05,4.9256122514052e-09,0.000238221329192638,7.72485223971251e-05
0.109437763986618,0.889965160957289,4.57868389459205e-10,971856958.730476,0.43563855345861,-0.00054182654819239,0.476795160535102,0.000194372238624368,0.227154775900466,-0.00712169595905159,-0.207547352176799,0.00687401488076898,0.156933893748703,0.167568741612371,-0.143647120335038,-0.152839476233839,0.999999920936498,0.999999911767599,0.0989258463595885,-0.00321125405871504,-0.098954964250806,0.00323711966360719,-2.91178912175671e-05,2.5865604892151e-05,3.89471578602976e-05,0.068475151313436,0.0729168422627883,-0.0684672534363262,-0.0729084490527339,7.89787710976653e-06,8.39321005444149e-06,1.15248617284092e-05,3.30713507628873e-05,3.3131818399923e-09,0.000196716874394502,5.7611176370617e-05
0.109535946428447,0.889971233276267,3.12261437385453e-10,1425041850.71321,0.435521704213617,-0.000447081386977285,0.476797906583243,0.000160433393994325,0.227222009807179,-0.00707261980852648,-0.207553124144824,0.00676335858955526,0.156939012021661,0.16764980662551,-0.143568019169857,-0.152918707091888,0.999999947033258,0.999999940201259,0.0989346780757742,-0.00317008005430989,-0.0989587316175011,0.00319142888099059,-2.40535417268817e-05,2.13488266807022e-05,3.21612386305239e-05,0.0684398084491247,0.0729467171354177,-0.0684339177806063,-0.0729404513939149,5.89066851837405e-06,6.26574150275339e-06,8.59997047510568e-06,2.73952589374399e-05,2.24747220833876e-09,0.00016243408043477,4.29904584425296e-05
0.109616986626853,0.889976242871137,2.12927860686004e-10,2089853906.39778,0.435425741600591,-0.000368924193905357,0.476799975507474,0.000132420652109944,0.227277510681471,-0.00703208995899296,-0.207557842548378,0.00667201920221694,0.15694320364224,0.167716714316195,-0.14350269496169,-0.152984072831974,0.999999964452871,0.999999959448787,0.0989419145315766,-0.00313609064814323,-0.0989617820682539,0.00315371184726782,-1.98675366772649e-05,1.76211991245881e-05,2.6556085408261e-05,0.0684107627268879,0.0729715084395417,-0.0684063665373112,-0.0729668288653062,4.39618957677468e-06,4.67957423555543e-06,6.42066178995721e-06,2.26790996087302e-05,1.53410717462776e-09,0.000134119188834673,3.20965191857586e-05
0.109683877545792,0.889980376088211,1.45175435179337e-10,3065189282.84529,0.435346889969684,-0.000304444161672787,0.476801537639584,0.000109299218275793,0.22732332520619,-0.00699862132866713,-0.207561705929376,0.00659662510951194,0.156946640861569,0.167771937598718,-0.143448753084193,-0.153038004349114,0.999999976105875,0.999999972487282,0.0989478489394291,-0.00310803281268445,-0.0989642572441733,0.00312257750708655,-1.64083047442531e-05,1.4544694402104e-05,2.19267097356369e-05,0.0683868824138467,0.0729920702839503,-0.0683835998388276,-0.0729885739702385,3.28257501912288e-06,3.49631371181214e-06,4.79578026264498e-06,1.87651227195882e-05,1.05185249399398e-09,0.000110735277481734,2.39739532065937e-05
0.10973908959024,0.889983786485687,9.89711448651335e-11,4496178091.59657,0.435282067653799,-0.000251243377524774,0.476802719643795,9.02149983887379e-05,0.227361143325477,-0.00697098587496926,-0.207564873515469,0.00653439303277727,0.156949462547158,0.167817517305549,-0.143404213565738,-0.153082504899731,0.999999983916319,0.99999998132524,0.0989527192022172,-0.00308487184254079,-0.098966269393477,0.00309687732206395,-1.35501912597868e-05,1.20054795231602e-05,1.81035693098853e-05,0.0683672416930305,0.0730091161432946,-0.0683647895130159,-0.0730065029744698,2.45218001460046e-06,2.61316882486928e-06,3.58355105046302e-06,1.55200036697554e-05,7.23403337232753e-10,9.14250089344729e-05,1.79141259081216e-05
0.109784661842805,0.889986600638179,6.74661289478113e-11,6595803068.2821,0.435228756257461,-0.000207345768907727,0.476803615927889,7.4463041350753e-05,0.227392360332603,-0.00694816843259543,-0.207567473565417,0.00648302541448875,0.15695178105642,0.167855137717087,-0.143367439789484,-0.153119225787652,0.999999989160247,0.99999998731922,0.0989567187441013,-0.00306575338581491,-0.0989679078464502,0.00307566304326952,-1.11891023488742e-05,9.9096574546105e-06,1.49464819352682e-05,0.0683510825369905,0.0730232412444102,-0.068349249943743,-0.0730212875246246,1.83259324744445e-06,1.95371978564673e-06,2.67869726012599e-06,1.28315636282046e-05,4.9849757655096e-10,7.54797020871381e-05,1.33908108690143e-05
0.109822277370805,0.889988922902622,4.59865100636445e-11,9676630403.90425,0.435184895442501,-0.000171122433314616,0.476804297010974,6.14614938387326e-05,0.227418128182362,-0.00692933003430731,-0.207569609785556,0.00644062568751914,0.156953687580987,0.167886188880491,-0.143337079291746,-0.153149528510939,0.999999992686366,0.999999991386356,0.0989600051092094,-0.00304997205464203,-0.0989692439661819,0.00305815181834228,-9.23885697247384e-06,8.17976370025373e-06,1.23395709953716e-05,0.0683377838175102,0.0730349416028235,-0.0683364137703388,-0.0730334804987146,1.3700471714756e-06,1.46110410895184e-06,2.00296142480684e-06,1.06057518511769e-05,3.4391267611511e-10,6.23136775046516e-05,1.00128272554624e-05
0.109853325385046,0.889990839334813,3.13434910105089e-11,14197378955.5927,0.435148797990974,-0.000141230333590564,0.476804815678116,5.07301040239549e-05,0.227439397887916,-0.00691377748038974,-0.207571366304412,0.00640562831371044,0.15695525633215,0.167911818029707,-0.143312014658345,-0.153174535836468,0.999999995060595,0.999999994147238,0.0989627068189334,-0.00303694548309946,-0.0989703349586758,0.00304369736561001,-7.62813974237997e-06,6.75188251054743e-06,1.0187071873974e-05,0.0683268362294729,0.0730446301483237,-0.0683258116564028,-0.0730435371690535,1.02457307013526e-06,1.09297927021468e-06,1.49811670478818e-06,8.76394198508284e-06,2.37396213798036e-10,5.14429935106956e-05,7.48911404140565e-06
0.109878952545946,0.889992420910318,2.13619415794422e-11,20831262401.8878,0.435119081063462,-0.000116561918793875,0.47680521151976,4.18724794500336e-05,0.2274569545444,-0.00690093811519409,-0.207572811559632,0.00637674102115437,0.156956547840788,0.167932972014208,-0.143291322832023,-0.153195173805819,0.99999999666115,0.999999996022108,0.0989649288623871,-0.00302619289253244,-0.0989712268232959,0.00303176616438423,-6.29796090881318e-06,5.57327185179068e-06,8.40985557205956e-06,0.0683178219001315,0.0730526503407426,-0.0683170554695199,-0.0730518325472829,7.66430611573443e-07,8.17793459728655e-07,1.12080418679259e-06,7.2405546179233e-06,1.63889679605234e-10,4.24678327808628e-05,5.60292779496105e-06
0.109900105311808,0.88999372617492,1.45584003435231e-11,30566329582.0434,0.435094610441225,-9.62036911527631e-05,0.476805514288271,3.45614434658914e-05,0.227471446257089,-0.00689033893534275,-0.207574001356938,0.00635289711568968,0.156957611575158,0.167950432309893,-0.143274241414193,-0.153212206303911,0.999999997741294,0.99999999729573,0.0989667571080662,-0.00301731738461036,-0.098971956650774,0.00302191779112819,-5.19954270780665e-06,4.60040651783069e-06,6.94254884747701e-06,0.068310397783704,0.0730592876353039,-0.0683098243124236,-0.0730586756140787,5.73471280448934e-07,6.12021225226966e-07,8.38712876751071e-07,5.98099510499298e-06,1.13122178291292e-10,3.50579205232096e-05,4.19274979746338e-06
0.109917564893282,0.889994803426775,9.92132252335482e-12,44852629341.0846,0.43507445521212,-7.94021090161773e-05,0.476805746385879,2.85269487395601e-05,0.227483408031954,-0.0068815892962954,-0.207574981293237,0.00633321611127385,0.156958488029081,0.167964843910017,-0.143260140775084,-0.153226263521694,0.999999998470931,0.999999998161171,0.0989682618598445,-0.0030099913161992,-0.0989725544227895,0.00301378868136239,-4.29256294497138e-06,3.79736516319075e-06,5.73114986884447e-06,0.0683042821209497,0.0730647791147584,-0.0683038529329966,-0.0730643210027488,4.29187953038257e-07,4.58112009563139e-07,6.27749083901479e-07,4.93988314881616e-06,7.80490116980559e-11,2.89404578081908e-05,3.13813760291288e-06
0.109931976104903,0.88999569251378,6.76098426411147e-12,65818500513.1604,0.435057850881084,-6.55355120294521e-05,0.476805924712693,2.35461014620186e-05,0.227493281503877,-0.00687436660469943,-0.207575788687329,0.00631697122918145,0.156959210395908,0.167976739166721,-0.143248500982157,-0.153237865401378,0.999999998964222,0.999999998749407,0.0989695007311662,-0.00300394422115845,-0.098973044428269,0.00300707872157752,-3.54369710284241e-06,3.13450041906829e-06,4.73105506560989e-06,0.0682992433851203,0.0730693215652676,-0.0682989221153091,-0.0730689785990835,3.2126981121261e-07,3.42966184022075e-07,4.69936266933347e-07,4.07954477206872e-06,5.38217248546857e-11,2.38901400038534e-05,2.34922734357052e-06
0.109943871179289,0.889996426314542,4.60720953040643e-12,96587361660.1098,0.435044169294017,-5.40909949746232e-05,0.476806062042372,1.9434927581552e-05,0.227501431226383,-0.00686840448590759,-0.207576454126267,0.00630356256836702,0.15695980591629,0.167986557466272,-0.143238892721869,-0.153247440955479,0.999999999297979,0.999999999149321,0.0989705209738629,-0.00299895283655437,-0.0989734463832249,0.00300154017868414,-2.92540936194796e-06,2.58734212977554e-06,3.90542689490972e-06,0.0682950912483952,0.0730730782357926,-0.068294850718189,-0.0730728214338893,2.40530206266354e-07,2.56801903214532e-07,3.51855080425366e-07,3.36873565984511e-06,3.70913300073994e-11,1.9720902571793e-05,1.75893604295021e-06
0.109953689423472,0.889997031958996,3.13946037048092e-12,141743632174.383,0.435032894084124,-4.46453512824296e-05,0.476806168048069,1.60415767901101e-05,0.227508158121272,-0.00686348300179976,-0.207577002709533,0.00629249495791164,0.156960296967441,0.167994661466488,-0.143230961528681,-0.15325534419053,0.999999999523949,0.999999999421261,0.0989713613691037,-0.00299483286731386,-0.0989737763199139,0.00299696855998067,-2.4149508102006e-06,2.13569266680966e-06,3.22384406923677e-06,0.068291669192633,0.07307618448705,-0.0682914890823604,-0.0730759921751863,1.80110272515743e-07,1.92311863683736e-07,2.63483515953479e-07,2.78156557450867e-06,2.55444554397855e-11,1.62790971244198e-05,1.3171637560209e-06
0.109961793443313,0.88999753183471,2.13924826541931e-12,208016420118.556,0.435023600603486,-3.68493653811475e-05,0.476806250069178,1.32407132876489e-05,0.227513710582725,-0.00685942056589953,-0.207577455054056,0.0062833596748115,0.156960701946367,0.168001350497356,-0.143224414751444,-0.153261867235367,0.999999999677038,0.999999999606215,0.0989720537657397,-0.00299143218673692,-0.0989740472956069,0.0029931950672984,-1.99352986719747e-06,1.76288056147117e-06,2.66118567661508e-06,0.0682888484601026,0.0730787525062761,-0.068288713573357,-0.0730786084709441,1.34886745592477e-07,1.44035332036441e-07,1.97333755377476e-07,2.29659564465048e-06,1.7579826483427e-11,1.34378512031612e-05,9.86478841040813e-07
0.109968482535207,0.889997944416655,1.45766933571143e-12,305281150742.697,0.435015939503407,-3.04148623986866e-05,0.476806313685213,1.09288859585221e-05,0.22751829364454,-0.00685606726283367,-0.207577828108805,0.00627581935272689,0.156961035988068,0.168006871620692,-0.143219010784396,-0.153267251166901,0.999999999780806,0.999999999732028,0.0989726243338358,-0.00298862522285284,-0.0989742699595079,0.00299008036751419,-1.6456256721753e-06,1.45514466134977e-06,2.19670886518381e-06,0.0682865230974694,0.0730808752376789,-0.0682864220662482,-0.0730807673475007,1.01031221166892e-07,1.07890178221992e-07,1.47809330582499e-07,1.89608308460671e-06,1.2090328738168e-11,1.10924072694257e-05,7.38904472610326e-07
0.109974003739652,0.889998284951546,9.93235471552923e-13,448029853162.631,0.435009623287948,-2.51040289157706e-05,0.476806363146189,9.02070707467506e-06,0.227522076548031,-0.00685329932924839,-0.207578135816974,0.00626959552489837,0.156961311550955,0.168011428757941,-0.143214550170875,-0.15327169493869,0.999999999851179,0.999999999817623,0.0989730945876265,-0.00298630832396604,-0.0989744530076801,0.00298750944991231,-1.35842005355435e-06,1.20112594626919e-06,1.81328667912707e-06,0.0682846058926869,0.0730826296557329,-0.0682845302108313,-0.0730825488317985,7.56818555464056e-08,8.08239344479711e-08,1.10726020603095e-07,1.5653508305725e-06,8.30902013859713e-12,9.15627160186133e-06,5.53523640640374e-07
0.109978560964908,0.889998566022375,6.19075884109302e-13,718812175427.302,0.43500441528994,-2.072060263697e-05,0.476806401693842,7.44570005098422e-06,0.227525198989754,-0.00685101459522559,-0.207578389655649,0.0062644583415702,0.1569615388964,0.168015190223843,-0.143210868255228,-0.153275362745805,0.999999999898924,0.999999999875866,0.0989734822210006,-0.00298439593260024,-0.0989746035487367,0.00298538738051462,-1.12132773610885e-06,9.91447914371925e-07,1.49677815947435e-06,0.0682830250413176,0.0730840794886434,-0.0682829683426745,-0.0730840189351763,5.66986431277394e-08,6.05534671155317e-08,8.29545569106274e-08,1.29226331897407e-06,5.70687941348069e-12,7.55803189111635e-06,4.14693049099857e-07
0.109982322517708,0.889998798013772,4.21822814269168e-13,1054943886280.48,0.435000120647013,-1.71026183047873e-05,0.476806431814173,6.1456880945665e-06,0.227527776277507,-0.00684912871800557,-0.207578599076345,0.00626021808222718,0.156961726473955,0.16801829494349,-0.143207829113953,-0.153278390100518,0.999999999931332,0.999999999915499,0.098973801792935,-0.00298281742790811,-0.0989747274010384,0.00298363579929805,-9.25608103385933e-07,8.18371389935384e-07,1.23550883967638e-06,0.0682817214132984,0.0730852774828865,-0.0682816789323792,-0.0730852321122196,4.24809192267617e-08,4.5370666904021e-08,6.21540498573205e-08,1.06678622638784e-06,3.91675580857509e-12,6.23873283152816e-06,3.10710520194983e-07
0.109985427319132,0.88999898949665,2.87409518280302e-13,1548311612680.59,0.434996578859004,-1.41163957810414e-05,0.476806455405762,5.07265860996697e-06,0.227529903589516,-0.00684757207442948,-0.207578771865774,0.006256718149865,0.156961881251733,0.168020857585332,-0.143205320544538,-0.153280888845013,0.999999999953337,0.999999999942475,0.09897406528465,-0.00298151451728509,-0.0989748293286209,0.00298219002459059,-7.64043970855055e-07,6.75507305509127e-07,1.01983984487573e-06,0.0682806463021233,0.073086267283881,-0.0682806144710418,-0.0730862332865394,3.18310814650946e-08,3.39973415947048e-08,4.65729211317535e-08,8.8062978782357e-07,2.68729483110519e-12,5.14969949548767e-06,2.32819856549503e-07
0.109987990035222,0.889999147544836,1.95815910996135e-13,2272540425896.25,0.434993657713997,-1.1651608584351e-05,0.476806473929235,4.18697999984841e-06,0.227531659487133,-0.0068462871920787,-0.207578914441046,0.00625382928794344,0.156962008972203,0.168022972796019,-0.143203249927128,-0.153282951287321,0.999999999968282,0.999999999960837,0.098974282560463,-0.00298043908509433,-0.098974913236939,0.00298099666711838,-6.30676476001679e-07,5.57582024048302e-07,8.418138338871e-07,0.0682797595820831,0.0730870849980764,-0.0682797357291637,-0.0730870595212544,2.38529194312997e-08,2.5476821916004e-08,3.49002896884232e-08,7.26943649332623e-07,1.84252613166791e-12,4.25074898062108e-06,1.74467918307318e-07
0.109990105311809,0.889999277996708,1.33428088754214e-13,3335127132174.4,0.434991248278456,-9.61720002533306e-06,0.47680648850902,3.45594051512355e-06,0.227533108816039,-0.00684522662966458,-0.207579032092038,0.00625144480710998,0.156962114370207,0.168024718696617,-0.143201540807882,-0.153284653614131,0.999999999978435,0.999999999973335,0.0989744617435983,-0.00297955141588463,-0.0989749823294644,0.00298001165826987,-5.2058586610948e-07,4.60242385244124e-07,6.94861638866442e-07,0.0682790281902955,0.0730877604888035,-0.0682790103146754,-0.0730877413958461,1.78756200397423e-08,1.90929573817833e-08,2.61549003704436e-08,6.00068766448489e-07,1.26199051209142e-12,3.50870872342401e-06,1.30749375492461e-07
0.109991851269956,0.889999385671029,9.09109002485873e-14,4894899199311.69,0.434989260783176,-7.93801653767301e-06,0.476806500012575,2.85253999038337e-06,0.227534305100677,-0.0068443512266915,-0.207579129180379,0.00624947664521122,0.156962201350482,0.168026159768123,-0.143200130078054,-0.153286058707018,0.999999999985337,0.999999999981844,0.0989746095250536,-0.00297881872794335,-0.0989750392354937,0.00297919862299058,-4.29710440078002e-07,3.79895047236418e-07,5.73560205407235e-07,0.0682784248792485,0.0730883184510193,-0.0682784114822581,-0.0730883041414605,1.3396990392045e-08,1.43095588156505e-08,1.96021127703906e-08,4.95330918028152e-07,8.64641691578072e-13,2.89619397173126e-06,9.79917334266284e-08
0.109993292391118,0.889999474545046,6.19379750056455e-14,7184602616278.01,0.434987621240416,-6.55202949594036e-06,0.476806509110703,2.35449258137455e-06,0.227535292520722,-0.00684362865838435,-0.207579209303004,0.00624785211516242,0.15696227313368,0.168027349233104,-0.143198965645088,-0.153287218466494,0.999999999990026,0.999999999987636,0.0989747314172884,-0.00297821396282185,-0.0989750861142852,0.00297852753669098,-3.5469699675994e-07,3.13573869130217e-07,4.73432710014649e-07,0.0682779271907535,0.0730887793022622,-0.0682779171497448,-0.0730887685771452,1.00410086772973e-08,1.07251170583522e-08,1.46918341663972e-08,4.08869781305178e-07,5.91859894427671e-13,2.39059831136666e-06,7.34450577668509e-08
0.109994481898557,0.889999547901474,4.21945253579913e-14,10546386531788.7,0.43498626866103,-5.40804259435701e-06,0.476806516323338,1.94340361270307e-06,0.227536107542515,-0.00684303224269029,-0.207579275426677,0.00624651122059329,0.15696233237655,0.168028331021473,-0.143198004509981,-0.153288175729955,0.999999999993217,0.999999999991581,0.0989748319626561,-0.00297771478616603,-0.098975124739979,0.00297797361660914,-2.92777322885573e-07,2.58830443110054e-07,3.90783519453661e-07,0.0682775166117249,0.0730891599209006,-0.0682775090856406,-0.0730891518819663,7.52608429743784e-09,8.03893435152858e-09,1.10121029036386e-08,3.37497527338906e-07,4.05342426290645e-13,1.97326018070408e-06,5.50499363922977e-08
0.109995463722975,0.889999608449747,2.87491567584645e-14,15478708052675.5,0.434985152766896,-4.46379973345623e-06,0.476806522056008,1.6040900993608e-06,0.227536780265491,-0.00684253995541102,-0.207579329998678,0.00624540444014817,0.156962381270373,0.16802914139245,-0.143197211180076,-0.153288965854528,0.999999999995385,0.999999999994266,0.0989749149049855,-0.00297730276291423,-0.0989751565712609,0.00297751640672336,-2.41666275394015e-07,2.13643809134252e-07,3.22562034102292e-07,0.0682771778796031,0.0730894742578686,-0.0682771722382864,-0.0730894682320816,5.64131670544032e-09,6.02578698050138e-09,8.25436629339043e-09,2.78581279702756e-07,2.76667577736589e-13,1.62877527149955e-06,4.12639024602255e-08
0.109996274124959,0.889999658426341,1.95951418048132e-14,22709701907024,0.434984232095699,-3.68442404756475e-06,0.476806526619644,1.32402017802291e-06,0.227537335534619,-0.00684213361721437,-0.207579375038079,0.00624449089862755,0.156962421624742,0.168029810276205,-0.143196556358899,-0.153289618023491,0.99999999999686,0.999999999996095,0.0989749833295122,-0.00297696267678413,-0.0989751828066759,0.00297713902230423,-1.99477163634332e-07,1.76345520107053e-07,2.66249659668186e-07,0.0682768984093614,0.073089733842002,-0.0682768941806364,-0.0730897293250452,4.22872492578108e-09,4.51695678083119e-09,6.18748842890386e-09,2.29949046653549e-07,1.89182003396127e-13,1.34442574113919e-06,3.09314985621085e-08
0.109996943034148,0.889999699677052,1.33492137852196e-14,33335285283335.1,0.434983472465639,-3.0411284411419e-06,0.476806530262001,1.09284991745007e-06,0.227537793856439,-0.00684179822245161,-0.207579412210665,0.00624373685742194,0.156962454931084,0.168030362375316,-0.143196015864461,-0.153290156324312,0.999999999997863,0.999999999997341,0.0989750397804179,-0.00297668196792965,-0.0989752044332431,0.00297682752655461,-1.64652825235256e-07,1.45558624955761e-07,2.19767755043737e-07,0.0682766678241288,0.0730899482008247,-0.0682766646541644,-0.0730899448147734,3.16996440208328e-09,3.38605128658021e-09,4.63832056091714e-09,1.89805602891687e-07,1.29452004671293e-13,1.10971536057575e-06,2.31871473200105e-08
0.109997495154593,0.889999733725441,9.09393833179022e-15,48933679845519.5,0.434982845685204,-2.51015262789367e-06,0.476806533175202,9.02041475459026e-07,0.227538172157429,-0.00684152138517862,-0.207579442890944,0.00624311446851099,0.156962482420694,0.168030818079998,-0.143195569736524,-0.153290600638583,0.999999999998546,0.999999999998189,0.098975086355079,-0.00297645026943054,-0.0989752222628191,0.00297657041586762,-1.35907740131391e-07,1.20146437083968e-07,1.81400331233418e-07,0.0682764775660987,0.0730901252062159,-0.0682764751897303,-0.0730901226678448,2.37636843536393e-09,2.53837106889421e-09,3.47713310415249e-09,1.56669537769881e-07,8.870681966755e-14,9.15979159197377e-07,1.73823254421936e-08
0.109997950877118,0.88999976182904,6.19628658450703e-15,71817188382987.6,0.434982328503735,-2.07188513522139e-06,0.47680653550996,7.44547742154156e-07,0.227538484408817,-0.00684129288183181,-0.207579468213125,0.00624260074600107,0.156962505109656,0.168031194220396,-0.143195201499592,-0.153290967376434,0.99999999999901,0.999999999998766,0.0989751247829444,-0.00297625902435405,-0.0989752369636872,0.00297635819504126,-1.12180742806167e-07,9.91706872099582e-08,1.49730906155806e-07,0.0682763205772979,0.0730902713617341,-0.0682763187957958,-0.0730902694587752,1.78150202923e-09,1.90295890156733e-09,2.60672247491077e-09,1.29317874084018e-07,5.99520433297585e-14,7.56064557411158e-07,1.30311083888603e-08
0.109998327032398,0.889999785025813,4.21395210582844e-15,105601554392945,0.434981901744077,-1.71013884370241e-06,0.476806537384797,6.14552020522519e-07,0.227538742142533,-0.00684110427373407,-0.20757948911317,0.00624217671722458,0.156962523836486,0.168031504688146,-0.14319489755456,-0.153291270082705,0.999999999999326,0.99999999999916,0.0989751564902158,-0.00297610116975061,-0.0989752490860929,0.00297618302664547,-9.25958770631174e-08,8.18568948630916e-08,1.23590241061805e-07,0.0682761910363048,0.0730903920399968,-0.0682761897007224,-0.0730903906133541,1.33558238080145e-09,1.42664274838111e-09,1.954249172295e-09,1.06741001013074e-07,4.10782519111308e-14,6.24067451133622e-07,9.76936862537557e-09
0.109998637512541,0.889999804172487,2.87720746727927e-15,154663821482099,0.434981549587788,-1.41155303265417e-06,0.476806538893133,5.07253202358671e-07,0.227538954877097,-0.0068409485954944,-0.207579506363483,0.00624182672205233,0.156962539293188,0.168031760949452,-0.143194646676564,-0.15329151993726,0.999999999999541,0.999999999999428,0.0989751826531202,-0.00297597087581908,-0.0989752590831973,0.00297603844159418,-7.64300771421977e-08,6.75657751006767e-08,1.02013188642045e-07,0.0682760841412854,0.0730904916789962,-0.0682760831399816,-0.0730904906094204,1.00130377600482e-09,1.06957580292555e-09,1.4651285438641e-09,8.81054822237576e-08,2.79776202205539e-14,5.1511430925091e-07,7.3242353221794e-09
0.10999889378415,0.889999819976206,1.95228202008496e-15,227938333401615,0.434981258986115,-1.16509982049651e-06,0.476806540108788,4.18688465758654e-07,0.227539130469147,-0.00684082009780148,-0.207579520601504,0.0062415378345413,0.156962552050871,0.168031972468554,-0.143194439600479,-0.153291726167936,0.999999999999688,0.999999999999609,0.0989752042418038,-0.00297586333060345,-0.0989752673282892,0.00297591910024418,-6.30864854384017e-08,5.57696407331963e-08,8.42030728208862e-08,0.0682759959311765,0.0730905739444329,-0.0682759951804693,-0.073090573142538,7.50707204733025e-10,8.01894939339576e-10,1.09845200212685e-09,7.27233212958771e-08,1.93178806284777e-14,4.25182304686238e-07,5.49120483696371e-09
0.109999105311808,0.889999833020644,1.3305207883847e-15,334455440602749,0.434981019174385,-9.61676863781014e-07,0.476806541090203,3.45586869870962e-07,0.227539275403598,-0.00684071403511654,-0.207579532353313,0.00624129938555951,0.156962562580887,0.168032147057276,-0.143194268678781,-0.153291896391383,0.999999999999788,0.999999999999734,0.0989752220564884,-0.00297577456229227,-0.0989752741289155,0.00297582059521504,-5.2072427064731e-08,4.60329227691854e-08,6.95022851357099e-08,0.0682759231382951,0.0730906418639028,-0.0682759225754559,-0.0730906412626849,5.62839261308845e-10,6.01217825524358e-10,8.23559899338794e-10,6.00266054783025e-08,1.31006316905768e-14,3.50950837699814e-07,4.11700838124679e-09
0.109999279907623,0.889999843787566,9.17862881807397e-16,484821786253648,0.434980821271824,-7.93771093687834e-07,0.476806541883798,2.85248594911192e-07,0.227539395033124,-0.00684062649042913,-0.207579542053093,0.00624110256875759,0.156962571272247,0.168032291163513,-0.14319412759914,-0.15329203689438,0.999999999999856,0.999999999999819,0.098975236757285,-0.00297570129252694,-0.0989752797385131,0.00297573928861664,-4.29812280489106e-08,3.79960897064179e-08,5.73680119715736e-08,0.0682758630668267,0.073090697937843,-0.0682758626448331,-0.0730906974870736,4.219936344807e-10,4.5076931076693e-10,6.17471941930581e-10,4.95465327844212e-08,8.88178419700125e-15,2.89678968506721e-07,3.08676656098103e-09
0.109999424019739,0.88999985267462,6.21345014308684e-16,716188133950704,0.434980657951479,-6.55181253070292e-07,0.476806542526498,2.35445190815975e-07,0.227539493775852,-0.00684055423060756,-0.207579550059187,0.00624094011533576,0.156962578446023,0.168032410109388,-0.143194011151308,-0.153292152866041,0.999999999999901,0.999999999999877,0.0989752488887523,-0.00297564081533598,-0.0989752843659562,0.00297567217771064,-3.54772038274609e-08,3.13623746599559e-08,4.7352196736019e-08,0.0682758134926456,0.0730907442311994,-0.0682758131762468,-0.0730907438932251,3.16398796051942e-10,3.37974342956571e-10,4.62963124492701e-10,4.08961338977618e-08,6.66133814775094e-15,2.39104234937202e-07,2.31437089471174e-09
0.109999542970483,0.889999860010026,4.28152856837385e-16,1.03934826756049e+15,0.434980523168103,-5.40788818836901e-07,0.476806543047742,1.94337303000003e-07,0.227539575278524,-0.00684049458700047,-0.207579556667352,0.00624080602559483,0.156962584367215,0.168032508287801,-0.143193915034707,-0.153292248589467,0.999999999999934,0.999999999999916,0.0989752589001468,-0.00297559089719457,-0.098975288183416,0.00297561678401278,-2.92832692261324e-08,2.58868182016238e-08,3.90849998487153e-08,0.0682757725807022,0.0730907824491981,-0.068275772343472,-0.0730907821957905,2.3723026321143e-10,2.53407600458999e-10,3.47121894662022e-10,3.37559892849876e-08,3.88578058618805e-15,1.97359132787581e-07,1.73527602296844e-09
0.109999641152925,0.889999866064697,2.91398638189924e-16,1.5271174079486e+15,0.434980411933759,-4.46368973047728e-07,0.476806543471044,1.60406712412797e-07,0.227539642551178,-0.00684044535688491,-0.207579562121692,0.00624069534735687,0.15696258925454,0.168032589324665,-0.143193835699613,-0.153292327599936,0.999999999999954,0.999999999999942,0.0989752671621173,-0.0029755496945416,-0.0989752913328267,0.00297557106176776,-2.41707093368015e-08,2.13672261615942e-08,3.22611460379953e-08,0.0682757388169066,0.0730908139999421,-0.0682757386390329,-0.0730908138099387,1.77873674123141e-10,1.90003388023108e-10,2.60269728178913e-10,2.78624356240597e-08,2.66453525910038e-15,1.62902175942288e-07,1.30109862133587e-09
0.109999722193124,0.889999871062245,1.93068181802551e-16,2.30488489287282e+15,0.434980320132766,-3.68434538267071e-07,0.476806543815241,1.32400292673918e-07,0.227539698078314,-0.00684040472211932,-0.20757956662368,0.006240603993073,0.156962593288526,0.168032656212827,-0.14319377021606,-0.153292392815477,0.999999999999969,0.99999999999996,0.0989752739804779,-0.00297551568569113,-0.0989752939312134,0.0029755333223928,-1.99507355080897e-08,1.76367016698452e-08,2.66286517327647e-08,0.0682757109519466,0.0730908400461446,-0.0682757108185766,-0.0730908399036796,1.3337007886971e-10,1.42465067520803e-10,1.95150899053577e-10,2.29978403810742e-08,2.44249065417534e-15,1.34460974995194e-07,9.75567029533461e-10
0.109999789084042,0.88999987518724,1.31278924277789e-16,3.38972870201154e+15,0.434980244369065,-3.04107210455373e-07,0.476806544095452,1.09283691124284e-07,0.227539743910648,-0.00684037118199854,-0.20757957033961,0.00624052858886253,0.156962596618172,0.168032711422594,-0.143193716165638,-0.153292446644635,0.999999999999979,0.999999999999973,0.0989752796075548,-0.00297548761463942,-0.0989752960750729,0.00297550217212486,-1.64675180713836e-08,1.45574854471323e-08,2.19795253355211e-08,0.0682756879549575,0.0730908615478529,-0.068275687854955,-0.0730908614410309,1.00002547909206e-10,1.06821995693451e-10,1.4632651281386e-10,1.89825619593244e-08,1.33226762955019e-15,1.10985278069919e-07,7.31491999702179e-10
0.109999844296087,0.889999878592027,8.91676979076144e-17,4.9905958069824e+15,0.434980181840307,-2.51011216964581e-07,0.476806544323827,9.02031698502004e-08,0.22753978174085,-0.00684034349783216,-0.207579573406732,0.0062404663499103,0.156962599366458,0.168032756992963,-0.143193671552179,-0.153292491075433,0.999999999999985,0.999999999999982,0.0989752842515491,-0.00297546444467141,-0.0989752978439805,0.00297547646053952,-1.35924313887648e-08,1.20158681060634e-08,1.81420858062293e-08,0.0682756689752941,0.0730908792977518,-0.0682756689003105,-0.0730908792176546,7.49836304159146e-11,8.00972205228234e-11,1.09718319189788e-10,1.56683176021969e-08,6.66133814775094e-16,9.16081833888021e-08,5.48486198009955e-10
0.109999889868339,0.889999881402352,6.17946946006542e-17,7.2012645029961e+15,0.434980130233988,-2.07185600287207e-07,0.476806544510141,7.44540402664029e-08,0.227539812966059,-0.00684032064719834,-0.207579575938333,0.00624041497761762,0.156962601634895,0.168032794606935,-0.143193634728032,-0.153292527748789,0.99999999999999,0.999999999999988,0.0989752880842578,-0.00297544532007967,-0.0989752993035619,0.00297545523807181,-1.12193040552322e-08,9.91799213893516e-09,1.49746235863119e-08,0.068275653311011,0.0730908939503156,-0.0682756532547863,-0.0730908938902568,5.6224649935821e-11,6.0058874540303e-11,8.22695549486775e-11,1.29327166538623e-08,7.7715611723761e-16,7.56141300443931e-08,4.11268744600904e-10
0.109999927483867,0.889999883722005,4.7571198208984e-17,9.35439843045541e+15,0.434980087641789,-1.71011779556696e-07,0.476806544662276,6.14546541433114e-08,0.227539838739479,-0.0068403017861847,-0.207579578027917,0.00624037257471154,0.156962603507265,0.168032825653664,-0.143193604333219,-0.153292558019124,0.999999999999993,0.999999999999992,0.0989752912474429,-0.00297542953455912,-0.0989753005079435,0.00297543772094452,-9.26050063021489e-09,8.18638540029532e-09,1.23601690054942e-08,0.068275640382852,0.0730909060458943,-0.0682756403406929,-0.0730909060008603,4.2159081781179e-11,4.50340875701727e-11,6.16883880475906e-11,1.06747343731416e-08,7.7715611723761e-16,6.24124810407005e-08,3.08382680791898e-10
0.109999958531882,0.889999885636656,2.15049456087618e-17,2.06929118033678e+16,0.434980052488926,-1.41153782759473e-07,0.476806544786628,5.07249073300464e-08,0.227539860012968,-0.00684028621822192,-0.207579579752662,0.00624033757517499,0.156962605052723,0.168032851279763,-0.143193579245209,-0.153292583004381,0.999999999999995,0.999999999999994,0.0989752938580899,-0.00297541650512415,-0.0989753015017762,0.00297542326222585,-7.6436863366558e-09,6.75710170022076e-09,1.02021744839179e-08,0.0682756297128029,0.0730909160306045,-0.0682756296811903,-0.0730909159968363,3.16125459143279e-11,3.3768168816728e-11,4.62562675150139e-11,8.81098087577174e-09,0,5.15157205649984e-08,2.31236902571787e-10
0.109999984159043,0.889999887217017,1.90591865952165e-17,2.3348317693694e+16,0.434980023475785,-1.16508880834698e-07,0.476806544888344,4.1868535999301e-08,0.227539877572195,-0.00684027336835806,-0.207579581176269,0.00624030868641073,0.156962606328346,0.168032872431653,-0.143193558537457,-0.153292603627313,0.999999999999996,0.999999999999995,0.0989752960127334,-0.00297540575057265,-0.0989753023218866,0.00297541132793133,-6.30915321375713e-09,5.57735867949896e-09,8.42094674691892e-09,0.0682756209063779,0.0730909242727525,-0.0682756208826737,-0.0730909242474317,2.37042191431058e-11,2.53208287670503e-11,3.46847859245905e-11,7.27262799805002e-09,2.22044604925031e-16,4.252143846108e-08,1.73390610463089e-10
0.110000005311808,0.889999888521452,-2.64131289257558e-17,1.68476800121473e+16,0.434979999529936,-9.61668818466599e-08,0.476806544971665,3.45584526828535e-08,0.227539892065648,-0.00684026276202499,-0.207579582351316,0.00624028484150348,0.15696260738123,0.16803288989049,-0.143193541445189,-0.153292620649564,0.999999999999997,0.999999999999997,0.0989752977910469,-0.00297539687371781,-0.0989753029986686,0.00297540147730978,-5.20762169498035e-09,4.60359196640184e-09,6.95071095005033e-09,0.0682756136380354,0.0730909310764091,-0.0682756136202607,-0.0730909310574222,1.77746845020366e-11,1.8986923144837e-11,2.60085112925535e-11,6.00284153817101e-09,0,3.50975055398559e-08,1.30017571951991e-10
0.110000105311808,0.889999894688192,0,0,0.434979886353175,0,0.476806545353403,-2.77555756156289e-17,0.227539960583697,-0.00684021262041738,-0.207579587906334,0.00624017211436488,0.156962612358829,0.168032972427499,-0.143193460641225,-0.153292701122477,1,1,0.0989753061955024,-0.0029753549082607,-0.0989753061955024,0.00297535490826096,-2.77555756156289e-17,2.56305393575573e-16,2.57803853256084e-16,0.0682755792855411,0.0730909632500999,-0.068275579285541,-0.0730909632500999,6.93889390390723e-17,4.16333634234434e-17,8.09207131142367e-17,6.50405360621987e-16,0,1.30177644051216e-15,4.0452583054585e-16
0.110000205311808,0.889999900854927,-2.14553116864468e-17,2.07407823727198e+16,0.434979773224836,9.61180725983501e-08,0.476806545714732,-3.45378312061051e-08,0.22754002910175,-0.00684016247877931,-0.20757959346129,0.00624005938722198,0.156962617336374,0.168033054964492,-0.143193379837214,-0.153292781595345,0.999999999999998,0.999999999999997,0.0989753145956399,-0.00297531293846807,-0.0989753093879954,0.00297530833457692,5.20764444067456e-09,-4.60389115155765e-09,6.95092615094417e-09,0.0682755449644296,0.0730909954248575,-0.0682755449454435,-0.0730909954426095,1.89860627219929e-11,-1.77519943189708e-11,2.59923811911148e-11,6.00289523817738e-09,1.11022302462516e-16,3.50985890275968e-08,1.29936936733813e-10
0.110000226464574,0.889999902159361,2.05715911423209e-17,2.16317711158571e+16,0.434979749295089,1.16443776676523e-07,0.476806545791199,-4.18410397440283e-08,0.227540043595211,-0.00684015187243179,-0.207579594636308,0.00624003554231279,0.156962618389247,0.168033072423339,-0.143193362744925,-0.153292798617576,0.999999999999997,0.999999999999996,0.0989753163725039,-0.0029753040601687,-0.0989753100633169,0.00297529848240939,6.30918699229266e-09,-5.57775930607948e-09,8.42123740196601e-09,0.0682755377065483,0.0730910022288632,-0.0682755376812287,-0.0730910022525343,2.53196352772989e-11,-2.3671134496972e-11,3.46613118469162e-11,7.27268971937265e-09,0,4.25229014722082e-08,1.73273262293635e-10
0.110000252091735,0.889999903739719,3.0222823054879e-17,1.47239703935606e+16,0.434979720303493,1.41066953271429e-07,0.476806545883813,-5.06882408823905e-08,0.227540061154443,-0.00684013902254689,-0.207579596059871,0.00624000665354558,0.156962619664838,0.168033093575224,-0.143193342037141,-0.153292819240478,0.999999999999995,0.999999999999994,0.0989753185252188,-0.00297529330368844,-0.098975310881486,0.00297528654605282,7.64373273010044e-09,-6.75763562382053e-09,1.02025628777056e-08,0.0682755289140801,0.073091010471484,-0.0682755288803134,-0.0730910105030475,3.37666145044935e-11,-3.15635156900029e-11,4.62216375500493e-11,8.81107255212868e-09,0,5.15176749321686e-08,2.31063785482242e-10
0.110000283139749,0.889999905654367,4.62277272080948e-17,9.62625635528239e+15,0.434979685179383,1.7089597725839e-07,0.47680654599603,-6.14057565906378e-08,0.227540082427939,-0.00684012345455322,-0.207579597784552,0.00623997165400469,0.156962621210246,0.168033119201315,-0.143193316949084,-0.15329284422569,0.999999999999993,0.999999999999992,0.0989753211332924,-0.0029752802716802,-0.0989753118727285,0.00297527208458371,9.26056387129393e-09,-8.18709648946897e-09,1.23606873652799e-08,0.0682755182626428,0.0730910204568263,-0.0682755182176112,-0.0730910204989133,4.50316034461551e-11,-4.2087014429093e-11,6.16373433276163e-11,1.0674872701639e-08,4.44089209850063e-16,6.24150884776388e-08,3.08127505374846e-10
0.110000320755278,0.889999907974015,6.94272263066924e-17,6.40958853838169e+15,0.434979642625526,2.07031143645287e-07,0.476806546131969,-7.43888424747929e-08,0.22754010820137,-0.00684010459349431,-0.207579599874043,0.0062399292510923,0.156962623082549,0.168033150248036,-0.143193286554203,-0.153292874495961,0.99999999999999,0.999999999999987,0.0989753242930414,-0.00297526448273,-0.09897531307365,0.00297525456379033,1.12193913465175e-08,-9.91893967005122e-09,1.49753165697566e-08,0.0682755053593037,0.0730910325532449,-0.0682755052992484,-0.0730910326093642,6.00552801932608e-11,-5.61192758929963e-11,8.21949500020852e-11,1.29329188858443e-08,4.44089209850063e-16,7.56176145559296e-08,4.1089579016965e-10
0.11000036632753,0.889999910784331,9.87924912369738e-17,4.50439046348921e+15,0.43497959107037,2.50805211307603e-07,0.47680654629668,-9.01162267308298e-08,0.227540139426594,-0.00684008174279398,-0.207579602405507,0.0062398778787904,0.156962625350883,0.168033187861991,-0.143193249729955,-0.153292911169221,0.999999999999985,0.999999999999982,0.098975328121163,-0.00297524535356165,-0.0989753145286119,0.0029752333364315,1.35925511401958e-08,-1.20171301468824e-08,1.81430114221964e-08,0.0682754897281182,0.0730910472069317,-0.0682754896480262,-0.0730910472817605,8.00919469634565e-11,-7.48287543039794e-11,1.09608678666803e-10,1.56686173756917e-08,1.11022302462516e-15,9.16128356976543e-08,5.47938098531356e-10
0.110000421539575,0.889999914189107,1.45109027614904e-16,3.0666593554435e+15,0.434979528609876,3.03832450462838e-07,0.476806546496234,-1.09167747147643e-07,0.227540177256818,-0.00684005405853002,-0.207579605472428,0.00623981563982451,0.156962628099018,0.168033233432337,-0.143193205116347,-0.153292955599879,0.999999999999979,0.999999999999974,0.0989753327590336,-0.00297522217748801,-0.0989753162913501,0.00297520761832235,1.64676834946142e-08,-1.4559165666464e-08,2.19807621474401e-08,0.0682754707925913,0.0730910649583291,-0.068275470685777,-0.0730910650581039,1.06814238010067e-10,-9.97747995334919e-11,1.46165290214947e-10,1.89830051833386e-08,1.33226762955019e-15,1.1099149166294e-07,7.30686038082916e-10
0.110000488430493,0.889999918314085,2.04469548430858e-16,2.17636299670081e+15,0.434979452937252,3.6806806137657e-07,0.476806546737996,-1.32245680767307e-07,0.227540223089187,-0.00684002051826603,-0.207579609188062,0.00623974023559415,0.156962631428445,0.168033288642072,-0.143193151065709,-0.153293009428832,0.999999999999969,0.999999999999961,0.0989753383779343,-0.00297519409829454,-0.0989753184269694,0.00297517645935485,1.99509649217999e-08,-1.76389396942811e-08,2.66303059473483e-08,0.0682754478544608,0.0730910864620359,-0.0682754477120072,-0.0730910865950721,1.42453590590286e-10,-1.3303620705063e-10,1.94914488580205e-10,2.29984897569841e-08,1.99840144432528e-15,1.34469281437642e-07,9.74385198676273e-10
0.110000569470692,0.889999923311609,3.08406022400737e-16,1.44290295692598e+15,0.4349793612578,4.4588015411795e-07,0.4768065470309,-1.60200537835387e-07,0.227540278616371,-0.0068399798832901,-0.207579613689617,0.00623964888128094,0.156962635462106,0.168033355530186,-0.143193085581837,-0.153293074644071,0.999999999999954,0.999999999999943,0.0989753451853765,-0.00297516007858312,-0.0989753210143494,0.00297513870837748,2.41710271103868e-08,-2.13702056376351e-08,3.22633575525838e-08,0.0682754200679928,0.0730911125109061,-0.0682754198780064,-0.0730911126882895,1.8998647099977e-10,-1.77383371879891e-10,2.59922526500544e-10,2.78633922723302e-08,2.77555756156289e-15,1.62913274708972e-07,1.29936293754872e-09
0.110000667653134,0.889999929366243,4.4549615930776e-16,998886197749921,0.434979250185635,5.40136805393665e-07,0.47680654738576,-1.94062363595426e-07,0.227540345889099,-0.00683993065286597,-0.20757961914332,0.00623953820299996,0.156962640348959,0.168033436566982,-0.143193006246275,-0.153293153654098,0.999999999999933,0.999999999999916,0.0989753534327644,-0.0029751188614418,-0.0989753241490527,0.00297509297065696,2.928371163613e-08,-2.58907848489469e-08,3.90879585970216e-08,0.0682753864088689,0.07309114406521,-0.0682753861554861,-0.0730911443017203,2.53382745341035e-10,-2.3651028357996e-10,3.46612074047678e-10,3.37573923219687e-08,4.10782519111308e-15,1.97373972765703e-07,1.73272739541589e-09
0.110000786603878,0.889999936701595,6.74192670583833e-16,660048659332709,0.434979115618696,6.54311530456919e-07,0.476806547815678,-2.35078563531887e-07,0.227540427391877,-0.00683987100880585,-0.20757962575055,0.0062394041131959,0.156962646269454,0.168033534745291,-0.143192910128987,-0.153293249376875,0.999999999999902,0.999999999999877,0.0989753634246777,-0.00297506892397441,-0.0989753279468575,0.00297503755632099,3.54778201816508e-08,-3.13676534174218e-08,4.73561548877972e-08,0.0682753456365119,0.0730911822879577,-0.0682753452985745,-0.0730911826032991,3.37937428041002e-10,-3.15341405765501e-10,4.62214135938236e-10,4.08981951177683e-08,6.21724893790088e-15,2.3912407450923e-07,2.31062664879516e-09
0.110000930715994,0.889999945588571,9.88508427536691e-16,450173170403009,0.434978952587221,7.92610943933791e-07,0.476806548336518,-2.84759694879622e-07,0.227540526134761,-0.00683979874831931,-0.207579633755273,0.00623924165968143,0.156962653442208,0.168033653691015,-0.143192793680146,-0.153293365347583,0.999999999999855,0.999999999999819,0.098975375530118,-0.00297500842100124,-0.0989753325480297,0.00297497041788734,4.29820882358323e-08,-3.80031138962414e-08,5.73733089068738e-08,0.068275296248477,0.0730912285876543,-0.0682752957977621,-0.073091229008095,4.50714909838723e-10,-4.20440654513854e-10,6.16371863341414e-10,4.95495600249319e-08,9.76996261670138e-15,2.89705499427143e-07,3.08126718883127e-09
0.110001105311808,0.889999956355378,1.46556602003562e-15,303636937602357,0.434978755070227,9.60129254018449e-07,0.476806548967489,-3.44934919099815e-07,0.227540645764517,-0.00683971120265606,-0.20757964345304,0.00623904484274348,0.15696266213207,0.168033797797033,-0.143192652599025,-0.153293505849182,0.999999999999789,0.999999999999735,0.0989753901961359,-0.00297493511684118,-0.0989753381225038,0.00297488907457306,5.20736320591686e-08,-4.60422681205011e-08,6.95093778530191e-08,0.068275236425246,0.0730912846700567,-0.0682752358241081,-0.0730912852306149,6.01137931099949e-10,-5.60558266471389e-10,8.21944269592857e-10,6.00310487671572e-08,1.38777878078145e-14,3.50986335365914e-07,4.10893172751316e-09
0.110001316839467,0.889999969399647,2.16064449103734e-15,205957058898744,0.4349785157732,1.16303527891715e-06,0.47680654973188,-4.17819091741434e-07,0.227540790699302,-0.0068396051385385,-0.207579655201895,0.0062388063935621,0.156962672659881,0.168033972385426,-0.143192481675155,-0.153293676070575,0.999999999999691,0.999999999999611,0.098975407964337,-0.00297484630264282,-0.0989753448761613,0.00297479052057289,6.30881757252011e-08,-5.57820699280225e-08,8.42125717561733e-08,0.0682751639634068,0.073091352600824,-0.0682751631616305,-0.0730913533481815,8.01776312009395e-10,-7.47357467578702e-10,1.09607866453327e-09,7.27298484968121e-08,2.04281036531029e-14,4.25229804197806e-07,5.47934033870357e-09
0.110001573111076,0.889999985203118,3.19930592041278e-15,139092666869489,0.434978225858651,1.40879879025058e-06,0.476806550657874,-5.0609389509737e-07,0.227540966291847,-0.00683947663874286,-0.20757966943558,0.00623851750575811,0.156962685414335,0.168034183904054,-0.143192274595881,-0.153293882298238,0.999999999999546,0.999999999999429,0.0989754294908794,-0.00297473869620551,-0.0989753530584247,0.00297467111390348,7.6432454684805e-08,-6.75823020341443e-08,1.02025916694627e-07,0.0682750761947665,0.0730914348813437,-0.0682750751253659,-0.0730914358777266,1.06940059585448e-09,-9.96382878981628e-10,1.46164170573421e-09,8.81150612350552e-08,3.04201108747293e-14,5.15177896400857e-07,7.30680433882935e-09
0.110001883591219,0.890000004349429,4.75275385437791e-15,93629928207792.8,0.434977874619781,1.70646435654342e-06,0.476806551779559,-6.13006076483069e-07,0.227541179027136,-0.00683932095741664,-0.207579686679527,0.00623816751015566,0.156962700866296,0.168034440164663,-0.143192023713204,-0.15329413214837,0.999999999999334,0.999999999999163,0.0989754555706867,-0.00297460832058625,-0.098975362971458,0.00297452644172175,9.25992286460176e-08,-8.18788645036081e-08,1.23607303984181e-07,0.0682749698884746,0.0730915345404832,-0.0682749684620912,-0.0730915358688369,1.42638334477141e-09,-1.32835371868811e-09,1.94912622684982e-09,1.06755060909084e-07,4.44089209850063e-14,6.24152607474588e-07,9.74375859570795e-09
0.110002259746499,0.890000027545667,7.04746809289511e-15,63143246327210.7,0.43497744908519,2.0669826948233e-06,0.476806553138249,-7.42486238103357e-07,0.227541436761914,-0.00683913234478827,-0.20757970757023,0.00623774348074785,0.156962719586163,0.168034750631388,-0.143191719761302,-0.153294434848148,0.999999999999023,0.99999999999877,0.0989754871668123,-0.00297445035698743,-0.0989753749813352,0.00297435115710574,1.12185477060822e-07,-9.91998816914259e-08,1.49753790572917e-07,0.0682748411326013,0.0730916552456409,-0.0682748392300265,-0.0730916570165229,1.90257481991196e-09,-1.77088205211007e-09,2.59919491147713e-09,1.29338512952667e-07,6.57252030578093e-14,7.56178639981024e-07,1.29934774524178e-08
0.110002715469024,0.890000055648483,1.04664255184711e-14,42516905799301.6,0.434976933539818,2.50361156620138e-06,0.47680655478392,-8.99292467965163e-07,0.227541749014863,-0.00683890383479133,-0.207579732878697,0.00623722975731133,0.156962742264906,0.16803512677028,-0.143191351514286,-0.15329480157647,0.999999999998566,0.999999999998195,0.0989755254459729,-0.00297425896646366,-0.0989753895315298,0.00297413878124579,1.35914443130658e-07,-1.20185217867674e-07,1.8143104046832e-07,0.0682746851908251,0.0730918014370849,-0.0682746826530233,-0.07309180379785,2.53780177428276e-09,-2.36076515280903e-09,3.46607125608666e-09,1.56699833767369e-07,9.67004254448511e-14,9.16132064017262e-07,1.7327026281419e-08
0.110003267589469,0.890000089695721,1.55669573866058e-14,28586192779762.5,0.434976308944718,3.03240057338006e-06,0.476806556777027,-1.08918414515324e-06,0.227542127318147,-0.00683862698775702,-0.207579763538848,0.00623660736704027,0.15696276973952,0.168035582472762,-0.143190905371549,-0.153295245876754,0.999999999997897,0.99999999999735,0.0989755718216106,-0.00297402707386756,-0.0989754071592747,0.00297388146374795,1.64662335822019e-07,-1.4561011961586e-07,2.19808989290494e-07,0.0682744963291024,0.0730919784904675,-0.0682744929438958,-0.0730919816375042,3.38520658726971e-09,-3.14703672843475e-09,4.62206272227146e-09,1.89850066230234e-07,1.43107747874183e-13,1.10992039960639e-06,2.31058728957552e-08
0.110003936498658,0.890000130944745,2.31841882472846e-14,19194118885076.5,0.434975552234101,3.67277758356321e-06,0.476806559190685,-1.31913193290867e-06,0.227542585643334,-0.00683829157866596,-0.20757980068189,0.00623585332383803,0.156962803023853,0.168036134568645,-0.143190364855386,-0.153295784157045,0.999999999996914,0.999999999996109,0.0989756280060539,-0.00297374610597417,-0.0989754285153674,0.00297356969210833,1.99490686497716e-07,-1.76413865838471e-07,2.6630506202362e-07,0.0682742676059891,0.0730921929134127,-0.0682742630902867,-0.0730921971084443,4.51570245085797e-09,-4.19503157211842e-09,6.16359136508538e-09,2.30014304181787e-07,2.1138646388863e-13,1.34470083640943e-06,3.08120348895082e-08
0.110004746900642,0.890000180918861,3.45528223826972e-14,12878834774500.8,0.434974635463799,4.44825769466139e-06,0.476806562113312,-1.59757172324415e-06,0.227543140917402,-0.00683788521943761,-0.207579845677926,0.00623493977938683,0.156962843345911,0.16803680344766,-0.143189710002321,-0.153296436295875,0.999999999995473,0.99999999999429,0.0989756960736958,-0.00297340567410293,-0.0989754543881558,0.00297319193962941,2.41685540039449e-07,-2.13734473519973e-07,3.22636522165455e-07,0.0682739906190943,0.0730924525832489,-0.0682739845951718,-0.0730924581750452,6.02392247195382e-09,-5.59179626213879e-09,8.21923520684131e-09,2.78677060828691e-07,3.12638803734444e-13,1.62914455871525e-06,4.10882787690028e-08
0.11000572872506,0.890000241463568,5.15659570887875e-14,8629726778183.76,0.434973524779541,5.3873003262872e-06,0.476806565651674,-1.93471145598645e-06,0.227543813647928,-0.00683739290129545,-0.207579900186312,0.0062338329946411,0.156962892193052,0.168037613812486,-0.143188916625635,-0.153297226376243,0.999999999993359,0.999999999991619,0.0989757785375001,-0.00297299318943618,-0.0989754857325512,0.00297273423867441,2.92804948967551e-07,-2.58950761764833e-07,3.90883915195391e-07,0.068273655198486,0.0730927670344501,-0.0682736471623233,-0.0730927744877452,8.03616272138097e-09,-7.45329509221904e-09,1.09604525005225e-08,3.37637248338306e-07,4.62407889756378e-13,1.97375708577442e-06,5.47917309467802e-08
0.110006918232499,0.890000314814688,7.70889967993922e-14,5772550894200.42,0.434972179167424,6.52434509214317e-06,0.476806569934759,-2.34290185005537e-06,0.227544628680494,-0.00683679644028924,-0.207579966216574,0.006232492093758,0.156962951366621,0.168038595591001,-0.143187955421838,-0.153298183574795,0.999999999990257,0.999999999987697,0.098975878441692,-0.00297249339673668,-0.0989755237051905,0.00297217966343488,3.54736501465003e-07,-3.13733301800841e-07,4.73567915013768e-07,0.0682732490361022,0.0730931478061503,-0.0682732383151147,-0.0730931577401491,1.07209875699343e-08,-9.93399885962365e-09,1.46158786194225e-08,4.09074892464033e-07,6.84674539286334e-13,2.39126628253044e-06,7.30653484216975e-08
0.110008359353661,0.890000403681014,1.15389292976268e-13,3856512076315.69,0.434970548935204,7.90106316890526e-06,0.476806575114928,-2.83708406767502e-06,0.227545616116774,-0.00683607380548201,-0.207580046202141,0.0062308675544428,0.15696302304915,0.168039785042664,-0.143186790888082,-0.153299343239031,0.999999999985708,0.999999999981945,0.0989759994735029,-0.00297188780926579,-0.0989755697062881,0.00297150770293968,4.29767214746302e-07,-3.80106326102782e-07,5.7374269321199e-07,0.068272757237364,0.0730936088616451,-0.0682727429339608,-0.0730936221012956,1.43034032534795e-08,-1.32396504731735e-08,1.9490399926206e-08,4.95630784893233e-07,1.01418873299508e-12,2.89709379084459e-06,9.74332697467557e-08
0.110010105311808,0.890000511343952,1.72975464973181e-13,2572620664676.18,0.434968573895409,9.5678700041818e-06,0.476806581384447,-3.43533070329416e-06,0.227546812424844,-0.00683519830488257,-0.207580143089261,0.00622889937894068,0.156963109880651,0.168041226093569,-0.143185380010282,-0.153300748192094,0.999999999979038,0.999999999973497,0.0989761461006875,-0.00297115402319771,-0.0989756254333331,0.00297069350122156,5.20667354383941e-07,-4.60521976154444e-07,6.95107894101604e-07,0.0682721617815953,0.073094167097538,-0.0682721426978318,-0.0730941847417712,1.90837635277719e-08,-1.76442331578652e-08,2.59905558638715e-08,6.00508864194809e-07,1.50446322066955e-12,3.50992039358732e-06,1.29927800990498e-07
0.110012220588395,0.890000641779118,2.59731522606058e-13,1713308867651.4,0.434966181121731,1.15857498564492e-05,0.476806588966725,-4.15949789914216e-06,0.227548261788153,-0.00683413759916322,-0.207580260444901,0.00622651487813908,0.156963215060279,0.168042971963974,-0.143183670673844,-0.153302450313671,0.999999999969255,0.999999999961101,0.0989763237338906,-0.0029702648875584,-0.0989756929402687,0.00296970693585633,6.30793621864134e-07,-5.57951702067835e-07,8.42146480859991e-07,0.0682714408661234,0.073094842954556,-0.0682714154030534,-0.0730948664671293,2.54630699997316e-08,-2.35125733050179e-08,3.46584627073255e-08,7.27589554107805e-07,2.23387974784828e-12,4.2523819902899e-06,1.73259001764063e-07
0.110014783304485,0.890000799802787,3.90662225520598e-13,1139092471273.32,0.434963282272387,1.40284602919982e-05,0.476806598132685,-5.03601293971867e-06,0.227550017736284,-0.0068328525064543,-0.207580402586659,0.00622362598690648,0.156963342460217,0.168045087130425,-0.143181599737639,-0.153304512454742,0.999999999954911,0.999999999942904,0.0989765389271355,-0.0029691874968344,-0.0989757747145018,0.00296851150119525,7.64212633660999e-07,-6.75995639146977e-07,1.02028969101565e-06,0.0682705681181498,0.0730956611592178,-0.0682705341414098,-0.073095692489581,3.39767399493152e-08,-3.13303631788164e-08,4.62169937847533e-08,8.81577731781806e-07,3.32001093283907e-12,5.15190242521513e-06,2.31040542689582e-07
0.110017888105909,0.890000991249685,5.88628238774749e-13,755995832872.59,0.434959770328879,1.69851911619445e-05,0.476806609207319,-6.09682381746968e-06,0.22755214512246,-0.00683129555409083,-0.207580574739779,0.00622012601151865,0.156963496767513,0.168047649707465,-0.143179090700296,-0.153307010757085,0.999999999933882,0.999999999916196,0.0989767996186367,-0.00296788197004228,-0.0989758737673483,0.00296706295425911,9.25851288427482e-07,-8.19015783169903e-07,1.23611789945953e-06,0.0682695116415186,0.0730966516172737,-0.0682694663017656,-0.0730966933613668,4.53397530353339e-08,-4.17440930988722e-08,6.16300455455971e-08,1.06817743124916e-06,4.94015939267456e-12,6.24170757757444e-06,3.08090977464079e-07
0.110021649658709,0.890001223188198,9.59954878303234e-13,463564092075.514,0.434955515654201,2.05637686935267e-05,0.476806622582032,-7.38054616791772e-06,0.227554722518779,-0.00682940922327947,-0.207580783226465,0.00621588568898009,0.156963683652793,0.168050754332029,-0.143176050872143,-0.153310037462808,0.999999999903052,0.999999999876994,0.0989771154230205,-0.00296629997036459,-0.0989759937442111,0.00296530767339794,1.12167880940428e-06,-9.92296966655266e-07,1.49760362629764e-06,0.0682682328674924,0.0730978504923429,-0.0682681723604968,-0.073097906106437,6.05069955528226e-08,-5.56140941077032e-08,8.21828691045145e-08,1.29430603747343e-06,7.36188887628941e-12,7.56205218456903e-06,4.10835322785177e-07
0.110026206883965,0.890001504181403,1.45075673953504e-12,306736987645.028,0.434950361199905,2.48945330118405e-05,0.476806638716712,-8.93383427225114e-06,0.227557845119854,-0.00682712382334599,-0.2075810356942,0.00621074841287774,0.156963909981759,0.168054515658685,-0.143172367948286,-0.153313704317346,0.999999999857862,0.999999999819457,0.0989774979826715,-0.00296438290892258,-0.0989761390551395,0.00296318066576942,1.35892753200251e-06,-1.20224315316433e-06,1.81440696553032e-06,0.0682666851652457,0.0730993015067261,-0.0682666044113001,-0.0730993755917753,8.07539456693096e-08,-7.40850492064737e-08,1.09589206845781e-07,1.56834985093406e-06,1.09847686502462e-11,9.16171124991125e-06,5.47840637445875e-07
0.11003172808841,0.890001844602483,2.19686138934979e-12,202562129981.696,0.434944116740518,3.01349812709129e-05,0.476806658164569,-1.08130526911276e-05,0.22756162825777,-0.00682435491260533,-0.207581341390169,0.00620452444890769,0.156964184054684,0.168059072592358,-0.143167905854981,-0.153318146690969,0.999999999791634,0.999999999735008,0.0989779613969467,-0.00296205976824475,-0.0989763150367718,0.00296060315538628,1.6463601748562e-06,-1.45661285846574e-06,2.19823175411517e-06,0.068264812173086,0.0731010575105821,-0.0682647043885201,-0.0731011561900992,1.07784565883673e-07,-9.8679517113176e-08,1.46134047163628e-07,1.9004842102963e-06,1.64159796867125e-11,1.10997779942705e-05,7.30529657235558e-07
0.110038417180304,0.890002257017419,3.33346571476873e-12,133495036873.233,0.434936551856799,3.64753858808076e-05,0.476806681577934,-1.30862677973631e-05,0.227566211663857,-0.00682100017510022,-0.207581711491434,0.00619698392697414,0.156964515909392,0.168064593417807,-0.143162499715904,-0.153323528570305,0.999999999694582,0.999999999611061,0.0989785227370239,-0.00295924446040102,-0.0989765281428854,0.00295747965369788,1.99459413849357e-06,-1.76480670313877e-06,2.66325899543331e-06,0.0682625457814086,0.0731031823723908,-0.068262401905774,-0.0731033137945149,1.4387563460061e-07,-1.31422124155511e-07,1.94863985767701e-07,2.3030542625889e-06,2.45742315385655e-11,1.34478516580067e-05,9.74132415894336e-07
0.110046521200145,0.890002756648064,5.06879715347054e-12,87792303548.6527,0.434927387459776,4.41455413258546e-05,0.476806709723846,-1.58356521875735e-05,0.22757176463093,-0.00681693563345473,-0.207582159500872,0.00618784835050248,0.156964917678206,0.168071282012925,-0.143155949750563,-0.153330048602974,0.999999999552388,0.999999999429145,0.0989792026701028,-0.0029558326230866,-0.0989767861755969,0.0029536944084326,2.41649450588577e-06,-2.13821465399819e-06,3.22667128842538e-06,0.0682598037065939,0.0731057532563955,-0.0682596116367349,-0.0731059282606165,1.92069858920285e-07,-1.75004221003583e-07,2.59840928405687e-07,2.79104334646275e-06,3.68535202355247e-11,1.62926844793094e-05,1.29895451056524e-06
0.110056339444328,0.890003361932915,7.72415678172916e-12,57611684167.1406,0.434916285529233,5.3422878457221e-05,0.476806743497287,-1.91603716373778e-05,0.22757849226844,-0.00681201105808888,-0.20758270172116,0.00617678030938285,0.156965404017479,0.168079385375943,-0.143148013877876,-0.153337947416842,0.999999999344088,0.999999999162156,0.0989800262130085,-0.00295169773228711,-0.0989770985623977,0.00294910709536694,2.92765061077338e-06,-2.59063692017048e-06,3.90928865024216e-06,0.0682564865705838,0.0731088633641607,-0.0682562301362469,-0.0731090963662664,2.5643433690381e-07,-2.33002105748392e-07,3.46480230931697e-07,3.38264360470557e-06,5.5378923669025e-11,1.97393906295971e-05,1.73206746999948e-06
0.110068234518714,0.890004095206027,1.17964882410822e-11,37723264628.3034,0.434902836697296,6.46422115586492e-05,0.476806783931879,-2.31800507898006e-05,0.227586643081737,-0.0068060444012295,-0.207583357820615,0.00616337101635279,0.156965992621657,0.168089202744099,-0.14313839874902,-0.153347516481657,0.999999999039013,0.999999998770318,0.0989810236418527,-0.00294668638528189,-0.0989774766878232,0.00294354759146405,3.54695402952909e-06,-3.13879381783413e-06,4.73633925288998e-06,0.0682524743886466,0.0731126252326905,-0.0682521319820595,-0.0731129353986841,3.42406587083843e-07,-3.10165993666622e-07,4.6200131439814e-07,4.09995314476414e-06,8.33946245393236e-11,2.39153356285135e-05,2.30956138508477e-06
0.110082645730335,0.890004983518834,1.80561174680955e-11,24645524850.2741,0.434886545229055,7.82074352431161e-05,0.476806832205283,-2.80389292639516e-05,0.227596518155968,-0.00679881504749626,-0.207584151506374,0.00614712520615464,0.156966704836699,0.168101096639974,-0.143126748874408,-0.15335910883657,0.999999998592293,0.999999998195267,0.0989822315892446,-0.002940612575924,-0.09897793428948,0.0029368096325647,4.29729976454685e-06,-3.80294335929413e-06,5.73839380492257e-06,0.0682476223487807,0.0731171746992933,-0.0682471650908195,-0.0731175875016178,4.57257961231083e-07,-4.12802324517569e-07,6.16028085590516e-07,4.96982932973303e-06,1.25873089729112e-10,2.89748509578232e-05,3.0795464147736e-06
0.110100105311808,0.890006059634781,2.76997377447565e-11,16065243430.0259,0.434866810860414,9.46055452334948e-05,0.476806889634414,-3.39108404330546e-05,0.227608482284711,-0.00679005562788747,-0.207585111321836,0.00612744283923959,0.156967566389547,0.168115506252803,-0.143112633437401,-0.153373152074221,0.999999997938318,0.999999997351369,0.098983694366395,-0.00293325074568258,-0.098978487929232,0.00292864311643279,5.20643716298008e-06,-4.60762924979225e-06,6.95249848871621e-06,0.0682417557444189,0.0731226756641463,-0.0682411450299532,-0.0731232249431698,6.10714465720807e-07,-5.49279023515092e-07,8.21388826509312e-07,6.02493519192778e-06,1.90460536231285e-10,3.51049496300695e-05,4.1061514318956e-06
0.110121258077671,0.890007363232841,4.25903900171501e-11,10448452841.9962,0.434842906844582,0.000114423423383775,0.476806957653097,-4.10051683172319e-05,0.227622977455671,-0.00677944208909682,-0.207586271586185,0.00610359693353451,0.156968608251667,0.1681329636479,-0.143095530299213,-0.153390164052799,0.999999996981172,0.99999999611299,0.098985465554302,-0.00292432734692071,-0.098979157551351,0.00291874476021281,6.30800295091383e-06,-5.58258670789935e-06,8.423548870871e-06,0.0682346638966227,0.0731293258060989,-0.0682338481078696,-0.0731300564985428,8.15788753064095e-07,-7.3069244395374e-07,1.09518160013623e-06,7.30502575927241e-06,2.88958634797609e-10,4.25322561302492e-05,5.47484997304459e-06
0.110146885238571,0.890008942363402,6.56344171025464e-11,6780047585.19347,0.434813953428963,0.00013836790268984,0.476807037760697,-4.95739652718041e-05,0.227640539193454,-0.00676658164295508,-0.20758767349359,0.00607470670443845,0.156969867655499,0.168154113401347,-0.143074806591747,-0.153410771904458,0.999999995580698,0.999999994295833,0.0989876099159569,-0.00291351059764313,-0.0989799671399806,0.00290674675841996,7.64277597629925e-06,-6.76383922316483e-06,1.02059563814823e-05,0.0682260928723774,0.0731373634359433,-0.06822500297687,-0.073138335182434,1.0898955074834e-06,-9.71746490621705e-07,1.46019295275251e-06,8.85853373345547e-06,4.39648095706957e-10,5.15314101365287e-05,7.29955229408112e-06
0.110177933252812,0.890010855208853,1.01374799464078e-10,4389704640.1765,0.434778885830804,0.000167289714007979,0.476807131424367,-5.99204436916301e-05,0.227661816365816,-0.00675099813852039,-0.207589366387587,0.00603970501942938,0.156971389282109,0.168179736382913,-0.143049695163195,-0.153435735024605,0.999999993532174,0.999999991629579,0.0989902056901671,-0.00290039803694055,-0.0989809454880223,0.00289220301073683,9.26020214477019e-06,-8.19502620371662e-06,1.23656701493129e-05,0.0682157367713389,0.0731470757050251,-0.0682142804240464,-0.0731483676145379,1.45634729249722e-06,-1.29190951284053e-06,1.94678648693991e-06,1.07445305606781e-05,6.70959954263139e-10,6.24352594132072e-05,9.73204626325012e-06
0.110215548780812,0.890013172211831,1.56926233162769e-10,2835769247.35292,0.434736415599044,0.00020221201173333,0.476807239908484,-7.24090903677643e-05,0.227687595189059,-0.0067321142983016,-0.207591409220874,0.00599729896295343,0.156973226635527,0.168210778562398,-0.143019265979524,-0.15346597286544,0.999999990536701,0.999999987717805,0.0989933473369277,-0.00288450140502312,-0.0989821270878624,0.00287457239532904,1.12202490653301e-05,-9.92900969408244e-06,1.49826306966843e-05,0.0682032273140976,0.0731588084260946,-0.0682012809527279,-0.0731605253598913,1.94636136970072e-06,-1.71693379670546e-06,2.59541600590978e-06,1.30351610155994e-05,1.02728892059645e-09,7.56472257669283e-05,1.29745604001968e-05
0.110261121033377,0.890015978646651,2.43450877080202e-10,1827916968.96094,0.434684984038558,0.000244364281709444,0.476807363991836,-8.74776912788144e-05,0.227718828325206,-0.00670923013566289,-0.207593872200374,0.0059459220517569,0.156975443612733,0.168248385898719,-0.142982391386048,-0.153502598522458,0.999999986158101,0.999999981979264,0.0989971488140217,-0.00286522826723198,-0.0989835531503692,0.00285319844908915,1.35956636524853e-05,-1.20298181428323e-05,1.81537487781761e-05,0.0681881214201674,0.0731729778087877,-0.0681855196672055,-0.0731752586555562,2.60175296186438e-06,-2.28084676846818e-06,3.45996827381434e-06,1.58186788650995e-05,1.57825552626889e-09,9.16563115710196e-05,1.7296474005998e-05
0.110316333077825,0.890019377724399,3.78490360360435e-10,1175749069.11346,0.434622706128033,0.00029522254859464,0.476807503513727,-0.000105651598873768,0.227756670154441,-0.00668149671671915,-0.207596838598946,0.00588367633093368,0.156978116265587,0.168293946593619,-0.14293770388807,-0.1535469592989,0.999999979760184,0.999999973561926,0.0990017474739384,-0.00284185967375131,-0.0989852727508061,0.0028272846768356,1.64747231322232e-05,-1.45749969157113e-05,2.19965233020222e-05,0.0681698864132974,0.0731900844647084,-0.0681664078623432,-0.0731931130180337,3.47855095426952e-06,-3.02855332524887e-06,4.61220684546188e-06,1.92032510196713e-05,2.43350228856798e-09,0.000111055317026827,2.30565312470928e-05
0.110383223996764,0.890023494339778,5.89654614975528e-10,754698998.138695,0.434547303081681,0.000356556920399473,0.476807656661452,-0.000127560622297657,0.227802519538421,-0.00664788423938032,-0.207600406684155,0.00580826220506963,0.156981334728842,0.16834914226093,-0.14288354480625,-0.153600685664782,0.999999970415565,0.999999961217189,0.0990073086780028,-0.00281352299033221,-0.0989873440864861,0.00279586454121039,1.99645915166802e-05,-1.76584491218142e-05,2.66534376735084e-05,0.0681478824349552,0.0732107300979437,-0.068143230581583,-0.0732147493239022,4.65185337217289e-06,-4.01922595848203e-06,6.14767574791742e-06,2.33217517013724e-05,3.76646580591e-09,0.000134562964209735,3.07323525052157e-05
0.11046426419517,0.890028479588417,9.2046204791335e-10,483468319.854184,0.434456021389261,0.00043048762962454,0.476807818870508,-0.000153958974657697,0.227858071672527,-0.00660714316472477,-0.207604691664313,0.00571689340283215,0.156985205251026,0.168416009887117,-0.14281790178568,-0.153665750298826,0.999999956773171,0.999999943115951,0.099014031229106,-0.0027791588439062,-0.0989898358080897,0.00275776497724284,2.41954210163375e-05,-2.13938666633589e-05,3.22973052895657e-05,0.0681213415842927,0.073235637367251,-0.0681151192350437,-0.073240968071433,6.22234924897713e-06,-5.33070418204384e-06,8.19353630935422e-06,2.8337842716321e-05,5.85271398012566e-09,0.000163050778983427,4.09596085561159e-05
0.110562446636999,0.890034516207281,1.4395920583008e-09,309127336.135009,0.434345535818697,0.000519550848183489,0.476807981147754,-0.000185748768794264,0.2279253809693,-0.00655775683857894,-0.207609827472574,0.00560619392001688,0.15698985220483,0.168497016851078,-0.142738332667961,-0.153744539217615,0.999999936865904,0.999999916579874,0.0990221537220579,-0.00273748089221512,-0.0989928283492596,0.00271156202164884,2.93253727983306e-05,-2.59188705662872e-05,3.91377738405369e-05,0.0680893432343616,0.0732656734877345,-0.0680810181542594,-0.0732727386649723,8.32508010220612e-06,-7.06517723786382e-06,1.09189600288021e-05,3.44537387332489e-05,9.13204090124964e-09,0.000197575773385174,5.45839706150525e-05
0.110681397380866,0.890041825118315,2.25554971676912e-09,197300422.708754,0.434211833492245,0.000626775656516518,0.476808127539985,-0.000224007616008909,0.228006937334742,-0.00649788366679539,-0.207615968086395,0.00547207311457642,0.156995419857762,0.168595151743812,-0.142641872647013,-0.15383993735959,0.999999907831641,0.99999987768914,0.0990319618967646,-0.00268692683898127,-0.0989964151203875,0.00265552683725246,3.55467763771128e-05,-3.14000017288163e-05,4.74292464558961e-05,0.0680507849007684,0.0733018782349543,-0.0680396436902828,-0.0733112347177665,1.11412104855518e-05,-9.35648281220891e-06,1.45488948617595e-05,4.19202002720739e-05,1.43094511795283e-08,0.0002394202080671,7.27299208213769e-05
0.110825509497077,0.890050673286452,3.53991281705324e-09,125716468.072138,0.434050075764645,0.000755773624701625,0.476808231343314,-0.0002700209498048,0.228105758711214,-0.00642528643314114,-0.207623287889946,0.00530957431226379,0.15700207353444,0.168714034298053,-0.142524920887769,-0.15395543140292,0.999999865508804,0.999999820710633,0.0990437970463768,-0.00262559876344002,-0.0990007033412989,0.00258756003504048,4.30937050778374e-05,-3.80387283995388e-05,5.74805382332969e-05,0.0680043479606076,0.0733454971266463,-0.0679894341214945,-0.0733578765425077,1.49138391131731e-05,-1.23794158614215e-05,1.93822737098522e-05,5.10494984093778e-05,2.2520025289019e-08,0.000290140009293514,9.68917632909113e-05
0.111000105311808,0.890061383137455,5.56417923788125e-09,79981372.3718556,0.43385443427031,0.000910842497981568,0.476808249465859,-0.000325319772342875,0.228225503385846,-0.00633724574260282,-0.20763198029836,0.00511269129268561,0.157009999570521,0.168858048422035,-0.142383101846951,-0.154095233052078,0.999999803850541,0.999999737265542,0.0990580654685764,-0.00255119040096556,-0.0990058141476513,0.00250511173631843,5.22513209251785e-05,-4.60786646471357e-05,6.96666625732078e-05,0.0679484574369331,0.0733980206917786,-0.0679284882064772,-0.0734143821894075,1.99692304559407e-05,-1.63614976288751e-05,2.5816056431263e-05,6.22323798582259e-05,3.55990352751689e-08,0.000351623782873466,0.000129053785841152
0.111050105311808,0.890064448171033,6.24368626899131e-09,71277159.8239534,0.433798474404696,0.000955021032494299,0.476808232995243,-0.00034107234765085,0.228259799340263,-0.00631201541151517,-0.207634434125594,0.00505630653545434,0.157012242055553,0.168899287486392,-0.142342462350733,-0.154135244093504,0.999999784114151,0.999999710470241,0.099062137413374,-0.00252986133188602,-0.0990072606442143,0.00248148089853718,5.48767691597174e-05,-4.83804333488401e-05,7.31582266353584e-05,0.067932521035875,0.0734130021606656,-0.0679110123374941,-0.0734305627260653,2.15086983808704e-05,-1.75605653997268e-05,2.77668428741429e-05,6.54595976288015e-05,4.00234186903603e-08,0.000369238362239527,0.000138805590619083
0.111438068274771,0.890088200193541,1.31457881859297e-08,33854501.0616491,0.43336528208684,0.00129464678339901,0.476807779168657,-0.000462161906844172,0.228525970479721,-0.00611597945782995,-0.207652937317382,0.00461876921507291,0.15702922659055,0.169219225827464,-0.142026737436216,-0.154445325149897,0.999999599877929,0.999999458957481,0.0990935176672892,-0.00236408311128705,-0.0990182242372248,0.00229785392908077,7.52934300644048e-05,-6.62291822062888e-05,0.000100276643275377,0.0678098155969759,0.0735284340912151,-0.06777509016569,-0.0735560754401639,3.47254312858536e-05,-2.76413489488092e-05,4.4383552693519e-05,9.08741625168363e-05,8.57440755064331e-08,0.0005060219274659,0.000221870283940832
0.111826031237734,0.890111898434856,2.31872368587065e-08,19194005.3888015,0.432933884594892,0.00162920444379296,0.476806752059558,-0.000581460011481655,0.22879224682073,-0.00591946836821554,-0.207670489559828,0.00418117415105551,0.157045471019883,0.16953908280089,-0.141710318025451,-0.154754740808997,0.999999361281291,0.999999130809897,0.0991245162421881,-0.00219785628945455,-0.099028724819862,0.00211380030566552,9.57914223260609e-05,-8.40559837890303e-05,0.000127441771025012,0.0676886158023333,0.0736425938399692,-0.0676386274927065,-0.0736814944903804,4.99883096267695e-05,-3.89006504111639e-05,6.33410743653228e-05,0.000116950484087492,1.54173609545616e-07,0.000642995293355685,0.00031663471568508
0.112213994200697,0.890135542924555,3.66806077064816e-08,12133598.6312907,0.432504275730864,0.00195926677508566,0.476805157969854,-0.000699204348731663,0.229058626960368,-0.00572248003817762,-0.207687090698039,0.00374352330803669,0.157060970189175,0.169858858768647,-0.141393205450548,-0.155063489588094,0.999999069194772,0.999998726883724,0.0991551323717728,-0.0020312318620133,-0.099038760236969,0.00192937319482454,0.000116372134803755,-0.000101858667188759,0.00015465336026176,0.0675687365612351,0.0737556586007196,-0.0675016567652077,-0.0738067887953837,6.70797960274083e-05,-5.11301946641285e-05,8.4344506883794e-05,0.000143687994304031,2.48680588232908e-07,0.000780157594021975,0.000421624022451977
0.11260195716366,0.8901591336935,5.38967378186041e-08,8258005.67642365,0.432076447664879,0.00228525391681755,0.476803003301617,-0.000815568424707314,0.229325109484463,-0.00552501252952372,-0.207702740580971,0.00330581867247865,0.157075719413375,0.170178553659928,-0.141075401062101,-0.155371569993386,0.99999872433269,0.999998248026463,0.0991853655333783,-0.00186424732857678,-0.0990483290182843,0.00174461177937801,0.000137036515094016,-0.000119635549198774,0.000181911162662451,0.0674500426858056,0.0738677576603307,-0.0673642019366468,-0.0739319355217245,8.5840749158822e-05,-6.4177861393816e-05,0.000107179438836148,0.000171086113298573,3.72434218021134e-07,0.000917507964031328,0.000535765671571418
0.112989920126623,0.890182670773835,7.50747962520253e-08,5928638.60586115,0.431650391498336,0.00260749303175141,0.476800294463926,-0.000930686703583955,0.229591692969378,-0.00532706402930993,-0.207717439061723,0.00286806224748271,0.157089714365224,0.170498167078052,-0.140756906225639,-0.155678980523497,0.999998327291673,0.999997695076142,0.0992152153782834,-0.00169693197816401,-0.0990574301354792,0.00155954673631006,0.000157785242804173,-0.000137385241853953,0.000209214931412748,0.0673324292332039,0.0739789911023182,-0.06722628181136,-0.07405691686677,0.00010614742184395,-7.79257644517584e-05,0.000131680294385714,0.000199144248329464,5.28442491209979e-07,0.00105504553987568,0.000658231226662458
0.113377883089586,0.890206154198983,1.00428716844687e-07,4432029.91219974,0.431226097586395,0.00292624943239056,0.476797037829364,-0.00104466771747519,0.229858375983192,-0.00512863282387892,-0.207731185997747,0.00243025604947047,0.157102951004512,0.170817698368595,-0.140437722319366,-0.155985719671724,0.999997878575042,0.999997068860928,0.0992446816895843,-0.00152930964522687,-0.0990660628698012,0.00137420309267202,0.000178618819783094,-0.000155106552554846,0.000236564421302432,0.0672158112796782,0.0740894395742668,-0.0670879117843649,-0.0741817183783118,0.00012789949531325,-9.22788040450262e-05,0.000157713850302896,0.000227861792951353,7.19576710994652e-07,0.00119276946073739,0.00078835395308875
0.113765846052549,0.890229584003636,1.30151626144568e-07,3419971.03829806,0.430803555742092,0.0032417446888305,0.476793239712054,-0.00115760168765136,0.230125157086555,-0.00492971728116925,-0.207743981251006,0.0019924021058953,0.157115425529678,0.171137146666119,-0.140117850732607,-0.156291785927605,0.999997378609439,0.999996370198923,0.0992737643544219,-0.00136140031164424,-0.0990742267319268,0.00118860188537287,0.000199537622495069,-0.000172798426271373,0.00026395938875677,0.0671001179905878,0.0741991699737741,-0.0669491048504215,-0.0743063279761778,0.000151013140166384,-0.000107158002403657,0.000185169668094032,0.000257238126392309,9.48588513183246e-07,0.00133067886886009,0.000925580991632214
0.114153809015512,0.890252960223742,1.64419058061664e-07,2707268.15589061,0.430382755374232,0.00355416800215225,0.47678890635578,-0.00126956530787217,0.230392034833331,-0.00473031583800266,-0.207755824688086,0.00155450245357751,0.157127134342957,0.171456510928056,-0.139797292864689,-0.156597177778061,0.999996827756767,0.999995599898067,0.0993024633444561,-0.00119322111208235,-0.0990819214095972,0.00100276120264375,0.000220541934858862,-0.000190459909438592,0.000291399591857379,0.0669852889076879,0.0743082390219355,-0.0668098722358462,-0.0744307353371687,0.000175416671841733,-0.000122496315233228,0.000213954097894265,0.000287272612984786,1.21812236786312e-06,0.00146877290982407,0.00106944338705073
0.114541771978475,0.89027628289649,2.03391383176388e-07,2188579.15461545,0.429963685585831,0.00386368376934423,0.476784043927788,-0.00138062492356569,0.230659007771104,-0.00453042699057547,-0.207766716180298,0.00111655913744186,0.157138074024161,0.171775789960191,-0.139476050124083,-0.156901893708263,0.999996226323145,0.999994758756117,0.0993307787015563,-0.00102478700211865,-0.0990891467315209,0.000816696876054689,0.000241631970035391,-0.000208090126063959,0.000318884790337354,0.0668712714875944,0.074416695641639,-0.0666702238174877,-0.0745549314856628,0.000201047670106647,-0.000138235844023754,0.000243986299263444,0.00031796460176632,1.53072514796904e-06,0.00160705073266363,0.00121953619880361
0.114929734941438,0.890299552060294,2.47215703106019e-07,1800653.31788104,0.429546335246656,0.00417043684448686,0.476778658515411,-0.00149083874127037,0.230926074441584,-0.00433004928711968,-0.207776655603753,0.000678574209530538,0.157148241310404,0.172094982436515,-0.139154123927748,-0.157205932202318,0.999995574565817,0.999993847560663,0.0993587105268813,-0.000856111222518825,-0.0990959026413233,0.000630422961325415,0.000262807885557978,-0.00022568826119341,0.000346414745575242,0.0667580193953342,0.0745245826124976,-0.0665301684132025,-0.0746789085086255,0.000227850982131614,-0.00015432589612796,0.000275195480111936,0.000349313426105246,1.88885370910885e-06,0.00174551148996012,0.00137550470092057
0.115317697904401,0.890322767754776,2.96027365328794e-07,1503784.56864268,0.429130693048747,0.0044745563312282,0.47677275612469,-0.00160025841988187,0.231193233380945,-0.00412918132209548,-0.207785642839427,0.000240549728210952,0.157157633079953,0.172414086915029,-0.138831515700602,-0.157509291743818,0.999994872698617,0.999992867089192,0.099386258972375,-0.000687205633573897,-0.099102189178164,0.000443952084523306,0.000284069794211042,-0.000243253549050591,0.000373989220578364,0.0666454912782912,0.074631937764419,-0.0663897139905955,-0.0748026593500768,0.000255777287695713,-0.000170721585657813,0.000307518911142865,0.000381318403437414,2.29488105851772e-06,0.00188415433786723,0.00153703445842755
0.115705660867364,0.890345930020753,3.49951199818192e-07,1272100.12493643,0.428716747549509,0.0047761583978629,0.476766342679853,-0.00170893025099711,0.231460483120115,-0.00392782173149915,-0.207793677773218,-0.000197512242474929,0.157166246339157,0.172733101850635,-0.138508226875083,-0.15781197081629,0.999994120896407,0.999991818109158,0.0994134242339256,-0.000518080963083061,-0.0991080064618291,0.000257295698803872,0.0003054177720965,-0.000260785264279189,0.000401607979972456,0.0665336498590401,0.0747387948639771,-0.0662488678214755,-0.0749261776583661,0.000284782037564532,-0.00018738279438904,0.000340900455488772,0.000413978835020752,2.75110148517665e-06,0.00202297843615862,0.0017038439790143
0.116093623830327,0.890369038900216,4.09102546271836e-07,1088197.8699646,0.428304487206302,0.00507534841906725,0.476759424023701,-0.00181689605608742,0.231727822185011,-0.00372596918900558,-0.207800760295992,-0.000635609633352097,0.15717407821161,0.17305202560578,-0.138184258890793,-0.15811396790358,0.999993319298718,0.999990701378075,0.099440206545831,-0.000348746994816914,-0.0991133546810791,7.04642795152924e-05,0.000326851864751884,-0.000278282715301622,0.000429270789976941,0.0664224612474634,0.0748451842890869,-0.0661076365990177,-0.0750494576699479,0.000314824648445733,-0.000204273380860959,0.000375289452819215,0.000447294005790679,3.25973491910325e-06,0.00216198294819457,0.0018756791365141
0.11648158679329,0.890392094436314,4.73588119941365e-07,940049.018276211,0.427893900404093,0.00537222263958215,0.476752005918149,-0.00192419388286172,0.231995249096767,-0.00352362240275117,-0.207806890303624,-0.00107374037057285,0.157181125929121,0.173370856459451,-0.137859613194195,-0.15841528149017,0.999992468012795,0.999989517643627,0.0994666061761717,-0.000179212714800463,-0.0991182340842711,-0.000116532524396504,0.00034837209190057,-0.000295745239196967,0.000456977418394882,0.0663118944081053,0.074951133553266,-0.0659660265284619,-0.0751724941189945,0.000345867879643372,-0.000221360565728496,0.000410639854652031,0.000481263184196979,3.82293067624495e-06,0.00230116704095751,0.00205230884998787
0.116869549756253,0.890415096673337,5.43506750805428e-07,819138.948461838,0.427484975478462,0.00566686949007598,0.476744094045277,-0.00203085855553464,0.232262762371905,-0.00332078011261465,-0.207812067697032,-0.0015119023760113,0.15718738682398,0.173689592614773,-0.137534291238342,-0.158715910061456,0.999991567116171,0.999988267643776,0.0994926234229695,-9.48642688117256e-06,-0.099122644971774,-0.000303685770769312,0.000369978451195407,-0.000313172197650484,0.000484727634584811,0.0662019207403041,0.0750566677204616,-0.0658240433986526,-0.0752952821659038,0.000377877341651581,-0.000238614445442167,0.000446909542197678,0.000515885622157918,4.44277074651556e-06,0.00244052988499035,0.00223352167514646
0.117257512719216,0.890438045656699,6.18950021405266e-07,719313.365265782,0.42707770073445,0.00595937064416528,0.476735694008392,-0.00213692211651292,0.232530360522514,-0.00311744108789572,-0.207816292382212,-0.00195009356760622,0.157192858322366,0.174008232205603,-0.137208294482661,-0.159015852103989,0.999990616658875,0.999986952106882,0.0995182586109029,0.000160424154498702,-0.0991265876896787,-0.000490987128225776,0.000391670921224163,-0.000330562973727074,0.000512521209445883,0.0660925137419847,0.0751618097383719,-0.0656816926393185,-0.075417817339804,0.000410821102666284,-0.000256007601432101,0.000484059779765846,0.000551160554977138,5.12127268936791e-06,0.00258007065439829,0.0024191230733222
0.117645475682179,0.89046094143292,7.00002822638633e-07,636040.964860944,0.426672064462435,0.00624980187935646,0.476726811333226,-0.00224241418573765,0.232798042056394,-0.00291360412531233,-0.207819564270263,-0.00238831185966191,0.157197537938613,0.174326773302233,-0.136881624392744,-0.159315106105687,0.99998961666534,0.999985571751825,0.0995435120884982,0.000330511828832581,-0.0991300626245449,-0.000678428798082088,0.000413449463953289,-0.000347916969249508,0.000540357915399622,0.0659836487367241,0.0752665807100018,-0.0655389793675744,-0.0755400954917158,0.000444669369149789,-0.000273514781714029,0.000522054770762747,0.000587087201336141,5.86039223016144e-06,0.00271978852682999,0.00260893319317814
0.118033438645142,0.890483784049611,7.86743842187496e-07,565929.93570415,0.426268054951538,0.00653823378677926,0.476717451469223,-0.00234736225666551,0.233065805477193,-0.00270926804725854,-0.20782188327741,-0.00282655516311458,0.157201423270184,0.174645213916385,-0.13655428244018,-0.15961367055602,0.999988567136057,0.999984127288127,0.0995683842257034,0.000500769847394505,-0.099133070198968,-0.000866003450033954,0.000435314026735412,-0.000365233602639449,0.000568237526365154,0.0658753026494861,0.0753710001175765,-0.0653959084261462,-0.0756621127559208,0.000479394223339855,-0.000291112638344332,0.000560861292634302,0.00062366476330098,6.66202559795881e-06,0.00285968268342272,0.00280278504696663
0.118421401608105,0.890506573555451,8.79245996948342e-07,506403.541583466,0.425865660501037,0.00682473236262619,0.476707619790849,-0.00245179194269415,0.233333649284527,-0.00250443170027788,-0.20782324932503,-0.00326482138576966,0.157204511993244,0.174963552005637,-0.136226270102391,-0.15991154394618,0.999987468049039,0.999982619416097,0.0995928754117764,0.000671191861484076,-0.0991356108677956,-0.00105370416861557,0.000457264543980734,-0.000382512307131492,0.000596159817740986,0.0657674538203348,0.0754750860091742,-0.0652524844151305,-0.0757838655177514,0.000514969405204305,-0.000308779508577259,0.000600448393464158,0.000660892426362014,7.52801165804229e-06,0.00299975230877791,0.00300052299490968
0.118809364571068,0.890529310000179,9.77576818401819e-07,455477.919093893,0.425464869429994,0.00710935950583398,0.476697321598822,-0.00255572718430602,0.233601571974102,-0.00229909395371622,-0.207823662339665,-0.00370310843251572,0.157206801858749,0.175281785477364,-0.135897588862495,-0.160208724769225,0.999986319361111,0.999981048826927,0.0996169860534162,0.000841771878918915,-0.0991376851148519,-0.0012415244081956,0.000479300938564298,-0.000399752529276686,0.000624124566390175,0.065660081848169,0.075578855155774,-0.0651087117186239,-0.0759053503864618,0.000551370129545134,-0.000326495230687771,0.000640787137368158,0.000698769359464691,8.46013385780164e-06,0.00313999659095183,0.00320200147343151
0.119197327534031,0.890551993434568,1.08179879828544e-06,411607.035821273,0.425065670085776,0.00739217344060364,0.476686562121515,-0.00265919042473131,0.233869572037804,-0.00209325369852517,-0.207823122253045,-0.00414141420551725,0.157208290688902,0.175599912192226,-0.135568240209177,-0.160505211520224,0.99998512100906,0.999979416202855,0.0996407165731408,0.00101250422714787,-0.0991392934501307,-0.00142945795481465,0.000501423123010075,-0.000416953727666774,0.000652131550612601,0.0655531674585104,0.0756823231846176,-0.0649645945272844,-0.0760265641722172,0.000588572931225981,-0.000344240987599567,0.000681850388953081,0.00073729471512296,9.46012202529545e-06,0.00328041472137849,0.0034070839185981
0.119585290496994,0.890574623910414,1.19196970017858e-06,373572.677131386,0.424668050851118,0.00767322907789904,0.476675346516151,-0.00276220276007694,0.234137647963811,-0.00188690984619449,-0.207821629002101,-0.00457973660439067,0.157208976374028,0.175917929967366,-0.135238225636569,-0.160801002696371,0.999983872910661,0.999977722217273,0.0996640674078186,0.00118338352171152,-0.0991404364073071,-0.0016174988935689,0.000523631000511476,-0.00043411537185738,0.000680180550133214,0.0654466923907096,0.0757855046932871,-0.0648201368575495,-0.07614750386637,0.0006265555331601,-0.000361999173082911,0.000723612629413175,0.000776467629472703,1.05296540374722e-05,0.00342100589487198,0.00361564184764772
0.119973253459957,0.890597201480517,1.30814284188051e-06,340405.180905261,0.424272000150487,0.00795257832701554,0.476663679870125,-0.00286478406863175,0.234405798236668,-0.00168006132779293,-0.207819182528976,-0.0050180735263649,0.157208856869691,0.176235836579238,-0.134907546644147,-0.161096096797102,0.99998257496561,0.999975967534864,0.0996870390073792,0.00135440463908472,-0.0991411145415769,-0.0018056415805181,0.000545924465802247,-0.000451236941433382,0.000708271346078339,0.065340639301056,0.0758884133480471,-0.0646753425681786,-0.0762681666244712,0.000665296732877449,-0.00037975327642413,0.000766049798467612,0.000816287222413165,1.16703573705967e-05,0.00356176930956626,0.00382755406963788
0.12036121642292,0.890619726198667,1.43036735239729e-06,311325.522323336,0.42387750645546,0.00823027036589455,0.476651567202255,-0.00296695312290104,0.234674021337383,-0.00147270709310479,-0.207815782781044,-0.00545642286642894,0.157207930194122,0.176553629766226,-0.134576204736631,-0.161390492324198,0.999981227056351,0.999974152811726,0.0997096318336538,0.00152556269313923,-0.0991413284277402,-0.00199388061834346,0.000568303405913642,-0.000468317925204233,0.000736403720957902,0.0652349916789687,0.0759910619691494,-0.0645302153745538,-0.0763885497515217,0.000704776304414914,-0.000397487782372377,0.000809139157623739,0.000856752597712108,1.28838105615259e-05,0.00370270416688335,0.00404270600264361
0.120749179385883,0.890642198119623,1.55868840677874e-06,285702.451576023,0.423484558289428,0.00850635187712222,0.476639013463961,-0.00306872768725419,0.234942315743497,-0.00126484610984717,-0.207811429710911,-0.00589478251746869,0.157206194425846,0.176871307231008,-0.134244201423893,-0.16168418778188,0.999979829048848,0.999972278695502,0.0997318463593218,0.00169685301462585,-0.0991410786584872,-0.00218221083512913,0.000590767700834591,-0.000485357820503284,0.000764577458648296,0.0651297337740486,0.0760934626052873,-0.0643847588611138,-0.0765086506890957,0.000744974912934765,-0.000415188083808457,0.00085285917116409,0.000897862843148286,1.4171544565178e-05,0.00384380967150363,0.0042609890795055
0.121137142348846,0.890664617299102,1.69314744161182e-06,263020.394860361,0.423093144231742,0.00878086725502204,0.476626023540514,-0.0031701246036242,0.235210679929164,-0.00105647736295894,-0.207806123276434,-0.0063331503703929,0.157203647701521,0.177188866642726,-0.133911538220874,-0.161977181676896,0.999978380793274,0.999970345825505,0.0997536830669756,0.00186827113316567,-0.0991403658428883,-0.00237062726573794,0.000613317224087293,-0.000502356132572273,0.000792792344372165,0.0650248505322601,0.0761956265989422,-0.0642389764922647,-0.0766284670040357,0.000785874039995318,-0.000432840405093504,0.000897189401977126,0.000939617030658396,1.553504405305e-05,0.00398508503131865,0.00448230022773304
0.121525105311808,0.89068698379376,1.83378235333249e-06,242855.151860071,0.422703252921256,0.00905385878845275,0.476612602252155,-0.00327115986694873,0.235479112365216,-0.000847599853952473,-0.207799863440724,-0.00677152431425108,0.157200288213944,0.17750630563898,-0.133578216647502,-0.1622694725186,0.999976882124644,0.999968354832841,0.0997751424482573,0.00203981276139128,-0.0991391906050206,-0.00255912513541282,0.000635951843236712,-0.000519312374021537,0.000821048164682229,0.0649203275397617,0.0762975646440251,-0.064092871621953,-0.0767479963784749,0.000827455917808625,-0.000450431734449877,0.000942110419916922,0.000982014216497486,1.69757486293554e-05,0.00412652945740362,0.00470654141199691
0.121913068274771,0.890709297661174,1.98062768138729e-06,224855.308756791,0.422314873059525,0.00932536682282296,0.476598754355315,-0.00337184869206567,0.235747611519231,-0.000638212600319506,-0.207792650172156,-0.00720990223634325,0.15719611421021,0.177823621827665,-0.133244238228621,-0.162561058819034,0.999975332863402,0.999966306340538,0.099796225003097,0.00221147378088642,-0.0991375535827582,-0.00274769984523394,0.000658671420338805,-0.000536226064347524,0.000849344707440256,0.0648161509732756,0.0763992868369765,-0.0639464475021616,-0.076867236600997,0.000869703471114036,-0.000467949764020523,0.000987603720788184,0.00102505344140839,1.84950539915407e-05,0.00426814216396329,0.00493361922969534
0.122301031237734,0.890731558959835,2.13371477785173e-06,208727.888142726,0.421927993413411,0.00959542990441803,0.476584484543627,-0.00347220557312738,0.236016175855604,-0.000428314634986686,-0.207784483444373,-0.00764828202232274,0.157191123990034,0.178140812788689,-0.132909604493918,-0.162851939092995,0.999973732815966,0.99996420096366,0.0998169312389857,0.00238325022968439,-0.0991354554266412,-0.00293634695919716,0.000681475812344484,-0.000553096729512768,0.000877681761806803,0.0647123075559834,0.0765008027222423,-0.0637997072904167,-0.0769861855587455,0.000912600265566707,-0.000485382836503206,0.00103365165441957,0.00106873373078047,2.00943130357345e-05,0.00440992236833231,0.00516344455191687
0.122688994200697,0.89075376774912,2.29307196500859e-06,194227.172400536,0.421542602817598,0.00986408490945211,0.476569797449133,-0.00357224433675671,0.236284803835589,-0.000217905005813073,-0.207775363236295,-0.00808666155629308,0.157185315904134,0.178457876075521,-0.132574316977861,-0.163142111858101,0.999972081775208,0.999962039309433,0.0998372616703474,0.00255513829109595,-0.0991328967988992,-0.00312506219265246,0.00070436487144819,-0.000569923901556518,0.000906059118212288,0.0646087845182244,0.0766021213329531,-0.0636526540565294,-0.0771048412303919,0.00095613046169496,-0.000502719897438775,0.00108023736051938,0.00111305409486345,2.17748369077952e-05,0.00455186929087887,0.00539593220326961
0.12307695716366,0.890775924089288,2.45872468200441e-06,181145.927115985,0.421158690176551,0.0101313671599347,0.476554697643271,-0.00367197818962886,0.236553493917374,-6.98277512749342e-06,-0.207765289532121,-0.00852503872089879,0.157178688352799,0.178774809216687,-0.132238377219632,-0.163431575634853,0.999970379520935,0.999959821977362,0.0998572168179384,0.00272713428368744,-0.0991298783725222,-0.003313841401949,0.000727338445416184,-0.000586707118261569,0.000934476568352158,0.0645055695622819,0.0767032512274043,-0.0635052907885937,-0.0772232016798016,0.00100027877368819,-0.000519950452397278,0.00112734471127481,0.00115801352892645,2.35378960120602e-05,0.00469398215502978,0.00563100067539123
0.123464920126623,0.890798028041458,2.6306956217371e-06,169308.456037427,0.420776244466331,0.0103973105280381,0.476539189637923,-0.00377141976138354,0.236822244556126,0.000204452980700307,-0.207754262321338,-0.00896341139741164,0.157171239784495,0.179091609717123,-0.131901786763072,-0.163720328946695,0.999968625820304,0.999957549559347,0.0998767972083003,0.00289923465225243,-0.0991264008304332,-0.00350268057509447,0.000750396377867057,-0.000603445922842047,0.000962933905162078,0.0644026508307539,0.0768042005219172,-0.0633576203984036,-0.0773412650503284,0.0010450304323503,-0.000537064528411124,0.00117495825977594,0.00120361101346728,2.53847209769065e-05,0.00483626018719371,0.0058685718695448
0.123852883089586,0.890820079667596,2.80900485892921e-06,158565.06563808,0.42039525473615,0.0106619475305484,0.476523277886454,-0.00387058114324138,0.237091054204051,0.000416403171657871,-0.207742281598718,-0.009401777465812,0.157162968694587,0.179408275059463,-0.131564547156624,-0.16400837032007,0.999966820428227,0.999955222639801,0.0998960033732685,0.00307143595967763,-0.0991224648647339,-0.00369157582334519,0.000773538508534538,-0.000620139863667557,0.000991430922805746,0.0643000168780173,0.0769049769205497,-0.0632096457263213,-0.0774590295596769,0.00109037115169598,-0.000554052639127195,0.00122306319353279,0.00124984551440883,2.73165035830081e-05,0.00497870261674653,0.00610857086464661
0.124240846052549,0.890842079030501,2.99366997008323e-06,148787.623207132,0.420015710109722,0.0109253094144238,0.476506966784711,-0.00396947392313651,0.237359921310434,0.000628868694459261,-0.207729347364326,-0.00984013480486621,0.157153873624131,0.179724802705224,-0.131226659953277,-0.164295698284467,0.999964963087754,0.999952841795763,0.0999148358495111,0.00324373487954413,-0.0991180711760117,-0.00388052337355243,0.0007967646734994,-0.000636788494008298,0.00101996741665504,0.0641976566444271,0.077005587742009,-0.0630613695457041,-0.0775764934952197,0.00113628709872302,-0.000570905753210699,0.00127164529243553,0.00129671598330595,2.9334397652625e-05,0.00512130867597742,0.00635092570747869
0.124628809015512,0.890864026193789,3.18470614621025e-06,139865.969620761,0.419637599786352,0.0111874262346986,0.476490260671959,-0.00406810921753109,0.237628844321697,0.000841850432890177,-0.207715459623522,-0.0102784812922001,0.157143953158743,0.180041190095945,-0.130888126710518,-0.164582311372477,0.999963053530399,0.999950407597006,0.0999332951780993,0.00341612818941695,-0.0991132204726963,-0.00406951956122666,0.000820074705403032,-0.000653391371809709,0.00104854318327728,0.064095559432883,0.0771060399441275,-0.0629127945669022,-0.0776936552097465,0.00118276486598083,-0.000587615265618999,0.00132069089062776,0.00134422135754668,3.14395199114692e-05,0.0052640776000701,0.00659556722243823
0.125016771978475,0.890885921221881,3.38212629878915e-06,131705.00485757,0.419260913041933,0.0114483269255536,0.476473163831837,-0.00416649770043856,0.237897821681441,0.00105534925812933,-0.20770061838696,-0.0107168148043688,0.15713320592753,0.180357434654229,-0.13054894899028,-0.164868208119833,0.999961091476494,0.999947920606155,0.0999513819041168,0.00358861276472703,-0.0991079134704755,-0.00425856082420803,0.000843468433641262,-0.000669948059481005,0.00107715802041836,0.0639937148875081,0.0772063401461814,-0.062763923440909,-0.0778105131175876,0.00122979144659915,-0.000604172971406247,0.00137018684182351,0.0013923605605709,3.36329508165978e-05,0.00540700862706237,0.00684242883847819
0.125404734941438,0.890907764179983,3.58594115964397e-06,124222.306574104,0.418885639229748,0.0117080393653229,0.476455680493307,-0.00426464962993334,0.238166851830497,0.00126936602904914,-0.207684823670595,-0.011155133216924,0.157121630602084,0.180673533784755,-0.130209128358896,-0.165153387065461,0.999959076635482,0.99994538137879,0.0999690965763,0.00376118557317714,-0.0991021508917599,-0.00444764369688126,0.000866945684540057,-0.000686458123704116,0.00110581172698701,0.0638921129741916,0.0773064946492952,-0.0626147587626938,-0.0779270656910723,0.0012773542114978,-0.00062057104177704,0.00142012048767821,0.0014411325020703,3.5915735356884e-05,0.00555010099780962,0.00709144643129244
0.125792697904401,0.890929555134079,3.79615937525245e-06,117346.173733134,0.418511767781129,0.01196659043611,0.476437814831517,-0.00436257487244546,0.238435933206965,0.00148390159249797,-0.207668075495677,-0.0115934344044779,0.157109225895527,0.180989484875204,-0.129868666387055,-0.165437846751516,0.999957008706213,0.999942790463549,0.0999864397466953,0.00393384366961374,-0.0990959334651773,-0.00463676480487057,0.00089050628151803,-0.000702921135256829,0.00113450410303966,0.0637907439627744,0.0774065094551318,-0.0624653030742494,-0.0780433114572692,0.001325440888525,-0.000636802002137352,0.00147047962886267,0.00149053607821589,3.82888838282858e-05,0.00569335395595197,0.00734255817899359
0.126180660867364,0.890951294150914,4.01278759580004e-06,111014.011193045,0.41813928820602,0.0122240060786076,0.476419570968703,-0.00446028292504463,0.238705064246254,0.00169895678356468,-0.207650373888757,-0.0120317162407639,0.157095990561602,0.181305285297153,-0.129527564649758,-0.165721585723427,0.999954887377218,0.999940148402245,0.100003411970348,0.00410658419131629,-0.0990892619251146,-0.00482592086017026,0.000914150045232973,-0.000719336668853972,0.00116323494976611,0.0636895984107112,0.0775063902830714,-0.0623155588673891,-0.0781592489950019,0.00137403954332217,-0.000652858711930521,0.00152125249855393,0.00154057017187078,4.07533725819142e-05,0.00583676674788381,0.00759570442985261
0.126568623830327,0.890972981297977,4.23583055949991e-06,105170.98934703,0.417768190093413,0.012480311342611,0.476400952975068,-0.00455778293595749,0.238974243381132,0.00191453242582674,-0.207631718881687,-0.0124699765986962,0.157081923393823,0.181620932406911,-0.129185824726273,-0.16600460252993,0.999952712326969,0.999937455729961,0.100020013805014,0.00427940435366492,-0.0990821370112951,-0.00501510865665862,0.000937876793718484,-0.0007357043029937,0.00119200406947255,0.0635886671480489,0.0776061425860259,-0.0621655285863238,-0.0782748769320983,0.00142313856172507,-0.000668734346072397,0.00157242773808076,0.00159123365281004,4.33101447524509e-05,0.00598033862270879,0.00785082758079061
0.12695658679329,0.890994616643493,4.4652911725119e-06,99768.9268427118,0.417398463111677,0.0127355304336452,0.476381964869605,-0.00465508372349399,0.239243469041758,0.00213062933158469,-0.207612110511615,-0.0129082133504258,0.157067023224649,0.181936423546319,-0.128843448200099,-0.166286895723112,0.999950483224122,0.999934712975153,0.100036245810887,0.00445230144613219,-0.0990745594683783,-0.0052043250659563,0.000961686342508664,-0.000752023619824106,0.00122081126556935,0.0634879412635769,0.0777057715650244,-0.0620152146300344,-0.078390193942845,0.00147272663354259,-0.000684422377820681,0.00162399437449993,0.00164252537794003,4.59601109613628e-05,0.00612406883221937,0.00810787196550656
0.127344549756253,0.891016200256405,4.70117058482164e-06,94765.3551578377,0.417030097008769,0.0129896867561341,0.476362610620904,-0.00475219379352085,0.239512739655728,0.00234724830208294,-0.20759154882099,-0.0133464243673947,0.157051288924721,0.18225175604351,-0.128500436658921,-0.166568463858436,0.999948199727754,0.999931920659748,0.100052108550344,0.0046252728285873,-0.0990665300455886,-0.00539356703359911,0.000985578504755516,-0.000768294205011813,0.00124965634255617,0.0633874120920355,0.0778052821826983,-0.0618646193544584,-0.0785051987456353,0.00152279273757715,-0.000699916562937025,0.0016759417999117,0.00169444419151046,4.87041500021324e-05,0.00626795663086104,0.00836678375128276
0.127732512719216,0.891037732206365,4.94346826218848e-06,90122.7321536299,0.416663081612425,0.0132428029534355,0.476342894147987,-0.00484912135562268,0.239782053648109,0.00256439012771731,-0.20757003385756,-0.0137846075203888,0.157034719402113,0.182566927213624,-0.128156791694578,-0.166849305494784,0.999945861487579,0.999929079299249,0.100067602587713,0.00479831592786884,-0.0990580494963797,-0.00558283157549593,0.00100955309133374,-0.000784515647627086,0.0012785391060086,0.0632870712022766,0.0779046791757829,-0.0617137450745218,-0.0786198901007977,0.00157332612775481,-0.000715210925014823,0.00172825975233369,0.00174698892534413,5.15431095049479e-05,0.00641200127570405,0.00862751084356426
0.128120475682179,0.891059212563715,5.19218205475408e-06,85807.7782295635,0.41629740683027,0.0134949009449638,0.476322819321112,-0.00494587433818264,0.240051409441476,0.00278205558823305,-0.207547565674368,-0.0142227606795879,0.157017313601619,0.182881934359485,-0.127812514903022,-0.167129419194483,0.999943468144165,0.999926189402828,0.100082728489058,0.00497142823459211,-0.0990491185781188,-0.0057721157746213,0.001033609910939,-0.000800687540029188,0.00130745936256134,0.0631869103862986,0.0780039670667045,-0.0615625940660319,-0.0787342668085667,0.00162431632026672,-0.000730299741862131,0.00178093829799033,0.00180015839906231,5.44778065835194e-05,0.00655620202639652,0.00889000279760101
0.128508438645142,0.891080641399482,5.4473082621955e-06,81790.9138338664,0.415933062649753,0.0137460019608362,0.476302389962484,-0.00504246040225165,0.24032080545595,0.0030002454529098,-0.207524144329753,-0.0146608817146148,0.156999070504087,0.183196774772266,-0.127467607884282,-0.167408803523339,0.999941019329131,0.999923251473417,0.100097486821959,0.00514460730020216,-0.0990397380517772,-0.00596141677796801,0.0010577487701815,-0.000816809477765846,0.0013364169198976,0.0630869216490291,0.0781031501743555,-0.061411168567408,-0.0788483277072016,0.00167575308162117,-0.000745177532846086,0.00183396781488156,0.00185395142029238,5.75090284640201e-05,0.00670055814514919,0.00915421073647205
0.128896401608105,0.891102018785356,5.70884169592967e-06,78045.7811100892,0.415570039138181,0.0139961265740747,0.476281609847076,-0.00513888695459053,0.240590240109234,0.00321896048073904,-0.207499769887347,-0.0150989684945818,0.156979989125766,0.183511445732102,-0.127122072242433,-0.167687457050664,0.99993851466533,0.999920266007809,0.100111878155337,0.00531785073420674,-0.0990299086816674,-0.00615073179368249,0.00108196947366969,-0.000832881059475752,0.00136541158673365,0.0629870971988499,0.0782022326241351,-0.0612594707813263,-0.0789620716712379,0.00172762641752361,-0.000759839047102723,0.00188733897750972,0.00190836678489794,6.0637533097152e-05,0.00684506889669389,0.00942008727488465
0.129284364571068,0.891123344793685,5.9767757383938e-06,74548.8356765052,0.415208326442559,0.0142452947307118,0.476260482703312,-0.00523516115976039,0.240859711816646,0.00343820142059118,-0.207474442416075,-0.0155370188881374,0.156960068517686,0.183825944508684,-0.126775909585556,-0.167965378349304,0.999935953767053,0.999917233496747,0.100125903059263,0.00549115620160355,-0.0990196312351735,-0.00634005808840374,0.00110627182408972,-0.000848901886800198,0.00139444317280688,0.062887429438738,0.0783012183572972,-0.0611075028762307,-0.0790754976098433,0.00177992656250729,-0.000774279252546042,0.00194104274266238,0.00196340327719603,6.38640497563348e-05,0.00698973354826006,0.00968758644824163
0.129672327534031,0.891144619497459,6.25110239968204e-06,71278.9970888004,0.414847914789507,0.0144935257779669,0.476239012213868,-0.00533128995140056,0.241129218991153,0.00365796901137449,-0.207448161990152,-0.0159750307635096,0.15693930776506,0.184140268361832,-0.12642912152571,-0.16824256599567,0.999933336240175,0.999914154425012,0.100139562104803,0.00566452142048266,-0.0990089064825233,-0.00652939298477993,0.00113065562227997,-0.000864871564297278,0.00142351148886243,0.0627879109580078,0.0784001111397087,-0.060955266987756,-0.0791886044653047,0.00183264397025175,-0.00078849332559601,0.00199507033615598,0.00201905967017787,6.71892796192397e-05,0.00713455136954208,0.0099566636464981
0.130060290496994,0.891165842970298,6.53181237158167e-06,68217.3485912994,0.414488794484956,0.0147408384905628,0.476217202016264,-0.00542728004284296,0.241398760043409,0.00387826398218628,-0.207420928689078,-0.0164130019885489,0.156917705986717,0.184454414542032,-0.126081709678895,-0.168519018569761,0.99993066168235,0.999911029271512,0.100152855863839,0.00583794415976525,-0.0989977351965397,-0.00671873385912744,0.00115512066729899,-0.000880789699362185,0.00145261634663933,0.062688534524574,0.0784989145699988,-0.0608027652200485,-0.079301391211573,0.00188576930452548,-0.000802476641574179,0.00204941324045755,0.00207533472572656,7.06138963341152e-05,0.00727952163266617,0.0102272755523999
0.130448253459957,0.891187015286439,6.81889507938451e-06,65346.8784100195,0.41413095591403,0.0149872510954809,0.476195055703687,-0.00552313793697151,0.24166833338178,0.00409908705245648,-0.207392742597639,-0.0168509304307703,0.156895262334541,0.184768380290954,-0.125733675665027,-0.168794734655189,0.999927929683147,0.999907858509381,0.100165784908943,0.00601142223710102,-0.0989861181524544,-0.00690807813925568,0.00117966675648876,-0.000896655902154657,0.00148175755885822,0.0625892930777216,0.0785976320872439,-0.0606499996470195,-0.079413856852947,0.00193929343070205,-0.000816224765703144,0.00210406318310817,0.00213222719484007,7.41385465726774e-05,0.00742464361216095,0.0104993800837155
0.13083621642292,0.891208136520728,7.11233873132155e-06,62652.2561837499,0.413774389540679,0.0152327812951459,0.476172576825583,-0.00561886993552932,0.241937937412383,0.00432043893208482,-0.207363603805902,-0.0172888139573931,0.156871975992958,0.185082162841964,-0.1253850211079,-0.169069712839206,0.999925139824224,0.999904642606042,0.100178349813231,0.00618495351688298,-0.098974056127692,-0.00709742330240975,0.00120429368553854,-0.000912469785526763,0.00151093493921057,0.0624901797213093,0.0786962669781303,-0.0604969723135064,-0.0795260004227984,0.00199320740780284,-0.000829733444668107,0.00215901212588557,0.00218973581783702,7.7763850576007e-05,0.00756991658493797,0.010772936339156
0.131224179385883,0.891229206748603,7.41213036604732e-06,60119.6392086578,0.413419085907415,0.0154774462892802,0.476149768888369,-0.0057144821478102,0.242207570539116,0.0045423203215712,-0.207333512409211,-0.0177266504353806,0.156847846178407,0.185395759420585,-0.12503574763516,-0.169343951712724,0.999922291679457,0.999901382023317,0.100190551150229,0.00635853590839073,-0.0989615499016921,-0.00728676687334755,0.0012290012485366,-0.000928230964956826,0.00154014830234273,0.062391187717389,0.0787948223837109,-0.0603436852363703,-0.079637820982398,0.00204750248101866,-0.000842998598687084,0.00221425225463721,0.00224785932458449,8.14904026746888e-05,0.00771533983024445,0.011047904547636
0.131612142348846,0.891250226046085,7.71825589804168e-06,57736.5040638402,0.413065035634911,0.0157212627954194,0.476126635356026,-0.00580998049887119,0.242477231163687,0.00476473191214027,-0.207302468508187,-0.0181644377314784,0.156822872138861,0.18570916724497,-0.124685856878275,-0.169617449870342,0.999919384815096,0.999898077217489,0.100202389493749,0.00653216736402925,-0.0989486002557224,-0.00747610642251997,0.00125378923802687,-0.000943939058490718,0.00156939746384921,0.0622923104802028,0.0788933013057321,-0.0601901404055243,-0.0797493176197897,0.00210217007467843,-0.0008560163140576,0.00226977596973937,0.00230659643470455,8.53187718119486e-05,0.00786091262966247,0.0113242460206569
0.132000105311809,0.891271194489764,8.03070016120436e-06,55491.499906535,0.41271222942174,0.015964247068304,0.476103179650847,-0.00590537073724706,0.242746917685645,0.00498767438586023,-0.207270472208722,-0.0186021737122509,0.156797053153338,0.186022383526329,-0.124335350472503,-0.169890205910363,0.999916418789888,0.999894728639397,0.100213865417793,0.00670584587768615,-0.0989352079727376,-0.00766543956436176,0.00127865744505526,-0.000959593686675606,0.0015986822402538,0.0621935415705436,0.0789917066126242,-0.0600363397849201,-0.0798604894487621,0.00215720178562352,-0.000868782836137963,0.00232557587712489,0.00236594585779554,8.92495020428097e-05,0.00800663426704473,0.01160192310752
