x_m,y_m,incident_real_pa,incident_imag_pa,reflected_real_pa,reflected_imag_pa,incident_abs_pa,reflected_abs_pa
0,0.02,-0.00433606168618341,0.00183302538333504,0.0329049541123477,-0.0230799319972341,0.00470759099777564,0.040192278687985
7.42e-05,0.02,-0.00431501042358629,0.00170437879153047,0.0337240561136924,-0.0218956660297216,0.00463942044017108,0.040208607929703
0.0001484,0.02,-0.00429436231565146,0.00158297565150519,0.0345135732187613,-0.0206910924147471,0.00457682855385098,0.0402406267550892
0.0002226,0.02,-0.00427411736237891,0.0014688159632592,0.0352735054275545,-0.0194662111523105,0.00451945788356457,0.0402883799844825
0.0002968,0.02,-0.00425427556376865,0.00136189972679249,0.0360038527400719,-0.0182210222424117,0.00446694878393703,0.0403519895877173
0.000371,0.02,-0.00423483691982068,0.00126222694210506,0.0367046151563135,-0.0169555256850509,0.00441894337945761,0.0404316537508608
0.0004452,0.02,-0.00421579960542464,0.00116979826448116,0.0373757680874471,-0.0156697106163687,0.00437508791828023,0.0405276186190031
0.0005194,0.02,-0.00419775190275103,0.00108477926614362,0.0380102141373661,-0.0143690878886299,0.00433565071163545,0.0406355394392593
0.0005936,0.02,-0.00418184281750832,0.00100712946229246,0.0386085990939817,-0.013062480774069,0.00430140896732262,0.0407584632680469
0.0006678,0.02,-0.00416807234969651,0.000936848852927683,0.0391709229572941,-0.0117498892726859,0.0042720619009486,0.0408952454846117
0.000742,0.02,-0.00415644049931561,0.000873937438049288,0.0396971857273032,-0.0104313133844807,0.00424732436599504,0.0410448395488794
0.0008162,0.02,-0.00414694726636561,0.000818395217657274,0.040187387404009,-0.00910675310945341,0.00422693060769887,0.0412062987728386
0.0008904,0.02,-0.00413959384696283,0.000770224842305748,0.0406415080265993,-0.00777620842440063,0.00421063932503337,0.0413787577403654
0.0009646,0.02,-0.00413593854998438,0.000728314357012592,0.0410589382424712,-0.00644113907168576,0.00419957491799796,0.0415610957764573
0.0010388,0.02,-0.00413731751640586,0.00069117353215367,0.0414421418253401,-0.00510297188220253,0.0041946533924877,0.0417551367031908
0.001113,0.02,-0.00414373074622728,0.00065880236772898,0.0417911187752062,-0.00376170685595092,0.00419577466708528,0.0419600768225405
0.0011872,0.02,-0.00415517823944863,0.000631200863738524,0.0421058690920693,-0.00241734399293095,0.00420284674143273,0.0421752031883504
0.0012614,0.02,-0.00417165999606991,0.0006083690201823,0.0423863927759296,-0.00106988329314262,0.00421578699503754,0.0423998931934541
0.0013356,0.02,-0.0041931731323605,0.000590307675063619,0.0426326082368668,0.000280671552380642,0.00423452052411946,0.0426335321267014
0.0014098,0.02,-0.00421993413621461,0.000576382590638805,0.0428399928682126,0.00162670467601069,0.00425911504948866,0.0428708660636972
0.001484,0.02,-0.00425244132166851,0.000565898907125277,0.0430123943355939,0.00296125486150968,0.00428992992568869,0.0431142099177921
0.0015582,0.02,-0.00429069468872221,0.000558856624523033,0.0431498126390105,0.0042843221088776,0.00432693675001176,0.0433619850412124
0.0016324,0.02,-0.00433469423737571,0.000555255742832074,0.0432522477784625,0.00559590641811446,0.00437011247812756,0.0436127401859802
0.0017066,0.02,-0.00438443996762901,0.0005550962620524,0.04331969975395,0.00689600778922027,0.00441943952214387,0.0438651491528453
0.0017808,0.02,-0.00443993635038873,0.000558379518050973,0.0433521309993337,0.00818460958459452,0.00447491033225047,0.0441179679522485
0.001855,0.02,-0.00450194981619001,0.000563225104708761,0.0433505554500325,0.0094604217000588,0.00453704470620111,0.0443708264129629
0.0019292,0.02,-0.0045708771971044,0.000567746274142246,0.0433187247252144,0.0107234523401754,0.00460600197381757,0.0446262741208687
0.0020034,0.02,-0.0046467184931319,0.000571943026351428,0.0432566388248795,0.0119737015049443,0.00468178508475197,0.0448832522234695
0.0020776,0.02,-0.00472947370427251,0.000575815361336308,0.0431642977490277,0.0132111691943655,0.00476439763766165,0.0451407974192844
0.0021518,0.02,-0.00481914283052622,0.000579363279096884,0.0430417014976592,0.0144358554084391,0.00485384377892183,0.0453980394861602
0.002226,0.02,-0.00491571952508028,0.000582582196265908,0.0428887226542368,0.0156477009349131,0.00495012125757152,0.0456540586964678
0.0023002,0.02,-0.00501853079476175,0.000584408451611731,0.0427037843730073,0.0168387422472495,0.00505244342633217,0.0459037737037557
0.0023744,0.02,-0.00512731576133007,0.000584111406712366,0.0424928516894279,0.0180049639133316,0.00516047992456469,0.0461499855928481
0.0024486,0.02,-0.00524207442478523,0.000581691061567811,0.0422559246034985,0.0191463659331595,0.00527424959269992,0.0463912329276018
0.0025228,0.02,-0.00536280678512724,0.000577147416178066,0.0419930031152192,0.0202629483067332,0.00539377379527616,0.0466261663094464
0.002597,0.02,-0.0054895128423561,0.000570480470543132,0.0417040872245899,0.0213547110340528,0.00551907593838531,0.0468535438850051
0.0026712,0.02,-0.00562219725203962,0.000561685546642385,0.0413891328171826,0.0224216104904291,0.00565018518228817,0.0470721672790079
0.0027454,0.02,-0.00576049924121055,0.000548669031640823,0.0410503209690435,0.023463471405214,0.0057865697277635,0.0472828017575607
0.0028196,0.02,-0.00590386129207043,0.000529714591042463,0.040691787517482,0.0244822220868154,0.00592757755781996,0.0474889541859584
0.0028938,0.02,-0.00605228340461927,0.000504822224847302,0.040313532462498,0.0254778625352334,0.00607330057617188,0.047689646454646
0.002968,0.02,-0.00620576557885707,0.000473991933055343,0.0399155558040916,0.0264503927504678,0.00622384083764429,0.0478839730160683
0.0030422,0.02,-0.00636430781478383,0.000437223715666584,0.0394978575422627,0.0273998127325189,0.00637930862545933,0.0480710982629478
0.0031164,0.02,-0.00652788988351888,0.000394504315619452,0.0390602946201777,0.0283259878681839,0.00653979969008154,0.0482500591141979
0.0031906,0.02,-0.00669478884423709,0.000344999818442801,0.0386037487209972,0.0292221773772996,0.006703672317741,0.0484167849612534
0.0032648,0.02,-0.00686424572490623,0.000288483018966833,0.0381348107930326,0.0300876546379121,0.00687030507504038,0.0485750013466873
0.003339,0.02,-0.0070362605255263,0.000224953917191546,0.0376534808362839,0.0309224196500213,0.00703985557010507,0.0487235123538977
0.0034132,0.02,-0.00721083324609729,0.000154412513116942,0.0371597588507511,0.0317264724136272,0.00721248634849517,0.0488611986105399
0.0034874,0.02,-0.00738796388661922,7.68588067430201e-05,0.0366536448364341,0.0324998129287299,0.00738836366634478,0.0489870137913906
0.0035616,0.02,-0.00756764984793861,-7.7188273982358e-06,0.0361351010807112,0.0332423708654735,0.00756765378445009,0.0490999058132589
0.0036358,0.02,-0.00774843470000528,-0.000100974921770397,0.0356065392646012,0.0339556469941134,0.00774909260720715,0.0492017438836311
0.00371,0.02,-0.00792909278986787,-0.000203999863647187,0.0350714519042262,0.0346434463561845,0.0079317166121025,0.0492968063276343
0.0037842,0.02,-0.00810962411752639,-0.000316793653028606,0.034529838999586,0.0353057689516867,0.00811580935866318,0.049384279913827
0.0038584,0.02,-0.00829002868298083,-0.000439356289914652,0.0339817005506807,0.0359426147806201,0.00830166305713093,0.0494633958557657
0.0039326,0.02,-0.0084703064862312,-0.000571687774305328,0.0334270365575103,0.0365539838429846,0.00848957707321045,0.0495334281855225
0.0040068,0.02,-0.00865040931628406,-0.000713803696377693,0.0328657192905185,0.0371396741150618,0.00867980973617605,0.0495934561999479
0.004081,0.02,-0.00882785857035956,-0.000865625588201666,0.0322999142042787,0.0376951316921834,0.00887019698750937,0.0496407837457751
0.0041552,0.02,-0.00900191116265806,-0.00102660854111182,0.0317354442882819,0.0382224469989325,0.00906026101594603,0.0496799142386623
0.0042294,0.02,-0.00917256709317954,-0.00119675255510816,0.031172309542528,0.038721620035309,0.00925030830605327,0.0497099259743366
0.0043036,0.02,-0.00933982636192402,-0.00137605763019068,0.0306105099670172,0.0391926508013129,0.00944065098774957,0.0497299426630929
0.0043778,0.02,-0.00950368896889149,-0.00156452376635939,0.0300500455617493,0.0396355392969443,0.0096316062332787,0.0497391316130753
0.004452,0.02,-0.00966413741084342,-0.00176216383850017,0.0294908923674166,0.0400501976464426,0.00982348071150858,0.0497366169350677
0.0045262,0.02,-0.00981901400580241,-0.00196966458907538,0.0289345638362279,0.0404397757088987,0.0100146200446947,0.0497250886754241
0.0046004,0.02,-0.00996689000908552,-0.00218728368712017,0.0283830398219756,0.0408094196021897,0.0102040730289993,0.0497092111967534
0.0046746,0.02,-0.0101077654206928,-0.00241502113263456,0.0278363203246596,0.0411591293263154,0.0103922687066311,0.0496883754626514
0.0047488,0.02,-0.0102416402406241,-0.00265287692561853,0.0272944053442801,0.0414889048812758,0.0105796479525951,0.0496619954426462
0.004823,0.02,-0.0103685144688796,-0.00290085106607209,0.0267572948808369,0.0417987462670711,0.0107666628626932,0.0496295075417744
0.0048972,0.02,-0.0104883032891744,-0.00315894293354641,0.0262248903058051,0.0420884123206278,0.0109536946435032,0.0495901131600109
0.0049714,0.02,-0.0105984572301391,-0.00342572960808644,0.0256992174705919,0.0423556228331383,0.0111383535141783,0.0495423915872442
0.0050456,0.02,-0.0106988058840549,-0.00369998824730097,0.0251844195297131,0.0426042157536429,0.0113205282727819,0.04949115261369
0.0051198,0.02,-0.0107893492509218,-0.00398171885119001,0.0246804964831688,0.0428341910821417,0.0115006148647926,0.04943576470853
0.005194,0.02,-0.0108700873307397,-0.00427092141975354,0.0241874483309589,0.0430455488186346,0.0116790225768947,0.0493756208048087
0.0052682,0.02,-0.0109410201235087,-0.00456759595299157,0.0237052750730835,0.0432382889631216,0.0118561736716703,0.049310137890184
0.0053424,0.02,-0.0110021127625362,-0.00487174500977277,0.023233963473382,0.0434123174870281,0.0120324720934565,0.0492386674096383
0.0054166,0.02,-0.0110511324383885,-0.00518286383985454,0.0227731512830578,0.043571803885782,0.0122061298433728,0.0491641995075897
0.0054908,0.02,-0.0110869206178374,-0.00550046317786456,0.022322815597136,0.0437223770626541,0.0123763849308783,0.0490912859089334
0.005565,0.02,-0.0111094773008829,-0.00582454302380283,0.0218829564156168,0.0438640370176445,0.0125437549136996,0.0490195626762731
0.0056392,0.02,-0.0111188024875249,-0.00615510337766934,0.0214535737385,0.043996783750753,0.0127087791052637,0.048948675227873
0.0057134,0.02,-0.0111148961777635,-0.0064921442394641,0.0210346675657858,0.0441206172619798,0.012872018251559,0.0488782784801309
0.0057876,0.02,-0.0110976432949612,-0.0068356226197461,0.0206261559511536,0.0442352871929518,0.0130339335314317,0.0488077754293743
0.0058618,0.02,-0.0110652842401586,-0.00718278308122719,0.0202287692430785,0.0443400120428709,0.0131921525198683,0.048736431681563
0.005936,0.02,-0.0110186032179386,-0.00753213926593406,0.0198447478863006,0.0444390816509437,0.013347012354673,0.0486687373644526
0.0060102,0.02,-0.0109576002283012,-0.00788369117386672,0.0194740918808198,0.0445324960171699,0.0134989477104021,0.0486043563490133
0.0060844,0.02,-0.0108822752712463,-0.00823743880502516,0.0191168012266363,0.0446202551415497,0.0136484179722675,0.0485429630125285
0.0061586,0.02,-0.010792628346774,-0.00859338215940938,0.0187728759237501,0.044702359024083,0.0137959067686486,0.0484842425202924
0.0062328,0.02,-0.0106886137896583,-0.00895150055958821,0.0184423007995799,0.044778712400983,0.013941873152944,0.0484277972147416
0.006307,0.02,-0.0105685698546005,-0.00931025618393913,0.0181223154164798,0.0448534432617116,0.0140845851547764,0.0483761272580388
0.0063812,0.02,-0.0104319305985827,-0.0096687351576846,0.0178108826655958,0.0449317301189185,0.0142235584704775,0.0483330933502807
0.0064554,0.02,-0.0102786960216047,-0.0100269374808246,0.0175080025469278,0.0450135729726038,0.0143593546912428,0.04829857042339
0.0065296,0.02,-0.0101088661236666,-0.0103848631533592,0.0172136750604759,0.0450989718227675,0.0144925690276159,0.0482724338371128
0.0066038,0.02,-0.00992244090476839,-0.0107425121752883,0.01692790020624,0.0451879266694096,0.0146238299137004,0.0482545595987815
0.006678,0.02,-0.00971930096093222,-0.0110997762100171,0.0166505795463693,0.0452801880462312,0.0147536382998107,0.0482445564673574
0.0067522,0.02,-0.00949922160835155,-0.0114530638523354,0.0163806873329087,0.0453751315224436,0.0148797810054532,0.0482413668771685
0.0068264,0.02,-0.00926399951421385,-0.0118012047191858,0.0161190098930644,0.045476382662031,0.0150030036933771,0.0482485632942182
0.0069006,0.02,-0.00901363467851912,-0.0121441988105683,0.0158655472268364,0.0455839414649934,0.0151237288678557,0.0482660471583382
0.0069748,0.02,-0.00874812710126737,-0.0124820461264828,0.0156202993342247,0.0456978079313309,0.0152424146146066,0.0482937200991971
0.007049,0.02,-0.00846747678245857,-0.0128147466669295,0.0153832662152294,0.0458179820610435,0.0153595538736988,0.0483314841443414
0.0071232,0.02,-0.00817164279239805,-0.0131422487136705,0.0151544151886084,0.0459443591366556,0.0154756081359837,0.0483791322388767
0.0071974,0.02,-0.00785998182314688,-0.0134624678903037,0.014928691784111,0.0460798369027027,0.0155890139507814,0.0484377663333546
0.0072716,0.02,-0.00753259568984052,-0.0137744950258837,0.0147024710051687,0.0462283844480285,0.0156995767791587,0.0485100626914927
0.0073458,0.02,-0.007189484392479,-0.0140783301204104,0.0144757528517813,0.0463900017726331,0.0158078482029957,0.0485960871376571
0.00742,0.02,-0.0068306479310623,-0.0143739731738838,0.014248537323949,0.0465646888765165,0.0159144228912536,0.0486959039965247
0.0074942,0.02,-0.00645608630559042,-0.0146614241863041,0.0140208244216716,0.0467524457596787,0.0160199378761584,0.0488095759249662
0.0075684,0.02,-0.00606571756021501,-0.0149405024004918,0.0137924645897973,0.0469529995967049,0.0161248733793292,0.0489368598358025
0.0076426,0.02,-0.00566121430486135,-0.0152076308712939,0.0135611131164651,0.0471644548115469,0.0162271804119846,0.049075346016386
0.0077168,0.02,-0.00524508694086903,-0.0154624911401347,0.0133270019393342,0.0473891538483211,0.0163278770596798,0.0492274403473395
0.007791,0.02,-0.00481733546823803,-0.0157050832070142,0.0130901310584047,0.0476270967070275,0.0164273053040596,0.0493932371065793
0.0078652,0.02,-0.00437795988696837,-0.0159354070719325,0.0128505004736767,0.047878283387666,0.0165258503962762,0.049572829075751
0.0079394,0.02,-0.00392696019706005,-0.0161534627348895,0.01260811018515,0.0481427138902368,0.0166239398073007,0.0497663073088418
0.0080136,0.02,-0.00346432012168889,-0.0163591701989688,0.0123629019617159,0.0484202516794518,0.0167219605161705,0.0499736142140675
0.0080878,0.02,-0.00299051279294646,-0.0165505465703604,0.0121082454972623,0.0487115927224786,0.0168185539967753,0.0501939127243793
0.008162,0.02,-0.00250612919565969,-0.0167270688014156,0.0118396333687161,0.049019090555923,0.0169137670030254,0.0504286442137342
0.0082362,0.02,-0.00201116932982863,-0.0168887368921345,0.0115570655760772,0.0493427451797848,0.0170080638488038,0.0506781241425422
0.0083104,0.02,-0.00150563319545328,-0.0170355508425169,0.0112605421193456,0.049682556594064,0.017101956725101,0.0509426760049365
0.0083846,0.02,-0.000989520792533595,-0.0171675106525629,0.0109500629985213,0.0500385247987608,0.0171960045767823,0.0512226301912327
0.0084588,0.02,-0.000462833156333723,-0.0172843808008758,0.01062541789391,0.0504102953798317,0.017290576456564,0.0515179326613763
0.008533,0.02,7.10279364990071e-05,-0.0173835428154225,0.0102841885017131,0.0507936996056333,0.0173836879223999,0.0518243615760588
0.0086072,0.02,0.000609403258907725,-0.0174658340596407,0.00992705973322736,0.051189818116974,0.0174764622201083,0.0521434942614699
0.0086814,0.02,0.00115229281089239,-0.0175312545335305,0.0095540315884529,0.0515986509138537,0.0175690826237874,0.0524757114837225
0.0087556,0.02,0.00169969659245301,-0.0175798042370917,0.00916510406738969,0.0520201979962725,0.0176617803610187,0.0528213984303471
0.0088298,0.02,0.00225161460358961,-0.0176114831703244,0.0087602771700377,0.0524544593642303,0.0177548333639525,0.0531809436103721
0.008904,0.02,0.00280802179830827,-0.0176261979780482,0.00833947659921902,0.0529012362998242,0.0178484688861853,0.053554529892426
0.0089782,0.02,0.00336761045212773,-0.0176226549265203,0.00789563481959116,0.0533585489573056,0.0179415374708103,0.0539395568765032
0.0090524,0.02,0.00392965418442789,-0.0176009230658204,0.0074241247906009,0.0538271445222301,0.0180342639100719,0.0543367197788333
0.0091266,0.02,0.00449415299520873,-0.0175610023959485,0.00692494651224823,0.0543070229945974,0.0181269472414649,0.054746759088856
0.0092008,0.02,0.00506110688447027,-0.0175028929169045,0.00639809998453314,0.0547981843744077,0.0182199358768536,0.055170433151677
0.009275,0.02,0.00563051585221249,-0.0174265946286885,0.00584358520745566,0.0553006286616609,0.0183136263234415,0.0556085157008503
0.0093492,0.02,0.00620226305703075,-0.0173318597197706,0.00526116940121587,0.0558138451270783,0.0184081891660862,0.0560612630194662
0.0094234,0.02,0.00677189086460048,-0.0172177634643483,0.00465005751246167,0.0563311998347391,0.0185016184318104,0.0565228016794153
0.0094976,0.02,0.00733724437136641,-0.0170862650433844,0.00401214620974952,0.0568531111050097,0.0185950425677902,0.0569945046432284
0.0095718,0.02,0.00789832357732854,-0.016937364456879,0.00334743549307943,0.0573795789378902,0.0186884410820521,0.0574771380939405
0.009646,0.02,0.00845512848248687,-0.0167710617048321,0.00265592536245138,0.0579106033333805,0.0187818451799243,0.0579714750370133
0.0097202,0.02,0.00900765908684141,-0.0165873567872436,0.00193761581786539,0.0584461842914807,0.0188753364847378,0.0584782935223949
0.0097944,0.02,0.00955584316648339,-0.0163861664403464,0.00119244849831632,0.0589860344128255,0.0189689374829789,0.0589980863178813
0.0098686,0.02,0.0100981001936542,-0.0161672121198709,0.000414161133083006,0.0595256515996468,0.0190617516312111,0.0595270923849527
0.0099428,0.02,0.0106339657314076,-0.0159311249070741,-0.000401388915104795,0.0600645383992999,0.0191541632023315,0.060065879550558
0.010017,0.02,0.0111634397797436,-0.0156779048019561,-0.00125420164624708,0.0606026948117847,0.0192462746186154,0.0606156715727853
0.0100912,0.02,0.011686522338662,-0.0154075518045169,-0.00214427706034385,0.0611401208371013,0.019338238207782,0.0611777108111023
0.0101654,0.02,0.0122032134081631,-0.0151200659147564,-0.00307161515739511,0.0616768164752497,0.0194302550356847,0.061753255057501
0.0102396,0.02,0.012713274742511,-0.0148152441106994,-0.00403637587414833,0.0622120535141022,0.0195222645391916,0.0623428579120249
0.0103138,0.02,0.0132121780596764,-0.0144941404895893,-0.00503609877226117,0.0627374848366085,0.0196122858844284,0.0629392905462689
0.010388,0.02,0.0136988112270952,-0.0141594724834807,-0.00606742705986665,0.0632538096906619,0.0197014743114833,0.0635441430149882
0.0104622,0.02,0.0141731742447674,-0.0138112400923734,-0.00713036073696479,0.0637610280762622,0.019789624075806,0.0641584814781424
0.0105364,0.02,0.0146352671126929,-0.0134494433162676,-0.00822489980355549,0.0642591399934095,0.0198765834332101,0.0647833778794463
0.0106106,0.02,0.0150850898308717,-0.0130740821551631,-0.00935104425963883,0.0647481454421039,0.0199622533649241,0.0654199080321698
0.0106848,0.02,0.0155225320029707,-0.0126851074424045,-0.01050878509515,0.0652276592227754,0.0200464697792054,0.066068767900261
0.010759,0.02,0.0159463860134021,-0.0122832079894434,-0.0117025765148375,0.0656913785661788,0.0201286965648636,0.0667256136353248
0.0108332,0.02,0.0163567524947121,-0.0118693319597525,-0.0129357795616461,0.0661381161065801,0.020209512446966,0.0673912812980653
0.0109074,0.02,0.0167536314469009,-0.0114434793533318,-0.0142083942355759,0.0665678718439793,0.0202888488182232,0.0680673198281672
0.0109816,0.02,0.0171370228699683,-0.0110056501701812,-0.0155204205366268,0.0669806457783765,0.0203666857518406,0.0687552933418372
0.0110558,0.02,0.0175069267639144,-0.0105558444103008,-0.0168718584647988,0.0673764379097715,0.0204430510426292,0.0694567778799557
0.01113,0.02,0.0178630111896835,-0.0100939577530345,-0.0182626538840871,0.0677542875031396,0.0205176790081823,0.0701724162470415
0.0112042,0.02,0.01820167579837,-0.0096227602334105,-0.0196860408321242,0.0681056728500441,0.0205887958943372,0.07089374357446
0.0112784,0.02,0.018523114410571,-0.0091451490113271,-0.0211375592196603,0.0684325352875931,0.0206576745522452,0.0716226800367895
0.0113526,0.02,0.0188273270262863,-0.0086611240867843,-0.0226172090466952,0.0687348748157868,0.0207239791884041,0.0723603562802436
0.0114268,0.02,0.019114313645516,-0.00817068545978213,-0.0241249903132291,0.0690126914346251,0.0207874261759809,0.0731079115873527
0.011501,0.02,0.0193840742682602,-0.0076738331303206,-0.0256609030192618,0.069265985144108,0.0208477828593218,0.0738664920092172
0.0115752,0.02,0.0196364824251011,-0.00717056720844331,-0.0272248112610413,0.0694942910551891,0.0209047476933377,0.0746367659901114
0.0116494,0.02,0.0198712077354169,-0.00666213691904734,-0.0288188640881531,0.0696905655925916,0.0209582672278084,0.075414201977789
0.0117236,0.02,0.020089026194185,-0.00614943779462581,-0.0304456922481569,0.0698534783931495,0.021009154162427,0.0762000565622604
0.0117978,0.02,0.0202899378014054,-0.00563246983517874,-0.0321052957410527,0.0699830294568627,0.0210572147357883,0.0769959377277826
0.011872,0.02,0.020473942557078,-0.00511123304070611,-0.0337976745668407,0.0700792187837314,0.0211022990933911,0.0778034685053576
0.0119462,0.02,0.0206410404612029,-0.00458572741120793,-0.0355228287255208,0.0701420463737554,0.0211443005845765,0.0786242839723246
0.0120204,0.02,0.0207908609808763,-0.0040559790496654,-0.0372803331847472,0.0701703731039846,0.0211827964720773,0.0794588226940103
0.0120946,0.02,0.0209214385826197,-0.00352574349042041,-0.0390590092366336,0.0701574280674474,0.0212164431403233,0.080297390465609
0.0121688,0.02,0.021034192586658,-0.00299748270851829,-0.0408541640555575,0.0701070588017536,0.0212466976342321,0.0811422357007184
0.012243,0.02,0.0211291229929912,-0.00247119670395905,-0.0426657976415191,0.0700192653069032,0.0212731439049946,0.0819943156719145
0.0123172,0.02,0.0212062298016193,-0.00194688547674269,-0.0444939099945184,0.0698940475828963,0.0212954113709653,0.0828546070784267
0.0123914,0.02,0.0212655130125424,-0.00142454902686921,-0.0463385011145553,0.0697314056297328,0.0213131739451581,0.0837241041555057
0.0124656,0.02,0.0213068576854375,-0.000904236309345654,-0.0481992570585813,0.0695308419969439,0.0213260363811615,0.0846032290743278
0.0125398,0.02,0.021330995532665,-0.000387127466797459,-0.0500761377405088,0.0692856436594462,0.0213345081520555,0.0854875428838036
0.012614,0.02,0.0213392649493026,0.000126304709017709,-0.0519713741901797,0.0689946975981948,0.0213396387377119,0.0863787707245364
0.0126882,0.02,0.0213316659353503,0.000636060218099855,-0.0538849664075941,0.06865800381319,0.0213411467400051,0.0872783540882821
0.0127624,0.02,0.021308198490808,0.00114213906044898,-0.0558169143927518,0.0682755623044316,0.0213387863890399,0.088187756181423
0.0128366,0.02,0.0212688626156757,0.00164454123606507,-0.057767218145653,0.0678473730719197,0.0213323471010953,0.0891084593349459
0.0129108,0.02,0.0212133134421946,0.00214311197839273,-0.0597349495091133,0.0673722473241246,0.0213212944294836,0.0900404570310443
0.012985,0.02,0.0211414284391328,0.00263407153706953,-0.0617054497052735,0.0668469630677389,0.0213048897981044,0.090972957491277
0.0130592,0.02,0.021055466408074,0.00311586703160859,-0.063674933587156,0.0662774245749905,0.0212847666893532,0.0919086186144819
0.0131334,0.02,0.0209554273490185,0.00358849846200993,-0.0656434011547608,0.0656636318458793,0.0212604622854688,0.0928480945542558
0.0132076,0.02,0.0208413112619662,0.00405196582827356,-0.067610852408088,0.0650055848804052,0.0212315492178893,0.0937920755127629
0.0132818,0.02,0.020713118146917,0.00450626913039944,-0.0695772873471374,0.0643032836785684,0.0211976348879712,0.0947412856490377
0.013356,0.02,0.0205707667717001,0.00495132703267642,-0.0715421871165976,0.0635562667941181,0.0211582628058211,0.0956957866691705
0.0134302,0.02,0.0204158532474828,0.00538667346174908,-0.0735039756353739,0.0627589095337072,0.021114528524366,0.09665151400814
0.0135044,0.02,0.020249974473744,0.00581250975049109,-0.0754649331251043,0.0619103895184201,0.0210676703929703,0.09761071899079
0.0135786,0.02,0.0200731304504835,0.00622883589890248,-0.0774250595857891,0.0610107067482568,0.0210173490892069,0.098574571720017
0.0136528,0.02,0.0198853211777015,0.00663565190698326,-0.0793843550174281,0.0600598612232172,0.020963250572633,0.0995442753335679
0.013727,0.02,0.019686546655398,0.0070329577747334,-0.0813428194200214,0.0590578529433014,0.0209050858471412,0.100521063789988
0.0138012,0.02,0.0194765328305836,0.00742049128121566,-0.0832989473711937,0.0580036425981036,0.020842241289156,0.101504370289153
0.0138754,0.02,0.0192567049526913,0.00779533450401843,-0.0852364124167267,0.0568987471609231,0.0207746943579092,0.102482746987759
0.0139496,0.02,0.0190295639008061,0.00815705751248424,-0.0871533991297478,0.0557507046257451,0.0207041515043925,0.103459441551442
0.0140238,0.02,0.0187951096749279,0.00850566030661312,-0.0890499075102573,0.0545595149925696,0.0206301334204135,0.104434796422504
0.014098,0.02,0.0185533422750569,0.00884114288640506,-0.0909259375582551,0.0533251782613965,0.0205521852150385,0.105409206227243
0.0141722,0.02,0.0183042617011931,0.00916350525186004,-0.0927814892737411,0.052047694432226,0.020469876035937,0.106383115425164
0.0142464,0.02,0.018047829198045,0.00947266197926748,-0.0946158468933145,0.0507267102838013,0.020382724639637,0.107356218355323
0.0143206,0.02,0.0177859932153481,0.00976932246152955,-0.096426850910014,0.0493579057895243,0.0202923930578371,0.108325160698471
0.0143948,0.02,0.0175202061639519,0.0100543884671689,-0.098217214776831,0.0479405668433165,0.0202002067186481,0.109292814163497
0.014469,0.02,0.0172504680438563,0.0103278599961855,-0.0999869384937653,0.0464746934451779,0.0201058036355903,0.110260078905192
0.0145432,0.02,0.0169767788550614,0.0105897370485794,-0.101736022060817,0.0449602855951085,0.0200088368240564,0.111227898773432
0.0146174,0.02,0.0166991385975672,0.0108400196243505,-0.103464465477986,0.0433973432931083,0.0199089742417098,0.112197259420831
0.0146916,0.02,0.016417372219216,0.0110784082692255,-0.105170209787951,0.041785162125634,0.0198055860898871,0.113167012864647
0.0147658,0.02,0.0161336891763845,0.0113034502778821,-0.10683741026544,0.0401302138091297,0.0196993379235125,0.114125660097072
0.01484,0.02,0.0158502795745911,0.0115156481639777,-0.108467014710068,0.0384408971623848,0.0195918737038911,0.115077347270273
0.0149142,0.02,0.0155671434138358,0.0117150019275123,-0.110059023121835,0.0367172121853993,0.0194827417020436,0.116022162715579
0.0149884,0.02,0.0152842806941187,0.0119015115684859,-0.111613435500742,0.0349591588781731,0.0193715052061375,0.116960257240431
0.0150626,0.02,0.0150016914154398,0.0120751770868985,-0.113130251846789,0.0331667372407065,0.0192577425209716,0.117891841711426
0.0151368,0.02,0.0147193772885625,0.0122359046683965,-0.1146086084677,0.0313397955620584,0.0191409882403479,0.118816311678044
0.015211,0.02,0.0144389890162908,0.012385609555476,-0.116046700296937,0.029475059099237,0.0190233469156525,0.119731431790949
0.0152852,0.02,0.014161497692552,0.0125258053007813,-0.117447882312477,0.0275714461799055,0.0189061845788418,0.120640746450513
0.0153594,0.02,0.0138869033173462,0.0126564919043124,-0.118812154514321,0.0256289568040639,0.0187891689829339,0.12154493608209
0.0154336,0.02,0.0136152058906733,0.0127776693660693,-0.120139516902467,0.0236475909717123,0.0186719754143479,0.122444730716857
0.0155078,0.02,0.0133464054125335,0.0128893376860519,-0.121429969476916,0.0216273486828506,0.0185542869283835,0.123340908453823
0.015582,0.02,0.0130803685161344,0.0129908435771388,-0.122680943651019,0.0195683997987408,0.0184352395526493,0.124231784201097
0.0156562,0.02,0.0128181080385861,0.0130843203147855,-0.123877998422556,0.0174794418454587,0.0183167500334741,0.125105113326385
0.0157304,0.02,0.0125622183339678,0.0131686474426685,-0.125026283949287,0.0153708458969961,0.0181995221074505,0.125967593379238
0.0158046,0.02,0.0123127093560714,0.0132442953769761,-0.126125810185006,0.0132421415371649,0.0180835331647242,0.126819061293302
0.0158788,0.02,0.0120695811048968,0.0133112641177082,-0.12717657712971,0.0110933287659652,0.0179684317751736,0.127659483445371
0.015953,0.02,0.011832833580444,0.0133695536648648,-0.128178584783401,0.00892440758339669,0.0178538767706115,0.128488889199768
0.0160272,0.02,0.0116028933299322,0.013418583206422,-0.129131309614249,0.00673595561709586,0.0177393773536011,0.129306876154234
0.0161014,0.02,0.0113806632240248,0.0134612729100714,-0.130034044247253,0.00452491278860083,0.0176274037730488,0.130112749179475
0.0161756,0.02,0.0111657525271326,0.0134999938364526,-0.130889968785133,0.00228883578741235,0.0175192426514797,0.130909979366872
0.0162498,0.02,0.0109581612392556,0.0135347459855654,-0.131699083227887,2.77246135301085e-05,0.0174146675718862,0.131699086146108
0.016324,0.02,0.0107581250882925,0.0135649880397623,-0.132461623303414,-0.00225787941539781,0.017313178677939,0.132480865288653
0.0163982,0.02,0.0105666291408623,0.0135875303168299,-0.133178574078334,-0.00456478661715824,0.0172126299998371,0.133256781705092
0.0164724,0.02,0.0103809039110468,0.0136077160071181,-0.133844416716455,-0.0068981248070396,0.0171152885146808,0.134022057930856
0.0165466,0.02,0.0102011596880106,0.0136295389098859,-0.13444877345484,-0.00924705815551377,0.0170243352256817,0.134766393318373
0.0166208,0.02,0.010029395803072,0.0136498705553453,-0.134999774074186,-0.0116004336477753,0.0169383513469393,0.135497265879787
0.016695,0.02,0.00986611046907495,0.0136670179359483,-0.135497916787337,-0.0139565582762763,0.0168560824348223,0.136214797186749
0.0167692,0.02,0.00971197414366621,0.0136822140491557,-0.13594387205194,-0.0163166650384774,0.0167787193508371,0.136919574591993
0.0168434,0.02,0.00956698682684573,0.0136954588949675,-0.136337639867996,-0.0186807539343785,0.0167060716893225,0.13761149157077
0.0169176,0.02,0.00943358311654886,0.013704920129564,-0.136680708822204,-0.0210467725788367,0.0166378281688015,0.138291658461837
0.0169918,0.02,0.00930992878175791,0.0137150462739261,-0.136971767994977,-0.0234195468954859,0.016576406975498,0.138959491955245
0.017066,0.02,0.00919398348140642,0.0137281807386246,-0.137213264991403,-0.0258026199398235,0.0165224779814868,0.13961824839669
0.0171402,0.02,0.00908578451809904,0.0137435948623515,-0.137405237114085,-0.0281952630505421,0.0164753719244751,0.140268214663434
0.0172144,0.02,0.00898642632404985,0.0137598480514842,-0.137548778795239,-0.0305960356340186,0.0164343930973283,0.140910552992243
0.0172886,0.02,0.00889596381593799,0.0137769114625421,-0.137643944951543,-0.0330049088467723,0.0163994347970045,0.141545680223054
0.0173628,0.02,0.00881140744825852,0.0137979952760472,-0.137685032310071,-0.0354241166544971,0.0163714866416293,0.142169040803463
0.017437,0.02,0.00873264653588058,0.0138255717241081,-0.137667194653354,-0.0378398395778217,0.016352539528131,0.142772931408582
0.0175112,0.02,0.00866080606143694,0.0138588913921946,-0.137600265012854,-0.0402457109608744,0.016342534450154,0.14336509401648
0.0175854,0.02,0.00859588602492758,0.0138979542803066,-0.137484243388573,-0.0426417308036558,0.0163414316915942,0.143945247875919
0.0176596,0.02,0.00853682034491874,0.0139428531759838,-0.137318063699076,-0.0450279918937051,0.0163487142090276,0.144512181742727
0.0177338,0.02,0.00848304696369642,0.0139931199818405,-0.137101163886649,-0.0474040261336366,0.0163636637894594,0.14506505724244
0.017808,0.02,0.00844354795681593,0.0140458447097533,-0.136841637170042,-0.0497665367225571,0.0163883878313138,0.145610239477638
0.0178822,0.02,0.0084086426544478,0.0141067604689998,-0.136531859090207,-0.0521232201182994,0.0164227270031483,0.14614300743494
0.0179564,0.02,0.00837738972860271,0.0141757612461196,-0.136175676356334,-0.0544766860444752,0.0164661126429976,0.146668074758937
0.0180306,0.02,0.00835211634039518,0.0142518401249173,-0.135775416129537,-0.056825927584889,0.0165188617740357,0.147187464381421
0.0181048,0.02,0.00833282248982523,0.0143349971053928,-0.135331078409817,-0.059170944739541,0.016580955119008,0.147701392968834
0.018179,0.02,0.00831950817689285,0.0144252321875462,-0.134842663197173,-0.061511737508431,0.0166523734035124,0.148210113249442
0.0182532,0.02,0.00830948971147647,0.0145240301066348,-0.134305007912657,-0.0638480957778064,0.0167330532122374,0.148709160729495
0.0183274,0.02,0.00830129858122726,0.0146335375515686,-0.133717453353409,-0.0661667767125598,0.0168241486978645,0.149192492008984
0.0184016,0.02,0.00829519177260099,0.0147537514618317,-0.133090113488615,-0.0684652580451572,0.016925820179292,0.149667865180213
0.0184758,0.02,0.00829116928559765,0.014884671837424,-0.132422988318275,-0.0707435397755985,0.0170381027062945,0.150134926832912
0.01855,0.02,0.00828923112021725,0.0150262986783456,-0.13171607784239,-0.0730016219038839,0.0171610315696705,0.150593366264189
0.0186242,0.02,0.00828826336875913,0.015178728119398,-0.130968268153257,-0.0752396005648149,0.0172941925799535,0.151041996663896
0.0186984,0.02,0.00829076456808665,0.0153405827692417,-0.130181233414939,-0.0774556364107111,0.0174376104103571,0.151481118114513
0.0187726,0.02,0.00829219685937894,0.0155128446841677,-0.129352809551776,-0.0796551294746036,0.0175900221418225,0.151911451150181
0.0188468,0.02,0.00829372711171643,0.0156954194987123,-0.128488340030792,-0.0818420614246466,0.0177519605295916,0.152339674878556
0.018921,0.02,0.00829535532509911,0.0158883072128755,-0.127587824851988,-0.08401643226084,0.0179234825315942,0.152765879502924
0.0189952,0.02,0.008297081499527,0.0160915078266571,-0.126651264015362,-0.086178241983184,0.018104645413406,0.153190182675004
0.0190694,0.02,0.00829890563500009,0.0163050213400573,-0.125678657520915,-0.0883274905916783,0.0182955064329567,0.153612729129075
0.0191436,0.02,0.00829854751232635,0.0165291432315708,-0.124665635773541,-0.0904620781084863,0.0184953633861063,0.154028920396551
0.0192178,0.02,0.00829347049975863,0.0167652663807423,-0.123614881272733,-0.0925707952447466,0.0187044328902968,0.154434422990202
0.019292,0.02,0.00828371408827945,0.0170134681265392,-0.122535618295302,-0.0946542248361738,0.0189229494738301,0.15483668825685
0.0193662,0.02,0.00826927827788879,0.0172737484689615,-0.121427846841248,-0.0967123668827679,0.0191510665344287,0.155235317813212
0.0194404,0.02,0.00825016306858667,0.0175461074080092,-0.120291566910572,-0.0987452213845289,0.0193889421019216,0.155629945113658
0.0195146,0.02,0.00822636846037307,0.0178305449436823,-0.119126778503274,-0.100752788341457,0.0196367377900327,0.156020234954144
0.0195888,0.02,0.00819653981233846,0.0181254157264149,-0.117931556948722,-0.102733249465124,0.0198925604221935,0.156403237402597
0.019663,0.02,0.00816009133621963,0.018429715954531,-0.116706597285112,-0.104692817249394,0.0201554340260919,0.156783340420736
0.0197372,0.02,0.0081170826313814,0.0187435265801576,-0.115454098644054,-0.106635692753061,0.0204256412165138,0.157164944763888
0.0198114,0.02,0.00806751369782378,0.0190668476032945,-0.114174061025547,-0.108561875976124,0.0207033681992045,0.157548078777625
0.0198856,0.02,0.00801138453554676,0.0193996790239419,-0.112866484429592,-0.110471366918584,0.020988802452936,0.157932790187332
0.0199598,0.02,0.00794869514455035,0.0197420208420998,-0.111531368856188,-0.112364165580441,0.021282131975695,0.158319145859002
0.020034,0.02,0.0078774164949519,0.020093247756323,-0.110168263486834,-0.114233900511059,0.0215822217584734,0.158702332388894
0.0201082,0.02,0.00779493661269167,0.0204537890932508,-0.108782715763051,-0.116075274539828,0.0218887762350266,0.159082207076345
0.0201824,0.02,0.00770125434803639,0.0208237248682194,-0.107376832832745,-0.117891588195307,0.0222021808820766,0.159462255083776
0.0202566,0.02,0.00759636970098605,0.0212030550812287,-0.105950614695916,-0.119682841477497,0.0225227524386269,0.159842157450937
0.0203308,0.02,0.00748028267154067,0.0215917797322788,-0.104504061352564,-0.121449034386396,0.0228508113828239,0.1602216177442
0.020405,0.02,0.00735299325970023,0.0219898988213697,-0.10303717280269,-0.123190166922006,0.0231866806604842,0.160600361784907
0.0204792,0.02,0.00721339228356616,0.0223946991167428,-0.101543716259716,-0.124916265738412,0.0235277618307831,0.160981985817865
0.0205534,0.02,0.00706192500327099,0.0228043479975646,-0.100034700361954,-0.126620153639493,0.0238727684265117,0.161367916836633
0.0206276,0.02,0.00689870132527219,0.023218940417504,-0.0985113845557162,-0.128299821159896,0.0242221236494018,0.161757030749039
0.0207018,0.02,0.00672372124956976,0.0236384763765609,-0.0969717231164643,-0.129950151070725,0.0245761264817535,0.162143630301904
0.020776,0.02,0.00653698477616373,0.0240629558747355,-0.0954121072956789,-0.13158105773145,0.0249350760053637,0.162533211905534
0.0208502,0.02,0.00633849190505408,0.0244923789120276,-0.0938325370933594,-0.133192541142072,0.0252992708274521,0.162925743924216
0.0209244,0.02,0.00612657862476324,0.0249253347982252,-0.0922313704937081,-0.134783097700257,0.025667241387594,0.163319040925498
0.0209986,0.02,0.00589921492606369,0.0253616026829306,-0.0906128653657461,-0.13635220385441,0.0260386564052512,0.16371504166003
0.0210728,0.02,0.00565640250576211,0.0258012682824719,-0.0889818803522081,-0.137901327011914,0.0264140177612435,0.164117491519526
0.021147,0.02,0.0053981413638585,0.0262443315968491,-0.0873392589962696,-0.139428313001603,0.0267937468665652,0.164524772081563
0.0212212,0.02,0.00512443150035289,0.026690792626062,-0.0856818708395407,-0.140932557986283,0.0271782672223461,0.164934438159897
0.0212954,0.02,0.00483527291524524,0.0271406513701107,-0.0840068166575012,-0.142417694598434,0.0275680035722357,0.165347951241193
0.0213696,0.02,0.00453043810670464,0.0275902074118889,-0.0823138689483201,-0.143880022420948,0.0279596926748084,0.16576197957642
0.0214438,0.02,0.00421169198704234,0.0280376177538371,-0.0806052916517152,-0.145319585849591,0.0283521843727074,0.166177600998916
0.021518,0.02,0.00387914186588696,0.0284830231499213,-0.078887638333647,-0.14673991314354,0.0287459623142908,0.166600905133297
0.0215922,0.02,0.00353278774323853,0.0289264236001415,-0.0771616376188107,-0.148141053650974,0.0291413550051057,0.167032003211473
0.0216664,0.02,0.00317262961909707,0.0293678191044978,-0.0754241619100741,-0.149523318378267,0.0295386928900803,0.167469480618666
0.0217406,0.02,0.00279866749346252,0.0298072096629902,-0.0736719617133982,-0.150884777040619,0.0299383080288854,0.167910017227376
0.0218148,0.02,0.00240989255823221,0.0302426626745477,-0.0719047508907333,-0.152222937126065,0.030338527119633,0.168351168062311
0.021889,0.02,0.00200502575977463,0.0306738533024463,-0.0701255648247772,-0.153533200104779,0.0307393136669861,0.168789923799995
0.0219632,0.02,0.00158406405621166,0.0311008800355081,-0.0683354016074237,-0.154827013416573,0.0311411945486561,0.169236908493223
0.0220374,0.02,0.00114700744754335,0.0315237428737329,-0.066534115974255,-0.15610497262514,0.0315446031969645,0.16969251918329
0.0221116,0.02,0.000693855933769714,0.0319424418171208,-0.064721707925271,-0.157367077730478,0.031949976921697,0.170156682590471
0.0221858,0.02,0.000224609514890676,0.0323569768656718,-0.0628858091894142,-0.158620452012824,0.0323577564321106,0.170631394515077
0.02226,0.02,-0.000259655400815947,0.0327631231942281,-0.0610330284603113,-0.159850258178506,0.0327641520929101,0.171105627034215
0.0223342,0.02,-0.000755998240647135,0.0331598601390114,-0.0591786387087699,-0.161042792397971,0.0331684768685367,0.171571828289958
0.0224084,0.02,-0.00126434344016837,0.0335473705644922,-0.0573161400004122,-0.162216740426402,0.0335711875888544,0.172044792943912
0.0224826,0.02,-0.00178469099937957,0.0339256544706705,-0.0554442919982564,-0.163374069889083,0.0339725647137009,0.172525813220257
0.0225568,0.02,-0.00231704091828075,0.0342947118575464,-0.0535630947023025,-0.164514780786015,0.0343728954266166,0.173014791885429
0.022631,0.02,-0.00286139319687197,0.0346545427251198,-0.0516725481125504,-0.165638873117197,0.0347724733447918,0.173511637984254
0.0227052,0.02,-0.00341798207587779,0.0350030901690011,-0.0497478850348298,-0.166758717599726,0.0351695738224142,0.17402103884572
0.0227794,0.02,-0.00398751412313174,0.0353404732533184,-0.0478281920776226,-0.1678358073203,0.0355647201401991,0.174517604201612
0.0228536,0.02,-0.0045700075084296,0.0356667989489051,-0.0458972618027865,-0.168894257540488,0.0359583858910369,0.175019509972878
0.0229278,0.02,-0.00516546223177131,0.0359820672557613,-0.0439523242038453,-0.169937032751084,0.0363509444728193,0.175528920418155
0.023002,0.02,-0.00577387829315686,0.036286278173887,-0.0419933792807991,-0.170964132952089,0.0367427768990981,0.176045956100901
0.0230762,0.02,-0.00639525569258633,0.0365794317032822,-0.0400204270336475,-0.171975558143501,0.0371342714902103,0.1765707427031
0.0231504,0.02,-0.00702709103946692,0.036857414294352,-0.0380302973296552,-0.172970579056693,0.0375213139021338,0.177102017871592
0.0232246,0.02,-0.00766582359782903,0.0371206693109915,-0.0360290088829438,-0.173940606074846,0.0379039436144713,0.177632834585197
0.0232988,0.02,-0.00831142804960473,0.0373693988450478,-0.0340237313756183,-0.17488627993393,0.0382825261217701,0.178165162716647
0.023373,0.02,-0.008963904394794,0.0376036028965208,-0.0320062158346339,-0.175813876011761,0.0386572442473366,0.17870343267641
0.0234472,0.02,-0.00962325263339685,0.0378232814654107,-0.0299764622599906,-0.176723394308341,0.0390282924563432,0.179247723515491
0.0235214,0.02,-0.0102894727654133,0.0380284345517173,-0.0279361633208542,-0.177612577689263,0.0393958764878309,0.179796153948058
0.0235956,0.02,-0.0109621377753216,0.0382172883986131,-0.0258866204860964,-0.178480746892033,0.0397583902736001,0.180348257910436
0.0236698,0.02,-0.011641823071921,0.0383907764380693,-0.0238175158868272,-0.179335131771052,0.0401171255196048,0.18090982159728
0.023744,0.02,-0.0123285662666415,0.0385490034544601,-0.0217405380653316,-0.180165421503868,0.0404724500558459,0.181472394873261
0.0238182,0.02,-0.0130223673594829,0.0386919694477853,-0.0196490478488465,-0.180975529087964,0.0408246316749298,0.18203908154579
0.0238924,0.02,-0.0137232263504454,0.038819674418045,-0.0175430452373718,-0.181765454523338,0.0411739488437601,0.182610073364741
0.0239666,0.02,-0.0144311432395289,0.0389321183652392,-0.0154225302309076,-0.182535197809991,0.0415206904519276,0.183185569514238
0.0240408,0.02,-0.0151423969042421,0.0390259237118264,-0.0132912239519451,-0.183281381370381,0.0418606605963988,0.183762676817617
0.024115,0.02,-0.0158536013476203,0.0391032423443618,-0.0111451904303598,-0.184009809059252,0.0421947892224995,0.184347023571718
0.0241892,0.02,-0.0165647829577728,0.0391642651043941,-0.0089796083728201,-0.184727415282666,0.0425233076747962,0.184945536100614
0.0242634,0.02,-0.0172759417346994,0.0392089919919234,-0.00681767254988348,-0.185415253165694,0.042846274235264,0.185540552886683
0.0243376,0.02,-0.0179870776784004,0.0392374230069496,-0.00464436887322538,-0.186079871618994,0.0431637617410149,0.186137822013614
0.0244118,0.02,-0.0186981907888755,0.0392495581494727,-0.00245969734284577,-0.186721270642565,0.0434758571359556,0.186737470855189
0.024486,0.02,-0.0194085034284692,0.0392441965493377,-0.000264435596400298,-0.187338249366254,0.043781239910902,0.187338435996987
0.0245602,0.02,-0.0201190173985555,0.0392231673588922,0.00194241816748492,-0.187932636942406,0.0440821020227829,0.187942674814592
0.0246344,0.02,-0.0208297861759505,0.0391865612235286,0.00418377367136243,-0.188515221120117,0.0443786724977344,0.188561641263805
0.0247086,0.02,-0.0215408097606543,0.0391343781432469,0.00643091325872188,-0.189079264769193,0.0446710872690977,0.189188596408451
0.0247828,0.02,-0.022252088152667,0.0390666181180471,0.00868256514758216,-0.189614095849528,0.0449594937508797,0.189812782189124
0.024857,0.02,-0.0229636213519884,0.0389832811479294,0.0109484111650688,-0.190123068981852,0.0452440505995651,0.190438045217119
0.0249312,0.02,-0.0236709499301651,0.0388821514774448,0.0132239918827283,-0.190603968410717,0.0455207158787222,0.191062154115429
0.0250054,0.02,-0.0243716443753706,0.0387668640225946,0.0155068777887341,-0.191060429052124,0.0457913397456973,0.191688682003754
0.0250796,0.02,-0.0250657676039227,0.0386375722964226,0.0178081731948202,-0.191495321093993,0.0460559952507287,0.192321577139509
0.0251538,0.02,-0.0257533196158214,0.0384942762989288,0.0201305343425814,-0.191916179889011,0.0463146065406252,0.192969061033393
0.025228,0.02,-0.0264343004110666,0.0383369760301132,0.0224524338095197,-0.192315206598894,0.0465671125297242,0.193621410162064
0.0253022,0.02,-0.0271087099896584,0.0381656714899759,0.0247769992314104,-0.192684153811139,0.0468134664128193,0.194270643229563
0.0253764,0.02,-0.0277758296523628,0.0379798125717556,0.0271086444884468,-0.193023898223694,0.0470527669309974,0.194918197948452
0.0254506,0.02,-0.0284375870135512,0.0377818998824289,0.0294492971950003,-0.193336940443536,0.0472881413663001,0.195566954379687
0.0255248,0.02,-0.0290940415336863,0.0375720014211433,0.0317998377914904,-0.193623508594009,0.0475196648089425,0.196217462943081
0.025599,0.02,-0.0297451932127679,0.0373501171878986,0.0341778761436725,-0.193891388805037,0.0477473326293172,0.196880669113142
0.0256732,0.02,-0.0303910420507961,0.037116247182695,0.0365709523672537,-0.194142080492021,0.0479711500994105,0.197556528555293
0.0257474,0.02,-0.031031588047771,0.0368703914055325,0.038972293176945,-0.194368191223332,0.0481911321631245,0.19823681140217
0.0258216,0.02,-0.0316622312682509,0.0366115900556235,0.0413741549044173,-0.194560334835579,0.0484035682081935,0.198910896095179
0.0258958,0.02,-0.0322820274653941,0.0363443436839557,0.0437774389772335,-0.194724091694855,0.0486111161679502,0.199584408333396
0.02597,0.02,-0.0328910513087976,0.0360687554476568,0.0461822200649908,-0.19485956495829,0.0488136904540194,0.200257453059468
0.0260442,0.02,-0.0334893027984614,0.0357848253467268,0.0485905330381245,-0.194966194689497,0.0490110918774799,0.200929980273308
0.0261184,0.02,-0.0340767819343856,0.0354925533811659,0.0510116410001979,-0.195047977745467,0.0492031341737351,0.201608286387562
0.0261926,0.02,-0.0346534887165702,0.0351919395509738,0.0534415781202918,-0.195110097271273,0.0493896435458777,0.202296693816763
0.0262668,0.02,-0.0352191402236957,0.0348829200879204,0.0558799031068593,-0.195152389181419,0.0495702123452844,0.202995119582832
0.026341,0.02,-0.0357768860706413,0.0345682152962158,0.0583155813063375,-0.195164423880663,0.0497488400435344,0.203690597160908
0.0264152,0.02,-0.0363267792953334,0.0342478680349548,0.0607572718048443,-0.195147642774407,0.0499254580240537,0.204387006821802
0.0264894,0.02,-0.0368688198977722,0.0339218783041374,0.0632049746023791,-0.19510204586265,0.0500999372088935,0.20508456088716
0.0265636,0.02,-0.0374030078779575,0.0335902461037636,0.0656588724209526,-0.195027542041794,0.0502721556294332,0.205783453373819
0.0266378,0.02,-0.0379293432358894,0.0332529714338334,0.0681256945082413,-0.194925136300744,0.0504419982503197,0.206487091640359
0.026712,0.02,-0.038443606116607,0.0329100791869836,0.0705977534556755,-0.194800652638933,0.0506061672461208,0.207198786341867
0.0267862,0.02,-0.0389464632745145,0.0325661251492384,0.07306501078056,-0.194654521565496,0.0507678984086299,0.207915556335391
0.0268604,0.02,-0.0394379764596598,0.032221164232541,0.0755249384553776,-0.19448132577966,0.0509269811763182,0.208631259416471
0.0269346,0.02,-0.0399181456720427,0.0318751964368915,0.0779797802833906,-0.194281278537132,0.0510831332416566,0.209346749014807
0.0270088,0.02,-0.0403869709116633,0.0315282217622897,0.0804327783109104,-0.194055342674267,0.0512360828607307,0.210064056533333
0.027083,0.02,-0.0408444521785216,0.0311802402087357,0.0828917780578975,-0.193806520254953,0.0513855685308434,0.210789027615133
0.0271572,0.02,-0.0412909625160134,0.0308313118362731,0.0853553083187013,-0.193534482303476,0.0515316735129409,0.211520978861802
0.0272314,0.02,-0.0417308949277834,0.0304838405817583,0.0878163878516734,-0.193233609364882,0.051679126618856,0.212252080704749
0.0273056,0.02,-0.0421642850473682,0.0301378472719329,0.0902720961664025,-0.192906216933507,0.0518277606282779,0.212983238490435
0.0273798,0.02,-0.0425911328747677,0.0297933319067969,0.0927250999703686,-0.192550366693344,0.0519773722466294,0.213713798988872
0.027454,0.02,-0.0430114384099819,0.0294502944863504,0.0951775473968107,-0.192169412001984,0.0521277630387918,0.214447775548408
0.0275282,0.02,-0.0434252016530108,0.0291087350105933,0.0976280398725526,-0.191765787840952,0.0522787393930037,0.215186782948251
0.0276024,0.02,-0.0438288474508156,0.028769105690194,0.100071797020429,-0.191336790478567,0.0524273717735347,0.215926218763579
0.0276766,0.02,-0.0442243609140425,0.0284352670619475,0.102504461155725,-0.190884909569306,0.0525771672034521,0.216666133159078
0.0277508,0.02,-0.0446117741197225,0.0281072384446389,0.104925929731413,-0.190410221841506,0.0527278602172791,0.217406309273059
0.027825,0.02,-0.0449910870678557,0.0277850198382682,0.107338660723954,-0.189912347281655,0.052879156980424,0.218147399104458
0.0278992,0.02,-0.0453622997584421,0.0274686112428353,0.109752655791155,-0.189392112660442,0.0530307726040718,0.218894992613347
0.0279734,0.02,-0.0457254121914818,0.0271580126583402,0.112163384080661,-0.188851653345142,0.0531824310428874,0.219648746182671
0.0280476,0.02,-0.0460814400209659,0.02685295410589,0.114567510750714,-0.188289470563298,0.0533346065760207,0.220405624348885
0.0281218,0.02,-0.0464357861254859,0.0265550629932722,0.116956440652464,-0.187704747278111,0.0534925565258244,0.221160306476621
0.028196,0.02,-0.0467884614358629,0.0262643440655847,0.119333781598332,-0.187099248650403,0.0536560890554897,0.221915930649658
0.0282702,0.02,-0.0471394659520969,0.0259807973228275,0.121699533588318,-0.186472974680174,0.053825004224605,0.222672285571615
0.0283444,0.02,-0.0474887996741879,0.0257044227650006,0.124058470197594,-0.185824554076731,0.0539991059572011,0.223430680358771
0.0284186,0.02,-0.0478364587587393,0.0254352187201109,0.126415929804429,-0.185154609273256,0.0541781979943634,0.224194595482252
0.0284928,0.02,-0.0481794273333669,0.0251733976704751,0.128767366436366,-0.18446434402576,0.0543595177356005,0.224962505488829
0.028567,0.02,-0.0485204057190408,0.0249216547277025,0.131106400404884,-0.183754195060551,0.0545464815135416,0.225731017871884
0.0286412,0.02,-0.048859393915761,0.0246799898917933,0.133425695912619,-0.183027228346136,0.0547388552572532,0.226498085302802
0.0287154,0.02,-0.0491963919235274,0.0244484031627475,0.13572605473492,-0.182284229426706,0.0549364122918629,0.22726438839289
0.0287896,0.02,-0.0495313997423401,0.024226894540565,0.13800762308316,-0.181524161047923,0.0551389334274353,0.22802878123872
0.0288638,0.02,-0.0498643996594568,0.0240154579698471,0.140276497409065,-0.180745861836378,0.055346188440574,0.228793711225485
0.028938,0.02,-0.0501968511313966,0.0238131039571626,0.142536272870072,-0.179949269074433,0.0555588677312832,0.229561165104454
0.0290122,0.02,-0.0505347245119681,0.023620407783435,0.144792919819988,-0.179134958043011,0.0557824528445663,0.230335240080777
0.0290864,0.02,-0.0508780198011712,0.0234373694486642,0.147041656354092,-0.178300790511547,0.0560168116333083,0.23111127320059
0.0291606,0.02,-0.051226736999006,0.0232639889528502,0.149272739126229,-0.177453611800387,0.0562618144531766,0.231888195014859
0.0292348,0.02,-0.0515808761054725,0.0231002662959931,0.151483869249797,-0.176593213544156,0.056517334356407,0.232663975966933
0.029309,0.02,-0.0519403981201391,0.0229461870209678,0.153675529022815,-0.175717208749296,0.0567832057538123,0.233436727339735
0.0293832,0.02,-0.052302483803611,0.0228011843477855,0.155854414115973,-0.174824927823957,0.0570564967351545,0.234210063379192
0.0294574,0.02,-0.0526697751264446,0.0226667027215654,0.158023166499827,-0.173917815213257,0.0573400786896745,0.234986654087386
0.0295316,0.02,-0.05304227208864,0.0225427421423074,0.160182552796869,-0.172995391829782,0.0576338255855004,0.235766528190202
0.0296058,0.02,-0.053419974690197,0.0224293026100115,0.162334573130478,-0.17205639731662,0.0579376156868123,0.236550031686806
0.02968,0.02,-0.0538028829311157,0.0223263841246778,0.164462603923499,-0.171110333028211,0.058251331656727,0.237332454919936
0.0297542,0.02,-0.0541909473365864,0.0222339719823279,0.16655563657304,-0.170156484687352,0.0585748092898955,0.238105038492274
0.0298284,0.02,-0.0545856918817575,0.022150130367293,0.168634779075703,-0.169189208499604,0.0589086244407238,0.238877954166209
0.0299026,0.02,-0.0549932091547772,0.0220743763839659,0.170706124019637,-0.168208021569359,0.0592581736630658,0.239655000569748
0.0299768,0.02,-0.0554134991556457,0.0220067100323464,0.172769671404843,-0.167212923896618,0.0596234113006,0.240436106430365
0.030051,0.02,-0.0558465618843627,0.0219471313124347,0.17482848166994,-0.166202326109473,0.0600042919060729,0.241222327339772
0.0301252,0.02,-0.0562923973409284,0.0218956402242308,0.176888996464579,-0.165175819551194,0.0604007703528516,0.242018115922455
0.0301994,0.02,-0.0567509314341511,0.0218522071825859,0.178910130742079,-0.16414908103219,0.0608127221672766,0.242803944955308
0.0302736,0.02,-0.057218835991259,0.0218152119840337,0.180914741339755,-0.163111554541916,0.061236416176185,0.24358883976716
0.0303478,0.02,-0.0576981591842283,0.0217851963526755,0.182906932604795,-0.162063249403287,0.0616739195557828,0.244375618264276
0.030422,0.02,-0.0581889010130587,0.0217621602885112,0.1848867045372,-0.161004165616304,0.0621251947403821,0.245164097821088
0.0304962,0.02,-0.0586910614777505,0.0217461037915408,0.186854057136968,-0.159934303180965,0.0625902047248413,0.245954101414321
0.0305704,0.02,-0.0592046405783035,0.0217370268617643,0.18881547075542,-0.158850125859897,0.063068913125209,0.246748139774742
0.0306446,0.02,-0.0597295514278545,0.0217349049824997,0.190756059480271,-0.157759549650792,0.063561194201895,0.247539794244201
0.0307188,0.02,-0.0602669308377988,0.0217368751977135,0.192674656939324,-0.156663672490994,0.0640671108757762,0.248328471394344
0.030793,0.02,-0.060822696951361,0.0217416268858272,0.194586723840893,-0.155557339844262,0.0645917858870586,0.249122618552702
0.0308672,0.02,-0.0613968497685409,0.0217491600468409,0.196492260184975,-0.154440551710598,0.0651352371934261,0.24992217253632
0.0309414,0.02,-0.0619893892893387,0.0217594746807546,0.198391265971573,-0.153313308090001,0.0656974818607805,0.250727072433957
0.0310156,0.02,-0.0626003155137543,0.0217725707875682,0.200279870542926,-0.152175778833728,0.0662785360514342,0.251534280384092
0.0310898,0.02,-0.0632295103893335,0.0217883928313833,0.202165181970258,-0.151025058107729,0.0668782853118223,0.252347635173208
0.031164,0.02,-0.0638723967389071,0.0218044225842734,0.20403250586465,-0.149864706019802,0.0674915988061175,0.253157448161831
0.0312382,0.02,-0.0645301895680771,0.0218208942520643,0.205889034594985,-0.148697059020887,0.0681197239546061,0.253970687143056
0.0313124,0.02,-0.0652028888768433,0.021837807834756,0.207734768161262,-0.147522117110982,0.0687626829676803,0.254787183625706
0.0313866,0.02,-0.065890494665206,0.0218551633323486,0.209569706563481,-0.146339880290089,0.0694204973441503,0.25560677313487
0.0314608,0.02,-0.066593006933165,0.021872960744842,0.211393849801643,-0.145150348558207,0.0700931878583502,0.256429295168334
0.031535,0.02,-0.0673102907504123,0.0218911634702624,0.213213084134158,-0.143949918844033,0.070780634915115,0.257257455443381
0.0316092,0.02,-0.0680427496088515,0.0219062576387638,0.215032916608278,-0.142727532550159,0.0714821648949495,0.25808972039374
0.0316834,0.02,-0.0687960288766392,0.0219164674387477,0.216833903522128,-0.141500956843215,0.0722026670850119,0.258919799366887
0.0317576,0.02,-0.0695701285537755,0.0219217928702143,0.218633189565801,-0.14026504424468,0.0729422222696391,0.259759031058936
0.0318318,0.02,-0.0703650486402604,0.0219222339331636,0.220430774739298,-0.139019794754553,0.0737009118720153,0.26060742465587
0.031906,0.02,-0.071180789136094,0.0219177906275954,0.222226659042617,-0.137765208372835,0.0744788177137109,0.26146498929542
0.0319802,0.02,-0.0720171653264253,0.0219083697393565,0.224020657760909,-0.136501191885372,0.075275817938366,0.262331527822634
0.0320544,0.02,-0.0728677990637236,0.0218911140334441,0.22582449980382,-0.135208118900719,0.0760850643294494,0.263207029025284
0.0321286,0.02,-0.0737331862579375,0.0218665994978681,0.227612217102123,-0.133902389975616,0.0769072878818898,0.264077964653104
0.0322028,0.02,-0.0746133269090674,0.0218348261326286,0.229385273612082,-0.132591668157925,0.0777425763959587,0.264949342733646
0.032277,0.02,-0.0755082210171129,0.0217957939377255,0.231154985372771,-0.13127132777807,0.0785910177726752,0.265828495010041
0.0323512,0.02,-0.0764178685820741,0.0217495029131588,0.23292135238419,-0.12994136883605,0.0794526998634826,0.266715420873009
0.0324254,0.02,-0.0773420707315163,0.0216959045897991,0.234684175773904,-0.128601742862736,0.0803275057561763,0.267609922510377
0.0324996,0.02,-0.0782803686560549,0.0216312843056903,0.236450474275952,-0.12723970622639,0.0812140910042184,0.26851214055588
0.0325738,0.02,-0.0792382523687004,0.0215537739408411,0.238224809831726,-0.125848796201685,0.0821173904209013,0.269423420520145
0.032648,0.02,-0.080215721869453,0.0214633734952514,0.239988892840322,-0.124445503796178,0.0830375724406374,0.270335628620809
0.0327222,0.02,-0.0812127771583125,0.0213600829689213,0.241753207918153,-0.123030946115505,0.0839748076401782,0.271258598464259
0.0327964,0.02,-0.082229418235279,0.0212439023618507,0.243523968969127,-0.121601923494075,0.084929268281743,0.272196530580269
0.0328706,0.02,-0.0832653580697384,0.0211146980840298,0.24530088896263,-0.120158302341878,0.085900816816032,0.273149306694231
0.0329448,0.02,-0.0843122167425673,0.0209700864136813,0.247076190376007,-0.118696989214327,0.0868809208989114,0.27410877238656
0.033019,0.02,-0.0853701888793743,0.0208114904016096,0.248859282880982,-0.11720370686816,0.0878702866846144,0.275077537395685
0.0330932,0.02,-0.0864392744801595,0.0206389100478145,0.250637575321273,-0.115688913924445,0.0888690766274644,0.276049124193402
0.0331674,0.02,-0.0875194735449229,0.020452345352296,0.252403077763728,-0.114157212526243,0.0898774536799416,0.277018379961266
0.0332416,0.02,-0.0886107860736645,0.0202517963150543,0.254167204173083,-0.112610609990674,0.090895581094898,0.277996613575837
0.0333158,0.02,-0.0897129301973055,0.020037208624621,0.255934679158333,-0.111047773873182,0.0919233353074898,0.27898775614365
0.03339,0.02,-0.0908247165000704,0.0198051536231621,0.257704313303705,-0.109465275515936,0.0929589868563294,0.279989570589895
0.0334642,0.02,-0.0919517658383485,0.0195539385800503,0.259481681117331,-0.107858789696834,0.0940078919813802,0.281005803054567
0.0335384,0.02,-0.09309407821214,0.0192835634952854,0.261263585739651,-0.106219192880204,0.0950703067168963,0.282030456102993
0.0336126,0.02,-0.0942516536214445,0.0189940283688677,0.263048250906581,-0.104553405839807,0.0961464888805312,0.283065004862337
0.0336868,0.02,-0.0954244920662624,0.0186853332007969,0.264835595128443,-0.102861543163432,0.09723669761427,0.284109819451914
0.033761,0.02,-0.0966121621977653,0.0183573183555087,0.266624585370686,-0.101150511912661,0.0983407393796326,0.285166785555899
0.0338352,0.02,-0.0978044862861858,0.0180089117886675,0.268416004120904,-0.0994098813733748,0.0994486723969542,0.286233254152801
0.0339094,0.02,-0.0990019447954418,0.0176425995070963,0.270210331843014,-0.0976421375523964,0.100561654673377,0.287310999546681
0.0339836,0.02,-0.100204537725533,0.0172583815107951,0.272007440212804,-0.0958469982764976,0.101679895324297,0.288400233373236
0.0340578,0.02,-0.101412265076461,0.0168562577997638,0.273799702124036,-0.0940175949167857,0.102803603706049,0.289491942957222
0.034132,0.02,-0.102625126848223,0.0164362283740025,0.275586844555394,-0.092162571350886,0.103932989294912,0.2905891402823
0.0342062,0.02,-0.103842739578035,0.0159982463292234,0.277368829045015,-0.0902881763782146,0.105067875436225,0.291694055680787
0.0342804,0.02,-0.105063538743644,0.0155395435672803,0.279150027482673,-0.0883863906601777,0.106206518574034,0.29280862674708
0.0343546,0.02,-0.106293639593781,0.0150586887680052,0.280937334926852,-0.086453477048445,0.10735502748127,0.293938751867746
0.0344288,0.02,-0.107533042128447,0.0145556819313979,0.282730905544144,-0.0844872532817464,0.108513699715227,0.295084497927128
0.034503,0.02,-0.108781746347641,0.0140305230574587,0.284528652686192,-0.0824836821014247,0.109682833277175,0.296243332435396
0.0345772,0.02,-0.110039752251364,0.0134832121461873,0.286329333566819,-0.0804444959368976,0.11086272631196,0.297415205037269
0.0346514,0.02,-0.111306445618379,0.0129135972368258,0.288128827041807,-0.0783723127400655,0.112053049176683,0.298597455408973
0.0347256,0.02,-0.112570389069552,0.0123225460898005,0.28992314986885,-0.0762662785900799,0.113242825986486,0.299786554201244
0.0347998,0.02,-0.113832931764308,0.0117134800566448,0.291711227261024,-0.0741262018481331,0.114434007048145,0.300981949476315
0.034874,0.02,-0.115094073702646,0.0110863991373584,0.29348914056967,-0.0719564049977379,0.1156267877583,0.302181402228069
0.0349482,0.02,-0.116353814884567,0.0104413033319417,0.295257593633628,-0.0697608703410673,0.116821363857223,0.303386923958605
0.0350224,0.02,-0.11761215531007,0.0097781926403945,0.297015530934573,-0.0675373605246322,0.118017931383297,0.304597309054069
0.0350966,0.02,-0.11886859526476,0.00909704671315106,0.298767761766383,-0.0652792076939497,0.119216186816718,0.305816203671493
0.0351708,0.02,-0.120121670567276,0.00839590517741375,0.300512996304242,-0.0629843394914274,0.120414729014441,0.307042485608954
0.035245,0.02,-0.12137832697224,0.00767348376432975,0.302258113571819,-0.0606488253790095,0.121620642210364,0.30828273912084
0.0353192,0.02,-0.122638564479651,0.00692978247389899,0.30399913825783,-0.0582699208543494,0.122834194680329,0.309533293423947
0.0353934,0.02,-0.123902383089509,0.0061648013061216,0.305733953875793,-0.0558573551700355,0.124055654084784,0.310794618163052
0.0354676,0.02,-0.125169782801815,0.00537854026099745,0.307461737426099,-0.0534130837785656,0.125285287332522,0.312066783717543
0.0355418,0.02,-0.126439940381793,0.00457090331852173,0.309182791857909,-0.0509343648463315,0.126522534281047,0.313350136912927
0.035616,0.02,-0.127700860429714,0.00374494414467743,0.310887663914198,-0.048418226692873,0.127755760579068,0.314635446588762
0.0356902,0.02,-0.128955180049466,0.00290459492312537,0.312578990698856,-0.0458686015018505,0.128987887544752,0.315926500993587
0.0357644,0.02,-0.130202899241047,0.00204985565386572,0.314254532349398,-0.0432819090691284,0.130219034242218,0.317221113349675
0.0358386,0.02,-0.131444018004458,0.0011807263368984,0.315910663772898,-0.0406619413164591,0.131449320971388,0.318516782849909
0.0359128,0.02,-0.132678536339699,0.000297206972223321,0.317547817085341,-0.0380118389723979,0.132678869218987,0.319814815225512
0.035987,0.02,-0.133905829248666,-0.000600674944802783,0.319163024650378,-0.0353329859265663,0.133907176496117,0.321112840288994
0.0360612,0.02,-0.135124991258877,-0.00151419917252324,0.320757044124381,-0.0326186397192618,0.135133474986199,0.322411316508191
0.0361354,0.02,-0.136344020935786,-0.00244477809600264,0.322338507085285,-0.0298664821588541,0.136365937773613,0.323719199162663
0.0362096,0.02,-0.137562918279392,-0.00339241171524082,0.323905460393571,-0.0270768653244436,0.137604741716223,0.32503523487242
0.0362838,0.02,-0.138781683289695,-0.00435710003023787,0.325454363261364,-0.0242522428019241,0.138850062792189,0.326356727901821
0.036358,0.02,-0.140000315966696,-0.00533884304099387,0.326986440860262,-0.021393085033375,0.140102076058105,0.327685514775534
0.0364322,0.02,-0.141217774524975,-0.0063376287823015,0.328500651404844,-0.0184994039840035,0.14135991433348,0.329021132940075
0.0365064,0.02,-0.142422153610852,-0.00734841069342665,0.329981936260911,-0.015568631080849,0.142611601838253,0.330348998079654
0.0365806,0.02,-0.143617533570535,-0.00836734001982318,0.331434878065131,-0.0126080070243785,0.143861073011052,0.331674599930678
0.0366548,0.02,-0.144803914404024,-0.00939441676149089,0.332858301332558,-0.00962017013697087,0.145108334333409,0.33299729194013
0.036729,0.02,-0.145981296111317,-0.0104296409184299,0.334247631432497,-0.00661222636326266,0.146353394986339,0.334313027947929
0.0368032,0.02,-0.147149678692415,-0.0114730124906403,0.335605161306057,-0.00357814357978949,0.14759626673765,0.335624235428168
0.0368774,0.02,-0.148308307378854,-0.0125244374889566,0.336930136184775,-0.000518015775716935,0.148836203834939,0.336930534398168
0.0369516,0.02,-0.149457149227553,-0.013584881849306,0.338222304085915,0.00257038619498256,0.150073277001892,0.33823207101985
0.0370258,0.02,-0.15060531901344,-0.0146562404589738,0.339485833546279,0.00570474787137305,0.151316778645103,0.339533761689302
0.0371,0.02,-0.151752816736514,-0.0157385133179598,0.340720952403069,0.00886928467276225,0.152566766331746,0.34083637073684
0.0371742,0.02,-0.152899642396775,-0.0168317004262641,0.341923761378855,0.0120451468582464,0.153823297274181,0.342135856288552
0.0372484,0.02,-0.154045795994224,-0.0179358017838869,0.343095732381225,0.0152491431484547,0.155086428320227,0.343434444901747
0.0373226,0.02,-0.155190021379737,-0.0190506545295187,0.344235609261055,0.0184811106820776,0.156354949310363,0.344731353571695
0.0373968,0.02,-0.156320900487937,-0.0201697777375598,0.34533197395297,0.0217345685335151,0.157616762634378,0.346015265130879
0.037471,0.02,-0.157443830724657,-0.021290004155911,0.346389148901699,0.025011101312402,0.158876757614867,0.347290940949663
0.0375452,0.02,-0.158558812089897,-0.0224113337845721,0.347399423052147,0.0283300546256413,0.160134833104365,0.348552651879248
0.0376194,0.02,-0.159665844583657,-0.0235337666235431,0.348365560964653,0.031637747977069,0.16139089224025,0.349799244086201
0.0376936,0.02,-0.160764928205937,-0.0246573026728242,0.34928569388499,0.0349589779892749,0.162644842267314,0.351030805051029
0.0377678,0.02,-0.161855174783122,-0.0257817692951881,0.35015885686162,0.0382959849891182,0.163895690096065,0.352246799140778
0.037842,0.02,-0.162937513108905,-0.0269083205551604,0.350985978688237,0.0416499230411242,0.16514445462447,0.353448544098107
0.0379162,0.02,-0.164022083000022,-0.0280396705872371,0.351777199181579,0.0450235062797895,0.166401522944674,0.354646745342125
0.0379904,0.02,-0.165108884456475,-0.029175819391418,0.352529350770452,0.0484265959870554,0.167666848731711,0.355839961715278
0.0380646,0.02,-0.166197917478263,-0.0303167669677032,0.353237261303983,0.0518456001015908,0.168940386330461,0.357021748670067
0.0381388,0.02,-0.167289182065386,-0.0314625133160929,0.353903573988353,0.0552684394328807,0.170222090752849,0.358193160290751
0.038213,0.02,-0.16838121595617,-0.0326127210138186,0.354524697703137,0.058706499763674,0.171510417930817,0.359352493237494
0.0382872,0.02,-0.169463114979559,-0.0337602181813305,0.355089728277276,0.0621526092144207,0.172793228079767,0.360488088513601
0.0383614,0.02,-0.170541249120841,-0.034902965938308,0.355605035696058,0.0656047289048008,0.174076232389684,0.361606031292438
0.0384356,0.02,-0.171615618380015,-0.036040964284751,0.356070556924111,0.0690589055963722,0.175359264307677,0.362705629885194
0.0385098,0.02,-0.172686222757083,-0.0371742132206595,0.356482398932988,0.0725237541505423,0.176642162743451,0.363784820553451
0.038584,0.02,-0.173753062252044,-0.0383027127460337,0.356839708529365,0.0759829218263989,0.1779247718719,0.364839666144731
0.0386582,0.02,-0.174815107446004,-0.0394262070888647,0.357141098151171,0.0794393815419,0.179205880474866,0.365869347347361
0.0387324,0.02,-0.17587410227273,-0.0405465332595736,0.357388311732169,0.0828949703074665,0.180487454438275,0.366875975589907
0.0388066,0.02,-0.17694101243818,-0.041667460158598,0.35759231497832,0.0863534570235364,0.181780909665225,0.367871150365817
0.0388808,0.02,-0.178015837942353,-0.0427889877859376,0.357753107889622,0.0898148416901091,0.183086143752233,0.368854974200569
0.038955,0.02,-0.17909857878525,-0.0439111161415926,0.357866058784002,0.0932867945397093,0.184403055949995,0.369825015466895
0.0390292,0.02,-0.180189234966871,-0.0450338452255631,0.357926515646748,0.0967739266362652,0.185731547168881,0.370778348180719
0.0391034,0.02,-0.181286136851177,-0.0461566616451827,0.357946782916832,0.100238342048089,0.187069775294278,0.37171712984077
0.0391776,0.02,-0.182378540192202,-0.0472723981672949,0.35790621780075,0.103691356628143,0.188405444589921,0.372624151364109
0.0392518,0.02,-0.183473343797762,-0.0483803386640644,0.357811719106318,0.10713225424859,0.189744894670664,0.373505751267906
0.039326,0.02,-0.184570547667859,-0.0494804831354911,0.357663286833536,0.110561034909432,0.191087951681248,0.374361815879789
0.0394002,0.02,-0.185670151802491,-0.0505728315815751,0.357460920982404,0.113977698610668,0.192434447447795,0.375192251799225
0.0394744,0.02,-0.186772156201659,-0.0516573840023163,0.357185754601858,0.117406031063541,0.193784219311531,0.375986488348441
0.0395486,0.02,-0.187875373603902,-0.0527338023385838,0.356864274103345,0.120809202031526,0.195135875522392,0.376758508101411
0.0396228,0.02,-0.188982037851661,-0.0538049566320272,0.356494931379251,0.124183409731884,0.196492198289757,0.377505172615865
0.039697,0.02,-0.190103703730088,-0.0548757565145433,0.356081328410404,0.12754537550112,0.197865527126229,0.378235026477241
0.0397712,0.02,-0.191240371239181,-0.055946201986132,0.355623465196803,0.130895099339234,0.19925575803066,0.378947985915758
0.0398454,0.02,-0.192392040378941,-0.0570162930467934,0.355121341738449,0.134232581246226,0.200662788961905,0.3796439822072
0.0399196,0.02,-0.193558711149369,-0.0580860296965275,0.354563189394658,0.137568690137248,0.202086519856498,0.380315921018027
0.0399938,0.02,-0.194738482745706,-0.0591547373176325,0.35395152019457,0.140902539264662,0.20352483781892,0.380966145765311
0.040068,0.02,-0.195920135175892,-0.0602156855295763,0.35329683709852,0.144200992500461,0.204964943712667,0.381592166248124
0.0401422,0.02,-0.197110689693247,-0.0612693995947152,0.35259654173736,0.14746593682127,0.206413573483054,0.382191736917114
0.0402164,0.02,-0.198310146297769,-0.0623158795130488,0.351845601025642,0.150703661519701,0.207870591869382,0.382762224568387
0.0402906,0.02,-0.199518504989459,-0.0633551252845773,0.351044014963367,0.153914166595754,0.209335868243006,0.383303366956861
0.0403648,0.02,-0.200735765768316,-0.0643871369093006,0.350190826994001,0.157098251970444,0.210809276498852,0.383814377118564
0.040439,0.02,-0.201960555892466,-0.0654114948640904,0.349270632180597,0.16027066156403,0.212289259730088,0.384287209599807
0.0405132,0.02,-0.203195199937179,-0.0664322144159797,0.34830629139801,0.163421335116479,0.21377915798721,0.384738619583072
0.0405874,0.02,-0.204451638507803,-0.0674552790859553,0.3473117802334,0.166546036909815,0.215292097312209,0.385179250608414
0.0406616,0.02,-0.205729871604339,-0.0684806888740171,0.346283470343637,0.169641606730353,0.216828007459825,0.38560409303752
0.0407358,0.02,-0.207029899226787,-0.0695084437801654,0.345219951666414,0.172711125401845,0.218386819498325,0.386012885621883
0.04081,0.02,-0.208351721375147,-0.0705385438043998,0.344121224201731,0.17575459292429,0.21996846583552,0.386405349186681
0.0408842,0.02,-0.209693151833797,-0.0715701699280985,0.342981574355438,0.178772266056991,0.22157054666523,0.38677627054731
0.0409584,0.02,-0.211041752965187,-0.0725970614785897,0.341783665362986,0.181762684338532,0.223179198918593,0.387109477185597
0.0410326,0.02,-0.212404414498231,-0.0736206832271901,0.340548240163551,0.184725154406656,0.224801335176584,0.387422878195202
0.0411068,0.02,-0.21378113643293,-0.0746410351739,0.33927541976325,0.18765949088587,0.226436875147107,0.387716255752933
0.041181,0.02,-0.215171918769284,-0.0756581173187193,0.337970736263492,0.190549324514396,0.22808574120946,0.387986164242205
0.0412552,0.02,-0.216576761507293,-0.0766719296616479,0.336622428337785,0.193404991218062,0.229747858364398,0.388226930915522
0.0413294,0.02,-0.217994068706946,-0.0776819653108252,0.335228900046117,0.196225984105006,0.231421480692612,0.388436677290016
0.0414036,0.02,-0.21942590146295,-0.0786932356803347,0.333791789655251,0.199017363065394,0.23311017046596,0.388619183318012
0.0414778,0.02,-0.220884468634123,-0.0797126164763838,0.332317486868121,0.201787962854665,0.234827702176063,0.388784379870616
0.041552,0.02,-0.222369770220463,-0.0807401076989725,0.330823120105513,0.204537025742739,0.236574046968689,0.388946438081174
0.0416262,0.02,-0.223881806221972,-0.0817757093481011,0.329319851126087,0.207254652156235,0.238349176202893,0.389109310073802
0.0417004,0.02,-0.225420576638648,-0.0828194214237694,0.327800449518358,0.209939614771086,0.24015306147761,0.389265688899843
0.0417746,0.02,-0.226983525394434,-0.0838702814476639,0.326258573930547,0.21259319602965,0.241982943429069,0.389410482731649
0.0418488,0.02,-0.228556349145248,-0.084922113439835,0.324678040899312,0.215211505866986,0.243823235327753,0.389527691569869
0.041923,0.02,-0.230145768758181,-0.0859769114896902,0.323063109296699,0.21780248742459,0.245680899108173,0.389625071211786
0.0419972,0.02,-0.231751784233233,-0.0870346755972295,0.321415626080503,0.220364919600277,0.247555901265961,0.389703351896232
0.0420714,0.02,-0.233374395570405,-0.0880954057624531,0.319739686277359,0.222887834229647,0.249448209102217,0.389759481768342
0.0421456,0.02,-0.235013602769696,-0.0891591019853607,0.318039271768557,0.225372334681986,0.251357790716,0.389796956923836
0.0422198,0.02,-0.236667542916541,-0.0902251516447541,0.316305639392373,0.227818527255207,0.253282656057361,0.38980833607319
0.042294,0.02,-0.238337802766873,-0.0912992024217561,0.314548951862857,0.230234137688398,0.255226277233732,0.389806107283021
0.0423682,0.02,-0.2400368489598,-0.0923887898166132,0.312789358808004,0.232626757041285,0.25720298859525,0.389810711852647
0.0424424,0.02,-0.241764681495323,-0.0934939138293255,0.311024625824048,0.234994257677122,0.259212795096346,0.389818700180239
0.0425166,0.02,-0.24352130037344,-0.0946145744598932,0.309253190870422,0.237335512035128,0.261255701250323,0.389827758550508
0.0425908,0.02,-0.245306705594153,-0.095750771708316,0.307475078681811,0.239650553348402,0.263331711140521,0.38983754530648
0.042665,0.02,-0.247117865464165,-0.0969013686077722,0.305682886593007,0.241939478841104,0.265437590912863,0.389841940506327
0.0427392,0.02,-0.248938225774849,-0.0980595729302462,0.303853413938986,0.244202226268111,0.267555452374254,0.389822555115374
0.0428134,0.02,-0.250774519112468,-0.0992275232827594,0.302008185821749,0.246439691953331,0.269692344742894,0.389796698386988
0.0428876,0.02,-0.252626745477022,-0.100405219665312,0.300151823472509,0.248648360769438,0.271848267727333,0.389765473646911
0.0429618,0.02,-0.254494904868511,-0.101592662077904,0.298292120933987,0.250820270270619,0.274023220899448,0.389729389948875
0.043036,0.02,-0.256378997286935,-0.102789850520535,0.296421767581617,0.252959977996,0.276217203700074,0.389685276555256
0.0431102,0.02,-0.258276848818779,-0.103996033211674,0.294538589501884,0.255066732164049,0.278427918067714,0.389630618102076
0.0431844,0.02,-0.260189556522288,-0.105217030352987,0.292637051868988,0.257148638391492,0.280658562669245,0.38956625412524
0.0432586,0.02,-0.262129930778825,-0.106460823966889,0.290731164729147,0.259219181248437,0.28292403158767,0.389511481309443
0.0433328,0.02,-0.264097971588391,-0.10772741405338,0.288825257310177,0.261278380822755,0.28522435789345,0.38946941028231
0.043407,0.02,-0.266093678950985,-0.10901680061246,0.286926943079047,0.263319597073019,0.287559574337991,0.389440985089376
0.0434812,0.02,-0.268117052866606,-0.110328983644128,0.285039234546395,0.265341773325981,0.289929713326904,0.389427299893794
0.0435554,0.02,-0.270164474280161,-0.111662580051354,0.283157464237977,0.267344629100841,0.292330933954655,0.389424319043826
0.0436296,0.02,-0.272217110560979,-0.113009355639109,0.281263150030161,0.269319420759528,0.294742717881435,0.389412262214657
0.0437038,0.02,-0.274282049029319,-0.114371350953253,0.279360626899994,0.271273883303191,0.297172421901148,0.389399383184348
0.043778,0.02,-0.27635928968518,-0.115748565993785,0.277448384873022,0.273210856524005,0.299620071966007,0.389386412694677
0.0438522,0.02,-0.278448832528563,-0.117141000760706,0.275526423949247,0.275130340421969,0.30208569379522,0.389373232920508
0.0439264,0.02,-0.280550677559467,-0.118548655254016,0.273591101251462,0.277028799440525,0.304569312869192,0.389354653758558
0.0440006,0.02,-0.28266230130531,-0.11997059170613,0.271655100352727,0.278903807429619,0.307068265135837,0.38933767778933
0.0440748,0.02,-0.284784487009172,-0.121412365946849,0.269723551961786,0.280759371488434,0.309585475508604,0.38932842069577
0.044149,0.02,-0.286930536186602,-0.122882268048006,0.26781380225289,0.282605521517886,0.312136483604453,0.389345750547693
0.0442232,0.02,-0.289100448837601,-0.124380298009602,0.265911359191193,0.284449765294883,0.314721349849449,0.389384796728405
0.0442974,0.02,-0.291294224962168,-0.125906455831635,0.264016222776693,0.286292102819425,0.317340134739358,0.38944541854545
0.0443716,0.02,-0.293511864560304,-0.127460741514107,0.262126351069493,0.288132736565635,0.319992898772757,0.389526247903538
0.0444458,0.02,-0.295749060925244,-0.129041415890014,0.260221320924892,0.289970597111411,0.322675059546076,0.38961273471621
0.04452,0.02,-0.297985033097584,-0.130638077471652,0.258314190287681,0.291790526823008,0.325363469424055,0.389702363923583
0.0445942,0.02,-0.300227636813194,-0.132252637988496,0.256437418172139,0.293590130630602,0.328066142967163,0.389814461304973
0.0446684,0.02,-0.302476872072074,-0.133885097440545,0.254554835828678,0.295381610459548,0.330783127524924,0.389933917787927
0.0447426,0.02,-0.304732738874225,-0.135535455827799,0.252666443257298,0.297164966309847,0.333514470343096,0.390060698802412
0.0448168,0.02,-0.306995237219646,-0.137203713150259,0.250772240458001,0.298940198181499,0.336260218547727,0.390194770176535
0.044891,0.02,-0.309261464761672,-0.138888691159063,0.248861515259988,0.300707031089666,0.339017288819335,0.390329056469357
0.0449652,0.02,-0.311532203940296,-0.140595388133778,0.246912234685589,0.302473364764652,0.341788497840969,0.390455872064285
0.0450394,0.02,-0.313821409876454,-0.142332366603555,0.245030081164849,0.304234369404772,0.344590162192443,0.390638313792659
0.0451136,0.02,-0.316129082570146,-0.144099626568395,0.24316092791802,0.306003807371244,0.3474223643115,0.390852359583065
0.0451878,0.02,-0.318455222021371,-0.145897168028298,0.241300413481088,0.307782614763366,0.350285186771234,0.391095931322123
0.045262,0.02,-0.32079982823013,-0.147724990983264,0.239448537854051,0.309570791581139,0.353178712203165,0.391368978434183
0.0453362,0.02,-0.323157832531522,-0.149580865461186,0.237600232372012,0.311366107852455,0.356097486706364,0.391666597430035
0.0454104,0.02,-0.325507104930145,-0.151451794519252,0.235716524796846,0.313157238337927,0.35901604619168,0.39195629346362
0.0454846,0.02,-0.327856653322105,-0.153339749706589,0.233836198337142,0.314942234401263,0.361943454102502,0.392260090580761
0.0455588,0.02,-0.3302064777074,-0.155244731023196,0.231969342982258,0.316725691632068,0.364879767088273,0.392587493208116
0.045633,0.02,-0.332556578086033,-0.157166738469074,0.23009384819645,0.318511158393232,0.367825041710455,0.392928157554087
0.0457072,0.02,-0.334906954458002,-0.159105772044222,0.22820971397972,0.320298634684755,0.370779334432384,0.393282200125588
0.0457814,0.02,-0.337254306218171,-0.16106035900567,0.22631363972693,0.322086647763665,0.373739088544047,0.393646633662839
0.0458556,0.02,-0.339599780429596,-0.163034862144392,0.224415200711288,0.323877392235673,0.37670728310224,0.394028866343149
0.0459298,0.02,-0.341958119366393,-0.165038180026909,0.222510610738027,0.325682841969241,0.379701140724116,0.394436668483257
0.046004,0.02,-0.344329323028562,-0.167070312653221,0.220625439292249,0.327503513876358,0.382720749460168,0.394884965609302
0.0460782,0.02,-0.346713391416103,-0.169131260023329,0.218749535489568,0.329344026956378,0.385766197202833,0.395371783728613
0.0461524,0.02,-0.349110324529016,-0.171221022137232,0.216882899329985,0.331204381209301,0.388837571634317,0.395897125720832
0.0462266,0.02,-0.351514250760284,-0.173336740139241,0.215019659206484,0.333081717779438,0.39192842965223,0.396455400472958
0.0463008,0.02,-0.353902410997791,-0.175462807105051,0.213137056006948,0.334960429742483,0.395011535511602,0.39702127667995
0.046375,0.02,-0.356285235900236,-0.177601611196228,0.211228115881701,0.336844475755769,0.398097351937919,0.397594665188194
0.0464492,0.02,-0.35866272546762,-0.17975315241277,0.209273092294736,0.338736441911258,0.401185925030017,0.398167809142452
0.0465234,0.02,-0.361034879699943,-0.18191743075468,0.207348753064588,0.34063235997933,0.404277300837353,0.398778021037427
0.0465976,0.02,-0.363401698597204,-0.184094446221956,0.205412257007389,0.34253846859581,0.407371525358734,0.399408059253732
0.0466718,0.02,-0.365759471275727,-0.186282386140112,0.203459893239464,0.344452955086215,0.410464515170256,0.400054704290101
0.046746,0.02,-0.368110036746796,-0.188485124597098,0.201493500772096,0.346379693538492,0.413559719204024,0.40072250117658
0.0468202,0.02,-0.370468997907209,-0.190712028507544,0.199528682502085,0.348328050867273,0.41667536071603,0.401427610114216
0.0468944,0.02,-0.372836354756966,-0.192963097871452,0.197502442328812,0.350302113507205,0.419811510762401,0.402142742634329
0.0469686,0.02,-0.375212107296068,-0.195238332688821,0.195494653877039,0.352297900171759,0.422968239957407,0.402904418143974
0.0470428,0.02,-0.377596255524513,-0.197537732959651,0.193514054085603,0.354317624143932,0.426145618455677,0.40371855036355
0.047117,0.02,-0.379982115097535,-0.199857693127221,0.191523850079001,0.35636138370871,0.429336121583231,0.404567449194655
0.0471912,0.02,-0.382346970712124,-0.20218040393961,0.189501326554222,0.35841136961417,0.432511412277088,0.405425039476492
0.0472654,0.02,-0.384702785866004,-0.204509103646283,0.187458447008993,0.360470820109777,0.435683608742939,0.406300235670174
0.0473396,0.02,-0.387049560559176,-0.206843792247239,0.185364490249566,0.362540611548328,0.438852727825942,0.407180168067303
0.0474138,0.02,-0.38938729479164,-0.209184469742477,0.18321311563304,0.364622200654943,0.442018786621782,0.408064204446334
0.047488,0.02,-0.391715988563395,-0.211531136132,0.181070205350673,0.366712628893051,0.445181802468938,0.408979915711502
0.0475622,0.02,-0.394031510903722,-0.213881606792499,0.178915337792352,0.368813702576782,0.44833712015537,0.409919803505206
0.0476364,0.02,-0.396336608196717,-0.216239588123998,0.176733566593858,0.370930981409517,0.451488943905512,0.410882643257674
0.0477106,0.02,-0.398647744626008,-0.218615073492985,0.174541355938814,0.373074458757741,0.454656545816451,0.411884979952342
0.0477848,0.02,-0.400964920191595,-0.22100806289946,0.172336476003159,0.375244230485447,0.45783996231306,0.41292625670185
0.047859,0.02,-0.403288134893477,-0.223418556343422,0.170074453891677,0.377442578856428,0.461039229420272,0.41399060400007
0.0479332,0.02,-0.405617388731655,-0.225846553824872,0.167792534730781,0.379668237186145,0.464254382764512,0.415093128152484
0.0480074,0.02,-0.407945199160172,-0.228287611496273,0.165505827560132,0.381913475674981,0.467476757797119,0.416233206097866
0.0480816,0.02,-0.410249386803286,-0.230722429313103,0.163182660641219,0.3841635856478,0.470677595345915,0.417385003649774
0.0481558,0.02,-0.412543376099886,-0.233155535222632,0.160826564646579,0.386425134799023,0.473870805989189,0.418556529874357
0.04823,0.02,-0.41482716704997,-0.235586929224859,0.15843753957621,0.388698123128652,0.47705636956685,0.419748358985118
0.0483042,0.02,-0.41710075965354,-0.238016611319785,0.156009903406983,0.390981876366478,0.480234266757084,0.420958332389451
0.0483784,0.02,-0.419364153910595,-0.240444581507409,0.153526110466202,0.393274947489576,0.483404479045677,0.422179406079701
0.0484526,0.02,-0.421612760915713,-0.242868284034132,0.150997851839751,0.395577109666295,0.48656173663437,0.423416580865888
0.0485268,0.02,-0.423850291909009,-0.245291706564721,0.148429319200826,0.397892324177098,0.489711232524623,0.424675834534382
0.048601,0.02,-0.426094045629119,-0.247725549178123,0.14586481048366,0.40023072417292,0.49287329349052,0.425982600007811
0.0486752,0.02,-0.428344022076043,-0.250169811874338,0.143262528902163,0.402595496194988,0.496047917061974,0.427325737282383
0.0487494,0.02,-0.43060022124978,-0.252624494653367,0.140622474456333,0.404986640243302,0.499235100768394,0.428706028763044
0.0488236,0.02,-0.432862643150332,-0.255089597515209,0.137944080676379,0.407404053592822,0.502434842139319,0.430123973149037
0.0488978,0.02,-0.435122991568254,-0.257559702884805,0.135209033283041,0.40983930461736,0.505637239868085,0.431566609332297
0.048972,0.02,-0.437359978975554,-0.260014758195174,0.132416917687115,0.412275008165917,0.508813743612328,0.433018385808227
0.0490462,0.02,-0.439588163672366,-0.262461113752415,0.129605906541451,0.414718209196708,0.511980067847373,0.434498428132664
0.0491204,0.02,-0.441807545658689,-0.264898769556528,0.12675697136779,0.417169246826634,0.515136162110093,0.436001731978481
0.0491946,0.02,-0.444018124934523,-0.267327725607512,0.123861560596006,0.419628000363055,0.518281977449395,0.437526393354703
0.0492688,0.02,-0.446219901499869,-0.26974798190537,0.120914962979658,0.42209463917837,0.521417466370827,0.439072104210106
0.049343,0.02,-0.448407669145029,-0.272156689990181,0.117899430167349,0.424566664092754,0.524536654252579,0.440632645060071
0.0494172,0.02,-0.450586092517178,-0.274558758051397,0.114822027281104,0.427048772517512,0.527646035133994,0.442215730224126
0.0494914,0.02,-0.452773258466848,-0.276965342032124,0.11171712400404,0.429548603891381,0.53076682664769,0.443838618081807
0.0495656,0.02,-0.45496916699404,-0.279376441932364,0.10857660735664,0.432069198225807,0.533898997210182,0.445502717972146
0.0496398,0.02,-0.457173818098753,-0.281792057752115,0.105391433304898,0.434609038088886,0.537042515791034,0.447205065045788
0.049714,0.02,-0.459387211780988,-0.284212189491379,0.102172970136866,0.437168469088831,0.540197351903352,0.448949424982437
0.0497882,0.02,-0.46160010414826,-0.286630110140862,0.0989221006829525,0.439742012563776,0.543352073879402,0.450731205506306
0.0498624,0.02,-0.463792504218232,-0.289025741576302,0.0956188531495944,0.442308137957652,0.546479062968336,0.452525639031878
0.0499366,0.02,-0.465979453888371,-0.291407817830552,0.0922575941135917,0.444875753607578,0.549595640210936,0.454341171169352
0.0500108,0.02,-0.468160953158677,-0.293776338903611,0.0888377668004698,0.447444907596254,0.552701741775842,0.456178796245414
0.050085,0.02,-0.470337002029149,-0.29613130479548,0.0853519061700623,0.450015611395672,0.555797305820783,0.458038206252147
0.0501592,0.02,-0.472507600499787,-0.298472715506158,0.0817884490473764,0.452587851636725,0.558882272425675,0.459918594804256
0.0502334,0.02,-0.474666529692446,-0.300797599163848,0.0781663120771623,0.455158598992089,0.561949739810425,0.461821743295165
0.0503076,0.02,-0.476819643858779,-0.30311260586181,0.0745011352640503,0.457733665554261,0.565008163305584,0.463756970553945
0.0503818,0.02,-0.47898558487907,-0.305428577811715,0.0708149443405438,0.46032144334614,0.568079049663013,0.465736607479193
0.050456,0.02,-0.481164352753318,-0.307745515013564,0.0670857866736206,0.46292274661731,0.57116235552729,0.467758454877443
0.0505302,0.02,-0.483355947481522,-0.310063417467357,0.0633136622632818,0.465537575367771,0.574258038530848,0.469823215591239
0.0506044,0.02,-0.485560369063684,-0.312382285173093,0.059488725353214,0.468165241473405,0.577366057276685,0.471929657648258
0.0506786,0.02,-0.487767145401032,-0.314693638806463,0.0556030579436092,0.470797330449342,0.580472974769647,0.474069432057064
0.0507528,0.02,-0.489957942070576,-0.316978276541505,0.0516449504005045,0.473415074428137,0.583552922019294,0.476223722212228
0.050827,0.02,-0.49214759499144,-0.319247466340713,0.047643873699185,0.476026845352965,0.586624411374794,0.478405159041747
0.0509012,0.02,-0.494336104163626,-0.321501208204084,0.0435885465360287,0.478631252987641,0.589687383921648,0.480611940889573
0.0509754,0.02,-0.496523469587133,-0.323739502131621,0.0394749074977773,0.481228666847851,0.592741782812106,0.482845004238543
0.0510496,0.02,-0.498709691261961,-0.325962348123322,0.0353065106666562,0.483818037770896,0.595787553203883,0.485104569518712
0.0511238,0.02,-0.50088678274688,-0.328166928311306,0.031073399752207,0.486396207746929,0.598816417583718,0.487387758445731
0.051198,0.02,-0.503063127761945,-0.330362590331829,0.0267785252983612,0.488973777309188,0.601840470228105,0.489706487922277
0.0512722,0.02,-0.505256891534906,-0.33255854880587,0.0224400525328675,0.491559961078652,0.604879917692249,0.492071896467705
0.0513464,0.02,-0.507468074065764,-0.33475480373343,0.0180472021181137,0.494150881303579,0.607934720853006,0.494480328220846
0.0514206,0.02,-0.509696675354518,-0.336951355114507,0.0136141224537549,0.496745302584039,0.61100484170009,0.496931826279515
0.0514948,0.02,-0.511942695401169,-0.339148202949103,0.00915109543592107,0.499342364036394,0.614090243317886,0.499426209833977
0.051569,0.02,-0.514191621112924,-0.341333459985168,0.00465935782356575,0.501928184111759,0.61717222404138,0.501949809862556
0.0516432,0.02,-0.516430145144229,-0.343493103594489,9.40339376310773e-05,0.504491229359006,0.620231897785549,0.504491238122668
0.0517174,0.02,-0.518671596100401,-0.345638412251544,-0.00453154761656505,0.507042778252612,0.623286560600424,0.507063027543844
0.0517916,0.02,-0.520915973981442,-0.347769385956332,-0.00922107327204424,0.509582708644835,0.626336169925926,0.50966613105257
0.0518658,0.02,-0.523163278787351,-0.349886024708855,-0.014012331394421,0.512106607731703,0.62938068492614,0.512298275532506
0.05194,0.02,-0.525413510518128,-0.351988328509111,-0.0188505544158267,0.514613013964835,0.632420066444464,0.514958151254795
0.0520142,0.02,-0.527656127872327,-0.354072524537178,-0.0236876376167603,0.517094898597606,0.635443421488764,0.517637168614786
0.0520884,0.02,-0.529905970789308,-0.356151922995521,-0.0285814247603358,0.51956832630869,0.638470461440125,0.520353863774013
0.0521626,0.02,-0.532176868567394,-0.358233962998287,-0.0335180865482317,0.522040736212233,0.641516789868866,0.523115658713123
0.0522368,0.02,-0.534468821206584,-0.360318644545475,-0.038497622980447,0.524512128308233,0.644582381429281,0.525923035925959
0.052311,0.02,-0.536781828706879,-0.362405967637085,-0.0435346942386809,0.526981982216778,0.647667211620963,0.528777154559063
0.0523852,0.02,-0.539115891068278,-0.364495932273118,-0.0486806003133614,0.529444954873647,0.650771256776137,0.531678249590885
0.0524594,0.02,-0.541448687065726,-0.366571218802377,-0.0537779604878331,0.531881429304142,0.653866300691096,0.53459323216147
0.0525336,0.02,-0.543776624149927,-0.368627947962426,-0.0589340834482657,0.534288403419822,0.656947167579616,0.537528905474663
0.0526078,0.02,-0.546110081984005,-0.370674282548939,-0.0641474796188263,0.53667418743696,0.66002700352921,0.54049429469937
0.052682,0.02,-0.548449060567961,-0.372710222561917,-0.0694181489995138,0.539038781355557,0.663105784954431,0.543490282540362
0.0527562,0.02,-0.550793559901794,-0.374735768001359,-0.0747460915903299,0.541382185175613,0.66618348932472,0.546517747775451
0.0528304,0.02,-0.553143579985504,-0.376750918867265,-0.0801629114463436,0.54370287692885,0.66926009513978,0.549580668102748
0.0529046,0.02,-0.55548527283056,-0.378750608094873,-0.0856236233423012,0.545989858441427,0.672321285892301,0.552662944655378
0.0529788,0.02,-0.557842656114171,-0.380751422354208,-0.0910847680555991,0.548260244623315,0.675396235261395,0.555774892205612
0.053053,0.02,-0.560223235160683,-0.382757324591302,-0.0965822723190433,0.550517589062242,0.67849336234203,0.558925532779827
0.0531272,0.02,-0.562627009970094,-0.384768314806156,-0.102116136132633,0.552761891758206,0.681612652777703,0.56211512543141
0.0532014,0.02,-0.565053980542406,-0.386784392998769,-0.107686359496369,0.554993152711209,0.684754092791159,0.56534392326964
0.0532756,0.02,-0.567504146877618,-0.388805559169142,-0.113272508048695,0.557210213511902,0.687917669175695,0.568606967176468
0.0533498,0.02,-0.569943039447539,-0.390823839164643,-0.118945413545316,0.559404141494977,0.69107043163059,0.571909962253849
0.053424,0.02,-0.57237985700617,-0.39283385139543,-0.124638288316678,0.561563858340674,0.694216922516709,0.575229232488211
0.0534982,0.02,-0.574823713363489,-0.394837116263829,-0.130367182445948,0.563692144932405,0.69736550662083,0.578571029794433
0.0535724,0.02,-0.577274608519495,-0.396833633769839,-0.136132095933126,0.56578900127017,0.700516171499495,0.5819356850215
0.0536466,0.02,-0.579732542474189,-0.39882340391346,-0.141933028778211,0.567854427353969,0.703668905318905,0.585323530471534
0.0537208,0.02,-0.58219751522757,-0.400806426694693,-0.147769980981204,0.569888423183801,0.70682369684167,0.588734899728311
0.053795,0.02,-0.584652536555454,-0.402772432041621,-0.153692234154724,0.5718794133122,0.709960717584747,0.592171737091341
0.0538692,0.02,-0.58712388310374,-0.404745541312537,-0.159697824958018,0.573846670145884,0.713115283333062,0.595653755241953
0.0539434,0.02,-0.589616020246276,-0.406729190278502,-0.165633794167996,0.575794586277442,0.71629301654816,0.599144356025238
0.0540176,0.02,-0.592128947983061,-0.408723378939516,-0.171585861632465,0.577722148360021,0.719493913477565,0.602664573886564
0.0540918,0.02,-0.594662666314097,-0.410728107295579,-0.177554027351428,0.57962935639362,0.722717970463168,0.60621417289766
0.054166,0.02,-0.597217175239384,-0.412743375346691,-0.183538291324884,0.581516210378241,0.72596518394031,0.609792921666962
0.0542402,0.02,-0.599785512012285,-0.414767682523113,-0.189545616299468,0.583381209744145,0.729228970135878,0.613401317687602
0.0543144,0.02,-0.602315513122672,-0.416769052323818,-0.195735503471672,0.58518391078203,0.732448237299484,0.617051534928372
0.0543886,0.02,-0.604856051269093,-0.418774810307467,-0.201903445951036,0.586957378728984,0.735678723700023,0.620712466389474
0.0544628,0.02,-0.607406780394178,-0.420785144570779,-0.208031579247338,0.588700872986911,0.738920249255812,0.624376373527772
0.054537,0.02,-0.609967700497927,-0.422800055113752,-0.214178246114186,0.59041308462232,0.742172811584284,0.628060452187361
0.0546112,0.02,-0.612538811580341,-0.424819541936387,-0.220343446551582,0.592094013635213,0.745436408356406,0.631764636095505
0.0546854,0.02,-0.615120113641419,-0.426843605038685,-0.226527180559524,0.593743660025589,0.748711037295867,0.635488864853531
0.0547596,0.02,-0.617711606681161,-0.428872244420644,-0.232779778280324,0.595356437371911,0.751996696178263,0.639246206634354
0.0548338,0.02,-0.620312898800784,-0.430909018907269,-0.23910424085334,0.596933610188229,0.755295091334676,0.643040102144807
0.054908,0.02,-0.622906461456874,-0.432941488611853,-0.245396064864919,0.598469542552153,0.758584729800285,0.646826887206902
0.0549822,0.02,-0.625505086010981,-0.434983228217081,-0.251667678132908,0.599976499858137,0.761883863496109,0.650621564812319
0.0550564,0.02,-0.628108772463104,-0.437034237722954,-0.257952478001431,0.601453577898425,0.765192495380862,0.654435548601919
0.0551306,0.02,-0.630717520813242,-0.439094517129471,-0.26425046447049,0.602900776673015,0.768510628445674,0.658268679557059
0.0552048,0.02,-0.633331331061395,-0.441164066436632,-0.270565381630099,0.604317597246455,0.771838265713034,0.66212188007826
0.055279,0.02,-0.635950203207565,-0.443242885644438,-0.27696684989992,0.605693285309325,0.775175410235742,0.666014257964714
0.0553532,0.02,-0.638586823050517,-0.445352254273238,-0.283375079358506,0.607056728479515,0.778544642881837,0.669939778781415
0.0554274,0.02,-0.64118662910028,-0.447452202758966,-0.289794564484921,0.60836747470007,0.781878358244318,0.673863394077721
0.0555016,0.02,-0.643790295104765,-0.449564019645019,-0.296196180932763,0.609649184012862,0.785222103503504,0.677793703988686
0.0555758,0.02,-0.646397821063972,-0.451687704931395,-0.302600080054018,0.610902473479791,0.788575884656919,0.681739422765344
0.05565,0.02,-0.649009206977902,-0.453823258618096,-0.309006261848687,0.612127343100858,0.791939707809144,0.685700192528349
0.0557242,0.02,-0.651624452846555,-0.45597068070512,-0.315420331517983,0.613321513037638,0.795313579168785,0.689676202206291
0.0557984,0.02,-0.65424355866993,-0.458129971192468,-0.32185793082905,0.614477108560912,0.798697505045499,0.693667531734718
0.0558726,0.02,-0.656880210288247,-0.460308590138006,-0.328288272122399,0.615607600014052,0.802106980909137,0.697671775843177
0.0559468,0.02,-0.659485142881184,-0.462473868058933,-0.334759666632648,0.616680356890909,0.805482918700582,0.701682760924836
0.056021,0.02,-0.662088741801649,-0.464652511947414,-0.341176935369699,0.617725580863407,0.808865538195029,0.705681652362659
0.0560952,0.02,-0.664691007049643,-0.46684452180345,-0.347612135724749,0.618741150211874,0.812254850641448,0.709700505754811
0.0561694,0.02,-0.667291938625165,-0.46904989762704,-0.354065267697798,0.619727064936312,0.815650867600879,0.713739342340388
0.0562436,0.02,-0.669891536528214,-0.471268639418185,-0.360536674482772,0.620683044114624,0.819053600939034,0.717798115697229
0.0563178,0.02,-0.672489800758792,-0.473500747176884,-0.367025164721218,0.621600993722669,0.822463062819035,0.721869286599483
0.056392,0.02,-0.675087603559749,-0.475746834247132,-0.3735104423799,0.622488960310407,0.825880331995025,0.725949417160149
0.0564662,0.02,-0.677679376843761,-0.478002225346235,-0.379953832485365,0.623347959346172,0.829298176312538,0.730018899235735
0.0565404,0.02,-0.68024890744928,-0.480259137670699,-0.386391831926988,0.624170736175578,0.832698874385058,0.734089746337502
0.0566146,0.02,-0.68281277101669,-0.48252980514065,-0.39282164968629,0.624968208406495,0.836103039769958,0.738169431757427
0.0566888,0.02,-0.68537096754599,-0.484814227756087,-0.399250000938233,0.625737920798606,0.839510689979382,0.742259057724823
0.056763,0.02,-0.687923497037182,-0.487112405517011,-0.405693261054701,0.626475296902801,0.842921842986902,0.74636339653995
0.0568372,0.02,-0.690470359490266,-0.489424338423422,-0.412147009720047,0.627182192620284,0.846336517217484,0.750481618936243
0.0569114,0.02,-0.69301155490524,-0.491750026475319,-0.418567737177529,0.627862818319549,0.849754731537669,0.754593048758126
0.0569856,0.02,-0.695550754804529,-0.49409362475621,-0.424969964156851,0.628525688860957,0.853181904715448,0.758712074501003
0.0570598,0.02,-0.69805562085113,-0.496432500431771,-0.431391779418101,0.629144220830944,0.856578587922204,0.762837674708382
0.057134,0.02,-0.70055054805277,-0.498784769671465,-0.437794412192604,0.629737830149436,0.859975183847332,0.766963937919109
0.0572082,0.02,-0.703035536409448,-0.50115043247529,-0.444169360848844,0.630309882277742,0.863371716831569,0.771088171880396
0.0572824,0.02,-0.705510585921165,-0.503529488843247,-0.450505241349814,0.630858435194651,0.866768211796884,0.775201482028962
0.0573566,0.02,-0.707975696587921,-0.505921938775335,-0.456826778087965,0.631388362495116,0.870164694235146,0.779321480181635
0.0574308,0.02,-0.710430868409715,-0.508327782271556,-0.463134976306866,0.631899853307953,0.873561190197058,0.783448422609538
0.057505,0.02,-0.712887132231171,-0.510756124756314,-0.469427524042108,0.632399284492963,0.876971996290002,0.787585586051139
0.0575792,0.02,-0.715298393197187,-0.51317357276337,-0.475764270665692,0.632846422467561,0.88034022235338,0.791736215965929
0.0576534,0.02,-0.717695723548134,-0.515603245640894,-0.482084937274059,0.633271993589329,0.883704621757012,0.795889002695185
0.0577276,0.02,-0.720079123284013,-0.518045143388886,-0.488370789251845,0.633678502138066,0.887065225548992,0.800034044192128
0.0578018,0.02,-0.722448592404824,-0.520499266007345,-0.49460195133256,0.634074353370135,0.890422065417236,0.804165017806502
0.057876,0.02,-0.724804130910567,-0.522965613496273,-0.50081384309717,0.634457648248988,0.893775173678792,0.808301313161988
0.0579502,0.02,-0.727145738801241,-0.525444185855668,-0.507006464545672,0.634828386774624,0.897124583269419,0.812442389185827
0.0580244,0.02,-0.729473416076847,-0.527934983085531,-0.513187168784868,0.635181671639087,0.900470327733426,0.81658852930448
0.0580986,0.02,-0.731782229070618,-0.530436505766398,-0.51935942127027,0.635515396021273,0.903807566594365,0.820739926555462
0.0581728,0.02,-0.734055745491328,-0.532934063736612,-0.525534818967826,0.635817685022068,0.907114410523639,0.824894523278199
0.058247,0.02,-0.73631194070141,-0.535441914776622,-0.531662343671206,0.636107717621853,0.910413816964095,0.829034303328905
0.0583212,0.02,-0.738550814700866,-0.537960058886427,-0.537756456554377,0.636391745574048,0.913705822927927,0.833172527391958
0.0583954,0.02,-0.740772367489693,-0.540488496066025,-0.543825007932264,0.636669607093943,0.916990466044222,0.837313458538487
0.0584696,0.02,-0.742976599067893,-0.543027226315419,-0.549858477416564,0.636940633508573,0.920267784550948,0.841449770218737
0.0585438,0.02,-0.745163509435466,-0.545576249634608,-0.555858667547219,0.637202813307646,0.923537817287167,0.845580441811746
0.058618,0.02,-0.747335988138888,-0.548139802480257,-0.561835919734382,0.637460498013518,0.926805439253905,0.849714944691113
0.0586922,0.02,-0.749463450515775,-0.550691353497233,-0.567820818640441,0.637687156271057,0.93003033847054,0.853853261020046
0.0587664,0.02,-0.75157108391658,-0.553250686529276,-0.573784577391541,0.637902646102534,0.933244564047741,0.857990983144348
0.0588406,0.02,-0.753658888341303,-0.555817801576385,-0.579717907477721,0.638118357512862,0.936448155812725,0.862129857066358
0.0589148,0.02,-0.755726863789944,-0.55839269863856,-0.585605401325726,0.638336218753658,0.939641154136322,0.866260246250849
0.058989,0.02,-0.757775010262504,-0.560975377715802,-0.591422172954936,0.638558330557858,0.942823599928282,0.870365973707369
0.0590632,0.02,-0.759803327758981,-0.56356583880811,-0.5972163961069,0.638778591673,0.945995534632754,0.874474420985917
0.0591374,0.02,-0.761820499556705,-0.566172629106223,-0.602979387504289,0.639005549289823,0.949169067918819,0.878585359414915
0.0592116,0.02,-0.763787404929713,-0.568762786435548,-0.608753524058102,0.639205184536003,0.952293183406871,0.882702736480897
0.0592858,0.02,-0.765730906633344,-0.571355914285404,-0.614541859243024,0.639391278154035,0.95540117341483,0.886838713262633
0.05936,0.02,-0.767653157246827,-0.573953941036501,-0.620287852945713,0.639585273304112,0.958495955266559,0.890969327384224
0.0594342,0.02,-0.769554156770161,-0.576556866688838,-0.625914960937643,0.639799880399038,0.961577568752664,0.895049398236876
0.0595084,0.02,-0.771433905203346,-0.579164691242414,-0.631518052663637,0.640019025715202,0.964646054094042,0.899132584281934
0.0595826,0.02,-0.773292402546381,-0.58177741469723,-0.637097128123698,0.640242709252602,0.967701451940497,0.903218399621363
0.0596568,0.02,-0.775129648799267,-0.584395037053286,-0.642652187317826,0.64047093101124,0.970743803369451,0.90730636905887
0.059731,0.02,-0.776941079627965,-0.587017096967432,-0.648201285053706,0.640699364913781,0.973769230026057,0.911405827360237
0.0598052,0.02,-0.778711822460853,-0.589624193264039,-0.653804959784035,0.640899563295734,0.976754212544063,0.915539827462938
0.0598794,0.02,-0.780461089712642,-0.592233149124892,-0.659251848919095,0.641135532083187,0.979724254817564,0.919601963244335
0.0599536,0.02,-0.782188881383333,-0.594843964549989,-0.664663573951229,0.641383669162494,0.982679392437461,0.923661560099783
0.0600278,0.02,-0.783895197472924,-0.597456639539332,-0.670050525031407,0.641641932365689,0.98561966130488,0.927724137588777
0.060102,0.02,-0.785580037981418,-0.60007117409292,-0.675412702159629,0.641910321692772,0.98854509763194,0.931789235468134
0.0601762,0.02,-0.787243402908812,-0.602687568210753,-0.680750105335893,0.642188837143744,0.991455737942565,0.935856403764415
0.0602504,0.02,-0.788889168808128,-0.605312266586555,-0.686086844454563,0.642475892221641,0.99435861777476,0.939941716395018
0.0603246,0.02,-0.790486081121746,-0.607912626028772,-0.691383324967626,0.64275488393122,0.997209108127484,0.944004630741145
0.0603988,0.02,-0.792062516033253,-0.61051186465098,-0.696608795811885,0.643058455507372,1.00004388212945,0.948044298333159
0.060473,0.02,-0.793618473542649,-0.61310998245318,-0.701809180479217,0.643376576126767,1.00286296777371,0.952086941677866
0.0605472,0.02,-0.795153953649934,-0.615706979435372,-0.706984478969623,0.643709245789405,1.00566639325899,0.9561321282222
0.0606214,0.02,-0.796668956355109,-0.618302855597555,-0.7121346912831,0.644056464495285,1.00845418699117,0.960179435307299
0.0606956,0.02,-0.798163481658172,-0.620897610939731,-0.717232823579781,0.644421188316882,1.01122637758484,0.964210345916267
0.0607698,0.02,-0.799638752928601,-0.623492751100171,-0.722313543507268,0.644797432646676,1.01398488443352,0.968246138273616
0.060844,0.02,-0.801079861151737,-0.626077886000464,-0.727336159812871,0.645190280627424,1.01671159297103,0.972259424015746
0.0609182,0.02,-0.802491233036604,-0.628647330759615,-0.732335725167407,0.645591383873516,1.01940651634753,0.976270377143644
0.0609924,0.02,-0.803884282483039,-0.631212928897286,-0.737300825671039,0.646012585904613,1.02208595589136,0.980277903801958
0.0610666,0.02,-0.805259009491043,-0.633774680413477,-0.742231461323763,0.646453886720714,1.02474992944606,0.984281550083678
0.0611408,0.02,-0.806615414060615,-0.636332585308187,-0.747127632125583,0.646915286321821,1.02739845499455,0.988280874226768
0.061215,0.02,-0.807953496191756,-0.638886643581418,-0.752017412953747,0.647389471671939,1.03003155066008,0.992291951704396
0.0612892,0.02,-0.809273255884466,-0.641436855233168,-0.756918297472551,0.64787016769368,1.03264923470715,0.996323774300394
0.0613634,0.02,-0.810571759881312,-0.643984692504422,-0.761704854642672,0.648393239341521,1.03525014469794,1.00030399299913
0.0614376,0.02,-0.811832980228117,-0.646505982341429,-0.76648075217377,0.648916987070212,1.0378067127309,1.00428382420566
0.0615118,0.02,-0.813079039927616,-0.649021115071649,-0.771223867063108,0.649461801207213,1.04034894769902,1.00825933387948
0.061586,0.02,-0.81430993897981,-0.651530090695081,-0.775934199310689,0.650027681752526,1.0428768555311,1.01223014611524
0.0616602,0.02,-0.815525677384698,-0.654032909211727,-0.780611748916511,0.65061462870615,1.04539044227778,1.01619589530412
0.0617344,0.02,-0.816726255142281,-0.656529570621585,-0.785341454327036,0.651198613005037,1.04788971411084,1.02020627005728
0.0618086,0.02,-0.817911672252558,-0.659020074924656,-0.789999205082085,0.651813621708738,1.05037467732266,1.02418735662738
0.0618828,0.02,-0.81908770128482,-0.661513241332797,-0.794567191973075,0.652471626854677,1.05285537034043,1.02813240704219
0.061957,0.02,-0.820219891980693,-0.663970666505184,-0.799136743210749,0.653122266538968,1.0552808712282,1.03207956543984
0.0620312,0.02,-0.821340866423493,-0.666420155212933,-0.803675236711792,0.653793345532728,1.05769402103412,1.03602105421011
0.0621054,0.02,-0.822450624613218,-0.668861707456042,-0.808182672476206,0.654484863835955,1.06009481350853,1.03995657076685
0.0621796,0.02,-0.823549166549871,-0.671295323234513,-0.812692751365313,0.655185527188162,1.06248324256033,1.0439049684519
0.0622538,0.02,-0.824636492233449,-0.673721002548345,-0.817216606938451,0.655895419800319,1.06485930225445,1.04787488965574
0.062328,0.02,-0.825712601663954,-0.676138745397538,-0.821658152654351,0.656639502309344,1.06722298680942,1.05180680536704
0.0624022,0.02,-0.826777494841386,-0.678548551782092,-0.826042690585689,0.657409911416232,1.06957429059499,1.05571507439192
0.0624764,0.02,-0.827821885660158,-0.680946103045133,-0.830410874339209,0.658195482083837,1.07190329304014,1.05962423191261
0.0625506,0.02,-0.828844272956935,-0.683318166656168,-0.834764205078246,0.658982981781667,1.07420042156753,1.06352707927808
0.0626248,0.02,-0.829859890402965,-0.685681108823501,-0.839089762582925,0.659787974292542,1.07648781725436,1.06742297178416
0.062699,0.02,-0.830868737998251,-0.688034929547135,-0.843438159546294,0.660596153077387,1.07876546295278,1.07134271194585
0.0627732,0.02,-0.83187081574279,-0.690379628827066,-0.847774794160954,0.661422454800912,1.08103334175407,1.07526822948021
0.0628474,0.02,-0.832866123636584,-0.692715206663297,-0.852045214873798,0.662274762550785,1.08329143698453,1.07916120635475
0.0629216,0.02,-0.833854661679632,-0.695041663055827,-0.856268396160674,0.66314593914472,1.08553973220157,1.0830319029778
0.0629958,0.02,-0.834835593140259,-0.697362313204535,-0.860468290771201,0.66403513184829,1.08777969435535,1.08689849376632
0.06307,0.02,-0.835788799834197,-0.699648905913681,-0.864665016889649,0.664914089465756,1.08997775641272,1.09075952336106
0.0631442,0.02,-0.836739870211487,-0.70192579471959,-0.868831731033691,0.665805413348565,1.09216914060701,1.09460742976432
0.0632184,0.02,-0.83768880427213,-0.704192979622262,-0.872975548262679,0.666705543706126,1.09435382091541,1.09844553341211
0.0632926,0.02,-0.838635602016125,-0.706450460621696,-0.877106935232476,0.667620657909229,1.09653177166991,1.10228576997984
0.0633668,0.02,-0.839580263443473,-0.708698237717893,-0.881224987211322,0.668550889474029,1.09870296755231,1.10612737508033
0.063441,0.02,-0.840522788554173,-0.710936310910853,-0.885267788461761,0.669500677846156,1.10086738358915,1.1099235176013
0.0635152,0.02,-0.841466093549377,-0.71316920111146,-0.889300358827632,0.670459946906013,1.10303014283709,1.11371974419787
0.0635894,0.02,-0.84238610139404,-0.715372722028536,-0.893346775343981,0.671404510362423,1.10515721743305,1.11752068327727
0.0636636,0.02,-0.84330293887157,-0.717559839638173,-0.897386460431412,0.672347199118081,1.10727231075783,1.12131762472885
0.0637378,0.02,-0.844222136319757,-0.719737228242904,-0.901401261176928,0.673294100624957,1.10938392505529,1.12509963096062
0.063812,0.02,-0.845143693738599,-0.721904887842729,-0.905403447237514,0.67425187410584,1.11149202883212,1.12888041528092
0.0638862,0.02,-0.846067611128098,-0.724062818437647,-0.909361774117762,0.675225060916951,1.11359659107052,1.13263750561109
0.0639604,0.02,-0.846993888488253,-0.72621102002766,-0.913287992431801,0.676204211700803,1.11569758122265,1.136374539068
0.0640346,0.02,-0.847922525819064,-0.728349492612767,-0.917191462182117,0.67718683893,1.11779496920529,1.14009744895767
0.0641088,0.02,-0.848846393584313,-0.730475363097469,-0.921083442618517,0.678169063232778,1.11988144729408,1.1438129159054
0.064183,0.02,-0.849758133727739,-0.732572411568035,-0.924990813176864,0.67913257640811,1.12194082911135,1.14753172540035
0.0642572,0.02,-0.850676284158319,-0.734660170611374,-0.928895608314644,0.680097694332308,1.12399986953386,1.15125146036057
0.0643314,0.02,-0.851600844876055,-0.736738640227487,-0.932750201846572,0.68106601585243,1.12605853444564,1.15493456827386
0.0644056,0.02,-0.852531815880946,-0.738807820416375,-0.936582175381126,0.682031984095045,1.12811679031812,1.15859993033414
0.0644798,0.02,-0.853469197172991,-0.740867711178036,-0.940386701411305,0.682993675009633,1.13017460420472,1.16224244815546
0.064554,0.02,-0.854412988752191,-0.74291831251247,-0.944167066010644,0.683955948671266,1.13223194373539,1.16586756892108
0.0646282,0.02,-0.855365217496181,-0.744964812864894,-0.947925844805586,0.684926852554385,1.13429371315771,1.16948202235025
0.0647024,0.02,-0.856298019816476,-0.746974353202053,-0.951670937416849,0.685872205315646,1.13631728979332,1.173072144051
0.0647766,0.02,-0.857240566695866,-0.748975377682373,-0.955396081298201,0.686809376312188,1.13834331621155,1.17664301789043
0.0648508,0.02,-0.85819285813435,-0.750967886305852,-0.959102489179615,0.687738107119086,1.14037175868902,1.18019544514215
0.064925,0.02,-0.859154894131931,-0.752951879072491,-0.962793552937129,0.688656795207377,1.14240258416621,1.18373122251742
0.0649992,0.02,-0.860126674688606,-0.75492735598229,-0.966482512814886,0.689565310329406,1.14443576024226,1.1872610348136
0.0650734,0.02,-0.861108199804376,-0.756894317035249,-0.970162776961879,0.690470470515797,1.14647125516979,1.19078347505191
0.0651476,0.02,-0.862099469479242,-0.758852762231367,-0.97381782807463,0.691373820599644,1.14850903784975,1.19428594653313
0.0652218,0.02,-0.863086889229645,-0.760793157737524,-0.977439708062723,0.692260109389149,1.15053257547118,1.19775308054257
0.065296,0.02,-0.864074509041596,-0.762712277610586,-0.981053606807508,0.693119561696384,1.15254274349952,1.20119977782058
0.0653702,0.02,-0.865074279195076,-0.764623832699225,-0.984647574029002,0.693965888370023,1.15455754038356,1.20462421495767
0.0654444,0.02,-0.866086199690083,-0.766527823003442,-0.988221844338559,0.694797525943864,1.15657693593293,1.20802566847134
0.0655186,0.02,-0.867110270526618,-0.768424248523237,-0.991787447976122,0.695617509442672,1.15860090064321,1.21141490060434
0.0655928,0.02,-0.868146491704681,-0.77031310925861,-0.995347061710889,0.696427562881104,1.16062940569107,1.2147950953132
0.065667,0.02,-0.869194863224273,-0.772194405209562,-0.998866199530534,0.697228463969908,1.16266242292955,1.2181384221567
0.0657412,0.02,-0.870251055944991,-0.774066774708562,-1.00235984300871,0.698010911374221,1.16469578520792,1.22145179490388
0.0658154,0.02,-0.871298467895809,-0.775909830953138,-1.00585225512922,0.698753422753154,1.16670351243463,1.22474287299735
0.0658896,0.02,-0.872359366021568,-0.777746282670159,-1.00931004850024,0.69947972603115,1.16871730700491,1.22799782619196
0.0659638,0.02,-0.873433750322267,-0.779576129859626,-1.01274248017838,0.700191885106203,1.17073714319182,1.23122540873978
0.066038,0.02,-0.874521620797908,-0.781399372521537,-1.01616772821419,0.700889342994434,1.17276299592887,1.23444024682734
0.0661122,0.02,-0.87562297744849,-0.783216010655894,-1.01958579260766,0.701572099695841,1.17479484080562,1.23764235527031
0.0661864,0.02,-0.876737820274014,-0.785026044262696,-1.02297602357883,0.702233843333298,1.17683265406325,1.24081115224671
0.0662606,0.02,-0.877870398683964,-0.786835178072115,-1.02633464880324,0.702879823149789,1.17888338453696,1.2439464848317
0.0663348,0.02,-0.878986989981092,-0.788609616810295,-1.02968233640524,0.703478518235066,1.18089934214636,1.24704760916461
0.066409,0.02,-0.880115849975552,-0.790376677898183,-1.0329754475575,0.704063044086255,1.18291977849031,1.2500972143416
0.0664832,0.02,-0.88125839833852,-0.792137938415021,-1.03625811825231,0.704629400256092,1.18494678282131,1.25312947429588
0.0665574,0.02,-0.882414635069998,-0.793893398360811,-1.03953034848965,0.705177586744575,1.18698033519793,1.25614440821026
0.0666316,0.02,-0.883584560169985,-0.79564305773555,-1.04279307966704,0.705706747603092,1.1890204162644,1.2591423353275
0.0667058,0.02,-0.884768173638482,-0.79738691653924,-1.0460457173906,0.706204526234901,1.19106700724667,1.26211587255128
0.06678,0.02,-0.885965475475488,-0.799124974771881,-1.04926015616644,0.706680406264608,1.19312008994848,1.26504706312324
0.0668542,0.02,-0.88716521673024,-0.800848879315578,-1.05239437908929,0.707140593114216,1.19516569950657,1.26790447099482
0.0669284,0.02,-0.888361770370693,-0.802551174914896,-1.05553047372071,0.707564177718516,1.19719464725392,1.27074452449874
0.0670026,0.02,-0.889571094976749,-0.804248169163643,-1.05865248148079,0.707967467671317,1.19922969051854,1.273563116546
0.0670768,0.02,-0.890793190548408,-0.805939862061821,-1.06176040236953,0.70835046297262,1.20127081442431,1.27636026670898
0.067151,0.02,-0.89202805708567,-0.807626253609429,-1.0648593553989,0.708709845739428,1.20331800458035,1.2791384179316
0.0672252,0.02,-0.893275694588535,-0.809307343806466,-1.06795705418341,0.709030796348073,1.20537124707772,1.28189583810468
0.0672994,0.02,-0.894536103057003,-0.810983132652934,-1.07093941326842,0.709351613657777,1.207430528486,1.2845586552161
0.0673736,0.02,-0.8958084033021,-0.812654077595918,-1.07389573292236,0.709653712903608,1.20949549203787,1.28719090947176
0.0674478,0.02,-0.897065418410983,-0.814294296478912,-1.07686037329513,0.709909378945552,1.21152860725076,1.28980602800894
0.067522,0.02,-0.898333252883823,-0.815929289790023,-1.07980722988657,0.710144112271713,1.21356633076815,1.29239634551847
0.0675962,0.02,-0.89961190672062,-0.81755905752925,-1.08273630269667,0.710357912882095,1.21560865218278,1.29496187803791
0.0676704,0.02,-0.900901379921375,-0.819183599696594,-1.0856579469614,0.710543805469668,1.21765556146067,1.29750748641068
0.0677446,0.02,-0.902201672486086,-0.820802916292054,-1.08850763025729,0.710711834250606,1.21970704893849,1.29998468162983
0.0678188,0.02,-0.903512784414755,-0.822417007315632,-1.09130444193056,0.710869038907029,1.22176310532071,1.30241321225407
0.067893,0.02,-0.904835393755249,-0.82402659745757,-1.09407643692033,0.71100733066347,1.22382471094096,1.30481212213923
0.0679672,0.02,-0.906148193843636,-0.825613649253967,-1.09684492189055,0.711108672056025,1.22586395943454,1.30718947599434
0.0680414,0.02,-0.907459981321167,-0.82718620833136,-1.09960110019995,0.711181108711234,1.22789276443549,1.30954234332025
0.0681156,0.02,-0.908779747495868,-0.828753115359935,-1.10230956377001,0.711237169779224,1.22992371945477,1.31184781360278
0.0681898,0.02,-0.910107492367739,-0.830314370339693,-1.10499544109294,0.711270637668618,1.23195681793499,1.31412360333634
0.068264,0.02,-0.91144321593678,-0.831869973270632,-1.10760817710523,0.711292799003118,1.23399205358319,1.31633328602754
0.0683382,0.02,-0.91278691820299,-0.833419924152754,-1.11018812377133,0.71129999363556,1.23602942036883,1.31850876034589
0.0684124,0.02,-0.91413859916637,-0.834964222986058,-1.11273528109126,0.711292221565943,1.23806891252166,1.32065000293244
0.0684866,0.02,-0.915489979490634,-0.836496115677243,-1.11525792840128,0.711262728700967,1.24009985649982,1.32276033963113
0.0685608,0.02,-0.916825775870473,-0.838002689287781,-1.11777134900671,0.711198602102103,1.24210225446782,1.32484574207425
0.068635,0.02,-0.918166010812392,-0.839502650037604,-1.12027297066471,0.711113297683833,1.24410350165543,1.32691131992485
0.0687092,0.02,-0.919510684316393,-0.840995997926713,-1.12276319051605,0.711004825067223,1.24610359404856,1.32895637371836
0.0687834,0.02,-0.920859796382475,-0.842482732955106,-1.12515128606685,0.71089891105009,1.24810252780814,1.33091798329954
0.0688576,0.02,-0.922213347010638,-0.843962855122785,-1.1275047573537,0.710781713253705,1.25010029926865,1.33284568564823
0.0689318,0.02,-0.923571336200881,-0.845436364429749,-1.12982360437657,0.710653231678068,1.2520969049367,1.33473944749563
0.069006,0.02,-0.924936491793813,-0.846905815489049,-1.13210509929486,0.71051602093623,1.25409607852071,1.33659828365013
0.0690802,0.02,-0.926272104498403,-0.84833957216679,-1.1343859513996,0.710338444894296,1.25604937851823,1.338436473288
0.0691544,0.02,-0.927608133143264,-0.849765238460112,-1.13668066033497,0.710132333461736,1.25799753941282,1.34027267919903
0.0692286,0.02,-0.928944577728397,-0.851182814369015,-1.13890826655547,0.709923865462353,1.25994055890274,1.34205213549303
0.0693028,0.02,-0.9302814382538,-0.8525922998935,-1.14105731173625,0.709717525354302,1.26187843479364,1.34376737364092
0.069377,0.02,-0.931618714719474,-0.853993695033565,-1.14317135691063,0.709504387510147,1.26381116499762,1.34545056659731
0.0694512,0.02,-0.932956407125419,-0.855386999789212,-1.14525040207858,0.709284451929888,1.26573874753235,1.34710167292994
0.0695254,0.02,-0.934294515471635,-0.856772214160439,-1.14729444724013,0.709057718613524,1.26766118052016,1.34872065194889
0.0695996,0.02,-0.935616254455091,-0.858134935778359,-1.14933313595941,0.708802680431129,1.26955635700189,1.35032140514791
0.0696738,0.02,-0.93692066706626,-0.859475854526936,-1.15137220697832,0.708520755816294,1.27142403661827,1.35190961991718
0.069748,0.02,-0.938221217862758,-0.860806754817927,-1.15333518680686,0.708242788905683,1.27328210652159,1.35343633066492
0.0698222,0.02,-0.939517906844583,-0.862127636651331,-1.15523924298017,0.707967847603351,1.27513056553423,1.35491556259477
0.0698964,0.02,-0.940810734011736,-0.863438500027149,-1.1571088435564,0.707691153255008,1.27696941253925,1.35636560124173
0.0699706,0.02,-0.942099699364217,-0.86473934494538,-1.15894398853556,0.707412705860652,1.27879864647986,1.35778639887716
0.0700448,0.02,-0.943384802902026,-0.866030171406026,-1.16074536016698,0.707131911795612,1.28061826635889,1.35917818251651
0.070119,0.02,-0.94466079162691,-0.867306204634727,-1.16253364627169,0.706833167119691,1.28242117256191,1.36055047861306
0.0701932,0.02,-0.945904785223446,-0.868549236707402,-1.16432198264316,0.706509092199813,1.28417819608247,1.36191070802277
0.0702674,0.02,-0.947140606559584,-0.869779981176266,-1.16603620143936,0.706189355881473,1.2859208934647,1.36321085288645
0.0703416,0.02,-0.948368255635325,-0.870998438041319,-1.16769641978068,0.705876239294959,1.28764926411162,1.36446919861527
0.0704158,0.02,-0.949587732450669,-0.872204607302561,-1.16932449184963,0.705566951320151,1.28936330745861,1.36570292891046
0.07049,0.02,-0.950799037005615,-0.873398488959992,-1.17092041764621,0.705261491957049,1.29106302297309,1.36691199296014
0.0705642,0.02,-0.952002169300163,-0.874580083013611,-1.17247716536913,0.704959664600455,1.29274841015424,1.36809021340905
0.0706384,0.02,-0.953198513728097,-0.875750329300699,-1.17397763400239,0.704660502463092,1.2944211238402,1.36922237378352
0.0707126,0.02,-0.954357717424084,-0.876884018754717,-1.17547607284872,0.704338547384265,1.29604175671709,1.37034185047791
0.0707868,0.02,-0.955500094387534,-0.877999236979615,-1.17695139625111,0.704012036257998,1.29763750350835,1.37143994995536
0.070861,0.02,-0.95663016118821,-0.879099701287635,-1.17834595394455,0.703698761528909,1.29921420485576,1.37247627817563
0.0709352,0.02,-0.957747917826108,-0.880185411678774,-1.17971737327496,0.703390984221156,1.30077186048606,1.37349625317668
0.0710094,0.02,-0.95885336430123,-0.881256368153034,-1.18106565424233,0.703088704334741,1.30231047014223,1.37449983841176
0.0710836,0.02,-0.959946500613577,-0.882312570710414,-1.18238975070649,0.702791985540199,1.30383003358332,1.37548613134241
0.0711578,0.02,-0.961027326763146,-0.883354019350914,-1.18365624629646,0.702501890565975,1.30533055058439,1.37642690167164
0.071232,0.02,-0.962081626809513,-0.884368318959658,-1.1849039809665,0.70220361912109,1.30679316658145,1.37734794689541
0.0713062,0.02,-0.963103152538065,-0.885351612547254,-1.18611974261076,0.701900476719862,1.30821067121041,1.37823957388786
0.0713804,0.02,-0.964108582181636,-0.886317655243247,-1.18729876357567,0.701609439681018,1.30960465188246,1.37910629026113
0.0714546,0.02,-0.965097915740226,-0.887266447047635,-1.18844754216152,0.701329223454438,1.31097510846799,1.37995298475744
0.0715288,0.02,-0.966071153213836,-0.88819798796042,-1.18956235074479,0.701057755467807,1.31232204084548,1.38077534842241
0.071603,0.02,-0.967028294602466,-0.889112277981601,-1.19064471657766,0.70079026705045,1.31364544890141,1.38157223463232
0.0716772,0.02,-0.967969339906115,-0.890009317111177,-1.19169986003863,0.700528153345178,1.31494533253021,1.38234881634315
0.0717514,0.02,-0.968891558897247,-0.890886370953992,-1.19269386758203,0.70028030072149,1.31621783108037,1.38308031630356
0.0718256,0.02,-0.969767176002369,-0.891721290167299,-1.19368920858015,0.700022870538799,1.31742750654039,1.38380849323817
0.0718998,0.02,-0.970623411973297,-0.892536606149054,-1.19464525579747,0.699779404411091,1.31860964700959,1.38451020293725
0.071974,0.02,-0.971460266810032,-0.893332318899258,-1.19555997961286,0.699546634676788,1.31976425242562,1.38518199487992
0.0720482,0.02,-0.972277740512572,-0.89410842841791,-1.19644294215757,0.699322853601481,1.32089132273029,1.38583121894695
0.0721224,0.02,-0.973075833080919,-0.89486493470501,-1.19726706059916,0.699111051843712,1.32199085786957,1.38643596217271
0.0721966,0.02,-0.973854544515072,-0.89560183776056,-1.19806534981473,0.698914877218851,1.32306285779352,1.38702652751292
0.0722708,0.02,-0.974613874815032,-0.896319137584558,-1.1988395071014,0.698734338508821,1.32410732245626,1.38760435268793
0.072345,0.02,-0.975330107687103,-0.896996762074877,-1.19961045283488,0.698548658697157,1.32509320809283,1.38817703017962
0.0724192,0.02,-0.976015932053645,-0.897646184878465,-1.20035366299012,0.698363136456906,1.32603762120439,1.38872603007783
0.0724934,0.02,-0.976679708136789,-0.89827396620192,-1.20106565399933,0.698183632022699,1.32695115608763,1.38925126929625
0.0725676,0.02,-0.977321435936534,-0.89888010604524,-1.20173483695227,0.69801332755478,1.32783381271338,1.38974430158529
0.0726418,0.02,-0.977941115452881,-0.899464604408428,-1.20235774087759,0.697862242450291,1.32868559105487,1.39020712359202
0.072716,0.02,-0.97853874668583,-0.900027461291481,-1.20296062806571,0.697727637542398,1.32950649108768,1.39066104024911
0.0727902,0.02,-0.979114329635379,-0.900568676694401,-1.20354349851664,0.697609512831103,1.3302965127897,1.39110602946509
0.0728644,0.02,-0.979655800264883,-0.901077975588843,-1.20410320124335,0.697496160777292,1.33103982099857,1.39153347553824
0.0729386,0.02,-0.980153998661957,-0.901548447295106,-1.20464461235261,0.69737424170842,1.33172499560279,1.39194090214655
0.0730128,0.02,-0.980628185937298,-0.901995702765004,-1.20515660468389,0.697258592374646,1.33237678111757,1.39232610636068
0.073087,0.02,-0.981078362090904,-0.902419741998537,-1.20561463942316,0.697156645730479,1.33299517752754,1.39267155046609
0.0731612,0.02,-0.981504527122775,-0.902820564995705,-1.20604707730386,0.697072831955773,1.33358018481892,1.39300397907688
0.0732354,0.02,-0.981906681032912,-0.903198171756508,-1.20646186015655,0.697006305955751,1.33413180297951,1.39332982834449
0.0733096,0.02,-0.982284823821315,-0.903552562280946,-1.20684359283338,0.696957743237258,1.3346500319987,1.39363609074297
0.0733838,0.02,-0.982637451972837,-0.903882293297101,-1.20718205741844,0.696919039746642,1.33513278821086,1.39390984920633
0.073458,0.02,-0.982935992035137,-0.904164288290358,-1.20752164907888,0.696863692373219,1.33554341923343,1.39417629399665
0.0735322,0.02,-0.98320863929325,-0.904421502493582,-1.20783417252967,0.696814656349857,1.33591821701541,1.39442248032452
0.0736064,0.02,-0.983456075402124,-0.904654505958967,-1.20809747692579,0.696779825020117,1.33625806916075,1.39463315546043
0.0736806,0.02,-0.98367830036176,-0.904863298686513,-1.20834445391982,0.69676256034321,1.33656297566274,1.39483847983013
0.0737548,0.02,-0.983875314172158,-0.905047880676219,-1.20856584740638,0.696764196078944,1.33683293651596,1.39503109372323
0.073829,0.02,-0.984047116833318,-0.905208251928087,-1.20873490779129,0.696781438457598,1.33706795171624,1.39518617047771
0.0739032,0.02,-0.984193708345239,-0.905344412442114,-1.20887648552031,0.696806631689071,1.3372680212607,1.39532141071862
0.0739774,0.02,-0.984293617883551,-0.905438680998957,-1.20901205141781,0.696822094554015,1.33740537282285,1.39544658512325
0.0740516,0.02,-0.984357650164854,-0.905500049001398,-1.20912888802488,0.696836899398214,1.33749404566137,1.39555520572251
0.0741258,0.02,-0.984396067659467,-0.905536866280122,-1.20920268708254,0.696865511671875,1.33754724560138,1.3956334331784
0.0742,0.02,-0.984408870367387,-0.905549132835129,-1.20925951009317,0.696912082726806,1.33756497264112,1.39570591952653
0.0742742,0.02,-0.984396058288616,-0.905536848666419,-1.20926283922262,0.696977176926991,1.33754722678,1.39574130822365
0.0743484,0.02,-0.984357631423154,-0.905500013773993,-1.2092395077196,0.697050194872204,1.33749400801862,1.39575755817453
0.0744226,0.02,-0.984293589771,-0.90543862815785,-1.20918951558413,0.697131136562445,1.33740531635875,1.39575467262819
0.0744968,0.02,-0.984193670808634,-0.90534434190286,-1.20912312533972,0.697211652082583,1.33726794587895,1.39573737502118
0.074571,0.02,-0.98404706995373,-0.905208163788507,-1.20904592665702,0.697283114112838,1.33706785754272,1.39570619902358
0.0746452,0.02,-0.983875257979883,-0.905047774954342,-1.2089250204834,0.697369574771545,1.3368328235852,1.3956446642924
0.0747194,0.02,-0.983678234887089,-0.904863175400363,-1.20876183323297,0.697474245593452,1.33656284400929,1.39555562151671
0.0747936,0.02,-0.98345600067535,-0.904654365126571,-1.20857033918222,0.697587193539948,1.33625791881916,1.39544622158719
0.0748678,0.02,-0.983208555344667,-0.904421344132966,-1.20835246669199,0.697707960390689,1.33591804802025,1.39531791422355
0.074942,0.02,-0.982935898895038,-0.904164112419547,-1.2081082157623,0.697836546145674,1.33554323161926,1.39517070859766
0.0750162,0.02,-0.982637349663792,-0.903882099922454,-1.20783826805581,0.697972380741041,1.3351325819987,1.39500491972515
0.0750904,0.02,-0.982284712355852,-0.903552351368113,-1.20755970922297,0.698094005259697,1.33464980717448,1.39482460959011
0.0751646,0.02,-0.981906560518767,-0.903197943415919,-1.20722144739933,0.698230255472719,1.33413155969737,1.39459998304834
0.0752388,0.02,-0.981504397620183,-0.902820319266844,-1.20685459316197,0.698374633074304,1.33357992315003,1.39435473863641
0.075313,0.02,-0.981078223660101,-0.902419478920886,-1.20646093579997,0.698526627131767,1.33299489754309,1.39409018303101
0.0753872,0.02,-0.980628038638521,-0.901995422378047,-1.20604047531335,0.698686237645108,1.33237648288875,1.39380633043789
0.0754614,0.02,-0.980153842555441,-0.901548149638326,-1.2055932117021,0.698853464614328,1.33172467920081,1.39350319594381
0.0755356,0.02,-0.979655635410864,-0.901077660701724,-1.20509968511726,0.699029583803666,1.33103948649465,1.39316460265915
0.0756098,0.02,-0.979114156054548,-0.900568344540169,-1.20458026592525,0.699198617991528,1.3302961601742,1.39280017391506
0.075684,0.02,-0.978538564522863,-0.900027112012734,-1.20401024042865,0.69936648712216,1.32950612056374,1.3923915190659
0.0757582,0.02,-0.977940924797214,-0.899464238072265,-1.20341385137713,0.699540698240996,1.32868520273395,1.39196339254373
0.0758324,0.02,-0.977321236877598,-0.89887972271876,-1.20279109877069,0.699721251348034,1.32783340670692,1.39151581265542
0.0759066,0.02,-0.976679500764018,-0.89827356595222,-1.20214198260933,0.699908146443276,1.32695073250712,1.39104879850045
0.0759808,0.02,-0.976015716456472,-0.897645767772645,-1.20146650289305,0.700101383526722,1.32603718016132,1.39056236997485
0.076055,0.02,-0.975329883954961,-0.896996328180035,-1.20076051800119,0.700302314251477,1.3250927496987,1.39005365110001
0.0761292,0.02,-0.97461364299391,-0.896318686893714,-1.20000047552693,0.7005026761082,1.32410684674037,1.38949816138763
0.0762034,0.02,-0.973854304775906,-0.895601370437092,-1.19921364210004,0.700686952121805,1.32306236499243,1.38891164739611
0.0762776,0.02,-0.973075585540939,-0.894864450851419,-1.19839898244438,0.700876881376566,1.32199034813929,1.38830419000012
0.0763518,0.02,-0.972277485289008,-0.894107928136693,-1.19755649655997,0.701072463872484,1.32089079622685,1.38767581302451
0.076426,0.02,-0.971460004020113,-0.893331802292915,-1.1966861844468,0.701273699609558,1.31976370930507,1.38702654113391
0.0765002,0.02,-0.970623141734255,-0.892536073320084,-1.19578804610486,0.701480588587789,1.318609087428,1.38635639983835
0.0765744,0.02,-0.969766898431433,-0.891720741218201,-1.19482773765779,0.701699350031342,1.31742693065386,1.38563895027198
0.0766486,0.02,-0.968891274111648,-0.890885805987265,-1.19381559326286,0.701916035434304,1.31621723904501,1.38487609247809
0.0767228,0.02,-0.967969048008947,-0.890008736174342,-1.19279236699925,0.702110319879525,1.31494472445422,1.38409267466199
0.076797,0.02,-0.967027995782802,-0.889111681287442,-1.19174290124403,0.702306493542789,1.31364482506859,1.38328795033352
0.0768712,0.02,-0.966070847614316,-0.888197375654812,-1.1906644658161,0.702507290752343,1.31232140146015,1.3824609809023
0.0769454,0.02,-0.96509760350349,-0.887265819276451,-1.18955706071547,0.702712711508186,1.31097445373451,1.38161179627753
0.0770196,0.02,-0.964108263450324,-0.88631701215236,-1.18839655560701,0.70292815843276,1.3096039820052,1.38072240848632
0.0770938,0.02,-0.963102827454817,-0.885350954282539,-1.18717752798789,0.70314860157006,1.3082099863938,1.37978564960264
0.077168,0.02,-0.96208129551697,-0.884367645666988,-1.18591414419953,0.7033644102132,1.30679246702993,1.37880885222248
0.0772422,0.02,-0.961026989381431,-0.883353331120627,-1.18463484173657,0.703565545137466,1.30532983644803,1.37781137481181
0.0773164,0.02,-0.959946157357312,-0.882311867791083,-1.18333995595162,0.703757459089627,1.30382930518916,1.3767962857939
0.0773906,0.02,-0.958853015334837,-0.881255650740446,-1.18201527095445,0.703952547131773,1.30230972774478,1.37575771463686
0.0774648,0.02,-0.957747563314006,-0.880184679968717,-1.18065869949668,0.704151286332713,1.30077110433986,1.37469414734377
0.077539,0.02,-0.95662980129482,-0.879098955475894,-1.17923119620661,0.704359389488922,1.29921343521539,1.37357503022881
0.0776132,0.02,-0.955499729277278,-0.877998477261979,-1.17776995920296,0.704565452967817,1.29763672062843,1.37242652055281
0.0776874,0.02,-0.954357347261381,-0.87688324532697,-1.17625119817443,0.704770501788824,1.2960409608523,1.37122877062818
0.0777616,0.02,-0.953198138663088,-0.875749542333058,-1.17469945682706,0.704970765542802,1.29442031521733,1.37000094676602
0.0778358,0.02,-0.952001789537396,-0.874579282735297,-1.17314734457702,0.705147780435889,1.29274758908002,1.36876151477961
0.07791,0.02,-0.950798652742121,-0.873397675646906,-1.17156450856651,0.705326755581301,1.29106218978082,1.36749743322301
0.0779842,0.02,-0.949587343867578,-0.872203781203993,-1.16993892261116,0.705508861173651,1.2893624624519,1.36619904693097
0.0780584,0.02,-0.948367862913768,-0.870997599406563,-1.16823747987698,0.705696796983075,1.2876484075941,1.36483946992365
0.0781326,0.02,-0.947140209880692,-0.869779130254613,-1.1665037954134,0.705882131771385,1.28592002574006,1.36345175516701
0.0782068,0.02,-0.945904384768348,-0.868548373748143,-1.16473755995991,0.706064824245188,1.28417731745446,1.36203565284385
0.078281,0.02,-0.944660387576738,-0.867305329887154,-1.16291674048505,0.706242837888782,1.28242028333433,1.3605713106521
0.0783552,0.02,-0.943384395437659,-0.866029285094244,-1.16108753688003,0.706399328001393,1.2806173668181,1.35908950363798
0.0784294,0.02,-0.942099288713754,-0.864738447416484,-1.1592270687822,0.706552502630093,1.27879773703085,1.35758013979663
0.0785036,0.02,-0.940810320366452,-0.863437591583419,-1.15732844409304,0.706707360021843,1.27696849352966,1.3560399773664
0.0785778,0.02,-0.939517490395753,-0.86212671759505,-1.15535038849031,0.706867331307353,1.27512963731173,1.35443565526543
0.078652,0.02,-0.938220798801657,-0.860805825451377,-1.15334183081076,0.707023693351508,1.27328116943393,1.35280445063517
0.0787262,0.02,-0.936920245584164,-0.859474915152398,-1.15130743424168,0.707171249214662,1.27142309101326,1.35114765435018
0.0788004,0.02,-0.935615830743274,-0.858133986698115,-1.1492432040722,0.707312294926311,1.26955540322738,1.34946308755003
0.0788746,0.02,-0.934294089713205,-0.856771255648143,-1.14716088164725,0.707436652631433,1.26766021889855,1.34775543251291
0.0789488,0.02,-0.932955979557895,-0.85538603223051,-1.14505139323988,0.707545034817659,1.26573777850228,1.34601733623892
0.079023,0.02,-0.931618285536517,-0.853992718778255,-1.14289460512899,0.707653296492713,1.26381018894147,1.34424003305584
0.0790972,0.02,-0.93028100764907,-0.852591315291378,-1.14070078527284,0.707759942869184,1.26187745209384,1.34243153205378
0.0791714,0.02,-0.928944145895554,-0.851181821769879,-1.13844964054309,0.707863941472254,1.25993956994179,1.34057410973408
0.0792456,0.02,-0.92760770027597,-0.849764238213758,-1.13616623873978,0.707961687003085,1.25799654457327,1.3386872197479
0.0793198,0.02,-0.926271670790316,-0.848338564623014,-1.13383030518439,0.708056590027859,1.25604837818267,1.33675551079336
0.079394,0.02,-0.924936057438594,-0.846904800997648,-1.13145832509311,0.708145621361934,1.25409507307178,1.33479143032782
0.0794682,0.02,-0.923570901413314,-0.84543534335035,-1.12910036167787,0.708197721190734,1.25209589477936,1.33282093284914
0.0795424,0.02,-0.92221291199235,-0.843961827869964,-1.12669133999807,0.708246422319646,1.25009928483582,1.33080666152347
0.0796166,0.02,-0.920859361320961,-0.842481699915797,-1.12424844189798,0.708287695227595,1.24810150950372,1.32876108398796
0.0796908,0.02,-0.919510249399148,-0.840994959487849,-1.12177290368193,0.708321443573482,1.24610257227648,1.32668523578919
0.079765,0.02,-0.918165576226911,-0.839501606586119,-1.11925582409928,0.708349644431216,1.24410247681964,1.32457269281304
0.0798392,0.02,-0.91682534180425,-0.838001641210608,-1.11668596720393,0.708376561028248,1.24210122697232,1.32241631174316
0.0799134,0.02,-0.915489546131164,-0.836495063361316,-1.11409484738076,0.708396262418775,1.24009882674862,1.32023959703125
0.0799876,0.02,-0.914138166715653,-0.834963166820272,-1.1114987171408,0.708388347434836,1.23806788093093,1.3180453137078
0.0800618,0.02,-0.912786486857049,-0.833418864571977,-1.10887612408127,0.70836127851996,1.23602838738165,1.31581988108704
0.080136,0.02,-0.911442785868074,-0.83186891068417,-1.10622484621387,0.708323705869886,1.23399101960826,1.31356609376086
0.0802102,0.02,-0.910107063748727,-0.83031330515685,-1.10354488353862,0.708275629484613,1.23195578338097,1.31128398041999
0.0802844,0.02,-0.908779320499009,-0.828752047990017,-1.10081764899239,0.708220913952667,1.22992268473034,1.30896002967741
0.0803586,0.02,-0.907459556118919,-0.827185139183673,-1.09805507027455,0.708160563469787,1.22789172994929,1.30660488327937
0.0804328,0.02,-0.906147770608459,-0.825612578737817,-1.09527146995807,0.708092490588901,1.22586292559519,1.30422949212649
0.080507,0.02,-0.904834972666034,-0.824025525982364,-1.09246020940475,0.708005240055593,1.22382367816204,1.30182208042376
0.0805812,0.02,-0.903512365660387,-0.822415935323725,-1.08963965667889,0.707887107496349,1.22176207404536,1.29939168012067
0.0806554,0.02,-0.902201256215199,-0.820801844197741,-1.08679254582435,0.7077561758782,1.21970601956156,1.29693363058913
0.0807296,0.02,-0.900900966283113,-0.819182527913286,-1.08390892891733,0.707612563774888,1.21765453437675,1.29443968828168
0.0808038,0.02,-0.899611495864132,-0.817557986470363,-1.08099160209716,0.707459614101179,1.21560762778636,1.29191406424297
0.080878,0.02,-0.898332844958254,-0.815928219868969,-1.0780556314661,0.707297488757393,1.21356530945365,1.28936949015334
0.0809522,0.02,-0.89706501356548,-0.814293228109105,-1.07510101702413,0.707126187743532,1.21152758941247,1.28680598467641
0.0810264,0.02,-0.89580800168581,-0.812653011190772,-1.07209353768364,0.706947419630599,1.20949447806997,1.28419593819066
0.0811006,0.02,-0.8945357048431,-0.810982068651579,-1.06908957459325,0.706726852275593,1.20742951881819,1.28156754103377
0.0811748,0.02,-0.893275299898489,-0.809306282611462,-1.06606006769422,0.706489062845233,1.20537024207632,1.2789100296159
0.081249,0.02,-0.892027666038399,-0.807625195618006,-1.06300323140168,0.70623490707405,1.20331700460641,1.27622239987406
0.0813232,0.02,-0.89079280326283,-0.805938807671211,-1.05992957156721,0.70596999462039,1.20126981983872,1.27351652128543
0.0813974,0.02,-0.889570711571782,-0.804247118771077,-1.0568390881908,0.705694325484252,1.199228701682,1.27079240607922
0.0814716,0.02,-0.888361390965255,-0.802550128917605,-1.05372776456763,0.70540882875898,1.19719366452692,1.26804724577273
0.0815458,0.02,-0.887164841443249,-0.800847838110794,-1.05054867148215,0.705119690463812,1.19516472324938,1.26524554495667
0.08162,0.02,-0.885965104446514,-0.799123938780054,-1.04736564341088,0.7047945386008,1.19311912055263,1.2624223273687
0.0816942,0.02,-0.884767806965503,-0.797385886139972,-1.04418487744692,0.704434177339063,1.19106604504443,1.25958309312732
0.0817684,0.02,-0.883584197936951,-0.795642033289245,-1.04098820690089,0.704061840916458,1.18901946156509,1.25672571499966
0.0818426,0.02,-0.882414277360857,-0.793892380227871,-1.03777563177279,0.703677529332986,1.18697938831058,1.25385020125595
0.0819168,0.02,-0.881258045237222,-0.792136926955852,-1.03454715206263,0.703281242588648,1.18494584405465,1.25095656040405
0.081991,0.02,-0.880115501566046,-0.790375673473188,-1.03128939820839,0.702876379948484,1.18291884815276,1.24803566789837
0.0820652,0.02,-0.878986646347328,-0.788608619779877,-1.02794845648092,0.702471265300104,1.180898420546,1.2450477532022
0.0821394,0.02,-0.877870059912851,-0.78683418880052,-1.02462612910216,0.702027668369656,1.1788824719864,1.242055373804
0.0822136,0.02,-0.876737486468766,-0.785025063131787,-1.02132069463323,0.70154163245665,1.17683175089927,1.23905472976622
0.0822878,0.02,-0.87562264864232,-0.783215037954466,-1.01799554785771,0.70104864109899,1.17479394724922,1.23603565185025
0.082362,0.02,-0.874521297037822,-0.781398408554121,-1.0146549381713,0.700542989582243,1.17276211222209,1.23299842814507
0.0824362,0.02,-0.873433431655271,-0.779575174930754,-1.01129886557398,0.700024677906409,1.17073626957629,1.22994306583239
0.0825104,0.02,-0.872359052494666,-0.777745337084363,-1.00789949310747,0.699500856952588,1.16871644372186,1.2268507802841
0.0825846,0.02,-0.871298159556008,-0.775908895014949,-1.00445315747235,0.698960068523012,1.16670265972484,1.22371210786927
0.0826588,0.02,-0.870250752839297,-0.774065848722512,-1.00100963065652,0.698398842135197,1.16469494331171,1.22056594388132
0.082733,0.02,-0.869194565427021,-0.772193489515208,-0.9975715461373,0.697803288588955,1.16266159213141,1.21740643140585
0.0828072,0.02,-0.868146199217732,-0.770312204080431,-0.99412230201612,0.697193794571678,1.16062858614263,1.21423158357666
0.0828814,0.02,-0.867109983360932,-0.76842335409423,-0.990657569143484,0.696571721759416,1.1586000925089,1.21103863805254
0.0829556,0.02,-0.866085917856621,-0.766526939556605,-0.987167474650701,0.695935197990596,1.15657613937672,1.20781845606467
0.0830298,0.02,-0.8650740027048,-0.764622960467556,-0.983638095423422,0.69529097797143,1.15455675556894,1.20456359185254
0.083104,0.02,-0.864074237905468,-0.762711416827084,-0.980075854406266,0.694632817009934,1.15254197058948,1.20127575138156
0.0831782,0.02,-0.863086623458626,-0.760792308635187,-0.976502057384145,0.693962086776709,1.1505318146282,1.19797314075022
0.0832524,0.02,-0.862099209109414,-0.758851925080809,-0.972928654611921,0.693265076460695,1.14850828928046,1.19465753804386
0.0833266,0.02,-0.861107944814482,-0.756893492002898,-0.969359696132944,0.692545011900842,1.14647051896635,1.19133404803006
0.0834008,0.02,-0.860126425057288,-0.754926543218579,-0.965781587463756,0.691811426914274,1.14443503648647,1.18799710651717
0.083475,0.02,-0.85915464983783,-0.75295107872785,-0.962177161097007,0.691070380769383,1.14240187293938,1.18463629883329
0.0835492,0.02,-0.858192619156109,-0.750967098530713,-0.958511589030288,0.690334095014661,1.14037106007197,1.18123055710775
0.0836234,0.02,-0.857240333012125,-0.748974602627167,-0.954849341609913,0.689575257710193,1.1383426302846,1.17781632745474
0.0836976,0.02,-0.856297791405878,-0.746973591017211,-0.951173136013486,0.688805984471339,1.13631661663628,1.17438665647957
0.0837718,0.02,-0.855364994337369,-0.744964063700848,-0.947482972241013,0.688026275298099,1.13429305284986,1.17094156053461
0.083846,0.02,-0.854412770846084,-0.742917576547124,-0.943808021253,0.687207686059522,1.13223129639113,1.16748789490974
0.0839202,0.02,-0.853468984450482,-0.740866988443305,-0.940120419530992,0.686383075642872,1.13017396978695,1.16402239228809
0.0839944,0.02,-0.85253160829439,-0.738807110974475,-0.936350304220019,0.685571891447589,1.12811616882636,1.16050019842995
0.0840686,0.02,-0.851600642377806,-0.736737944140633,-0.932571341379047,0.684752065205226,1.12605792587897,1.15696788959951
0.0841428,0.02,-0.850676086700731,-0.73465948794178,-0.92878976090347,0.683916269425578,1.12399927389094,1.15342615001747
0.084217,0.02,-0.849757941263165,-0.732571742377915,-0.924992494499763,0.683072939156822,1.12194024639034,1.14986945132447
0.0842912,0.02,-0.848846206065108,-0.730474707449039,-0.921179542167926,0.68222207439896,1.11988087749273,1.14629782679107
0.0843654,0.02,-0.847922343221872,-0.728348850606776,-0.917369441792647,0.681344142603617,1.1177944123653,1.1427145458929
0.0844396,0.02,-0.846993710726789,-0.726210391626001,-0.913513561362775,0.68046701994428,1.11569703724458,1.1390971828714
0.0845138,0.02,-0.846067438135481,-0.724062203614006,-0.909601939868385,0.679601923246101,1.11359605987787,1.13544461031445
0.084588,0.02,-0.845143525447946,-0.721904286570791,-0.905691026447932,0.678727608163226,1.11149151034808,1.13178946870488
0.0846622,0.02,-0.844221972664187,-0.719736640496359,-0.901770638156004,0.677844356185881,1.10938341920275,1.12812377647727
0.0847364,0.02,-0.843302779784202,-0.717559265390706,-0.897833461372417,0.676956976938541,1.10727181745939,1.124444606455
0.0848106,0.02,-0.842385946807991,-0.715372161253834,-0.893879496097173,0.676065470421205,1.10515673661096,1.12075201264097
0.0848848,0.02,-0.841465943408132,-0.713168653801292,-0.889910974582005,0.675164049382995,1.10302967443332,1.11704433048144
0.084959,0.02,-0.840522642785167,-0.71093577701155,-0.885886649799659,0.674261386354444,1.10086692750286,1.11329401930572
0.0850332,0.02,-0.83958012195294,-0.708697717098539,-0.881841512688688,0.673370417264606,1.09870252361556,1.10953691797442
0.0851074,0.02,-0.838635464723682,-0.706449953171601,-0.877771050762261,0.672479056287116,1.09653133973839,1.10576222520987
0.0851816,0.02,-0.837688671097393,-0.704192485230736,-0.873679536322004,0.671585091355494,1.0943534008447,1.10197208091621
0.0852558,0.02,-0.836739741074074,-0.701925313275944,-0.869570438022462,0.67069082691466,1.0921687322526,1.09817072078527
0.08533,0.02,-0.835788674653725,-0.699648437307226,-0.865443755863636,0.669796262964612,1.08997735962995,1.09435822674512
0.0854042,0.02,-0.834835471836345,-0.697361857324582,-0.861284565747534,0.668903963424349,1.08777930899949,1.09052446807934
0.0854784,0.02,-0.833854544178423,-0.695041219825739,-0.857079081938719,0.668001865261314,1.08553935815513,1.0866512985726
0.0855526,0.02,-0.832866009823949,-0.692714775874292,-0.852854141452808,0.667113607436064,1.08329107401226,1.0827745618639
0.0856268,0.02,-0.831870705533898,-0.690379210284928,-0.848608914695298,0.666235727129194,1.08103298965346,1.07889162301118
0.085701,0.02,-0.83086863130827,-0.688034523057649,-0.844336793691472,0.665357258735463,1.07876512152148,1.07499065248641
0.0857752,0.02,-0.829859787147066,-0.685680714192454,-0.840030332968547,0.664488449066984,1.07648748629013,1.07107229412897
0.0858494,0.02,-0.828844173050284,-0.683317783689344,-0.835689532526519,0.663629298123757,1.07420010086833,1.06713674854848
0.0859236,0.02,-0.827821789017926,-0.680945731548318,-0.831312711809516,0.662780068608575,1.07190298240406,1.06318307179943
0.0859978,0.02,-0.826777401387834,-0.678548191599709,-0.826873276286022,0.661933190312702,1.06957398985243,1.05918599097304
0.086072,0.02,-0.825712511303819,-0.676138396166151,-0.822420346568935,0.661096089735316,1.0672226956422,1.0551887349256
0.0861462,0.02,-0.824636404866494,-0.673720664052144,-0.817960814463453,0.6602649500563,1.0648590204351,1.05119441506819
0.0862204,0.02,-0.82354908207586,-0.671294995257689,-0.813480981713688,0.65944185407722,1.06248296986164,1.04719380561512
0.0862946,0.02,-0.822450542931915,-0.668861389782785,-0.808974893352273,0.658629096786184,1.06009454970354,1.04318390766332
0.0863688,0.02,-0.821340787434659,-0.666419847627431,-0.804430913925257,0.657829933658442,1.05769376589614,1.03915798457005
0.086443,0.02,-0.820219815584095,-0.663970368791631,-0.799833258578607,0.657051708319553,1.05528062453079,1.0351087812081
0.0865172,0.02,-0.819087627380219,-0.66151295327538,-0.795192801787788,0.656292337060578,1.0528551318574,1.03104375450295
0.0865914,0.02,-0.81791159837674,-0.659019800174495,-0.790536330873189,0.655516044771826,1.05037444741446,1.02696103888305
0.0866656,0.02,-0.816726180441095,-0.656529310108774,-0.785846655177519,0.654762513042034,1.04788949267077,1.02287287281402
0.0867398,0.02,-0.815525601614041,-0.654032662205205,-0.781107217370941,0.654026114314157,1.04539022863195,1.01876329107102
0.086814,0.02,-0.81430986189558,-0.651529856463788,-0.77633200365034,0.653305604073747,1.04287664900702,1.0146425933332
0.0868882,0.02,-0.81307896128571,-0.649020892884523,-0.771541952405924,0.652598206002945,1.04034874762556,1.01052531032162
0.0869624,0.02,-0.811832899784433,-0.646505771467409,-0.766711679660269,0.651905019479347,1.03780651843832,1.00639304158457
0.0870366,0.02,-0.810571677391748,-0.643984492212448,-0.76184587693942,0.651227836229425,1.03524995551789,1.00225088420497
0.0871108,0.02,-0.809273178453244,-0.64143667720141,-0.756967544492926,0.650546293689843,1.03264906343975,0.998103373228064
0.087185,0.02,-0.807953408413474,-0.638886490534147,-0.752048421775272,0.649887431265283,1.03003138687808,0.993946931184591
0.0872592,0.02,-0.806615314992185,-0.636332455465748,-0.747060894688044,0.649255914534572,1.02739829679585,0.989764225929703
0.0873334,0.02,-0.805258898189379,-0.633774571996214,-0.742042790818851,0.648643083043299,1.0247497749315,0.985578689190338
0.0874076,0.02,-0.803884158005055,-0.631212840125544,-0.736996810637486,0.648045735398573,1.02208580316471,0.981390632754411
0.0874818,0.02,-0.802491094439212,-0.628647259853738,-0.731925455180797,0.647459705893276,1.01940636351548,0.977199540880482
0.087556,0.02,-0.801079707491852,-0.626077831180797,-0.726823439477373,0.646890667548394,1.01671143814323,0.973005574462411
0.0876302,0.02,-0.799638644515212,-0.623492764332194,-0.721702116174975,0.646326830589399,1.01398480707392,0.96880974212235
0.0877044,0.02,-0.798163331801599,-0.620897645352488,-0.71654075949244,0.645777884236169,1.01122628043227,0.964603408548066
0.0877786,0.02,-0.796668776981996,-0.618302930697867,-0.711326352557295,0.645253099388786,1.00845409133364,0.960383643193334
0.0878528,0.02,-0.795153741510667,-0.615707092712149,-0.706075988309053,0.644748156577367,1.00566629487841,0.95616080586715
0.087927,0.02,-0.793618225387615,-0.613110131395336,-0.700786982560602,0.644257932867778,1.00286286245278,0.951929975885546
0.0880012,0.02,-0.792062228612838,-0.610512046747427,-0.695469507657752,0.643783183106514,1.00004376565172,0.947699648059696
0.0880754,0.02,-0.790485751186337,-0.607912838768422,-0.690125279665574,0.643324946159889,0.997208976277345,0.943472250776413
0.0881496,0.02,-0.788888793108111,-0.605312507458321,-0.684745190218568,0.64288270811531,0.994358466337494,0.939241263957849
0.0882238,0.02,-0.787243103465571,-0.602687953638183,-0.679348239461021,0.642432535250826,0.991455734470624,0.935004595072983
0.088298,0.02,-0.785579678522166,-0.600071631346014,-0.673911909935995,0.642007240955359,0.988545089539803,0.93076880039712
0.0883722,0.02,-0.783894768369924,-0.597457167783904,-0.668439951551468,0.641600452430998,0.985619640233544,0.926532843125267
0.0884464,0.02,-0.782188373008846,-0.594844562951854,-0.662901005362331,0.641214440908385,0.982679350013832,0.922276369717799
0.0885206,0.02,-0.78046049243893,-0.592233816849861,-0.657338277112477,0.640843495887088,0.979724182654777,0.918027230956676
0.0885948,0.02,-0.778711126660177,-0.589624929477927,-0.651755826128494,0.6404847883273,0.976754102241814,0.913786857517168
0.088669,0.02,-0.776940275672588,-0.587017900836052,-0.646153043915408,0.640131388403477,0.973769073170925,0.909550411236513
0.0887432,0.02,-0.775129027367466,-0.584396126994105,-0.640535618423371,0.639773777032086,0.970743963315428,0.90531561581965
0.0888174,0.02,-0.773291664223532,-0.581778659199739,-0.634889267173663,0.639431005460777,0.967701610134987,0.90108622912399
0.0888916,0.02,-0.771433027218209,-0.579166090966532,-0.629203351884179,0.639104712671366,0.964646192346449,0.896856561430553
0.0889658,0.02,-0.769553116351497,-0.576558422294483,-0.623421252222856,0.6388049173653,0.961577668836483,0.892594969834135
0.08904,0.02,-0.767651931623395,-0.573955653183593,-0.617625347106701,0.638515605918171,0.958495998920462,0.888348607467655
0.0891142,0.02,-0.765729473033905,-0.571357783633863,-0.611854365587071,0.638217806572511,0.95540114234377,0.88413106116355
0.0891884,0.02,-0.763785740583024,-0.568764813645291,-0.606053334532449,0.637928212832506,0.952293059283181,0.879916501166773
0.0892626,0.02,-0.761819394939493,-0.566175526350689,-0.600223593274097,0.637645607830967,0.949169909523292,0.875705591571158
0.0893368,0.02,-0.759801844723075,-0.563568794397445,-0.594393733192254,0.637348864215281,0.9459961042537,0.871503003307925
0.089411,0.02,-0.75777321699153,-0.560978701486203,-0.588503072833914,0.637075979919094,0.942824136258103,0.867295607578427
0.0894852,0.02,-0.755724723189662,-0.558396380093602,-0.582491232648564,0.636831719015695,0.939641620268989,0.863047318782075
0.0895594,0.02,-0.753656363317472,-0.555821830219642,-0.57655668681472,0.636566107244006,0.93644851482483,0.858856228947869
0.0896336,0.02,-0.751568137374958,-0.553255051864321,-0.570604297695887,0.636301249072956,0.933244778999945,0.854674525255562
0.0897078,0.02,-0.749460045362121,-0.550696045027642,-0.564626122914845,0.636039387358959,0.93003037240903,0.850499124602612
0.089782,0.02,-0.747332087278962,-0.548144809709604,-0.558622162471592,0.635780522102015,0.926805255211853,0.846330663918511
0.0898562,0.02,-0.745160716570841,-0.54558275046203,-0.552615962920768,0.635506057853946,0.923539404206493,0.842171213022572
0.0899304,0.02,-0.742973153133508,-0.543034464371977,-0.546537296385379,0.635248486035044,0.920269273513414,0.837999794361582
0.0900046,0.02,-0.740768207920313,-0.540496438767522,-0.540427082800357,0.63498902140731,0.916991787414613,0.83383001213192
0.0900788,0.02,-0.738545880931255,-0.537968673648665,-0.534339426804139,0.634716381208757,0.913706907092108,0.829688801667297
0.090153,0.02,-0.736306172166334,-0.535451169015405,-0.52823087990203,0.634440687318868,0.910414594330628,0.825556084229115
0.0902272,0.02,-0.734049081625551,-0.532943924867743,-0.522101442094032,0.634161939737645,0.907114811525393,0.8214324571433
0.0903014,0.02,-0.731774609308904,-0.530446941205678,-0.51595111338014,0.633880138465086,0.903807521690133,0.817318531136253
0.0903756,0.02,-0.729468316411206,-0.527948145702516,-0.509796912887174,0.633579195911446,0.900473913669088,0.813213065488428
0.0904498,0.02,-0.727139481460854,-0.525458465429143,-0.50359646550843,0.633277097711227,0.897127875160677,0.80910399984065
0.090524,0.02,-0.724796625074162,-0.522980950128635,-0.497384277735448,0.632958944142063,0.893778060771434,0.805001953232319
0.0905982,0.02,-0.722439747251131,-0.520515599800991,-0.491167920755162,0.632628880574953,0.890424437021168,0.80091524327888
0.0906724,0.02,-0.720068847991759,-0.518062414446213,-0.484947394567572,0.632286907009896,0.887066971039965,0.796844218322514
0.0907466,0.02,-0.717683927296047,-0.515621394064299,-0.478722699172678,0.631933023446893,0.883705630578356,0.792789233545654
0.0908208,0.02,-0.715284985163995,-0.51319253865525,-0.472493834570479,0.631567229885943,0.880340384017726,0.788750651076066
0.090895,0.02,-0.712872021595603,-0.510775848219066,-0.466228245312349,0.631195822709601,0.87697120038101,0.784714561693028
0.0909692,0.02,-0.710420502909636,-0.508352583412498,-0.459903970223542,0.630800385041607,0.873567192616882,0.780654076781782
0.0910434,0.02,-0.707963549321366,-0.50594773504117,-0.453634209495342,0.630374462079396,0.870169809727386,0.776631159860555
0.0911176,0.02,-0.705496572055011,-0.503556207517582,-0.447364742275257,0.629930221408307,0.866772327264121,0.772623644780902
0.0911918,0.02,-0.703019571110569,-0.501178000841732,-0.441095568563281,0.629467663028339,0.863374719280223,0.76863179702932
0.091266,0.02,-0.700532546488042,-0.498813115013621,-0.434826688359419,0.628986786939493,0.85997696038825,0.764655888000666
0.0913402,0.02,-0.698035498187429,-0.496461550033249,-0.428558101663669,0.628487593141769,0.85657902577123,0.760696195096769
0.0914144,0.02,-0.695528426208731,-0.494123305900616,-0.422170021224453,0.627986512609546,0.853180891193976,0.756699799682909
0.0914886,0.02,-0.692996773783829,-0.491786906531839,-0.415820723955498,0.627440735214473,0.849764020132031,0.752720898260008
0.0915628,0.02,-0.690453379349483,-0.489461749922088,-0.409523585491442,0.626857198517991,0.846344299733811,0.748772004289417
0.091637,0.02,-0.687904307689981,-0.487150252021441,-0.403232186411683,0.626249143323603,0.842928054215178,0.744838362110796
0.0917112,0.02,-0.685349558805322,-0.484852412829898,-0.396946526716219,0.625616569631308,0.839515264888985,0.740920128805606
0.0917854,0.02,-0.682789132695507,-0.482568232347459,-0.390666606405056,0.624959477441107,0.836105913505002,0.737017466416845
0.0918596,0.02,-0.680223029360535,-0.480297710574122,-0.384331729140999,0.624284713150311,0.832699982259617,0.733104549909272
0.0919338,0.02,-0.677651248800407,-0.47804084750989,-0.377935028581247,0.623589041960873,0.829297453805765,0.729176370353831
0.092008,0.02,-0.675071741330355,-0.475795940765706,-0.371590787912624,0.62285101575666,0.825895655147744,0.72527450078617
0.0920822,0.02,-0.672468772214452,-0.473551446306146,-0.365303528710111,0.622064454505811,0.822475058528984,0.721395074593437
0.0921564,0.02,-0.669866638626353,-0.471322280855489,-0.359026500819444,0.621249997867761,0.819064103703361,0.717531593827998
0.0922306,0.02,-0.667262940098646,-0.469106297564295,-0.352762104708036,0.620405498993071,0.815659579508247,0.713683463237649
0.0923048,0.02,-0.664657676631327,-0.466903496432564,-0.346505541702862,0.619531415839823,0.812261473963838,0.709848762514445
0.092379,0.02,-0.6620508482244,-0.464713877460296,-0.34016617599867,0.618634655057242,0.808869775389605,0.705989988407308
0.0924532,0.02,-0.659442257963808,-0.462537393882727,-0.333828939616731,0.617705508411043,0.805484284345902,0.702140908968404
0.0925274,0.02,-0.656832204767704,-0.460374342394222,-0.327517198751235,0.616736007918146,0.802105404766054,0.698305677293739
0.0926016,0.02,-0.654205879349737,-0.458214341851398,-0.321252038698618,0.615719708277503,0.798715040332953,0.694488035555222
0.0926758,0.02,-0.651575201195894,-0.456064468404114,-0.315014210590391,0.614667391745211,0.795327003284936,0.690688030407902
0.09275,0.02,-0.648947918527424,-0.453927132020997,-0.308795966205303,0.613581468289896,0.791949014865151,0.686904044953479
0.0928242,0.02,-0.646324031344327,-0.451802332702045,-0.302583198446248,0.612461816686547,0.788581068329815,0.683129613529488
0.0928984,0.02,-0.643703539646603,-0.44969007044726,-0.296336095311489,0.611307743586536,0.785223157078564,0.679346920765321
0.0929726,0.02,-0.641086443434251,-0.447590345256641,-0.290097420237995,0.610119396887205,0.781875274658392,0.675575452252927
0.0930468,0.02,-0.638472742707273,-0.445503157130187,-0.283867651038631,0.608896655910374,0.77853741476766,0.671815436623055
0.093121,0.02,-0.635849856930185,-0.44339401852535,-0.277692690620054,0.607597548086601,0.775179525156718,0.668047910605709
0.0931952,0.02,-0.633228368094541,-0.441311243025627,-0.271526684415421,0.606280201505103,0.771837922999706,0.664305970985283
0.0932694,0.02,-0.630613161008181,-0.439238396828983,-0.265364747616891,0.604928182363844,0.768507207569081,0.660572899153303
0.0933436,0.02,-0.628004235671106,-0.437175479935417,-0.259205513807742,0.603541411544648,0.765187375926715,0.656848333968841
0.0934178,0.02,-0.625401592083316,-0.43512249234493,-0.253017619082625,0.602117348256834,0.761878425160347,0.653118072509161
0.093492,0.02,-0.622805230244809,-0.43307943405752,-0.24684469230343,0.600657842127371,0.758580352384552,0.649401374673233
0.0935662,0.02,-0.620215150155587,-0.431046305073189,-0.240721155225239,0.599159079368576,0.755293154741764,0.645707578523571
0.0936404,0.02,-0.617619757648831,-0.428992392088751,-0.234646260357511,0.597593108616733,0.751989785507908,0.642009650212499
0.0937146,0.02,-0.61505189639661,-0.426931159973018,-0.228576940122751,0.595974730535053,0.748704915582216,0.638305018774104
0.0937888,0.02,-0.612497147420438,-0.424879528908268,-0.222513670134564,0.594321452164222,0.745436361927352,0.63461037014797
0.093863,0.02,-0.609950077569121,-0.422832586357055,-0.216440695862134,0.592631604765185,0.742176861140236,0.630919007315395
0.0939372,0.02,-0.607410795509339,-0.420788720845129,-0.210370699957433,0.59090386988729,0.738925586302009,0.627234577210437
0.0940114,0.02,-0.604882609059628,-0.418737991450905,-0.204323445526486,0.589123401482901,0.735679601611408,0.623549879774343
0.0940856,0.02,-0.60236662624635,-0.416695564127698,-0.198301717501476,0.587309649108211,0.73244845933288,0.619884017457819
0.0941598,0.02,-0.599862847069505,-0.414661438875508,-0.192288410154456,0.585461939486376,0.729232160690022,0.616230894443695
0.094234,0.02,-0.597286556747676,-0.412656947679386,-0.18638188650932,0.583603622022617,0.725973131279362,0.612642959036249
0.0943082,0.02,-0.594705754394135,-0.410741780597592,-0.180531034391091,0.58179547864162,0.722761194751058,0.60916125397644
0.0943824,0.02,-0.592147837690188,-0.408757191601581,-0.174694154860372,0.579877347086096,0.719528667508931,0.605620165950564
0.0944566,0.02,-0.589607645762659,-0.406784091174622,-0.168876870571885,0.57793468741062,0.716317298949669,0.60210289845388
0.0945308,0.02,-0.587085178611548,-0.404822479316717,-0.163079621220293,0.575967664318373,0.713127090149776,0.598609817157818
0.094605,0.02,-0.584580436236854,-0.402872356027863,-0.157289750791211,0.573976261758659,0.709958042198489,0.595137643546773
0.0946792,0.02,-0.582096519369802,-0.400926121981111,-0.151477210068963,0.571956040460814,0.706808399178484,0.591674790226767
0.0947534,0.02,-0.579660943943726,-0.398893524151381,-0.145652656236811,0.569818727207953,0.703649666768656,0.588139505683584
0.0948276,0.02,-0.577232043676128,-0.396857170437337,-0.139868386619138,0.567645480495289,0.700494429652406,0.584623431879161
0.0949018,0.02,-0.574809818567008,-0.394817060838976,-0.134140777181597,0.565436158014131,0.697342698427799,0.581129759083687
0.094976,0.02,-0.572406519517632,-0.392740611208416,-0.128439992524081,0.563161604127287,0.69418615030743,0.577622561923273
0.0950502,0.02,-0.570038886505311,-0.390615357924194,-0.122749292669279,0.560809355213294,0.691031612861858,0.574085813921193
0.0951244,0.02,-0.567581490659687,-0.388658897016756,-0.117172517478249,0.558597520501223,0.687898602098996,0.570754403191342
0.0951986,0.02,-0.565081330449949,-0.386757360789299,-0.111661201325602,0.556417578343989,0.684761393587422,0.567511009031249
0.0952728,0.02,-0.562639126762764,-0.384766561272375,-0.106127343334966,0.554126395814453,0.68162166458948,0.564197727345346
0.095347,0.02,-0.560217829128405,-0.382783851203147,-0.100622127178074,0.551818813998679,0.678503863522718,0.560917833519981
0.0954212,0.02,-0.557817437546872,-0.380809230581614,-0.0951511583743024,0.549497635779917,0.675407997974202,0.557674990175899
0.0954954,0.02,-0.555437952018165,-0.378842699407777,-0.089712492288696,0.547163662058275,0.672334075766433,0.554469480088554
0.0955696,0.02,-0.553087773140156,-0.376838173643965,-0.0842946358877938,0.544770325021815,0.669263097677181,0.55125338335817
0.0956438,0.02,-0.550750898107444,-0.374800257507056,-0.0789028545945223,0.542327596130647,0.666184497563184,0.548037299814539
0.095718,0.02,-0.54841983470732,-0.372751682031097,-0.0735446264246671,0.539860887781764,0.663104917458328,0.544847309099034
0.0957922,0.02,-0.546094582939783,-0.370692447216087,-0.0682199513782265,0.537370199975165,0.660024381321802,0.541683204084635
0.0958664,0.02,-0.543775142804834,-0.368622553062028,-0.0629128307357303,0.534854300088263,0.656942914231051,0.538541685103473
0.0959406,0.02,-0.541469470891929,-0.36652065778779,-0.0576498510787402,0.532294173415691,0.653855167826316,0.535406940916622
0.0960148,0.02,-0.539125432110483,-0.364467338834502,-0.0524914626200361,0.529769704779348,0.650763146333148,0.532363873445586
0.096089,0.02,-0.536788778179642,-0.362391767740353,-0.0473976056439214,0.527213345141314,0.647665025847135,0.529339630403648
0.0961632,0.02,-0.534472282528989,-0.360317902020326,-0.0423273184675079,0.524654031150388,0.644584836393222,0.52635867456612
0.0962374,0.02,-0.532175945158524,-0.358245741674419,-0.0372806010907986,0.522091762806572,0.641522601342481,0.523421103900258
0.0963116,0.02,-0.529899766068249,-0.356175286702635,-0.0322525995817075,0.519526499326504,0.638478344923999,0.520526669520621
0.0963858,0.02,-0.527643745258162,-0.354106537104971,-0.0271990117804051,0.516958469247696,0.635452092238694,0.517673492820283
0.09646,0.02,-0.525396483528565,-0.352020888533437,-0.0222051334075863,0.51436977590752,0.632424043556262,0.514848846086695
0.0965342,0.02,-0.523148968233604,-0.349912001473714,-0.0173288587573422,0.511754609661957,0.629383231218647,0.512047917539066
0.0966084,0.02,-0.520905015455982,-0.34778806216263,-0.0124959794831464,0.509127884971893,0.626337426081209,0.509281211865504
0.0966826,0.02,-0.5186646251957,-0.345649070600182,-0.00770649558499847,0.506489601837328,0.623286670350142,0.506548227559368
0.0967568,0.02,-0.516427797452759,-0.343495026786374,-0.00296040706289968,0.503839760258263,0.62023100810011,0.503848457402702
0.096831,0.02,-0.514194532227157,-0.341325930721202,0.00175954522885768,0.501178368495266,0.61717048532395,0.50118145720586
0.0969052,0.02,-0.511943266128231,-0.339139376779606,0.00648815637181666,0.498503828053023,0.614085844663839,0.49854604878248
0.0969794,0.02,-0.509696377632638,-0.336948330161471,0.0110623033365681,0.495828235724557,0.611002925173387,0.495951624553078
0.0970536,0.02,-0.507467026550198,-0.334756602640074,0.0155963389967248,0.493162304405596,0.607934837007079,0.493408861165604
0.0971278,0.02,-0.505255212880913,-0.332564194215419,0.0200985799736401,0.490506369087784,0.604881619341741,0.490917967722346
0.097202,0.02,-0.503060936624783,-0.330371104887505,0.0245690262673122,0.487860429771124,0.60184331258426,0.488478695531535
0.0972762,0.02,-0.500884197781807,-0.328177334656331,0.0290076778777438,0.485224486455614,0.598819958392886,0.486090781266188
0.0973504,0.02,-0.498706085268273,-0.325971285513169,0.0334301623732693,0.482586947189827,0.595789424597914,0.483743462337528
0.0974246,0.02,-0.496520750754889,-0.323746514160432,0.0377866144627219,0.479940744552449,0.592743335147035,0.481425951226265
0.0974988,0.02,-0.49433432120191,-0.321506220833622,0.0420513502461068,0.477294329252899,0.589688622200625,0.479143186108803
0.097573,0.02,-0.492146796609334,-0.319250405532738,0.0462642768777012,0.474648840801316,0.586625341121271,0.476898212818049
0.0976472,0.02,-0.489958176977164,-0.316979068257781,0.0504253943575035,0.472004279197703,0.583553549299768,0.474690172614783
0.0977214,0.02,-0.487768462305398,-0.314692209008749,0.0545347026855139,0.469360644442058,0.580473306217072,0.472518198959639
0.0977956,0.02,-0.485560979850222,-0.312380725553684,0.0585679920264191,0.466707214304378,0.57736572711805,0.470367764173694
0.0978698,0.02,-0.483356290814576,-0.310063273883449,0.0625757462638272,0.464064234064975,0.5742582499898,0.468264174754792
0.097944,0.02,-0.481164374776208,-0.307746728687025,0.0665315176927238,0.461439744270672,0.57116302801507,0.466211411742656
0.0980182,0.02,-0.478985231735117,-0.305431089964413,0.0704405848773367,0.458836692461497,0.568080102571101,0.464212221238161
0.0980924,0.02,-0.476818861691305,-0.303116357715613,0.0743029478176645,0.456255078637451,0.565009516007802,0.46226575131288
0.0981666,0.02,-0.47466526464477,-0.300802531940625,0.0781186065137101,0.453694902798532,0.561951311665148,0.460371134530624
0.0982408,0.02,-0.472506004737843,-0.298477164475266,0.0818691251078001,0.45114371678056,0.558883299291107,0.458511948411919
0.098315,0.02,-0.470335814501806,-0.296134841095662,0.0855750504077834,0.448596540753805,0.555798185058057,0.456685828145099
0.0983892,0.02,-0.46816020275538,-0.29377893867962,0.0892790700556984,0.446056551213138,0.55270248801293,0.454903505405453
0.0984634,0.02,-0.465979169498563,-0.29140945722714,0.0928663455651504,0.443522598468541,0.549596268335209,0.453140655305736
0.0985376,0.02,-0.463792714731357,-0.289026396738223,0.0963913049508427,0.440997548744329,0.546479588136064,0.451409040304504
0.0986118,0.02,-0.46160083845376,-0.286629757212869,0.0998539482127758,0.438481402040502,0.543352511525549,0.44970740588641
0.098686,0.02,-0.459387755840194,-0.284211870671766,0.103238490525372,0.435966490377751,0.540197646835521,0.448023399677127
0.0987602,0.02,-0.457174303212615,-0.28179232193721,0.106565768210584,0.433472398578368,0.5370430673798,0.446379416285737
0.0988344,0.02,-0.454969558871946,-0.279377223244147,0.109933584278923,0.431005265694529,0.53389973999595,0.444804374988402
0.0989086,0.02,-0.452773522818188,-0.276966574592579,0.113239663997319,0.428562296480347,0.530767695330771,0.443270643587791
0.0989828,0.02,-0.450586195051341,-0.274560375982507,0.116466060827826,0.426144280455833,0.527646964580012,0.441772895377218
0.099057,0.02,-0.448407575571404,-0.272158627413928,0.119647720161717,0.423753014006208,0.524537579498035,0.440320558024767
0.0991312,0.02,-0.446219733911287,-0.269749762162406,0.122766711531899,0.421376930407035,0.521418243944853,0.438896551523946
0.0992054,0.02,-0.444018078151383,-0.267329228846805,0.125818443018767,0.419011478277177,0.518282712736085,0.437493885136343
0.0992796,0.02,-0.441807628064904,-0.264899986772022,0.128848381058775,0.416659116929714,0.515136858716356,0.436126959751534
0.0993538,0.02,-0.439588383651853,-0.262462035938057,0.131868523620303,0.414317545970595,0.511980729471724,0.434796890997273
0.099428,0.02,-0.437360344912227,-0.260015376344911,0.134799958154134,0.411984823004684,0.508814374047676,0.43347724635159
0.0995022,0.02,-0.435123511846029,-0.257560007992583,0.137654606450234,0.409662360925282,0.505637843004616,0.432171309362208
0.0995764,0.02,-0.432863150419689,-0.25508989240231,0.140436373162545,0.407345106612731,0.502435428883235,0.430874008021355
0.0996506,0.02,-0.430600724093267,-0.252624892635791,0.143166721751123,0.405052923128729,0.499235735869229,0.429609800577328
0.0997248,0.02,-0.428344510182325,-0.250170294928507,0.145856970139224,0.402791148895249,0.496048582165045,0.428386467300905
0.099799,0.02,-0.426094508686863,-0.247726099280459,0.148569386957102,0.40055821283298,0.492873970298504,0.427223295957466
0.0998732,0.02,-0.423850719606883,-0.245292305691648,0.151254652539134,0.398350883505821,0.489711902798775,0.426100218616
0.0999474,0.02,-0.421613142942382,-0.242868914162072,0.153888841419645,0.396166341439381,0.486562382195765,0.425005347734525
0.1000216,0.02,-0.419364522341763,-0.240445176416535,0.156458843836285,0.393995595787218,0.483405094574844,0.423924402829458
0.1000958,0.02,-0.417101140917255,-0.238017152954125,0.158970315819568,0.391836048969263,0.480234866346524,0.422855827184178
0.10017,0.02,-0.414827562702804,-0.235587415546444,0.161427821403435,0.389690272757118,0.477056953771561,0.421802619959355
0.1002442,0.02,-0.412543787698407,-0.233155964193494,0.163838515085137,0.387557221784145,0.473871375383179,0.420765563208715
0.1003184,0.02,-0.410249815904066,-0.230722798895274,0.16622756894928,0.385430944647869,0.470678150522615,0.419748279056551
0.1003926,0.02,-0.407945647319781,-0.228287919651785,0.168576409284618,0.383312733968549,0.467477299369814,0.418744143588587
0.1004668,0.02,-0.405617840452393,-0.225846832669086,0.170871218734806,0.381198072099969,0.46425491308108,0.417742676254954
0.100541,0.02,-0.40328858535486,-0.223418816644027,0.17311104297731,0.37910376093777,0.46103974959665,0.416757837068308
0.1006152,0.02,-0.400965369014336,-0.221008302235074,0.175334101060937,0.377035200472375,0.457840470912776,0.415809559041264
0.1006894,0.02,-0.398648191430822,-0.218615289442227,0.177540392985686,0.374992390703784,0.454657041415806,0.414897438202806
0.1007636,0.02,-0.396337052604319,-0.216239778265488,0.179730533704526,0.372975162364991,0.451489425093641,0.414021178790295
0.1008378,0.02,-0.394031952534826,-0.213881768704854,0.181919956240222,0.370976207584719,0.448337585534298,0.413180610716893
0.100912,0.02,-0.391716427431798,-0.211531269926199,0.184073791866493,0.368987745082611,0.445182252202984,0.4123531458268
0.1009862,0.02,-0.38938773053865,-0.20918457582727,0.186170674022188,0.367006091339502,0.442019220688507,0.411525200864023
0.1010604,0.02,-0.387049992658146,-0.206843870376258,0.188225876046501,0.365031862164385,0.438853145743427,0.410703348913387
0.1011346,0.02,-0.384703213790285,-0.204509153573164,0.190245578647253,0.363064823722738,0.435684010029959,0.409889553928434
0.1012088,0.02,-0.382347393935067,-0.202180425417988,0.192238128405736,0.361104447645202,0.432511796453155,0.409086690228473
0.101283,0.02,-0.379982533092492,-0.199857685910729,0.194218802793666,0.359147254724424,0.429336488168638,0.408298535308045
0.1013572,0.02,-0.377596667716612,-0.197537696904646,0.196168836118388,0.35718930438732,0.426145966975028,0.4075124678249
0.1014314,0.02,-0.375212513138372,-0.195238267865887,0.198093512818178,0.355244346802664,0.422968570055607,0.406742652983305
0.1015056,0.02,-0.372836753719678,-0.19296300435682,0.200006899900064,0.353318166429769,0.419811822099661,0.406000599429272
0.1015798,0.02,-0.370469389460529,-0.190711906377445,0.201916102879236,0.35140808996014,0.416675652950081,0.405287254045045
0.101654,0.02,-0.368110420360927,-0.188484973927764,0.20381502661819,0.349512551995479,0.413559991990096,0.404598058667817
0.1017282,0.02,-0.36575984642087,-0.186282207007775,0.20569653359048,0.347633124285688,0.410464768161052,0.403930505200793
0.1018024,0.02,-0.363402064694052,-0.184094238687273,0.207551322402711,0.345757745499495,0.407371758154326,0.403269103706207
0.1018766,0.02,-0.361035236086255,-0.181917194897081,0.209386480966017,0.343880537116938,0.404277512972315,0.402612123785618
0.1019508,0.02,-0.358663071481376,-0.179752888318476,0.211205772047349,0.342003338395521,0.401186116040036,0.401962885873557
0.102025,0.02,-0.356285570879415,-0.177601318951459,0.213015999612205,0.340125583944003,0.398097521356475,0.401324343821847
0.1020992,0.02,-0.353902734280373,-0.175462486796031,0.214831013689147,0.338244452107708,0.395011682869977,0.400701477192623
0.1021734,0.02,-0.351514561684248,-0.17333639185219,0.216629906562759,0.336360670038269,0.391928554479519,0.400083762187348
0.1022476,0.02,-0.349110622422576,-0.171220646075081,0.218395770222268,0.334471082459842,0.388837673497112,0.399459156175992
0.1023218,0.02,-0.34671367568914,-0.169130856575179,0.220147808553961,0.332587553320496,0.385766275814421,0.398847763231568
0.102396,0.02,-0.344329593105243,-0.167069882206694,0.221905775085279,0.330712947112866,0.382720804541092,0.398262760504011
0.1024702,0.02,-0.341958374670886,-0.165037722969626,0.223669669816222,0.328847263836953,0.379701171989965,0.397704216885801
0.1025444,0.02,-0.339600020386069,-0.163034378863975,0.225449923371617,0.326988209171894,0.376707290263648,0.39717622900384
0.1026186,0.02,-0.337254530250791,-0.161059849889741,0.227245978283936,0.325134763884408,0.373739071306691,0.396677891156531
0.1026928,0.02,-0.334907161964801,-0.159105237501143,0.229036623000178,0.323279160574431,0.370779292484913,0.396190850900212
0.102767,0.02,-0.332556768436931,-0.15716617895945,0.2308120867881,0.321414083368207,0.367824974739248,0.395703465229839
0.1028412,0.02,-0.330206650274477,-0.155244147010155,0.232580377968424,0.319538962457734,0.364879674778414,0.395219914407789
0.1029154,0.02,-0.327856807477436,-0.15333914165326,0.234343657234001,0.317654099752746,0.361943336134616,0.394741784937363
0.1029896,0.02,-0.325507240045811,-0.151451162888765,0.236101801098632,0.315758101764078,0.359015902241949,0.394267979059512
0.1030638,0.02,-0.3231579479796,-0.149580210716668,0.237857793004264,0.313850152008596,0.356097316446542,0.393799755724503
0.103138,0.02,-0.320799923418375,-0.147724313723138,0.239603923936765,0.311929804273566,0.353178515385927,0.393332230004153
0.1032122,0.02,-0.318455296506857,-0.145896468993581,0.241362324040854,0.310010055644394,0.350284963334233,0.392889305106467
0.1032864,0.02,-0.316129135922437,-0.144098906489249,0.243147987267867,0.308087601871305,0.347422114193187,0.392477915479618
0.1033606,0.02,-0.313821441665116,-0.142331626210142,0.244947856113562,0.306162759723014,0.344589885325143,0.392090662546103
0.1034348,0.02,-0.311532213734895,-0.14059462815626,0.2467559185419,0.304235105456225,0.341788194150941,0.391723732657873
0.103509,0.02,-0.309261452131774,-0.138887912327604,0.248562968560771,0.302304138996592,0.339016958226832,0.39137110495566
0.1035832,0.02,-0.306995201737875,-0.137202916232841,0.250373082008946,0.30036304659939,0.336259860989792,0.391030228955673
0.1036574,0.02,-0.30473268013851,-0.135534641638841,0.252185476471738,0.298406830031491,0.333514085802337,0.390697006326796
0.1037316,0.02,-0.302476789683061,-0.133884266792512,0.254005679850198,0.296436224754089,0.330782715980656,0.390375871107088
0.1038058,0.02,-0.300227530371526,-0.132251791693855,0.255860796851223,0.294443435543285,0.328065704393526,0.390079074163015
0.10388,0.02,-0.297984902203906,-0.130637216342868,0.257712888649156,0.292431476461663,0.325363003790051,0.389784685950385
0.1039542,0.02,-0.295748905180201,-0.129040540739553,0.259526203453363,0.290402374097653,0.322674566815613,0.389470652502175
0.1040284,0.02,-0.293511683650315,-0.127459853280233,0.261334426114485,0.288354264272707,0.319992379030284,0.389157890832039
0.1041026,0.02,-0.291294018762893,-0.125905555508051,0.263158337781163,0.286297548529967,0.317339588256536,0.388868354379748
0.1041768,0.02,-0.289100217231493,-0.124379386571233,0.265002245166957,0.284233966017659,0.31472077689141,0.388606661525064
0.104251,0.02,-0.286930279056115,-0.122881346469779,0.266875646833143,0.282161751510608,0.312135884430877,0.388378507242796
0.1043252,0.02,-0.284784204236758,-0.12141143520369,0.268812270731242,0.280071091297043,0.309584850373825,0.388200789638562
0.1043994,0.02,-0.282661992773424,-0.119969652772965,0.270702854181264,0.277975378131887,0.307067614288953,0.38800817788991
0.1044736,0.02,-0.280550343181974,-0.11854770913961,0.272590390086907,0.275863229194555,0.304568636602282,0.387822178310344
0.1045478,0.02,-0.278448472280654,-0.117140048477166,0.274479112951916,0.273728648236346,0.302084992465138,0.387641788655672
0.104622,0.02,-0.276358903543538,-0.115747608546965,0.276371546250365,0.271572573018593,0.299619345924338,0.387469862044465
0.1046962,0.02,-0.274281636970628,-0.114370389349007,0.278267689982253,0.269395003541296,0.297171671494998,0.387306823101626
0.1047704,0.02,-0.272216672561923,-0.113008390883292,0.280186297151609,0.267191647475165,0.294741943453449,0.387163709032785
0.1048446,0.02,-0.270164010317422,-0.111661613149821,0.282098653303124,0.264962098003266,0.292330135843044,0.387020107454029
0.1049188,0.02,-0.268116563042308,-0.110328015690427,0.283977849993877,0.2627123092237,0.289928892012865,0.386860668335247
0.104993,0.02,-0.266093163552416,-0.109015832645084,0.285865623816751,0.26044704065687,0.287558730447597,0.386719298544903
0.1050672,0.02,-0.264097430901687,-0.107726447087625,0.287765593825686,0.25816767537661,0.285223492039128,0.386600033108137
0.1051414,0.02,-0.262129365090121,-0.106459859018051,0.289677760020684,0.255874213382919,0.282923144377926,0.38650332175148
0.1052156,0.02,-0.260188966117717,-0.105216068436361,0.291595329591978,0.253566958355578,0.280657654708742,0.386424686853148
0.1052898,0.02,-0.258276233984477,-0.103995075342555,0.293535322243291,0.25124270591921,0.278426989957346,0.386375313240998
0.105364,0.02,-0.256378358359415,-0.102788897726255,0.295455637208893,0.248898573355212,0.276216256094472,0.38632180028672
0.1054382,0.02,-0.254494242247308,-0.101591715326914,0.297361136031887,0.246529484571263,0.274022254497871,0.386264717499731
0.1055124,0.02,-0.252626059560012,-0.10040427991699,0.299253992624127,0.244136191339822,0.271847283220687,0.386206462948764
0.1055866,0.02,-0.250773810297527,-0.0992265914964843,0.301134206985614,0.24171869366089,0.269691342818323,0.386147300239147
0.1056608,0.02,-0.248937494459853,-0.0980586500653959,0.303001779116348,0.239276991534466,0.26755443371508,0.386087498924087
0.105735,0.02,-0.24711711204699,-0.0969004556237257,0.30487067742674,0.23680711292543,0.265436556198521,0.386035929269176
0.1058092,0.02,-0.245305930613829,-0.0957498695937397,0.30674623172018,0.234306117569905,0.263330661187668,0.38599560542215
0.1058834,0.02,-0.243520504499906,-0.0946136840454599,0.308577142384023,0.231796887781055,0.261254636935965,0.385939956452908
0.1059576,0.02,-0.241763865389166,-0.0934930359227667,0.310399437180616,0.229272144822712,0.259211717277531,0.385893154893488
0.1060318,0.02,-0.24003601328161,-0.0923879252256598,0.312213116109961,0.226731888694873,0.257201898126027,0.38585538641081
0.106106,0.02,-0.238336948177237,-0.0912983519541398,0.314018179172055,0.22417611939754,0.255225174965129,0.385826838567087
0.1061802,0.02,-0.236666670076047,-0.0902243161082064,0.315814626366901,0.221604836930712,0.253281542837369,0.385807700776375
0.1062544,0.02,-0.235012712390336,-0.089158282168826,0.317631870615835,0.218996491060095,0.251356667435656,0.385810145444036
0.1063286,0.02,-0.233373488390099,-0.0880946023412201,0.319408897045711,0.21637105181531,0.249447076641562,0.38579589885796
0.1064028,0.02,-0.231750860984345,-0.0870338892372109,0.321135627211277,0.213728282058606,0.247554760492987,0.385756230819546
0.106477,0.02,-0.230144830173074,-0.0859761428567982,0.322832255988212,0.211061713601241,0.245679750887055,0.385704177388229
0.1065512,0.02,-0.228555395956285,-0.0849213631999818,0.324498783376518,0.208371346443217,0.243822080518721,0.385639829933838
0.1066254,0.02,-0.22698255833398,-0.0838695502667623,0.326135209376194,0.205657180584534,0.241981782888274,0.385563290162372
0.1066996,0.02,-0.225419596565282,-0.0828187099350008,0.327752423270572,0.202908475951898,0.240151896163558,0.385478275098421
0.1067738,0.02,-0.223880814031998,-0.0817750179628027,0.329366693155406,0.200136987510852,0.238348007028477,0.385405283215015
0.106848,0.02,-0.222368766794544,-0.0807394368101372,0.330938626060478,0.197361834297246,0.236572874823265,0.385320733747836
0.1069222,0.02,-0.220883454852919,-0.0797119664770043,0.33247123097331,0.194577390656617,0.234826527946467,0.385223935367009
0.1069964,0.02,-0.219424878207125,-0.0786926069634043,0.333974848066635,0.191779724863813,0.23310899503646,0.385121619764422
0.1070706,0.02,-0.21799303685716,-0.0776813582693369,0.335449477340456,0.188968836918832,0.231420304944869,0.385013731150515
0.1071448,0.02,-0.216575721976629,-0.0766713446435747,0.336884200083109,0.186137074777164,0.229746683195105,0.384886963759797
0.107219,0.02,-0.215170872432633,-0.0756575545367115,0.33830235641677,0.183268855106462,0.228084567434747,0.384754412072393
0.1072932,0.02,-0.213780084156499,-0.0746404948334945,0.339683695545577,0.180382088282572,0.226435703569354,0.38460721625144
0.1073674,0.02,-0.212403357148226,-0.0736201655339234,0.341011096973698,0.177479685677409,0.224800166594865,0.384431537581605
0.1074416,0.02,-0.211040691407816,-0.0725965666379982,0.342283016233768,0.17456040471704,0.223178034128617,0.38422519190842
0.1075158,0.02,-0.209692086935267,-0.0715696981457194,0.343505316267555,0.171622966784264,0.221569386459269,0.383992636689697
0.10759,0.02,-0.208350654085846,-0.070538095206918,0.344671107430327,0.168665907028912,0.219967311056484,0.38372693480017
0.1076642,0.02,-0.207028830429168,-0.0695080182680935,0.345794028154302,0.165693304243339,0.218385670849593,0.383442017752689
0.1077384,0.02,-0.205728802162374,-0.0684802863367922,0.346883197055217,0.162703475128738,0.216826865623092,0.383145368258859
0.1078126,0.02,-0.204450569285464,-0.0674548994130141,0.347937189102144,0.159705317713325,0.215290962968654,0.382839491257387
0.1078868,0.02,-0.20319413179844,-0.0664318574967593,0.34895575895963,0.156698925573397,0.213778031817564,0.382524084192027
0.107961,0.02,-0.201959489701299,-0.0654111605880279,0.349918376084039,0.153690109780793,0.212288142414695,0.382182573864539
0.1080352,0.02,-0.200734702388532,-0.0643868251125879,0.350827881835126,0.150665283237338,0.210808168701053,0.38181177332019
0.1081094,0.02,-0.199517445179686,-0.0633548356932759,0.351681951532438,0.147620430565867,0.209334770491552,0.381407900487282
0.1081836,0.02,-0.198309090806756,-0.0623156118499491,0.352481978046817,0.144555753253741,0.20786950468223,0.380972322677847
0.1082578,0.02,-0.197109639269741,-0.0612691535826073,0.353230260875599,0.141468565364083,0.206412497377888,0.380506205185165
0.108332,0.02,-0.195919090568642,-0.0602154608912504,0.35392787207696,0.138367993019639,0.204963879207019,0.380013999906856
0.1084062,0.02,-0.194737444703459,-0.0591545337758789,0.354563821099548,0.135261507139567,0.20352378543029,0.379488047962488
0.1084804,0.02,-0.19355768044958,-0.0580858468800575,0.355130561478876,0.132145868711618,0.202085480103829,0.378919841541519
0.1085546,0.02,-0.192391017645627,-0.057016130414071,0.355641927281794,0.129025583845532,0.200661762172354,0.378323646799125
0.1086288,0.02,-0.191239357078866,-0.0559460589921164,0.356103323061691,0.125899207691877,0.199254744517382,0.377703835290326
0.108703,0.02,-0.190102698749296,-0.0548756326141936,0.356523953574224,0.122763685807477,0.197864527206302,0.377067967381522
0.1087772,0.02,-0.188981042656917,-0.0538048512803028,0.356901955107471,0.119621035637003,0.196491212284395,0.376414927608357
0.1088514,0.02,-0.18787438880173,-0.0527337149904439,0.357222277135906,0.116476543134674,0.195134903757162,0.375732006066513
0.1089256,0.02,-0.186771182365468,-0.051657314076502,0.357478515227656,0.113327197561587,0.193783262073362,0.375011923219159
0.1089998,0.02,-0.185669189357767,-0.0505727784541728,0.357668493853353,0.110166655495195,0.19243350487206,0.37425050898873
0.109074,0.02,-0.18456959703123,-0.0494804461832206,0.35779745218612,0.106998284338459,0.191087023899482,0.373453678040868
0.1091482,0.02,-0.183472405385857,-0.0483803172636453,0.357866515377901,0.103825587478826,0.189743981819196,0.372623396264976
0.1092224,0.02,-0.182377614421649,-0.0472723916954466,0.357874235732998,0.100647123465352,0.188404546810153,0.371757733024246
0.1092966,0.02,-0.181285224138605,-0.0461566694786251,0.35782172023528,0.0974638977465254,0.18706889273298,0.37085791731616
0.1093708,0.02,-0.180188335708109,-0.0450338666669789,0.357702143088009,0.094276696489975,0.1857306799434,0.369917448454135
0.109445,0.02,-0.179097693183999,-0.0439111504192059,0.357527698292081,0.0910900111428221,0.184402203986199,0.368949109195337
0.1095192,0.02,-0.17801496618873,-0.0427890341301568,0.357309450535016,0.0878975960270414,0.183085306971822,0.367961996446601
0.1095934,0.02,-0.176940154722302,-0.0416675177998314,0.357046840431684,0.0847068796910094,0.181780087998525,0.366957356826697
0.1096676,0.02,-0.175873258784715,-0.0405466014282302,0.35673591980706,0.0815209506376766,0.180486647824528,0.365931936121268
0.1097418,0.02,-0.17481427837597,-0.039426285015353,0.356369997353896,0.0783467423557091,0.179205088862518,0.364880510649401
0.109816,0.02,-0.173752247738819,-0.0383027996640064,0.3559443371961,0.0751764506844092,0.17792399516758,0.363796467711654
0.1098902,0.02,-0.172685422791967,-0.0371743084090421,0.355457195252378,0.0720082386586286,0.176641400726248,0.36267754836963
0.1099644,0.02,-0.171614832948081,-0.0360410670257101,0.354912615025139,0.0688374253169924,0.175358516759664,0.361526700851064
0.1100386,0.02,-0.170540478207161,-0.0349030755140101,0.354319227676635,0.0656610615536968,0.174075499101579,0.360351897602504
0.1101128,0.02,-0.169462358569208,-0.0337603338739421,0.353677410913299,0.0624813880607649,0.172792508851277,0.359154054472916
0.110187,0.02,-0.168380474034221,-0.0326128421055066,0.352979984381573,0.0593039898345836,0.171509712571002,0.357927133065259
0.1102612,0.02,-0.167288454570646,-0.0314626390614971,0.352221839086075,0.0561348166162804,0.170221399034754,0.35666698973373
0.1103354,0.02,-0.166197204175741,-0.0303168966482062,0.351415359443015,0.0529804750893192,0.168939707878908,0.355386670533876
0.1104096,0.02,-0.165108185102687,-0.0291759522931817,0.350561506077433,0.0498409197232546,0.16766618317394,0.354086835143779
0.1104838,0.02,-0.164021397351484,-0.0280398059964233,0.349668933844457,0.0467104722586614,0.16640086991795,0.352775043780801
0.110558,0.02,-0.162936840922133,-0.0269084577579314,0.348741599598841,0.0435874749419133,0.165143813776341,0.351454934895742
0.1106322,0.02,-0.161854515814632,-0.0257819075777058,0.347779503340585,0.0404719277730099,0.16389506108463,0.350126491259213
0.1107064,0.02,-0.160764282168304,-0.0246574413735637,0.346769421586072,0.0373606829396904,0.162644224724337,0.34877622105995
0.1107806,0.02,-0.159665211088061,-0.0235339052038528,0.345710960298077,0.0342630475730568,0.16139028572358,0.347404698441475
0.1108548,0.02,-0.158558190744367,-0.0224114717097085,0.344603249289111,0.0311815771596842,0.160134237177195,0.346011112790873
0.110929,0.02,-0.157443221137224,-0.0212901408911304,0.343449583054647,0.0281150117126914,0.158876171848484,0.344598418429359
0.1110032,0.02,-0.15632030226663,-0.0201699127481183,0.342259333888976,0.0250533612794468,0.157616186608473,0.343175061077468
0.1110774,0.02,-0.155189434132585,-0.0190507872806729,0.341032501792097,0.0219966258599522,0.156354382613362,0.34174115764391
0.1111516,0.02,-0.154045219291093,-0.0179359317669166,0.339763846743434,0.0189468370164194,0.155085870519492,0.340291719245154
0.1112258,0.02,-0.152899075698581,-0.0168318272300995,0.338466460321213,0.0159033842537175,0.153822747854095,0.338839877217975
0.1113,0.02,-0.151752259500105,-0.0157386365359009,0.337138644029679,0.0128868540196601,0.152566224779262,0.337384848955454
0.1113742,0.02,-0.150604770695662,-0.0146563596843199,0.335776743995741,0.00990813193075362,0.151316244453426,0.335922897234974
0.1114484,0.02,-0.149456609285254,-0.0135849966753572,0.334394144420327,0.00694486588949807,0.150072749670667,0.334466253880456
0.1115226,0.02,-0.148307775268881,-0.0125245475090125,0.332990845303436,0.00399705589589294,0.148835682870441,0.333014833771308
0.1115968,0.02,-0.147149153861803,-0.0114731173904972,0.331557731860328,0.00106280715514957,0.147595751649229,0.331559435268271
0.111671,0.02,-0.145980777982445,-0.0104297405464755,0.330095470392049,-0.00186302463334462,0.14635288527469,0.330100727709184
0.1117452,0.02,-0.144803402398486,-0.00939451096899213,0.328608481526021,-0.00479051523100897,0.145107829501114,0.328643398179571
0.1118194,0.02,-0.143617027109927,-0.00836742865804675,0.327087314735853,-0.00767098426720202,0.143860572563302,0.327177253886541
0.1118936,0.02,-0.142421652116768,-0.00734849361363922,0.325544452473155,-0.010535974444564,0.142611105283072,0.325714901859806
0.1119678,0.02,-0.141217277419008,-0.00633770583577009,0.323980718414228,-0.0133878366779495,0.141359421181957,0.324257212834371
0.112042,0.02,-0.139999822670607,-0.00533891414253049,0.322392032213028,-0.0162227221492686,0.140101585829792,0.322799936723009
0.1121162,0.02,-0.138781193200265,-0.00435716520950408,0.320790299198258,-0.0190355841829371,0.138849574989454,0.321354585349103
0.1121904,0.02,-0.137562430791863,-0.00339247100402262,0.319177262484617,-0.0218349740317306,0.137604255838543,0.319923257951248
0.1122646,0.02,-0.136343535445401,-0.00244483152608537,0.317552046682677,-0.0246047233646961,0.136365453319168,0.318503837911273
0.1123388,0.02,-0.135124507160879,-0.00151424677569288,0.315919651523796,-0.0273408939463521,0.135132991452007,0.317100537212889
0.112413,0.02,-0.133905345938297,-0.000600716752844967,0.314282265335396,-0.0300548195688295,0.133906693378158,0.315716066242539
0.1124872,0.02,-0.132678053253589,0.000297170820726554,0.312631889593413,-0.0327479125103966,0.132678386053113,0.314342367752959
0.1125614,0.02,-0.131443534634839,0.0011806955522818,0.310969429825928,-0.0354214523783138,0.131448837344753,0.312980295825235
0.1126356,0.02,-0.130202415080386,0.0020498299454164,0.309293567733818,-0.0380717906350746,0.130218549736857,0.311627938868894
0.1127098,0.02,-0.128954694590231,0.00290457400013052,0.307606821331124,-0.0407078326641337,0.128987401737465,0.310288710992923
0.112784,0.02,-0.127700373164374,0.00374492771642431,0.305909794328434,-0.043318039744931,0.127755273041552,0.308961575011211
0.1128582,0.02,-0.126439450802815,0.00457089109429731,0.304206811604678,-0.0459061355081308,0.126522044580039,0.307651032021631
0.1129324,0.02,-0.125169290454699,0.00537853188285803,0.302495236109001,-0.0484681877028432,0.125284795079641,0.306353607923652
0.1130066,0.02,-0.123901887564141,0.00616479634005383,0.300787063285519,-0.0510011425870147,0.124055158924857,0.30508027465752
0.1130808,0.02,-0.122638065364794,0.00692978048624179,0.299083116367884,-0.0535050961810018,0.122833696248249,0.3038313772698
0.113155,0.02,-0.121377823856657,0.00767348432142248,0.297383768120935,-0.055987542687764,0.121620140132335,0.302608179793641
0.1132292,0.02,-0.120121163039731,0.00839590784559549,0.295686989924106,-0.0584587388714905,0.120414222908132,0.301410384958487
0.1133034,0.02,-0.118868082914015,0.00909705105876095,0.293993568293027,-0.0608838537827856,0.119215676291412,0.300231680288924
0.1133776,0.02,-0.117611637816875,0.00977819814291878,0.292300651059354,-0.0632816119966508,0.11801741612529,0.299072287292917
0.1134518,0.02,-0.116353292040766,0.0104413093764034,0.29060970251554,-0.0656539737914212,0.116820843646233,0.297933622591971
0.113526,0.02,-0.11509354530006,0.0110864051093301,0.288921222375958,-0.0680009595172112,0.115626262362774,0.296815773223863
0.1136002,0.02,-0.113832397594757,0.011713485341699,0.287235210640609,-0.0703225691740212,0.114433476225365,0.295718328764029
0.1136744,0.02,-0.112569848924857,0.01232255007351,0.285547166847949,-0.0726442603375206,0.113242289482681,0.294642788906968
0.1137486,0.02,-0.111305899290361,0.012913599304763,0.283855771219482,-0.0749349673777714,0.112052506727159,0.293580224454091
0.1138228,0.02,-0.110039199629778,0.0134832116520575,0.28216467121463,-0.0771853981240823,0.110862177732608,0.292531173322149
0.113897,0.02,-0.108781187394405,0.0140305193542262,0.280486908995046,-0.079406310286401,0.109682278442263,0.291510322683255
0.1139712,0.02,-0.107532476803355,0.0145556743737877,0.278823098779843,-0.0815978558272461,0.108513138485346,0.290517693934118
0.1140454,0.02,-0.106293067856627,0.0150586767107422,0.277173240569021,-0.0837600347466179,0.107354459705464,0.28955267000718
0.1141196,0.02,-0.105062960554221,0.0155395263650897,0.275533517709367,-0.0859040054439868,0.106205944090099,0.288614305835
0.1141938,0.02,-0.103842154896138,0.0159982233368303,0.27389734542674,-0.0880320169426531,0.105067294071031,0.287696701126041
0.114268,0.02,-0.102624535756585,0.0164361989090993,0.272261917791188,-0.0901206716070435,0.103932400981764,0.286789622075556
0.1143422,0.02,-0.101411667781359,0.0168562211643762,0.270633888194242,-0.0921773484151645,0.102803008487783,0.285900970617422
0.1144164,0.02,-0.100203934432297,0.0172583370081745,0.269014077246906,-0.0942086180679643,0.101679293231217,0.285033046286355
0.1144906,0.02,-0.0990013357093976,0.0176425464404941,0.26740248494918,-0.0962144805654421,0.100561045724226,0.284185353647007
0.1145648,0.02,-0.0978038716126613,0.0180088494613353,0.265798874032142,-0.0981957736707062,0.0994480565991461,0.283357462233736
0.114639,0.02,-0.0966115421420886,0.0183572460706978,0.264192888905304,-0.100167863060667,0.0983401167295052,0.28254465724602
0.1147132,0.02,-0.0954238669478417,0.0186852502942147,0.262582931891487,-0.102113055980353,0.0972360682146129,0.281739014554917
0.1147874,0.02,-0.094251023808237,0.0189939342541904,0.260978452086563,-0.104022888212568,0.0961458528869206,0.2809457487231
0.1148616,0.02,-0.0930934440687039,0.0192834575877991,0.259387257494604,-0.105901435948748,0.0950696642736964,0.280172917118302
0.1149358,0.02,-0.0919511277292421,0.0195538202950408,0.257810990065225,-0.107752858632163,0.0940072432252438,0.279422950277558
0.11501,0.02,-0.0908240747898516,0.0198050223759155,0.256249649798427,-0.109577156262813,0.0929583319167415,0.278695238919616
0.1150842,0.02,-0.0897122852505323,0.0200370638304233,0.254700796023139,-0.111375586618305,0.0919226743073619,0.277987439984961
0.1151584,0.02,-0.0886101383763856,0.0202516374156513,0.25314491086527,-0.113151657445736,0.0908949142752069,0.277282605800837
0.1152326,0.02,-0.0875188236748957,0.0204521718443732,0.25158620046945,-0.11490390029986,0.0898767813764448,0.276583662877573
0.1153068,0.02,-0.0864386230133656,0.0206387214289557,0.250025004429855,-0.116632225363609,0.0888683991679201,0.275890519651213
0.115381,0.02,-0.0853695363917959,0.0208112861693985,0.248467163641386,-0.118328429691969,0.0878696043906808,0.275204557886243
0.1154552,0.02,-0.0843115638101855,0.0209698660657018,0.246910182857697,-0.120004951840404,0.0868802340865427,0.274528371694145
0.1155294,0.02,-0.0832647052685353,0.0211144611178655,0.245354062078787,-0.121661791808915,0.0859001257959143,0.273861657346765
0.1156036,0.02,-0.0822287662319783,0.0212436483786819,0.243798268421916,-0.123297565602054,0.0849285734748347,0.273203011273517
0.1156778,0.02,-0.0812121266040117,0.0213598116963111,0.242237021845805,-0.124911748647156,0.08397410948172,0.272546729392989
0.115752,0.02,-0.0802150734112823,0.0214630846610462,0.240675444043428,-0.126499681170003,0.0830368713617309,0.271894903780144
0.1158262,0.02,-0.07923760665379,0.0215534672728872,0.239119499266532,-0.128056300376581,0.0821166868529422,0.271249978793758
0.1159004,0.02,-0.0782797263315349,0.0216309595318341,0.237569145481809,-0.12958715349638,0.0812133853795533,0.270613985662698
0.1159746,0.02,-0.0773414324445166,0.0216955614378869,0.236022916406869,-0.131094287610264,0.0803267985088093,0.269986165040445
0.1160488,0.02,-0.0764172350664403,0.0217491411924451,0.23447281760405,-0.13258049051904,0.0794519915282713,0.269360518007838
0.116123,0.02,-0.0755075930380991,0.0217954135491895,0.232910668481575,-0.134048771936767,0.0785903089330191,0.268731190505102
0.1161972,0.02,-0.0746127052299471,0.021834426977257,0.231336914758086,-0.135497342248317,0.077741867633574,0.268097552928309
0.1162714,0.02,-0.0737325716419844,0.0218661814766475,0.229752913043897,-0.136921055386406,0.0769065797790413,0.267457990084954
0.1163456,0.02,-0.0728671922742105,0.0218906770473611,0.228162629589371,-0.138325591537238,0.0760843574693158,0.266818580341143
0.1164198,0.02,-0.0720165671266259,0.0219079136893977,0.22656118091526,-0.139710790327992,0.0752751129054345,0.266174892940318
0.116494,0.02,-0.0711802003211935,0.0219173155702588,0.224945706340327,-0.141070140278621,0.0744781151719855,0.265520913073111
0.1165682,0.02,-0.0703644699118376,0.0219217400484116,0.223325597939411,-0.142404907079643,0.0737002124333711,0.264865022710355
0.1166424,0.02,-0.0695695606099696,0.0219212803367009,0.221698638046253,-0.143714454607533,0.0729415265473959,0.264204713384724
0.1167166,0.02,-0.0687954724155894,0.0219159364351267,0.220064773212946,-0.145005548980093,0.072201975698125,0.263543380953276
0.1167908,0.02,-0.0680422053286968,0.0219057083436892,0.218424073775215,-0.146278394004377,0.0714814784684208,0.262881046401334
0.116865,0.02,-0.0673097593492919,0.0218905960623881,0.21677431651535,-0.147534101149912,0.0707799540804191,0.262216352088899
0.1169392,0.02,-0.0665924891397277,0.0218723755110008,0.215102133448226,-0.148771678579206,0.0700925132972059,0.261537645782119
0.1170134,0.02,-0.0658899911767488,0.0218545606430799,0.213412019654248,-0.149988183252127,0.0694198297187056,0.260846976689742
0.1170876,0.02,-0.0652024003891516,0.0218371880597868,0.211705617853476,-0.151181775356235,0.0687620229404701,0.260144571018857
0.1171618,0.02,-0.0645297167769364,0.0218202577611216,0.209984904308651,-0.152354417215897,0.0681190721903449,0.259433090570014
0.117236,0.02,-0.0638719403401028,0.0218037697470842,0.208247214219848,-0.153511606206352,0.0674909559718449,0.258713578055698
0.1173102,0.02,-0.063229071078651,0.0217877240176746,0.206492547587068,-0.1546533423276,0.0668776520770538,0.257986101373883
0.1173844,0.02,-0.0625998939422749,0.0217718865352842,0.204714768268123,-0.155778837189643,0.0662779130999864,0.257245374036597
0.1174586,0.02,-0.0619889859545369,0.0217587755964717,0.202917189296347,-0.156885096205552,0.0656968697513769,0.256492337357971
0.1175328,0.02,-0.0613964651657827,0.0217484467348647,0.201102590671039,-0.157971102178662,0.0651346364865301,0.2557286082904
0.117607,0.02,-0.0608223315760122,0.0217408999504631,0.199272205464092,-0.15903447668231,0.0645911971478964,0.254953675486625
0.1176812,0.02,-0.0602665851852254,0.0217361352432669,0.197425841198003,-0.160081030459304,0.0640665346745212,0.254171003628761
0.1177554,0.02,-0.0597292259934222,0.0217341526132762,0.195563246533237,-0.161111900216866,0.0635606311138466,0.253381190671504
0.1178296,0.02,-0.0592043358307108,0.0217362627797236,0.193677256328705,-0.162126492898336,0.0630683637078431,0.252578461707504
0.1179038,0.02,-0.0586907778145221,0.0217453287368439,0.191766079458563,-0.163123039053936,0.0625896694538884,0.251760511401411
0.117978,0.02,-0.058188638831004,0.0217613750002115,0.189831196751409,-0.164102307628775,0.0621246740909348,0.250929174527716
0.1180522,0.02,-0.0576979188801569,0.0217844015698261,0.187872608207242,-0.165064298622851,0.061673414003577,0.250084664852617
0.1181264,0.02,-0.0572186179619803,0.0218144084456879,0.185885552700721,-0.166011411259444,0.0612359261978975,0.24922525428055
0.1182006,0.02,-0.0567507360764744,0.0218513956277969,0.183874403336255,-0.166945132933919,0.0608122482408285,0.248355538719368
0.1182748,0.02,-0.0562922249374831,0.0218948215276492,0.181838132469474,-0.167862731263014,0.0604003128976979,0.247473236870302
0.118349,0.02,-0.055846412546406,0.0219463063300023,0.179783468308329,-0.168758689968266,0.0600038511750177,0.246579786107413
0.1184232,0.02,-0.0554133729937474,0.0220058796178213,0.177708787659086,-0.169637733171263,0.0596229875492517,0.245677377319823
0.1184974,0.02,-0.0549931062795072,0.0220735413911065,0.175614090521743,-0.170499860872006,0.0592577671517757,0.244766238168486
0.1185716,0.02,-0.0545856124036853,0.0221492916498577,0.173498452304372,-0.171345499292129,0.0589082354350885,0.243846248853005
0.1186458,0.02,-0.0541908913662818,0.0222331303940749,0.171350696855835,-0.172181126470366,0.0585744380612575,0.242914391557158
0.11872,0.02,-0.0538028505154106,0.0223255405745211,0.169176281005391,-0.173002364071219,0.0582509784083341,0.241971965378317
0.1187942,0.02,-0.0534199658024833,0.0224284579837952,0.166986138859632,-0.173799165003709,0.0579372805184137,0.241019750906922
0.1188684,0.02,-0.0530422867022375,0.0225418973250492,0.164772462255704,-0.174581372241285,0.0576335086005999,0.24005961728591
0.1189426,0.02,-0.0526698132146732,0.022665858598283,0.162535251193609,-0.175348985783949,0.0573397799966649,0.239091979572777
0.1190168,0.02,-0.0523025453397903,0.0228003418034967,0.160274505673345,-0.176102005631699,0.0570562164481408,0.238117268496727
0.119091,0.02,-0.0519404830775888,0.0229453469406904,0.157986636674429,-0.176842071971652,0.0567829439934382,0.237134762923796
0.1191652,0.02,-0.05158098430365,0.0230994296326182,0.155653557968488,-0.17757536358073,0.0565170911414031,0.236137756106638
0.1192394,0.02,-0.0512268681180437,0.0232631565518071,0.153317127670726,-0.178279986228745,0.0562615896499319,0.2351380341989
0.1193136,0.02,-0.0508781735213348,0.0234365421541333,0.150964527431487,-0.178968416398531,0.0560166051185675,0.234136675065676
0.1193878,0.02,-0.0505349005135232,0.023619586439597,0.148594201819429,-0.179641856172673,0.0557822645066448,0.233133938549317
0.119462,0.02,-0.050197049094609,0.0238122894081981,0.146206150834553,-0.180300305551171,0.0555586974709304,0.232130219324632
0.1195362,0.02,-0.049864619264592,0.0240146510599366,0.143800374476856,-0.180943764534026,0.0553460361718275,0.231125925900642
0.1196104,0.02,-0.0495316406021325,0.0242260961124694,0.141362967512346,-0.181574717345856,0.0551387989857363,0.230114898611811
0.1196846,0.02,-0.0491966536110555,0.0244476139856824,0.138900539216817,-0.182187700545404,0.0549362954349773,0.229097616802847
0.1197588,0.02,-0.0488596760042147,0.0246792107346965,0.136428100286259,-0.182782181437108,0.0547387557560856,0.228083213758982
0.119833,0.02,-0.0485207077816102,0.0249208863595118,0.133937333890462,-0.183363052052281,0.0545463991531257,0.227070954257943
0.1199072,0.02,-0.0481797489432418,0.0251726408601284,0.131428240029421,-0.183930312390926,0.0543594523161043,0.22606136798103
0.1199814,0.02,-0.0478367994891096,0.0254344742365462,0.12890081870314,-0.18448396245304,0.0541781493320952,0.225055000976905
0.1200556,0.02,-0.047489158946154,0.0257036913648048,0.126354524234072,-0.185019021047893,0.0539990737623361,0.224047994733136
0.1201298,0.02,-0.0471398431180241,0.0259800795952787,0.123786879798396,-0.18553791373174,0.0538249881093246,0.223041496233659
0.120204,0.02,-0.0467888558481729,0.0262636405998568,0.121212541046469,-0.186037736570942,0.0536560886492815,0.222041706747586
0.1202782,0.02,-0.0464361971366005,0.0265543743785391,0.118630253132124,-0.186522019171613,0.0534925714762792,0.221051126651839
0.1203524,0.02,-0.0460818669833067,0.0268522809313257,0.116040016055361,-0.186990761533752,0.0533346365496383,0.220070057538732
0.1204266,0.02,-0.0457258544573413,0.0271573555132299,0.113441818885228,-0.187443958912374,0.0531824757258057,0.219098799642382
0.1205008,0.02,-0.0453627566421855,0.0274679706674496,0.110830258705209,-0.187879983850676,0.053030831624311,0.218133524650371
0.120575,0.02,-0.0449915578975131,0.0277843962803412,0.108198672476365,-0.188300380337885,0.0528792299367938,0.217172709982262
0.1206492,0.02,-0.044612258223324,0.0281066323519045,0.105546677711606,-0.188708292919137,0.0527279467260927,0.216219612876382
0.1207234,0.02,-0.0442248576196185,0.0284346788821394,0.102904575580598,-0.1890961790538,0.0525772668993541,0.215282875789437
0.1207976,0.02,-0.0438293560863963,0.0287685358710461,0.100255736059603,-0.189469096090713,0.0524274843103481,0.214358930269501
0.1208718,0.02,-0.0434257215459198,0.0291081840004187,0.0976001270708822,-0.189827024711669,0.0522788644443048,0.21344808295025
0.120946,0.02,-0.0430119687770951,0.0294497626527966,0.0949357633933427,-0.190166104299208,0.0521279001916235,0.212546339407231
0.1210202,0.02,-0.0425916729464942,0.0297928194390549,0.0922662201935555,-0.190485882464205,0.0519775210500583,0.211655207370319
0.1210944,0.02,-0.0421648340541172,0.0301373543591933,0.0895734343832729,-0.190790107620961,0.0518279206469141,0.210770646232421
0.1211686,0.02,-0.0417314520999639,0.030483367413212,0.0868951504767599,-0.191078732226598,0.0516792974335029,0.209909144835814
0.1212428,0.02,-0.0412915270840345,0.0308308586011109,0.0842307717610299,-0.19134807232921,0.0515318547212619,0.209066754161352
0.121317,0.02,-0.0408450233723148,0.0311798070962346,0.0815685185136736,-0.191600261401017,0.0513857597476513,0.208240446074852
0.1213912,0.02,-0.0403875479726872,0.0315278088942121,0.0789039977425742,-0.191832895437648,0.051236283675888,0.207426374002324
0.1214654,0.02,-0.0399187279047175,0.0318748038604714,0.0762368364672971,-0.192045914304532,0.0510833432605423,0.206624510732888
0.1215396,0.02,-0.0394385631684056,0.0322207919950126,0.073559106275151,-0.192239586967693,0.0509272000170262,0.205832458357539
0.1216138,0.02,-0.0389470537637518,0.0325657732978355,0.070873402314223,-0.192420281974238,0.0507681257026748,0.205057562822342
0.121688,0.02,-0.0384441996907556,0.0329097477689403,0.0682086114126707,-0.192586726450679,0.0506064026391717,0.204308741555111
0.1217622,0.02,-0.0379299391977589,0.0332526604968472,0.0655549338369738,-0.192734835607386,0.0504422414020657,0.203578403095653
0.1218364,0.02,-0.0374036054826308,0.0335899555818092,0.0629047339485759,-0.192860837820821,0.0502724061398319,0.202860317258182
0.1219106,0.02,-0.0368694184814928,0.0339216079863261,0.060262231683598,-0.192964708053484,0.0501001946856639,0.202155670515704
0.1219848,0.02,-0.0363273781943451,0.0342476177103977,0.0576274270420411,-0.193046446305374,0.0499257220810329,0.201464266753733
0.122059,0.02,-0.0357774846211876,0.0345679847540243,0.0549886745989657,-0.19310960605458,0.0497491103013287,0.200786140668887
0.1221332,0.02,-0.0352197377620203,0.0348827091172057,0.0523635236963766,-0.193160951747066,0.0495704884319396,0.200132685720582
0.1222074,0.02,-0.0346540845783447,0.0351917479405773,0.0497596230121209,-0.193196947015432,0.0493899250968879,0.199502081238247
0.1222816,0.02,-0.0340773755128619,0.0354923808709274,0.0471704228573782,-0.193208700773467,0.0492034208336328,0.198883510747158
0.1223558,0.02,-0.0334898935761161,0.0357846716469069,0.0445911636524661,-0.193197415948486,0.0490113833371037,0.198276608315387
0.12243,0.02,-0.0328916387681072,0.0360686202685161,0.0420218453973842,-0.193163092540491,0.0488139864068288,0.197681096239392
0.1225042,0.02,-0.0322826110888355,0.0363442267357546,0.0394607777004061,-0.193104804209114,0.0486114163107078,0.197095455009397
0.1225784,0.02,-0.0316628105383006,0.0366114910486228,0.0369063081934949,-0.193026460179915,0.0484038722416679,0.196523000979686
0.1226526,0.02,-0.0310321624447821,0.036870310049677,0.0343674828702429,-0.192936172341085,0.0481914397913017,0.195973188157118
0.1227268,0.02,-0.0303916110659255,0.0371161830818696,0.0318455347272217,-0.192829310791338,0.0479714609924416,0.195441247392471
0.122801,0.02,-0.0297457564530022,0.0373500698629012,0.0293496257806388,-0.192698660091018,0.0477476464940935,0.194920943293267
0.1228752,0.02,-0.0290945986060125,0.0375719703927718,0.026868415525922,-0.192543566520726,0.0475199813472218,0.194409199271524
0.1229494,0.02,-0.0284381375249562,0.0377818846714814,0.0244019039630707,-0.192364030080464,0.0472884602753933,0.193905577500547
0.1230236,0.02,-0.0277763732098334,0.0379798126990301,0.0219496944909242,-0.192159700755802,0.0470530879044655,0.193409254387695
0.1230978,0.02,-0.0271092461999191,0.03816568647567,0.0195115268877211,-0.191933796734084,0.0468137891404548,0.192922995027163
0.123172,0.02,-0.0264348289597949,0.0383370053920482,0.0170916161973576,-0.191692082449034,0.0465674367403183,0.192452533934695
0.1232462,0.02,-0.0257538402722945,0.0384943195780667,0.0146975905057802,-0.19143299578608,0.0463149320257429,0.191996382888607
0.1233204,0.02,-0.0250662801374176,0.0386376290337254,0.0123238704944541,-0.19114975670566,0.0460563217948989,0.191546619058121
0.1233946,0.02,-0.0243721485551646,0.0387669337590243,0.00996803058066343,-0.190841900744841,0.0457916671270177,0.191102047905199
0.1234688,0.02,-0.0236714455255351,0.0388822337539635,0.00762795402231302,-0.190510692144774,0.0455210438694702,0.190663340745008
0.123543,0.02,-0.0229641081301919,0.0389833755041979,0.00529952170396858,-0.190161530601635,0.0452443789648664,0.190235361200402
0.1236172,0.02,-0.0222525659254543,0.0390667240248225,0.00298671384966903,-0.189790986002841,0.0449598222449592,0.189814485294328
0.1236914,0.02,-0.0215412784525834,0.0391344950543905,0.000700082278310917,-0.189393826063492,0.0446714156987871,0.189395119963965
0.1237656,0.02,-0.0208302457115793,0.0391866885929019,-0.00156267659071604,-0.188970339274837,0.0443790006566376,0.188976800385059
0.1238398,0.02,-0.020119467702442,0.0392233046403568,-0.00380369883798699,-0.188518505357187,0.0440824296918834,0.188556874674348
0.123914,0.02,-0.0194089444251714,0.0392443431967552,-0.00602252458799178,-0.188045676302896,0.0437815668591714,0.188142093053698
0.1239882,0.02,-0.0186986224032129,0.0392497136161783,-0.00821722464243369,-0.187555773958702,0.0434761831205311,0.187735694864008
0.1240624,0.02,-0.0179874999003575,0.0392375867976392,-0.0103895916637581,-0.187044091313459,0.0431640865809486,0.187332420339399
0.1241366,0.02,-0.0172763546046887,0.0392091636742594,-0.0125416182079052,-0.186505438797744,0.0428465978166506,0.186926645742151
0.1242108,0.02,-0.0165651865162064,0.0391644442460389,-0.0146733156164761,-0.185939796482631,0.042523629871141,0.186517865383408
0.124285,0.02,-0.015853995634911,0.0391034285129778,-0.0167871081922813,-0.185346334250667,0.0421951098951211,0.186104998916255
0.1243592,0.02,-0.0151427819608021,0.039026116475076,-0.0188906065687357,-0.184729637475355,0.0418609795948278,0.185693010041603
0.1244334,0.02,-0.0144315191042876,0.0389323172887744,-0.0209797219163509,-0.184094973456083,0.0415210076121862,0.185286556402464
0.1245076,0.02,-0.013723593107574,0.0388198790435809,-0.0230471940576742,-0.183438779011575,0.0411742640097004,0.184880931410434
0.1245818,0.02,-0.0130227251747179,0.0386921793491777,-0.0250857603139265,-0.182756818075353,0.0408249447490767,0.18447045813234
0.124656,0.02,-0.0123289153057196,0.0385492182055647,-0.0270997324461047,-0.182048121448851,0.0404727609247979,0.184054106234298
0.1247302,0.02,-0.0116421635005789,0.0383909956127419,-0.0290891104542091,-0.18131268913207,0.040117434054433,0.18363133607127
0.1248044,0.02,-0.0109624697592958,0.0382175115707094,-0.0310593099746079,-0.180549801695292,0.0397586963302468,0.183201833037522
0.1248786,0.02,-0.010289796470847,0.0380286612952924,-0.0330162713894457,-0.179764941414142,0.0393961799077465,0.182771738346199
0.1249528,0.02,-0.00962356824461641,0.037823511444295,-0.0349595473592254,-0.178958604990629,0.0390285931559863,0.182341307036431
0.125027,0.02,-0.00896421210224293,0.0376038358487817,-0.0368817674879169,-0.17812816234923,0.0386575422027335,0.181906313785273
0.1251012,0.02,-0.00831172804372617,0.0373696345087525,-0.0387822654236068,-0.177269494652087,0.0382828212961194,0.18146222153824
0.1251754,0.02,-0.00766611606906601,0.0371209074242073,-0.0406615869548485,-0.176382703416791,0.0379042359582799,0.181008902317821
0.1252496,0.02,-0.00702737617826317,0.0368576545951463,-0.0425206134841847,-0.175467326562195,0.0375216033533474,0.180545798239547
0.1253238,0.02,-0.006395533697301,0.0365796739255371,-0.0443682224452076,-0.174526024779467,0.0371345579719475,0.180077406934547
0.125398,0.02,-0.0057741494277826,0.0362865220554204,-0.0462031074261493,-0.173560128660188,0.0367430603582891,0.179604692022155
0.1254722,0.02,-0.00516572673921468,0.0359823125906348,-0.048022899438577,-0.172573193833966,0.036351224905282,0.179130416458353
0.1255464,0.02,-0.00457026563159723,0.0356670455311802,-0.0498235349941511,-0.171557871847932,0.0359586632797528,0.178646265094753
0.1256206,0.02,-0.00398776610493025,0.0353407208770566,-0.0516002196376092,-0.170515123234458,0.0355649944554707,0.178151592522525
0.1256948,0.02,-0.00341822815921375,0.0350033386282641,-0.0533515969558645,-0.169445307763737,0.0351698450220266,0.177646010990646
0.125769,0.02,-0.0028616336224279,0.0346547918348947,-0.0550831525159226,-0.168350136844075,0.0347727413947893,0.177132499182141
0.1258432,0.02,-0.00231727583704311,0.0342949615154599,-0.056804172640399,-0.167229139122559,0.034373160352982,0.176613416820559
0.1259174,0.02,-0.00178492058392322,0.0339259046204715,-0.0585148915484291,-0.166084371549701,0.0339728265796098,0.176090916875299
0.1259916,0.02,-0.00126456786306803,0.0335476211499295,-0.0602178118307067,-0.164912624280751,0.0335714464493191,0.175562975905635
0.1260658,0.02,-0.000756217674477544,0.0331601111038339,-0.0619078899922691,-0.163708006722826,0.0331687327703336,0.175022565140772
0.12614,0.02,-0.000259870018151762,0.0327633744821847,-0.063574453020462,-0.162476089215771,0.0327644050745043,0.174471174248648
0.1262142,0.02,0.000224399481587035,0.0323572284309742,-0.0652168705750222,-0.161219764972182,0.0323580065341112,0.173911048600383
0.1262884,0.02,0.000693650107755489,0.0319426937153802,-0.0668480920891817,-0.159935120903894,0.0319502242913344,0.173343330747124
0.1263626,0.02,0.00114680567359146,0.0315239950815518,-0.068467041376177,-0.158626381757057,0.0315448479019107,0.17277171280086
0.1264368,0.02,0.00158386617909563,0.0311011325294884,-0.0700737184360106,-0.15729354753167,0.0311414366510295,0.172196359167512
0.126511,0.02,0.0020048316242675,0.0306741060591906,-0.0716748704102068,-0.155929403195921,0.0307395532233657,0.171613711076231
0.1265852,0.02,0.00240970200910723,0.0302429156706581,-0.0732615824867245,-0.154531836576172,0.0303387641810808,0.171018560349641
0.1266594,0.02,0.0027984803804114,0.0298074628976844,-0.0748093713084939,-0.153119089137975,0.0299385426638702,0.170416834538185
0.1267336,0.02,0.00317244595247365,0.0293680728004551,-0.076346202743858,-0.151677604913981,0.0295389253923395,0.169808240394417
0.1268078,0.02,0.00353260757652918,0.0289266776756043,-0.0778730856440518,-0.150209316200824,0.0291415853659003,0.16919531950159
0.126882,0.02,0.00387896525257798,0.0284832775231318,-0.0793900200090754,-0.148714222998505,0.0287461905283197,0.16857845472981
0.1269562,0.02,0.00421151898062018,0.0280378723430376,-0.0808970058389294,-0.147192325307023,0.0283524104380668,0.16795804887826
0.1270304,0.02,0.00453026876065541,0.0275904621353222,-0.0824017038228534,-0.145632549404275,0.0279599165929446,0.1673286593471
0.1271046,0.02,0.00483510732668371,0.0271409057618316,-0.0838786263776715,-0.14405167003475,0.0275682249779193,0.166692854084407
0.1271788,0.02,0.00512427166975728,0.0266910501635433,-0.0853384715103257,-0.142445021818645,0.0271784900054852,0.166051916461789
0.127253,0.02,0.00539798626831956,0.0262445918833932,-0.0867847480136553,-0.140813247203668,0.0267939705694926,0.165408473410025
0.1273272,0.02,0.00565625112237058,0.0258015309213814,-0.0882174558876602,-0.13915634618982,0.0264142418904332,0.164762884801742
0.1274014,0.02,0.00589906623191032,0.0253618672775078,-0.0896365561866966,-0.137474326088299,0.0260388804331212,0.164115515836995
0.1274756,0.02,0.00612643159693878,0.0249256009517724,-0.091038460229919,-0.135768810228082,0.0256674647544117,0.163466115974484
0.1275498,0.02,0.00633834539907074,0.0244926442104618,-0.0924281287445556,-0.134030937644583,0.0252994909596654,0.162810476410784
0.127624,0.02,0.00653684249156739,0.0240632242667572,-0.0937959621939616,-0.132268523936508,0.0249352977097089,0.162150069220564
0.1276982,0.02,0.00672358305835283,0.0236387464655227,-0.0951479620631817,-0.130483802564359,0.0245763484595216,0.161490425154036
0.1277724,0.02,0.00689856709942711,0.0232192108067581,-0.0964841283522165,-0.128676773528136,0.024222344612237,0.160831896928122
0.1278466,0.02,0.00706179461479026,0.0228046172904634,-0.0978044610610658,-0.126847436827837,0.0238729870972608,0.160174857057023
0.1279208,0.02,0.00721326560444226,0.0223949659166386,-0.0991089601897297,-0.124995792463464,0.0235279769442175,0.159519698230215
0.127995,0.02,0.00735286877072937,0.0219901568065178,-0.100416849919635,-0.123096471556617,0.0231868858524557,0.15885932474196
0.1280692,0.02,0.00748017030843226,0.0215920495425199,-0.101706734236409,-0.121181174965508,0.0228510295455103,0.158205995319573
0.1281434,0.02,0.00759626285403436,0.0212033359261698,-0.102969626456474,-0.119255433922504,0.022522980791751,0.15755825110933
0.1282176,0.02,0.00770114640753556,0.0208240159574678,-0.104212858940668,-0.117307735098347,0.0222024164582861,0.156912155942398
0.1282918,0.02,0.0077948209689359,0.020454089636414,-0.10543643168899,-0.115338078493038,0.0218890158936445,0.156268082082597
0.128366,0.02,0.00787728653823546,0.0200935569630078,-0.106640344701443,-0.113346464106574,0.0215824622003864,0.155626424631247
0.1284402,0.02,0.00794855149605459,0.0197423296322397,-0.107828896473686,-0.111324802644884,0.0212823647697676,0.154984781829234
0.1285144,0.02,0.00801129313730607,0.0193999903964487,-0.109004775496778,-0.109270607801357,0.0209890553649789,0.154344118159329
0.1285886,0.02,0.00806746389269203,0.0190671516686206,-0.110154944092869,-0.107200674488967,0.0207036288223603,0.15370782777397
0.1286628,0.02,0.00811706376221239,0.0187438134487558,-0.111281994317109,-0.105116751516677,0.0204258969624734,0.153079109314798
0.128737,0.02,0.00816009274586723,0.0184299757368539,-0.1123859261695,-0.103018838884487,0.0201556721367009,0.152458117416175
0.1288112,0.02,0.00819655084365653,0.018125638532915,-0.113466739650041,-0.100906936592395,0.0198927679813178,0.151845022504104
0.1288854,0.02,0.0082263278397287,0.0178307341772339,-0.114520841307198,-0.0987760694174066,0.0196368926010679,0.151234040424967
0.1289596,0.02,0.008249998784016,0.0175464246253316,-0.11555096522139,-0.0966215204803242,0.0193891592666807,0.150624512558629
0.1290338,0.02,0.00826896734898341,0.0172741793640874,-0.116558817638029,-0.0944447598618967,0.0191513209393299,0.150019234215305
0.129108,0.02,0.00828323353463093,0.0170139983935013,-0.117544398557114,-0.0922457875621241,0.0189232158768878,0.149418777116902
0.1291822,0.02,0.00829279734095856,0.0167658817135733,-0.118507707978647,-0.0900246035810066,0.0187046859736201,0.148823741722447
0.1292564,0.02,0.00829765876796631,0.0165298293243033,-0.119448745902626,-0.0877812079185431,0.0184955778098497,0.148234757602084
0.1293306,0.02,0.00829791020969942,0.0163057119849333,-0.120358360197474,-0.0855170690188163,0.0182956704491481,0.147645873504795
0.1294048,0.02,0.00829665887370629,0.0160920046748643,-0.121235246786697,-0.0832439409330848,0.0181048933419257,0.147063043506865
0.129479,0.02,0.00829540667282905,0.0158885983237625,-0.122083107602828,-0.0809635341207696,0.0179237643524312,0.146490201103312
0.1295532,0.02,0.00829415360706769,0.0156954929316281,-0.122901942645867,-0.0786758485818733,0.0177522247176071,0.145927299215074
0.1296274,0.02,0.00829289967642222,0.0155126884984611,-0.123691751915814,-0.076380884316395,0.0175902157318633,0.145374306467676
0.1297016,0.02,0.00829164488089263,0.0153401850242614,-0.124452535412669,-0.0740786413243349,0.0174376790717517,0.144831207517928
0.1297758,0.02,0.00829109411701305,0.0151776265385442,-0.12518169677176,-0.0717657726440256,0.0172945826489305,0.144294086260841
0.12985,0.02,0.00828872239063625,0.0150267963332753,-0.125873702563069,-0.069439823509807,0.0171612216031019,0.143757010562995
0.1299242,0.02,0.00828947031293962,0.0148859462817552,-0.126534349430908,-0.0670994934787973,0.0170383894418577,0.143224591502347
0.1299984,0.02,0.00829215121642239,0.0147558139435417,-0.127162450707775,-0.064745520110556,0.0169261282321869,0.142696430384203
0.1300726,0.02,0.00829676510108458,0.0146363993186349,-0.12775800639367,-0.0623779034050833,0.0168244018068136,0.1421728209993
0.1301468,0.02,0.00830331196692618,0.0145277024070346,-0.128321016488595,-0.0599966433623763,0.0167331744402388,0.141654087436326
0.130221,0.02,0.00831282189208274,0.0144289413400608,-0.128843676816161,-0.0576033890828164,0.0166522477763336,0.141134132970497
0.1302952,0.02,0.00832904669136516,0.0143369315804383,-0.129327989000042,-0.0552109600656048,0.0165807305607777,0.140619980266536
0.1303694,0.02,0.00835089672689149,0.014252319772041,-0.129775598676615,-0.0528220136303098,0.016518658996048,0.140113779250417
0.1304436,0.02,0.00837837199866171,0.0141751059148692,-0.13018650584588,-0.0504365497769343,0.0164660482522589,0.139615084635438
0.1305178,0.02,0.0084117326204962,0.0141049665384471,-0.130560970621658,-0.0480542450349998,0.0164227685464245,0.139123605170198
0.130592,0.02,0.00845302921853321,0.0140398096411521,-0.130901043630086,-0.0456730074028839,0.0163881041529875,0.138640206392913
0.1306662,0.02,0.00849631850940706,0.0139856585324611,-0.131197250190777,-0.0432965298431871,0.0163641703975452,0.138156823769524
0.1307404,0.02,0.00854159937820195,0.0139407975746342,-0.131446654435091,-0.0409206777235172,0.0163494573902202,0.13766889564288
0.1308146,0.02,0.00859493236790594,0.0138999537264744,-0.131655973997721,-0.0385405253332771,0.0163426306330103,0.137181148786025
0.1308888,0.02,0.00865641289557976,0.0138631341954931,-0.131825304295727,-0.0361560798799785,0.0163438053690385,0.136693719551954
0.130963,0.02,0.00872440927158087,0.0138324144540781,-0.131953013639466,-0.033769416836009,0.0163539293983873,0.136205621477166
0.1310372,0.02,0.00879892149590929,0.0138077945022294,-0.132039102028938,-0.0313805362013678,0.0163730329660381,0.135716846842585
0.1311114,0.02,0.00888333871823367,0.013786086938868,-0.132077856483052,-0.0289917955214243,0.0164003018224939,0.135222351631355
0.1311856,0.02,0.00897945639712402,0.0137640827279756,-0.132074945430026,-0.0266159422341324,0.0164341294424258,0.134730099054944
0.1312598,0.02,0.00908447734014646,0.0137439051972708,-0.132030756014883,-0.0242561051085506,0.0164749099729013,0.134240378310323
0.131334,0.02,0.00919683089601909,0.0137254975922346,-0.131943717586343,-0.021912227390162,0.0165218335146076,0.133750851659729
0.1314082,0.02,0.00931694921066355,0.013709447015921,-0.131814262290327,-0.0195848961820199,0.0165757195945283,0.133261276827155
0.1314824,0.02,0.0094451049942628,0.0136958209018195,-0.131642662837017,-0.017274178917614,0.0166368722579505,0.132771186392599
0.1315566,0.02,0.00957912709961341,0.0136862299224813,-0.131423159486966,-0.0149802411108915,0.0167054651381388,0.132274164043009
0.1316308,0.02,0.00972040069614949,0.0136764115416468,-0.131155585723746,-0.0126976644492961,0.0167788683274586,0.131768806433866
0.131705,0.02,0.00987061865968214,0.0136642764153266,-0.130842435096974,-0.010424594650106,0.01685649912287,0.131257056936856
0.1317792,0.02,0.0100297809902112,0.0136498245435209,-0.130483707606653,-0.00816103171332301,0.0169385423452111,0.130738672126515
0.1318534,0.02,0.0101973378650487,0.0136335999800217,-0.130078853430092,-0.0059075196927392,0.0170252972940035,0.130212929076216
0.1319276,0.02,0.0103716606458259,0.0136179123314323,-0.129626243928924,-0.00366636819495532,0.0171177942743436,0.129678083618096
0.1320018,0.02,0.0105590497509691,0.0135950812200889,-0.129125812904551,-0.0014373120044941,0.0172139410079231,0.129133812086763
0.132076,0.02,0.0107558318080149,0.0135660620799546,-0.128582595135603,0.000764728995577609,0.0173125953640547,0.128584869180798
0.1321502,0.02,0.0109579905143167,0.0135343832960811,-0.127995651874226,0.00293614178449024,0.0174142782600111,0.128029324091345
0.1322244,0.02,0.0111673011481155,0.0134985106092841,-0.127366758398662,0.00507846062142555,0.0175190868369803,0.127467964239124
0.1322986,0.02,0.0113837637094115,0.0134584440195637,-0.126695914708911,0.00719168550638592,0.0176272457184736,0.126899862664821
0.1323728,0.02,0.0116073781982047,0.0134141835269199,-0.125983120804972,0.00927581643937137,0.0177389838584414,0.12632413664212
0.132447,0.02,0.0118372229727534,0.0133651670128668,-0.125223950503897,0.0113318808807783,0.017853502093105,0.125735632595134
0.1325212,0.02,0.0120731197498471,0.0133078709793825,-0.124419127690139,0.0133645838750582,0.0179682957037678,0.12513485300798
0.1325954,0.02,0.0123152945483992,0.0132418948551181,-0.12356985165661,0.0153743840332424,0.0180835355826186,0.124522608079168
0.1326696,0.02,0.0125637473684098,0.0131672386400736,-0.122676122403307,0.0173612813553311,0.0181995582732623,0.123898527425511
0.1327438,0.02,0.0128184782098789,0.0130839023342489,-0.121737939930233,0.0193252758413242,0.0183167105100589,0.123262290684541
0.132818,0.02,0.0130793189094189,0.0129921603153707,-0.120755136073997,0.0212660931134958,0.0184354227723309,0.122613415271582
0.1328922,0.02,0.0133457914111862,0.0128900324354957,-0.119724143051505,0.023177231624077,0.0185543279204347,0.121946933110978
0.1329664,0.02,0.0136150694292721,0.0127779987283727,-0.118655561828907,0.0250487114113641,0.0186721013029117,0.121270690178226
0.1330406,0.02,0.0138871568379172,0.0126564899576509,-0.117551858824682,0.0268806782331162,0.0187893550471811,0.120586111867869
0.1331148,0.02,0.0141620536371213,0.0125255061233303,-0.116413034038831,0.0286731320893312,0.0189064028008049,0.119892214083894
0.133189,0.02,0.0144397598268843,0.0123850472254109,-0.115239087471353,0.0304260729800099,0.0190235658758751,0.119188058119155
0.1332632,0.02,0.0147202754072064,0.0122351132638927,-0.11403001912225,0.0321395009051522,0.0191411730216382,0.118472751210787
0.1333374,0.02,0.0150025321498151,0.0120743918375072,-0.112782150043332,0.0338147633691792,0.0192579051080821,0.117742310110301
0.1334116,0.02,0.0152850389355995,0.0119008251009302,-0.111496786236371,0.0354562431611947,0.0193716817376738,0.116998626146399
0.1334858,0.02,0.0155678221722319,0.0117144165221352,-0.110174817308126,0.0370642207288721,0.0194829320596339,0.116242190391946
0.13356,0.02,0.0158508818597121,0.0115151661011221,-0.108816243258596,0.0386386960722101,0.0195920776352837,0.115472609873834
0.1336342,0.02,0.01613421799804,0.0113030738378911,-0.107421064087783,0.0401796691912087,0.0196995550354087,0.114689541049158
0.1337084,0.02,0.0164178305872159,0.0110781397324419,-0.105989279795685,0.0416871400858698,0.0198058158408592,0.113892691074304
0.1337826,0.02,0.0166995745498408,0.010839759861289,-0.104518999052271,0.0431535373239856,0.019909198476988,0.113077181369458
0.1338568,0.02,0.01697721606524,0.0105894490484773,-0.103024243534224,0.0445735854912391,0.020009055361914,0.112253281819927
0.133931,0.02,0.0172509085275838,0.0103275473652672,-0.101507044451293,0.0459479956833031,0.0201060209790227,0.111422162878619
0.1340052,0.02,0.0175206519368718,0.0100540548116588,-0.0999674018034785,0.0472767679001761,0.0202004272838187,0.110582883876418
0.1340794,0.02,0.0177864462931044,0.00976897138765195,-0.0984053155907804,0.0485599021418596,0.020292621164114,0.109734544390306
0.1341536,0.02,0.0180482915962815,0.00947229709324658,-0.096820785813198,0.0497973984083536,0.0203829644989911,0.108876285084152
0.1342278,0.02,0.0183047017915438,0.00916311076983546,-0.0952107282981251,0.050990406026937,0.020470092981167,0.108005112332015
0.134302,0.02,0.0185537641251536,0.00884072349477395,-0.0935766985058229,0.0521437490798838,0.0205523856309404,0.10712408259283
0.1343762,0.02,0.0187955180124988,0.00850521668515936,-0.0919194031206765,0.0532577759803358,0.0206303225427932,0.106233551067603
0.1344504,0.02,0.0190299634535796,0.00815659034099171,-0.0902388421426857,0.054332486728293,0.0207043346919271,0.105333127482918
0.1345246,0.02,0.019257100448396,0.007794844462271,-0.0885350155718507,0.0553678813237553,0.0207748770843683,0.104422465325184
0.1345988,0.02,0.0194769289969479,0.00741997904899707,-0.0868079234081707,0.0563639597667232,0.0208424291348131,0.103501263407862
0.134673,0.02,0.0196869100031775,0.00703244243153117,-0.0850581474510655,0.0573137838544415,0.0209052546510682,0.102565872820938
0.1347472,0.02,0.0198856637604334,0.00663514558012202,-0.0833007079263879,0.0582165334314763,0.0209634152766773,0.101627617830074
0.1348214,0.02,0.0200734547759248,0.00622833465382121,-0.081537148964684,0.0590732522794406,0.0210175102997735,0.100687416275121
0.1348956,0.02,0.0202502830496513,0.00581200965262921,-0.0797674705659557,0.0598839403983333,0.0210678290242077,0.0997443516101125
0.1349698,0.02,0.020416148581613,0.00538617057654585,-0.0779916727302023,0.0606485977881548,0.0211146857988971,0.0987975375650849
0.135044,0.02,0.02057105137181,0.00495081742557115,-0.0762097554574239,0.0613672244489051,0.0211584202558457,0.0978461193070152
0.1351182,0.02,0.0207133844379867,0.00450574937800766,-0.0744190646942619,0.0620408215802314,0.021197784609087,0.0968878771174126
0.1351924,0.02,0.0208415597597671,0.00405143747425746,-0.0726207216005142,0.0626749413818794,0.0212316923213333,0.0959266255165968
0.1352666,0.02,0.020955658409022,0.00358796210050437,-0.0708152535445195,0.0632700127046662,0.0212605995068406,0.0949625960166591
0.1353408,0.02,0.0210556803857513,0.00311532325674874,-0.0690026605262791,0.0638260355485913,0.0212848987665188,0.0939953720858371
0.135415,0.02,0.021141625689955,0.00263352094299058,-0.0671829425457932,0.0643430099136547,0.0213050174693976,0.0930245703771859
0.1354892,0.02,0.0212134943216333,0.00214255515922935,-0.0653560996030595,0.064820935799857,0.0213214184318095,0.0920498423317184
0.1355634,0.02,0.0212690249318746,0.00164398314980951,-0.0635247657274635,0.0652542847819481,0.0213324659181624,0.0910687517380836
0.1356376,0.02,0.021308343394208,0.00114158116743874,-0.0617029724125239,0.0656462296080908,0.0213389012314912,0.0900926426868413
0.1357118,0.02,0.0213317934306015,0.000635502652210688,-0.0598917500787826,0.065997902849263,0.0213412575680726,0.0891220786786311
0.135786,0.02,0.0213393750410549,0.000125747604125918,-0.0580910987262417,0.0663093045054646,0.0213397455374412,0.0881561093471144
0.1358602,0.02,0.0213310882255684,-0.000387683976816138,-0.0563010183548991,0.0665804345766958,0.0213346109351182,0.0871938010194553
0.1359344,0.02,0.021306932984142,-0.000904792090615486,-0.054521508964755,0.0668112930629566,0.0213261351847436,0.086234238099134
0.1360086,0.02,0.0212655708976748,-0.0014251032698095,-0.0527500571174086,0.0670028698908245,0.0213132687529073,0.0852757474285429
0.1360828,0.02,0.0212062703892101,-0.00194743740852613,-0.0509865629943136,0.0671612598345595,0.0212955022547113,0.0843223839116181
0.136157,0.02,0.0211291464103294,-0.00247174565005128,-0.0492313663689401,0.0672869176818574,0.0212732309390859,0.0833741970016975
0.1362312,0.02,0.0210341989610327,-0.00299802799438496,-0.0474844672412879,0.0673798434327184,0.021246780880581,0.0824306856104363
0.1363054,0.02,0.02092142804132,-0.00352628444152717,-0.0457458656113573,0.0674400370871426,0.0212165226474719,0.081491366554056
0.1363796,0.02,0.0207908336511913,-0.0040565149914781,-0.0440155614791474,0.0674674986451297,0.0211828722742596,0.0805557758683708
0.1364538,0.02,0.020640996607642,-0.0045862580153731,-0.0422973805086864,0.067458432341896,0.0211443728575776,0.0796222864022552
0.136528,0.02,0.0204738824050702,-0.00511175774294382,-0.0406027527609714,0.0674189413327018,0.0211023678282602,0.0787013162672065
0.1366022,0.02,0.020289861713692,-0.00563298803501574,-0.0389322405208773,0.0673500963571424,0.0210572800371599,0.0777930255954338
0.1366764,0.02,0.0200889345335075,-0.00614994889158827,-0.0372858437884061,0.067251897415218,0.0210092161219951,0.0768963708698949
0.1367506,0.02,0.0198711008645167,-0.00666264031266159,-0.035663562563557,0.0671243445069284,0.0209583259232149,0.0760103106177678
0.1368248,0.02,0.0196363607067195,-0.00717106229823591,-0.0340653968463295,0.0669674376322737,0.0209048031870568,0.0751338070733167
0.136899,0.02,0.0193839381023044,-0.00767431938172984,-0.0324886065031244,0.0667821229314299,0.0208478352431796,0.0742654798391788
0.1369732,0.02,0.0191141634410044,-0.00817116242247342,-0.0309312928159585,0.0665744954817714,0.0207874755413896,0.0734091841932531
0.1370474,0.02,0.0188271632013364,-0.00866159131259391,-0.0293936278051925,0.0663449832418526,0.0207240256291136,0.0725647445865545
0.1371216,0.02,0.0185229373833004,-0.00914560605209093,-0.0278756114708273,0.0660935862116739,0.0206577181548619,0.0717315262154131
0.1371958,0.02,0.0182014859868966,-0.0096232066409645,-0.0263772438128631,0.0658203043912352,0.0205888367370742,0.0709088955020319
0.13727,0.02,0.0178628090121244,-0.0100943930792152,-0.0248985248312981,0.0655251377805362,0.0205177171595999,0.0700962211530196
0.1373442,0.02,0.0175067126983286,-0.0105562682854365,-0.0234435186856286,0.0652059009226358,0.0204430865970854,0.0692921935249275
0.1374184,0.02,0.0171367974618026,-0.0110060623056336,-0.0220200726766146,0.064870158316611,0.0203667188010817,0.0685056278031635
0.1374926,0.02,0.0167533952560163,-0.0114438794688141,-0.0206283804014013,0.0645188174319458,0.0202888794639096,0.0677363113905804
0.1375668,0.02,0.0163565060809701,-0.0118697197749773,-0.0192684418599902,0.0641518782686405,0.0202095407843251,0.0669831048631392
0.137641,0.02,0.0159461299366636,-0.0122835832241238,-0.0179402570523798,0.0637693408266948,0.0201287226813063,0.0662448613295902
0.1377152,0.02,0.0155222668230967,-0.0126854698162536,-0.0166438259785701,0.0633712051061086,0.0200464937529357,0.0655204287211661
0.1377894,0.02,0.0150848161151111,-0.0130744314340819,-0.015375897865775,0.062958144349629,0.0199622752849274,0.0648085347398587
0.1378636,0.02,0.01463498541044,-0.0134497793578225,-0.0141326098798301,0.0625354926428027,0.0198766034004278,0.0641125455904966
0.1379378,0.02,0.0141728851031424,-0.0138115627565195,-0.0129140073002033,0.0621036129687515,0.0197896421878758,0.0634320922587469
0.138012,0.02,0.0136985151932184,-0.0141597816301729,-0.0117200901268946,0.0616625053274754,0.0197014906622067,0.0627664327156121
0.1380862,0.02,0.013211875680668,-0.0144944359787827,-0.0105508583599039,0.0612121697189745,0.0196123005622609,0.0621148157353404
0.1381604,0.02,0.012712966565491,-0.0148155258023491,-0.00940631199923089,0.0607526061432485,0.0195222776257117,0.0614764821588186
0.1382346,0.02,0.0122029000266188,-0.0151203337216577,-0.00828996709232022,0.0602827195886582,0.0194302666197341,0.0608500602743872
0.1383088,0.02,0.0116862043360931,-0.0154078057784743,-0.0072059384099209,0.0598099944392072,0.0193382483873826,0.0602425180681018
0.138383,0.02,0.0111631177340647,-0.0156781450002408,-0.00615417902753873,0.0593351328485508,0.0192462834904084,0.0596534316670732
0.1384572,0.02,0.0106336402205343,-0.0159313513869567,-0.00513468894517491,0.0588581348166897,0.019154170860532,0.0590816812951639
0.1385314,0.02,0.0100977717955016,-0.0161674249386223,-0.00414746816282903,0.0583790003436236,0.0190617581660248,0.0585261409396048
0.1386056,0.02,0.00955551245896643,-0.0163863656552375,-0.00319251668050076,0.0578977294293524,0.0189689429790015,0.0579856813000397
0.1386798,0.02,0.00900732662923117,-0.0165875424979674,-0.00226600035370306,0.0574143533784872,0.01887534103341,0.0574590526503247
0.138754,0.02,0.0084547947640846,-0.0167712340771078,-0.00136242772220745,0.0569326695810156,0.0187818488699045,0.05694896904176
0.1388282,0.02,0.00789798908405322,-0.0169375236571731,-0.00048176753610165,0.0564529588656052,0.0186884440018189,0.0564550145216575
0.1389024,0.02,0.00733690958913743,-0.0170864112381631,0.000375980204613677,0.0559752212322564,0.0185950448055067,0.0559764839295423
0.1389766,0.02,0.00677155627933724,-0.0172178968200778,0.00121081549993856,0.055499456680969,0.0185016200736876,0.055512663114443
0.1390508,0.02,0.006201929154652,-0.0173319804029175,0.00202273834987392,0.0550256652117426,0.018408190294715,0.0550628304977761
0.139125,0.02,0.00563018312934268,-0.017426702864578,0.00280918869036778,0.054553081252161,0.018313627024711,0.0546253623805185
0.1391992,0.02,0.0050607757675135,-0.0175029890309902,0.00356912988414334,0.0540878726978135,0.0182199362344662,0.0542055039742715
0.1392734,0.02,0.00449382390459012,-0.0175610867153972,0.00430272606553367,0.0536305493941979,0.0181269473412146,0.053802874271906
0.1393476,0.02,0.00392932754057316,-0.017600995917799,0.00500997723453799,0.053181111341315,0.0180342638391337,0.0534165749125487
0.1394218,0.02,0.00336728667546199,-0.0176227166381956,0.00569088339115709,0.0527395585391641,0.0179415373160964,0.0530457084850195
0.139496,0.02,0.00280770130925662,-0.017626248876587,0.00634544453539095,0.0523058909877453,0.0178484687326781,0.0526893812677053
0.1395702,0.02,0.00225129777731613,-0.0176115236064682,0.00697787167893724,0.0518791042228959,0.0177548332975372,0.0523462715781918
0.1396444,0.02,0.00169938370923594,-0.017579834576569,0.00759450767728807,0.0514609003310063,0.0176617804518896,0.0520182738058286
0.1397186,0.02,0.00115198414854489,-0.0175312751410318,0.00819541412389798,0.0510514816775505,0.0175690829455911,0.0517051118762493
0.1397928,0.02,0.000609099095242958,-0.0174658452998565,0.00878059101876697,0.0506508482625285,0.0174764628499689,0.0514062954155669
0.139867,0.02,7.07285493301598e-05,-0.017383545053043,0.00935003836189503,0.0502590000859403,0.0173836889393151,0.0511213292766088
0.1399412,0.02,-0.000463127489193707,-0.0172843744005914,0.00990375615328237,0.0498759371477858,0.0172905779397644,0.0508497147712115
0.1400154,0.02,-0.000989809811831245,-0.0171674960221353,0.0104400670152092,0.0495004616111103,0.0171960066042564,0.0505894326810952
0.1400896,0.02,-0.00150591673800763,-0.0170355284288187,0.0109598058713167,0.0491367959279293,0.0171019593635028,0.0503442356064715
0.1401638,0.02,-0.00201144723709196,-0.0168887071410421,0.0114631625976319,0.0487853074836734,0.0170080671707132,0.0501139733309613
0.140238,0.02,-0.00250640130908366,-0.0167270321588059,0.0119501371941542,0.048445996278343,0.0169137710864225,0.0498980995064975
0.1403122,0.02,-0.00299077895398293,-0.0165505034821098,0.0124207296608838,0.0481188623119379,0.0168185589234904,0.0496960706243864
0.1403864,0.02,-0.00346458017178994,-0.016359121110954,0.0128749399978208,0.0478039055844581,0.0167219663703053,0.049507347627148
0.1404606,0.02,-0.00392721403224503,-0.0161534080841219,0.0133168866206138,0.0474988118068711,0.0166239466669993,0.0493302806836819
0.1405348,0.02,-0.0043782074879132,-0.0159353472558878,0.0137527365937492,0.0472030317902414,0.0165258583127458,0.0491656788217918
0.140609,0.02,-0.00481757681658843,-0.0157050186214548,0.014182549700053,0.0469167079511716,0.0164273143357024,0.0490134899896957
0.1406832,0.02,-0.00524532201827038,-0.015462422180823,0.0146063259395251,0.0466398402896617,0.0163278872721905,0.048873504679906
0.1407574,0.02,-0.00566144309295907,-0.0152075579339924,0.0150240653121653,0.0463724288057118,0.0162271918769253,0.0487455094531283
0.1408316,0.02,-0.00606594004065497,-0.0149404258809628,0.0154357678179742,0.0461144734993216,0.0161248861726638,0.0486292874125259
0.1409058,0.02,-0.00645630249019461,-0.0146613444948835,0.0158401293724308,0.0458638422924539,0.0160199520674234,0.0485221776960023
0.14098,0.02,-0.00683085791559599,-0.0143738907018398,0.0162384983276663,0.0456229232353576,0.0159144385314562,0.0484266450673279
0.1410542,0.02,-0.00718968827534926,-0.0140782452569007,0.0166310432191054,0.0453920023007907,0.0158078653527331,0.0483427913078128
0.1411284,0.02,-0.00753279356945405,-0.0137744081600664,0.0170177640467477,0.0451710794887536,0.0156995955081687,0.0482703917047508
0.1412026,0.02,-0.00786017379791085,-0.0134623794113365,0.0173986608105937,0.0449601547992458,0.0155890343366143,0.0482092202547836
0.1412768,0.02,-0.0081718289607193,-0.0131421590107113,0.017773733510643,0.0447592282322676,0.0154756302626443,0.0481590501863936
0.141351,0.02,-0.00846765728433078,-0.0128146560877833,0.0181463788970033,0.0445646516033872,0.0153595778110285,0.0481175564592061
0.1414252,0.02,-0.00874830212196012,-0.012481954943056,0.0185215813984408,0.0443739488393027,0.0152424403957362,0.0480842626343809
0.1414994,0.02,-0.00901380440299933,-0.0121441072934228,0.0188993848657482,0.044187226176889,0.0151237565363138,0.0480593144511157
0.1415736,0.02,-0.00926416412744871,-0.0118011131388833,0.0192797892989258,0.044004483616146,0.0150030333032035,0.0480427398649852
0.1416478,0.02,-0.00949938129530825,-0.0114529724794376,0.0196627946979737,0.0438257211570736,0.0148798126200704,0.0480345639125852
0.141722,0.02,-0.00971945590657777,-0.0110996853150858,0.0200484010628915,0.043650938799672,0.0147536719908584,0.0480348086627943
0.1417962,0.02,-0.00992259131514487,-0.0107424220162382,0.0204349214522493,0.0434770297068281,0.0146238657400274,0.04803996385186
0.1418704,0.02,-0.0101090122502122,-0.0103847739346207,0.0208231354330677,0.0433053136940798,0.0144926070238628,0.0480515677518074
0.1419446,0.02,-0.0102788381167487,-0.0100268494049269,0.0212131834302507,0.0431360436100174,0.0143593949043617,0.0480699220882538
0.1420188,0.02,-0.0104320689147544,-0.00966864842715676,0.0216050654437982,0.0429692194546408,0.0142236009593262,0.0480950379287914
0.142093,0.02,-0.0105687046442293,-0.00931017100131006,0.0219987814737103,0.0428048412279501,0.014084629989126,0.0481269240537776
0.1421672,0.02,-0.0106887453051734,-0.00895141712738711,0.0223943315199868,0.0426429089299453,0.0139419204124591,0.0481655869499654
0.1422414,0.02,-0.0107927568513072,-0.00859330062018706,0.0227937697708095,0.0424787372589043,0.013795956509077,0.048207873417894
0.1423156,0.02,-0.0108824010221773,-0.00823735922010419,0.0232001832100572,0.0423086664341639,0.0136484702046977,0.0482521684115602
0.1423898,0.02,-0.0109577234821511,-0.00788361360412559,0.0236136011913249,0.0421327861228562,0.0134990024583463,0.0482987973731985
0.142464,0.02,-0.0110187242312286,-0.00753206377225111,0.0240340237146125,0.0419510963249814,0.0133470696541646,0.0483479966367007
0.1425382,0.02,-0.0110654032694098,-0.00718270972448077,0.0244614507799203,0.0417635970405392,0.013192212418727,0.0484000063225513
0.1426124,0.02,-0.0110977605966947,-0.00683555146081455,0.0248958823872481,0.0415702882695299,0.0130339960884985,0.0484550701851881
0.1426866,0.02,-0.0111150120060579,-0.00649207531333963,0.0253345304635067,0.0413675819053571,0.012872083505357,0.048508919453053
0.1427608,0.02,-0.0111189170975273,-0.00615503666402901,0.0257771238574925,0.0411568663723357,0.0127088470664033,0.0485628228581783
0.142835,0.02,-0.0111095909479099,-0.00582447850126115,0.0262237918845211,0.0409383825745592,0.0125438256063106,0.0486172647176252
0.1429092,0.02,-0.0110870335572054,-0.00550040082503603,0.0266745345445923,0.0407121305120276,0.0123764583922323,0.0486724600158963
0.1429834,0.02,-0.011051244925414,-0.00518280363535331,0.0271293518377068,0.0404781101847407,0.012206206123285,0.0487286274715603
0.1430576,0.02,-0.0110022250525357,-0.00487168693221334,0.0275882437638641,0.0402363215926988,0.0120325512536678,0.0487859894773639
0.1431318,0.02,-0.0109411324458696,-0.00456753992456699,0.0280514973910565,0.039981639458019,0.0118562557395062,0.0488407411863443
0.143206,0.02,-0.0108701998674179,-0.00427086730642732,0.0285200734522472,0.0397101919065036,0.0116791075304033,0.0488906323437621
0.1432802,0.02,-0.010789462183193,-0.00398166651929908,0.0289939966586976,0.0394220615787628,0.0115007026947687,0.0489361909159707
0.1433544,0.02,-0.0106989193931949,-0.00369993756318193,0.0294732670104081,0.0391172484747965,0.0113206189827909,0.0489778786444021
0.1434286,0.02,-0.0105985714974235,-0.00342568043807588,0.0299578845073788,0.0387957525946045,0.0111384471202144,0.0490161734893617
0.1435028,0.02,-0.0104884184958789,-0.00315889514398113,0.0304478491496093,0.0384575739381872,0.0109537911736239,0.0490515699142086
0.143577,0.02,-0.0103686307686289,-0.00290080450400573,0.0309388878429085,0.0380995763315371,0.0107667623168071,0.0490794508689604
0.1436512,0.02,-0.0102417577583617,-0.00265283140789598,0.0314299190501405,0.0377243207640337,0.0105797503023314,0.0491015701236334
0.1437254,0.02,-0.010107884281474,-0.0024149764758109,0.0319210808130761,0.0373320294455315,0.0103923739360354,0.04911858938118
0.1437996,0.02,-0.00996701033796561,-0.0021872397077505,0.0324123731317155,0.0369227023760306,0.0102041811340388,0.0491309259304004
0.1438738,0.02,-0.0098191359278366,-0.0019696211037147,0.0329037960060587,0.0364963395555308,0.01001473103291,0.0491390129384069
0.143948,0.02,-0.00966426105108706,-0.00176212066370366,0.0333953494361054,0.0360529409840324,0.00982359460162164,0.0491432998236556
0.1440222,0.02,-0.00950381439893448,-0.00156448068704942,0.0338854787269312,0.0355877201953801,0.00963172300004236,0.049139714053482
0.1440964,0.02,-0.00933995358905979,-0.00137601441729593,0.0343733330443753,0.0350975254690554,0.00944077055766091,0.0491259841492314
0.1441706,0.02,-0.00917269612458376,-0.00119670898027295,0.0348589422271692,0.0345824312902079,0.00925043061578324,0.0491028553868211
0.1442448,0.02,-0.00900204200550635,-0.00102656437598043,0.0353423062753131,0.0340424376588374,0.0090603860120269,0.0490710319293763
0.144319,0.02,-0.00882799123182747,-0.0008655806044183,0.0358234251888073,0.0334775445749437,0.00887032462607586,0.0490312531251794
0.1443932,0.02,-0.00865054380354733,-0.00071375766558674,0.0363022989676512,0.0328877520385273,0.00867993998264245,0.0489842948758517
0.1444674,0.02,-0.0084704427653325,-0.000571640471842742,0.0367733331879611,0.0322714983120196,0.00848970985781154,0.0489257359378015
0.1445416,0.02,-0.00829016668767603,-0.00043930749662662,0.0372354797438264,0.0316331869045908,0.00830179828627784,0.0488583612649225
0.1446158,0.02,-0.00810976378197606,-0.000316743149801629,0.0376888915917243,0.0309729980782296,0.00811594694551393,0.0487829802222739
0.14469,0.02,-0.00792923404823259,-0.000203947431367756,0.0381335687316548,0.0302909318329359,0.00793185647540426,0.0487002013909534
0.1447642,0.02,-0.00774857748644542,-0.000100920341324881,0.0385695111636184,0.029586988168709,0.00774923467051695,0.0486106681737231
0.1448384,0.02,-0.00756779409661475,-7.66187967312453e-06,0.0389967188876146,0.0288611670855497,0.00756779797518123,0.048515060028198
0.1449126,0.02,-0.00738810947097107,7.69183364323722e-05,0.0394121386290545,0.0281097881202641,0.00738850986231541,0.0484094707622584
0.1449868,0.02,-0.0072109799870419,0.000154474813069968,0.0398138662749652,0.0273310457674807,0.00721263438983232,0.0482921319730755
0.145061,0.02,-0.00703640824436162,0.000225019175149997,0.0402019400962763,0.0265249988701647,0.00704000529903958,0.0481640068159495
0.1451352,0.02,-0.00686439424293004,0.000288551422672543,0.0405763600929881,0.0256916474283151,0.00687045633461835,0.048026052783637
0.1452094,0.02,-0.00669493798274715,0.000345071555637597,0.0409371262651007,0.0248309914419319,0.00670382495082775,0.0478792903334427
0.1452836,0.02,-0.0065280394638131,0.000394579574045118,0.0412842386126138,0.0239430309110158,0.00653995353816484,0.0477248057830421
0.1453578,0.02,-0.00636445762337006,0.000437302651198822,0.0416115439950067,0.0230287455954499,0.00637946349220832,0.0475588447856792
0.145432,0.02,-0.00620591539113863,0.000474074668734764,0.041919151158244,0.0220943454687672,0.00622399651618695,0.0473853915834927
0.1455062,0.02,-0.0060524329966086,0.000504908883759411,0.0422072147502401,0.0211399468679004,0.00607345685415939,0.0472053633663648
0.1455804,0.02,-0.00590401043977995,0.00052980529627276,0.042475734770995,0.0201655497928494,0.0059277342151103,0.0470195432005013
0.1456546,0.02,-0.00576064772065263,0.000548763906274819,0.0427247112205089,0.0191711542436139,0.00578672653460403,0.0468287743156738
0.1457288,0.02,-0.00562234483922675,0.000561784713765573,0.0429541440987815,0.0181567602201945,0.00565034189724837,0.0466339622694933
0.145803,0.02,-0.00548965926828336,0.000570584016265921,0.0431601932658594,0.0171203320679981,0.00551923228370283,0.0464317569435495
0.1458772,0.02,-0.0053629517601206,0.000577255378268368,0.0433408707407155,0.0160615474002245,0.00539392949092963,0.0462212546503561
0.1459514,0.02,-0.00524221765971036,0.000581803477630095,0.043496218202346,0.0149804424567865,0.00527440435294467,0.0460036374008316
0.1460256,0.02,-0.0051274569670526,0.000584228314351107,0.0436262356507511,0.0138770172376837,0.00516063345649212,0.045780127178393
0.1460998,0.02,-0.00501866968214729,0.000584529888431402,0.0437309230859308,0.0127512717429156,0.00505259542898241,0.0455520423802191
0.146174,0.02,-0.00491585580499452,0.00058270819987098,0.043810280507885,0.0116032059724836,0.00495027142101271,0.0453208017031854
0.1462482,0.02,-0.0048192762043284,0.000579493835683871,0.0438588117958846,0.0104368133130689,0.00485399178400639,0.0450835052350489
0.1463224,0.02,-0.00472960389563974,0.000575950418526575,0.0438787575852104,0.00925931719785617,0.00476454319890706,0.0448450702105836
0.1463966,0.02,-0.00464684522626261,0.000572082532026437,0.0438702479310454,0.00807076532698153,0.00468192791276087,0.0446064558835893
0.1464708,0.02,-0.00457100019619701,0.000567890176183457,0.0438332828333896,0.00687115770044504,0.0046061417743963,0.0443685642329827
0.146545,0.02,-0.00450206880544284,0.000563373350997631,0.0437678622922428,0.00566049431824534,0.00453718118015534,0.0441323800124084
0.1466192,0.02,-0.0044400510540002,0.000558532056468962,0.0436739863076053,0.00443877518038379,0.0044750431752366,0.0438989727112024
0.1466934,0.02,-0.00438455009639934,0.000555252987754144,0.0435479418371866,0.00320574546667268,0.00441956846629231,0.0436657765561553
0.1467676,0.02,-0.0043347995170688,0.000555416506249754,0.0433885381537072,0.00196217634244968,0.00437023733321139,0.043432883615005
0.1468418,0.02,-0.00429079484547428,0.000559021276226431,0.0431958100386462,0.000708081120677707,0.00432705733648428,0.0432016132079378
0.146916,0.02,-0.0042525360816157,0.000566067297684177,0.0429697574920034,-0.000556540198644656,0.00429004607329,0.0429733614686388
0.1469902,0.02,-0.00422002322549309,0.000576554570622995,0.0427103805137788,-0.00183168761551742,0.00425922659606264,0.0427496395675171
0.1470644,0.02,-0.00419325627710646,0.000590483095042877,0.0424176791039727,-0.00311736112993962,0.004234627314301,0.04253207543704
0.1471386,0.02,-0.00417173694758432,0.000608547678659073,0.0420881642930205,-0.00440680035661224,0.0042158889260797,0.0423182403100521
0.1472128,0.02,-0.00415524879972434,0.000631382538554022,0.0417266405302614,-0.00569312233323373,0.00420294378948868,0.0421132303657985
0.147287,0.02,-0.00414379471749232,0.000658986837044488,0.0413331885366902,-0.00697632839020695,0.00419586681296191,0.0419177961302546
0.1473612,0.02,-0.00413737470088826,0.000691360574130472,0.0409078083123071,-0.0082564185275319,0.0041947406188002,0.0417326877617322
0.1474354,0.02,-0.00413598874991216,0.000728503749811988,0.0404504998571117,-0.00953339274520906,0.00419965720659318,0.0415587357353974
0.1475096,0.02,-0.00413963686456401,0.000770416364089009,0.0399612631711044,-0.0108072510432375,0.00421071665450354,0.041396850476115
0.1475838,0.02,-0.00414698292425347,0.000818588600927384,0.0394373847782669,-0.0120768079989684,0.00422700303662277,0.041245079822847
0.147658,0.02,-0.0041564686581366,0.000874132395162476,0.038878979451081,-0.0133409764788915,0.00424739204104641,0.0411042175034134
0.1477322,0.02,-0.00416809287020608,0.000937045096409936,0.0382860656325421,-0.014599757301875,0.00427212496158161,0.0409753064038937
0.1478064,0.02,-0.0041818555604619,0.00100732670466978,0.03765864332265,-0.0158531504679192,0.00430146754242166,0.0408594639791206
0.1478806,0.02,-0.00419775672890409,0.00108497721994205,0.0369967125214043,-0.0171011559770247,0.00433570491648737,0.0407578982915209
0.1479548,0.02,-0.0042157963755326,0.00116999664222664,0.0363002732288059,-0.01834377382919,0.00437513785185969,0.040671905226857
0.148029,0.02,-0.00423482554997659,0.00126242542426214,0.0355688738942371,-0.0195724029748735,0.00441898918199151,0.0405983219889071
0.1481032,0.02,-0.0042542560299319,0.00136209800585709,0.0348095875546104,-0.0207820849228038,0.00446699063640968,0.0405413670151947
0.1481774,0.02,-0.00427408964052099,0.00146901373186835,0.0340224380974886,-0.0219728315751236,0.00451949594530481,0.0405010076606273
0.1482516,0.02,-0.00429432638174388,0.00158317260229592,0.0332074255228717,-0.0231446429318329,0.00457686296076274,0.040477248007975
0.1483258,0.02,-0.00431496625360058,0.00170457461713992,0.0323645498307588,-0.0242975189929331,0.00463945130323722,0.0404701558553907
0.1484,0.02,-0.00433600925609107,0.00183321977640022,0.0314938110211508,-0.0254314597584228,0.0047076184018559,0.0404798626242757
