x_m,y_m,incident_real_pa,incident_imag_pa,reflected_real_pa,reflected_imag_pa,incident_abs_pa,reflected_abs_pa
0,0.02,0.0102334409280199,-0.00281613433890463,-0.0974214871960203,-0.0927301083381622,0.0106138553712603,0.134498398354373
7.42e-05,0.02,0.0102910376999872,-0.0023977725240331,-0.0930893738187216,-0.0969988928020546,0.0105666820724183,0.134441127348688
0.0001484,0.02,0.0103346516072633,-0.00198210473607072,-0.088596300291972,-0.101066296169546,0.0105230111198394,0.134401267281435
0.0002226,0.02,0.010364282649848,-0.00156913097501749,-0.0839422666157713,-0.104932318440636,0.010482391275978,0.134376692837412
0.0002968,0.02,0.0103799308277414,-0.00115885124087341,-0.0791272727901197,-0.108596959615325,0.0104444195715784,0.134366755326214
0.000371,0.02,0.0103815961409436,-0.000751265533638492,-0.0741513188150171,-0.112060219693613,0.0104087433600645,0.13437228479038
0.0004452,0.02,0.0103692703833741,-0.000346374621760793,-0.0690143413475101,-0.115321987951118,0.0103750539112873,0.134395462038822
0.0005194,0.02,0.010342303383173,5.31631598527278e-05,-0.0637443329168735,-0.118343018766561,0.0103424400211535,0.134418786149109
0.0005936,0.02,0.0103026075173784,0.000444962090568563,-0.0583886515145557,-0.121119025926234,0.0103122118344798,0.134458369270968
0.0006678,0.02,0.0102501827859904,0.000829022170386712,-0.0529472971405566,-0.123650009430135,0.0102836532859294,0.134509260300408
0.000742,0.02,0.0101850291890089,0.00120534339930717,-0.0474202697948762,-0.125935969278265,0.010256104147834,0.134568013827488
0.0008162,0.02,0.0101071467264339,0.00157392577732995,-0.0418075694775145,-0.127976905470624,0.0102289616922837,0.13463268993619
0.0008904,0.02,0.0100165311552425,0.00193476543719552,-0.0361091845480163,-0.129772734755845,0.0102016770033612,0.134702768697357
0.0009646,0.02,0.00991433432884054,0.00228688966757566,-0.0303517820666314,-0.131311374190268,0.0101746690135695,0.134773542160014
0.0010388,0.02,0.00980232933742593,0.00262994250287893,-0.0245631461823339,-0.132593796400225,0.0101490028085428,0.134849779362811
0.001113,0.02,0.00968051618099864,0.00296392394310534,-0.0187432768951239,-0.133620001385714,0.0101240919924253,0.134928185339778
0.0011872,0.02,0.00954889485955868,0.00328883398825489,-0.0128921742050013,-0.134389989146737,0.0100993971127591,0.135006952926848
0.0012614,0.02,0.00940746537310605,0.00360467263832757,-0.00700983811196613,-0.134903759683293,0.0100744265134893,0.135085758712914
0.0013356,0.02,0.00925620856571629,0.00391142700574205,-0.0010962862308019,-0.135160931509408,0.0100487142577191,0.135165377408532
0.0014098,0.02,0.00909570520452183,0.00420678613433236,0.00480438638278623,-0.135142502788195,0.0100214221918636,0.135227875041991
0.001484,0.02,0.0089284400850305,0.00448982065456453,0.010651497470858,-0.134868528301207,0.0099937746553609,0.135288485557734
0.0015582,0.02,0.0087544132072423,0.00476053056643857,0.0164450470334133,-0.134339008048444,0.00996505905035863,0.135341821531156
0.0016324,0.02,0.00857362457115722,0.00501891586995448,0.0221850350704521,-0.133553942029907,0.00993461397321667,0.135384013874626
0.0017066,0.02,0.00838607417677527,0.00526497656511225,0.0278714615819746,-0.132513330245595,0.00990182903960466,0.13541270643294
0.0017808,0.02,0.00819175906915839,0.00549870253343147,0.0335042492976316,-0.131217021865081,0.00986613633588673,0.135426886356214
0.001855,0.02,0.00799225377749761,0.00572000008288026,0.0390544472674574,-0.129669241146689,0.00982825118686305,0.135422900393268
0.0019292,0.02,0.00778927441499357,0.00592953101948163,0.0445002672534284,-0.12788519676035,0.00978938884829223,0.135406415416922
0.0020034,0.02,0.00758282098164627,0.00612729534323559,0.0498417092555444,-0.125864888706064,0.0097489959617866,0.135374171061189
0.0020776,0.02,0.00737289347745571,0.00631329305414213,0.0550787732738056,-0.123608316983829,0.00970655589884425,0.135324378043729
0.0021518,0.02,0.00715949190242189,0.00648752415220125,0.0602114593082119,-0.121115481593646,0.00966158858191753,0.135256717813517
0.002226,0.02,0.0069425978920632,0.00664995885922062,0.065239415619497,-0.118385853232528,0.00961361629774182,0.135171711522667
0.0023002,0.02,0.00672351919058917,0.0067992442639668,0.070116276271485,-0.115426211563913,0.00956218766116344,0.135053702334207
0.0023744,0.02,0.00650455644664043,0.00693585039641704,0.0748190706218691,-0.112273848903957,0.00950869472057075,0.134919644516389
0.0024486,0.02,0.00628570966021698,0.00705977725657132,0.0793477986706494,-0.10892876525266,0.00945254467563877,0.134764791593899
0.0025228,0.02,0.00606697883131881,0.00717102484442965,0.0837024604178258,-0.105390960610021,0.00939317994393262,0.134585870203007
0.002597,0.02,0.00584836395994594,0.00726959315999203,0.0878830558633984,-0.101660434976041,0.00933007747662352,0.134381083294514
0.0026712,0.02,0.00562986851194194,0.00735546903824038,0.0918893614427381,-0.0977370683431031,0.00926273956420389,0.134149876163411
0.0027454,0.02,0.0054128949811076,0.0074295482366177,0.0956996720154191,-0.0936402780953176,0.00919225864935974,0.133891481826243
0.0028196,0.02,0.00519857721047316,0.00749329196618235,0.0993045840506527,-0.0893938133792144,0.00912001258243123,0.13361382519766
0.0028938,0.02,0.00498691520003862,0.00754670022693433,0.102704097548439,-0.0849976741947935,0.00904555180890513,0.133314426345252
0.002968,0.02,0.00477790894980398,0.00758977301887365,0.105898212508778,-0.080451860542055,0.00896844849517682,0.132992230138578
0.0030422,0.02,0.00457155845976923,0.00762251034200029,0.10888692893167,-0.0757563724209988,0.00888829627459554,0.132647620614015
0.0031164,0.02,0.00436785599809637,0.00764487212367526,0.111669468068975,-0.0709108312189476,0.00880467124925477,0.132281578774106
0.0031906,0.02,0.00416814130051095,0.00765664660098465,0.114211487335793,-0.0659452158387808,0.0087176624776023,0.131882657432573
0.0032648,0.02,0.00397395312186064,0.00765926016753481,0.116513041990087,-0.0609022712993137,0.0086288220359868,0.131470055918444
0.003339,0.02,0.00378529146214543,0.00765271282332573,0.118574132031856,-0.0557819976005461,0.00853770724548958,0.131039902485523
0.0034132,0.02,0.00360215632136532,0.00763700456835742,0.120394757461101,-0.0505843947424783,0.00844389536533135,0.130589733959374
0.0034874,0.02,0.00342454769952033,0.00761213540262987,0.121974918277822,-0.0453094627251101,0.00834698342721854,0.130118515597587
0.0035616,0.02,0.00325247603325178,0.00757809589109737,0.123314282543595,-0.0399572392330436,0.00824658339444549,0.129626360152433
0.0036358,0.02,0.00308661166085425,0.00753652028722235,0.124405690434309,-0.0345560482938072,0.00814409660948564,0.129115825080123
0.00371,0.02,0.00292719696257228,0.00748921395960537,0.125254229510611,-0.0291301737450693,0.00804094570249298,0.128597002425075
0.0037842,0.02,0.00277423193840588,0.00743617690824642,0.125859899772502,-0.0236796155868297,0.00793681862327775,0.128068101278516
0.0038584,0.02,0.00262771658835503,0.00737740913314552,0.126222701219982,-0.0182043738190886,0.00783141494153739,0.127528700806579
0.0039326,0.02,0.00248765091241975,0.00731291063430265,0.126342633853051,-0.0127044484418459,0.0077244461942174,0.126979778465461
0.0040068,0.02,0.00235403857394704,0.00724264377930092,0.126218646661406,-0.00717993684702568,0.00761560152065987,0.126422696768279
0.004081,0.02,0.00222762557424508,0.00716726629912978,0.125838686129501,-0.00167416762549456,0.00750546613486945,0.125849822264623
0.0041552,0.02,0.00210896597605084,0.00708851140346069,0.125224011803603,0.00377716406882459,0.00739558864493776,0.125280964637856
0.0042294,0.02,0.00199805977936431,0.00700637909229365,0.124374623683711,0.00917405823593196,0.00728571141803207,0.124712510843864
0.0043036,0.02,0.00189490698418549,0.00692086936562866,0.123290521769826,0.0145165148758274,0.00717559093418878,0.124142184459659
0.0043778,0.02,0.00179950759051438,0.00683198222346573,0.121971706061947,0.0198045339885108,0.00706499884430781,0.123569076415437
0.004452,0.02,0.00171187355517949,0.00673971770507311,0.120417868808931,0.0250378424331311,0.00695372603810351,0.122993319664895
0.0045262,0.02,0.00163161982070487,0.00664591647233523,0.118638918751186,0.0301885585370845,0.00684327326625013,0.122419533200374
0.0046004,0.02,0.00155808453010298,0.00655219915818508,0.116651889287073,0.0352394871025477,0.00673490469208492,0.121858461854293
0.0046746,0.02,0.0014912676833738,0.00645856576262267,0.114456780416591,0.0401906281295206,0.00662849538082338,0.121308042490089
0.0047488,0.02,0.00143116928051733,0.006365016285648,0.112053592139742,0.0450419816180033,0.00652393116349803,0.120767494051571
0.004823,0.02,0.00137778932153359,0.00627155072726107,0.109442324456524,0.0497935475679958,0.00642110986817239,0.120237347616509
0.0048972,0.02,0.00133113322348852,0.00617814364067489,0.10662202139565,0.0544445769899451,0.00631991886842597,0.119718283524733
0.0049714,0.02,0.00129103835117639,0.00608572422536072,0.103605873840672,0.0589521578230589,0.00622115900547082,0.119203749967374
0.0050456,0.02,0.00125723246091957,0.00599571507678276,0.100428433336144,0.063297040389477,0.00612611073542994,0.118711353898519
0.0051198,0.02,0.00122971555271807,0.005908116194941,0.0970896998820645,0.0674792246891996,0.0060347358942642,0.118236439340183
0.005194,0.02,0.00120848762657188,0.00582292757983544,0.0935896734784347,0.0714987107222265,0.00594701000029305,0.1177756028078
0.0052682,0.02,0.00119354868248101,0.00574014923146608,0.0899283541252542,0.0753554984885578,0.00586292347357125,0.117326723418564
0.0053424,0.02,0.00118490301936199,0.00565979077246683,0.0861056293275931,0.0790491116064891,0.0057824931261,0.11688858561757
0.0054166,0.02,0.00118114142515234,0.00558326828839802,0.0821453288524007,0.0825613640487047,0.00570683623792043,0.11646559099516
0.0054908,0.02,0.00118095987861515,0.00551158853980284,0.078070370406523,0.0858870093994257,0.00563669002757688,0.116067054408168
0.005565,0.02,0.0011843583797504,0.00544475152668129,0.0738807539899603,0.0890260476586518,0.00557207537269403,0.115689251755924
0.0056392,0.02,0.0011913369285581,0.00538275724903339,0.0695764796027126,0.0919784788263832,0.00551301725730726,0.115329645283085
0.0057134,0.02,0.00120189552503824,0.00532560570685911,0.0651575472447797,0.09474430290262,0.00545954476106179,0.11498690749585
0.0057876,0.02,0.00121602682767765,0.00527328239719103,0.0606235278923429,0.0973222138520716,0.00541167520146549,0.114659606850809
0.0058618,0.02,0.00123277618468387,0.00522630908534936,0.0560076849002618,0.0996828129737676,0.00536973405087524,0.114339511850673
0.005936,0.02,0.00125147922394603,0.00518541515800324,0.0513467145621346,0.101827004439209,0.00533429757407836,0.1140404486548
0.0060102,0.02,0.00127213594546411,0.00515060061515268,0.0466406168779614,0.103754788248395,0.00530537619406513,0.113755893153832
0.0060844,0.02,0.00129474634923813,0.00512186545679767,0.0418893918477422,0.105466164401327,0.00528297963902973,0.113480540106669
0.0061586,0.02,0.00131931043526807,0.00509920968293822,0.0370930394714768,0.106961132898004,0.00526711680287975,0.11321032429976
0.0062328,0.02,0.00134581705620849,0.00508264498799767,0.0322517644904842,0.10823916566637,0.00525780406850612,0.112941990848849
0.006307,0.02,0.00137221275470515,0.00507265089140733,0.0273955369695363,0.109297801338573,0.00525497430158046,0.11267885703758
0.0063812,0.02,0.00139697963007832,0.005069417509769,0.0225457504994366,0.110144524734462,0.00525837864509644,0.112428320251453
0.0064554,0.02,0.001420117682328,0.00507294484308269,0.017702405080185,0.110779335854035,0.00526796959108724,0.112184831407299
0.0065296,0.02,0.00144162691145419,0.00508323289134838,0.0128655007117816,0.111202234697294,0.00528370559167664,0.111943995418409
0.0066038,0.02,0.00146150731745689,0.00510028165456609,0.00803503739422624,0.111413221264237,0.0053055514882888,0.111702585907402
0.006678,0.02,0.00147972938463535,0.00512407307016684,0.00321141014682863,0.111410799502519,0.0053334532790831,0.111457074252475
0.0067522,0.02,0.0014950517787367,0.00515423323086835,-0.00156346072916942,0.111187258343546,0.00536668426677882,0.111198250109461
0.0068264,0.02,0.0015069383131986,0.00519075290917089,-0.00626147763689622,0.11076106131557,0.00540506973533662,0.110937905181001
0.0069006,0.02,0.00151538898802105,0.00523363210507447,-0.0108826405763516,0.110132208418589,0.00544860613334104,0.110668582701097
0.0069748,0.02,0.00152040380320405,0.00528287081857907,-0.0154269495475357,0.109300699652605,0.00549730404931286,0.110384028359592
0.007049,0.02,0.0015219827587476,0.0053384690496847,-0.0198944045504486,0.108266535017616,0.0055511875587451,0.110079198476086
0.0071232,0.02,0.00152009838721984,0.00540042753551128,-0.0242844877196704,0.107029352316127,0.00561028668368532,0.109749800004448
0.0071974,0.02,0.00151265494610142,0.00546807335346496,-0.0285708974163248,0.10560320029085,0.00567344262197466,0.109399872444366
0.0072716,0.02,0.00149836255227131,0.00554084596121999,-0.0327400975707612,0.104005093354693,0.00573986622701408,0.109036569244732
0.0073458,0.02,0.0014772212057295,0.00561874535877636,-0.0367920881829793,0.102235031507654,0.00580968862310432,0.10865385138243
0.00742,0.02,0.001449230906476,0.00570177154613408,-0.0407268692529791,0.100293014749734,0.00588306629102455,0.108246786034226
0.0074942,0.02,0.00141439165451079,0.00578992452329314,-0.0445444407807608,0.0981790430809323,0.00596017866659894,0.107811556452721
0.0075684,0.02,0.00137265693325425,0.00588316034664444,-0.0482435838284151,0.0958919433141511,0.00604117229689242,0.107343878135521
0.0076426,0.02,0.00132320323817877,0.00598011043452489,-0.0517874809916211,0.0934464468800402,0.00612475204548236,0.106837173408705
0.0077168,0.02,0.00126602678102835,0.00608029525219533,-0.0551637535053577,0.0908710665646013,0.00621070158389132,0.106304235284339
0.007791,0.02,0.001201127561803,0.00618371479965575,-0.0583724013696249,0.0881658023678341,0.00629928854262165,0.105738100743396
0.0078652,0.02,0.0011285055805027,0.00629036907690616,-0.0614134245844228,0.0853306542897388,0.00639079556619698,0.105132912452293
0.0079394,0.02,0.00104816083712747,0.00640025808394655,-0.0642868231497513,0.0823656223303154,0.0064855180734935,0.10448392877638
0.0080136,0.02,0.000960058629074733,0.00651335876107455,-0.0669919221940299,0.0792706968828184,0.0065837341168768,0.103787094686857
0.0080878,0.02,0.000862682350427528,0.00662800090024338,-0.0695146564890446,0.0760717552217938,0.00668390729823254,0.103049499801379
0.008162,0.02,0.000755282853011678,0.00674315966979485,-0.071852732078188,0.0727895117996675,0.00678532641222228,0.102279656506726
0.0082362,0.02,0.000637860136827193,0.00685883506972897,-0.0740061489614596,0.0694239666164398,0.00688843117610223,0.101472149996274
0.0083104,0.02,0.00051041420187407,0.00697502710004572,-0.0759749071388597,0.0659751196721109,0.00699367755217861,0.100622576644149
0.0083846,0.02,0.000372945048152303,0.00709173576074513,-0.0777590066103882,0.0624429709666803,0.00710153533464227,0.0997275675637387
0.0084588,0.02,0.000225412754376465,0.00720887254591747,-0.0793567498728188,0.0588271203282963,0.00721239587745419,0.0987832163704796
0.008533,0.02,6.80482544336928e-05,0.00732441843901698,-0.0807479629003625,0.0551581285685833,0.00732473453681042,0.0977888166394639
0.0086072,0.02,-9.84765149415755e-05,0.00743787514041036,-0.0819376585937419,0.0514649171475273,0.00743852702007121,0.0967595865680836
0.0086814,0.02,-0.000274161553749328,0.0075492426500976,-0.082925836952957,0.0477474860651287,0.00755421929438157,0.0956896904576876
0.0087556,0.02,-0.000459006861989566,0.00765852096807869,-0.0837124979780079,0.0440058353213874,0.00767226372838255,0.0945742875207159
0.0088298,0.02,-0.000653012439662301,0.00776571009435365,-0.0842976416688945,0.0402399649163032,0.00779311738111905,0.093409566787362
0.008904,0.02,-0.0008562025842992,0.00787075749480591,-0.0846806996060493,0.0364502755699221,0.00791719056278198,0.0921924263423695
0.0089782,0.02,-0.00106908178525961,0.00797146938010719,-0.0848643598735994,0.0326659541913792,0.00804283904734891,0.0909341747638867
0.0090524,0.02,-0.00129176216492769,0.00806674800740488,-0.0848572356217894,0.028905030700321,0.00816952097161819,0.0896451406221128
0.0091266,0.02,-0.00152424372330345,0.008156593376699,-0.0846593268506193,0.0251675050967475,0.00829779093740255,0.0883210333702839
0.0092008,0.02,-0.00176652646038688,0.00824100548798952,-0.0842706335600891,0.0214533773806585,0.00842821376024128,0.0869585365657436
0.009275,0.02,-0.00201861037617798,0.00831998434127647,-0.0836911557501988,0.0177626475520542,0.00856136246691489,0.0855553691994987
0.0093492,0.02,-0.00228049162855488,0.0083933944460506,-0.0829193096367498,0.014095871784947,0.00869768431221219,0.0841088908024167
0.0094234,0.02,-0.00255056454885697,0.00845924401202891,-0.0819571972994036,0.010487962418249,0.00883539409267821,0.0826255380911977
0.0094976,0.02,-0.00282764131513834,0.00851746650220784,-0.0808234734415951,0.00695965973933065,0.00897456355614633,0.0811225660519407
0.0095718,0.02,-0.00311172192739898,0.00856806191658738,-0.0795181380633245,0.00351096374819205,0.00911561837507092,0.0795956101019337
0.009646,0.02,-0.00340280638563889,0.00861103025516754,-0.0780411911645917,0.00014187444483319,0.00925899202686532,0.078041320124319
0.0097202,0.02,-0.00370089468985808,0.00864637151794831,-0.0763926327453968,-0.00314760817074594,0.00940512423797834,0.0764574507485674
0.0097944,0.02,-0.00400598042709289,0.00867401019400707,-0.0745722685547689,-0.00635679655057042,0.00955438810327433,0.0748427157430162
0.0098686,0.02,-0.0043174532249969,0.00869186042522494,-0.0725986003862368,-0.00946265143537218,0.00970509350813415,0.0732126939145655
0.0099428,0.02,-0.00463491663216241,0.00869910911016181,-0.0704875737739268,-0.0124547109605096,0.00985682258628996,0.0715794515321584
0.010017,0.02,-0.00495837064858943,0.00869575624881767,-0.068239188717839,-0.0153329751259828,0.0100100757353601,0.0699405962448338
0.0100912,0.02,-0.00528781527427795,0.00868180184119251,-0.0658534452179735,-0.0180974439317916,0.0101653663772941,0.0682949026204809
0.0101654,0.02,-0.00562325050922797,0.00865724588728635,-0.0633303432743301,-0.0207481173779361,0.0103232191027058,0.0666424545914472
0.0102396,0.02,-0.00596459083257015,0.00862192752174814,-0.0606690368450489,-0.0232836761339855,0.0104839867412286,0.0649835487336466
0.0103138,0.02,-0.00630899268866917,0.00857465870728703,-0.0578920141587538,-0.0256771713413017,0.0106455700031579,0.0633308963417376
0.010388,0.02,-0.00665514814697497,0.00851608321297258,-0.0550240991528129,-0.0279210473145427,0.0108080835557678,0.0617028068301558
0.0104622,0.02,-0.00700305720748755,0.00844620103880478,-0.0520652918272264,-0.0300153040537083,0.0109718331303046,0.0600975298202081
0.0105364,0.02,-0.00735271987020689,0.00836501218478363,-0.0490155921819942,-0.0319599415587984,0.0111371413900208,0.0585146660367585
0.0106106,0.02,-0.00770413613513301,0.00827251665090913,-0.0458750002171163,-0.0337549598298132,0.0113043463025613,0.0569553593442506
0.0106848,0.02,-0.00805725421988606,0.00816863499307302,-0.0426438468556879,-0.0353996651361492,0.011473706603096,0.0554223237189028
0.010759,0.02,-0.00841060457344802,0.00805196567815118,-0.0393504973748885,-0.0368844059259971,0.011643557041258,0.0539344142840621
0.0108332,0.02,-0.00876356931509043,0.00792218896982552,-0.0360128735306531,-0.0382082953798267,0.0118136033966787,0.0525052463642149
0.0109074,0.02,-0.00911614844481333,0.00777930486809601,-0.0326309753229815,-0.0393713334976381,0.0119842290823672,0.0511359213460681
0.0109816,0.02,-0.00946834196261668,0.00762331337296266,-0.0292048027518739,-0.040373520279431,0.0121558383628378,0.0498291244507617
0.0110558,0.02,-0.00982014986850049,0.00745421448442549,-0.0257343558173304,-0.0412148557252057,0.0123288546515736,0.0485893136582777
0.01113,0.02,-0.0101713826354563,0.00727186600287698,-0.0222199308799125,-0.0418937877358258,0.0125034819102784,0.0474216699322421
0.0112042,0.02,-0.0105185355309034,0.00707648263358844,-0.0186959082277271,-0.0424003462501256,0.0126773891704229,0.0463392527625353
0.0112784,0.02,-0.0108606658298208,0.00686942471310879,-0.0151847709963656,-0.0427404278419035,0.0128507999033565,0.0453577054349206
0.0113526,0.02,-0.0111977735322086,0.00665069224143803,-0.0116865191858277,-0.0429140325111595,0.013023894938495,0.0444768357355778
0.0114268,0.02,-0.0115298586380667,0.00642028521857616,-0.00820115279611382,-0.0429211602578935,0.0131968823023344,0.0436976533130669
0.011501,0.02,-0.011856921147395,0.00617820364452319,-0.00472867182722382,-0.0427618110821056,0.0133699954887331,0.0430224688304991
0.0115752,0.02,-0.0121788622211548,0.00592439058598559,-0.00126988040457769,-0.0424356239407554,0.013543378043058,0.0424546201900705
0.0116494,0.02,-0.0124938740550181,0.00565845802040829,0.00214585351866005,-0.0419490275849585,0.013715503493178,0.0420038760431363
0.0117236,0.02,-0.0128014511500937,0.00538058356943958,0.00550389755095011,-0.0413095272254919,0.0138862461124653,0.0416745717175955
0.0117978,0.02,-0.0131015935063817,0.00509076723307948,0.00880425169229249,-0.0405171228623556,0.0140558764731289,0.0414626590187418
0.011872,0.02,-0.0133943011238821,0.00478900901132797,0.0120469159426872,-0.0395718144955496,0.0142246936665718,0.0413649209620949
0.0119462,0.02,-0.0136795740025948,0.00447530890418505,0.0152318903021342,-0.0384736021250738,0.0143930238199047,0.0413790833955361
0.0120204,0.02,-0.013957125118319,0.00414959798437431,0.0183577369150526,-0.0372213857023427,0.0145609239061378,0.0415022657001379
0.0120946,0.02,-0.0142236345871937,0.0038136941217455,0.0213902378329776,-0.0358250441610634,0.0147260328576385,0.0417250052569617
0.0121688,0.02,-0.0144789288043011,0.00346940791142,0.0243160666117922,-0.0342999216017739,0.014888793456014,0.0420446871478068
0.012243,0.02,-0.0147230077696412,0.00311673935339782,0.0271352232514965,-0.0326460180244742,0.015049286427666,0.0424509462057425
0.0123172,0.02,-0.0149558714832139,0.00275568844767897,0.0298477077520904,-0.0308633334291643,0.0152076267261885,0.0429351954509813
0.0123914,0.02,-0.0151775199450193,0.00238625519426343,0.032453520113574,-0.0289518678158442,0.0153639619087528,0.043490707257853
0.0124656,0.02,-0.0153878214438034,0.00200842991580492,0.0349516474144375,-0.0269118516671498,0.015518338812936,0.0441119645576779
0.0125398,0.02,-0.0155852351070207,0.00162281359932565,0.0373204927039811,-0.0247632092547506,0.0156694951201137,0.0447887899843529
0.012614,0.02,-0.015769631330926,0.00122989598454978,0.0395522468151187,-0.0225182111829537,0.0158175192886285,0.0455131855949918
0.0126882,0.02,-0.0159410101155192,0.000829677071477314,0.0416469097478503,-0.0201768574517592,0.0159625864929848,0.046277107387716
0.0127624,0.02,-0.0160993714608003,0.000422156860108249,0.0436044815021759,-0.0177391480611671,0.0161049053970326,0.0470747085069
0.0128366,0.02,-0.0162447153667694,7.33535044258725e-06,0.0454249620780955,-0.0152050830111773,0.0162447170229192,0.0479022100656452
0.0129108,0.02,-0.016376695234343,-0.000414735760824055,0.0471062187602376,-0.0125745943044859,0.0163819459329427,0.0487556793390244
0.012985,0.02,-0.0164930271050816,-0.000840917701314509,0.0486257474706141,-0.00987349015975062,0.0165144508134343,0.0496180322565358
0.0130592,0.02,-0.0165944920892751,-0.00126939959158647,0.0499825842839318,-0.00712004233980987,0.0166429727820523,0.0504871640580161
0.0131334,0.02,-0.0166810901869235,-0.00170018143163995,0.0511767292001908,-0.00431425084466347,0.0167675098546197,0.0513582551492975
0.0132076,0.02,-0.0167528213980269,-0.00213326322147498,0.0522081822193911,-0.0014561156743114,0.016888097488062,0.0522284842160877
0.0132818,0.02,-0.0168096857225852,-0.0025686449610915,0.0530769433415326,0.00145436317124613,0.0170048072917109,0.0530968651307602
0.013356,0.02,-0.0168515434280649,-0.00300627454808298,0.0537821863328259,0.00441630495142647,0.0171175992056833,0.0539632033534222
0.0134302,0.02,-0.0168776063679031,-0.00344492679289657,0.0543159186236718,0.00740307619941194,0.0172255948320603,0.0548181042462035
0.0135044,0.02,-0.0168882289268161,-0.00388410328120658,0.0546780490071946,0.0104022587102043,0.0173291238839021,0.0556587462085448
0.0135786,0.02,-0.0168834111048038,-0.00432380401301303,0.0548685774833945,0.0134138524838037,0.0174282773582692,0.0564844424023864
0.0136528,0.02,-0.0168631529018663,-0.00476402898831594,0.0548875040522714,0.0164378575202103,0.0175231817314447,0.0572960841676186
0.013727,0.02,-0.0168274543180035,-0.00520477820711526,0.0547348287138252,0.0194742738194237,0.0176139982686997,0.0580960309756672
0.0138012,0.02,-0.016775958113119,-0.00564584367197007,0.0544084758478178,0.0225218833735236,0.0177005175455818,0.0588856304608618
0.0138754,0.02,-0.0167080376313954,-0.00608344073540718,0.0539050503622972,0.0255479790158705,0.0177810790638065,0.0596527760155146
0.0139496,0.02,-0.0166253108350496,-0.00651626804220883,0.0532349372377176,0.0285380653721603,0.017856727291414,0.0604018188293153
0.0140238,0.02,-0.0165277777240816,-0.00694432559237504,0.052398136474079,0.0314921424423933,0.0179273839259822,0.0611336220223225
0.014098,0.02,-0.0164154382984914,-0.00736761338590582,0.0513946480713814,0.0344102102265695,0.0179930081291528,0.0618504035412693
0.0141722,0.02,-0.016288292558279,-0.00778613142280112,0.0502244720296249,0.0372922687246886,0.0180535956805623,0.0625556623918967
0.0142464,0.02,-0.0161462203219151,-0.00819976332241551,0.0488873539773763,0.0401369728548303,0.0181090184501384,0.0632530629207684
0.0143206,0.02,-0.0159894040349775,-0.00860724042265499,0.0473900567649473,0.0429195095672983,0.018158899445923,0.0639367013669171
0.0143948,0.02,-0.0158185892715536,-0.00900835769086549,0.0457384800331283,0.0456312923873108,0.0182037983626683,0.0646082301311306
0.014469,0.02,-0.0156337760316432,-0.00940311512704704,0.0439326237819193,0.0482723213148679,0.0182437256913187,0.0652709157089856
0.0145432,0.02,-0.0154349643152464,-0.00979151273119961,0.0419724880113203,0.0508425963499694,0.0182787265688333,0.0659291995512334
0.0146174,0.02,-0.0152221541223631,-0.0101735505033232,0.0398580727213314,0.0533421174926154,0.0183088805219938,0.0665886436237811
0.0146916,0.02,-0.0149950539822434,-0.0105488706935358,0.0375881960684628,0.0557685790516787,0.0183338571184389,0.0672533039569398
0.0147658,0.02,-0.0147548381029906,-0.0109139883488516,0.0351796534949499,0.0580933124135984,0.0183526670847681,0.0679149539292245
0.01484,0.02,-0.0145036026226728,-0.0112684169978463,0.0326497436778117,0.0603102499789907,0.0183665922444462,0.0685808429137113
0.0149142,0.02,-0.0142413475412899,-0.0116121566405201,0.0299984666170478,0.0624193917478557,0.0183754771811722,0.0692537974810509
0.0149884,0.02,-0.0139680728588421,-0.0119452072768728,0.0272258223126584,0.0644207377201934,0.0183792011871402,0.0699376640231456
0.0150626,0.02,-0.0136837785753291,-0.0122675689069044,0.0243318107646436,0.0663142878960036,0.0183776778452634,0.0706372550021621
0.0151368,0.02,-0.013388396584734,-0.0125790709474141,0.0213169937312759,0.0680986177446423,0.0183706883107356,0.0713571016821043
0.015211,0.02,-0.0130830065180077,-0.0128789677489583,0.0181992953425012,0.0697580264800502,0.0183584549956944,0.0720929719830925
0.0152852,0.02,-0.012768523039077,-0.0131675063378732,0.0149871362631101,0.0712897999061484,0.0183417121272081,0.0728481284867889
0.0153594,0.02,-0.012444946147942,-0.0134446867141591,0.0116805164931026,0.0726939380229372,0.0183203789662513,0.0736263749673191
0.0154336,0.02,-0.0121122758446027,-0.0137105088778157,0.00827943603247875,0.0739704408304164,0.0182944056974915,0.0744323530305339
0.0155078,0.02,-0.0117705121290591,-0.0139649728288432,0.0047838948812385,0.075119308328586,0.0182637734844325,0.0752714828736615
0.015582,0.02,-0.0114195443172877,-0.014207735507174,0.00119431299104163,0.0761378558183222,0.0182281579062809,0.076147222353361
0.0156562,0.02,-0.0110606101023801,-0.0144373752543205,-0.00245883133596797,0.0770114778401407,0.0181872180410017,0.0770507207666562
0.0157304,0.02,-0.0106970630510712,-0.0146531063308921,-0.00615621039965405,0.0777427121376012,0.0181422347869005,0.0779860770714538
0.0158046,0.02,-0.010328974847243,-0.014855126273163,-0.00989775251613415,0.0783317562469775,0.0180931616360048,0.0789546043090999
0.0158788,0.02,-0.00995634549089567,-0.015043435081133,-0.0136834576854082,0.0787786101682697,0.0180397825534107,0.0799581542700466
0.015953,0.02,-0.00957917498202904,-0.0152180327548022,-0.0175133259074769,0.0790832739014779,0.0179819107511567,0.0809992641652854
0.0160272,0.02,-0.00919765693913414,-0.0153784876427513,-0.0213858039492075,0.0792444860056477,0.0179191175940183,0.0820794808271424
0.0161014,0.02,-0.00881364139697411,-0.0155251005218816,-0.0252784788257066,0.0792594823351166,0.0178524233898086,0.0831929506134525
0.0161756,0.02,-0.008427589263885,-0.0156588050256982,-0.0291845680845809,0.079131276848957,0.0177826442250184,0.0843415555348004
0.0162498,0.02,-0.00803950053986676,-0.015779601154201,-0.0331040717258309,0.0788598695471692,0.017709584453515,0.0855263619583196
0.016324,0.02,-0.00764941942120756,-0.0158872635535147,-0.0370369455531679,0.0784450350758776,0.0176328886090846,0.0867488262973281
0.0163982,0.02,-0.00725721826218369,-0.0159806071665053,-0.0409833172123156,0.0778855883779484,0.017551268396191,0.0880102105820938
0.0164724,0.02,-0.00686224446794423,-0.0160615329281305,-0.0449416986197095,0.07718149880736,0.0174660596340231,0.0893125972804246
0.0165466,0.02,-0.00646638476008548,-0.0161311901209469,-0.0488760477740507,0.0763365620085877,0.017378993831163,0.0906429188922237
0.0166208,0.02,-0.00607055078085249,-0.0161884188787018,-0.052773826372446,0.0753600712651281,0.0172892016176346,0.0920011798352296
0.016695,0.02,-0.00567637164605579,-0.016231886261009,-0.0566334052990852,0.0742506936365949,0.0171957938652009,0.0933836607832758
0.0167692,0.02,-0.00528510516429033,-0.0162625575209339,-0.0604535267453729,0.0730093943760537,0.0170997986455774,0.0947892428660112
0.0168434,0.02,-0.00489675133555611,-0.0162804326584764,-0.0642341907113092,0.0716361734835044,0.0170009017757722,0.0962173196867153
0.0169176,0.02,-0.00451248224043504,-0.0162844149135712,-0.0679724498852814,0.0701298406170775,0.0168980669026839,0.0976649808702371
0.0169918,0.02,-0.0041334708451404,-0.0162767852335042,-0.0716500528701232,0.0685003331886879,0.0167934308217603,0.0991263119623276
0.017066,0.02,-0.00375927621195682,-0.0162588457700796,-0.0752648605648158,0.066754029854582,0.0166877866541079,0.100602682557015
0.0171402,0.02,-0.00338972642149587,-0.0162300293293016,-0.0788170448887482,0.0648903634207639,0.0165802321226989,0.102092535622707
0.0172144,0.02,-0.00302483358557716,-0.0161896955029546,-0.0823065937301004,0.0629086934790181,0.016469846954323,0.103594783105564
0.0172886,0.02,-0.00266460932881565,-0.0161378470207,-0.0857334954642572,0.0608090227590062,0.0163563519569227,0.105109321629555
0.0173628,0.02,-0.00230862433762775,-0.0160759857703402,-0.089094887709376,0.0585919555297727,0.016240907142782,0.10663449849251
0.017437,0.02,-0.00195844317485832,-0.0160058768291223,-0.0923594094996186,0.0562760465855791,0.0161252470597564,0.108153843863362
0.0175112,0.02,-0.00161453537168993,-0.0159272881467749,-0.0955225063209109,0.053875089070754,0.0160089110240776,0.10966801920437
0.0175854,0.02,-0.00127690092812253,-0.0158402197232978,-0.0985841781732532,0.0513890829852971,0.0158916027153523,0.111174088870408
0.0176596,0.02,-0.000945298008834217,-0.0157446270057805,-0.101544666891967,0.048817983776298,0.015772979042548,0.112669937934586
0.0177338,0.02,-0.000621229014378893,-0.0156407428449265,-0.104402470076499,0.0461620242944602,0.015653075168459,0.114152565652449
0.017808,0.02,-0.000309422780935284,-0.0155270757878926,-0.107151096793666,0.0434204151754722,0.0155301585626265,0.11561440220879
0.0178822,0.02,-7.04816103018648e-06,-0.0154082684521541,-0.109785120959923,0.0406111963110474,0.0154082700641643,0.117055721987434
0.0179564,0.02,0.000286536586857005,-0.0152841750314942,-0.112307380465826,0.0377393257408215,0.015286860685208,0.118478708696827
0.0180306,0.02,0.00057043522189356,-0.0151540790168541,-0.114716979070542,0.0348040869557358,0.0151648114789283,0.119880397713277
0.0181048,0.02,0.000844647744079478,-0.0150179804082338,-0.117013916774071,0.0318054799557901,0.0150417141760397,0.121259413135753
0.018179,0.02,0.00110917415341476,-0.0148758792056333,-0.119198193576413,0.0287435047409845,0.0149171729708814,0.122614837669325
0.0182532,0.02,0.00136442123934307,-0.0147290390625493,-0.121266304339749,0.0256198824565914,0.0147921004939959,0.123943111729979
0.0183274,0.02,0.0016102324441863,-0.0145798715904071,-0.123199679495476,0.022462414508533,0.0146685208564828,0.125230671535935
0.0184016,0.02,0.00184652928179651,-0.0144284351350817,-0.125002393966765,0.0192841236896037,0.0145461132552923,0.126481128726376
0.0184758,0.02,0.00207331175217371,-0.0142747296965731,-0.126674447753614,0.0160850099998033,0.0144245114139761,0.12769159432154
0.01855,0.02,0.0022905798553179,-0.0141187552748812,-0.128215840856023,0.012865073439132,0.014303356479707,0.128859659944496
0.0186242,0.02,0.00249882155801679,-0.0139606106078027,-0.12962706124078,0.00962441274538607,0.0141824806617708,0.129983861792973
0.0186984,0.02,0.00269463374815218,-0.0138005490006907,-0.130903360654409,0.00636463826828179,0.0140611594030203,0.131057996516445
0.0187726,0.02,0.00287999487210222,-0.0136415099152723,-0.132049172041251,0.00310106278083395,0.0139422079754897,0.132085579936458
0.0188468,0.02,0.00305432964986389,-0.0134833771670086,-0.133069937634613,-0.00016415401437146,0.0138249914805704,0.133070038884116
0.018921,0.02,0.00321763808143718,-0.0133261507558995,-0.133965657434497,-0.00343101211733444,0.0137091024065062,0.13400958628399
0.0189952,0.02,0.0033699201668221,-0.013169830681945,-0.134736331440902,-0.00669951152805499,0.0135941458768786,0.134902788943991
0.0190694,0.02,0.00351117590601865,-0.0130144169451452,-0.135381959653828,-0.0099696522465331,0.0134797405266232,0.135748550510226
0.0191436,0.02,0.00364211235171563,-0.0128608225266379,-0.135899424408269,-0.0132385480831985,0.0133665903821504,0.136542713865845
0.0192178,0.02,0.00376402257245513,-0.0127113714020951,-0.136286391658873,-0.0164774668203722,0.0132569539807587,0.137278867507757
0.019292,0.02,0.00387693356897163,-0.0125661491340514,-0.136552614845161,-0.0196782183934753,0.0131506166379163,0.137963215750402
0.0193662,0.02,0.00398084534126511,-0.0124251557225067,-0.136698093967131,-0.0228408028025076,0.0130472841756288,0.138593185860307
0.0194404,0.02,0.00407575788933558,-0.0122883911674611,-0.136722829024785,-0.0259652200474692,0.0129466736985613,0.139166535591909
0.0195146,0.02,0.00416167121318305,-0.0121558554689146,-0.136626820018122,-0.0290514701283602,0.0128485146794397,0.139681336852435
0.0195888,0.02,0.00423810362473876,-0.0120280791980791,-0.136409074088112,-0.0320971702190055,0.0127528903206013,0.140134449118138
0.019663,0.02,0.00430587859400415,-0.0119070197077307,-0.136082134484126,-0.0350956180820487,0.0126616629550226,0.140534870172199
0.0197372,0.02,0.00436507785586443,-0.0117927648038111,-0.135653375637841,-0.0380491501580595,0.0125747050226144,0.140888523839565
0.0198114,0.02,0.00441570141031959,-0.0116853144863203,-0.135122797549255,-0.0409577664470378,0.012491797052038,0.14119387044014
0.0198856,0.02,0.00445774925736965,-0.0115846687552581,-0.13449040021837,-0.0438214669489836,0.0124127385620835,0.141449597795322
0.0199598,0.02,0.0044912213970146,-0.0114908276106247,-0.133756183645185,-0.0466402516638969,0.0123373493431165,0.141654614250988
0.020034,0.02,0.00451719814681353,-0.0114043210074884,-0.132911186334356,-0.0494018802476726,0.0122663611857558,0.141795378009339
0.0201082,0.02,0.00453791474106451,-0.0113267291746554,-0.131973464492362,-0.0520870333150646,0.0122019450905649,0.141880422785109
0.0201824,0.02,0.00455342678384646,-0.0112581108864975,-0.130957696017934,-0.0547039089732394,0.0121440831769436,0.141924049418265
0.0202566,0.02,0.0045637342751594,-0.0111984661430147,-0.129863880911073,-0.0572525072221971,0.0120926967418567,0.141924195077912
0.0203308,0.02,0.00456883721500331,-0.0111477949442071,-0.128692019171779,-0.0597328280619377,0.0120477220093796,0.14187898557146
0.020405,0.02,0.00456873560337821,-0.0111060972900746,-0.127442110800051,-0.0621448714924611,0.0120091107926515,0.141786729484769
0.0204792,0.02,0.00456369476584803,-0.0110734753958848,-0.126124032410845,-0.0645011541042813,0.0119770266451692,0.141660405309162
0.0205534,0.02,0.00455512105184233,-0.0110507726282895,-0.124730658978827,-0.0667744406831623,0.0119527696990735,0.14147990393636
0.0206276,0.02,0.00454307894429389,-0.0110380323178818,-0.123260229639559,-0.0689609193741508,0.0119364033001859,0.141239840738104
0.0207018,0.02,0.00452756844320271,-0.0110352544646614,-0.121726099611633,-0.0710664117515965,0.0119279385103929,0.140952751679095
0.020776,0.02,0.00450858954856878,-0.0110424390686286,-0.120149463274653,-0.0731168502734375,0.0119273987231851,0.140648381857366
0.0208502,0.02,0.0044861422603921,-0.0110595861297831,-0.11853032062862,-0.0751122349396742,0.0119348195521578,0.14032563823463
0.0209244,0.02,0.00446163782597397,-0.0110866187264321,-0.116869325914058,-0.0770520156077412,0.0119507040326266,0.139983757803618
0.0209986,0.02,0.00443764212835906,-0.0111241047456144,-0.115158232400857,-0.0789120103491652,0.0119765760570703,0.139601303242615
0.0210728,0.02,0.00441420115813149,-0.011172081442111,-0.113401383020089,-0.0806835176243865,0.0120125174552885,0.139175082852907
0.021147,0.02,0.00439131491529127,-0.0112305488159218,-0.111602234397962,-0.082365074358356,0.0120585601707692,0.138704953756797
0.0212212,0.02,0.0043689833998384,-0.0112995068670468,-0.109782088913518,-0.0839806162807478,0.0121147377762171,0.138220298643541
0.0212954,0.02,0.00434720661177287,-0.011378955595486,-0.107944035876211,-0.0855432887628944,0.0121810851638713,0.137730058932743
0.0213696,0.02,0.00432662697768882,-0.0114681947370643,-0.106088717712637,-0.0870537920689711,0.0122572097775674,0.137234029087174
0.0214438,0.02,0.00430859840237813,-0.0115668743036261,-0.104215239690025,-0.0885062848808759,0.01234328162803,0.136726656680635
0.021518,0.02,0.00429315079559072,-0.0116750208894644,-0.102325341717837,-0.0898820382189852,0.0124393430904977,0.136195654673969
0.0215922,0.02,0.0042802841573266,-0.0117926344945791,-0.100419705753664,-0.091179911685195,0.0125453999852615,0.135638835141608
0.0216664,0.02,0.00426999848758577,-0.0119197151189703,-0.0985039469720543,-0.0924098194974462,0.0126614570883999,0.135065178001674
0.0217406,0.02,0.00426229378636821,-0.0120562627626378,-0.096590613519612,-0.0936019052281276,0.012787518137742,0.134503023320781
0.0218148,0.02,0.00425860004347566,-0.0122014552189783,-0.0946812920899311,-0.0947589979109139,0.0129232806899419,0.133954524958657
0.021889,0.02,0.0042612925975075,-0.0123549187467208,-0.0927770665679788,-0.0958639589392535,0.0130691480915798,0.133407206343833
0.0219632,0.02,0.00427040335614704,-0.0125166836868233,-0.0908832963951964,-0.0969106312572442,0.0132251168365418,0.132858737064352
0.0220374,0.02,0.00428593231939428,-0.0126867500392861,-0.0890002310116029,-0.0978995289846977,0.0133911479121752,0.132307818724157
0.0221116,0.02,0.00430787948724923,-0.0128651178041089,-0.0871278704171983,-0.098830652121614,0.0135672061158612,0.13175266070262
0.0221858,0.02,0.00433624485971188,-0.0130517869812919,-0.0852691683510058,-0.0997382236901117,0.0137532600821913,0.13121945105864
0.02226,0.02,0.00437157294193731,-0.0132450912338884,-0.083427989969025,-0.100635806802647,0.0139478705106087,0.130720293455498
0.0223342,0.02,0.0044145366056093,-0.0134438733879508,-0.0816082974850001,-0.101491807420104,0.0141501189081052,0.130232489002551
0.0224084,0.02,0.00446513698401909,-0.0136481711878716,-0.0798154048833513,-0.102313569868733,0.0143600148001144,0.129763498087781
0.0224826,0.02,0.00452337407716666,-0.0138579846336507,-0.0780493826463608,-0.103103858882618,0.0145775392693171,0.129314004840794
0.0225568,0.02,0.00458924788505202,-0.0140733137252882,-0.0763102307740289,-0.103862674461757,0.0148026806815806,0.128882529720418
0.022631,0.02,0.00466275840767517,-0.014294158462784,-0.0745979492663552,-0.104590016606151,0.0150354342181237,0.12846760528795
0.0227052,0.02,0.0047449960006063,-0.01451902043403,-0.0729032713905435,-0.10534561591914,0.0152747157554421,0.128111614511824
0.0227794,0.02,0.0048377581460843,-0.0147469310014975,-0.0712445032243135,-0.106070239221395,0.0155201764758953,0.127775877567572
0.0228536,0.02,0.00494106655918264,-0.01497792360971,-0.0696222342358328,-0.10678505450011,0.0157718843008875,0.127476677728048
0.0229278,0.02,0.0050549212399013,-0.0152119982586673,-0.068035413849247,-0.107495244875312,0.0160298820882533,0.127216528833488
0.023002,0.02,0.00517932218824028,-0.0154491549483695,-0.066484042064556,-0.108200810347,0.0162942249569695,0.126994264472806
0.0230762,0.02,0.0053142694041996,-0.0156893936788166,-0.0649681188817597,-0.108901750915174,0.0165649791219096,0.126808705629483
0.0231504,0.02,0.005459699440122,-0.0159302354311326,-0.0634836897655059,-0.109610056458474,0.0168398550726478,0.126667057055388
0.0232246,0.02,0.00561526446766092,-0.01617039324796,-0.0620286929470945,-0.110335053392895,0.0171176170314518,0.126575600950333
0.0232988,0.02,0.00578095387567739,-0.0164099287480269,-0.0606109125132804,-0.111066721511755,0.0173984249065261,0.126528650285468
0.023373,0.02,0.00595676766417142,-0.0166488419313332,-0.0592246321513311,-0.11181867923083,0.0176823928997021,0.126534477824772
0.0234472,0.02,0.006142705833143,-0.0168871327978788,-0.0578698518612465,-0.112590926550118,0.0179696435436467,0.126592402994243
0.0235214,0.02,0.00633876838259214,-0.0171248013476639,-0.0565485467821682,-0.113379246395587,0.0182603068376493,0.126698822632281
0.0235956,0.02,0.0065454258393296,-0.0173599413916953,-0.0552624588401943,-0.114186123919238,0.0185529017822351,0.126855864085047
0.0236698,0.02,0.00676374376945888,-0.0175914939632602,-0.0540033492651681,-0.115024598788672,0.0188469862216301,0.127070925306896
0.023744,0.02,0.00699374075465192,-0.0178194988426217,-0.0527855810067851,-0.115884677419878,0.0191428040982892,0.127340394309634
0.0238182,0.02,0.00723541679490872,-0.0180439560297799,-0.051592385577193,-0.116780468914841,0.0194405659742888,0.127669307860253
0.0238924,0.02,0.00748877189022927,-0.0182648655247347,-0.0504237629763917,-0.117711973273562,0.0197404918140488,0.128057270487291
0.0239666,0.02,0.00775380604061357,-0.018482227327486,-0.0492797132043812,-0.11867919049604,0.0200428100599773,0.128503853600977
0.0240408,0.02,0.00802945827090141,-0.0186931905693306,-0.0481591752860013,-0.119684971450979,0.0203447185722845,0.129010846658138
0.024115,0.02,0.00831441367959287,-0.0188970736341626,-0.0470506316543529,-0.120737695487611,0.0206453110117132,0.129581453343959
0.0241892,0.02,0.00860866862860363,-0.0190939578219627,-0.0459660700553954,-0.121836961527539,0.0209448896121225,0.130219525381567
0.0242634,0.02,0.00891222311793371,-0.0192838431327308,-0.0449176009545078,-0.122963823870427,0.021243689106923,0.130911011211226
0.0243376,0.02,0.00922507714758309,-0.0194667295664668,-0.0438731716250314,-0.124137456947642,0.0215419499672804,0.131662308220185
0.0244118,0.02,0.00954723071755178,-0.0196426171231708,-0.0428327820669661,-0.125357860759183,0.0218399180818438,0.13247354631667
0.024486,0.02,0.00987841866446419,-0.0198095851702171,-0.0417961671169365,-0.126626955937677,0.0221360073167344,0.13334656184435
0.0245602,0.02,0.0102190880098291,-0.0199669836976288,-0.0407637737964513,-0.1279453924931,0.0224301180945176,0.134282198054476
0.0246344,0.02,0.0105692600016916,-0.0201148554839956,-0.0397110749777833,-0.129329875986477,0.0227226025825693,0.135289268970487
0.0247086,0.02,0.0109289346400519,-0.0202532005293174,-0.0387030267559075,-0.13075401195335,0.0230137729207375,0.136361783216433
0.0247828,0.02,0.0112981119249099,-0.0203820188335943,-0.037700895368211,-0.13221666753162,0.0233039486954633,0.137486743669096
0.024857,0.02,0.0116767918562657,-0.0205013103968262,-0.0366812185569425,-0.133726387331944,0.0235934566361432,0.138665996061311
0.0249312,0.02,0.0120627745421682,-0.0206084578461937,-0.0356417964301512,-0.135285788727145,0.0238792601320376,0.13990204531848
0.0250054,0.02,0.0124541948012457,-0.0207039321217754,-0.0345807638064651,-0.136894400777142,0.0241611211132774,0.141194568555491
0.0250796,0.02,0.0128510668388544,-0.0207878180435489,-0.0334818768991144,-0.13855767718456,0.0244393800639133,0.142545662815352
0.0251538,0.02,0.0132533906549945,-0.0208601156115141,-0.0323723081266036,-0.140278817317304,0.0247143032914066,0.143965665772729
0.025228,0.02,0.0136611662496659,-0.0209208248256709,-0.0312859809766307,-0.142043407223811,0.024986163664865,0.145448073694428
0.0253022,0.02,0.0140743936228686,-0.0209699456860195,-0.0301698116463258,-0.143842303058838,0.0252552406032105,0.146972193574313
0.0253764,0.02,0.0144921580816978,-0.0210059452971583,-0.0290088970127865,-0.145679183682864,0.0255200388654117,0.148539357290936
0.0254506,0.02,0.0149146195292112,-0.0210289228205441,-0.0278033969790706,-0.147553949934435,0.0257810292791721,0.150150581167138
0.0255248,0.02,0.0153418033362631,-0.021038917071243,-0.0265518621258511,-0.14946684141293,0.0260385668027104,0.151806910462957
0.025599,0.02,0.0157737095028532,-0.0210359280492551,-0.0252469094484129,-0.151429214062057,0.0262929682686044,0.153519423227644
0.0256732,0.02,0.0162103380289817,-0.0210199557545803,-0.0239328213135791,-0.153441704427403,0.0265445587444652,0.155296930406284
0.0257474,0.02,0.0166516889146486,-0.0209910001872186,-0.0226107875425463,-0.155496465330348,0.0267936715022417,0.15713178686544
0.0258216,0.02,0.0170945832650776,-0.0209472655068272,-0.0212279866115355,-0.157568329745923,0.0270372467019145,0.158991842414947
0.0258958,0.02,0.0175372404603296,-0.0208905552615236,-0.0197729226327211,-0.159653269317005,0.027275815333335,0.160873039609027
0.02597,0.02,0.0179796910718741,-0.0208209390988514,-0.0182456261775726,-0.161751214396051,0.0275096491434934,0.162777019978893
0.0260442,0.02,0.018421935099711,-0.0207384170188105,-0.0166434335372393,-0.163861243344819,0.0277389551581175,0.164704313697057
0.0261184,0.02,0.0188639725438405,-0.020642989021401,-0.0149824357846296,-0.165994624709442,0.0279639492180996,0.166669399754331
0.0261926,0.02,0.0193058034042626,-0.020534655106623,-0.013285463011357,-0.168162821474455,0.0281848559590429,0.16868680462228
0.0262668,0.02,0.0197461283462669,-0.0204125582792663,-0.0115512371593931,-0.17036649099497,0.0284003894369723,0.170757642095022
0.026341,0.02,0.0201852578064534,-0.0202776309454755,-0.00975457449487971,-0.172566398136874,0.0286116575799776,0.172841874236281
0.0264152,0.02,0.0206232177782333,-0.0201299014353609,-0.00786768349997695,-0.174753491535856,0.0288189181498158,0.174930509767817
0.0264894,0.02,0.0210600082616067,-0.0199693697489227,-0.00589056417468514,-0.176927771191916,0.0290223995587569,0.177025803105748
0.0265636,0.02,0.0214956292565737,-0.0197960358861607,-0.00382312084643811,-0.179089110713564,0.0292223392961999,0.17912991327297
0.0266378,0.02,0.0219300807631342,-0.0196098998470749,-0.00168279149808803,-0.181248834146695,0.029418983909882,0.181256645855433
0.026712,0.02,0.0223596260570368,-0.0194103725135245,0.000512777389837828,-0.183424845456366,0.0296093809209904,0.183425562208061
0.0267862,0.02,0.0227832131510239,-0.0192003459118289,0.0027673428240515,-0.185593206209075,0.029794766060818,0.185613836707478
0.0268604,0.02,0.0232008768149694,-0.0189798625934885,0.00510798303413142,-0.187720245466806,0.0299752542783391,0.187789728283511
0.0269346,0.02,0.0236126170488734,-0.0187489225585031,0.00753798311549235,-0.189806219888747,0.0301509167522563,0.189955843021227
0.0270088,0.02,0.0240184338527358,-0.0185075258068728,0.0100567601670796,-0.191856386213218,0.0303218349746566,0.192119783874159
0.027083,0.02,0.0244183272265567,-0.0182556723385976,0.0126561667500881,-0.193889039787927,0.0304881005816603,0.194301668306503
0.0271572,0.02,0.0248109789800475,-0.017993263709409,0.015335081684234,-0.195903576417116,0.0306486902960745,0.196502865076514
0.0272314,0.02,0.0251972581759995,-0.0177218806195164,0.0180976975081867,-0.19786678993503,0.0308053059111635,0.198692710521275
0.0273056,0.02,0.0255771846881655,-0.0174415380342813,0.0209498207416883,-0.199759730332177,0.0309580300661041,0.200855283354691
0.0273798,0.02,0.0259507585165453,-0.0171522359537038,0.0238943146662973,-0.20158158313225,0.0311069295462535,0.202992790343589
0.027454,0.02,0.0263179796611391,-0.0168539743777839,0.0269139503290259,-0.203357639182601,0.0312520800231141,0.205130909753343
0.0275282,0.02,0.0266788481219468,-0.0165467533065215,0.0300015880437798,-0.205095814049682,0.0313935659347705,0.207278528135093
0.0276024,0.02,0.0270296286935696,-0.0162312417084302,0.0331657252926016,-0.206784591496844,0.0315286224676836,0.209427392226282
0.0276766,0.02,0.0273704475213591,-0.0159108321712933,0.0364146825519136,-0.208377023823389,0.0316590583862271,0.211534898215046
0.0277508,0.02,0.0277013270442139,-0.0155855400928999,0.039748522330982,-0.209872248003726,0.0317847853539691,0.213603149577983
0.027825,0.02,0.0280222672621339,-0.01525536547325,0.0431704270207031,-0.21127034997726,0.031905699149727,0.215635912010647
0.0278992,0.02,0.0283332681751191,-0.0149203083123436,0.0466794997831897,-0.212599505081706,0.0320217064757424,0.217663789503434
0.0279734,0.02,0.0286343297831695,-0.0145803686101806,0.0502615023268878,-0.213876379704518,0.0321327246112129,0.21970280929398
0.0280476,0.02,0.0289244725561789,-0.0142360529656614,0.0539144045214765,-0.215092321387622,0.0322380259428871,0.22174640861764
0.0281218,0.02,0.02920538588292,-0.0138892076842853,0.0576294041037718,-0.216193558475887,0.0323398307767291,0.223742715957018
0.028196,0.02,0.0294770764529836,-0.0135398360990338,0.061410250845214,-0.217174137852191,0.032438020867552,0.225689665383054
0.0282702,0.02,0.0297395442663698,-0.013187938209907,0.0652569447458025,-0.218034059516534,0.032532479269181,0.227590245719838
0.0283444,0.02,0.0299927893230784,-0.0128335140169049,0.069173164383109,-0.218779335413899,0.0326230975445414,0.229454405655938
0.0284186,0.02,0.0302368085231921,-0.0124765624852618,0.0731577722073946,-0.219441053770793,0.0327097722571837,0.231314581715864
0.0284928,0.02,0.0304684045226537,-0.0121186981932594,0.0772114427697268,-0.220021898585495,0.0327900369023179,0.23317641980215
0.028567,0.02,0.0306889924621641,-0.0117630681970036,0.0813230678654018,-0.220495958766018,0.0328661532849544,0.235014699964037
0.0286412,0.02,0.0308985723417233,-0.0114096724964944,0.0854766896529147,-0.220828838631051,0.0329378566278069,0.236794511011466
0.0287154,0.02,0.0310971441613312,-0.0110585110917317,0.0896721900565241,-0.221020630148914,0.0330048942212601,0.238518805591837
0.0287896,0.02,0.0312847079209879,-0.0107095839827157,0.0939080577018589,-0.221074067602721,0.0330670249460752,0.240192561641172
0.0288638,0.02,0.0314612523386768,-0.0103628876990485,0.0981905724288031,-0.221017127897732,0.0331240070067163,0.241846975044259
0.028938,0.02,0.0316264118157677,-0.0100191962503578,0.102524478447055,-0.220856086861105,0.0331755062937058,0.243492668851529
0.0290122,0.02,0.0317827136483178,-0.00968016002463762,0.106907248460556,-0.220589294104846,0.0332241837364525,0.245130162254834
0.0290864,0.02,0.0319301578363272,-0.00934577902188785,0.111329603020234,-0.220183913042757,0.0332697845646575,0.246729074232169
0.0291606,0.02,0.0320687443797958,-0.00901605324210857,0.115759495926187,-0.219627472918801,0.03331206361307,0.248266968720738
0.0292348,0.02,0.0321984732787238,-0.00869098268529977,0.120192361559493,-0.218921588490513,0.0333507850209987,0.249745601932161
0.029309,0.02,0.0323193113760947,-0.00837056493851022,0.124630453829012,-0.218090167760294,0.0333856892277931,0.251189313656729
0.0293832,0.02,0.032429007605424,-0.00805675764680232,0.129094979978729,-0.217139962710927,0.0334148451747416,0.25261685862549
0.0294574,0.02,0.0325299498372911,-0.00775179750425429,0.133583552138064,-0.216068736648334,0.033440813401645,0.254028077894216
0.0295316,0.02,0.0326221380716961,-0.00745568451086608,0.138097790300247,-0.214875025577201,0.0334632802321347,0.255425676670561
0.0296058,0.02,0.032705572308639,-0.00716841866663774,0.142627159201896,-0.213526247940646,0.0334819456754804,0.256779993577407
0.02968,0.02,0.0327802525481198,-0.00688999997156926,0.147124433451138,-0.212027091702968,0.0334965230542924,0.258071863120211
0.0297542,0.02,0.0328461480607564,-0.00662042297482649,0.15157640440581,-0.210401414360839,0.0335067074299272,0.259314792361784
0.0298284,0.02,0.032903582842038,-0.00636028529355651,0.156022644098066,-0.208653432522924,0.03351266913957,0.260536600835565
0.0299026,0.02,0.0329557432974714,-0.00611067077524337,0.160459966122402,-0.206782062341738,0.0335174777334489,0.261736932881672
0.0299768,0.02,0.0330026294270566,-0.00587157941988705,0.164888370478816,-0.204787303817281,0.033520874003875,0.262918265862056
0.030051,0.02,0.0330442412307934,-0.00564301122748759,0.169312842979613,-0.202664393887774,0.0335226110891204,0.264082743373622
0.0301252,0.02,0.0330805787086821,-0.00542496619804496,0.173717133760666,-0.200386918576398,0.0335224543545254,0.265202865177895
0.0301994,0.02,0.0331115833859173,-0.00521745129589989,0.17802185515664,-0.197999421229931,0.033520124587293,0.266262186051267
0.0302736,0.02,0.0331359508964514,-0.00502201421390665,0.182284204542362,-0.195498613349564,0.0335143531725844,0.26729616354756
0.0303478,0.02,0.0331565514100216,-0.00483963320108974,0.186504893547472,-0.192882204857348,0.0335078938599026,0.268305088039317
0.030422,0.02,0.0331733849266281,-0.00467030825744917,0.190683922171972,-0.190150195753284,0.0335005260661655,0.269290651749924
0.0304962,0.02,0.0331864514462707,-0.00451403938298493,0.194821290415861,-0.187302586037372,0.0334920454906359,0.270254683466519
0.0305704,0.02,0.0331957509689496,-0.00437082657769703,0.198925942242826,-0.184329985828805,0.0334822640716667,0.271199325539065
0.0306446,0.02,0.0332012341699183,-0.00424066414035286,0.202943566710795,-0.181243381465431,0.0334709602903326,0.272094201691845
0.0307188,0.02,0.0332037547385401,-0.00412357233609812,0.206872728061702,-0.178069719061982,0.0334588280958577,0.272956316033361
0.030793,0.02,0.0332068673787594,-0.00401988863292063,0.210726481890084,-0.174800796216335,0.0334492981351119,0.273790008085826
0.0308672,0.02,0.0332105720905761,-0.0039296130308204,0.214504828195941,-0.17143661292849,0.0334422480876413,0.274595763936306
0.0309414,0.02,0.0332148688739903,-0.00385274552979742,0.218207766979273,-0.167977169198447,0.0334375711204289,0.275374216189542
0.0310156,0.02,0.0332197577290019,-0.00378928612985169,0.221829287424821,-0.164423940890199,0.0334351759820024,0.276122192330257
0.0310898,0.02,0.0332251643092785,-0.00373925092556347,0.225378860184262,-0.160773085547866,0.0334349149970937,0.276845833731589
0.031164,0.02,0.0332303798743265,-0.00370315371337374,0.228825900515948,-0.157050059892561,0.0334360807215337,0.277535608632823
0.0312382,0.02,0.033238179093625,-0.00368072695136165,0.232168873781679,-0.15326328122088,0.0334413561380272,0.278194211520735
0.0313124,0.02,0.0332485619671738,-0.0036719706395272,0.235407779981456,-0.149412749532824,0.0334507136136517,0.278820717664158
0.0313866,0.02,0.033261528494973,-0.00367688477787039,0.238542619115279,-0.145498464828392,0.0334641413977952,0.279414359691473
0.0314608,0.02,0.0332770786770225,-0.00369546936639122,0.241573391183147,-0.141520427107584,0.0334816436142953,0.279974524941893
0.031535,0.02,0.0332951452571103,-0.00372771559263221,0.244508548156389,-0.137473526566406,0.0335031724054846,0.280505616036737
0.0316092,0.02,0.0333167871141077,-0.003772848574737,0.24737053462607,-0.133356455372066,0.033529728450655,0.281026912573493
0.0316834,0.02,0.033345601112852,-0.00383050568761715,0.250093228170453,-0.129215189478783,0.0335648906954917,0.281501666014175
0.0317576,0.02,0.0333815872533434,-0.00390068693127268,0.252691992894318,-0.125045592727471,0.0336087150317946,0.281939077698475
0.0318318,0.02,0.0334247455355817,-0.00398339230570358,0.255166828797665,-0.120847665118128,0.0336612689656752,0.282337154273327
0.031906,0.02,0.033475075959567,-0.00407862181090986,0.257517735880494,-0.116621406650755,0.0337226313678991,0.282694069237784
0.0319802,0.02,0.0335324947199209,-0.00418638794027986,0.259744797948183,-0.112366804831964,0.0337928105686408,0.283008231133455
0.0320544,0.02,0.0335962829880565,-0.00430587167082491,0.261885149347538,-0.108063661957099,0.033871090349429,0.28330475902173
0.0321286,0.02,0.0336686259406279,-0.00443591251697618,0.263917366030353,-0.103740487672001,0.0339595891110035,0.283574443268119
0.0322028,0.02,0.0337495235776352,-0.00457651047873368,0.265807452279847,-0.0994297782588125,0.0340584026325269,0.283795494136358
0.032277,0.02,0.0338389758990784,-0.00472766555609739,0.267566936904873,-0.0951288500485206,0.0341676325124922,0.283974583081321
0.0323512,0.02,0.0339369829049574,-0.00488937774906732,0.26919581990543,-0.090837703041125,0.0342873857776362,0.284108918811684
0.0324254,0.02,0.0340434570175921,-0.00506162860745094,0.270694188859198,-0.0865563556868177,0.0344176851323329,0.284195965122523
0.0324996,0.02,0.0341592742592621,-0.00524288852625527,0.272074373191849,-0.0822749872558182,0.0345592809244959,0.284242217264928
0.0325738,0.02,0.0342878116393924,-0.00543234352950842,0.273360225694938,-0.0779844418778508,0.0347154775747223,0.28426639999653
0.032648,0.02,0.0344290691579829,-0.00562999361721042,0.274522084764313,-0.0737123698967743,0.0348863530798936,0.284246175874264
0.0327222,0.02,0.0345830468150337,-0.00583583878936123,0.275546786193083,-0.0694887440159868,0.0350719851360916,0.284173744259135
0.0327964,0.02,0.0347497446105448,-0.00604987904596088,0.276441889226494,-0.0653119100997843,0.0352724508216943,0.284052396082123
0.0328706,0.02,0.0349290650891488,-0.00627210285729797,0.277207491319912,-0.061181879677878,0.0354877283332495,0.283878874953381
0.0329448,0.02,0.035119593703485,-0.00650048035506396,0.277845782224953,-0.0570999535117391,0.0357161323038265,0.283652398881516
0.033019,0.02,0.03532265362713,-0.00673353155036267,0.278386265220979,-0.0530429391022847,0.0359587306005361,0.283394541324094
0.0330932,0.02,0.0355382448600838,-0.00697125644319414,0.278829873868864,-0.0490138621297538,0.0362155389871813,0.283105028642377
0.0331674,0.02,0.0357663674023462,-0.00721365503355833,0.279155824017174,-0.0450249956164322,0.0364865709008506,0.282763548416283
0.0332416,0.02,0.0360070212539174,-0.00746072732145525,0.279361969289023,-0.0411159802216601,0.0367718374812188,0.282371446351484
0.0333158,0.02,0.0362600912118602,-0.00771243808074493,0.279455491676264,-0.0372898575560691,0.0370712276009542,0.281932448122904
0.03339,0.02,0.0365259391750656,-0.00796679709057476,0.279436029280004,-0.0335486178405121,0.0373846771886956,0.28144271924991
0.0334642,0.02,0.0368075981715669,-0.00822290910977964,0.279302102505747,-0.0298897816465187,0.0377149243322485,0.280896891244826
0.0335384,0.02,0.0371050682013641,-0.00848077413835961,0.279072330459109,-0.0262865922073863,0.0380619181888374,0.280307599892966
0.0336126,0.02,0.0374183492644572,-0.00874039217631463,0.278750903305937,-0.0227385059928799,0.038425607569337,0.279676788004769
0.0336868,0.02,0.0377474413608463,-0.00900176322364472,0.278337533320446,-0.0192458886807338,0.038805941174324,0.279002126669353
0.033761,0.02,0.0380922146134502,-0.00926483299200478,0.277815961343873,-0.015855335036466,0.0392027287892934,0.278268036300505
0.0338352,0.02,0.0384499924494674,-0.00952686819832278,0.277213681936668,-0.0125630557251613,0.0396126638467083,0.277498208682575
0.0339094,0.02,0.0388212518065208,-0.00978668522485565,0.276530218161209,-0.00937023436456288,0.0400358439341011,0.276688927946769
0.0339836,0.02,0.0392059926846105,-0.0100442840716035,0.27576563525824,-0.00627642240042523,0.040472181864792,0.275837051658274
0.0340578,0.02,0.0396042150837364,-0.0102996647385661,0.274926228833571,-0.0032557949579605,0.040921595107299,0.27494550642165
0.034132,0.02,0.0400159190038986,-0.0105528272257437,0.274014394859907,-0.000308177637906405,0.041384005801553,0.274014568159975
0.0342062,0.02,0.0404409494946445,-0.0108037156339929,0.273028219287816,0.00254032481181,0.0418591766226782,0.273040036949941
0.0342804,0.02,0.04087898326772,-0.0110503435173192,0.271982725229909,0.00527393648283511,0.0423462083881578,0.272033853094634
0.0343546,0.02,0.0413327526505383,-0.0112921151381315,0.270877827013014,0.00789643130826502,0.0428475005801202,0.270992898052142
0.0344288,0.02,0.0418022576430995,-0.0115290304964297,0.269715253845104,0.0104143545977977,0.0433629713955083,0.269916240597741
0.034503,0.02,0.0422874982454034,-0.0117610895922137,0.268502424182758,0.0128502571132877,0.0438925476163218,0.268809748520948
0.0345772,0.02,0.0427884744574502,-0.0119882924254836,0.267239379750973,0.0152031968423861,0.0444361643447629,0.2676714838826
0.0346514,0.02,0.0433049923274546,-0.0122105350288298,0.265924313885475,0.0174528493096792,0.0449935498285163,0.266496421485331
0.0347256,0.02,0.0438328297578349,-0.0124251169400374,0.264582749541961,0.019589328677665,0.0455598561845068,0.265306941396613
0.0347998,0.02,0.044371902939314,-0.0126316281310563,0.263213661138085,0.0216189435208562,0.0461348436617834,0.264100000243606
0.034874,0.02,0.0449222118718919,-0.0128300686018864,0.261813751396286,0.0235551443687579,0.0467184736457887,0.262871233204452
0.0349482,0.02,0.0454837565555684,-0.0130204383525278,0.260382908448397,0.0253967275358925,0.047310716812348,0.261618525302737
0.0350224,0.02,0.0460565369903436,-0.0132027373829803,0.258921989145883,0.0271408834416052,0.0479115526146548,0.260340592334832
0.0350966,0.02,0.0466403437212478,-0.0133768912960115,0.25746434648284,0.0287844677486395,0.0485207469355269,0.259068398870662
0.0351708,0.02,0.0472342134450556,-0.0135414155428482,0.256011809780123,0.0303259972621462,0.0491369601692775,0.257801692889782
0.035245,0.02,0.0478407692405204,-0.0136962999568093,0.254562401725457,0.0317690712659152,0.0497627153000277,0.256537112834248
0.0353192,0.02,0.048460011107642,-0.0138415445378948,0.253109003715085,0.0331363411488349,0.0503980260699495,0.255268848209834
0.0353934,0.02,0.0490919390464205,-0.0139771492861048,0.251644532300741,0.0344259691437935,0.0510429150960593,0.253988420972981
0.0354676,0.02,0.0497365530568558,-0.0141031142014391,0.250169611859629,0.0356316164842244,0.0516974132830287,0.252694374277063
0.0355418,0.02,0.0503935578111031,-0.0142192969389752,0.248713742775269,0.0367431393945388,0.0523612363710001,0.251413174153323
0.035616,0.02,0.0510572637864544,-0.0143237652220455,0.247295513261178,0.0377689733412011,0.0530284304453363,0.250163079263023
0.0356902,0.02,0.0517274885727118,-0.0144170904885674,0.245915105727553,0.0387096897621289,0.0536990276652713,0.248943124641903
0.0357644,0.02,0.052404232169875,-0.014499272738541,0.244569888405235,0.0395753415523984,0.0543730857985894,0.247751161396951
0.0358386,0.02,0.0530874945779442,-0.0145703119719662,0.243248102452923,0.0403806983900971,0.055050668220501,0.24657704708553
0.0359128,0.02,0.0537772757969194,-0.014630208188843,0.241948338902208,0.0411234374020769,0.0557318435347946,0.245418287422311
0.035987,0.02,0.0544732979827105,-0.0146788770174465,0.240678028540765,0.0417964175125183,0.0564163949894575,0.244280277425644
0.0360612,0.02,0.0551742119037888,-0.0147157205978026,0.239469864928776,0.0424070692942946,0.057102942935691,0.24319575599738
0.0361354,0.02,0.0558828125089977,-0.0147414364553556,0.238323485497766,0.0429583588670716,0.05779445200608,0.242164209445484
0.0362096,0.02,0.0565990997983372,-0.0147560245901056,0.237235161341449,0.0434524581244857,0.0584910109306202,0.241181752820904
0.0362838,0.02,0.0573230737718072,-0.0147594850020525,0.236191191606357,0.0439028976521239,0.0591927122555967,0.240236848577989
0.036358,0.02,0.0580547344294079,-0.0147518176911964,0.235191272210585,0.044311968286951,0.059899652042924,0.239329239871557
0.0364322,0.02,0.0587936524605891,-0.0147328708341295,0.234235832464682,0.0446795182055593,0.0606114762456061,0.238458978773087
0.0365064,0.02,0.0595330815589649,-0.0147019830380123,0.233350185644304,0.045013571529715,0.0613215794411427,0.237652121307788
0.0365806,0.02,0.0602732431106705,-0.014660600793604,0.232552817738258,0.0453207339465618,0.0620306138185606,0.236927799051648
0.0366548,0.02,0.0610141371157055,-0.0146087241009046,0.231840401972747,0.0455986791949275,0.0627386623050768,0.236282059266477
0.036729,0.02,0.0617557635740702,-0.0145463529599142,0.231194034074312,0.0458509148459493,0.0634458093103938,0.235696813266036
0.0368032,0.02,0.0624981224857645,-0.0144734873706327,0.230616075875383,0.0460888857366855,0.064152140657296,0.235176444059795
0.0368774,0.02,0.0632408580470017,-0.0143900450349368,0.230106883179748,0.0463125095690128,0.0648573783206547,0.234721166981757
0.0369516,0.02,0.06398263028774,-0.0142964747185559,0.229668475465288,0.0465236037644028,0.0655604009133252,0.23433321217825
0.0370258,0.02,0.0647266985238553,-0.0141941246153281,0.229321584133672,0.0467510425692552,0.0662647619432343,0.234038562914083
0.0371,0.02,0.0654730627553476,-0.0140829947252535,0.229070497314138,0.0469864651265446,0.0669705359616989,0.233839732818942
0.0371742,0.02,0.0662217229822168,-0.013963085048332,0.228889989338941,0.0472136077997366,0.0676777979754101,0.233708690426881
0.0372484,0.02,0.0669726792044631,-0.0138343955845636,0.228785450939868,0.0474575357777039,0.068386623407024,0.233655730218308
0.0373226,0.02,0.0677253497809908,-0.01369680314104,0.228757463758016,0.0477181258675382,0.0690964935379644,0.233681400118431
0.0373968,0.02,0.068472546938244,-0.0135510244967168,0.22881321556694,0.047996094848195,0.0698005726990879,0.23379288427743
0.037471,0.02,0.0692152999308238,-0.0133990092418019,0.228954129296338,0.0482995826268974,0.0705002921495776,0.233993254184339
0.0375452,0.02,0.0699536087587299,-0.0132407573762955,0.22920197529757,0.0486692895582865,0.071195681289439,0.234312281424633
0.0376194,0.02,0.0706874734219624,-0.0130762689001975,0.229526468339742,0.0490496547279932,0.071886770042414,0.234708901189218
0.0376936,0.02,0.0714168939205215,-0.0129055438135078,0.229931545222938,0.0494753752872168,0.072573588848681,0.23519423515133
0.0377678,0.02,0.072141433123676,-0.0127285122948309,0.230419040574775,0.0499494636204795,0.0732557260449821,0.235770827659771
0.037842,0.02,0.0728601886578975,-0.012546563641513,0.230989856768781,0.0504733090251274,0.0739325594746655,0.236439989963644
0.0379162,0.02,0.0735771131353151,-0.0123614998599618,0.231640041192828,0.0510487135075685,0.074608298842118,0.237198397622313
0.0379904,0.02,0.0742922065559285,-0.0121733209501773,0.232373535296795,0.0516898092703514,0.0752829442696337,0.238053137531804
0.0380646,0.02,0.0750054689197378,-0.0119820269121596,0.233183826750074,0.0524001676724911,0.0759564963435878,0.238998900896874
0.0381388,0.02,0.0757169002267431,-0.0117876177459087,0.234057460593454,0.0531721655106148,0.0766289560940917,0.240021194990244
0.038213,0.02,0.0764257672390745,-0.0115900323596959,0.234999885211408,0.0540212929797411,0.0772995908668345,0.241129106796707
0.0382872,0.02,0.077125072031235,-0.0113910330181767,0.236018098529431,0.0549493123445251,0.07796173657022,0.242330290637766
0.0383614,0.02,0.0778168555895847,-0.0111925573258027,0.237110059561164,0.0559581612094189,0.0786176592970158,0.243623677320243
0.0384356,0.02,0.0785011179141235,-0.010994605282574,0.238271175732683,0.0570419736822724,0.0792673126773371,0.245003959042715
0.0385098,0.02,0.0791778590048514,-0.0107971768884906,0.239504841565234,0.0582159098495335,0.0799106525148775,0.246478520956283
0.038584,0.02,0.0798470788617687,-0.0106002721435525,0.240789129644804,0.0594754073952822,0.0805476366647394,0.248025662059265
0.0386582,0.02,0.0805082611967898,-0.0104038367904325,0.242125606935518,0.0608309080474732,0.0811777059351426,0.249650173057768
0.0387324,0.02,0.0811612860517176,-0.0102098702368033,0.243514393395575,0.0622844112137789,0.0818009523405509,0.251353551140743
0.0388066,0.02,0.0818109131317175,-0.0100203695879027,0.244950729319809,0.0638379139994377,0.0824222865135614,0.253132651110255
0.0388808,0.02,0.0824571424367894,-0.00983533484373096,0.24643461470822,0.0654914164044492,0.0830416410623567,0.254988519249494
0.038955,0.02,0.0830999739669334,-0.00965476600428792,0.247967411550063,0.067256958931435,0.0836589515826165,0.256926712732528
0.0390292,0.02,0.0837394077221496,-0.00947866306957358,0.249538579227958,0.0691377647285455,0.084274156532373,0.258939245837257
0.0391034,0.02,0.0843745762076556,-0.00930704119981151,0.251124317388714,0.0710958441270057,0.0848863365101621,0.260994332957785
0.0391776,0.02,0.0849991244998662,-0.00914202114016957,0.252735199299287,0.0731666891253786,0.0854893427058079,0.263112989725745
0.0392518,0.02,0.0856160696665363,-0.00898502611348096,0.254368207891922,0.0753517229464976,0.0860862479110638,0.265294303250472
0.039326,0.02,0.0862254117076659,-0.00883605611974572,0.256023343166618,0.0776509455903624,0.086676972212392,0.267539943928545
0.0394002,0.02,0.0868271506232549,-0.00869511115896384,0.257700605123376,0.0800643570569731,0.0872614407594794,0.269851631738444
0.0394744,0.02,0.0874212864133035,-0.0085621912311353,0.2593950772664,0.0826256959893797,0.0878395835420193,0.272236683324953
0.0395486,0.02,0.0880072280167393,-0.00843724948871985,0.261097414090218,0.0852681217601153,0.0884107423457424,0.274668003657318
0.0396228,0.02,0.0885858070040723,-0.00832245170563218,0.262786384807728,0.0880056103046823,0.0889758866488855,0.277131144921344
0.039697,0.02,0.089162572397363,-0.00821976000764786,0.264456119466472,0.0908615106097281,0.0895406542923287,0.27962985039789
0.0397712,0.02,0.0897375241966114,-0.00812917439476692,0.266106618066449,0.093835822675252,0.0901049761404882,0.28216642925037
0.0398454,0.02,0.0903106624018175,-0.00805069486698934,0.267737880607659,0.0969285465012545,0.0906687897310669,0.284743245467082
0.0399196,0.02,0.0908819870129813,-0.00798432142431513,0.269344662988975,0.100157042331364,0.0912320390654209,0.287363847081033
0.0399938,0.02,0.091450520336298,-0.00793013010870915,0.270926179996027,0.103503516534912,0.0917937069374623,0.290024090279295
0.040068,0.02,0.0920106820782136,-0.00788974654342667,0.272483930410198,0.106927671279508,0.0923483281766249,0.292713203011153
0.0401422,0.02,0.0925662202095536,-0.00786373193439684,0.273988145997345,0.110450378060378,0.0928996415699201,0.295412914681709
0.0402164,0.02,0.0931171347303179,-0.00785208628161967,0.27543730202109,0.114082764247318,0.0934476112019894,0.298128469695476
0.0402906,0.02,0.0936634256405065,-0.00785480958509515,0.276831398481435,0.117824829840328,0.0939922089129348,0.300862616009515
0.0403648,0.02,0.0942050929401195,-0.00787190184482328,0.278169765390385,0.121678209135133,0.0945334140635526,0.303618189434815
0.040439,0.02,0.0947414723216221,-0.0079033037938311,0.27944338065416,0.125659165960049,0.095070546377552,0.30639652246917
0.0405132,0.02,0.0952742979411998,-0.00795093571887606,0.280665022352724,0.129727621404469,0.0956054874313928,0.309195909622874
0.0405874,0.02,0.0958097785109375,-0.00801659863487887,0.281818735145092,0.133873829660643,0.0961445760924018,0.312000002799337
0.0406616,0.02,0.0963479140308352,-0.00810029254183952,0.282871320578273,0.138105300904521,0.0966878238319417,0.314784462995912
0.0407358,0.02,0.0968887045008928,-0.00820201743975801,0.28382006974428,0.142427589342497,0.0972352515806044,0.317552279468378
0.04081,0.02,0.0974321499211104,-0.00832177332863434,0.28466498264311,0.146840694974571,0.0977868894565263,0.320306637526944
0.0408842,0.02,0.0979771784214634,-0.00845965054687243,0.285403301061174,0.151345810033266,0.0983417163710624,0.323048910339039
0.0409584,0.02,0.0985187428926296,-0.00861599044965589,0.286038380442469,0.155932405206077,0.0988947824335168,0.325780401619715
0.0410326,0.02,0.099060953930165,-0.00879038801338546,0.286583420216609,0.160587995367457,0.0994502062088368,0.328509605642191
0.0411068,0.02,0.0996038115340698,-0.00898284323806115,0.28703822577614,0.165312376431069,0.100008053399484,0.331238773180318
0.041181,0.02,0.100147315704344,-0.00919335612368298,0.28736476980599,0.170088025803983,0.100568397817617,0.333928805956518
0.0412552,0.02,0.100691466440987,-0.00942192667025092,0.287553621171044,0.174926808135486,0.101131321143432,0.336580559826395
0.0413294,0.02,0.101235519682077,-0.00966845523684724,0.287605523933226,0.179828623784662,0.101696162523308,0.339197982495756
0.0414036,0.02,0.101781863232288,-0.00993437096186856,0.287517694629912,0.184794818385364,0.102265533829557,0.341782898383431
0.0414778,0.02,0.102337170996538,-0.0102213309690094,0.287283297858954,0.189813247881591,0.102846352265662,0.34432653441185
0.041552,0.02,0.102901442974826,-0.0105293352582696,0.286923293809857,0.194875484285144,0.103438744517141,0.346844966672528
0.0416262,0.02,0.103474679167153,-0.0108583838296494,0.286422717404971,0.199966169271915,0.104042845636484,0.349319970655747
0.0417004,0.02,0.104056879573519,-0.0112084766831487,0.285757091538351,0.205079986118322,0.104658798656083,0.351731312326254
0.0417746,0.02,0.104646871026421,-0.0115796486303408,0.284927689532507,0.210219955594105,0.105285591977357,0.354085043446232
0.0418488,0.02,0.105239579721112,-0.011970436095623,0.283938681451536,0.215387131096249,0.105918178232991,0.356388539471052
0.041923,0.02,0.105839102997809,-0.0123796212427749,0.282792015966886,0.220576405351537,0.106560643511079,0.358643660047715
0.0419972,0.02,0.106445440856512,-0.0128072040717967,0.281491381557053,0.225782117255183,0.107213135180694,0.360853103579741
0.0420714,0.02,0.107058593297221,-0.0132531845826885,0.280019547097274,0.230981556995946,0.107875804981296,0.362992322823547
0.0421456,0.02,0.107678560319936,-0.0137175627754501,0.278369118446765,0.236171169290611,0.108548808750131,0.365056416611082
0.0422198,0.02,0.108304500129478,-0.0142001690244196,0.276536131142913,0.241349229216406,0.10923144944849,0.367044523553811
0.042294,0.02,0.108939076973513,-0.0147019446203692,0.274535774912525,0.246509713209841,0.10992665585499,0.368967383942834
0.0423682,0.02,0.10958922937218,-0.0152245587954471,0.272369902020397,0.251653457678161,0.110641702738634,0.370829915578523
0.0424424,0.02,0.110254957325479,-0.0157680115496534,0.270026005752437,0.256774146954444,0.111376774073741,0.372621800659594
0.0425166,0.02,0.110936260833411,-0.016332302882988,0.267487514091526,0.261852233443564,0.112132056456484,0.37432093496657
0.0425908,0.02,0.111633139895975,-0.0169174327954509,0.264754354879505,0.266887379972278,0.112907738687048,0.37593050157726
0.042665,0.02,0.112344279381625,-0.0175233028841898,0.261823483766959,0.271881679270946,0.113702696774297,0.377453552341287
0.0427392,0.02,0.113063845562282,-0.0181465095059377,0.258707462401625,0.276836059510818,0.11451082473103,0.3789033583221
0.0428134,0.02,0.113795650320112,-0.0187853750650897,0.255425308792649,0.281742032377072,0.115335772196285,0.380290232821963
0.0428876,0.02,0.114539693655117,-0.0194398995616459,0.251974364518231,0.28659157586164,0.116177670477484,0.381609501623354
0.0429618,0.02,0.115295975567295,-0.0201100829956062,0.248337751951603,0.291351104119393,0.117036649901236,0.382827774483468
0.043036,0.02,0.116064496056648,-0.0207959253669708,0.244513563076508,0.296023414662326,0.117912839660286,0.383948882739242
0.0431102,0.02,0.116844285848828,-0.021497162879879,0.240502767167292,0.300608243694577,0.118805366660798,0.384976489142211
0.0431844,0.02,0.117637883932029,-0.022214509114295,0.236297716458226,0.305106719887969,0.11971698355369,0.385910250348663
0.0432586,0.02,0.118452340228276,-0.0229498975004698,0.231909310628132,0.309522793411598,0.120655106401831,0.38676386594062
0.0433328,0.02,0.11928765473757,-0.0237033280384032,0.227345235949906,0.313856727920178,0.121619868166701,0.387545999811479
0.043407,0.02,0.120143827459911,-0.0244748007280955,0.222599525243478,0.318087903917901,0.122611398929287,0.388240213344143
0.0434812,0.02,0.121020858395298,-0.0252643155695465,0.217671235166608,0.322195071565357,0.123629825721516,0.388832136994825
0.0435554,0.02,0.121917214499729,-0.0260715731072146,0.212562890396678,0.326179201878295,0.12467371060355,0.389327438169661
0.0436296,0.02,0.122825590390667,-0.0268914785036194,0.207281535576608,0.330032471066922,0.125734948486595,0.38972691329896
0.0437038,0.02,0.123749421327968,-0.0277223398104485,0.201835877372206,0.333756931224142,0.12681658962286,0.390040267837521
0.043778,0.02,0.12468870731163,-0.028564157027702,0.19623088315555,0.337357603931197,0.127918664774726,0.390277737559043
0.0438522,0.02,0.125643448341655,-0.02941693015538,0.190466552926638,0.340834489188086,0.129041202299686,0.390442898262805
0.0439264,0.02,0.126613644418042,-0.0302806591934825,0.184527141030426,0.344163184147033,0.130184228207606,0.390510644027902
0.0440006,0.02,0.127598160557241,-0.0311549723853265,0.178437528167896,0.347328262321026,0.131346575448018,0.390482871923484
0.0440748,0.02,0.128599090171295,-0.0320408062510489,0.172199941522272,0.350327864942544,0.132530521986832,0.390361925417266
0.044149,0.02,0.129623522787341,-0.0329406423856541,0.165823620422596,0.353163854627883,0.133743573978639,0.390156611254611
0.0442232,0.02,0.130671458405378,-0.033854480789142,0.159302563784756,0.355847870108397,0.134985761883581,0.389878203403421
0.0442974,0.02,0.131742897025406,-0.0347823214615128,0.152636771608752,0.358379911384088,0.1362571128525,0.389530672644413
0.0443716,0.02,0.132837838647426,-0.0357241644027664,0.145823318824035,0.360759394594208,0.137557650818831,0.389116667724264
0.0444458,0.02,0.133954429494601,-0.0366794650043697,0.138842837901041,0.362960731057852,0.138885464805468,0.388610120720581
0.04452,0.02,0.135083393309917,-0.0376419552583405,0.1317532664789,0.364967900512979,0.140229953803717,0.388021251522017
0.0445942,0.02,0.136227903675793,-0.0386103450510844,0.124587211474901,0.366776756352495,0.141593786886518,0.387359216056039
0.0446684,0.02,0.137387960592229,-0.0395846343826015,0.117317111105603,0.368400453587944,0.14297690371139,0.386629278200665
0.0447426,0.02,0.138563564059225,-0.0405648232528919,0.109942965371007,0.369838992219327,0.144379244250458,0.385834596427507
0.0448168,0.02,0.139754714076782,-0.0415509116619556,0.102464774271112,0.371092372246643,0.145800748854807,0.384978673053549
0.044891,0.02,0.140960069365576,-0.042542417243667,0.0948739672663847,0.372157255534382,0.147239934869865,0.384060011602023
0.0449652,0.02,0.142181117214614,-0.0435410236317182,0.087149523811121,0.373008523813411,0.148698657799234,0.383054041015058
0.0450394,0.02,0.143425003579567,-0.0445500118012227,0.0794056281147904,0.373656614424101,0.150184670333852,0.382000679684193
0.0451136,0.02,0.144691728460435,-0.0455693817521805,0.0715960397658159,0.374106793117118,0.151697939465717,0.380896161133874
0.0451878,0.02,0.145981291857219,-0.0465991334845916,0.0637161885883759,0.374359062376648,0.153238431256057,0.379742623722637
0.045262,0.02,0.147293693769917,-0.0476392669984561,0.0557660745824711,0.37441342220269,0.154806110940544,0.378543611489968
0.0453362,0.02,0.148626646942821,-0.0486889770570684,0.0477479850038109,0.37426906735854,0.156398518753631,0.377302537565487
0.0454104,0.02,0.149968753488671,-0.0497414200442666,0.0396536642800937,0.373910632524705,0.158002645202433,0.376007412434733
0.0454846,0.02,0.151323216114349,-0.0507959945111344,0.0315304455982529,0.373327632968646,0.159621266733368,0.374656763635192
0.0455588,0.02,0.152690034819854,-0.051852700457672,0.0234171597730651,0.372535779256485,0.161254300029616,0.373271041199386
0.045633,0.02,0.154069209605187,-0.0529115378838796,0.0152908163609413,0.371529694035486,0.162901664170764,0.371844218208494
0.0457072,0.02,0.155460740470349,-0.0539725067897569,0.00715141536188194,0.370309377305649,0.164563280584581,0.37037842494154
0.0457814,0.02,0.156863044140532,-0.0550350185593292,-0.000999459949306392,0.368874240450999,0.166237384137444,0.368875594460371
0.0458556,0.02,0.158277030822284,-0.0561019717182072,-0.00915746130677142,0.367228999655508,0.167925726785947,0.367343160118125
0.0459298,0.02,0.159709989180063,-0.0571776186628268,-0.0173430151056196,0.365367250949219,0.169636554786542,0.365778632835686
0.046004,0.02,0.161161919213869,-0.0582619593931882,-0.0255002546635903,0.363302746661201,0.171369834326323,0.364196579774551
0.0460782,0.02,0.162632820923703,-0.0593549939092914,-0.0336231245495265,0.361036958788914,0.173125531749576,0.362599227958391
0.0461524,0.02,0.164122694309564,-0.0604567222111363,-0.0417116247634274,0.358569887332359,0.174903613593159,0.360987844313275
0.0462266,0.02,0.16562871710445,-0.0615660850574244,-0.0497629330382907,0.355900473050237,0.176701032138933,0.359362624965307
0.0463008,0.02,0.167137613606184,-0.0626761344230105,-0.0577637736719383,0.353021767917402,0.178502884313339,0.357716399082222
0.046375,0.02,0.168653008570091,-0.0637870622842201,-0.0657312272115075,0.349921007683394,0.180312580300416,0.356041157520999
0.0464492,0.02,0.17017490199617,-0.0648988686410534,-0.0736738861443607,0.346593110161227,0.182130064570062,0.354336881386689
0.0465234,0.02,0.171703293884423,-0.0660115534935103,-0.0814985011157177,0.343094671645695,0.18395528349408,0.352641403405465
0.0465976,0.02,0.173238184234849,-0.0671251168415908,-0.0892291883549008,0.339399128263152,0.185788185275557,0.350932495389444
0.0466718,0.02,0.17477772312244,-0.0682388672667249,-0.0968640979369009,0.335505788595028,0.187626745176987,0.349208802366008
0.046746,0.02,0.176322436547028,-0.0693572258689376,-0.10440375586155,0.33141907374135,0.189473022908581,0.347474814450735
0.0468202,0.02,0.177879873573871,-0.0704854918124189,-0.111855711194106,0.327144282866306,0.191335971470852,0.345738458865728
0.0468944,0.02,0.179450034202968,-0.071623665097169,-0.119261101306722,0.322630234722631,0.193215589892218,0.343967263910495
0.0469686,0.02,0.181032918434319,-0.0727717457231876,-0.12655885394523,0.317962668303725,0.195111876964082,0.342224198365275
0.0470428,0.02,0.182628526267925,-0.073929733690475,-0.133711073099996,0.313149644783035,0.197024831253167,0.340501616879118
0.047117,0.02,0.184233429606989,-0.0750963277229663,-0.140729427167235,0.308168449538952,0.198950785427524,0.338780998525684
0.0471912,0.02,0.185833060270418,-0.076264657631148,-0.147599347965853,0.303012212381964,0.20087365256067,0.337048910949965
0.0472654,0.02,0.187431865191067,-0.077435636002046,-0.154325282428707,0.297681845899095,0.202797884140944,0.335306984977338
0.0473396,0.02,0.189029844368938,-0.0786092628356606,-0.160923952303149,0.292145141330098,0.204723467794268,0.333534558970505
0.0474138,0.02,0.190626997804028,-0.0797855381319915,-0.16740001824503,0.286415294443604,0.206650391692802,0.331747625461966
0.047488,0.02,0.19222332549634,-0.0809644618910388,-0.173708002028564,0.280561597444047,0.208578644530492,0.329983757068603
0.0475622,0.02,0.193816700108388,-0.0821452332430362,-0.179826257877378,0.274576253437063,0.210505944299579,0.328221879181927
0.0476364,0.02,0.195407547341107,-0.0833338937730864,-0.185763198276139,0.268451567286816,0.21243504279956,0.32645705661316
0.0477106,0.02,0.197003781562358,-0.0845367796649907,-0.191526737592708,0.262193875177106,0.214375738053532,0.324696965482116
0.0477848,0.02,0.198605402772142,-0.0857538909187495,-0.197117934466309,0.255800445971866,0.21632807450257,0.322938613745197
0.047859,0.02,0.200212410970458,-0.0869852275343624,-0.202560745631059,0.249230271941194,0.218292096320065,0.321164419141492
0.0479332,0.02,0.201824806157307,-0.0882307895118296,-0.20784005664843,0.242541135522178,0.220267847400195,0.319411476888371
0.0480074,0.02,0.20343852272961,-0.0894890339834377,-0.212931259373904,0.235747312099955,0.222251028644852,0.317673600383964
0.0480816,0.02,0.205038486589544,-0.0907529954364408,-0.217799114710326,0.228853993600153,0.224225081477557,0.31592816391601
0.0481558,0.02,0.206630293281256,-0.0920240936980124,-0.222452827036202,0.22185919044259,0.226195738073109,0.314176320941346
0.04823,0.02,0.208213942804748,-0.0933023287681527,-0.226892396351531,0.214762902627263,0.228163034981259,0.312415210684479
0.0483042,0.02,0.209789435160018,-0.0945877006468613,-0.231118607128327,0.207556955450393,0.230127008885137,0.310637570678073
0.0483784,0.02,0.211356770347067,-0.0958802093341387,-0.235141443681772,0.200229016040374,0.232087696600878,0.308841638062688
0.0484526,0.02,0.212913547830361,-0.0971789059139067,-0.238960985199083,0.192809628198236,0.234042557250461,0.307047073220473
0.0485268,0.02,0.214460386235651,-0.0984913430268236,-0.242577562461492,0.185306859409597,0.235995342995517,0.305258097278364
0.048601,0.02,0.216005600899222,-0.0998248624788677,-0.24596798834327,0.17777160102089,0.23795676663789,0.303484749895552
0.0486752,0.02,0.217549191821077,-0.101179464270039,-0.249142391043105,0.170173285516822,0.239926936486873,0.301713238221768
0.0487494,0.02,0.219091159001214,-0.102555148400338,-0.252100770560996,0.162511912897397,0.241905961927172,0.299941528220116
0.0488236,0.02,0.220631502439633,-0.103951914869764,-0.254843035819063,0.154786586868688,0.243893953335995,0.298167503896609
0.0488978,0.02,0.222165497997994,-0.105367952485158,-0.257368240220375,0.146984417763608,0.245885977460309,0.296382911348545
0.048972,0.02,0.223678358655904,-0.106795772128854,-0.259669982710038,0.139135397790296,0.247865578642129,0.294596603576646
0.0490462,0.02,0.225177063723611,-0.108236941027331,-0.261743948017141,0.131282073404494,0.249839839557547,0.292822261996903
0.0491204,0.02,0.226661613201113,-0.10969145918059,-0.263585461997757,0.12341862620301,0.251808862266795,0.291048884331154
0.0491946,0.02,0.228132007088411,-0.11115932658863,-0.265196609280228,0.115534176595375,0.253772749809401,0.289270440133971
0.0492688,0.02,0.229588245385506,-0.112640543251452,-0.266580185459895,0.10762296670022,0.25573160618738,0.287485126991273
0.049343,0.02,0.231027670690843,-0.114133898299109,-0.267743337402199,0.099677933275559,0.257682617508027,0.285695966204205
0.0494172,0.02,0.232451396407115,-0.115648227657807,-0.268686664738118,0.0917144874997937,0.259630823000678,0.2839085610288
0.0494914,0.02,0.233867976627765,-0.117191883655141,-0.26940792483099,0.083767512460045,0.261587782754862,0.282130512538938
0.0495656,0.02,0.235277411352795,-0.118764866291113,-0.269914036952013,0.0758469075608241,0.263553701848443,0.280368223467412
0.0496398,0.02,0.236679700582204,-0.12036717556572,-0.270202618391767,0.06793940366874,0.265528788686558,0.278613024743336
0.049714,0.02,0.238074844315992,-0.121998811478965,-0.270284166987419,0.0600651446395956,0.267513254808737,0.276877865718187
0.0497882,0.02,0.239457355454934,-0.123657624089303,-0.270158028930589,0.0522378380671729,0.26950145282889,0.275162047385887
0.0498624,0.02,0.24081347333679,-0.125335051148216,-0.269809414331073,0.044451633694654,0.271477446552849,0.273446645252415
0.0499366,0.02,0.242151661341584,-0.127032369068624,-0.269252935120056,0.0367113557232724,0.273449538090077,0.271744119917627
0.0500108,0.02,0.243471919469317,-0.128749577850526,-0.268488787453747,0.0290170185696513,0.275417917657443,0.270052247454182
0.050085,0.02,0.244774247719989,-0.130486677493922,-0.267515158835543,0.0213590735798729,0.277382777674262,0.268366484924993
0.0501592,0.02,0.246058646093599,-0.132243667998812,-0.266338962030609,0.0137245877151182,0.279344312709593,0.266692345228528
0.0502334,0.02,0.247322219510764,-0.134018852186549,-0.264969282190287,0.00614513825473176,0.281299365454547,0.265040531293999
0.0503076,0.02,0.248566917954626,-0.135822252984329,-0.263408046814847,-0.00135441155981308,0.283254650636492,0.263411528900095
0.0503818,0.02,0.249801030627274,-0.137663186741607,-0.26167066249173,-0.00873495930038196,0.285222207912187,0.261816414922442
0.050456,0.02,0.251024557528707,-0.139541653458382,-0.259760694258966,-0.0160176354467076,0.287202370346037,0.260254073795596
0.0505302,0.02,0.252237498658926,-0.141457653134655,-0.257678142116554,-0.0232024399987883,0.28919547603667,0.258720656590339
0.0506044,0.02,0.25343985401793,-0.143411185770426,-0.255422856627511,-0.030300088579389,0.291201867797425,0.257213784731062
0.0506786,0.02,0.254625237520184,-0.145399546481863,-0.253003775665129,-0.0373062959432251,0.293215005924563,0.255739457686557
0.0507528,0.02,0.25578157026705,-0.147412468777757,-0.250412827423224,-0.0442230424212536,0.295219659981226,0.254287753576701
0.050827,0.02,0.256918656459335,-0.149450754212894,-0.247663504935448,-0.0510243651621754,0.297225039274407,0.252864978826871
0.0509012,0.02,0.258036496097039,-0.151514402787277,-0.244767842482586,-0.0577062315792393,0.299231428112126,0.251478241358287
0.0509754,0.02,0.259135089180161,-0.153603414500903,-0.241726599456479,-0.0642728164311323,0.301239113314899,0.250125456155073
0.0510496,0.02,0.260214435708702,-0.155717789353775,-0.238541183661857,-0.0707203855654753,0.303248384121704,0.248803676092877
0.0511238,0.02,0.261271404695849,-0.157855031147323,-0.235223631138047,-0.0770496594790548,0.305255561407592,0.247521325690548
0.051198,0.02,0.262309252988651,-0.160026948908407,-0.231781119548255,-0.083253073234008,0.307269862792299,0.246279438000718
0.0512722,0.02,0.263335088920566,-0.162243254548274,-0.228220757225938,-0.0893209149190878,0.309302833325559,0.24507741607656
0.0513464,0.02,0.264348912491592,-0.164503948066926,-0.22454644024658,-0.0952522516296748,0.311354936471374,0.243914114532008
0.0514206,0.02,0.265350723701731,-0.166809029464362,-0.220775816200528,-0.101026503921366,0.313426640348064,0.242792741888186
0.0514948,0.02,0.266340522550982,-0.169158498740581,-0.216911431278545,-0.106633793329032,0.315518417289541,0.241705057661286
0.051569,0.02,0.267309825648545,-0.17154765914876,-0.212962913508468,-0.112060900571613,0.317621067071557,0.240646728560635
0.0516432,0.02,0.268251147009812,-0.173964433710989,-0.208923788093846,-0.117348816982156,0.319722226422351,0.239624485557285
0.0517174,0.02,0.269173877161209,-0.176409886996397,-0.204803445561103,-0.122496477991534,0.321830738706046,0.238641652764202
0.0517916,0.02,0.270078016102736,-0.178884019004982,-0.200600862137807,-0.127507002507712,0.323946950961673,0.237694639356745
0.0518658,0.02,0.270963563834393,-0.181386829736745,-0.196317282979441,-0.132407000996323,0.326071211436677,0.236795459224349
0.05194,0.02,0.27183052035618,-0.183918319191686,-0.191977795522197,-0.137145083632907,0.328203869464402,0.235932719092201
0.0520142,0.02,0.272674702306052,-0.186475419493128,-0.187606118128676,-0.141669462478811,0.3303400904414,0.235087839239604
0.0520884,0.02,0.27350159114554,-0.189073721171884,-0.183200556198842,-0.146029301772587,0.33249359752772,0.234279748949316
0.0521626,0.02,0.274316548162295,-0.191720757093555,-0.178766471020346,-0.150217068648634,0.334673598146317,0.233500789879727
0.0522368,0.02,0.275119573356315,-0.194416527258141,-0.174303862593187,-0.15423276310695,0.336880640160393,0.23274359654029
0.052311,0.02,0.275910666727602,-0.197161031665643,-0.169808932085565,-0.158088433788108,0.339115273058484,0.232006522135946
0.0523852,0.02,0.276689828276154,-0.199954270316061,-0.165280124357161,-0.161825578642364,0.341378047462217,0.231311559180371
0.0524594,0.02,0.277444563619715,-0.202786529569843,-0.160771734290935,-0.165302204062673,0.343653695538277,0.230591346791012
0.0525336,0.02,0.278175776362424,-0.205645901483284,-0.156271622125174,-0.168617995216343,0.345936409404546,0.22989747321885
0.0526078,0.02,0.278890330554781,-0.208534498247881,-0.151784347041874,-0.171778408901001,0.348233331886036,0.229229818678739
0.052682,0.02,0.279588226196785,-0.211452319863634,-0.147309909041035,-0.174783445116648,0.350544804274114,0.228581412167574
0.0527562,0.02,0.280269463288438,-0.214399366330542,-0.142848308122656,-0.177633103863284,0.352871166766183,0.227945517002659
0.0528304,0.02,0.280934041829739,-0.217375637648605,-0.138391279222511,-0.180352331147999,0.355212758360298,0.227330397253338
0.0529046,0.02,0.281576005462742,-0.220377872854762,-0.133967531433684,-0.182901749806354,0.357563216363685,0.226716451896772
0.0529788,0.02,0.282202683431805,-0.223426313985876,-0.129612611300617,-0.185250249998701,0.359941206751085,0.226090875828164
0.053053,0.02,0.282816835695436,-0.226525004144361,-0.125317996985696,-0.187428544645551,0.362351956052927,0.225464098508956
0.0531272,0.02,0.283418462253633,-0.229673943330216,-0.121083688488921,-0.189436633746905,0.364796032038543,0.224827706974565
0.0532014,0.02,0.284007563106398,-0.232873131543442,-0.116909685810291,-0.191274517302762,0.367274000300163,0.22417362825646
0.0532756,0.02,0.28458413825373,-0.236122568784038,-0.11280094949635,-0.192928185359888,0.369786423810814,0.223484538421649
0.0533498,0.02,0.285139748503059,-0.239403303999913,-0.108746408404467,-0.194441451845698,0.372315213417962,0.222785231864084
0.053424,0.02,0.28567667208327,-0.242708296802537,-0.104788885163227,-0.195794587896015,0.37485794417267,0.222072580709827
0.0534982,0.02,0.286197666595743,-0.246041058537537,-0.100929302756859,-0.197006626630858,0.377419271965701,0.221355675534774
0.0535724,0.02,0.286702732040477,-0.249401589204911,-0.0971676611853636,-0.198077568050227,0.379999485864663,0.22062700955442
0.0536466,0.02,0.287191868417471,-0.25278988880466,-0.0935039604487394,-0.199007412154121,0.382598872406846,0.219879377641196
0.0537208,0.02,0.287665075726727,-0.256205957336784,-0.0899382005469869,-0.199796158942542,0.385217715542421,0.219105876337955
0.053795,0.02,0.288113453163488,-0.25964444020199,-0.0864561749124614,-0.200470641500633,0.387846099917989,0.218318914169545
0.0538692,0.02,0.288546911150371,-0.263127180300881,-0.0830821916033335,-0.201033897495705,0.390506380162364,0.217525351405133
0.0539434,0.02,0.288967444276364,-0.266656797532999,-0.0798571290953837,-0.201400207089161,0.393202278124337,0.216654574110296
0.0540176,0.02,0.289375052541466,-0.270233291898344,-0.0767631732740021,-0.201629993652156,0.395934278742814,0.215748091790548
0.0540918,0.02,0.289769735945678,-0.273856663396917,-0.0738003241391878,-0.20172325718469,0.398702861736557,0.214799349003319
0.054166,0.02,0.290151494488999,-0.277526912028717,-0.0709685816909413,-0.201679997686763,0.401508501347599,0.213802153997935
0.0542402,0.02,0.290519886847666,-0.281238664502753,-0.0682675046054991,-0.201505588449367,0.404347611672522,0.212755621221596
0.0543144,0.02,0.290860904309997,-0.284943032118568,-0.0656773123865431,-0.201322593078253,0.407176371132894,0.211764718133289
0.0543886,0.02,0.291185247531004,-0.288680470201338,-0.0632468204987326,-0.201004084965287,0.410030806471121,0.210719724933219
0.0544628,0.02,0.291493350240954,-0.292450100535672,-0.0609772271207933,-0.200553164873671,0.41291092809227,0.209618210487988
0.054537,0.02,0.291785212439846,-0.296251923121571,-0.058856781379687,-0.200009864649483,0.415817041680347,0.208489967795769
0.0546112,0.02,0.292060834127682,-0.300085937959034,-0.0568854832754137,-0.199374184292725,0.418749448945442,0.207330710628857
0.0546854,0.02,0.292320215304461,-0.303952145048062,-0.0550633328079736,-0.198646123803397,0.421708447573634,0.206136491485705
0.0547596,0.02,0.292563355970183,-0.307850544388653,-0.0533893827021211,-0.197858433236022,0.424694331180587,0.204935077007151
0.0548338,0.02,0.292784690316186,-0.311789926825687,-0.0518727033482691,-0.197018971134146,0.427709987437179,0.203733287264047
0.054908,0.02,0.292984663502609,-0.315745330323535,-0.0505297786438526,-0.196084108842195,0.430737886270589,0.202490089313612
0.0549822,0.02,0.293168284329591,-0.319728067988278,-0.0493539349126457,-0.195072601429848,0.43378990352044,0.201219111219512
0.0550564,0.02,0.293335552797133,-0.323738139819916,-0.0483386828418179,-0.194006641594159,0.436866260666647,0.199938003494899
0.0551306,0.02,0.293486468905232,-0.327775545818449,-0.0474840224313692,-0.192886229335126,0.439967175897298,0.198644984465719
0.0552048,0.02,0.293621032653891,-0.331840285983878,-0.0467900555888785,-0.191713526064554,0.443092864102548,0.197340784882686
0.055279,0.02,0.293739244043108,-0.335932360316201,-0.0462673347863382,-0.19054095358846,0.44624353687043,0.196077844905106
0.0553532,0.02,0.293835088417447,-0.340079206338606,-0.045915840620172,-0.189313386188726,0.449436231037491,0.194802008742463
0.0554274,0.02,0.293914354172085,-0.344204626853056,-0.0457488332013308,-0.188080068022664,0.452617357969671,0.193564117869746
0.0555016,0.02,0.293974389330964,-0.348355744250768,-0.0457456199322086,-0.186816952574296,0.455820870666339,0.192336256364028
0.0555758,0.02,0.294015193894085,-0.352532558531741,-0.0459001407521936,-0.185538042173552,0.459046990040793,0.191131337081772
0.05565,0.02,0.294036767861448,-0.356735069695976,-0.0462123956612858,-0.184243336820429,0.462295934229796,0.189950500592868
0.0557242,0.02,0.294039111233052,-0.360963277743474,-0.0466852914618489,-0.182937803806847,0.465567918583353,0.188800838188156
0.0557984,0.02,0.294022224008898,-0.365217182674234,-0.0473344333412192,-0.181648952094701,0.468863155655937,0.187714917832433
0.0558726,0.02,0.293977570636,-0.369519158723854,-0.0481471015209827,-0.180347783625623,0.472194049836536,0.186664047003022
0.0559468,0.02,0.293907494574414,-0.373806190852883,-0.0491256655853576,-0.179096781529005,0.475513074149335,0.185712111003167
0.056021,0.02,0.293814952748455,-0.378113171650706,-0.0502648742156231,-0.177836719886483,0.478849451325083,0.184803832535734
0.0560952,0.02,0.293699945158123,-0.382440101117324,-0.0515530387625462,-0.176619283009997,0.482203368640777,0.183989366368326
0.0561694,0.02,0.293562471803417,-0.386786979252738,-0.0529901592261273,-0.175444470899547,0.485575011888782,0.183272254703302
0.0562436,0.02,0.293402532684339,-0.391153806056947,-0.0545768134573433,-0.174312751111982,0.488964565360743,0.182656956526122
0.0563178,0.02,0.293220127800888,-0.395540581529952,-0.0563327066704754,-0.17324091335171,0.49237221183229,0.182169667891656
0.056392,0.02,0.293014752801826,-0.399948774787393,-0.0582448973357708,-0.172218214590082,0.495799019576937,0.181800939222684
0.0564662,0.02,0.292769858652591,-0.404382989787486,-0.0602857524783234,-0.171219172047749,0.499239213769235,0.181522386576957
0.0565404,0.02,0.292503362541069,-0.408808318392189,-0.0624619205538151,-0.17029927361603,0.50267530104878,0.18139276202048
0.0566146,0.02,0.292210164270206,-0.413248674763779,-0.0647693743292537,-0.16944271283996,0.506123747019284,0.181399847810213
0.0566888,0.02,0.29189026384,-0.417704058902256,-0.0672112584376352,-0.168656350842359,0.509584739712645,0.18155527516498
0.056763,0.02,0.291543661250454,-0.42217447080762,-0.0697927320815819,-0.167966670172499,0.513058466665363,0.181889603167
0.0568372,0.02,0.291170356501566,-0.426659910479871,-0.0725112103653012,-0.167373555371875,0.516545114889242,0.182405544505815
0.0569114,0.02,0.290770349593336,-0.431160377919008,-0.0753570366011339,-0.166856071477242,0.520044870842789,0.183083673641653
0.0569856,0.02,0.290329216991712,-0.435691267092017,-0.078301059409107,-0.166410243603438,0.523562732114565,0.183911459895093
0.0570598,0.02,0.289861307033076,-0.440200447259101,-0.0813655761251837,-0.166096926624616,0.527063574042103,0.184955524416888
0.057134,0.02,0.289361793574242,-0.444719885928519,-0.0845414194526955,-0.165886103599569,0.530571413214825,0.186186602553791
0.0572082,0.02,0.288830676615208,-0.449249583100273,-0.0878213196070931,-0.165771733834313,0.534086460856076,0.187597579717771
0.0572824,0.02,0.288267956155976,-0.453789538774361,-0.0912060756213662,-0.16575291946299,0.537608928541362,0.189189266452288
0.0573566,0.02,0.287673632196545,-0.458339752950784,-0.0946772567046945,-0.165849335890848,0.541139028158327,0.190970639503987
0.0574308,0.02,0.287047704736914,-0.462900225629542,-0.0982343431652302,-0.166061539244755,0.544676971867373,0.192941496297301
0.057505,0.02,0.286378083117095,-0.46749260887125,-0.101870538862379,-0.166375570876216,0.548235119122324,0.195085717756319
0.0575792,0.02,0.28567633947099,-0.472052537346012,-0.105606248802442,-0.166880253989565,0.551764958064892,0.197488478037948
0.0576534,0.02,0.284937704231151,-0.476618053414332,-0.10941925826017,-0.16751922465157,0.555296555124364,0.200088142342491
0.0577276,0.02,0.284162177397578,-0.481189157076208,-0.113304178855601,-0.168281237972648,0.558830160201688,0.202870431556077
0.0578018,0.02,0.283349758970272,-0.485765848331641,-0.117239203013728,-0.16915404293361,0.5623660243239,0.20581088640808
0.057876,0.02,0.282500448949231,-0.49034812718063,-0.121226580771154,-0.170158740493736,0.565904399599498,0.208925539013017
0.0579502,0.02,0.281614247334457,-0.494935993623176,-0.125266312127879,-0.171295330653028,0.569445539174304,0.21221154364843
0.0580244,0.02,0.280691154125949,-0.499529447659279,-0.129365205420807,-0.172577319574399,0.572989697187778,0.215680985729044
0.0580986,0.02,0.27971050766515,-0.504135499058577,-0.133495150568982,-0.174009189268818,0.576533233655559,0.219317471204249
0.0581728,0.02,0.278697791924,-0.508715200517496,-0.137675598249507,-0.175624631805256,0.580054837460106,0.223155958132628
0.058247,0.02,0.277642797798129,-0.513296041216196,-0.141885092418637,-0.177374605565225,0.583573773483174,0.227141211914669
0.0583212,0.02,0.276545525287538,-0.517878021154674,-0.146111077734114,-0.179258842859413,0.587090344284116,0.231262145151168
0.0583954,0.02,0.275405974392226,-0.522461140332932,-0.150354131572524,-0.181281301565406,0.590604854271381,0.235519160957608
0.0584696,0.02,0.274224145112194,-0.527045398750968,-0.154613814023857,-0.183438982284392,0.594117609659132,0.239906839645179
0.0585438,0.02,0.273000037447441,-0.531630796408785,-0.158882986851584,-0.185745721772695,0.597628918423919,0.244428469429689
0.058618,0.02,0.27171637556412,-0.536231078253539,-0.163142235531952,-0.188196996459683,0.601143541955376,0.24906524946449
0.0586922,0.02,0.270394487528594,-0.540794678972977,-0.167412888131327,-0.19084437165761,0.604625556597913,0.253867385274005
0.0587664,0.02,0.269025150347127,-0.545355335337935,-0.171683766607254,-0.19365281767297,0.608101120950164,0.2587986273324
0.0588406,0.02,0.267608364019718,-0.549913047348414,-0.175937275530013,-0.196595757026744,0.611570597835874,0.263825352462272
0.0589148,0.02,0.266144128546367,-0.554467815004412,-0.180169387654565,-0.19966204727251,0.615034352727937,0.268934827363194
0.058989,0.02,0.264632443927074,-0.559019638305932,-0.184365123188669,-0.202842114690027,0.618492753708975,0.274108413114766
0.0590632,0.02,0.263073310161839,-0.563568517252971,-0.188531319410002,-0.206174752755847,0.621946171431435,0.279378036130994
0.0591374,0.02,0.261453517092315,-0.568131940452352,-0.192654766160216,-0.209642472863149,0.625405343247158,0.284720609286409
0.0592116,0.02,0.259787114369664,-0.572654953967828,-0.196751241493162,-0.213303841523391,0.628826717861457,0.290188869251969
0.0592858,0.02,0.258070544026885,-0.577167878226203,-0.200829030932416,-0.217149951753354,0.632236637146622,0.295781002114296
0.05936,0.02,0.256301874517988,-0.581674214089803,-0.204855856955711,-0.221109538454664,0.635637901810791,0.301422212394331
0.0594342,0.02,0.25448110584297,-0.586173961558631,-0.208798211963622,-0.225123878632902,0.639030943257367,0.307046338603683
0.0595084,0.02,0.252608238001834,-0.590667120632684,-0.212678881977516,-0.229274696943535,0.642416196326724,0.312728625964679
0.0595826,0.02,0.250683270994578,-0.595153691311963,-0.216497866997394,-0.233561993386563,0.645794099259816,0.318469042717069
0.0596568,0.02,0.248706204821204,-0.599633673596469,-0.220255167023256,-0.237985767961986,0.64916509366059,0.324267735602694
0.059731,0.02,0.246654835559342,-0.604112607772918,-0.223935295803756,-0.242554409709808,0.652526360214668,0.330120672446288
0.0598052,0.02,0.244561814622768,-0.608553018933231,-0.227592764820056,-0.247335430518543,0.655856126009608,0.33611498298682
0.0598794,0.02,0.242412849019752,-0.612983650287488,-0.231125238898806,-0.252108068309304,0.659175958974268,0.34201952307241
0.0599536,0.02,0.240207938750296,-0.617404501835687,-0.234566505831297,-0.25698239758248,0.662486356633583,0.347938785313083
0.0600278,0.02,0.2379470838144,-0.62181557357783,-0.237920305937139,-0.261967687360269,0.665787820735482,0.35388294844215
0.060102,0.02,0.235630284212063,-0.626216865513916,-0.241186639216333,-0.267063937642671,0.669080857215279,0.359852944583865
0.0601762,0.02,0.233257539943286,-0.630608377643946,-0.244365505668877,-0.272271148429686,0.672365976158166,0.36584980337295
0.0602504,0.02,0.230808498106784,-0.635003885003979,-0.247451238264188,-0.277604453272416,0.675649684946612,0.371882169235306
0.0603246,0.02,0.22831510512857,-0.639349863558838,-0.250450111748863,-0.283033061445571,0.678893242905374,0.377932497076224
0.0603988,0.02,0.225762965277416,-0.643683300833359,-0.253325122187226,-0.288496113718047,0.682126900409726,0.38393179753908
0.060473,0.02,0.223152078553322,-0.648004196827545,-0.256094566457457,-0.294036996208662,0.685351215997155,0.389925867452321
0.0605472,0.02,0.220482444956287,-0.652312551541393,-0.258758444559555,-0.299655708917417,0.688566753069262,0.395915996794371
0.0606214,0.02,0.217754064486313,-0.656608364974906,-0.261316756493522,-0.305352251844312,0.691774079852179,0.401903526895058
0.0606956,0.02,0.214966937143397,-0.660891637128082,-0.263761850151126,-0.311103401380995,0.694973769354391,0.407867184198446
0.0607698,0.02,0.212117912734873,-0.665165098368911,-0.266105797045138,-0.316941812334714,0.698168043518981,0.413841041496661
0.060844,0.02,0.209190301401429,-0.669417004734845,-0.268297818134272,-0.322792665103654,0.701341363694309,0.419736612484937
0.0609182,0.02,0.206218946760985,-0.673634453989445,-0.270384471580849,-0.32869191789865,0.704492463838235,0.425612663538044
0.0609924,0.02,0.203187262647143,-0.677836976459683,-0.272349171218474,-0.33462004039273,0.707635520842505,0.431444831346746
0.0610666,0.02,0.200095249059903,-0.682024572145558,-0.274191917047146,-0.340577032585892,0.710771148617244,0.437234402236376
0.0611408,0.02,0.196942905999266,-0.686197241047072,-0.275912709066865,-0.346562894478137,0.713899966272621,0.442982689112883
0.061215,0.02,0.193730233465231,-0.690354983164224,-0.277528308465709,-0.352608973554704,0.717022598066594,0.44872603025804
0.0612892,0.02,0.190457231457798,-0.694497798497014,-0.279042167839641,-0.358728647772782,0.720139673349391,0.454478573934498
0.0613634,0.02,0.187099107857431,-0.698630891658438,-0.280361952893997,-0.364746424259222,0.723250439986393,0.460046496172316
0.0614376,0.02,0.183700307485494,-0.702715929806669,-0.281579472097729,-0.370784811836383,0.726330145990318,0.465583908436898
0.0615118,0.02,0.180240914583617,-0.70678395279527,-0.282674809692467,-0.376812770650702,0.729404101454636,0.471055105226693
0.061586,0.02,0.176720929151801,-0.71083496062424,-0.283647965678213,-0.382830300702178,0.732472953798255,0.47646112912714
0.0616602,0.02,0.173140351190045,-0.714868953293579,-0.284498940054965,-0.388837401990813,0.735537355674931,0.481803042829083
0.0617344,0.02,0.16949918069835,-0.718885930803288,-0.285279401926153,-0.394928498627646,0.738597964906702,0.48718872748826
0.0618086,0.02,0.165797417676716,-0.722885893153366,-0.28589875074663,-0.400947513465875,0.741655444413649,0.492439848339827
0.0618828,0.02,0.162010403268622,-0.726882992766957,-0.286344854488915,-0.406844799096264,0.744718910691215,0.497509865474
0.061957,0.02,0.158184281838673,-0.730821098704572,-0.286696982451501,-0.412732800194674,0.747744438516646,0.502537087291409
0.0620312,0.02,0.154298645617181,-0.73474029826089,-0.286934726864698,-0.41857142946643,0.75076719289524,0.507477663593669
0.0621054,0.02,0.150353494604144,-0.738640591435911,-0.287058087728506,-0.424360686911531,0.753787832653506,0.51233225384156
0.0621796,0.02,0.146348828799565,-0.742521978229635,-0.287093552392591,-0.430141057681408,0.756807021535249,0.517149917653167
0.0622538,0.02,0.142284648203442,-0.746384458642061,-0.287028491652466,-0.435907954290391,0.759825428119368,0.52192058747852
0.062328,0.02,0.138160952815775,-0.750228032673191,-0.286802287394153,-0.441543616289241,0.762843725733947,0.526513358938117
0.0624022,0.02,0.133977742636565,-0.754052700323024,-0.286454969588328,-0.447059529330129,0.765862592366564,0.530960141975578
0.0624764,0.02,0.129707622755679,-0.757853960472979,-0.28597868177345,-0.452492405004443,0.76887365204272,0.535287944022266
0.0625506,0.02,0.125405618254367,-0.761611213285965,-0.28542844903077,-0.457862843149269,0.771866704355538,0.53954405070656
0.0626248,0.02,0.121046461744491,-0.765347751948333,-0.284780687627982,-0.463150212345242,0.774860908365641,0.543698592274533
0.062699,0.02,0.116630153226048,-0.769063576460084,-0.284057740994741,-0.468399434602147,0.777856913113914,0.54780181685957
0.0627732,0.02,0.112156692699042,-0.772758686821216,-0.283221335157224,-0.473558672519477,0.780855371867824,0.551789942828473
0.0628474,0.02,0.10762608016347,-0.776433083031731,-0.282257753794683,-0.478572343394599,0.783856942022913,0.555608609939963
0.0629216,0.02,0.103038315619333,-0.780086765091629,-0.281203697236858,-0.483445788666562,0.786862285000871,0.559281100985107
0.0629958,0.02,0.0983652902301081,-0.783724566231383,-0.280042851657384,-0.488195146948485,0.78987336075894,0.562813024252684
0.06307,0.02,0.0936648142219615,-0.787307276567514,-0.278833027282427,-0.492859628123849,0.792859284589258,0.566267136727765
0.0631442,0.02,0.0889107084827251,-0.790867430282718,-0.277552945245797,-0.497407147720992,0.79584948725553,0.569604694519409
0.0632184,0.02,0.0841029730124007,-0.794405027376994,-0.276203810213383,-0.501834427000298,0.798844576617609,0.572823128809503
0.0632926,0.02,0.0792416078109874,-0.797920067850343,-0.274762875631323,-0.506137259604304,0.801845164035281,0.575907599693691
0.0633668,0.02,0.0743266128784851,-0.801412551702765,-0.273229812922901,-0.510314686846997,0.804851864263683,0.57885715878931
0.063441,0.02,0.069357988214894,-0.80488247893426,-0.271606315605371,-0.514296979879054,0.80786529534606,0.581611016220842
0.0635152,0.02,0.0643206752141673,-0.80833566767811,-0.269925526760334,-0.518146298213487,0.810890683693322,0.584239143116228
0.0635894,0.02,0.0592324431069629,-0.811739523188656,-0.268205215618451,-0.521895236595956,0.813897742854081,0.586778216762082
0.0636636,0.02,0.054109513607532,-0.815110381186931,-0.266462088268856,-0.52552718116216,0.8169043842345,0.589220555161517
0.0637378,0.02,0.0489374522555664,-0.818456693365155,-0.264679579419846,-0.529013657553084,0.819918430788996,0.591532526273542
0.063812,0.02,0.043716259051065,-0.82177845972333,-0.262829855345191,-0.53235081522965,0.822940428081322,0.593697669977277
0.0638862,0.02,0.03844593399403,-0.825075680261455,-0.260901468628665,-0.53549984195381,0.825970924427474,0.595675798623
0.0639604,0.02,0.0331264770844602,-0.828348354979531,-0.258934432800564,-0.538481082044641,0.829010470791125,0.597502231133673
0.0640346,0.02,0.0277578883223558,-0.831596483877556,-0.256937375911994,-0.541306999376209,0.832059620677287,0.599191190451108
0.0641088,0.02,0.0223108955701355,-0.834814643396654,-0.254880051515763,-0.543982203442589,0.835112725858386,0.600733283848109
0.064183,0.02,0.0168512027956427,-0.83798236726773,-0.252829068780632,-0.546530060835789,0.838151782726308,0.602177420215715
0.0642572,0.02,0.0113476240464576,-0.841123314392952,-0.25075500019855,-0.548928438020351,0.841199856506695,0.603490265200722
0.0643314,0.02,0.00580015932257983,-0.844237484772321,-0.248665700721944,-0.551143329952206,0.844257408935724,0.604643366676871
0.0644056,0.02,0.000208808624008663,-0.847324878405837,-0.246574212431047,-0.553201256449981,0.847324904134481,0.605665313827553
0.0644798,0.02,-0.00542642804925394,-0.850385495293499,-0.244490189929477,-0.55509897667601,0.850402808513085,0.606556120139353
0.064554,0.02,-0.011105550697209,-0.853419335435308,-0.24239272191673,-0.556822925339611,0.853491590673939,0.607293999494448
0.0646282,0.02,-0.0168602366560897,-0.856430714713625,-0.240236788011789,-0.558367324667643,0.856596659277277,0.607855067899185
0.0647024,0.02,-0.0226200617155525,-0.859379989772281,-0.238096976290728,-0.559753265901694,0.859677633775022,0.608287669451223
0.0647766,0.02,-0.0284180335307482,-0.862299947691903,-0.235982191309049,-0.560985609055472,0.86276809422881,0.60859875795335
0.0648508,0.02,-0.0342541521016734,-0.86519058847249,-0.233893436174537,-0.562065921172605,0.865868408776748,0.60878915827168
0.064925,0.02,-0.0401284174283294,-0.868051912114042,-0.231835881383976,-0.562994686102714,0.86897894796718,0.608860322633178
0.0649992,0.02,-0.0460408295107173,-0.870883918616561,-0.22980749183527,-0.563763504276022,0.872100084673182,0.608802736571706
0.0650734,0.02,-0.0519913883488348,-0.873686607980045,-0.227784784796076,-0.56436521454698,0.875232194006891,0.608600035799583
0.0651476,0.02,-0.0579800939426831,-0.876459980204495,-0.225763228321701,-0.564786628849033,0.878375653233664,0.608237594521164
0.0652218,0.02,-0.0640347282415012,-0.879187505612441,-0.223736360538774,-0.565045908407316,0.881516373328362,0.607729246980089
0.065296,0.02,-0.0700871720056078,-0.881868944622919,-0.221793756799548,-0.565175932191106,0.88464967482619,0.607137797277803
0.0653702,0.02,-0.0761717944268419,-0.884518184543973,-0.219901047912181,-0.565162812892357,0.887791958205959,0.606436703992491
0.0654444,0.02,-0.0822885955052047,-0.887135225375605,-0.218064015036979,-0.564996876952871,0.890943500482744,0.605618184684497
0.0655186,0.02,-0.0884375752406973,-0.889720067117815,-0.216273146285482,-0.564671305512309,0.894104581436972,0.604671610937042
0.0655928,0.02,-0.0946187336333163,-0.892272709770601,-0.214522504031528,-0.564190223398552,0.897275483536547,0.603597972921103
0.065667,0.02,-0.100832070683066,-0.894793153333965,-0.212810383925511,-0.563533425506431,0.90045649185931,0.602377108769528
0.0657412,0.02,-0.107108889229248,-0.897274970700625,-0.21112972604152,-0.56274419090732,0.903645221974715,0.601046408872311
0.0658154,0.02,-0.113374645445274,-0.899698295158403,-0.209558295221507,-0.561850543521274,0.906813559967416,0.599658829961916
0.0658896,0.02,-0.119666640931201,-0.902086206017005,-0.208055339235761,-0.560816759415153,0.909988806545394,0.598165914964586
0.0659638,0.02,-0.125984875687027,-0.904438703276429,-0.206617187404931,-0.559631300066516,0.913171154212738,0.596554988366758
0.066038,0.02,-0.132329349712752,-0.906755786936676,-0.20524698860144,-0.558306432618111,0.916360798997071,0.594838128428837
0.0661122,0.02,-0.138700063008376,-0.909037456997746,-0.20394474282529,-0.55684215706994,0.91955794037323,0.593014878410633
0.0661864,0.02,-0.145097015573901,-0.91128371345964,-0.20273318374153,-0.555231682055243,0.922762781187692,0.591086258128094
0.0662606,0.02,-0.151550388065552,-0.913496769102097,-0.201575415233227,-0.553509328635722,0.925982649558181,0.589071493889508
0.0663348,0.02,-0.157993443640169,-0.915641569323548,-0.200529690464174,-0.551702171053727,0.929172433785338,0.587015708736192
0.066409,0.02,-0.164452191511411,-0.917746276092198,-0.199554861704638,-0.549757260880502,0.93236406546692,0.584854844145784
0.0664832,0.02,-0.170931503611829,-0.919812073818966,-0.198670349016593,-0.547693606011411,0.935559634694736,0.582613245338756
0.0665574,0.02,-0.177431379941427,-0.921838962503853,-0.197876152400039,-0.545511206446452,0.938759270195559,0.580290830573177
0.0666316,0.02,-0.183951820500204,-0.923826942146858,-0.197175964961078,-0.543208847095822,0.941963105063969,0.577887716361495
0.0667058,0.02,-0.190492825288159,-0.925776012747982,-0.19661427262192,-0.540792277716468,0.9451712766826,0.575424590920837
0.06678,0.02,-0.197054394305293,-0.927686174307225,-0.196142879051654,-0.538289988460018,0.94838392664353,0.572911983361282
0.0668542,0.02,-0.20366489799042,-0.92953955006098,-0.195682185631154,-0.535686693398836,0.951589809634917,0.570308470266718
0.0669284,0.02,-0.210251643020355,-0.931337573999295,-0.195367456763466,-0.533000905452076,0.9547750678226,0.567678085163552
0.0670026,0.02,-0.216853742529594,-0.933093003854062,-0.195159579314094,-0.530219866887845,0.9579603851363,0.564995901437009
0.0670768,0.02,-0.22347119651814,-0.934805839625285,-0.195058553283038,-0.52734357770614,0.961145844016808,0.562262472655595
0.067151,0.02,-0.230104004985988,-0.93647608131296,-0.195079002155906,-0.524368567174101,0.964331532193088,0.559480304677799
0.0672252,0.02,-0.236752167933141,-0.938103728917088,-0.195274759785871,-0.521304767815123,0.967517542595062,0.556678446462775
0.0672994,0.02,-0.2434156853596,-0.93968878243767,-0.195477537315761,-0.518161561294126,0.970703973267996,0.553807612080044
0.0673736,0.02,-0.250127651178398,-0.941223494731354,-0.195751032422574,-0.514950115397315,0.9738919390355,0.550901159957221
0.0674478,0.02,-0.256806660038091,-0.942690311668474,-0.19618483954684,-0.511689219016227,0.977043849759837,0.548009441638971
0.067522,0.02,-0.263496435292413,-0.944110783486021,-0.19673523533482,-0.508357321913872,0.980191584796767,0.545098082518817
0.0675962,0.02,-0.270196976941366,-0.945484910183996,-0.197402219786513,-0.504954424090248,0.983335203139749,0.542168430273247
0.0676704,0.02,-0.276908284984951,-0.9468126917624,-0.198218019798633,-0.501471826385249,0.9864747698627,0.539225718999983
0.0677446,0.02,-0.283630359423164,-0.948094128221231,-0.199127076223477,-0.497915544740897,0.989610356026092,0.536256918071865
0.0678188,0.02,-0.290363200256009,-0.949329219560491,-0.200108835220718,-0.494309394979223,0.992742038585171,0.533277904940865
0.067893,0.02,-0.297112052961628,-0.950517439927058,-0.201200634623826,-0.490651919565244,0.995870963338404,0.530302745180608
0.0679672,0.02,-0.303884449205134,-0.951630573346705,-0.202394942767692,-0.486971334473185,0.99897272565215,0.527356419754735
0.0680414,0.02,-0.310630823368864,-0.952691330164328,-0.203741325269975,-0.483244929358153,1.00205402997897,0.524438928163358
0.0681156,0.02,-0.317384102545941,-0.953702069285044,-0.2051876346288,-0.479459455973027,1.00512700963981,0.521520215645101
0.0681898,0.02,-0.324144286736367,-0.954662790708853,-0.20676909938392,-0.475608395961035,1.00819172908125,0.518610457635271
0.068264,0.02,-0.330911375940138,-0.955573494435755,-0.208431128866363,-0.471704138203588,1.01124825932842,0.515701783474612
0.0683382,0.02,-0.337685370157259,-0.95643418046575,-0.210193212031518,-0.46777080179149,1.01429667789135,0.512826198036703
0.0684124,0.02,-0.344466269387728,-0.957244848798838,-0.212055348879385,-0.463808386724744,1.0173370686738,0.509985970968386
0.0684866,0.02,-0.351282851275417,-0.957986121343995,-0.213988761766087,-0.459836271094374,1.02036123519462,0.50718890600659
0.0685608,0.02,-0.358059351919283,-0.958663097615501,-0.216069214592676,-0.455849355386099,1.02334814908056,0.504464607579776
0.068635,0.02,-0.364839672995207,-0.959286613071782,-0.218285213925639,-0.451824910076302,1.02632294771674,0.501790976387599
0.0687092,0.02,-0.371623814503191,-0.95985666771284,-0.220668662651944,-0.447729193828106,1.02928571449268,0.499155376293357
0.0687834,0.02,-0.378411776443235,-0.960373261538673,-0.223063710839438,-0.443623690969781,1.03223653976661,0.496547478377559
0.0688576,0.02,-0.38520355881534,-0.960836394549282,-0.225549900008129,-0.439504927650244,1.03517552077629,0.494001355081667
0.0689318,0.02,-0.391999161619504,-0.961246066744667,-0.228127230158016,-0.435372903869499,1.03810276155229,0.491519682783232
0.069006,0.02,-0.398833279291729,-0.961592656026725,-0.230761006853098,-0.431237241725646,1.04102277630949,0.489097332782544
0.0690802,0.02,-0.405618304345409,-0.96186336483065,-0.233538837579983,-0.427110738783492,1.04389048344325,0.486789453298231
0.0691544,0.02,-0.412404836639881,-0.962077541108252,-0.236528460410396,-0.422910594342843,1.04674301735854,0.484560711770495
0.0692286,0.02,-0.419192876175152,-0.962235184859533,-0.239575797842885,-0.418689248258018,1.04958049639733,0.482387032909177
0.0693028,0.02,-0.425982422951219,-0.962336296084493,-0.242644521496538,-0.414472788858711,1.05240304609261,0.480274980106815
0.069377,0.02,-0.432773476968079,-0.962380874783131,-0.245790050275975,-0.410254008749136,1.05521079908963,0.478247948776994
0.0694512,0.02,-0.439566038225738,-0.962368920955447,-0.249012384181198,-0.406032907929289,1.05800389506959,0.476308607729399
0.0695254,0.02,-0.446360106724191,-0.962300434601441,-0.252311523212206,-0.401809486399173,1.06078248067592,0.474459659092352
0.0695996,0.02,-0.453178220927887,-0.962144322593333,-0.255722506639104,-0.39757675651162,1.06352818365192,0.472716910761701
0.0696738,0.02,-0.459954905580585,-0.961929576787524,-0.259328577844795,-0.39329242179642,1.06623966624126,0.471094725431624
0.069748,0.02,-0.466731496995427,-0.961655716025802,-0.26295620956954,-0.389011677622974,1.06893405149836,0.469548776463341
0.0698222,0.02,-0.473507995172412,-0.961322740308165,-0.266609040571592,-0.384740728501619,1.07161151194162,0.468087394278527
0.0698964,0.02,-0.48028440011154,-0.960930649634615,-0.27031918865387,-0.380473388373786,1.07427222732309,0.466725254314694
0.0699706,0.02,-0.487060711812814,-0.960479444005151,-0.274086653816373,-0.376209657239475,1.07691638456662,0.465464499183879
0.0700448,0.02,-0.493836930276228,-0.959969123419774,-0.277915678128728,-0.37194645280956,1.07954417770834,0.464307320540356
0.070119,0.02,-0.500642159980274,-0.959378380238613,-0.281869375082369,-0.36764157472149,1.08215038179496,0.463260911445184
0.0701932,0.02,-0.507397326987817,-0.95871833270915,-0.285962839447826,-0.363333551947356,1.08470866545215,0.462369998503088
0.0702674,0.02,-0.514151405785788,-0.957997158361823,-0.290092702925157,-0.359015127428029,1.08724892435027,0.461568670960874
0.0703416,0.02,-0.520904396374191,-0.95721485719663,-0.294238831735093,-0.354699540273224,1.08977138565844,0.460856001339755
0.0704158,0.02,-0.527656298753022,-0.956371429213573,-0.298417004313088,-0.35038893665966,1.09227628383562,0.46024462560326
0.07049,0.02,-0.534407112922283,-0.95546687441265,-0.302627220659145,-0.346083316587339,1.09476386058447,0.459735681347415
0.0705642,0.02,-0.541156838881974,-0.954501192793863,-0.306878534699054,-0.341768229070379,1.0972343648071,0.459325546275124
0.0706384,0.02,-0.547922774920918,-0.953466659719037,-0.311197238299223,-0.337409273164993,1.09968997379844,0.45900842992563
0.0707126,0.02,-0.55466767469366,-0.952344127884692,-0.315604409325457,-0.333068562421463,1.10209598822722,0.458847262669366
0.0707868,0.02,-0.561391769115531,-0.951163537181067,-0.32009863327237,-0.32871631656478,1.10447851626614,0.458821917304259
0.070861,0.02,-0.568114237026198,-0.949920414775652,-0.32456188275072,-0.324363624617384,1.10684352133416,0.458859648160109
0.0709352,0.02,-0.574835078425658,-0.948614760668449,-0.329065664633734,-0.319994309902317,1.10919129619137,0.458999531601832
0.0710094,0.02,-0.581554293313912,-0.947246574859455,-0.333609978921415,-0.31560837241958,1.11152214087476,0.459243141241416
0.0710836,0.02,-0.58827188169096,-0.945815857348672,-0.338195707649484,-0.311203982835788,1.11383636266753,0.459591400708709
0.0711578,0.02,-0.594987843556802,-0.9443226081361,-0.342851050486659,-0.306736457818685,1.11613427606957,0.460037060871143
0.071232,0.02,-0.601723905927355,-0.942734104161868,-0.347533542622261,-0.302294415148105,1.11840030852748,0.460609896417038
0.0713062,0.02,-0.60841322817906,-0.941085873035402,-0.352242554375118,-0.297865145841163,1.12062896475598,0.461300837003018
0.0713804,0.02,-0.615100660524953,-0.939374301028946,-0.356936122005425,-0.293430302927752,1.1228414402808,0.462065728948322
0.0714546,0.02,-0.62178620296503,-0.937599388142501,-0.36163118377037,-0.288981102749649,1.12503808595214,0.462911644724523
0.0715288,0.02,-0.628469855499296,-0.935761134376066,-0.366340924210354,-0.284508511243112,1.12721925989582,0.46384347114201
0.071603,0.02,-0.635151618127749,-0.933859539729641,-0.371104915103896,-0.279999407367534,1.12938532749206,0.464885497881403
0.0716772,0.02,-0.641831490850387,-0.931894604203226,-0.375918289870338,-0.275461960384247,1.13153666135495,0.466040612262249
0.0717514,0.02,-0.648539196684996,-0.92984247657733,-0.380686659029167,-0.270915375980272,1.13367108143601,0.467244554067055
0.0718256,0.02,-0.65519056022185,-0.927722172095832,-0.385496450440112,-0.266348814464602,1.13575661952816,0.468560779695254
0.0718998,0.02,-0.661839840830167,-0.925538257568036,-0.390307639787143,-0.261733192471354,1.13782821248736,0.469940759795804
0.071974,0.02,-0.668487038509949,-0.923290732993943,-0.395120790810967,-0.257094068664415,1.1398862655056,0.471399829734279
0.0720482,0.02,-0.675132153261192,-0.920979598373554,-0.399925291143847,-0.252457376931071,1.14193119100382,0.472942877801757
0.0721224,0.02,-0.681775185083898,-0.918604853706867,-0.404707689631572,-0.247800832828726,1.14396340861498,0.474545642480821
0.0721966,0.02,-0.688416133978067,-0.916166498993883,-0.409470949346783,-0.24310633174318,1.14598334516694,0.476200742221787
0.0722708,0.02,-0.6950549999437,-0.913664534234602,-0.414215551874921,-0.238374052411382,1.14799143466529,0.477908686129547
0.072345,0.02,-0.701704341052254,-0.911055616712466,-0.418941971959022,-0.233633849655995,1.14996144239488,0.479684429155246
0.0724192,0.02,-0.708312534931972,-0.908398837480823,-0.423743948535085,-0.228813487936792,1.15190932589257,0.4815750680651
0.0724934,0.02,-0.714918307161281,-0.905678628066424,-0.428552132669267,-0.223978635596424,1.1538465943316,0.483552850905682
0.0725676,0.02,-0.721521657740179,-0.902894988469269,-0.433339730523806,-0.219134002628539,1.15577370743198,0.485595544829696
0.0726418,0.02,-0.728122586668671,-0.900047918689357,-0.43805422339174,-0.214263960198306,1.15769113201843,0.487647974743258
0.072716,0.02,-0.734721093946754,-0.897137418726688,-0.442734383052933,-0.209349429700794,1.15959934200132,0.48973555890226
0.0727902,0.02,-0.741317179574427,-0.894163488581263,-0.447380209507388,-0.204390411136003,1.16149881835669,0.491858203167558
0.0728644,0.02,-0.747932027101232,-0.891091246944596,-0.451989114164866,-0.199400898560394,1.16337694989416,0.494019106584182
0.0729386,0.02,-0.754495113350294,-0.887963905106846,-0.456650266536962,-0.194358517001625,1.16522219891404,0.496290941947714
0.0730128,0.02,-0.761055077850599,-0.884773649722972,-0.461308513749255,-0.189289074413787,1.16706008532821,0.498634032683265
0.073087,0.02,-0.767611920602148,-0.881520480792974,-0.465913491714147,-0.184188053452419,1.16889110643721,0.500999621552611
0.0731612,0.02,-0.774165641604941,-0.878204398316852,-0.470460481614461,-0.17903594441875,1.17071576647137,0.503375539885307
0.0732354,0.02,-0.780716240858974,-0.874825402294607,-0.474958241706644,-0.173831245379342,1.17253457656518,0.505769347860465
0.0733096,0.02,-0.787263718364253,-0.871383492726236,-0.479399362208041,-0.168570508770018,1.17434805473015,0.508172967514467
0.0733838,0.02,-0.793833905338661,-0.86785470651372,-0.483778085309006,-0.163290035168041,1.17615647806032,0.510592666820067
0.073458,0.02,-0.800350518704302,-0.864258176592732,-0.488188101801011,-0.157979932593968,1.17792323544348,0.513113322612528
0.0735322,0.02,-0.806857747032191,-0.860602567050255,-0.492585223113047,-0.152631536960811,1.17968478940747,0.515690399468858
0.0736064,0.02,-0.813360589050977,-0.856884781045978,-0.49694710853925,-0.147199850139057,1.18144275181219,0.518289711036677
0.0736806,0.02,-0.81985904476066,-0.853104818579902,-0.50124768840683,-0.14170611392391,1.1831976524487,0.520893336352662
0.0737548,0.02,-0.826353114161242,-0.849262679652026,-0.505469719198877,-0.136158703634996,1.18495002777911,0.523487181889447
0.073829,0.02,-0.83284279725272,-0.845358364262351,-0.509596451791803,-0.130584039945654,1.18670042089992,0.52606153173115
0.0739032,0.02,-0.839328094035095,-0.841391872410875,-0.513688328657192,-0.124967055386636,1.18844938150334,0.528670468184696
0.0739774,0.02,-0.845819614642578,-0.83731842662361,-0.517734739660834,-0.119352527431933,1.19017350335048,0.531313736370576
0.0740516,0.02,-0.852263472139096,-0.833203546231812,-0.521793401425304,-0.113668283837696,1.19188135961423,0.534030741176569
0.0741258,0.02,-0.85870093580528,-0.829027344733061,-0.525846743193288,-0.107845544758023,1.19358855367669,0.536791820775189
0.0742,0.02,-0.865132005641133,-0.824789822127351,-0.529821086993711,-0.101960178417567,1.19529562781327,0.539542641694
0.0742742,0.02,-0.871556681646653,-0.820490978414685,-0.533633158878942,-0.0960886177611507,1.19700313073225,0.542215243900766
0.0743484,0.02,-0.877974963821838,-0.816130813595065,-0.537397595647424,-0.0901661682614108,1.1987116175283,0.544909271077835
0.0744226,0.02,-0.884386852166693,-0.811709327668487,-0.54111439729916,-0.084192829918343,1.20042164963372,0.547625075735299
0.0744968,0.02,-0.890813383618426,-0.807189041304895,-0.544762526896936,-0.0782060820620091,1.20212421689126,0.550347528369688
0.074571,0.02,-0.897178514831626,-0.802621792966838,-0.548433401552588,-0.072128826615301,1.20379858365957,0.553156183701713
0.0746452,0.02,-0.903534359089847,-0.797994125948426,-0.552118846149677,-0.0658620876998186,1.20547458003232,0.556033303741628
0.0747194,0.02,-0.909880916393086,-0.793306040249662,-0.555594695827858,-0.0596588513945339,1.20715274738242,0.558788550868542
0.0747936,0.02,-0.916218186741343,-0.788557535870544,-0.55900108759312,-0.0534073352084068,1.20883363333993,0.5615465781076
0.0748678,0.02,-0.922546170134619,-0.783748612811072,-0.562349897442828,-0.0470966737394014,1.21051779173762,0.564318619071952
0.074942,0.02,-0.928864866572914,-0.778879271071246,-0.565641125376982,-0.0407268669875173,1.21220578255426,0.567105422661746
0.0750162,0.02,-0.935177975936411,-0.773944584137462,-0.568871071515396,-0.0343028414663639,1.21389788120428,0.5699043612219
0.0750904,0.02,-0.941471927318183,-0.768906278978032,-0.572084266329059,-0.027807410731764,1.21556005848336,0.57275968771629
0.0751646,0.02,-0.947724281607504,-0.763834490940611,-0.575219348926749,-0.0212121790194345,1.21721996512502,0.575610333401396
0.0752388,0.02,-0.953963473410557,-0.75870320664745,-0.578239029168773,-0.0146096770632399,1.21888344987479,0.578423562381355
0.075313,0.02,-0.960189502727347,-0.753512426098545,-0.581194025605941,-0.007940650948148,1.22055104663128,0.581248268244749
0.0753872,0.02,-0.966402369557872,-0.748262149293898,-0.584084338238253,-0.00120510067416246,1.22222329545505,0.584085581437217
0.0754614,0.02,-0.972602073902132,-0.742952376233509,-0.586909967065708,0.00559697375871815,1.22390074250723,0.586936653784994
0.0755356,0.02,-0.978788615760127,-0.737583106917377,-0.589640843358715,0.0124506273851817,1.22558393998596,0.589772280019214
0.0756098,0.02,-0.984970972103267,-0.732108082007954,-0.592308180818596,0.0193600570320221,1.22725305443801,0.592624495674046
0.075684,0.02,-0.991091832065365,-0.726599806440955,-0.594894956842278,0.0263333479397677,1.2289061389328,0.595477501581791
0.0757582,0.02,-0.997194628756291,-0.721033001671561,-0.597401268690997,0.0333604371221229,1.2305631707149,0.598332010340908
0.0758324,0.02,-1.00327936217605,-0.715407667699771,-0.599827116364755,0.0404413245790897,1.23222465872583,0.601188880685737
0.0759066,0.02,-1.00934603232463,-0.709723804525588,-0.602172499863551,0.0475760103106634,1.23389111824331,0.604049001612451
0.0759808,0.02,-1.01539463920203,-0.703981412149007,-0.604437419187385,0.0547644943168494,1.23556307081895,0.60691329162549
0.076055,0.02,-1.02142518280827,-0.698180490570032,-0.606653989434596,0.0620580212116848,1.23724104421391,0.60981985937949
0.0761292,0.02,-1.02745860273619,-0.6922806840249,-0.608809648319567,0.0694592195215272,1.23892038719628,0.612759146046417
0.0762034,0.02,-1.03341362753233,-0.686344020301822,-0.610837453199689,0.0768217100883647,1.24056915960925,0.615649225917147
0.0762776,0.02,-1.03934467981852,-0.680349916196683,-0.612785319217551,0.084244092804886,1.24222114453744,0.618549039786721
0.0763518,0.02,-1.04525175959477,-0.674298371709482,-0.614653246373157,0.0917263676710923,1.24387681666072,0.621459845688515
0.076426,0.02,-1.05113486686106,-0.668189386840218,-0.616441234666505,0.0992685346869849,1.24553665743604,0.624382925596197
0.0765002,0.02,-1.05699400161742,-0.662022961588893,-0.618149284097595,0.106870593852561,1.2472011550372,0.627319584630329
0.0765744,0.02,-1.06282916386382,-0.655799095955506,-0.619861850990477,0.114715465589933,1.24887080429303,0.630387462088877
0.0766486,0.02,-1.06864035360028,-0.649517789940058,-0.621425264150763,0.122541656274239,1.25054610662364,0.633392308484465
0.0767228,0.02,-1.07442189017401,-0.643126314691713,-0.622844501375146,0.130292915158434,1.25219561360597,0.636326580172271
0.076797,0.02,-1.08013971853661,-0.636714182815149,-0.624219488413128,0.138143312171132,1.25383681639929,0.639322723209772
0.0768712,0.02,-1.0858267359093,-0.630245944457741,-0.625517328043484,0.146057397459722,1.25547984887089,0.642343125623189
0.0769454,0.02,-1.09148294229209,-0.623721599619492,-0.626738020266215,0.154035171024203,1.25712515174365,0.645389324330415
0.0770196,0.02,-1.09710833768498,-0.617141148300405,-0.627913096865293,0.162174583818898,1.25877317319024,0.648517889384553
0.0770938,0.02,-1.10270292208796,-0.610504590500475,-0.629028593159026,0.170465687204661,1.26042436877564,0.651717363222572
0.077168,0.02,-1.10826669550103,-0.603811926219706,-0.629980545508432,0.178709383917953,1.2620792013982,0.654837790311033
0.0772422,0.02,-1.11380702963518,-0.59701565709073,-0.630808618689396,0.186919118960487,1.26372219814175,0.657919653488014
0.0773164,0.02,-1.11926455718943,-0.590196566312856,-0.631608611105519,0.195225067292732,1.26533992897875,0.661091721716507
0.0773906,0.02,-1.12468364711372,-0.583323104614825,-0.632336153806878,0.203595679643422,1.26695664900678,0.66430430691118
0.0774648,0.02,-1.13006429940803,-0.576395271996635,-0.632993001450078,0.212038693692034,1.26857275328482,0.667563141213925
0.077539,0.02,-1.13540651407238,-0.569413068458286,-0.633599277302803,0.220689493834416,1.2701886453315,0.670933600952825
0.0776132,0.02,-1.14071029110675,-0.562376493999776,-0.634112236260612,0.229401724504121,1.27180473707261,0.674331876290079
0.0776874,0.02,-1.14597563051116,-0.55528554862111,-0.634479648908342,0.238126112169358,1.27342144878783,0.677693492794307
0.0777616,0.02,-1.15121056293357,-0.548117819023707,-0.634740011664084,0.246867167358999,1.27503682446474,0.681056738258405
0.0778358,0.02,-1.15636812970088,-0.540884565360389,-0.634967755603635,0.255658892886809,1.27661402327916,0.684503849637405
0.07791,0.02,-1.16146689994592,-0.533620237377895,-0.635144311594169,0.264535738499522,1.27818461788946,0.688031578849342
0.0779842,0.02,-1.1665190166283,-0.526303847459445,-0.635253378312639,0.273498555523793,1.27975089607551,0.691627294524459
0.0780584,0.02,-1.17152447974803,-0.518935395605041,-0.635267497424413,0.282598674351913,1.28131321364476,0.695289007556811
0.0781326,0.02,-1.17648328930511,-0.511514881814683,-0.635189445098555,0.291763453423602,1.28287193606067,0.698993235960318
0.0782068,0.02,-1.18139544529953,-0.50404230608837,-0.635018410509311,0.300991688906021,1.28442743839477,0.7027406196288
0.078281,0.02,-1.1862609477313,-0.496517668426104,-0.634715270958599,0.310217974015673,1.28598010527833,0.706469154733904
0.0783552,0.02,-1.19107124074958,-0.488889381473913,-0.634365392963443,0.319497637929218,1.28750282634978,0.710280361851581
0.0784294,0.02,-1.19579401002886,-0.481252419840442,-0.63400109084934,0.328925655255298,1.28900240729922,0.714247485038121
0.0785036,0.02,-1.20046156952905,-0.473566444472077,-0.63358914114204,0.338463879841624,1.29049337745146,0.718326525843612
0.0785778,0.02,-1.20507391925014,-0.465831455368822,-0.633083276799174,0.348149945246317,1.29197604299303,0.72249762611222
0.078652,0.02,-1.20963105919214,-0.458047452530675,-0.632488835753721,0.357901976997347,1.29345072118428,0.726729628191742
0.0787262,0.02,-1.21413298935503,-0.450214435957636,-0.631786016463935,0.367647434765602,1.2949177403159,0.730970729160269
0.0788004,0.02,-1.21857970973883,-0.442332405649707,-0.631010378763514,0.377434161472219,1.29637743966602,0.735275896758156
0.0788746,0.02,-1.22297640607059,-0.434352883018783,-0.630166761819672,0.387238403161312,1.29781883049679,0.73963756569364
0.0789488,0.02,-1.22726570909252,-0.42636633276971,-0.629305390880726,0.397170404717815,1.29921875388014,0.744156976299528
0.079023,0.02,-1.23149119397904,-0.418334694301335,-0.628371906904085,0.407230226561068,1.30060542721616,0.748790832483447
0.0790972,0.02,-1.23565286073015,-0.410257967613657,-0.627371898210432,0.417402610913381,1.30197910590803,0.753538610995792
0.0791714,0.02,-1.23975070934583,-0.402136152706678,-0.626285049606222,0.427638715023721,1.30334005794237,0.758358644671112
0.0792456,0.02,-1.2437847398261,-0.393969249580398,-0.625148923501788,0.437943285395432,1.30468856384933,0.763285986887214
0.0793198,0.02,-1.24775495217095,-0.385757258234815,-0.623952936163469,0.448349518812329,1.30602491666429,0.768332322349035
0.079394,0.02,-1.25166134638039,-0.377500178669929,-0.622678784293561,0.458822203537045,1.30734942189095,0.773464079882122
0.0794682,0.02,-1.25547770509913,-0.369146239884691,-0.621355414069146,0.469274278357248,1.30862264019158,0.778653259750934
0.0795424,0.02,-1.25920384136339,-0.36079853819567,-0.619960917757466,0.479819184506172,1.30987400129495,0.783950246742003
0.0796166,0.02,-1.26285781234823,-0.352410641831777,-0.618527279664334,0.490441241286847,1.31110759081215,0.789372286594826
0.0796908,0.02,-1.26643961805366,-0.343982550793018,-0.617056506103242,0.501140966885098,1.31232362678798,0.794922009014012
0.079765,0.02,-1.26994925847967,-0.335514265079384,-0.615545271700648,0.511944375590484,1.31352234133449,0.800614155015857
0.0798392,0.02,-1.27338673362628,-0.327005784690882,-0.613970392939833,0.522900081802783,1.31470398059666,0.806463972509653
0.0799134,0.02,-1.27675204349347,-0.31845710962751,-0.61233216325757,0.53392552286526,1.31586880472069,0.812420545116035
0.0799876,0.02,-1.28003359018699,-0.309818270961901,-0.610632598936003,0.544940831956989,1.3169940596027,0.818433064591914
0.0800618,0.02,-1.28320520763991,-0.301190232446172,-0.608909460755908,0.556012042762141,1.31807858682067,0.8245726912132
0.080136,0.02,-1.28629689626676,-0.292527888883553,-0.607161596583979,0.567148990611672,1.3191407321132,0.830844860318848
0.0802102,0.02,-1.28930865606753,-0.283831240274043,-0.605389006420217,0.578351675505582,1.32018066322991,0.837249371247641
0.0802844,0.02,-1.29224048704222,-0.275100286617642,-0.603574240810589,0.589659742669658,1.32119856344466,0.843801206621161
0.0803586,0.02,-1.29509238919084,-0.266335027914352,-0.601706686781722,0.60107229194115,1.32219463152525,0.850493290424577
0.0804328,0.02,-1.29786436251339,-0.257535464164172,-0.59979421600502,0.612565046138107,1.32316908170669,0.857315016375695
0.080507,0.02,-1.3005569132256,-0.248659404317725,-0.597818896704181,0.624047894703943,1.32411471704477,0.864189335817694
0.0805812,0.02,-1.30312423369358,-0.239785958808865,-0.595862437510799,0.635601474800039,1.32500191489724,0.871229751101451
0.0806554,0.02,-1.30560336848767,-0.230892070640636,-0.593895322517243,0.647211783649287,1.32586247555735,0.878404660166572
0.0807296,0.02,-1.30799570837377,-0.221970719513957,-0.591900786572767,0.658867857144574,1.3266965641946,0.885693736188613
0.0808038,0.02,-1.31030125335189,-0.213021905428828,-0.589864622189348,0.670586091524026,1.3275043151448,0.893099086695341
0.080878,0.02,-1.31252000342202,-0.204045628385245,-0.587801676998844,0.682377927248672,1.32828587956285,0.900638910484577
0.0809522,0.02,-1.31465195858416,-0.195041888383212,-0.585711951001255,0.694243364318506,1.3290414254015,0.908312907783422
0.0810264,0.02,-1.31669711883831,-0.186010685422729,-0.583581500898114,0.706205300422756,1.32977113739491,0.916129518428311
0.0811006,0.02,-1.31862641942104,-0.17690465299273,-0.581473992615293,0.718144065469454,1.33044011148403,0.924036202135482
0.0811748,0.02,-1.32044886177629,-0.167827931415387,-0.579372328582511,0.730135944759504,1.33107152742799,0.932078748259488
0.081249,0.02,-1.32217882806009,-0.158731424465614,-0.577238683567828,0.742097312335255,1.33167282711754,0.940166431427079
0.0813232,0.02,-1.32381631827243,-0.149615132143411,-0.575094804402566,0.754117170270547,1.33224409636172,0.948381115663783
0.0813974,0.02,-1.32536133241332,-0.140479054448775,-0.572940691086725,0.766195518565382,1.33278543891927,0.956721802914833
0.0814716,0.02,-1.32681387048276,-0.131323191381709,-0.570774457311287,0.778343735900377,1.33329697648353,0.965195551344053
0.0815458,0.02,-1.32817393248075,-0.122147542942212,-0.56858439626335,0.790658617860582,1.33377884867327,0.973873331430409
0.08162,0.02,-1.32942627357222,-0.112903921782893,-0.566414086074291,0.802907998678372,1.33421194433946,0.982591558708441
0.0816942,0.02,-1.33055567310351,-0.103698116935024,-0.564252379167615,0.815038614078098,1.33459046103432,0.991296469193077
0.0817684,0.02,-1.33158834423905,-0.0944808554176124,-0.562094209710365,0.827208292843071,1.33493600990974,1.00011172392802
0.0818426,0.02,-1.33252428697886,-0.085252137230655,-0.55993957770254,0.839417034973294,1.33524862939113,1.00903582160449
0.0819168,0.02,-1.33336350132292,-0.0760119623741507,-0.557788483144138,0.851664840468768,1.33552837674236,1.01806728285459
0.081991,0.02,-1.33410598727125,-0.0667603308481044,-0.555634980896272,0.863994639731254,1.33577532805781,1.02723754286919
0.0820652,0.02,-1.33475174482383,-0.0574972426525093,-0.553463951346522,0.87653690983548,1.33598957826134,1.03664810796337
0.0821394,0.02,-1.33529938518584,-0.0482160868548426,-0.551297455336883,0.888762765293432,1.33616961464825,1.04586238924294
0.0822136,0.02,-1.33570743967362,-0.0388959597259564,-0.549183826325291,0.90094266014065,1.33627364715558,1.05513058526355
0.0822878,0.02,-1.33601727357446,-0.0296160116995096,-0.547082599104486,0.913180468473636,1.33634548805252,1.06451770217533
0.082362,0.02,-1.33622774078257,-0.0203333478834211,-0.544994919780257,0.925433295400296,1.33638243787961,1.07398614833793
0.0824362,0.02,-1.33633884129795,-0.0110479682776892,-0.542920788352602,0.937701140920633,1.33638450917564,1.0835342228602
0.0825104,0.02,-1.3363505751206,-0.00175987288231409,-0.540846367572552,0.950072830369993,1.33635173393,1.09323061442848
0.0825846,0.02,-1.33626294225051,0.00753093830270601,-0.538757381037022,0.96237659665937,1.33628416359086,1.1029180519964
0.0826588,0.02,-1.33607594268769,0.0168244652773679,-0.536689658117222,0.974540692686924,1.33618186908096,1.11254903300155
0.082733,0.02,-1.33575760966642,0.0261640348323621,-0.534671759984633,0.986639699013292,1.33601382796005,1.12219953065135
0.0828072,0.02,-1.33532945195609,0.0354464000767086,-0.532682177869854,0.998776862529457,1.33579983251225,1.13194766828876
0.0828814,0.02,-1.3348010175431,0.0447226031752174,-0.530711363786498,1.0109011410706,1.33555002439776,1.14174238279481
0.0829556,0.02,-1.33417230642743,0.0539926441278953,-0.528745431355019,1.02296706378691,1.33526437414387,1.15153521212841
0.0830298,0.02,-1.33344331860911,0.0632565229347389,-0.526776234807752,1.03506330943718,1.33494287204998,1.16139969696108
0.083104,0.02,-1.33261405408811,0.0725142395957446,-0.524806256234276,1.04703357154531,1.33458552820615,1.17119635694685
0.0831782,0.02,-1.33168451286445,0.0817657941109196,-0.522859876803796,1.05892502093294,1.33419237251965,1.18097614316679
0.0832524,0.02,-1.33063521379789,0.0910573558700633,-0.520956577656543,1.07069148821025,1.33374717029016,1.19070400130742
0.0833266,0.02,-1.32946490748589,0.100281313676966,-0.519097608195062,1.08244058457347,1.33324164430505,1.20047488352134
0.0834008,0.02,-1.32819517783476,0.109490383745218,-0.517261384513042,1.09411959380899,1.3327004819374,1.21023015392325
0.083475,0.02,-1.32682602484449,0.118684566074821,-0.515433755946197,1.10580549204266,1.3321236152959,1.22003186146941
0.0835492,0.02,-1.3253574485151,0.12786386066577,-0.513585466910673,1.11756515364347,1.33151099627408,1.2299276013083
0.0836234,0.02,-1.32378944884657,0.137028267518069,-0.51176723104405,1.12902568764083,1.33086259658032,1.23959860524419
0.0836976,0.02,-1.32212202583891,0.146177786631718,-0.509968800539274,1.14038036923983,1.33017840777578,1.2492139784965
0.0837718,0.02,-1.32035517949211,0.155312418006713,-0.508190175396349,1.15162919844046,1.32945844132065,1.25877204650802
0.083846,0.02,-1.31844213387987,0.164467397546284,-0.506478131541591,1.16273693933949,1.32866067347737,1.26825757945081
0.0839202,0.02,-1.31643983582238,0.173550100330713,-0.504775722154796,1.17379621685665,1.327830365169,1.2777308356551
0.0839944,0.02,-1.31434068351687,0.182609622672551,-0.503023685935462,1.18500476973462,1.32696560115181,1.28734965448626
0.0840686,0.02,-1.31214467696334,0.191645964571805,-0.501295121477666,1.19601724855414,1.32606629887795,1.29682460558718
0.0841428,0.02,-1.30985181616179,0.200659126028471,-0.499589354296035,1.20677028994693,1.32513239533295,1.30609496424438
0.084217,0.02,-1.30746210111222,0.20964910704255,-0.497894509540896,1.21739056085057,1.3241638470856,1.31527134853575
0.0842912,0.02,-1.30497553181464,0.218615907614042,-0.49621058721225,1.22787806126508,1.32316063034569,1.32435247581512
0.0843654,0.02,-1.30235708798165,0.227599025675606,-0.494572607597473,1.2381932932578,1.3220950423871,1.33331342738846
0.0844396,0.02,-1.29964170132555,0.236499195034582,-0.492902114755997,1.24854355951027,1.32098464074204,1.34231647338677
0.0845138,0.02,-1.29683361644935,0.245368573813209,-0.491199851133757,1.25889286803544,1.3198420988013,1.35132843785081
0.084588,0.02,-1.29393283335304,0.254207162011489,-0.489525168749044,1.26897828691278,1.31866730392733,1.36012528227913
0.0846622,0.02,-1.29093935203664,0.263014959629416,-0.48785633000506,1.2788348147205,1.3174601624435,1.36873017138778
0.0847364,0.02,-1.28785317250013,0.271791966666998,-0.486184593680532,1.28853215766918,1.31622059969573,1.37720389938451
0.0848106,0.02,-1.28467429474353,0.280538183124231,-0.484509959775459,1.29807031575882,1.31494856012143,1.38554554085235
0.0848848,0.02,-1.28138892491371,0.289274416021145,-0.482842465329642,1.30743615117129,1.31363513376275,1.3937453625807
0.084959,0.02,-1.27797986387845,0.297963257587992,-0.48113611438231,1.31681773540167,1.31225555260827,1.40196323376588
0.0850332,0.02,-1.27449365181747,0.306591722340385,-0.479417717671793,1.32609788029154,1.31085184240275,1.41009820088224
0.0851074,0.02,-1.27092028143612,0.315182668939607,-0.477687559930067,1.33514292178452,1.30941913708543,1.41802398657542
0.0851816,0.02,-1.26725975273438,0.323736097385659,-0.475933833512177,1.34396322078743,1.3079573164484,1.42574547262508
0.0852558,0.02,-1.26351206571226,0.332252007678542,-0.474157822907746,1.35260053138705,1.30646627848057,1.4333017262716
0.08533,0.02,-1.25967722036975,0.340730399818253,-0.472359528116776,1.36105485358339,1.30494593944683,1.44069213861449
0.0854042,0.02,-1.25575521670687,0.349171273804794,-0.470521451512949,1.36933504501364,1.30339623397376,1.44791881741911
0.0854784,0.02,-1.25169804017465,0.357605012523838,-0.468655183925728,1.37744774593402,1.30177929341315,1.45499140004302
0.0855526,0.02,-1.24757296427169,0.365947606978288,-0.466754593141923,1.38545763278509,1.30013689749764,1.46196877615821
0.0856268,0.02,-1.24336738841846,0.374246974638095,-0.464832284236025,1.39331491127633,1.29846958401355,1.46880750762414
0.085701,0.02,-1.23908131261498,0.382503115503254,-0.462867523226524,1.40088221060126,1.29677721010255,1.47537022880256
0.0857752,0.02,-1.23471473686124,0.390716029573763,-0.460839497376349,1.40829177132439,1.29505965005022,1.48177554154537
0.0858494,0.02,-1.23026766115723,0.398885716849628,-0.458748206685497,1.41554359344571,1.29331679537379,1.48802338089237
0.0859236,0.02,-1.22574008550297,0.407012177330844,-0.456591479139441,1.42263788988935,1.29154855491554,1.49411323017085
0.0859978,0.02,-1.2210941915985,0.415130905010797,-0.454363011178,1.4295377143777,1.28973047302554,1.5000079408973
0.086072,0.02,-1.21637636266501,0.423149227737332,-0.452091122726771,1.43632302244527,1.28787682818849,1.5057922194163
0.0861462,0.02,-1.21158549934982,0.431119698557556,-0.449793024817447,1.44285953797559,1.28600296139593,1.51134291658166
0.0862204,0.02,-1.20672160165294,0.43904231747147,-0.447431554721989,1.44917217971817,1.28410871051736,1.51667234517876
0.0862946,0.02,-1.20178466957436,0.446917084479073,-0.444997357532271,1.4552845829227,1.28219392933489,1.52180020551424
0.0863688,0.02,-1.19677470311409,0.454743999580368,-0.442479748460014,1.46121151547129,1.28025848763762,1.52673750878897
0.086443,0.02,-1.19169170227213,0.462523062775351,-0.439867273592921,1.46699385455948,1.27830227132057,1.531520221118
0.0865172,0.02,-1.18653566704847,0.470254274064026,-0.437171108496663,1.47262395850339,1.27632518248824,1.53614449231262
0.0865914,0.02,-1.18124861287019,0.477957453249892,-0.434433798428913,1.47799237777669,1.27428082168919,1.54051750849621
0.0866656,0.02,-1.1759240400505,0.485568591162536,-0.431571129276523,1.48320188941069,1.27223197754665,1.54471404615108
0.0867398,0.02,-1.17053436767436,0.493128327480629,-0.428580020522884,1.4882146897009,1.27016780516224,1.54869745161311
0.086814,0.02,-1.16507959574176,0.500636662204166,-0.425495233615419,1.49302616894668,1.26808814045267,1.5524732960631
0.0868882,0.02,-1.1595597242527,0.508093595333149,-0.422350009702631,1.49763285010744,1.26599283399535,1.55604745570845
0.0869624,0.02,-1.15397475320719,0.515499126867579,-0.419111761896793,1.50201280084615,1.26388175113055,1.55938998421368
0.0870366,0.02,-1.14832468260522,0.522853256807454,-0.415756218268625,1.50620104059059,1.26175477206728,1.56252833820869
0.0871108,0.02,-1.14256054332512,0.530181476122223,-0.412332668566835,1.51017367571542,1.25957810110629,1.56545289306043
0.087185,0.02,-1.13675649693896,0.537409600297795,-0.408749116120569,1.51401534352353,1.2573879321137,1.56822138116849
0.0872592,0.02,-1.13089541405228,0.544583769749107,-0.40500348262602,1.51771298545301,1.25518760342773,1.57082160895243
0.0873334,0.02,-1.1249772946651,0.551703984476154,-0.401160910839235,1.52124161893077,1.25297693514242,1.57324700525775
0.0874076,0.02,-1.11900213877741,0.558770244478942,-0.397225628765956,1.52456976105675,1.25075576061175,1.57546855140848
0.0874818,0.02,-1.11296994638921,0.565782549757469,-0.393176985674226,1.52765690519142,1.24852392655314,1.57744215806568
0.087556,0.02,-1.10688071750051,0.572740900311731,-0.388994589293546,1.53055906716627,1.24628129315349,1.57921747982491
0.0876302,0.02,-1.10069991845515,0.579671143589533,-0.384712973280051,1.53325039953349,1.24400922231211,1.58077856117787
0.0877044,0.02,-1.09446608301336,0.586504158711303,-0.380262812954322,1.53580867821581,1.24170976280783,1.58218459826878
0.0877786,0.02,-1.08818828564,0.593276190490888,-0.375655916848483,1.53821910658543,1.23940727091925,1.58342520749411
0.0878528,0.02,-1.08186132217889,0.599992571323396,-0.370921502802463,1.54047658412484,1.23709943257198,1.58450335041557
0.087927,0.02,-1.07548519263003,0.606653301208826,-0.366053255652068,1.54252333890436,1.23478606545184,1.58536217850626
0.0880012,0.02,-1.06905989699343,0.613258380147178,-0.361036890929572,1.54437878220482,1.23246699922568,1.58601811450454
0.0880754,0.02,-1.06258543526908,0.619807808138452,-0.355871865767672,1.54605593565395,1.23014207564629,1.58648471187584
0.0881496,0.02,-1.05606180745698,0.62630158518265,-0.350551572716525,1.54754001852238,1.22781114865911,1.58674714874875
0.0882238,0.02,-1.0494319801513,0.632753990447631,-0.345138089498468,1.54883863101987,1.22543261479025,1.5868274656566
0.088298,0.02,-1.04279064870106,0.639112551448769,-0.339547348004215,1.55003205339797,1.22306058330637,1.58678661706539
0.0883722,0.02,-1.03610755124979,0.645414435125402,-0.333809610090228,1.55108311871733,1.22068777778148,1.5865962614851
0.0884464,0.02,-1.02938268779751,0.651659641477527,-0.327864256846582,1.55196609482705,1.21831400150694,1.5862199501993
0.0885206,0.02,-1.0226160583442,0.657848170505151,-0.321757842599849,1.5526814203739,1.21593906846536,1.58566948083414
0.0885948,0.02,-1.01580766288988,0.663980022208268,-0.315501973718963,1.553209249549,1.21356280343355,1.58492916822965
0.088669,0.02,-1.00895750143453,0.670055196586881,-0.309120711522912,1.55353182749367,1.21118504208651,1.58398761148193
0.0887432,0.02,-1.00201704532282,0.676093901192722,-0.302634767082175,1.55370124393134,1.20877670491595,1.58290093108845
0.0888174,0.02,-0.99506226239136,0.682031768948963,-0.295968172560137,1.55378186593885,1.20636488671175,1.58171907938452
0.0888916,0.02,-0.9880724210779,0.687912394075623,-0.289132027033625,1.55373189002092,1.20395621648696,1.58040504780406
0.0889658,0.02,-0.981047521382436,0.693735776572701,-0.282015512370511,1.5535603217236,1.20155048454385,1.57894978465166
0.08904,0.02,-0.973987563304968,0.699501916440198,-0.2747434868698,1.55322551989183,1.19914749075177,1.57733747157057
0.0891142,0.02,-0.966892546845499,0.705210813678111,-0.267413641115226,1.55265310423998,1.19674704464808,1.57551316007216
0.0891884,0.02,-0.959762472004025,0.710862468286444,-0.259922618226725,1.55195834434628,1.19434896553963,1.5735737891983
0.0892626,0.02,-0.952593219173997,0.716458907151125,-0.25227453781085,1.55113921332481,1.19195100857899,1.57152006081424
0.0893368,0.02,-0.945335309910919,0.721995994187456,-0.244518878312102,1.55019984726025,1.18951127097943,1.56936581086015
0.089411,0.02,-0.938083659099729,0.727451161943555,-0.236524792193158,1.54917013300841,1.18709146424484,1.56712222826661
0.0894852,0.02,-0.930802809671971,0.732848774925602,-0.228189843946593,1.54804470986676,1.18467767658684,1.56477251657448
0.0895594,0.02,-0.923492761627644,0.738188833133599,-0.21988298103271,1.54667636722995,1.18226969602616,1.56222799561891
0.0896336,0.02,-0.916153514966748,0.743471336567545,-0.211429762727179,1.54518565007052,1.17986731935564,1.55958367449481
0.0897078,0.02,-0.908785069689284,0.74869628522744,-0.202814425292688,1.54358212687199,1.17747035223972,1.55684921347748
0.089782,0.02,-0.901387425795251,0.753863679113284,-0.194036968729234,1.54186579763435,1.17507860931429,1.55402718224239
0.0898562,0.02,-0.89390776278602,0.758981198681397,-0.185150213535448,1.54002898190128,1.17265661995358,1.55111890797196
0.0899304,0.02,-0.88643398813835,0.764008005069259,-0.175988561608403,1.53812329118728,1.17024503721946,1.54815865876524
0.0900046,0.02,-0.878935976345174,0.768976966637832,-0.16666443847657,1.53604983861931,1.16784160986555,1.54506509305438
0.0900788,0.02,-0.871413727406486,0.77388808338712,-0.157269700995108,1.53383878983158,1.16544611626667,1.54188040782776
0.090153,0.02,-0.863867241322291,0.778741355317121,-0.147719188447654,1.53152240899873,1.16305834295229,1.53862986059055
0.0902272,0.02,-0.856296518092589,0.783536782427834,-0.138012900834213,1.52910069612077,1.16067808470517,1.53531641679287
0.0903014,0.02,-0.848701557717376,0.78827436471926,-0.128150838154776,1.52657365119769,1.15830514465984,1.53194312879128
0.0903756,0.02,-0.841040041071453,0.792967711723041,-0.118195834383943,1.52389970852508,1.15591787879622,1.52847655425543
0.0904498,0.02,-0.833378301879334,0.797563320217415,-0.108012070756682,1.5211550439298,1.15352791201579,1.52498500815654
0.090524,0.02,-0.82569642539876,0.80210061234978,-0.0977232008145228,1.518262801985,1.15114724481631,1.52140453524655
0.0905982,0.02,-0.817994411629735,0.806579588120133,-0.0873163398841221,1.51526785494699,1.14877564799639,1.51778154404592
0.0906724,0.02,-0.810272260572256,0.811000247528477,-0.0767914879654787,1.51217020281577,1.14641290019963,1.51411877173088
0.0907466,0.02,-0.802529972226325,0.81536259057481,-0.0661486450585931,1.50896984559133,1.1440587880133,1.51041902733878
0.0908208,0.02,-0.794767546591939,0.819666617259134,-0.055387811163462,1.50566678327368,1.14171310606684,1.50668519335633
0.090895,0.02,-0.786984983669102,0.823912327581446,-0.0444403620147736,1.50226939107273,1.1393756571304,1.50292656810971
0.0909692,0.02,-0.779134211944871,0.828092441889787,-0.0332904433521392,1.49877979683978,1.13700800900343,1.4991494698774
0.0910434,0.02,-0.771296303148627,0.832194004484646,-0.0221616486515382,1.49516067310238,1.13465626881048,1.49532490685567
0.0911176,0.02,-0.763441657820106,0.836236432667925,-0.0109317353330837,1.49144267453659,1.13231379759159,1.49148273683146
0.0911918,0.02,-0.755570275959302,0.840219726439628,0.000399296603233013,1.48762580114242,1.12998036735666,1.48762585473042
0.091266,0.02,-0.74768215756622,0.844143885799751,0.0118314471574053,1.48371005291988,1.12765575805561,1.48375722551816
0.0913402,0.02,-0.739777302640857,0.848008910748297,0.0233647163294345,1.47969542986895,1.12533975767814,1.47987988537726
0.0914144,0.02,-0.731855711183214,0.851814801285265,0.0352412487479505,1.47557809398246,1.1230321623534,1.47599886756536
0.0914886,0.02,-0.723884552576529,0.855559795600716,0.0470889665376709,1.47134571469764,1.12071022539605,1.47209903978254
0.0915628,0.02,-0.71591355964228,0.859219700201309,0.0589232597496172,1.46701541659966,1.11838755272656,1.46819827784962
0.091637,0.02,-0.707928830173128,0.862819184610522,0.0708365369762857,1.46258736766104,1.11607355220087,1.46430175271781
0.0917112,0.02,-0.69993036416907,0.866358248828356,0.082828798217679,1.45806156788179,1.11376798750852,1.46041232039041
0.0917854,0.02,-0.691918161630113,0.869836892854808,0.0949000434737896,1.45343801726191,1.11147063054536,1.45653289982532
0.0918596,0.02,-0.683892222556249,0.873255116689882,0.107175222536084,1.44869613115125,1.10918126151589,1.45265515823207
0.0919338,0.02,-0.675852546947481,0.876612920333577,0.119647326295144,1.44384116896264,1.10689966903562,1.4487901172637
0.092008,0.02,-0.667792655869954,0.879911424160001,0.132049110506259,1.43887160669008,1.10462262587778,1.44491815274236
0.0920822,0.02,-0.659701200096981,0.883122845743471,0.144421350938478,1.43381716864547,1.10232102133791,1.44107223958739
0.0921564,0.02,-0.651608200564501,0.886269106913252,0.156855468337556,1.42866647803546,1.10003008000314,1.43725138490441
0.0922306,0.02,-0.643504194618638,0.889353111314425,0.169342000049619,1.42341663121497,1.09774614783949,1.43345443562053
0.0923048,0.02,-0.63538918225939,0.892374858946988,0.181890827245006,1.41806528047742,1.09546898715249,1.42968297630327
0.092379,0.02,-0.627263163486759,0.895334349810943,0.194676650491099,1.4125714627751,1.09319836910727,1.42592325729439
0.0924532,0.02,-0.619126572564374,0.898230724320609,0.207514642159622,1.40698054696694,1.09093361253966,1.4222013170624
0.0925274,0.02,-0.610980542026497,0.901063492575227,0.220333724293792,1.40125659932349,1.08867471743715,1.41847347779534
0.0926016,0.02,-0.602806387380736,0.903817374721189,0.233128122071741,1.39542929766708,1.08639835581379,1.41476911405654
0.0926758,0.02,-0.594624452906499,0.906493194329437,0.245946542425421,1.38951360025337,1.08411629973907,1.4111122375701
0.09275,0.02,-0.586437675378976,0.909103590946763,0.258791922130027,1.38349686753558,1.08184032378914,1.40749310529058
0.0928242,0.02,-0.578246054798166,0.911648564573166,0.271689453515647,1.37736086939603,1.07957010202115,1.4039010377142
0.0928984,0.02,-0.570049591164071,0.914128115208647,0.284699522436782,1.37105918577124,1.07730531763342,1.40030607688584
0.0929726,0.02,-0.561848284476691,0.916542242853205,0.297739066872544,1.36465022142516,1.07504566307845,1.39675294120967
0.0930468,0.02,-0.553642134736025,0.91889094750684,0.310806531672873,1.35813367967733,1.07279084017579,1.39324362263188
0.093121,0.02,-0.545349138839399,0.921201503837644,0.323720585234352,1.35145235314601,1.07052225287736,1.38968287034429
0.0931952,0.02,-0.537099719123487,0.923398360966875,0.336735333495177,1.34469470030633,1.06824184589391,1.38621590015987
0.0932694,0.02,-0.528848627520293,0.925526903018748,0.349805528387357,1.33781533703408,1.06596478320889,1.38279202474341
0.0933436,0.02,-0.520595864029817,0.927587129993264,0.362933507264489,1.33081185392581,1.06369071509255,1.37941325252614
0.0934178,0.02,-0.512341428652062,0.929579041890422,0.37615770325932,1.32362181025213,1.06141930198916,1.37603390739344
0.093492,0.02,-0.504085321387022,0.931502638710223,0.389389280831499,1.31631547461681,1.05915021463528,1.37270187613412
0.0935662,0.02,-0.495827542234702,0.933357920452666,0.402537567641432,1.30890405992151,1.05688313417815,1.36940364080197
0.0936404,0.02,-0.487484183753402,0.935174009606255,0.415564398483652,1.30134384610169,1.0546047874217,1.3660854933253
0.0937146,0.02,-0.479143070052703,0.936906282908057,0.428586455327408,1.29367458605026,1.0523171881767,1.36282070878103
0.0937888,0.02,-0.470812230712184,0.938563766358498,0.441636481684993,1.28587331073696,1.05003147577072,1.35960029171104
0.093863,0.02,-0.462470944823432,0.940155433434111,0.454736971221924,1.27791174972187,1.04774596817242,1.35640854946926
0.0939372,0.02,-0.454117441437121,0.941680624360307,0.467865120739017,1.26980310465631,1.0454592526316,1.35325448301454
0.0940114,0.02,-0.445747568134471,0.943132799554013,0.480948098009563,1.26153453827715,1.043163636297,1.35010387165031
0.0940856,0.02,-0.437383462792678,0.94451617325607,0.494018469548865,1.25313298718078,1.04087227605831,1.3469953718614
0.0941598,0.02,-0.42902512541174,0.945830745466482,0.507109463103152,1.24456445083373,1.03858478580434,1.34391245244913
0.094234,0.02,-0.420631712803028,0.947018840557554,0.5201418566052,1.23590574120289,1.03623150028678,1.34089915807676
0.0943082,0.02,-0.412437474555276,0.94809153167326,0.533313671944173,1.2271770443089,1.03391596508037,1.33805342597421
0.0943824,0.02,-0.404126359306122,0.949108440266475,0.546318309858766,1.21828219526616,1.03156431969659,1.33516860470485
0.0944566,0.02,-0.395839799309725,0.950052622487901,0.55932895387777,1.20924446991447,1.02921772828382,1.33233669418235
0.0945308,0.02,-0.387577794566087,0.950924078337539,0.572346175768347,1.20006513038605,1.02687543042124,1.32956250777658
0.094605,0.02,-0.379340345075203,0.951722807815391,0.585398300867119,1.19072563809445,1.02453667592614,1.32684540014033
0.0946792,0.02,-0.371115631707959,0.952451751197162,0.598527386565459,1.18118730364739,1.02219917357457,1.32417464058434
0.0947534,0.02,-0.362753407803074,0.953144074885155,0.611493859266537,1.17147512920608,1.01984001802313,1.32146839472955
0.0948276,0.02,-0.354373706942931,0.953766317445256,0.624383143176464,1.16162462228509,1.01747280674501,1.31879720676907
0.0949018,0.02,-0.345976529127528,0.954318478877464,0.637155110716166,1.15163418342183,1.01509778732599,1.31614130226864
0.094976,0.02,-0.337520151544212,0.954799841654541,0.649831788865526,1.14149880216045,1.01270064200728,1.31350708759181
0.0950502,0.02,-0.329017586664402,0.955209532268306,0.662426190095965,1.13121935200915,1.01028601043007,1.31090262021443
0.0951244,0.02,-0.320767202929983,0.955467535902488,0.675278682065579,1.12083640543447,1.00787390612075,1.30853947063108
0.0951986,0.02,-0.312604988896912,0.955611578968509,0.688226603332016,1.11031853288632,1.00544287204292,1.3063166162936
0.0952728,0.02,-0.304350598405981,0.955704504341396,0.701064477813992,1.09962842488622,1.00299570605687,1.30409895133397
0.095347,0.02,-0.296133470875331,0.955723192557396,0.713867570491597,1.08878207561039,1.00055077500583,1.30194213249669
0.0954212,0.02,-0.287953606304963,0.955667643616509,0.726643667667014,1.07779233172933,0.998107170818628,1.29986435065168
0.0954954,0.02,-0.279811004694873,0.955537857518735,0.739403731727895,1.0666620519957,0.995663997290175,1.29787742551475
0.0955696,0.02,-0.271639073758324,0.955332953608957,0.75207627610879,1.05537829649865,0.993201308216765,1.29593289710774
0.0956438,0.02,-0.263427297315121,0.955052650623712,0.764671601923287,1.04393033074804,0.990716663044549,1.29402982741652
0.095718,0.02,-0.255204730569288,0.954697301405366,0.777233140820078,1.03233181760151,0.988218797542139,1.29220754401972
0.0957922,0.02,-0.246971373520822,0.95426690595392,0.789760892799166,1.02058275705906,0.985707962399426,1.2904694617856
0.0958664,0.02,-0.238727226169728,0.953761464269373,0.802279562411152,1.00862816387173,0.983184427887235,1.28879139864366
0.0959406,0.02,-0.230442174890624,0.953181044900935,0.814691209727303,0.996536968823091,0.980641473896938,1.28717042284153
0.0960148,0.02,-0.222268731370318,0.952473231441554,0.827118362445473,0.984369641484134,0.978063722646785,1.28573262250364
0.096089,0.02,-0.214113353538937,0.951675556292187,0.839433551545292,0.972093718580906,0.975464449689343,1.28437334337193
0.0961632,0.02,-0.20600481227469,0.950806194786663,0.851763781263887,0.95966731271399,0.972867104349316,1.28314570106619
0.0962374,0.02,-0.197943107577581,0.949865146924981,0.864109051601251,0.947090423883393,0.970270720562197,1.28205488340821
0.0963116,0.02,-0.189928239447612,0.948852412707141,0.876481035245689,0.934352949503603,0.967674344622111,1.28110672443456
0.0963858,0.02,-0.181960207884778,0.947767992133145,0.888985208214772,0.921353185643055,0.965077035352911,1.2803071479607
0.09646,0.02,-0.174015049738643,0.946592183894703,0.901413689435505,0.908252677030866,0.962454154828211,1.27963649714888
0.0965342,0.02,-0.166065058588602,0.945327233984902,0.913575458964645,0.895128043393193,0.959802679199001,1.27901303093103
0.0966084,0.02,-0.158116207075755,0.94398390733949,0.925697083823849,0.881867113305658,0.957134448369691,1.2785166000213
0.0966826,0.02,-0.1501684952001,0.942562203958466,0.937778564013121,0.868469886768259,0.954449624276579,1.27815045254688
0.0967568,0.02,-0.14222192296164,0.941062123841832,0.949819899532455,0.854936363781,0.951748389176785,1.27791784855793
0.096831,0.02,-0.134276490360373,0.939483666989585,0.961864879985387,0.841229244688208,0.949030945967358,1.27783046194243
0.0969052,0.02,-0.126355021683965,0.937786541352622,0.974077418739166,0.827260028484552,0.94626063462815,1.27796164747844
0.0969794,0.02,-0.118494627125195,0.936001259123109,0.985969005633102,0.813371666870244,0.943471957048849,1.27816600977197
0.0970536,0.02,-0.1106939309265,0.934149673174346,0.997841505877079,0.799362594381118,0.940685259922626,1.27854144561166
0.0971278,0.02,-0.102952933087881,0.932231783506334,1.00972031031639,0.785217403695908,0.937899464020956,1.27910182398915
0.097202,0.02,-0.0952716336093431,0.930247590119073,1.02160541895104,0.770936094814619,0.935113502786125,1.27985159073939
0.0972762,0.02,-0.0876500324908792,0.928197093012562,1.03349683178102,0.756518667737242,0.932326322524803,1.28079514206462
0.0973504,0.02,-0.080076802649017,0.926052681351027,1.04547230893374,0.741911884896369,0.929508398541894,1.2819694199542
0.0974246,0.02,-0.0725214485065864,0.923818094146426,1.05734035038207,0.727198174933076,0.926660256817907,1.28327152316728
0.0974988,0.02,-0.0649823730556613,0.921504672631272,1.06903728570366,0.712463682818285,0.92379303444506,1.28469654687776
0.097573,0.02,-0.0574595762962401,0.919112416805564,1.08068138649979,0.697622354094727,0.920906747523498,1.28629281583152
0.0976472,0.02,-0.0499530582283259,0.916641326669303,1.09227265277046,0.682674188762406,0.918001432343339,1.28806195347608
0.0977214,0.02,-0.0424628188519171,0.914091402222488,1.10381108451565,0.667619186821321,0.915077145710637,1.29000553832593
0.0977956,0.02,-0.0350028004068638,0.911425444068565,1.11526648067106,0.652509451495014,0.912097328212238,1.29212534500285
0.0978698,0.02,-0.027613095729854,0.908680418068996,1.12676739792251,0.637237299882516,0.909099876382035,1.29447910194897
0.097944,0.02,-0.0202962072289415,0.905876886505609,1.13817902582038,0.621885000237789,0.906104226638953,1.29699361923573
0.0980182,0.02,-0.0130521349041291,0.903014849378403,1.14954990312838,0.6064507317085,0.903109171929649,1.29971053306967
0.0980924,0.02,-0.00588087875541959,0.900094306687381,1.1608800298465,0.590934494294654,0.900113518210883,1.3026304235061
0.0981666,0.02,0.00121756121719253,0.89711525843254,1.17216940597474,0.57533628799624,0.897116084666751,1.30575379018729
0.0982408,0.02,0.00825472995166166,0.894048568476849,1.18340648657514,0.5596852489503,0.894086675531001,1.30908307236809
0.098315,0.02,0.0152597834276621,0.890896253343564,1.19463485181859,0.543908496406277,0.891026932932927,1.31262671069979
0.0983892,0.02,0.0222340431452888,0.887668927387574,1.20592397970342,0.52791616823285,0.887947339274122,1.31641487590554
0.0984634,0.02,0.029177509104543,0.884366590608879,1.21692815654147,0.512026086977289,0.884847779916252,1.32025938812368
0.0985376,0.02,0.0360901813054222,0.88098924300748,1.22783026950923,0.496092273051918,0.881728159628324,1.32426383855519
0.0986118,0.02,0.0429720597479276,0.877536884583375,1.23863031860668,0.480114726456736,0.878588402907343,1.32842584163825
0.098686,0.02,0.0498059722533361,0.873975525073843,1.24934547601255,0.464127437454461,0.875393541957101,1.33277094679884
0.0987602,0.02,0.0565578863635844,0.870347839608514,1.26000977418491,0.448087730915471,0.872183556610146,1.33731344330284
0.0988344,0.02,0.0632274792317748,0.866672982521457,1.27085162826839,0.431718801630139,0.868976278596051,1.3421791924901
0.0989086,0.02,0.0698147508579047,0.862950953812672,1.28156155433881,0.415361301292,0.86577043615704,1.34719153358766
0.0989828,0.02,0.0763197012419718,0.859181753482162,1.2920811846545,0.399060292595367,0.862564769924175,1.35230281552043
0.099057,0.02,0.0827423303839809,0.855365381529922,1.30252688289131,0.382712666895532,0.859358033160336,1.35758803252564
0.0991312,0.02,0.0890914218975893,0.851472327990778,1.31288986543557,0.366347934157683,0.856120556224279,1.36304460955063
0.0992054,0.02,0.0953950137730888,0.847502757307546,1.32314209429699,0.349965929938997,0.85285469588709,1.36864208389874
0.0992796,0.02,0.101655172637985,0.843466286137729,1.33337666401249,0.33342358748684,0.849569979445503,1.3744324708132
0.0993538,0.02,0.10787189849228,0.839362914481328,1.3436132744729,0.316719333866077,0.846266180755746,1.38043752766446
0.099428,0.02,0.11404519133597,0.835192642338343,1.3536191317152,0.300119815191111,0.842943091485398,1.3864907706926
0.0995022,0.02,0.120175051169057,0.830955469708773,1.3634224528622,0.283580921452467,0.839600521416235,1.39260149503747
0.0995764,0.02,0.126241642779767,0.826621117843442,1.37310521730387,0.267073316078023,0.8362053724035,1.39883740797422
0.0996506,0.02,0.132218076568009,0.822236699082466,1.3826943146403,0.250549886727673,0.832799381057271,1.40521130563267
0.0997248,0.02,0.138105948811123,0.81781973766457,1.39219487384119,0.233982460191991,0.829398804201433,1.41172035418746
0.099799,0.02,0.143905259509104,0.813370233589758,1.40174083654108,0.217177592854984,0.8260023369242,1.41846518450936
0.0998732,0.02,0.149616008661951,0.808888186858031,1.41121969763533,0.200330272810449,0.822608685151333,1.42536776068433
0.0999474,0.02,0.155238196269669,0.804373597469384,1.42052886744501,0.183509293190733,0.81921656592558,1.43233303527216
0.1000216,0.02,0.160778075306133,0.799796872131317,1.42966853748082,0.166739712804118,0.815796927041395,1.43935897499149
0.1000958,0.02,0.166262693040339,0.795156348505605,1.43864972968095,0.149997626222874,0.812352695364393,1.44644817832633
0.10017,0.02,0.171694682930232,0.79046063956782,1.44746981058743,0.133274420471432,0.808892506364399,1.45359242007999
0.1002442,0.02,0.177074044975813,0.785709745317959,1.45613383486623,0.116541202996284,0.805416054776479,1.46079005919333
0.1003184,0.02,0.18240077917708,0.780903665756026,1.4646684245565,0.0997235775225351,0.801923050819469,1.4680593945092
0.1003926,0.02,0.187674885534034,0.776042400882019,1.47306598235992,0.0829135922088154,0.798413220473547,1.47539759121362
0.1004668,0.02,0.192874662589407,0.77109968256261,1.48134660067574,0.066138981081882,0.794855556637265,1.48282234814293
0.100541,0.02,0.197980996971529,0.766125400959637,1.48940504481941,0.0494446777397008,0.791292995771734,1.49022554121525
0.1006152,0.02,0.202997047319132,0.761135248080027,1.49734513150954,0.0326995692399927,0.787740228178129,1.49770214151006
0.1006894,0.02,0.207922813632215,0.756129223923784,1.50516686074613,0.0159036555827643,0.784195957462369,1.50525087774406
0.1007636,0.02,0.212758295910776,0.751107328490909,1.51286996694523,-0.000945874759668897,0.78065889567186,1.51287026263454
0.1008378,0.02,0.217503494154817,0.746069561781399,1.52044275341778,-0.0179029605614736,0.777127763618211,1.52054815195623
0.100912,0.02,0.222162258007211,0.740986506015186,1.52788462222131,-0.034838522833276,0.773574218145522,1.52828176115975
0.1009862,0.02,0.226760669797747,0.735854581707996,1.5351024082534,-0.0516578622287697,0.770001536873643,1.53597133389769
0.1010604,0.02,0.231301790039993,0.730681380104594,1.54210225392691,-0.0684129070039194,0.766417508481676,1.54361902275502
0.1011346,0.02,0.235785618733948,0.725466901204979,1.54890192222589,-0.0851324199960155,0.762821789637466,1.55123972796259
0.1012088,0.02,0.240212155879612,0.720211145009154,1.55551415106896,-0.101844627569926,0.759214049677512,1.55884463701186
0.101283,0.02,0.244581401476985,0.714914111517116,1.56197030131946,-0.11859713507927,0.75559397085654,1.56646624689235
0.1013572,0.02,0.248870593810117,0.709553561629371,1.56828479897578,-0.135343242373075,0.751932729228038,1.57411403778588
0.1014314,0.02,0.253068414106875,0.704180353532538,1.57438280006716,-0.152067542973642,0.748273741701377,1.58170975174757
0.1015056,0.02,0.257179178958177,0.698808242605348,1.58029584551861,-0.168789243229741,0.744630169965451,1.58928435718516
0.1015798,0.02,0.261202888364021,0.693437228847802,1.58601823428909,-0.18554687968269,0.741000768718783,1.5968348330549
0.101654,0.02,0.265139542324406,0.688067312259903,1.59155154514438,-0.202300123817203,0.737384298113652,1.60435708648291
0.1017282,0.02,0.268989140839333,0.682698492841647,1.5969005490636,-0.219008166825464,0.733779524119977,1.61184860974469
0.1018024,0.02,0.272753256825975,0.677301701049084,1.60203994150746,-0.235660514813634,0.730158841179889,1.61928004138489
0.1018766,0.02,0.276456836355832,0.671871278856951,1.60696119906485,-0.252277984885694,0.726525565772292,1.62664331583723
0.1019508,0.02,0.280103215651567,0.666413805535113,1.61166213632898,-0.268867313561436,0.722886693490854,1.63393527227312
0.102025,0.02,0.283692394713181,0.66092928108357,1.61614853313113,-0.285459637385931,0.719241885190055,1.64116522194397
0.1020992,0.02,0.287224373540672,0.655417705502324,1.62044436992111,-0.302114300615504,0.715590811457053,1.64836676945558
0.1021734,0.02,0.29069915213404,0.649879078791374,1.62453927190697,-0.318733183818916,0.711933152832606,1.6555116092723
0.1022476,0.02,0.294093565299032,0.64429497421171,1.6284302728156,-0.335264393290945,0.708242217708578,1.66258454426565
0.1023218,0.02,0.297403533686095,0.638715472042815,1.6320773528203,-0.351719947296839,0.7045610804436,1.66954586846705
0.102396,0.02,0.30063413963278,0.633152383512433,1.63551675554372,-0.368173668072454,0.70090143862045,1.67644472247855
0.1024702,0.02,0.303785383139087,0.627605708620565,1.63874848098587,-0.384625555617784,0.697262134711246,1.68328054761165
0.1025444,0.02,0.306857264205014,0.622075447367213,1.64177365583536,-0.401123524916013,0.693642013442456,1.6900653298722
0.1026186,0.02,0.309849782830564,0.616561599752374,1.64461287312896,-0.417666567645844,0.690039922185198,1.69681963219152
0.1026928,0.02,0.312762303443191,0.611035565127477,1.64727134814251,-0.434196762247954,0.686428962315654,1.70353447947432
0.102767,0.02,0.315618273381673,0.605489473363727,1.64967401143844,-0.450656618102562,0.682812124121059,1.71012155458466
0.1028412,0.02,0.318421160812914,0.599928928783601,1.65182585668687,-0.467057727445533,0.679195667863748,1.71658719020791
0.1029154,0.02,0.321170965736914,0.594353931387097,1.65373745472786,-0.483409994065681,0.67557929585481,1.72294306102446
0.1029896,0.02,0.323867688153671,0.588764481174218,1.65539530295439,-0.499711703158585,0.6719627175092,1.7291747729241
0.1030638,0.02,0.326511328063187,0.583160578144961,1.65681841119651,-0.51598321337466,0.668345649537686,1.73530571489988
0.103138,0.02,0.329078757817847,0.577527235992023,1.65805493799082,-0.532219550764428,0.664703345229677,1.74137986310042
0.1032122,0.02,0.331572125941137,0.571912308381494,1.65910273481381,-0.548468568993973,0.661077728545876,1.74740941277108
0.1032864,0.02,0.333996932331261,0.566325744807449,1.65991967657561,-0.564775732365373,0.657479125173115,1.75336960181011
0.1033606,0.02,0.336353176988218,0.560767545269888,1.66051276090138,-0.581065943570265,0.653906491402313,1.7592442297457
0.1034348,0.02,0.338640859912009,0.555237709768812,1.66086780972361,-0.597309676023217,0.650358782789362,1.76501012191066
0.103509,0.02,0.340859981102632,0.54973623830422,1.66097547514834,-0.613472638084604,0.646834954545718,1.77064626809612
0.1035832,0.02,0.343007698705923,0.544235106386163,1.66089352889931,-0.629622011449327,0.643308738005859,1.77622948732451
0.1036574,0.02,0.345105471671243,0.538724237742148,1.66060051202717,-0.645747719844895,0.639782455924113,1.78173628189746
0.1037316,0.02,0.347156774128633,0.533208326572172,1.66009235656834,-0.661867343151275,0.636261695648335,1.78716955330678
0.1038058,0.02,0.349161606078092,0.527687372876233,1.659350429065,-0.678102565893837,0.632746229267353,1.79255876788183
0.10388,0.02,0.351119967519622,0.52216137665433,1.65836529765702,-0.694256678710096,0.629235834056299,1.79782307149692
0.1039542,0.02,0.353031858453221,0.516630337906467,1.65709805600318,-0.710161247626094,0.625730292640756,1.80285966310175
0.1040284,0.02,0.354874401609498,0.511082298512762,1.65564576299931,-0.726027094200483,0.62220652260386,1.80783799994655
0.1041026,0.02,0.356654719129362,0.505561908292987,1.65400129650449,-0.741898868253024,0.618704640191175,1.81276976462916
0.1041768,0.02,0.358378447976128,0.500077406254337,1.65215901955543,-0.757784808790916,0.615233715119583,1.81765432421366
0.104251,0.02,0.360045588149795,0.494628792396811,1.65011685762627,-0.773733003270655,0.611792830796553,1.82251156489407
0.1043252,0.02,0.361656139650364,0.489216066720411,1.64785788290911,-0.789904924461754,0.608381067493222,1.82739853123357
0.1043994,0.02,0.363210102477834,0.483839229225135,1.64534563817511,-0.805742626042235,0.604997502704872,1.8320435170823
0.1044736,0.02,0.364702383790236,0.478470975852043,1.64264698977735,-0.821531655976277,0.601616408914424,1.8366282679943
0.1045478,0.02,0.366151950730032,0.473099254787822,1.63974724747634,-0.837286380657512,0.598239212944287,1.84114625134474
0.104622,0.02,0.367562183589165,0.467727937357473,1.63664303098013,-0.853010671410933,0.594870895396229,1.84559681848359
0.1046962,0.02,0.368933082367636,0.462357023560994,1.63333434028871,-0.868704528236541,0.591511315615742,1.84998070923592
0.1047704,0.02,0.370264647065444,0.456986513398386,1.62981152721377,-0.884466615503691,0.588160337233404,1.85433729622727
0.1048446,0.02,0.37155687768259,0.45161640686965,1.62604243414098,-0.900139012724847,0.584817828308174,1.85856510239927
0.1049188,0.02,0.372787181413352,0.446237440443777,1.6220989896585,-0.915634930462722,0.58146206744716,1.86268420783948
0.104993,0.02,0.37396641244535,0.440890624107858,1.61797618084773,-0.931120910569198,0.578130971375399,1.86677076040145
0.1050672,0.02,0.375100141607943,0.435582676970744,1.61366843687931,-0.94660367215313,0.574832484043219,1.8708245070862
0.1051414,0.02,0.37618836890113,0.430313599032435,1.60917575775325,-0.96208321521452,0.571565816340288,1.87484685570268
0.1052156,0.02,0.377231094324913,0.425083390292932,1.60448242295785,-0.97751695669324,0.568330174483552,1.87880367420428
0.1052898,0.02,0.37822831787929,0.419892050752236,1.59958998267671,-0.993001294984454,0.565124760323519,1.88274790785184
0.105364,0.02,0.379172649309567,0.414713221770829,1.59450823638112,-1.00836796857591,0.561924331468194,1.88660077280201
0.1054382,0.02,0.380080179342309,0.409533358068334,1.58925297293472,-1.02364969371612,0.558729374652531,1.890392474442
0.1055124,0.02,0.380954124544838,0.404355608092815,1.58382097577018,-1.03884961885313,0.555544330187821,1.89412180544993
0.1055866,0.02,0.381794484917154,0.39917997184427,1.5782122448875,-1.05396774398696,0.552369150690684,1.89778868562277
0.1056608,0.02,0.382601260459256,0.3940064493227,1.57242678028668,-1.06900406911761,0.549203793334399,1.90139308906726
0.105735,0.02,0.383374451171145,0.388835040528106,1.56645316300616,-1.08404077386987,0.546048219989105,1.90497241746551
0.1058092,0.02,0.384091704160342,0.383659010523457,1.56030098554667,-1.09915274976107,0.542881822831298,1.90857955894042
0.1058834,0.02,0.384766608281065,0.378515776898093,1.55399964465789,-1.11400032243584,0.539740248831678,1.91204383160638
0.1059576,0.02,0.385404536900102,0.373410737903409,1.54754133397558,-1.12879006604041,0.536630446624817,1.9154767535928
0.1060318,0.02,0.386005490017451,0.368343893539404,1.54092605349972,-1.14352198057476,0.533551742787314,1.91887874093489
0.106106,0.02,0.386569467633113,0.363315243806079,1.53415380323033,-1.1581960660389,0.530503458695623,1.92225024888906
0.1061802,0.02,0.387096469747087,0.358324788703434,1.5272245831674,-1.17281232243282,0.527484910769984,1.92559177165907
0.1062544,0.02,0.387576820777156,0.353347440316612,1.52008121167998,-1.18761065963721,0.524471358209416,1.92900647199184
0.1063286,0.02,0.388023583146851,0.348368845341832,1.51280297781019,-1.2022170472332,0.521462513976722,1.93232985753714
0.1064028,0.02,0.388439767962702,0.343391530621863,1.50538871805291,-1.21658245151934,0.518462338687916,1.9355278488789
0.106477,0.02,0.38882537522471,0.338415496156701,1.49782684627999,-1.23083740094291,0.515470872559859,1.93867118640499
0.1065512,0.02,0.389180404932874,0.333440741946346,1.49011736249142,-1.24498189550389,0.512488161788587,1.94175942746028
0.1066254,0.02,0.389504857087194,0.328467267990802,1.48226026668722,-1.25901593520229,0.509514258716924,1.94479217997527
0.1066996,0.02,0.389776619272879,0.323490899368648,1.47422592025942,-1.27305263232375,0.506529540013346,1.94782059457003
0.1067738,0.02,0.390011408064213,0.318545818930505,1.46601326426229,-1.28714009379889,0.50356760934192,1.95087788240515
0.106848,0.02,0.390214322582914,0.31363628659793,1.45769595983005,-1.30101239909851,0.50063453518488,1.95384512536508
0.1069222,0.02,0.390385362828982,0.30876230237092,1.44925729223324,-1.31471767415381,0.497729736781426,1.95673944658547
0.1069964,0.02,0.390524528802417,0.303923866249479,1.44068659818996,-1.32832683148749,0.494852628640468,1.95959946046476
0.1070706,0.02,0.390631820503218,0.299120978233605,1.43198387770021,-1.34183987109956,0.492002620733962,1.96242504714596
0.1071448,0.02,0.39069540547476,0.294330229954237,1.4231562044487,-1.35524196907565,0.489155582738254,1.96521102607452
0.107219,0.02,0.390725459082985,0.289537232241598,1.41411490265522,-1.36868165243833,0.486310799005877,1.96799655071672
0.1072932,0.02,0.390724766958168,0.28474398277403,1.40495150015518,-1.38201003517015,0.483471797771629,1.97074616708984
0.1073674,0.02,0.390693329100308,0.27995048155153,1.39565924047782,-1.39512264406123,0.480638689167253,1.9733808318476
0.1074416,0.02,0.390631145509407,0.2751567285741,1.38624332104169,-1.40803993874294,0.477811591656787,1.97591675285877
0.1075158,0.02,0.390538216185463,0.27036272384174,1.3767071420405,-1.42080328734996,0.474990632270204,1.97838432471797
0.10759,0.02,0.390392825835735,0.26556703784425,1.36707241876697,-1.43341126037209,0.472157187865842,1.98079651643345
0.1076642,0.02,0.390212624098684,0.260801044919731,1.35729975209164,-1.44590712417068,0.469343240110267,1.98315658200646
0.1077384,0.02,0.390002390586453,0.256068019000226,1.34733510967377,-1.45833136896927,0.466554064410384,1.98545770024935
0.1078126,0.02,0.389762125299042,0.251367960085737,1.33725200295635,-1.47065023123511,0.463789139238178,1.98772609331433
0.1078868,0.02,0.389491828236451,0.246700868176263,1.32705072709592,-1.48286199087562,0.461047939613545,1.98996063183909
0.107961,0.02,0.38919149939868,0.242066743271805,1.31674034141584,-1.49484635702085,0.458329937274896,1.99207699595432
0.1080352,0.02,0.38884743058368,0.237444293941425,1.3063015509043,-1.50670869328213,0.455611805155301,1.99414012253575
0.1081094,0.02,0.388467330273973,0.232819798497624,1.29572664707877,-1.51843527797196,0.452892840816304,1.99613457395532
0.1081836,0.02,0.388053751438541,0.228194803039212,1.28501050703402,-1.53002814267575,0.450176167893892,1.99805858787164
0.1082578,0.02,0.387606694077384,0.223569307566188,1.27409710666987,-1.54148581477041,0.447461936458536,1.99987548471472
0.108332,0.02,0.387126158190501,0.218943312078552,1.26307127004108,-1.55278101565531,0.444750307767474,2.00161882379806
0.1084062,0.02,0.386612143777893,0.214316816576306,1.25197194830151,-1.56383699116251,0.442041454598933,2.00325232915429
0.1084804,0.02,0.38604370776098,0.209691367041764,1.24079125152427,-1.57468336370901,0.439317895963377,2.00479191583593
0.1085546,0.02,0.385440543444039,0.2050957839767,1.22949575266775,-1.58537183228645,0.436610459260258,2.00625612832344
0.1086288,0.02,0.384807075719217,0.200532476868471,1.21806332665448,-1.59592154357122,0.433923679697915,2.00764634360122
0.108703,0.02,0.384143304586514,0.196001445717078,1.20646742940779,-1.60636657445438,0.431257052327069,2.00897417348908
0.1087772,0.02,0.38344923004593,0.191502690522523,1.19472388322585,-1.61669365332957,0.428610070460532,2.0102396687625
0.1088514,0.02,0.382724852097466,0.187036211284803,1.18283904281954,-1.62681776469035,0.425982225855493,2.01137869152737
0.1089256,0.02,0.381955020245776,0.182583217627167,1.17084834840757,-1.63675576615284,0.423351235796048,2.01242522668628
0.1089998,0.02,0.381145586263669,0.178131140585032,1.15870886578245,-1.64650004659474,0.420716842037968,2.01334762002971
0.109074,0.02,0.380298867563676,0.173681136717866,1.14644777826744,-1.65603606476358,0.418081769420557,2.01414943737847
0.1091482,0.02,0.379414864145795,0.169233206025665,1.13410166905015,-1.66535553741337,0.415446166375979,2.01484383060716
0.1092224,0.02,0.378493576010028,0.164787348508431,1.12164102539841,-1.67444414911078,0.412810195258424,2.01540115072611
0.1092966,0.02,0.377535003156375,0.160343564166165,1.10905669965029,-1.68332988120223,0.410174032793146,2.0158388457383
0.1093708,0.02,0.376519557769278,0.15590650332227,1.09636891527182,-1.69201856445245,0.407521551774811,2.01617251762492
0.109445,0.02,0.375469189589912,0.151502350077367,1.08353220520201,-1.7005493776559,0.404882790953468,2.01641023245663
0.1095192,0.02,0.374387929804833,0.147132750378239,1.07049883975076,-1.70895327377859,0.402261566915625,2.01655375774272
0.1095934,0.02,0.373275778414043,0.142797704224885,1.05734360778653,-1.71719204822767,0.399657342085076,2.01661201906152
0.1096676,0.02,0.372132735417541,0.138497211617307,1.04408009433666,-1.72523557949289,0.397069578783254,2.01656664857331
0.1097418,0.02,0.370958800815327,0.134231272555504,1.03071963056995,-1.73304254001056,0.394497739453872,2.01638771131162
0.109816,0.02,0.369737924889869,0.129983842136002,1.01725106266562,-1.74064920952802,0.391920824042693,2.01610004591162
0.1098902,0.02,0.36847476136216,0.12574367475409,1.00366973690266,-1.74804434244054,0.389339339781589,2.01569143568966
0.1099644,0.02,0.367171387756217,0.121511587958526,0.989929944529453,-1.75524033902723,0.386755599823751,2.01515010429112
0.1100386,0.02,0.36582780407204,0.117287581749308,0.976036853136624,-1.76224736228221,0.384169700867692,2.01448844736113
0.1101128,0.02,0.36444401030963,0.113071656126435,0.962018248295258,-1.76906098403835,0.381581755420434,2.01371693028087
0.110187,0.02,0.363020006468985,0.10886381108991,0.947887700824599,-1.77562617752993,0.378991892343044,2.01279393274724
0.1102612,0.02,0.361538263484027,0.104671690528899,0.933668382199203,-1.78196242396752,0.376385545367012,2.0117471830105
0.1103354,0.02,0.36002306517265,0.100518384100804,0.91933417249978,-1.78810441869915,0.373792125383276,2.0105951190872
0.1104096,0.02,0.35847800311436,0.0964048698944311,0.904873232744565,-1.79404002927157,0.37121473254199,2.00932207322926
0.1104838,0.02,0.356903077309156,0.0923311479097802,0.890270974323915,-1.79978428086453,0.368652746452652,2.00793572242009
0.110558,0.02,0.35529828775704,0.0882972181468525,0.875532708874766,-1.80536017035237,0.366105547643787,2.00646028343556
0.1106322,0.02,0.353663634458011,0.0843030806056475,0.860658436397114,-1.81076769773508,0.363572517852563,2.00489715429553
0.1107064,0.02,0.351982742875614,0.0803354768818551,0.845614791632339,-1.81597414352408,0.361034125988217,2.00320404995982
0.1107806,0.02,0.350259620546394,0.0763843296978774,0.830472619637252,-1.82095516451934,0.358491795734153,2.00139013766852
0.1108548,0.02,0.348496097737028,0.0724501631657981,0.815246826772986,-1.82569076341255,0.355947406621663,1.9994434606093
0.110929,0.02,0.346692174447518,0.0685329772856165,0.799954413145352,-1.83015818596862,0.353400951892859,1.99734975624668
0.1110032,0.02,0.344847850677862,0.0646327720573317,0.78454313113847,-1.83442846068837,0.350852440979047,1.99515305227445
0.1110774,0.02,0.342963126428061,0.060749547480946,0.769012980752348,-1.8385015875718,0.34830190009308,1.99285449846938
0.1111516,0.02,0.341023209903096,0.0568935062476759,0.753367125773973,-1.84239086359867,0.345736461406323,1.99046881926565
0.1112258,0.02,0.339054463390531,0.0530839145471572,0.73746652103251,-1.84613350122644,0.343184835225409,1.98798032535394
0.1113,0.02,0.33705999284864,0.0493211870194174,0.721478586267905,-1.84966677262239,0.340649406675147,1.98539631312906
0.1113742,0.02,0.335039798277422,0.0456053236644536,0.705521599139952,-1.85290728370231,0.338129430804707,1.98268155003522
0.1114484,0.02,0.332993879676877,0.041936324482268,0.689442606037508,-1.85597775469392,0.335624163631495,1.97989508129559
0.1115226,0.02,0.330922237047006,0.0383141894728598,0.673241606960571,-1.85887818559722,0.333132862514578,1.97703878824672
0.1115968,0.02,0.328808681558252,0.034728266949221,0.656934790738694,-1.8615979247252,0.330637568333323,1.97410996467372
0.111671,0.02,0.326656895094639,0.0311692486442443,0.640475317453969,-1.86413932534528,0.328140593608771,1.97109717075707
0.1117452,0.02,0.324468452571646,0.0276374120321286,0.623716586752062,-1.86653165593872,0.32564336820834,1.96798445197389
0.1118194,0.02,0.322243353989274,0.0241327571128731,0.607124246851401,-1.86858469017408,0.323145739808102,1.96474135587049
0.1118936,0.02,0.319981599347521,0.0206552838864773,0.590459139766324,-1.87043699020742,0.320647570821032,1.96142206831416
0.1119678,0.02,0.317683188646389,0.017204992352943,0.573700801069605,-1.87209962008456,0.318148738973459,1.95803207243105
0.112042,0.02,0.315336556424526,0.0137938889683589,0.556860796222582,-1.87358458626157,0.315638107950465,1.9545877182277
0.1121162,0.02,0.312969458915604,0.0104366344603442,0.53991136899159,-1.87490654946608,0.313143426488222,1.95109683398779
0.1121904,0.02,0.310584483027263,0.00713320001282764,0.522758580307728,-1.87608503372891,0.310666386401451,1.94755528472672
0.1122646,0.02,0.308181628759503,0.00388358562580673,0.505525844343458,-1.87704354030724,0.308206097509723,1.94392613838806
0.1123388,0.02,0.305760896112324,0.000687791299283312,0.488310947007506,-1.87780074568791,0.305761669684548,1.94025339104805
0.112413,0.02,0.303322285085725,-0.00245418296674321,0.471008299884386,-1.87839743777496,0.303332213329973,1.93654996134867
0.1124872,0.02,0.300850153176014,-0.00555074256651913,0.453633545477793,-1.87882521117414,0.300901354947217,1.93281338150539
0.1125614,0.02,0.298347888827033,-0.0086109187260573,0.436183295343878,-1.87907503465943,0.29847212715571,1.92903573139986
0.1126356,0.02,0.295816807437166,-0.0116346292697951,0.418683002025757,-1.87912109260021,0.296045517041827,1.92519909018271
0.1127098,0.02,0.293256909006413,-0.0146218741977331,0.401051479702398,-1.87899128741434,0.293621208166321,1.92131479657824
0.112784,0.02,0.290668193534772,-0.0175726535098718,0.38341665665187,-1.87864452996225,0.291198895746783,1.91737153482448
0.1128582,0.02,0.288050661022247,-0.0204869672062096,0.365761504926771,-1.87812091340458,0.288778287169693,1.91340524820383
0.1129324,0.02,0.285396136677811,-0.0233519792525399,0.348094199318112,-1.87743327377556,0.286349907919717,1.90943061384239
0.1130066,0.02,0.282732697683566,-0.0261582041726506,0.330386662643796,-1.87659109655138,0.28394018733699,1.90545256842274
0.1130808,0.02,0.280062403865886,-0.0289059814962624,0.31263683507746,-1.87559404220234,0.281550183493815,1.90147174625135
0.113155,0.02,0.277385255224768,-0.0315953112233771,0.294768961090607,-1.87445578783287,0.279178873676737,1.89749130194649
0.1132292,0.02,0.274701251760213,-0.0342261933539934,0.276706812881974,-1.87319002633053,0.276825233730837,1.89351723917145
0.1133034,0.02,0.272010393472221,-0.0367986278881118,0.25880187513466,-1.87172290946488,0.274488238675831,1.88953038091185
0.1133776,0.02,0.269297744229904,-0.039319223510807,0.240901362225964,-1.87010275873768,0.27215303853679,1.88555503620568
0.1134518,0.02,0.266566171136569,-0.0417971425542308,0.223002407052577,-1.86832041181679,0.269823135998582,1.88158210949256
0.113526,0.02,0.263816734552881,-0.0442324429654247,0.205103949253841,-1.86637581075515,0.267499118579548,1.87761186004229
0.1136002,0.02,0.26104943447884,-0.0466251247443892,0.187205988829753,-1.86426895555277,0.265180522473186,1.87364479581685
0.1136744,0.02,0.258264270914445,-0.0489751878911248,0.169050234809366,-1.8620220543717,0.262866891524857,1.86968021673646
0.1137486,0.02,0.255461243859698,-0.0512826324056301,0.150990565735085,-1.8596126483717,0.260557777663219,1.86573239049039
0.1138228,0.02,0.252635346566457,-0.0535348082904335,0.133085982214477,-1.85703535999811,0.258245220736895,1.86179811122079
0.113897,0.02,0.249813685201222,-0.055727534313854,0.115195867415872,-1.8543221375209,0.255953971241935,1.85789684255337
0.1139712,0.02,0.246997817399588,-0.0578613265547933,0.0973186637036801,-1.85147246486117,0.253684557888021,1.85402837368908
0.1140454,0.02,0.244187743161553,-0.059936185013252,0.0794543710778975,-1.84848634201893,0.2514358768837,1.85019316659475
0.1141196,0.02,0.241383462487118,-0.06195210968923,0.0614778132947732,-1.84535526515849,0.249206821450008,1.84637904455604
0.1141938,0.02,0.238584975376282,-0.0639091005827276,0.0433873587801802,-1.84210335421394,0.246996282588613,1.8426142381161
0.114268,0.02,0.235778014269894,-0.0658123893010229,0.0254666567490965,-1.83871239608374,0.244790813958702,1.83888874761852
0.1143422,0.02,0.232964542692398,-0.0676714468674241,0.00767417110353466,-1.8351681258616,0.242594111373315,1.83518417143362
0.1144164,0.02,0.230145381765122,-0.0694864165279622,-0.0100544567425115,-1.83148205904917,0.240406445066914,1.83150965728259
0.1144906,0.02,0.227320531488068,-0.0712572982826367,-0.0277192267890355,-1.82765419564644,0.238227258294592,1.82786438621628
0.1145648,0.02,0.224489991861234,-0.0729840921314487,-0.0453299358109591,-1.82368307224601,0.236055997911743,1.82424635153185
0.114639,0.02,0.221653762884621,-0.0746667980743974,-0.0630640086483872,-1.81955758557898,0.233892114735821,1.8206501246601
0.1147132,0.02,0.218809432394306,-0.0762938019181001,-0.0807391629114245,-1.81533013130276,0.231728962186077,1.81712473376027
0.1147874,0.02,0.215981876436342,-0.0778657977820057,-0.0982947800716423,-1.81096141888845,0.229589314675556,1.81362706323318
0.1148616,0.02,0.213172207342544,-0.0793833581596314,-0.115737585710829,-1.8064561642059,0.2274733117005,1.81015995479506
0.1149358,0.02,0.210380425112909,-0.0808464830509773,-0.133099350743813,-1.80182922549269,0.225379850679692,1.80673849657553
0.11501,0.02,0.207606529747439,-0.0822551724560437,-0.150380075170594,-1.79708060274882,0.22330782473874,1.80336154438991
0.1150842,0.02,0.204850521246133,-0.0836094263748307,-0.167600224185622,-1.79219608298372,0.221256123606875,1.80001573187827
0.1151584,0.02,0.202098624391979,-0.0849133773187967,-0.184799214315446,-1.78715116369348,0.219212535291244,1.79668028082422
0.1152326,0.02,0.199351514594385,-0.086176681257944,-0.201912831003319,-1.7819916144339,0.217180677694192,1.79339424144177
0.1153068,0.02,0.196609800318642,-0.0873995180363486,-0.218940124705113,-1.77671693415506,0.215160612878664,1.79015581509522
0.115381,0.02,0.193873481564751,-0.0885818876540098,-0.235771934487279,-1.77129264453166,0.213151771454956,1.78691522956849
0.1154552,0.02,0.191142558332711,-0.0897237901109287,-0.252522781277928,-1.76573070472906,0.211153584193695,1.78369635215396
0.1155294,0.02,0.188417030622523,-0.0908252254071046,-0.269192665077051,-1.76003111474728,0.20916548233124,1.78049830547795
0.1156036,0.02,0.185696288503203,-0.0918761227132075,-0.285782544086582,-1.75420202554192,0.207181885039878,1.7773284471138
0.1156778,0.02,0.183002012642371,-0.092881100930854,-0.302337961129446,-1.74820019157244,0.205223379616666,1.77415110758747
0.115752,0.02,0.180334949691046,-0.0938406966651929,-0.318798268172111,-1.74209145584415,0.20328986799809,1.7710208853412
0.1158262,0.02,0.177695099649227,-0.0947549099162244,-0.335080759896708,-1.73588272439878,0.201380340134236,1.76792758576789
0.1159004,0.02,0.175082462516914,-0.0956237406839485,-0.351215450433589,-1.7295556077331,0.199493780513022,1.76485548781318
0.1159746,0.02,0.172497038294107,-0.0964471889683653,-0.367226957333805,-1.72310573781823,0.197629169102484,1.76180277610598
0.1160488,0.02,0.169925331573985,-0.09722835610191,-0.383125817647196,-1.7165219573964,0.195775308812956,1.75875894379298
0.116123,0.02,0.167366495143132,-0.0979766858152348,-0.398952008215963,-1.70979077993727,0.193935490975307,1.75571843301198
0.1161972,0.02,0.164820958604435,-0.0986923568948255,-0.414684728790635,-1.70292183366389,0.192109681444587,1.75268542410249
0.1162714,0.02,0.162288721957896,-0.0993753693406817,-0.430246183417103,-1.69589080897478,0.190297381238744,1.74961636203772
0.1163456,0.02,0.159769785203511,-0.100025723152804,-0.445655399873179,-1.68872475586963,0.188498088998848,1.7465394460255
0.1164198,0.02,0.157264148341283,-0.100643418331192,-0.460932255914005,-1.68139525128034,0.186711301229723,1.74343010630482
0.116494,0.02,0.1547721881361,-0.101220002951573,-0.476053044922984,-1.67393659022446,0.184932201679299,1.74031325044451
0.1165682,0.02,0.152311910921336,-0.101762732351526,-0.491013776303642,-1.66637049047333,0.183179070595298,1.73720613055569
0.1166424,0.02,0.149883785610791,-0.102272049983839,-0.505818483642843,-1.65866701252146,0.181451705411986,1.73407860168495
0.1167166,0.02,0.147487812204464,-0.102747955848511,-0.520487077090532,-1.65082509188181,0.179749261973191,1.73093335556423
0.1167908,0.02,0.145123990702356,-0.103190449945543,-0.535019985757298,-1.64284558114368,0.178070889359663,1.72776965728741
0.116865,0.02,0.142792321104467,-0.103599532274934,-0.549438718346766,-1.63471325291639,0.176415730744133,1.7245783033771
0.1169392,0.02,0.140479455197306,-0.103977130604983,-0.563777839262766,-1.62640434397926,0.174773341849888,1.72134730433995
0.1170134,0.02,0.138183044482204,-0.104331923706727,-0.577971402900647,-1.61796250723551,0.173146481589194,1.71809592787794
0.1170876,0.02,0.13590337545126,-0.104664064837016,-0.591988991191498,-1.60938871515462,0.171535109896643,1.71481281840292
0.1171618,0.02,0.133640448104475,-0.104973553995852,-0.605787869876035,-1.60067557862449,0.16993886079436,1.71147341530442
0.117236,0.02,0.131394262441848,-0.105260391183233,-0.619421076643487,-1.59181673549187,0.1683573644207,1.70808752398177
0.1173102,0.02,0.12916481846338,-0.10552457639916,-0.632888611493848,-1.58281218575677,0.166790247175607,1.70465316411836
0.1173844,0.02,0.126952846397057,-0.105758949500749,-0.646222276366655,-1.57363764372066,0.165233109901789,1.70115803622333
0.1174586,0.02,0.124772751166826,-0.105972055403538,-0.659448161964607,-1.56429536755807,0.163701911901447,1.69761358243922
0.1175328,0.02,0.122624805583553,-0.106164220533086,-0.672550680502277,-1.5548068660923,0.16219643851146,1.694033296217
0.117607,0.02,0.120509009647239,-0.10633544488939,-0.685478783756984,-1.54516397622664,0.160716048501644,1.69038838034621
0.1176812,0.02,0.118425363357883,-0.106485728472453,-0.698235364970115,-1.53537227498794,0.159260092473775,1.6866833276275
0.1177554,0.02,0.116373866715485,-0.106615071282273,-0.710830221156955,-1.52543394195629,0.157827913497067,1.68292255156984
0.1178296,0.02,0.114341360676367,-0.106723947523715,-0.723244985625508,-1.51533773519856,0.156409551295206,1.67908658530438
0.1179038,0.02,0.112324298841333,-0.106819733136208,-0.735502572481424,-1.50506960840341,0.155007107893437,1.6751712032704
0.117978,0.02,0.110322857332898,-0.106902543237276,-0.74762009634552,-1.49464109451484,0.153620593022852,1.67119352855144
0.1180522,0.02,0.108337036151063,-0.106972377826921,-0.759597557217789,-1.48405219353284,0.152249804663067,1.66715307097484
0.1181264,0.02,0.106366835295825,-0.107029236905141,-0.771440332524087,-1.47325157693937,0.150894536691512,1.66300643281955
0.1182006,0.02,0.104412254767187,-0.107073120471937,-0.783100873796917,-1.46229596990598,0.14955457891073,1.658781625816
0.1182748,0.02,0.102474081711114,-0.107097576367266,-0.794556821352846,-1.45119948329373,0.148225599294718,1.65447891575273
0.118349,0.02,0.100563662624009,-0.107111325194878,-0.805802503275411,-1.43995895419524,0.146921360684409,1.6500907441871
0.1184232,0.02,0.0986811394697905,-0.107114576546534,-0.816920323656176,-1.42855156406274,0.145641682892637,1.64563616464533
0.1184974,0.02,0.0968265122484583,-0.107107330422235,-0.827910282495143,-1.41697731289624,0.144386127118843,1.6411155173003
0.1185716,0.02,0.0949997809600123,-0.10708958682198,-0.838779955883247,-1.40522722736497,0.143154245442294,1.63652539696741
0.1186458,0.02,0.093200945604452,-0.107061345745769,-0.84959130780371,-1.39320772564035,0.141945581172713,1.63181897190821
0.11872,0.02,0.0914172939918867,-0.107021337167518,-0.860205132130118,-1.38104354694995,0.140750446713048,1.62703231311339
0.1187942,0.02,0.0896446050086642,-0.106975279494887,-0.870508663598362,-1.36880003308619,0.13957028921002,1.62215870492888
0.1188684,0.02,0.0878829711980697,-0.106923244981871,-0.880669351497537,-1.35638312162128,0.138405191174515,1.61720551547606
0.1189426,0.02,0.0861323925601039,-0.106865233628471,-0.890687195827638,-1.34379281255524,0.137255117232821,1.61217331695027
0.1190168,0.02,0.0843928690947656,-0.106801245434685,-0.900562196588673,-1.33102910588805,0.136120029314007,1.60706277122139
0.119091,0.02,0.0826644008020557,-0.106731280400514,-0.910322040753793,-1.31805852257869,0.134999886577345,1.60186281772955
0.1191652,0.02,0.0809479258252663,-0.106648977156228,-0.920050468000828,-1.3047689310399,0.133890145357612,1.59653212528767
0.1192394,0.02,0.0792525404074774,-0.106562566954104,-0.929415041456757,-1.29148623033561,0.132802657491809,1.59114707127674
0.1193136,0.02,0.0775783018320168,-0.106472153865654,-0.938631520186042,-1.27804407311953,0.131737285777152,1.58569410149711
0.1193878,0.02,0.0759252100988843,-0.106377737890879,-0.947717180750084,-1.26442833558141,0.130693766673627,1.58017305081123
0.119462,0.02,0.07429326520808,-0.106279319029779,-0.956672023148884,-1.25063901772124,0.129671827737221,1.57458544148056
0.1195362,0.02,0.0726824671596034,-0.106176897282353,-0.965496047382442,-1.23667611953901,0.128671187718596,1.56893289918632
0.1196104,0.02,0.0710809936619085,-0.106067300415012,-0.9742305765914,-1.22246993691131,0.127682339723599,1.56318839652089
0.1196846,0.02,0.0694845598159144,-0.105954530095719,-0.982765354532556,-1.20809235249941,0.126706221238801,1.55734224698268
0.1197588,0.02,0.0678931953281405,-0.105838614117993,-0.991078909111551,-1.19362606012374,0.125742984735859,1.55144467368072
0.119833,0.02,0.0663069001985873,-0.105719552481836,-0.99924635285694,-1.17899208298079,0.124792743342332,1.54548232129303
0.1199072,0.02,0.0647256744272537,-0.105597345187248,-1.00726768576873,-1.16419042107056,0.123855610452888,1.53945689361747
0.1199814,0.02,0.0631495180141405,-0.105471992234227,-1.01514290784691,-1.14922107439306,0.12293169961924,1.5333702100866
0.1200556,0.02,0.061579936814552,-0.105336806975422,-1.02284668811739,-1.13410476015839,0.12201611173063,1.52722262765015
0.1201298,0.02,0.0600245846333968,-0.105199391015298,-1.03043837508321,-1.11877330725865,0.121119208346164,1.5210052458419
0.120204,0.02,0.058483465596412,-0.105059753960734,-1.03784713654679,-1.10330971586276,0.120240873460137,1.51473397266831
0.1202782,0.02,0.0569565797035974,-0.104917895811728,-1.04510586769196,-1.08771116024863,0.119380973497006,1.50843025785536
0.1203524,0.02,0.0554439269549528,-0.104773816568281,-1.05221456851873,-1.07197764041628,0.118539367614603,1.50209572256748
0.1204266,0.02,0.0539454912280121,-0.104627497647645,-1.05917322290463,-1.05610917494845,0.117715883753381,1.49573209684371
0.1205008,0.02,0.0524509183558017,-0.104474008719795,-1.06597147668269,-1.04011069417517,0.116901314510791,1.48933725033607
0.120575,0.02,0.0509563487776481,-0.104315835692635,-1.07263961419994,-1.02392558865509,0.116096266335323,1.48289559748947
0.1206492,0.02,0.0494617824935521,-0.104152978566164,-1.0792381971528,-1.00746744748758,0.115300957808872,1.47639620154644
0.1207234,0.02,0.047967219503514,-0.103985437340382,-1.0855705385867,-0.991024516253811,0.11451561171198,1.46989556978158
0.1207976,0.02,0.0464726598075329,-0.10381321201529,-1.09173842644076,-0.974465561709666,0.11374045497763,1.46337825688558
0.1208718,0.02,0.0449780798253219,-0.103636222941265,-1.09774183713469,-0.957790663504776,0.112975636180127,1.45684594109767
0.120946,0.02,0.0434861884860391,-0.103447654606163,-1.10358347959764,-0.941006637151282,0.112216156735825,1.45030685980712
0.1210202,0.02,0.0420036889471159,-0.10325454021931,-1.10927005698705,-0.924106449439855,0.111471117160757,1.44376341179031
0.1210944,0.02,0.0405305812085529,-0.103056879780706,-1.11490970942456,-0.906877390695979,0.110740455494991,1.43716744394128
0.1211686,0.02,0.0390668652703496,-0.102854673290352,-1.12037728095133,-0.88959769577278,0.110024105448382,1.43060452676347
0.1212428,0.02,0.0376125411325062,-0.102647920748246,-1.125627545627,-0.872318357165397,0.109321996342834,1.42407046445111
0.121317,0.02,0.036167563362645,-0.102436554210049,-1.13071963052993,-0.85494554040467,0.108633973866462,1.41755379436675
0.1213912,0.02,0.0347235607593159,-0.102214356283244,-1.13564516445866,-0.837485462883121,0.107951379343683,1.41105345047552
0.1214654,0.02,0.0332773835153041,-0.101982699835358,-1.14040099760597,-0.819936751733218,0.107274672310538,1.40456780262952
0.1215396,0.02,0.0318290316306093,-0.101741584866392,-1.14501706167932,-0.802213812932206,0.106604115050347,1.39807405855196
0.1216138,0.02,0.0303785051052322,-0.101491011376347,-1.14953769377598,-0.784259878648187,0.105939978113186,1.39158200141747
0.121688,0.02,0.0289258039391719,-0.10123097936522,-1.15384992418661,-0.766338150853753,0.105282540417531,1.38515118633288
0.1217622,0.02,0.0274709043495234,-0.100961321013816,-1.15795326391277,-0.748416782395414,0.104631921164793,1.37876156081367
0.1218364,0.02,0.0260181289894778,-0.100675501197007,-1.16188344681887,-0.730446741551712,0.10398316968328,1.37241596691208
0.1219106,0.02,0.0245734683108075,-0.100380486203491,-1.16564646335667,-0.712421062033943,0.10334455648592,1.36611692294821
0.1219848,0.02,0.0231369223135133,-0.100076276033269,-1.16924231352617,-0.694339743842116,0.102716007510167,1.35986590060151
0.122059,0.02,0.0217084909975947,-0.0997628706863401,-1.17272455772352,-0.676047343760654,0.102097448298045,1.35363322184913
0.1221332,0.02,0.0202881743630517,-0.0994402701627044,-1.17607820572932,-0.657671305552058,0.101488804057478,1.34747597089449
0.1222074,0.02,0.0188759160067518,-0.0991083551062808,-1.17924906377701,-0.63928996370787,0.100889871924622,1.34138734604012
0.1222816,0.02,0.0174655505035185,-0.0987602503404539,-1.18220686837322,-0.620933237668517,0.100292734042403,1.33535432199485
0.1223558,0.02,0.0160547282751384,-0.098396792736166,-1.18498036917342,-0.602566421909025,0.0996979594613277,1.3293851090405
0.12243,0.02,0.0146434493216113,-0.098017982293417,-1.18756956617762,-0.584189516429391,0.0991057791498922,1.3234798319647
0.1225042,0.02,0.013231713642938,-0.0976238190122071,-1.18997144162024,-0.565780888847868,0.0985164366207836,1.31762667173113
0.1225784,0.02,0.0118195212391173,-0.097214302892536,-1.19219015082794,-0.547277101268603,0.0979301882424602,1.31180394164071
0.1226526,0.02,0.0104068811567898,-0.0967891821890948,-1.19424673272325,-0.528766868104742,0.0973470542145232,1.30607031182301
0.1227268,0.02,0.0089998098499196,-0.096342909918816,-1.19614553278525,-0.51025872147921,0.0967623525394035,1.3004338116366
0.122801,0.02,0.00760344789072233,-0.095882880659275,-1.19783345609695,-0.491823803012318,0.096183882347032,1.29487282841006
0.1228752,0.02,0.0062177952791985,-0.0954090944104719,-1.19934639014056,-0.473374177921504,0.0956114861005746,1.28938546442328
0.1229494,0.02,0.00484285201534785,-0.0949215511724067,-1.20068433491606,-0.454909846206764,0.0950450108770491,1.28397267894947
0.1230236,0.02,0.00347861809917038,-0.0944202509450793,-1.20184486256004,-0.436424456595897,0.094484308604189,1.27863105702036
0.1230978,0.02,0.0021250462638303,-0.0939050253095172,-1.20281422887288,-0.417887852773068,0.0939290668536875,1.27333904623802
0.123172,0.02,0.000778098171346803,-0.0933690735250609,-1.20361576013147,-0.399382942724882,0.0933723156384829,1.26814732305692
0.1232462,0.02,-0.00056395458459907,-0.0928132007932307,-1.20422548092489,-0.380992304310688,0.0928149141369966,1.2630574590464
0.1233204,0.02,-0.00190111200400757,-0.0922374071140263,-1.20463547732555,-0.362681558335274,0.0922569970136163,1.25804791084754
0.1233946,0.02,-0.00323337408687795,-0.0916416924874482,-1.20484988150966,-0.344426115637398,0.0916987159667446,1.25311315774231
0.1234688,0.02,-0.00456074083321119,-0.0910260569134958,-1.20487101849117,-0.326203383912773,0.0911402402573457,1.24824789960812
0.123543,0.02,-0.00588313500081692,-0.0903901806594481,-1.20470824995703,-0.30798890749623,0.0905814331807877,1.24345451652051
0.1236172,0.02,-0.00719320750503404,-0.0897303048176855,-1.20436724930714,-0.289809781154389,0.0900181639275387,1.23874540582655
0.1236914,0.02,-0.00848707133891087,-0.0890544982412388,-1.20380813097926,-0.271724367535845,0.0894580015253559,1.23409405967476
0.1237656,0.02,-0.00976472650244692,-0.0883627609301083,-1.20305658304501,-0.253720092487609,0.0889006603060915,1.22951983609043
0.1238398,0.02,-0.0110261729956424,-0.087655092884294,-1.20209711883782,-0.235773281823425,0.0883458646428006,1.22500062185289
0.123914,0.02,-0.0122714108184974,-0.0869314941037957,-1.20094115754607,-0.217917398577717,0.0877933493528673,1.22055219326785
0.1239882,0.02,-0.0135004589407278,-0.0861917566964868,-1.19960555288035,-0.200183389530605,0.0872426576511551,1.21619359969757
0.1240624,0.02,-0.0147156197199102,-0.0854298051607494,-1.19807039493496,-0.1825724716989,0.0866879522975633,1.21190155484752
0.1241366,0.02,-0.0159183592773155,-0.0846467112577005,-1.19633375596331,-0.165069873720113,0.086130481763579,1.20766821555725
0.1242108,0.02,-0.0171086776129439,-0.08384247498734,-1.19439573750441,-0.147675545112567,0.0855702486946624,1.20349044216936
0.124285,0.02,-0.0182865747267948,-0.0830170963496682,-1.19225119741767,-0.130362969586671,0.0850072767565739,1.19935708676912
0.1243592,0.02,-0.019452050618869,-0.0821705753446846,-1.18990089377214,-0.113098292530434,0.0844416113403548,1.1952637201777
0.1244334,0.02,-0.020604930928921,-0.0813025567124076,-1.18736324548879,-0.0959546877686616,0.0838729330985859,1.19123414106651
0.1245076,0.02,-0.0217373089339583,-0.0804116795760891,-1.18463656264239,-0.0789707410117755,0.0832979520272736,1.18726583522188
0.1245818,0.02,-0.0228470224350048,-0.079506568034731,-1.18170796218539,-0.0621670765137568,0.082724124623999,1.18334206943496
0.124656,0.02,-0.0239340714320602,-0.0785872220883335,-1.17858560538961,-0.045500344551429,0.0821510270835126,1.17946356899478
0.1247302,0.02,-0.0249984559251246,-0.0776536417368965,-1.17526949225506,-0.028970545124789,0.0815782500035559,1.17562650187476
0.1248044,0.02,-0.026040175914198,-0.07670582698042,-1.17174499794558,-0.0125415170076809,0.0810053989212602,1.17181211371932
0.1248786,0.02,-0.0270592081954147,-0.0757435475841715,-1.16802748527247,0.0037727451139916,0.0804318702306396,1.16803357826632
0.1249528,0.02,-0.0280567358730827,-0.0747618512105115,-1.16412488688868,0.0199496578241651,0.0798530827474719,1.16429581340864
0.125027,0.02,-0.0290343640146669,-0.0737621044324941,-1.16001465035183,0.0359338559688631,0.0792706903214949,1.16057107969985
0.1251012,0.02,-0.0299920926201678,-0.0727443072501187,-1.1557043867379,0.0517381241086255,0.0786845592034193,1.15686190317233
0.1251754,0.02,-0.0309299216895856,-0.0717084596633852,-1.15119637947674,0.067368128276265,0.0780945788324595,1.15316588955267
0.1252496,0.02,-0.0318478512229191,-0.0706545616722946,-1.14648171940454,0.0828249713874213,0.0775006626592397,1.14946957715902
0.1253238,0.02,-0.0327455977487466,-0.0695822691181975,-1.14156551818774,0.0981171737106024,0.0769023169193229,1.14577432860586
0.125398,0.02,-0.0336157106481815,-0.0684928044615711,-1.13646965804565,0.113247885351155,0.0762973149291197,1.14209823009884
0.1254722,0.02,-0.0344580786818831,-0.0673948760455282,-1.13119093340694,0.128227473390145,0.0756929884707887,1.13843542318134
0.1255464,0.02,-0.0352727018498516,-0.0662884838700687,-1.12570534880844,0.143045025832356,0.0750887913711552,1.13475742418867
0.1256206,0.02,-0.0360595801520868,-0.0651736279351926,-1.12003401384349,0.157672062540611,0.0744841936183758,1.13107765934624
0.1256948,0.02,-0.0368187135885889,-0.0640503082409,-1.11417521691026,0.172092972920454,0.0738786820136421,1.1273874246707
0.125769,0.02,-0.0375500321435341,-0.0629182938048554,-1.10813163761411,0.186289963740814,0.0732715265931764,1.12368130574104
0.1258432,0.02,-0.0382542790434715,-0.0617737993232383,-1.10191083501729,0.200310631478397,0.0726594257337856,1.11996956985973
0.1259174,0.02,-0.0389334991341604,-0.0606182669038811,-1.09551076427406,0.214156418241025,0.0720443726966919,1.11624674965447
0.1259916,0.02,-0.0395876924156012,-0.0594516965467834,-1.08891513039674,0.227855508776816,0.0714261129635589,1.11249912093758
0.1260658,0.02,-0.0402168588877938,-0.0582740882519452,-1.08211068875952,0.241403849323739,0.0708044144132004,1.10871067515196
0.12614,0.02,-0.0408209985507383,-0.0570854420193665,-1.07513160145052,0.25470959201669,0.0701790681986148,1.10489136873399
0.1262142,0.02,-0.0413997308354683,-0.05588547574435,-1.0679927775507,0.267705914846011,0.0695494364637238,1.10103361880734
0.1262884,0.02,-0.041947043108797,-0.0546776499607307,-1.06068823834209,0.280515620338624,0.0689144384784456,1.09715475308236
0.1263626,0.02,-0.0424648963590845,-0.0534700657766219,-1.05321602283634,0.293146809602628,0.0682811493528343,1.09325159169305
0.1264368,0.02,-0.0429532905863315,-0.0522627231920217,-1.04557613103344,0.305599482638041,0.067648927616332,1.08932111407771
0.126511,0.02,-0.0434122257905376,-0.0510556222069315,-1.03772987212623,0.317947600801229,0.0670171463658781,1.08534508998676
0.1265852,0.02,-0.0438417019717028,-0.0498487628213509,-1.02967979868897,0.330159330047476,0.0663851940314624,1.08131663773641
0.1266594,0.02,-0.0442416082600177,-0.0486419335875322,-1.0215329937237,0.341957978050035,0.0657522441028955,1.07724877164848
0.1267336,0.02,-0.0446127991660431,-0.0474322124056302,-1.01322994428003,0.353564104614289,0.0651161778909245,1.07314607396077
0.1268078,0.02,-0.0449578553006107,-0.0462207480867523,-1.00476806974714,0.364978858551345,0.0644791928216356,1.06900348043064
0.126882,0.02,-0.0452767766637202,-0.0450075406308985,-0.996147370125023,0.376202239861203,0.063840936856365,1.0648181573788
0.1269562,0.02,-0.045569563255372,-0.0437925900380683,-0.987367845413683,0.387234248543867,0.0632010762370995,1.06058739639984
0.1270304,0.02,-0.0458362150755655,-0.0425758963082631,-0.978367601901505,0.398166189621101,0.0625592963427936,1.05628569951879
0.1271046,0.02,-0.0460762890080337,-0.0413572796639735,-0.969255479188409,0.408772069343883,0.0619148527411313,1.05192717837901
0.1271788,0.02,-0.046285886414143,-0.0401416309228296,-0.960022411250374,0.419150877046414,0.0612677224506315,1.04753543511986
0.127253,0.02,-0.0464686922244287,-0.0389357322351515,-0.950648541042662,0.429342882254888,0.0606245049607508,1.04310496074435
0.1273272,0.02,-0.0466247064388911,-0.0377395836009393,-0.941133868565273,0.439348084969306,0.0599844931701941,1.03863357269387
0.1274014,0.02,-0.04675392905753,-0.0365531850201928,-0.93147839294579,0.449166171109634,0.0593469899610502,1.0341190675131
0.1274756,0.02,-0.0468563600803454,-0.0353765364929122,-0.9216884277343,0.458765485795854,0.0587113090827767,1.02955103262385
0.1275498,0.02,-0.0469318581397439,-0.0342094547006827,-0.911722239824904,0.468203987682551,0.0580765537834943,1.02491580955373
0.127624,0.02,-0.0469816635950041,-0.0330493511922923,-0.901647991450122,0.477388439395304,0.0574415905802199,1.02022978909377
0.1276982,0.02,-0.0470087432995238,-0.0318967013754107,-0.891470869610041,0.486357686445662,0.0568086393538223,1.01551174809948
0.1277724,0.02,-0.047013097253303,-0.0307515052500375,-0.881190874304657,0.49511172883363,0.0561772764424515,1.01075861657788
0.1278466,0.02,-0.0469947254563418,-0.0296137628161726,-0.87080800553397,0.503650566559206,0.0555470896523794,1.00596743272208
0.1279208,0.02,-0.0469536279086401,-0.0284834740738162,-0.86032226329798,0.511974199622392,0.0549176790213934,1.00113534439912
0.127995,0.02,-0.0468893336506977,-0.0273605736556739,-0.849587257041533,0.520283629626936,0.0542882178835703,0.996239711407418
0.1280692,0.02,-0.0468002690570757,-0.0262503493743607,-0.838816201429412,0.52835742406856,0.0536595380719092,0.991349679653366
0.1281434,0.02,-0.0466911572393114,-0.0251577289102578,-0.828012517029178,0.536155100678765,0.0530374913459161,0.986441594997318
0.1282176,0.02,-0.0465619981974049,-0.0240827122633661,-0.817104706227041,0.543766946028187,0.0524213382707388,0.981500174493719
0.1282918,0.02,-0.0464127919313562,-0.0230252994336855,-0.806092769023002,0.551192960116826,0.0518103432614979,0.976524055798689
0.128366,0.02,-0.0462435384411651,-0.0219854904212149,-0.794976705417048,0.558433142944689,0.0512037756090393,0.971511985152437
0.1284402,0.02,-0.0460540725210223,-0.0209631199706454,-0.783707808970327,0.565534264032788,0.0506006916422617,0.966450688672825
0.1285144,0.02,-0.0458459866138842,-0.0199553439174124,-0.772300841747611,0.572512432174446,0.0500007023896931,0.96136313386689
0.1285886,0.02,-0.0456222352860273,-0.0189617355985802,-0.760852120020028,0.579247716660188,0.0494058272818511,0.956255125892151
0.1286628,0.02,-0.0453828185374518,-0.0179822950141501,-0.749363857300067,0.585765993388393,0.0488156035748735,0.951140362742496
0.128737,0.02,-0.0451277363681574,-0.017017022164121,-0.737836053587716,0.592067262359067,0.048229572183963,0.946015689685565
0.1288112,0.02,-0.0448569887781441,-0.0160659170484927,-0.726268708882974,0.59815152357221,0.047647278336245,0.940878038140065
0.1288854,0.02,-0.0445700768281316,-0.0151290851522665,-0.714633800148032,0.604017397868532,0.0470678336659983,0.935702134892237
0.1289596,0.02,-0.0442675210087354,-0.0142113715705128,-0.702905035089493,0.60973682561982,0.0464927574808595,0.930513022408121
0.1290338,0.02,-0.0439541622240368,-0.0133154175114762,-0.69107797687362,0.61531573492777,0.045926775636026,0.925311960243375
0.129108,0.02,-0.0436300004740356,-0.0124412229751566,-0.679152625500412,0.620754125792381,0.0453691632111714,0.920099980117577
0.1291822,0.02,-0.0432950357587319,-0.0115887879615539,-0.667128980969869,0.626051998213655,0.044819193742946,0.914878233273263
0.1292564,0.02,-0.0429492680781255,-0.010758112470668,-0.655007043281988,0.631209352191593,0.0442761404413057,0.909647994030186
0.1293306,0.02,-0.0425925870824271,-0.00994896777780571,-0.642786133850098,0.636175843810007,0.0437391178948313,0.904374766408998
0.1294048,0.02,-0.0422267824344288,-0.0091574919156578,-0.630552039064529,0.640945735369294,0.0432083419370602,0.899114736647398
0.129479,0.02,-0.0418539437309081,-0.00838267076691109,-0.61831825413413,0.645533520276689,0.0426851470070849,0.893885333360098
0.1295532,0.02,-0.0414740709718657,-0.00762450433156647,-0.606084779058915,0.649939198532189,0.0421690838088928,0.888684264064329
0.1296274,0.02,-0.0410871641573012,-0.00688299260962364,-0.59385161383888,0.654162770135794,0.0416597005000414,0.883509292022884
0.1297016,0.02,-0.0406932232872148,-0.0061581356010826,-0.581618758474024,0.658204235087504,0.041156543290034,0.878358238588328
0.1297758,0.02,-0.0402926694200531,-0.00544991294584152,-0.56935876691158,0.662061496664637,0.0406595715682167,0.873209499962577
0.12985,0.02,-0.0398853535800312,-0.00476782232769308,-0.55703518808639,0.66578095649527,0.0401693111709991,0.868074007673422
0.1299242,0.02,-0.0394772802366255,-0.00410480311088496,-0.544646429568801,0.669364503685773,0.0396901129182092,0.86295340084882
0.1299984,0.02,-0.0390676166174806,-0.00346307465024736,-0.532193324131177,0.672814357590973,0.0392208051192684,0.857851323966074
0.1300726,0.02,-0.0386563627225964,-0.00284263694578026,-0.51967587177352,0.676130518210869,0.0387607399793458,0.852769306060945
0.1301468,0.02,-0.0382435185519726,-0.00224348999748296,-0.507094072495814,0.679312985545465,0.0383092672679063,0.847708989389096
0.130221,0.02,-0.037829571672369,-0.00166364523671661,-0.494445534126146,0.68231418998789,0.0378661353769903,0.84263220925628
0.1302952,0.02,-0.0374164071239622,-0.00109624440749966,-0.481817983223235,0.6851346138292,0.0374324628346448,0.837590596905309
0.1303694,0.02,-0.0370035676526842,-0.000543597137484302,-0.469228295611282,0.687794399349463,0.0370075602664463,0.832608148638216
0.1304436,0.02,-0.0365910532585352,-5.70342667116506e-06,-0.456676471290303,0.690293546548675,0.0365910537030302,0.827682656479469
0.1305178,0.02,-0.0361788342772264,0.000518056242639797,-0.44416253992457,0.692631435909141,0.0361825431932244,0.822811441268171
0.130592,0.02,-0.0357692420327919,0.00103000277116758,-0.431684170190051,0.694805746530141,0.035784068819924,0.817989149196968
0.1306662,0.02,-0.0353625058074031,0.00151469892896113,-0.419211370719786,0.696827265021745,0.0353949308492616,0.813207483129888
0.1307404,0.02,-0.0349574453558412,0.00197326716034303,-0.406704768564271,0.69872105277683,0.035013094251904,0.808467611204357
0.1308146,0.02,-0.034557275147436,0.00241924029888617,-0.394163857525154,0.700479817046885,0.0346418531438396,0.803764343989672
0.1308888,0.02,-0.034162001165798,0.00285274107087947,-0.381588631618824,0.702103435105623,0.0342809051115846,0.799098940912727
0.130963,0.02,-0.0337715783193449,0.0032693392182452,-0.368979135936864,0.703596337211119,0.0339294574242442,0.794476814320983
0.1310372,0.02,-0.0333860066080763,0.00366903474098351,-0.356335370479269,0.704958523363376,0.0335870101849668,0.789899623950581
0.1311114,0.02,-0.0330067361059915,0.00405952030948404,-0.34366402255248,0.706127977747757,0.0332554406603442,0.785316293830128
0.1311856,0.02,-0.0326339136496731,0.00444616083951463,-0.331049518101728,0.707126047339273,0.0329354014140584,0.78078231938297
0.1312598,0.02,-0.0322661350985521,0.00482303760031749,-0.318503511169837,0.70797789019829,0.0326246098197679,0.776322857860785
0.131334,0.02,-0.0319023718554223,0.00518708467498987,-0.306027030354027,0.70868657224171,0.0323213115053698,0.771938599231188
0.1314082,0.02,-0.0315471212585287,0.00553731886117809,-0.293615578316048,0.709253076671886,0.0320294046131157,0.767626233656982
0.1314824,0.02,-0.0312009865097551,0.00587408843876495,-0.281268551854017,0.709677055208936,0.0317491176911793,0.763382945154057
0.1315566,0.02,-0.0308627583105944,0.00619237733871295,-0.268957472289827,0.709952800605039,0.0314778555121401,0.759191083316625
0.1316308,0.02,-0.0305312636670696,0.00649919422563511,-0.256641076689092,0.710087668191935,0.0312153421684058,0.755042474806812
0.131705,0.02,-0.0302069444860381,0.00679943144864944,-0.244320675496349,0.710082285377092,0.0309627479918607,0.750939041787911
0.1317792,0.02,-0.0298898007675003,0.00709308900775573,-0.231996268711606,0.70993665216051,0.030719897486691,0.746881730113263
0.1318534,0.02,-0.0295796014002674,0.00737875456038413,-0.219668087446053,0.709652180884759,0.0304860433290562,0.742872994849524
0.1319276,0.02,-0.0292762820117229,0.00765131944856852,-0.207336196072291,0.709233980207805,0.0302595997616289,0.738918897365017
0.1320018,0.02,-0.0289812585751983,0.00792846174496551,-0.19501749611396,0.708619745447463,0.030046195337245,0.734965147084259
0.132076,0.02,-0.0286921766866764,0.00820407816359671,-0.182788219099476,0.707847365354675,0.0298420492180725,0.731067319527492
0.1321502,0.02,-0.0284106527357928,0.00846865677519832,-0.170652340050121,0.706942833182293,0.0296459666135197,0.72724850673782
0.1322244,0.02,-0.0281383921141915,0.00872699835789411,-0.158608153574267,0.705901348152196,0.0294606451238034,0.72350069779049
0.1322986,0.02,-0.0278753948218721,0.00897910291168438,-0.146655659671899,0.704722910264381,0.0292858656278737,0.719820993556939
0.1323728,0.02,-0.0276216608588347,0.00922497043656911,-0.134794858343018,0.703407519518848,0.0291214049825219,0.716206529118084
0.132447,0.02,-0.0273757680836446,0.00946405577879393,-0.123000325048667,0.701937001732124,0.0289655144948889,0.712632187290724
0.1325212,0.02,-0.0271354117799308,0.00970192413994104,-0.111232416055893,0.700312881876028,0.0288176665343254,0.70909151941279
0.1325954,0.02,-0.0269006206869652,0.00993960333171151,-0.099491527134435,0.69853965769218,0.0286781991717707,0.705589269575615
0.1326696,0.02,-0.0266713948047481,0.0101770933541053,-0.0877776582842935,0.696617329180577,0.028547093196487,0.702125786884768
0.1327438,0.02,-0.0264477341332792,0.0104143942071225,-0.0760908095054686,0.69454589634122,0.0284243249257739,0.698701519545812
0.132818,0.02,-0.0262296706576773,0.0106508857330987,-0.0644309488128371,0.692325979331774,0.0283096624796154,0.69531763160632
0.1328922,0.02,-0.0260158076843795,0.0108884004774448,-0.0528261535891442,0.689918533507213,0.0282024735515848,0.69193799243846
0.1329664,0.02,-0.0258069040115269,0.0111252647776115,-0.0413375437438256,0.687365132548092,0.0281028078851941,0.688607012718886
0.1330406,0.02,-0.0256037975014435,0.0113619343957694,-0.0299666844616699,0.684678641074303,0.0280115690333243,0.685334111015189
0.1331148,0.02,-0.0254064881541294,0.0115984093319182,-0.0187135757426899,0.681859059085849,0.0279287081576761,0.682115807157785
0.133189,0.02,-0.0252149759695846,0.0118346895860581,-0.0075782175868814,0.67890638658273,0.0278541718732595,0.678948680773896
0.1332632,0.02,-0.025029260947809,0.012070775158189,0.00343939000575568,0.675820623564944,0.0277879023410021,0.675829375389471
0.1333374,0.02,-0.0248472022258177,0.0123076003200336,0.0143603316024538,0.672577139684109,0.0277283335973941,0.672730427399705
0.1334116,0.02,-0.0246656200224257,0.0125483041348828,0.0252209913863934,0.669173635448202,0.0276740446583474,0.669648753291959
0.1334858,0.02,-0.0244845427111915,0.0127930988814451,0.0360217800484915,0.665614662710887,0.0276252820938827,0.666588664660291
0.13356,0.02,-0.0243039702921153,0.0130419845597201,0.04676269758874,0.661900221472167,0.0275821741930545,0.663550038106155
0.1336342,0.02,-0.0241239027651969,0.013294961169708,0.0574437440071388,0.658030311732043,0.027544848468066,0.660532871917611
0.1337084,0.02,-0.0239443401304363,0.0135520287114089,0.0680649193037,0.654004933490509,0.0275134313831786,0.657537288881584
0.1337826,0.02,-0.0237637525261171,0.0138121853266404,0.0785908697874778,0.649793799940546,0.0274862219597383,0.654529225669203
0.1338568,0.02,-0.0235825560798914,0.0140750146779677,0.0889727625022378,0.645446574623744,0.0274634846559251,0.651550023529126
0.133931,0.02,-0.0234011223592445,0.0143406631184846,0.0992113436950083,0.640974599813215,0.0274457127134676,0.648607221917456
0.1340052,0.02,-0.0232194513641766,0.0146091306481908,0.109306613365778,0.636377875508963,0.0274330023867106,0.6456970931968
0.1340794,0.02,-0.0230375430946876,0.0148804172670865,0.119258571514558,0.631656401710984,0.0274254482166143,0.642816005325133
0.1341536,0.02,-0.0228553975507773,0.0151545229751718,0.129067218141348,0.626810178419277,0.0274231428506852,0.639960425783308
0.1342278,0.02,-0.0226704385894677,0.0154319191582906,0.13874830094288,0.621812393499237,0.0274243124753719,0.637104185925494
0.134302,0.02,-0.0224792024986438,0.015713828559956,0.14833424015164,0.616657637233672,0.027426974914976,0.63424734004959
0.1343762,0.02,-0.0222817406434493,0.016000309344979,0.157826015336914,0.61134989212949,0.0274314758122301,0.631393491987261
0.1344504,0.02,-0.022078053023884,0.0162913615133598,0.167223626498704,0.60588915818669,0.0274380918666808,0.628542292345992
0.1345246,0.02,-0.0218681396399479,0.0165869850650982,0.176527073637008,0.600275435405273,0.0274471055825938,0.625693540064012
0.1345988,0.02,-0.0216520004916411,0.0168871800001945,0.18573635675183,0.594508723785236,0.0274588050295164,0.622847185813818
0.134673,0.02,-0.0214281658032338,0.0171900605798701,0.194811018899022,0.588567611076164,0.0274711571003204,0.619970294362865
0.1347472,0.02,-0.0211973944901216,0.0174944497397745,0.203715887814052,0.582510293212069,0.0274842737736935,0.617104857091465
0.1348214,0.02,-0.0209600104178084,0.0178005269684275,0.212453735597328,0.576346564962952,0.0274987417360932,0.614257236598686
0.1348956,0.02,-0.0207160135862945,0.0181082922658288,0.221024562248839,0.570076426328822,0.0275147863464758,0.611423739294715
0.1349698,0.02,-0.0204654039955797,0.0184177456319786,0.22942836776859,0.563699877309675,0.0275326372668249,0.60860079495175
0.135044,0.02,-0.020208181645664,0.0187288870668767,0.237665152156579,0.557216917905512,0.0275525283084507,0.605784960319855
0.1351182,0.02,-0.0199418146867447,0.019041252684863,0.245744901920929,0.550600793864936,0.02757254570781,0.602952561172788
0.1351924,0.02,-0.0196632896966606,0.0193544812194534,0.2536962142775,0.543844409460888,0.0275905945019126,0.600107082811557
0.1352666,0.02,-0.0193726807366873,0.0196686062677589,0.261520551562297,0.536951150054013,0.0276071518169067,0.597251652516571
0.1353408,0.02,-0.0190699878068249,0.0199836278297793,0.269217913775316,0.529921015644314,0.0276226323182926,0.594385874595817
0.135415,0.02,-0.0187552109070736,0.0202995459055146,0.276788300916555,0.522754006231793,0.0276374655158339,0.591509521948433
0.1354892,0.02,-0.018428350037433,0.0206163604949652,0.284231712986025,0.515450121816442,0.0276520958547543,0.588622540128693
0.1355634,0.02,-0.0180884931597501,0.0209314077128993,0.29150528454386,0.507998434220338,0.0276643708338713,0.585694237710524
0.1356376,0.02,-0.0177374976996518,0.0212430747653641,0.298589019793094,0.500463359212672,0.0276746644086609,0.582768373074099
0.1357118,0.02,-0.0173756847407997,0.0215515886852055,0.305487184910677,0.492852998214501,0.0276836665755809,0.579850410014232
0.135786,0.02,-0.0170030542831942,0.0218569494724234,0.312199779896603,0.485167351225834,0.0276916972249322,0.576936791393112
0.1358602,0.02,-0.0166196063268349,0.022159157127018,0.318726804750878,0.477406418246662,0.0276990894983724,0.574024097272763
0.1359344,0.02,-0.0162253408717219,0.0224582116489893,0.325068259473503,0.469570199276984,0.0277061898657027,0.571109048576679
0.1360086,0.02,-0.0158182322855509,0.0227527999368324,0.331228829015615,0.461633457954295,0.0277111237160308,0.568170737255884
0.1360828,0.02,-0.0153963314940415,0.0230415073398003,0.337233759566362,0.453588155528132,0.0277120566534584,0.565215731757951
0.136157,0.02,-0.0149597306689477,0.0233243789180943,0.343084853585339,0.445437020278471,0.0277095686289465,0.562246703675741
0.1362312,0.02,-0.0145084298102693,0.0236014146717141,0.348782111072545,0.437180052205313,0.0277041749573185,0.559263228766617
0.1363054,0.02,-0.0140424289180064,0.0238726146006599,0.35432553202798,0.428817251308658,0.0276964174179424,0.556265060620226
0.1363796,0.02,-0.0135617279921589,0.0241379787049318,0.359715116451646,0.420348617588502,0.0276868647934909,0.553252135388908
0.1364538,0.02,-0.0130664958592382,0.0243943606637886,0.364908442608454,0.411774310389099,0.0276734194893671,0.550196559588794
0.136528,0.02,-0.0125600005456883,0.0246405121725496,0.369901697596039,0.403161269123741,0.0276569783930431,0.547143742362002
0.1366022,0.02,-0.0120425249604715,0.0248767315111808,0.374700119776436,0.394515720152247,0.0276382737902162,0.544098183426228
0.1366764,0.02,-0.0115140691035884,0.0251030186796819,0.37930370914964,0.385837663474625,0.0276176634448801,0.541056379992171
0.1367506,0.02,-0.010974632975039,0.025319373678053,0.383712465715651,0.377127099090873,0.0275955295724814,0.538014967463064
0.1368248,0.02,-0.0104242165748228,0.0255257965062942,0.387926389474473,0.368384027000988,0.0275722791673005,0.534970723498179
0.136899,0.02,-0.00986163341428038,0.0257204562147826,0.391945672963626,0.359585524209099,0.0275462099297562,0.531905216909594
0.1369732,0.02,-0.00928625849056494,0.025901636982101,0.395792750084428,0.35072246614344,0.0275159843564814,0.528827144988918
0.1370474,0.02,-0.00869818394571596,0.0260694136877728,0.399469606810386,0.341796897655412,0.0274822257828173,0.525738609968974
0.1371216,0.02,-0.00809740977973385,0.026223786331798,0.402976243141499,0.332808818745022,0.0274454917011287,0.522639036401696
0.1371958,0.02,-0.00748393599261865,0.0263647549141765,0.406312659077765,0.32375822941227,0.0274063788127181,0.519528024305727
0.13727,0.02,-0.00685776258436965,0.0264923194349084,0.40947885461919,0.314645129657145,0.0273655238704616,0.516405354345988
0.1373442,0.02,-0.00622045741839814,0.0266034087752843,0.412435740614753,0.305480243924466,0.0273209708641362,0.513245964002242
0.1374184,0.02,-0.00557642688844426,0.0266980106402344,0.415195491018301,0.296328270032764,0.0272741692630268,0.510095813923756
0.1374926,0.02,-0.00492586410850955,0.0267764866362344,0.417763766977482,0.287193495017562,0.0272258034554711,0.506958251318211
0.1375668,0.02,-0.00426876907859474,0.0268388367632841,0.420140568492293,0.278075918878869,0.0271761945138126,0.503829647751454
0.137641,0.02,-0.00360514179869911,0.0268850610213837,0.422325895562735,0.268975541616676,0.0271256991340731,0.500706504901675
0.1377152,0.02,-0.00293498226882265,0.0269151594105331,0.42431974818881,0.259892363230984,0.0270747101002525,0.497585459161339
0.1377894,0.02,-0.0022580627782557,0.0269272478030619,0.42611873109336,0.250805973382807,0.027021760152848,0.494450006849138
0.1378636,0.02,-0.00157489692478819,0.0269200582439207,0.42774267096195,0.241705528928368,0.026966086779134,0.491309836331622
0.1379378,0.02,-0.000885552280362732,0.0268936967124073,0.429193574692397,0.232592415475071,0.0269082724399059,0.488166320318973
0.138012,0.02,-0.000190028844979334,0.0268481632085218,0.430471442284699,0.223466633022918,0.0268488357034965,0.485018555003073
0.1380862,0.02,0.000511673381362007,0.0267834577322641,0.431576273738857,0.214328181571909,0.0267883448115999,0.481865800270405
0.1381604,0.02,0.00121955439866156,0.0266995802836343,0.432508069054871,0.20517706112204,0.0267274185108388,0.478707485013814
0.1382346,0.02,0.00193067861593696,0.0265942182303064,0.433233572457364,0.196032908579695,0.0266642075299304,0.475521008526842
0.1383088,0.02,0.00264029667216474,0.026469190375162,0.433779253724207,0.186953249473683,0.0266005489724105,0.472351520004222
0.138383,0.02,0.00334834469195112,0.0263248825140155,0.434150685347087,0.177940531212896,0.0265369714088258,0.469201076549994
0.1384572,0.02,0.00405482267529531,0.0261612946468673,0.434347867326004,0.168994753797345,0.0264736647355121,0.466065764309795
0.1385314,0.02,0.00475973062219755,0.0259784267737171,0.434370799660958,0.160115917227026,0.0264108631671376,0.462941787428562
0.1386056,0.02,0.00546306853265813,0.025776278894565,0.43421948235195,0.151304021501935,0.0263488457326486,0.459825473170695
0.1386798,0.02,0.00616424564528016,0.025553377024721,0.433887682884144,0.142540982546652,0.0262863653201217,0.456701711255756
0.138754,0.02,0.00686216066182541,0.0253094050984674,0.433392323953725,0.133813663536248,0.0262231812598516,0.453580205708982
0.1388282,0.02,0.00755678968792425,0.0250444853158405,0.432735287475701,0.125122871434554,0.0261597269695781,0.450461498890533
0.1389024,0.02,0.00824813272357616,0.0247586176768407,0.431916573450074,0.116468606241578,0.0260963760452232,0.447344232846149
0.1389766,0.02,0.00893618976878113,0.024451802181468,0.430936181876844,0.107850867957318,0.0260335575268788,0.444227197017179
0.1390508,0.02,0.00962096082353993,0.0241240388297219,0.42979411275601,0.0992696565817655,0.0259717565179181,0.441109333473672
0.139125,0.02,0.0102985605613069,0.0237743726703775,0.428464715768243,0.0907510289151873,0.0259090938765696,0.437970046815449
0.1391992,0.02,0.0109649721265178,0.0234065262423786,0.426985656906335,0.0823411827213262,0.0258475547096911,0.434852643519252
0.1392734,0.02,0.0116202708119231,0.0230208530532106,0.425361998590773,0.0740409829032075,0.0257874071794732,0.431757914802277
0.1393476,0.02,0.0122644566175219,0.0226173531028737,0.42359374082156,0.0658504294608407,0.0257286135946566,0.428681625828983
0.1394218,0.02,0.012897529543315,0.0221960263913677,0.421680883598692,0.0577695223942165,0.0256711872706927,0.425619648642106
0.139496,0.02,0.0135194895893024,0.0217568729186924,0.419623426922171,0.0497982617033349,0.0256151931079074,0.422567967657962
0.1395702,0.02,0.0141292921289048,0.0212991464950513,0.41741277255137,0.0419206125978829,0.0255595488512921,0.419512527166476
0.1396444,0.02,0.0147259633530908,0.020823584975841,0.415062262253889,0.0341210866707709,0.025504424869474,0.416462399386679
0.1397186,0.02,0.0153095284672892,0.0203303031422322,0.412573545368911,0.0264000343191534,0.0254500076177944,0.41341733411932
0.1397928,0.02,0.0158799874715002,0.0198193009942249,0.409946621896437,0.0187574555430304,0.0253964307333666,0.410375529171452
0.139867,0.02,0.0164373403657237,0.0192905785318191,0.407181491836466,0.0111933503424019,0.0253438864105513,0.407335314435243
0.1399412,0.02,0.0169815871499599,0.0187441357550146,0.404278155188998,0.00370771871726519,0.0252926259477758,0.404295156959747
0.1400154,0.02,0.0175086098030596,0.0181806887079791,0.401219434943333,-0.00366985699814177,0.0252406192303643,0.401236218238876
0.1400896,0.02,0.0180161340323532,0.0176053413951377,0.398050132942326,-0.0109071617423476,0.0251898616731229,0.398199541075423
0.1401638,0.02,0.0185043495908253,0.017018361798361,0.394774510856643,-0.0180045437283527,0.0251403180584373,0.395184865622367
0.140238,0.02,0.0189732564784754,0.0164197499176496,0.391392568686289,-0.024962002956149,0.0250916848528783,0.392187766783251
0.1403122,0.02,0.0194228546953035,0.0158095057530033,0.387904306431261,-0.0317795394257393,0.025043716910018,0.389203918369316
0.1403864,0.02,0.01985314424131,0.015187629304422,0.384309724091558,-0.038457153137126,0.0249962281185542,0.386229098669095
0.1404606,0.02,0.0202631026295815,0.0145541695953407,0.380598088922757,-0.0450089345035147,0.0249482901375403,0.383250191750502
0.1405348,0.02,0.0206525092896974,0.0139105994536043,0.376778432151097,-0.0514520736547361,0.0249004200189405,0.380275298721349
0.140609,0.02,0.0210214284753756,0.0132570040512011,0.372852113033908,-0.0577865391814927,0.0248525373263756,0.37730356783951
0.1406832,0.02,0.0213698601866157,0.0125933833881317,0.368819131571191,-0.06401233108378,0.0248045203452108,0.374332913786254
0.1407574,0.02,0.0216978044234177,0.0119197374643961,0.364679487762948,-0.0701294493615979,0.0247563094587423,0.371361371796808
0.1408316,0.02,0.0220052611857821,0.0112360662799935,0.360433181609174,-0.0761378940149533,0.0247079077483889,0.368387102529315
0.1409058,0.02,0.0222887033934066,0.010544659393667,0.356071500622747,-0.0820074047418753,0.0246571721956858,0.365393114314204
0.14098,0.02,0.0225482118625176,0.00985101489559917,0.351642020503543,-0.0877205840212453,0.0246061852522958,0.362418282437355
0.1410542,0.02,0.0227840398353835,0.00915528372600068,0.347148058257674,-0.0932785767742967,0.0245546674040581,0.359461635278526
0.1411284,0.02,0.0229961873120038,0.00845746588487232,0.342589613885146,-0.0986813830010234,0.0245021092986409,0.356518805805483
0.1412026,0.02,0.0231846542923791,0.00775756137221303,0.337966687385952,-0.103929002701434,0.024448066449124,0.353585519196061
0.1412768,0.02,0.0233494407765089,0.0070555701880236,0.333279278760096,-0.109021435875521,0.0243921597086815,0.350657598137001
0.141351,0.02,0.0234899767381855,0.00635212796801754,0.328514679325464,-0.113970635839455,0.024333691394496,0.347722878692159
0.1414252,0.02,0.0236071110577443,0.00564882799354261,0.323677196986751,-0.118794263661274,0.0242735442445742,0.344788348016612
0.1414994,0.02,0.0237009261892186,0.00494571367109351,0.318767891058239,-0.12349248008282,0.0242114432850095,0.341852835305958
0.1415736,0.02,0.0237714221326087,0.00424278500066946,0.313786761539921,-0.128065285104099,0.0241470854301008,0.338914220661372
0.1416478,0.02,0.0238185988879146,0.00354004198227045,0.308733808431798,-0.132512678725111,0.0240802315233804,0.33597049646019
0.141722,0.02,0.0238424564551361,0.00283748461589701,0.303609031733873,-0.136834660945852,0.0240107069608646,0.333019772065483
0.1417962,0.02,0.0238407497789725,0.00213846823032823,0.298411487085225,-0.141002759050398,0.0239364658292677,0.330047259773869
0.1418704,0.02,0.0238159233730164,0.00144772283694282,0.293187520692424,-0.145013524267424,0.0238598849016921,0.327089963939937
0.1419446,0.02,0.0237682341826619,0.000765281865457999,0.287939497200848,-0.148868499824678,0.0237805511394386,0.324146547549603
0.1420188,0.02,0.023697682207909,9.11453158737504e-05,0.282667416610495,-0.152567685722161,0.0236978574874534,0.321212962284942
0.142093,0.02,0.0236042674487577,-0.00057468681181017,0.277371278921365,-0.156111081959873,0.0236112622857007,0.318285243580591
0.1421672,0.02,0.0234879899052081,-0.00123221451759326,0.272051084133461,-0.159498688537812,0.0235202895901502,0.315359515511223
0.1422414,0.02,0.0233489668433931,-0.00188063231062433,0.266692439659797,-0.162739886998308,0.0234245817580941,0.312424596009848
0.1423156,0.02,0.0231890125237998,-0.00251891006064321,0.261295072892921,-0.165851362826103,0.0233254198187847,0.309486331958929
0.1423898,0.02,0.0230082044970422,-0.00314704461103141,0.255859767402622,-0.168833369917683,0.0232224323437821,0.306543516279638
0.142464,0.02,0.0228065427631204,-0.00376503596178917,0.2503865231889,-0.171685908273048,0.0231152306629115,0.303594239230864
0.1425382,0.02,0.0225840273220342,-0.0043728841129165,0.244875340251754,-0.1744089778922,0.0230034868128157,0.300636697415359
0.1426124,0.02,0.0223406581737837,-0.00497058906441339,0.239326218591184,-0.177002578775138,0.0228869343356666,0.297669198605103
0.1426866,0.02,0.0220758232994841,-0.00555451342865524,0.233744853790899,-0.17944194665546,0.0227638879319671,0.294679603795766
0.1427608,0.02,0.021793724656895,-0.00612167852407342,0.228173194609735,-0.181735448221691,0.0226371681615138,0.291703239403938
0.142835,0.02,0.021494573322955,-0.00667214052719821,0.222612751483033,-0.183884694011706,0.0225063133709315,0.288738666989071
0.1429092,0.02,0.0211783692976642,-0.00720589943802963,0.217063524410793,-0.185889684025507,0.0223707021083211,0.285782344200508
0.1429834,0.02,0.0208451125810222,-0.00772295525656826,0.211525513393009,-0.187750418263094,0.0222297718479171,0.282830801671499
0.1430576,0.02,0.0204948031730294,-0.00822330798281353,0.205998718429687,-0.189466896724466,0.0220830195236389,0.279880647685889
0.1431318,0.02,0.0201281958033344,-0.00870646270041985,0.200467626114451,-0.191045456964983,0.0219304983767166,0.276921714112351
0.143206,0.02,0.0197475828337423,-0.00917245613613803,0.194928088175145,-0.19250058151136,0.02177386000104,0.273958817054368
0.1432802,0.02,0.0193530200228119,-0.0096213124655047,0.18938065338154,-0.193832550564235,0.0216127054660502,0.27099093994718
0.1433544,0.02,0.018944507370543,-0.0100530316885204,0.18382532173363,-0.19504136412361,0.0214466269059484,0.268016571557938
0.1434286,0.02,0.0185220448769353,-0.0104676138051851,0.178262093231416,-0.196127022189485,0.0212752693331414,0.265034304791212
0.1435028,0.02,0.0180856325419893,-0.0108650588154984,0.172690967874901,-0.197089524761859,0.0210983318655315,0.262042842215591
0.143577,0.02,0.0176361986224599,-0.0112422766478572,0.167122945128529,-0.19790918317735,0.0209146906761208,0.259033054984029
0.1436512,0.02,0.0171786693828735,-0.0115985466985569,0.161593443242812,-0.198603348917401,0.0207275895193986,0.256038534405028
0.1437254,0.02,0.0167131838976237,-0.0119339710084609,0.156103282925428,-0.199173462902176,0.0205365571609891,0.253057904963549
0.1437996,0.02,0.0162397421667104,-0.0122485495775693,0.150652464176376,-0.199619525131676,0.0203409978220196,0.250088223985477
0.1438738,0.02,0.0157583441901335,-0.012542282405882,0.145240986995656,-0.199941535605899,0.0201403639382116,0.247126611201459
0.143948,0.02,0.0152689899678934,-0.012815169493399,0.13986885138327,-0.200139494324846,0.0199341572127887,0.24417025366715
0.1440222,0.02,0.0147727449264321,-0.0130673951861052,0.134520252665442,-0.200216441861256,0.019722849936337,0.241210119955105
0.1440964,0.02,0.0142716812213226,-0.0133002023246478,0.1291882173291,-0.200183971940694,0.0195083640205841,0.238250326586604
0.1441706,0.02,0.0137658270287427,-0.013513624660347,0.123873103432008,-0.200042350451879,0.0192903096202731,0.235290220213653
0.1442448,0.02,0.0132551823486923,-0.0137076621932029,0.118574910974163,-0.199791577394812,0.0190682946772921,0.232328827118887
0.144319,0.02,0.012739747181171,-0.0138823149232156,0.113293639955562,-0.199431652769492,0.0188419697979667,0.229365282858483
0.1443932,0.02,0.0122195215261796,-0.0140375828503849,0.108029290376212,-0.19896257657592,0.0186110300255033,0.226398839345339
0.1444674,0.02,0.0116964776705576,-0.0141715456756234,0.102796753227998,-0.198370616954372,0.0183749910675933,0.223423530866997
0.1445416,0.02,0.0111751280196153,-0.0142856301147621,0.0976237619847517,-0.19767908561515,0.0181373292970765,0.220470904642081
0.1446158,0.02,0.0106555400072004,-0.0143799410018111,0.0925106401881115,-0.196889116229178,0.0178975762621819,0.217539749557456
0.14469,0.02,0.010137713633313,-0.0144544783367704,0.0874573878380774,-0.196000708796454,0.0176551743604878,0.214627753415471
0.1447642,0.02,0.0096216488979524,-0.0145092421196402,0.0824640049346439,-0.195013863316979,0.0174096017875714,0.211732659256134
0.1448384,0.02,0.00910734580111922,-0.0145442323504203,0.0775304914778164,-0.193928579790753,0.0171603741860187,0.208852271159425
0.1449126,0.02,0.00859568594885025,-0.0145604237868461,0.0726416948315881,-0.192744757666201,0.0169083339742215,0.205979021834283
0.1449868,0.02,0.00808785906694908,-0.0145599849731134,0.0677888820215833,-0.19147104723228,0.0166555284126358,0.203116947727072
0.145061,0.02,0.00758387071359523,-0.0145429441960821,0.062972261576854,-0.190107675884096,0.0164015950715436,0.200265908626896
0.1451352,0.02,0.00708372088878816,-0.0145093014557522,0.0581918334973949,-0.188654643621647,0.0161461738614492,0.19742559116234
0.1452094,0.02,0.00658740959252787,-0.0144590567521237,0.0534475977832059,-0.187111950444933,0.0158889360027934,0.194595805987957
0.1452836,0.02,0.00609493682481471,-0.0143922100851967,0.0487395544342907,-0.185479596353956,0.0156295862400423,0.191776497074275
0.1453578,0.02,0.0056085951193471,-0.0143082375868257,0.0440850387829238,-0.183750254524558,0.0153682140163982,0.188964670460728
0.145432,0.02,0.00513158481987762,-0.0142100468734922,0.0395037214693613,-0.181950302593932,0.0151082293770793,0.186189303194228
0.1455062,0.02,0.00466392166813804,-0.0140977167191211,0.0349956190029868,-0.18008051886352,0.0148491677214285,0.183449411619544
0.1455804,0.02,0.00420560566412836,-0.0139712471237126,0.0305607313838005,-0.178140903333322,0.0145905059951325,0.180743297920351
0.1456546,0.02,0.00375663680784841,-0.0138306380872666,0.0261990586118006,-0.176131456003338,0.0143317434391993,0.178069313656229
0.1457288,0.02,0.00331701509929853,-0.0136758896097832,0.0219106006869905,-0.174052176873569,0.0140724036961689,0.175425866669921
0.145803,0.02,0.00288695505398067,-0.0135085592164564,0.0176816791150077,-0.171900420211521,0.013813604945423,0.172807396384598
0.1458772,0.02,0.00246637286145858,-0.0133311348706941,0.013502593137756,-0.169682313687005,0.0135573652319459,0.170218705198984
0.1459514,0.02,0.00205526242489602,-0.013143632190808,0.00937344055208245,-0.167398031012362,0.0133033518634378,0.167660258184816
0.1460256,0.02,0.00165362374429282,-0.0129460511767981,0.00529422135798539,-0.165047572187592,0.0130512341393435,0.165132461571932
0.1460998,0.02,0.00126145681964885,-0.0127383918286644,0.00126493555546335,-0.162630937212694,0.0128006991874827,0.162635856442049
0.146174,0.02,0.000878761650964525,-0.0125206541464069,-0.00271441685547917,-0.16014812608767,0.0125514541903774,0.160171128322983
0.1462482,0.02,0.000507454254743862,-0.0122934847108127,-0.00662552900414636,-0.157598212435182,0.0123039536798398,0.157737421677132
0.1463224,0.02,0.000149015049381681,-0.0120602902771028,-0.0104566099880896,-0.155008012491378,0.0120612108452229,0.155360305834439
0.1463966,0.02,-0.000196564973088774,-0.0118211145083683,-0.0142077836913463,-0.152377972905756,0.0118227486655431,0.153038909249535
0.1464708,0.02,-0.000529285812667515,-0.0115759574046094,-0.0178790501139163,-0.149708093678315,0.011588051316111,0.150771926252108
0.146545,0.02,-0.000849147469354911,-0.0113248189658256,-0.0214704092558038,-0.146998374809052,0.0113566093546196,0.148558071709733
0.1466192,0.02,-0.00115614994315059,-0.0110676991920172,-0.0249818611170048,-0.144248816297969,0.0111279220026035,0.146396087339227
0.1466934,0.02,-0.00145102871777835,-0.0108062641373636,-0.0284251170074994,-0.141455113405182,0.0109032485501473,0.144282834687162
0.1467676,0.02,-0.00173512144994277,-0.0105425987611827,-0.0318104482332004,-0.138621459381447,0.0106844295629361,0.142224518342793
0.1468418,0.02,-0.00200843536478265,-0.0102767073220399,-0.0351378285591196,-0.13574796595384,0.01047112821034,0.140221885796957
0.146916,0.02,-0.00227097046229828,-0.0100085898199351,-0.0384072579852606,-0.132834633122356,0.0102630003909353,0.138275656652562
0.1469902,0.02,-0.00252272674248966,-0.00973824625486801,-0.0416187365116235,-0.129881460886995,0.0100597013045976,0.13638663098326
0.1470644,0.02,-0.0027637042053566,-0.00946567662683902,-0.0447722641382059,-0.12688844924776,0.00986088712736295,0.134555691773194
0.1471386,0.02,-0.00299278827658389,-0.00919211943781234,-0.0478500047440982,-0.123860528422554,0.00966704926166539,0.132781977147219
0.1472128,0.02,-0.0032100633629342,-0.00892051581876026,-0.0508474382439802,-0.120822622840304,0.00948051207830065,0.131086109737019
0.147287,0.02,-0.00341554136029285,-0.00865088161746475,-0.0537646987767759,-0.117774922165086,0.00930073521519996,0.129466501943744
0.1473612,0.02,-0.00360922226865983,-0.00838321683392579,-0.0566017863424855,-0.114717426396902,0.0091271468635717,0.127921265379486
0.1474354,0.02,-0.00379110608803519,-0.00811752146814328,-0.0593587009411098,-0.111650135535748,0.00895916514841113,0.126448440649013
0.1475096,0.02,-0.00396119281841882,-0.00785379552011743,-0.0620354425726468,-0.108573049581629,0.00879620103320231,0.125046004456916
0.1475838,0.02,-0.00412112071428783,-0.00759322937844591,-0.0646416823946217,-0.105481116101011,0.00863948889318265,0.123712622463199
0.147658,0.02,-0.00427305379675587,-0.00733691508431641,-0.067188128668931,-0.102377022364446,0.00849054248587447,0.122455295280535
0.1477322,0.02,-0.00441699514494198,-0.00708485181767892,-0.0696747864192167,-0.0992608184555203,0.00834895031659126,0.121273599530249
0.1478064,0.02,-0.0045529447588462,-0.00683703957853334,-0.07210165564548,-0.0961325043742337,0.00821428123304386,0.120166996900486
0.1478806,0.02,-0.00468090263846858,-0.00659347836687959,-0.0744687363477216,-0.0929920801205846,0.0080860872172721,0.119134880108135
0.1479548,0.02,-0.00480086878380898,-0.00635416818271793,-0.076776028525939,-0.0898395456945765,0.0079639057235515,0.118176573511097
0.148029,0.02,-0.00491252330236205,-0.006120220657194,-0.0790072050011802,-0.0866844041488915,0.00784792877700825,0.117287358077275
0.1481032,0.02,-0.00501693565031784,-0.00589348439028188,-0.0811642414807019,-0.0835478067343959,0.00773969001820656,0.116481200651717
0.1481774,0.02,-0.0051141102478542,-0.00567396167489139,-0.0832471966837849,-0.0804297900175237,0.00763858394699853,0.115754252094563
0.1482516,0.02,-0.00520404709497114,-0.0054616525110225,-0.0852560706104294,-0.077330353998275,0.00754398795848959,0.115102481404308
0.1483258,0.02,-0.00528674619166875,-0.00525655689867499,-0.0871908632606375,-0.0742494986766462,0.00745527167339539,0.114521765136015
0.1484,0.02,-0.00536220753794694,-0.00505867483784909,-0.089051574634407,-0.0711872240526409,0.0073718017333012,0.114007911186848
