1,1,1,1,1,1,1,0.999999999999999,0.999999999999999,1,1,0.999999999999999,0.999999999999999,0.999999999999999,1,1,1,1,1,1,1,1,0.999999999999999,1,1,1,1,0.999999999999999,1,1,1,0.999999999999998,0.999999999999998,1,1,1,0.999999999999999,1,1,1,0.999999999999999,1,1,1,1,0.999999999999999,1,1,1,1,1,1,0.999999999999999,1,1,1,1,1,1,0.999999999999999,1,0.999999999999999,1,1,1,0.999999999999999,1,0.999999999999999,1,0.999999999999999,1,1,1,1,1,1,1,1,1,1,1,1,0.999999999999999,1,0.999999999999999,1,1,0.999999999999999,0.999999999999999,1,0.999999999999999,1,0.999999999999999,1,1,1,1,1,1,1,1,0.999999999999999,1,1,0.999999999999999,0.999999999999998,0.999999999999999,1,1,0.999999999999999,1,1,0.999999999999999,1,0.999999999999999,1,1,1,1,1,1,0.999999999999999,1,0.999999999999999,1,1,1,0.999999999999999,1,1,1,0.999999999999999,0.999999999999999,1,1,1,1,1,1,1,1,1,1,1,1,1,1,1,1,1,0.999999999999999,1,0.999999999999999,1,0.999999999999999,1,1,1,1,1,1,1,1,1,1,1,0.999999999999999,0.999999999999999,0.999999999999998,0.999999999999999,0.999999999999999,1,1,1,1,1,1,1,1,1,1,0.999999999999998,1,0.999999999999999,0.999999999999999,1,1,1,1,1,1,1,0.999999999999999,1,0.999999999999999,0.999999999999999,0.999999999999999,1,1,0.999999999999999,1,1,1,1,1,1,1,1,1,0.999999999999999,1,0.999999999999999,1,1,1,1,1,1,1,1,1,0.999999999999999,1,1,1,1,1,1,1,1,1,0.999999999999999,0.999999999999999,0.999999999999999,0.999999999999999,0.999999999999999,1,1,0.999999999999999,1,1,0.999999999999999,1,1,0.999999999999998,0.999999999999998,1,1,1,1,1,1,0.999999999999999,1,1,1,1,1,1,1,1,1,1,0.999999999999999,1,0.999999999999999,0.999999999999999,1,0.999999999999999,0.999999999999999,1,1,1,1,0.999999999999999,1,1,0.999999999999999,1,1,0.999999999999999,1,1,1,1,1,1,1,1,1,1,0.999999999999999,1,1,0.999999999999999,1,1,1,0.999999999999999,1,0.999999999999999,1,1,1,0.999999999999999,1,1,1,1,0.999999999999998,1,0.999999999999999,1,0.999999999999999,1,1,0.999999999999998,1,1,1,1
0.999999999999999,0.999999999999998,0.999999999999999,1,1,0.999999999999999,1,1,0.999999999999999,1,1,1,1,0.999999999999998,1,1,0.999999999999999,0.999999999999999,1,1,0.999999999999999,1,1,1,1,0.999999999999999,1,1,1,0.999999999999999,1,1,1,1,1,0.999999999999999,0.999999999999999,1,1,1,1,1,1,1,1,0.999999999999999,0.999999999999998,0.999999999999999,0.999999999999998,1,1,1,1,1,1,1,0.999999999999999,0.999999999999999,1,1,1,0.999999999999999,1,0.999999999999999,1,1,1,1,0.999999999999999,0.999999999999999,1,0.999999999999999,1,1,1,1,0.999999999999999,1,0.999999999999999,0.999999999999999,1,1,1,1,1,0.999999999999999,1,1,0.999999999999999,1,0.999999999999999,0.999999999999999,1,1,1,1,1,1,1,0.999999999999999,1,1,1,1,1,1,1,1,0.999999999999998,1,1,1,1,1,1,1,1,0.999999999999999,0.999999999999999,1,1,1,0.999999999999999,0.999999999999998,0.999999999999999,1,1,0.999999999999999,0.999999999999997,0.999999999999999,1,1,1,1,1,1,1,0.999999999999999,1,0.999999999999999,1,1,1,1,1,1,1,0.999999999999999,0.999999999999999,0.999999999999999,1,1,0.999999999999999,1,1,1,1,1,1,0.999999999999999,1,0.999999999999999,0.999999999999999,1,1,0.999999999999999,1,1,1,1,0.999999999999999,0.999999999999999,0.999999999999999,1,1,0.999999999999999,1,1,1,1,1,0.999999999999999,0.999999999999999,1,0.999999999999999,1,1,1,1,1,1,1,1,0.999999999999998,0.999999999999999,1,1,1,1,1,0.999999999999999,0.999999999999999,1,1,1,0.999999999999999,1,0.999999999999999,1,0.999999999999999,0.999999999999999,1,1,1,1,1,1,1,1,1,1,1,1,0.999999999999999,1,0.999999999999999,1,1,1,0.999999999999999,1,1,1,0.999999999999999,0.999999999999999,0.999999999999999,0.999999999999999,1,1,1,0.999999999999999,1,1,1,1,1,1,1,1,1,1,1,0.999999999999999,1,0.999999999999999,1,1,1,1,1,0.999999999999999,1,0.999999999999999,1,1,1,1,0.999999999999999,1,1,1,1,0.999999999999998,0.999999999999998,1,1,1,1,0.999999999999999,0.999999999999999,0.999999999999998,1,1,0.999999999999998,1,0.999999999999999,1,1,1,1,1,1,1,1,1,1,1,1,1,1,1,0.999999999999999,1,1,0.999999999999999,1,1,1,1,0.999999999999999,1,1,0.999999999999999,1,1,1,1,1,1,1,1
1,1,1,0.999999999999999,1,1,1,1,1,1,1,1,0.999999999999999,1,1,1,1,1,0.999999999999999,0.999999999999999,0.999999999999999,1,0.999999999999999,1,1,1,1,1,0.999999999999999,1,1,1,0.999999999999999,1,1,0.999999999999999,1,1,1,1,0.999999999999999,0.999999999999999,1,1,1,0.999999999999998,0.999999999999999,1,1,0.999999999999999,1,1,1,0.999999999999999,1,1,0.999999999999999,1,0.999999999999999,1,1,0.999999999999999,1,1,0.999999999999999,1,0.999999999999999,1,0.999999999999999,1,0.999999999999999,1,1,1,1,1,1,1,0.999999999999999,1,0.999999999999999,1,1,1,0.999999999999999,1,0.999999999999999,0.999999999999998,1,1,0.999999999999999,1,1,1,1,0.999999999999999,1,1,1,1,1,1,1,1,1,0.999999999999999,1,1,1,1,1,1,1,0.999999999999998,0.999999999999999,0.999999999999999,0.999999999999999,0.999999999999999,0.999999999999999,0.999999999999999,1,0.999999999999999,0.999999999999999,0.999999999999999,1,1,1,1,1.00000000000008,1,1,1,1,1,1,1,0.999999999999999,0.999999999999999,0.999999999999999,0.999999999999999,1,1,1,1,1,1,1,1,1,1,1,0.999999999999999,1,1,0.999999999999999,0.999999999999999,0.999999999999999,1,1,1,0.999999999999999,1,1,1,1,1,1,1,0.999999999999999,1,1,1,1,0.999999999999998,0.999999999999999,1,1,1,1,1,1,1,1,1,1,1,1,1,1,1,1,0.999999999999999,1,0.999999999999999,1,1,0.999999999999999,0.999999999999999,1,1,1,1,1,1,1,0.999999999999999,0.999999999999999,0.999999999999999,1,1,1,0.999999999999999,1,1,0.999999999999999,0.999999999999998,1,1,1,1,0.999999999999999,1,1,1,1,1,1,0.999999999999999,1,0.999999999999999,0.999999999999998,1,0.999999999999999,1,0.999999999999999,0.999999999999999,1,1,1,0.999999999999999,1,1,1,1,1,1,0.999999999999999,1,1,1,1,1,1,1,0.999999999999999,1,0.999999999999999,1,0.999999999999999,1,0.999999999999999,1,1,1,1,1,1,0.999999999999999,1,1,1,1,1,1,1,0.999999999999999,1,1,0.999999999999999,0.999999999999999,1,1,1,1,1,1,0.999999999999999,1,0.999999999999999,1,1,1,1,1,1,0.999999999999999,1,1,0.999999999999999,1,1,1,0.999999999999999,1,1,1,1,1,1,0.999999999999999,0.999999999999999,1,1,0.999999999999999,0.999999999999999,1,1,1,1,1,1
1,1,0.999999999999999,1,1,1,1,1,1,1,0.999999999999999,1,1,1,1,0.999999999999999,1,0.999999999999999,1,1,1,1,0.999999999999999,1,1,1,1,1,1,1,1,1,1,0.999999999999999,0.999999999999999,0.999999999999999,1,1,1,0.999999999999999,0.999999999999999,1,1,1,1,1,1,1,0.999999999999999,1,1,1,1,1,1,0.999999999999999,1,0.999999999999999,1,1,1,0.999999999999998,1,0.999999999999999,1,1,0.999999999999999,1,1,1,1,1,0.999999999999999,0.999999999999999,1,1,1,1,1,1,1,0.999999999999999,1,1,0.999999999999999,1,0.999999999999999,1,1,1,1,0.999999999999999,1,1,1,0.999999999999999,1,1,1,1,1,1,1,1,1,1,1,1,1,1,1,1,0.999999999999999,1,1,1,1,1,0.999999999999999,0.999999999999999,1,0.999999999999999,1,1,1,0.999999999999999,1,1,0.999999999999973,1,1,0.999999999999999,1,1,1,1,1,1,1,1,1,1,1,1,1,1,1,0.999999999999999,1,1,1,1,0.999999999999999,0.999999999999999,1,1,1,1,1,0.999999999999999,1,1,1,1,1,1,1,0.999999999999999,1,1,0.999999999999999,1,1,1,1,0.999999999999999,1,0.999999999999999,0.999999999999998,1,1,1,0.999999999999999,1,1,1,1,1,0.999999999999999,1,1,0.999999999999999,1,1,0.999999999999999,0.999999999999999,1,0.999999999999998,0.999999999999999,1,1,1,0.999999999999999,1,1,1,0.999999999999999,1,0.999999999999999,0.999999999999998,0.999999999999999,1,0.999999999999999,0.999999999999999,1,1,0.999999999999999,1,1,0.999999999999999,1,1,1,0.999999999999999,1,0.999999999999999,1,1,0.999999999999999,1,1,0.999999999999999,1,0.999999999999999,1,1,1,1,1,1,1,1,1,1,1,1,1,1,0.999999999999999,1,1,1,1,1,1,1,1,1,1,1,0.999999999999999,0.999999999999999,1,1,1,0.999999999999999,1,1,1,1,1,1,1,1,0.999999999999999,1,0.999999999999998,1,1,0.999999999999998,1,1,1,1,0.999999999999998,1,0.999999999999999,0.999999999999998,1,1,1,1,1,1,1,1,0.999999999999999,1,1,1,1,1,1,0.999999999999999,1,1,1,1,0.999999999999999,0.999999999999999,1,1,0.999999999999998,1,1,1,1,1,0.999999999999999,1,1
1,1,1,0.999999999999999,0.999999999999999,1,1,1,0.999999999999999,1,0.999999999999999,1,1,0.999999999999999,1,1,1,0.999999999999999,1,1,0.999999999999999,0.999999999999999,1,0.999999999999999,0.999999999999999,1,1,1,0.999999999999999,1,1,1,0.999999999999999,1,1,0.999999999999999,1,0.999999999999998,0.999999999999999,1,0.999999999999999,1,1,1,1,1,1,1,0.999999999999999,0.999999999999999,1,1,1,1,0.999999999999999,1,1,1,1,1,0.999999999999999,0.999999999999999,1,1,1,1,1,0.999999999999999,0.999999999999999,1,1,1,1,1,1,1,1,1,1,1,1,1,1,1,1,1,0.999999999999999,1,1,1,1,1,1,1,1,1,0.999999999999999,1,1,1,1,1,1,1,1,1,1,1,0.999999999999999,0.999999999999999,1,1,1,1,1,1,1,1,1,1,0.999999999999998,1,1,1,1,1,1,1,0.999999999999999,1,0.999999999999998,1,1,0.999999999999999,1,1,1,0.999999999999999,1,1,0.999999999999998,1,1,1,1,1,1,1,1,1,1,1,1,1,1,1,1,0.999999999999999,1,0.999999999999999,0.999999999999998,1,1,1,0.999999999999999,0.999999999999999,1,0.999999999999999,1,0.999999999999999,0.999999999999999,1,1,1,0.999999999999999,1,1,1,1,1,0.999999999999998,1,1,1,0.999999999999999,1,1,0.999999999999999,1,1,0.999999999999999,1,1,0.999999999999999,0.999999999999999,1,0.999999999999999,1,1,0.999999999999999,1,1,1,1,1,1,1,1,1,0.999999999999999,1,1,0.999999999999999,1,1,1,0.999999999999999,0.999999999999999,1,1,1,1,1,1,1,1,0.999999999999999,1,1,0.999999999999999,1,1,1,1,1,0.999999999999999,1,0.999999999999998,0.999999999999999,1,0.999999999999999,1,1,1,1,1,0.999999999999998,1,1,1,1,1,1,1,1,1,1,1,1,1,1,0.999999999999999,1,1,1,1,1,1,1,1,0.999999999999998,0.999999999999999,1,1,1,0.999999999999999,0.999999999999998,1,1,1,0.999999999999999,1,1,0.999999999999999,1,1,1,0.999999999999999,1,1,0.999999999999999,1,1,0.999999999999999,0.999999999999999,1,1,1,1,1,1,0.999999999999999,1,1,0.999999999999999,1,1,1,1,1,1,1,0.999999999999999,0.999999999999999,1,1,0.999999999999999,1,0.999999999999999,1,1
1,1,1,1,1,1,1,0.999999999999998,1,1,1,1,0.999999999999999,1,1,1,1,1,1,1,1,0.999999999999998,0.999999999999999,1,1,1,1,0.999999999999999,0.999999999999998,1,1,1,1,1,0.999999999999999,0.999999999999999,1,1,1,1,1,1,0.999999999999999,0.999999999999999,0.999999999999998,1,1,1,0.999999999999999,1,0.999999999999999,1,0.999999999999999,1,1,1,1,0.999999999999999,1,1,1,0.999999999999999,1,1,1,1,0.999999999999999,1,1,0.999999999999999,1,1,1,1,0.999999999999999,1,1,0.999999999999999,0.999999999999999,1,1,1,0.999999999999999,0.999999999999999,1,1,1,0.999999999999999,1,1,1,0.999999999999999,1,1,1,0.999999999999999,1,0.999999999999999,1,1,0.999999999999999,0.999999999999999,1,0.999999999999999,1,1,1,1,0.999999999999998,0.999999999999999,1,1,0.999999999999999,0.999999999999999,1,0.999999999999999,1,1,1,1,1,1,1,1,1,1,0.999999999999999,1,0.999999999999998,0.999999999999984,1,0.999999999999999,0.999999999999999,1,1,1,1,1,1,1,1,1,1,1,1,0.999999999999999,1,1,1,1,1,1,0.999999999999999,1,1,1,1,1,0.999999999999999,1,0.999999999999999,1,0.999999999999999,1,1,1,1,1,1,1,1,1,1,1,1,1,1,0.999999999999998,1,1,1,1,1,1,1,1,0.999999999999999,1,1,1,1,1,1,1,1,0.999999999999998,1,0.999999999999998,0.999999999999999,1,1,1,1,1,1,1,1,1,1,1,1,1,1,1,1,1,1,0.999999999999999,0.999999999999999,1,0.999999999999999,0.999999999999999,1,1,1,1,1,1,1,0.999999999999999,1,1,0.999999999999999,0.999999999999998,1,1,1,1,0.999999999999999,1,1,1,0.999999999999999,1,1,1,0.999999999999999,1,0.999999999999999,1,1,1,0.999999999999999,1,0.999999999999999,0.999999999999999,1,0.999999999999998,1,1,0.999999999999998,1,1,1,0.999999999999999,1,0.999999999999999,1,1,0.999999999999999,0.999999999999999,1,1,1,0.999999999999999,0.999999999999998,1,1,0.999999999999999,1,1,1,0.999999999999999,1,1,1,1,1,0.999999999999999,0.999999999999999,1,1,1,1,0.999999999999999,1,1,1,1,1,1,0.999999999999999,1,1,0.999999999999999,1,1,1,1,1,1,0.999999999999998,1,1,1,1,1,1,0.999999999999999,1,1
0.999999999999999,1,1,1,0.999999999999999,1,1,1,1,1,0.999999999999999,1,0.999999999999999,1,0.999999999999999,1,1,0.999999999999999,0.999999999999999,1,0.999999999999999,1,1,0.999999999999999,1,0.999999999999998,1,1,1,1,1,1,1,1,1,1,0.999999999999999,1,0.999999999999999,1,1,0.999999999999999,1,1,1,1,1,1,0.999999999999999,1,0.999999999999999,1,1,1,1,1,1,1,1,1,1,0.999999999999999,1,1,1,1,0.999999999999999,1,1,1,1,1,1,0.999999999999999,1,1,1,1,1,0.999999999999998,1,0.999999999999999,1,1,1,1,0.999999999999999,1,0.999999999999999,1,1,1,1,1,1,1,1,1,0.999999999999999,1,1,1,0.999999999999999,1,1,1,1,1,0.999999999999999,1,0.999999999999999,1,1,1,1,1,1,1,1,1,1,0.999999999999999,1,0.999999999999999,1,0.999999999999999,1,1,0.999999999999999,1.00000000000425,1,0.999999999999999,1,1,1,1,0.999999999999999,1,1,0.999999999999999,1,0.999999999999999,1,1,1,1,1,1,0.999999999999998,1,1,1,1,0.999999999999999,1,0.999999999999999,1,1,0.999999999999999,1,1,1,1,1,1,1,1,1,1,1,1,0.999999999999999,1,1,1,1,0.999999999999999,1,1,1,1,1,1,0.999999999999998,0.999999999999999,1,1,1,0.999999999999999,1,1,0.999999999999999,0.999999999999999,0.999999999999999,0.999999999999999,1,1,1,0.999999999999999,1,0.999999999999999,1,1,1,0.999999999999999,1,1,1,1,1,1,1,1,1,1,0.999999999999999,1,1,1,1,1,1,1,1,0.999999999999999,0.999999999999999,0.999999999999999,1,1,1,1,0.999999999999999,1,0.999999999999999,1,1,1,1,1,1,1,0.999999999999999,0.999999999999999,0.999999999999999,1,1,0.999999999999999,0.999999999999999,0.999999999999999,1,1,1,0.999999999999998,1,1,1,1,0.999999999999999,0.999999999999999,1,1,1,1,1,1,1,1,0.999999999999999,1,1,1,1,0.999999999999999,1,1,0.999999999999999,1,0.999999999999999,0.999999999999999,0.999999999999999,1,1,1,0.999999999999999,1,0.999999999999999,1,1,1,0.999999999999999,1,1,1,0.999999999999999,1,1,1,0.999999999999999,1,0.999999999999998,0.999999999999998,0.999999999999999,1,1,1,0.999999999999999,0.999999999999999,1,0.999999999999999,1,1,1,1,0.999999999999999,1,1,0.999999999999999,1,1,0.999999999999998,1
0.999999999999999,1,1,1,1,1,1,1,1,1,1,1,1,1,1,1,0.999999999999999,1,1,0.999999999999998,1,1,1,1,1,1,1,1,0.999999999999999,1,1,0.999999999999998,1,1,1,1,0.999999999999999,1,1,1,1,1,0.999999999999999,1,1,1,1,1,1,1,1,1,1,0.999999999999999,1,1,1,1,1,1,1,1,1,1,1,1,1,1,1,1,1,1,1,0.999999999999999,1,1,1,1,1,1,1,0.999999999999999,1,1,1,1,1,1,1,1,1,0.999999999999999,1,1,1,1,1,0.999999999999999,1,1,1,1,0.999999999999998,1,1,1,1,1,1,1,1,1,1,1,1,0.999999999999999,1,1,1,1,1,1,1,1,1,1,0.999999999999999,1,1,1.00000000000001,1,1,1,1,1,1,1,1,0.999999999999999,1,1,1,1,0.999999999999999,1,1,1,1,1,1,1,0.999999999999999,1,0.999999999999999,0.999999999999999,1,0.999999999999999,0.999999999999999,1,1,1,1,1,1,1,1,0.999999999999999,1,1,1,1,1,1,1,0.999999999999998,1,1,0.999999999999999,0.999999999999999,1,1,0.999999999999999,1,1,0.999999999999999,1,0.999999999999999,1,1,1,0.999999999999999,0.999999999999999,0.999999999999999,1,1,1,1,1,1,1,1,1,1,0.999999999999999,1,0.999999999999998,0.999999999999998,1,1,1,0.999999999999999,0.999999999999999,0.999999999999999,1,1,0.999999999999999,1,1,0.999999999999999,1,1,0.999999999999999,1,1,1,0.999999999999999,1,1,0.999999999999999,1,1,1,0.999999999999999,0.999999999999999,1,1,1,0.999999999999998,1,0.999999999999999,1,0.999999999999999,0.999999999999999,1,1,1,1,1,1,0.999999999999999,1,1,1,1,0.999999999999999,0.999999999999999,1,0.999999999999999,0.999999999999999,1,1,1,0.999999999999999,1,1,1,1,0.999999999999999,1,0.999999999999999,0.999999999999999,1,1,1,1,1,0.999999999999999,1,1,1,1,1,1,1,1,1,1,0.999999999999999,1,1,1,1,1,1,1,0.999999999999999,1,1,0.999999999999999,1,1,1,0.999999999999998,1,0.999999999999999,0.999999999999999,0.999999999999999,0.999999999999999,1,1,1,0.999999999999999,1,1,1,0.999999999999999,1,1,1,1,1
1,1,1,1,1,1,1,1,0.999999999999999,1,1,1,1,0.999999999999999,1,1,1,1,1,1,1,1,0.999999999999999,0.999999999999999,1,0.999999999999999,0.999999999999998,1,0.999999999999999,0.999999999999999,1,1,1,0.999999999999999,1,1,1,1,0.999999999999999,1,0.999999999999999,1,1,1,1,1,1,1,1,1,1,1,1,1,1,0.999999999999999,0.999999999999999,1,0.999999999999999,1,1,1,1,1,1,1,0.999999999999999,1,1,0.999999999999999,1,1,1,1,0.999999999999999,1,1,1,1,1,1,1,1,1,0.999999999999999,0.999999999999999,0.999999999999998,0.999999999999999,1,1,1,1,1,0.999999999999999,0.999999999999999,0.999999999999999,0.999999999999999,1,1,1,1,0.999999999999999,1,1,1,1,0.999999999999999,1,1,1,1,1,1,1,1,1,1,1,1,1,1,1,1,1,1,0.999999999999999,1,0.999999999999999,1,0.999999999999999,1,0.999999999999999,1,1,1,1,1,1,1,1,1,1,1,0.999999999999999,1,1,1,1,1,1,1,1,0.999999999999997,1,1,1,1,1,1,1,0.999999999999999,0.999999999999999,1,1,1,1,1,1,1,1,1,1,1,0.999999999999998,1,1,1,1,0.999999999999999,1,0.999999999999999,1,0.999999999999999,0.999999999999999,1,1,1,1,1,1,0.999999999999999,0.999999999999999,1,0.999999999999999,0.999999999999999,1,1,1,1,1,1,1,0.999999999999998,1,0.999999999999999,0.999999999999999,1,0.999999999999999,1,0.999999999999999,1,1,0.999999999999999,0.999999999999999,1,1,1,1,0.999999999999999,1,1,0.999999999999999,1,1,1,1,1,1,1,1,1,1,0.999999999999999,0.999999999999999,0.999999999999999,1,1,1,1,1,1,0.999999999999999,1,1,1,1,0.999999999999999,1,1,0.999999999999999,0.999999999999999,0.999999999999999,1,0.999999999999999,0.999999999999999,0.999999999999999,1,1,1,1,1,0.999999999999999,1,1,1,1,0.999999999999998,0.999999999999999,1,1,1,1,1,1,1,0.999999999999999,1,1,1,0.999999999999999,1,1,0.999999999999999,1,1,1,1,0.999999999999999,1,1,1,0.999999999999999,0.999999999999999,1,1,1,1,1,0.999999999999999,1,1,1,1,1,1,1,1,1,0.999999999999999,1,1,0.999999999999999,1,1,1,1,1,0.999999999999999,1,1,1
1,1,1,1,0.999999999999999,1,1,1,1,1,1,1,1,1,1,0.999999999999999,1,1,1,0.999999999999999,1,1,1,1,0.999999999999998,1,1,1,0.999999999999999,1,1,1,1,1,1,0.999999999999999,1,1,1,0.999999999999999,1,1,1,1,0.999999999999999,1,1,0.999999999999999,0.999999999999999,0.999999999999999,1,0.999999999999999,1,1,1,1,0.999999999999999,0.999999999999999,1,1,1,1,1,1,0.999999999999999,1,1,1,0.999999999999999,1,0.999999999999998,1,1,0.999999999999999,1,1,1,1,1,1,1,0.999999999999999,0.999999999999999,1,1,1,1,0.999999999999999,1,1,1,1,0.999999999999999,1,1,1,1,1,1,1,1,0.999999999999999,1,1,1,1,1,1,1,0.999999999999999,1,0.999999999999999,1,1,1,1,1,0.999999999999999,1,0.999999999999999,1,1,1,1,1,1,1,1,1,1,0.999999999999999,0.999999999999999,1,0.999999999999999,0.999999999999999,1,1,1,0.999999999999999,1,0.999999999999999,1,1,0.999999999999999,1,1,1,1,0.999999999999999,1,1,1,1,1,0.999999999999999,1,1,1,1,1,1,0.999999999999999,0.999999999999999,0.999999999999999,1,1,1,0.999999999999999,0.999999999999999,1,1,1,0.999999999999999,0.999999999999999,1,1,0.999999999999999,1,1,1,1,1,1,0.999999999999999,1,1,1,1,1,1,1,1,1,1,1,1,1,0.999999999999999,1,1,1,1,1,1,1,0.999999999999999,0.999999999999999,1,1,1,1,0.999999999999999,1,1,1,1,0.999999999999998,1,0.999999999999999,1,1,1,0.999999999999999,1,1,1,1,0.999999999999999,1,1,1,1,1,1,1,1,1,1,1,0.999999999999999,1,0.999999999999999,0.999999999999999,1,1,1,1,0.999999999999999,0.999999999999999,0.999999999999999,1,1,1,1,1,1,0.999999999999999,1,1,1,1,1,1,1,0.999999999999999,1,1,1,1,1,0.999999999999999,1,1,0.999999999999999,1,0.999999999999999,1,0.999999999999999,1,1,1,1,1,1,1,1,0.999999999999999,1,1,1,1,1,1,1,1,0.999999999999999,1,1,1,1,1,1,0.999999999999999,1,0.999999999999999,1,1,1,1,1,1,1,1,1,1,1,0.999999999999998,0.999999999999999,0.999999999999999,0.999999999999999,1
1,1,0.999999999999999,1,0.999999999999999,1,1,0.999999999999999,1,1,1,1,1,1,1,1,1,1,1,1,1,1,1,1,0.999999999999999,0.999999999999999,0.999999999999999,1,0.999999999999999,0.999999999999998,1,1,0.999999999999999,0.999999999999999,0.999999999999999,1,1,1,1,1,0.999999999999999,1,1,1,1,0.999999999999999,0.999999999999999,1,0.999999999999999,1,0.999999999999999,1,1,1,1,1,1,0.999999999999999,1,1,1,1,1,1,1,0.999999999999998,0.999999999999999,1,1,1,1,1,1,1,1,1,1,1,1,1,0.999999999999999,0.999999999999999,0.999999999999999,0.999999999999999,1,1,0.999999999999999,1,1,1,0.999999999999999,1,1,0.999999999999999,1,0.999999999999999,1,1,0.999999999999999,1,0.999999999999999,0.999999999999999,1,1,1,0.999999999999999,1,1,0.999999999999999,0.999999999999999,0.999999999999999,1,1,0.999999999999999,0.999999999999999,1,1,1,1,1,1,1,1,0.999999999999999,1,1,1,1,1,1,0.999999999989406,0.999999999999999,1,1,0.999999999999999,0.999999999999999,1,1,1,1,1,1,1,1,0.999999999999999,1,1,1,1,0.999999999999999,1,1,0.999999999999999,1,1,1,1,1,1,1,0.999999999999999,1,1,1,0.999999999999999,1,0.999999999999999,1,1,1,1,1,1,0.999999999999999,1,1,1,1,1,0.999999999999999,1,1,0.999999999999999,0.999999999999999,1,0.999999999999998,1,1,1,1,1,1,1,1,1,1,0.999999999999999,1,1,1,1,1,1,0.999999999999999,1,0.999999999999999,0.999999999999999,1,0.999999999999999,1,1,1,1,0.999999999999999,0.999999999999999,0.999999999999999,1,1,1,1,1,1,1,1,0.999999999999999,1,0.999999999999999,1,0.999999999999999,1,0.999999999999999,1,1,1,1,1,1,1,1,1,0.999999999999999,1,1,0.999999999999999,1,1,0.999999999999999,1,0.999999999999999,1,1,1,0.999999999999998,0.999999999999999,1,0.999999999999999,1,1,1,0.999999999999999,1,1,1,1,1,1,0.999999999999999,1,0.999999999999999,0.999999999999999,0.999999999999999,0.999999999999998,1,1,1,0.999999999999999,1,1,1,1,0.999999999999999,1,1,1,0.999999999999999,1,1,1,1,0.999999999999998,1,0.999999999999998,0.999999999999999,1,1,0.999999999999999,1,1,1,1,0.999999999999999,1,1,0.999999999999999,0.999999999999999,1,1,1,0.999999999999999,1,1,0.999999999999998,1,1,1,1,1,1,1,1,1
1,1,0.999999999999999,1,0.999999999999999,1,0.999999999999999,1,1,0.999999999999999,1,1,1,1,1,1,0.999999999999999,1,1,0.999999999999999,1,1,0.999999999999999,1,0.999999999999999,1,0.999999999999998,1,1,1,1,1,1,1,1,1,0.999999999999999,1,0.999999999999999,1,1,1,1,1,1,0.999999999999998,1,1,1,1,1,1,0.999999999999999,0.999999999999999,1,1,1,0.999999999999999,0.999999999999999,1,1,1,1,1,0.999999999999999,0.999999999999999,0.999999999999999,1,0.999999999999999,1,1,0.999999999999999,1,1,1,0.999999999999999,1,0.999999999999999,1,1,1,1,1,1,1,1,1,0.999999999999999,1,0.999999999999999,1,0.999999999999999,0.999999999999998,1,1,1,0.999999999999999,1,1,0.999999999999999,1,1,1,0.999999999999999,0.999999999999999,1,1,0.999999999999999,0.999999999999999,1,0.999999999999999,1,1,1,1,1,1,1,1,1,1,1,0.999999999999999,1,1,1,1,0.999999999999999,0.999999999999999,0.999999999999999,1.00000000000001,1,1,1,1,0.999999999999998,1,1,1,0.999999999999999,0.999999999999998,1,1,1,1,1,1,0.999999999999999,1,1,0.999999999999999,1,1,1,1,1,0.999999999999999,0.999999999999999,1,1,1,1,1,1,0.999999999999999,1,0.999999999999999,1,1,1,0.999999999999999,1,1,1,1,1,1,1,1,1,1,1,0.999999999999999,1,1,0.999999999999999,0.999999999999998,1,1,1,1,1,0.999999999999999,1,1,0.999999999999999,1,1,1,1,1,0.999999999999999,1,1,1,1,1,1,1,1,1,0.999999999999999,1,1,0.999999999999999,1,1,1,1,1,0.999999999999998,0.999999999999998,0.999999999999999,1,0.999999999999999,0.999999999999999,1,0.999999999999999,1,0.999999999999998,0.999999999999999,1,1,1,1,1,1,1,1,1,1,0.999999999999997,1,1,1,1,1,0.999999999999998,0.999999999999999,0.999999999999998,1,1,1,0.999999999999999,1,1,1,1,1,0.999999999999999,0.999999999999999,1,0.999999999999999,1,1,1,1,1,1,0.999999999999999,1,0.999999999999999,1,1,1,1,1,1,0.999999999999998,1,0.999999999999999,0.999999999999999,1,0.999999999999999,1,0.999999999999999,1,1,1,1,1,1,1,1,1,0.999999999999999,1,1,1,1,1,1,1,0.999999999999999,1,0.999999999999999,1,1,0.999999999999998,0.999999999999999,1,1,1,1,1,1,1,0.999999999999999,1,1,0.999999999999999
0.999999999999999,1,1,1,1,1,1,0.999999999999999,0.999999999999999,0.999999999999999,1,1,1,1,0.999999999999999,1,0.999999999999999,1,1,1,1,1,1,0.999999999999999,1,1,1,1,1,1,1,0.999999999999999,0.999999999999999,0.999999999999999,1,0.999999999999999,1,0.999999999999999,1,1,1,1,1,1,0.999999999999999,1,0.999999999999999,1,1,1,1,1,1,1,0.999999999999998,1,1,1,1,1,0.999999999999999,0.999999999999999,1,1,1,1,1,1,1,0.999999999999999,1,1,1,0.999999999999999,1,1,0.999999999999999,1,1,1,1,1,1,1,1,1,0.999999999999999,1,1,1,0.999999999999999,1,1,1,1,1,1,1,1,1,1,1,1,0.999999999999999,1,1,1,0.999999999999999,1,1,1,1,1,0.999999999999998,1,0.999999999999999,0.999999999999999,1,1,1,1,1,1,1,0.999999999999999,1,1,1,1,0.999999999999999,0.999999999999999,0.999999999999997,1,0.999999999999999,1,1,1,1,0.999999999999999,1,1,1,1,1,1,1,1,1,0.999999999999999,1,1,0.999999999999999,1,1,1,1,0.999999999999999,1,0.999999999999999,1,1,1,0.999999999999998,1,1,1,1,1,1,1,1,1,1,1,1,0.999999999999999,0.999999999999999,0.999999999999999,1,1,1,1,1,0.999999999999999,1,0.999999999999999,0.999999999999999,1,1,1,0.999999999999999,1,1,0.999999999999999,1,0.999999999999999,1,1,1,1,0.999999999999998,0.999999999999999,1,1,1,1,1,0.999999999999998,1,1,0.999999999999999,1,1,1,1,0.999999999999999,1,1,1,1,1,1,1,1,0.999999999999999,0.999999999999999,1,1,1,1,1,0.999999999999999,1,1,1,1,1,1,0.999999999999999,0.999999999999999,0.999999999999999,0.999999999999999,0.999999999999999,1,0.999999999999999,0.999999999999999,0.999999999999999,1,1,0.999999999999999,1,0.999999999999999,1,1,1,1,0.999999999999999,1,1,1,1,1,1,1,0.999999999999999,1,1,1,0.999999999999999,1,1,1,1,1,1,1,1,1,1,0.999999999999999,1,1,0.999999999999999,0.999999999999999,1,1,1,0.999999999999999,0.999999999999998,1,1,1,1,0.999999999999999,1,1,0.999999999999998,0.999999999999999,0.999999999999999,1,0.999999999999998,1,1,1,1,1,1,1,0.999999999999999,1,1,1,1,0.999999999999999,1,1,1,1,0.999999999999999,1,1
1,1,1,1,1,0.999999999999998,0.999999999999999,1,0.999999999999999,1,1,1,0.999999999999999,1,1,1,1,1,1,1,0.999999999999999,1,1,1,1,0.999999999999998,0.999999999999999,0.999999999999999,1,1,1,1,1,1,1,0.999999999999999,1,1,1,1,0.999999999999999,1,0.999999999999999,0.999999999999999,1,1,0.999999999999999,1,1,1,1,1,1,0.999999999999999,1,1,1,1,1,1,1,1,1,1,0.999999999999999,1,1,0.999999999999999,1,0.999999999999999,0.999999999999999,1,1,1,1,1,1,0.999999999999999,1,1,1,0.999999999999999,1,0.999999999999999,0.999999999999998,1,0.999999999999999,0.999999999999997,0.999999999999999,1,1,1,1,1,0.999999999999998,0.999999999999999,1,0.999999999999999,1,1,1,1,1,0.999999999999999,1,1,1,0.999999999999999,0.999999999999999,0.999999999999999,1,0.999999999999999,0.999999999999999,1,0.999999999999999,1,0.999999999999999,0.999999999999999,0.999999999999999,1,0.999999999999999,1,1,0.999999999999999,0.999999999999999,0.999999999999999,1,1,1,1,0.999999999999995,1,1,1,1,0.999999999999999,1,1,0.999999999999999,1,1,1,1,1,0.999999999999999,1,1,1,0.999999999999999,1,1,1,1,0.999999999999999,1,1,1,1,1,0.999999999999999,1,1,1,0.999999999999998,1,1,0.999999999999998,1,1,1,1,1,1,1,0.999999999999999,1,1,0.999999999999999,0.999999999999998,1,1,0.999999999999999,0.999999999999999,0.999999999999998,1,1,0.999999999999999,0.999999999999999,1,1,1,0.999999999999998,1,0.999999999999998,0.999999999999998,1,1,1,0.999999999999999,0.999999999999999,0.999999999999998,1,0.999999999999999,0.999999999999999,1,0.999999999999999,1,1,0.999999999999999,1,0.999999999999998,1,1,1,1,0.999999999999999,0.999999999999999,1,1,1,1,0.999999999999999,1,1,1,0.999999999999999,1,1,1,0.999999999999999,0.999999999999999,0.999999999999999,1,1,0.999999999999999,1,0.999999999999999,1,1,1,1,1,0.999999999999999,0.999999999999999,1,1,1,0.999999999999999,1,1,0.999999999999999,1,0.999999999999999,0.999999999999999,1,1,1,1,1,1,1,1,1,1,1,1,1,1,1,1,1,0.999999999999999,1,1,0.999999999999999,1,0.999999999999998,0.999999999999999,1,1,1,0.999999999999999,1,0.999999999999999,1,1,1,1,1,1,1,1,1,0.999999999999999,1,1,0.999999999999999,0.999999999999998,1,0.999999999999998,0.999999999999999,1,1,1,1,1,0.999999999999999,0.999999999999999,1,1,1,1,1,1,0.999999999999998,1,0.999999999999999,0.999999999999998,1,1,0.999999999999998
1,1,1,0.999999999999998,1,1,1,1,1,1,1,1,0.999999999999999,0.999999999999999,1,1,1,0.999999999999999,1,1,1,1,0.999999999999999,1,0.999999999999999,0.999999999999999,1,0.999999999999999,0.999999999999999,1,1,1,1,1,1,1,1,0.999999999999999,0.999999999999999,0.999999999999999,1,1,1,1,1,0.999999999999999,1,0.999999999999999,1,0.999999999999999,1,0.999999999999999,1,1,0.999999999999999,1,1,1,1,1,0.999999999999999,0.999999999999999,1,0.999999999999999,1,0.999999999999999,1,1,1,1,0.999999999999999,0.999999999999999,1,1,1,1,1,1,1,0.999999999999999,1,0.999999999999998,1,1,1,1,0.999999999999999,1,1,1,1,0.999999999999999,0.999999999999999,1,1,1,1,1,1,1,1,0.999999999999999,0.999999999999999,1,1,1,1,1,1,1,1,1,1,0.999999999999999,1,0.999999999999997,1,1,1,1,1,1,1,1,1,1,1,1,0.999999999999998,0.999999999999999,1,1.00000000002265,0.999999999999999,0.999999999999999,1,0.999999999999999,1,1,1,1,0.999999999999999,1,0.999999999999998,1,1,1,1,1,1,1,0.999999999999999,1,1,1,1,1,0.999999999999999,1,1,1,0.999999999999999,1,1,0.999999999999999,1,1,1,0.999999999999999,1,1,1,1,0.999999999999999,1,1,1,1,0.999999999999998,1,1,1,1,1,0.999999999999998,0.999999999999999,1,0.999999999999999,1,1,1,1,1,1,1,0.999999999999998,1,1,1,0.999999999999998,1,0.999999999999999,1,1,0.999999999999999,1,0.999999999999999,0.999999999999999,1,1,1,1,1,1,1,1,1,0.999999999999998,1,1,1,1,1,0.999999999999999,1,1,1,1,1,1,1,1,1,1,0.999999999999999,1,0.999999999999999,1,1,1,0.999999999999999,1,1,1,1,1,1,1,0.999999999999999,1,1,1,1,1,1,1,1,1,1,0.999999999999999,0.999999999999999,0.999999999999999,1,0.999999999999999,1,0.999999999999999,1,1,1,1,1,1,1,0.999999999999999,1,0.999999999999999,1,1,0.999999999999998,1,1,1,1,1,0.999999999999999,0.999999999999999,0.999999999999999,0.999999999999998,1,1,0.999999999999999,1,1,1,1,1,0.999999999999999,1,1,1,1,1,1,1,1,1,1,1,1,0.999999999999999,1,1,1,1,1,1,0.999999999999999,0.999999999999999,1,0.999999999999998,1,1
1,0.999999999999999,0.999999999999999,1,0.999999999999999,1,1,0.999999999999999,1,1,0.999999999999999,0.999999999999998,1,0.999999999999999,1,1,1,1,1,1,1,1,1,1,1,1,0.999999999999999,0.999999999999999,1,0.999999999999999,1,0.999999999999999,1,1,0.999999999999999,0.999999999999999,1,1,1,0.999999999999998,1,1,0.999999999999999,0.999999999999999,0.999999999999999,0.999999999999999,1,1,1,1,0.999999999999999,1,1,1,1,1,1,1,1,0.999999999999999,1,0.999999999999999,1,1,1,0.999999999999999,1,1,1,0.999999999999999,0.999999999999999,1,0.999999999999999,1,1,0.999999999999999,0.999999999999999,1,1,1,1,1,1,1,1,1,1,1,1,1,0.999999999999999,1,1,1,1,1,1,1,1,1,1,1,1,1,1,1,1,1,1,1,1,1,0.999999999999999,1,1,1,1,1,0.999999999999999,1,1,1,0.999999999999999,0.999999999999999,1,1,0.999999999999999,1,0.999999999999999,1,1,1.00000000000001,0.999999999999999,1,1,0.999999999999998,1,1,0.999999999999999,1,1,1,1,1,1,1,1,1,1,1,0.999999999999999,1,1,0.999999999999999,1,1,1,0.999999999999998,1,1,1,1,1,1,1,1,1,1,0.999999999999999,1,0.999999999999999,0.999999999999999,1,0.999999999999999,1,1,1,1,1,1,1,1,1,1,0.999999999999999,1,1,0.999999999999999,1,1,1,1,1,1,0.999999999999999,1,1,0.999999999999999,1,1,1,1,1,1,1,1,1,0.999999999999999,1,0.999999999999999,1,1,1,1,0.999999999999999,0.999999999999999,1,1,0.999999999999999,1,0.999999999999998,0.999999999999998,0.999999999999999,1,1,0.999999999999999,1,1,1,0.999999999999999,1,1,1,1,1,1,1,1,1,1,1,1,1,1,1,1,1,1,1,0.999999999999999,1,1,1,1,1,1,0.999999999999999,0.999999999999999,1,1,1,1,0.999999999999999,1,0.999999999999998,1,1,1,0.999999999999999,0.999999999999999,1,0.999999999999998,0.999999999999999,1,1,1,1,1,1,1,1,1,1,0.999999999999999,1,1,1,1,1,1,1,1,1,1,1,1,1,0.999999999999999,1,1,1,1,0.999999999999998,1,1,1,0.999999999999999,1,1,1,1,1,1,1,1,0.999999999999999,0.999999999999998,1,1,1,0.999999999999999
1,1,1,1,1,1,1,1,0.999999999999999,1,0.999999999999999,1,1,1,0.999999999999999,1,1,0.999999999999999,1,1,1,0.999999999999999,1,1,0.999999999999999,1,0.999999999999999,1,1,1,1,1,0.999999999999999,0.999999999999999,1,0.999999999999999,1,0.999999999999999,0.999999999999999,1,1,1,0.999999999999999,1,1,1,1,1,0.999999999999999,1,1,1,1,1,0.999999999999999,1,0.999999999999999,1,1,0.999999999999999,0.999999999999998,1,1,1,0.999999999999999,0.999999999999999,1,0.999999999999999,1,1,0.999999999999999,0.999999999999999,1,1,0.999999999999999,1,1,1,1,0.999999999999999,0.999999999999999,1,1,1,0.999999999999999,1,1,1,0.999999999999999,1,1,1,0.999999999999998,0.999999999999999,1,1,1,1,0.999999999999999,1,1,1,1,1,1,1,1,1,1,0.999999999999999,1,1,1,0.999999999999999,1,1,1,1,1,1,0.999999999999999,1,0.999999999999999,1,1,1,1,1,0.999999999999999,0.999999999999998,1,0.999999999999995,1,0.999999999999999,1,1,0.999999999999999,1,1,1,0.999999999999999,1,1,0.999999999999999,1,1,0.999999999999999,0.999999999999999,0.999999999999999,1,0.999999999999998,1,1,0.999999999999999,1,1,1,0.999999999999999,0.999999999999998,1,1,1,1,1,0.999999999999999,1,0.999999999999999,0.999999999999998,1,1,1,0.999999999999999,1,1,1,0.999999999999998,1,1,1,1,1,1,1,1,1,1,0.999999999999999,0.999999999999999,1,1,0.999999999999999,1,0.999999999999999,1,1,0.999999999999999,0.999999999999998,1,1,0.999999999999999,0.999999999999999,1,1,0.999999999999999,0.999999999999999,1,0.999999999999998,1,1,0.999999999999999,1,1,1,1,1,1,1,1,1,0.999999999999999,1,1,0.999999999999999,1,1,1,0.999999999999998,1,1,1,1,1,1,1,1,1,1,0.999999999999999,1,1,1,0.999999999999999,1,1,1,1,1,1,1,0.999999999999999,1,1,1,1,0.999999999999999,1,1,0.999999999999999,1,1,1,1,1,1,1,1,0.999999999999999,1,0.999999999999999,0.999999999999999,1,0.999999999999998,0.999999999999999,0.999999999999999,1,1,1,1,1,1,1,1,1,1,1,1,0.999999999999999,1,1,1,1,1,1,0.999999999999999,1,1,1,0.999999999999999,0.999999999999999,0.999999999999999,1,1,1,0.999999999999999,1,0.999999999999999,1,1,1,1,0.999999999999999,0.999999999999999,1,1,1,0.999999999999998,1,1,1,1,1
1,1,1,0.999999999999999,1,1,0.999999999999999,1,0.999999999999998,1,1,1,1,1,1,1,0.999999999999999,1,1,1,1,1,1,0.999999999999999,0.999999999999999,0.999999999999999,1,1,1,0.999999999999999,1,0.999999999999998,1,1,1,0.999999999999999,1,0.999999999999999,1,1,1,1,1,1,1,1,0.999999999999998,1,1,1,0.999999999999999,1,0.999999999999998,1,1,1,0.999999999999999,1,0.999999999999998,1,0.999999999999998,1,1,1,0.999999999999998,1,1,1,0.999999999999999,1,1,0.999999999999999,1,1,0.999999999999999,1,1,1,1,1,1,1,0.999999999999999,1,1,1,0.999999999999999,0.999999999999999,1,1,1,1,1,1,1,1,0.999999999999999,1,1,1,1,1,1,1,0.999999999999999,1,1,1,1,0.999999999999999,1,0.999999999999999,0.999999999999999,1,1,1,0.999999999999997,0.999999999999999,1,1,0.999999999999999,0.999999999999999,1,0.999999999999999,0.999999999999998,1,1,0.999999999999999,1,0.999999999999998,0.999999999999999,1,0.999999999999999,1,0.999999999999999,1,0.999999999999999,0.999999999999999,0.999999999999999,1,0.999999999999999,0.999999999999999,1,1,0.999999999999999,1,1,1,0.999999999999999,1,1,0.999999999999999,1,1,0.999999999999999,1,0.999999999999999,1,1,1,1,1,0.999999999999999,1,0.999999999999999,1,1,1,1,1,1,0.999999999999999,1,0.999999999999999,1,1,1,1,1,0.999999999999999,1,1,0.999999999999999,1,0.999999999999999,0.999999999999999,1,1,1,1,1,1,1,1,1,1,1,1,1,0.999999999999998,1,1,1,1,1,1,1,1,0.999999999999999,1,1,1,0.999999999999999,1,1,1,0.999999999999998,1,1,1,1,1,1,1,1,1,1,1,1,0.999999999999999,1,1,1,1,1,1,1,1,1,1,1,0.999999999999999,1,1,0.999999999999999,1,1,1,1,1,1,0.999999999999999,1,1,1,1,1,1,1,1,1,1,1,1,1,1,1,1,1,1,1,0.999999999999999,1,0.999999999999999,1,1,1,1,1,0.999999999999999,1,1,1,1,1,0.999999999999999,1,1,0.999999999999998,1,0.999999999999998,0.999999999999999,1,1,0.999999999999999,1,1,0.999999999999999,1,1,0.999999999999999,1,1,1,1,1,0.999999999999999,1,0.999999999999998,1,1,0.999999999999999,0.999999999999999,1,1,1,1,1,1,1,1
1,1,1,1,1,1,1,0.999999999999999,1,1,1,1,1,1,1,0.999999999999999,1,1,1,0.999999999999999,1,1,0.999999999999999,1,1,1,0.999999999999999,1,1,0.999999999999999,1,1,1,1,1,1,1,1,1,0.999999999999999,1,1,1,1,1,1,1,0.999999999999998,0.999999999999999,1,0.999999999999998,1,1,1,1,1,1,1,1,0.999999999999999,1,1,1,1,1,1,1,0.999999999999999,1,1,1,1,1,1,1,1,1,1,1,1,1,1,1,1,1,1,1,1,1,1,0.999999999999999,1,1,0.999999999999999,1,0.999999999999998,0.999999999999999,1,1,1,0.999999999999999,1,1,0.999999999999999,1,1,1,1,1,1,1,1,1,1,1,1,1,1,1,1,1,0.999999999999999,1,1,0.999999999999999,0.999999999999999,1,1,1,0.999999999999999,1,1,1.00000000000303,0.999999999999999,1,0.999999999999999,1,0.999999999999999,0.999999999999999,0.999999999999999,1,1,1,1,1,0.999999999999999,1,1,1,1,0.999999999999999,1,1,0.999999999999999,1,1,0.999999999999999,1,1,0.999999999999999,1,0.999999999999999,0.999999999999999,1,1,1,1,1,1,1,1,1,0.999999999999999,1,0.999999999999999,0.999999999999999,1,0.999999999999998,1,0.999999999999999,0.999999999999999,1,1,1,1,0.999999999999999,0.999999999999999,1,1,0.999999999999999,1,1,1,1,1,1,0.999999999999998,0.999999999999999,0.999999999999999,1,0.999999999999999,1,1,1,1,1,1,1,1,0.999999999999999,1,0.999999999999999,0.999999999999999,1,1,1,1,1,1,1,1,0.999999999999999,1,1,1,0.999999999999999,0.999999999999998,1,0.999999999999999,1,1,1,0.999999999999999,0.999999999999999,1,0.999999999999999,1,1,0.999999999999999,1,0.999999999999999,0.999999999999998,1,1,1,1,1,1,1,1,1,1,1,1,1,1,1,0.999999999999999,1,1,1,1,1,1,1,0.999999999999999,1,1,1,1,1,1,1,1,1,1,1,1,1,0.999999999999999,1,1,1,1,1,1,1,0.999999999999999,1,1,1,1,1,1,1,0.999999999999999,1,1,1,0.999999999999999,1,1,1,1,1,1,1,1,1,1,1,1,1,1,1,0.999999999999999,1,1,1,0.999999999999999,1
1,0.999999999999999,1,1,1,1,0.999999999999999,1,1,0.999999999999999,1,0.999999999999999,1,0.999999999999999,0.999999999999999,1,1,1,0.999999999999999,0.999999999999998,1,1,1,1,1,0.999999999999999,0.999999999999999,1,0.999999999999998,1,0.999999999999999,1,1,1,1,1,1,1,1,1,1,1,0.999999999999999,1,1,1,1,1,0.999999999999999,1,1,1,1,1,1,1,1,1,1,1,1,0.999999999999999,1,0.999999999999999,0.999999999999999,1,1,0.999999999999999,1,1,1,1,1,1,1,0.999999999999999,1,0.999999999999999,0.999999999999999,1,1,1,1,1,1,1,1,1,1,1,0.999999999999999,1,0.999999999999999,0.999999999999998,0.999999999999999,0.999999999999998,0.999999999999999,1,1,1,1,1,1,1,1,1,0.999999999999999,0.999999999999999,1,1,1,1,1,1,1,1,1,0.999999999999999,1,1,0.999999999999999,1,1,1,0.999999999999999,1,0.999999999999999,0.999999999999999,1,1,0.999999999999999,0.999999999999999,0.999999999999991,1,1,1,1,0.999999999999999,0.999999999999999,1,1,1,1,1,0.999999999999999,1,1,1,0.999999999999999,0.999999999999999,1,1,1,1,1,1,1,0.999999999999999,1,0.999999999999999,1,1,1,1,0.999999999999999,1,1,0.999999999999999,1,1,1,1,1,0.999999999999999,1,1,1,0.999999999999999,1,1,1,1,0.999999999999998,1,1,1,1,1,1,1,1,1,1,1,1,1,1,0.999999999999999,1,1,1,0.999999999999999,1,1,1,1,1,1,1,1,1,1,1,1,1,1,1,1,0.999999999999999,0.999999999999999,1,0.999999999999999,1,1,0.999999999999998,1,1,1,1,1,1,1,1,0.999999999999999,0.999999999999999,0.999999999999999,0.999999999999999,0.999999999999999,1,0.999999999999999,1,1,1,1,1,1,1,1,0.999999999999999,1,1,1,1,1,1,1,1,0.999999999999999,1,1,1,1,0.999999999999999,1,1,1,0.999999999999999,1,1,0.999999999999998,1,0.999999999999999,0.999999999999999,1,1,1,1,1,1,1,0.999999999999999,1,1,0.999999999999999,1,1,1,1,1,1,1,0.999999999999999,1,0.999999999999998,1,0.999999999999999,0.999999999999999,0.999999999999999,1,0.999999999999999,0.999999999999999,0.999999999999999,1,0.999999999999999,1,0.999999999999999,1,1,1,0.999999999999999,1,1,1,1,0.999999999999999,1,1,1,1,0.999999999999999,1
1,0.999999999999999,0.999999999999999,1,1,1,1,0.999999999999998,1,1,1,0.999999999999999,1,0.999999999999999,0.999999999999999,1,0.999999999999998,1,1,1,1,0.999999999999999,1,1,0.999999999999999,0.999999999999999,1,0.999999999999999,0.999999999999999,0.999999999999999,1,1,1,0.999999999999999,1,1,0.999999999999998,1,1,0.999999999999999,1,1,1,0.999999999999998,1,1,1,0.999999999999999,1,1,0.999999999999998,1,0.999999999999999,1,0.999999999999998,1,1,1,1,1,1,1,1,1,1,1,1,1,1,1,0.999999999999999,0.999999999999999,0.999999999999999,1,1,0.999999999999999,1,1,0.999999999999999,1,1,1,0.999999999999998,1,1,1,0.999999999999999,0.999999999999999,0.999999999999998,1,0.999999999999998,1,1,1,1,0.999999999999999,1,0.999999999999999,1,1,0.999999999999999,1,0.999999999999999,1,1,0.999999999999999,1,1,1,1,0.999999999999999,1,0.999999999999998,1,1,1,1,1,1,1,1,1,0.999999999999999,1,1,1,1,1,0.999999999999999,1,1,1,1.00000000000001,1,1,0.999999999999998,0.999999999999999,1,1,1,0.999999999999999,1,1,1,0.999999999999999,1,1,1,1,1,0.999999999999999,1,0.999999999999999,0.999999999999999,1,0.999999999999999,1,1,1,1,1,1,1,0.999999999999999,1,1,1,1,0.999999999999999,1,1,1,1,1,1,0.999999999999999,1,0.999999999999999,1,1,1,1,0.999999999999999,1,1,1,0.999999999999999,0.999999999999999,1,0.999999999999999,1,1,1,1,1,1,0.999999999999999,1,1,1,1,1,1,0.999999999999998,1,1,1,1,1,1,1,1,1,1,1,1,1,0.999999999999999,0.999999999999999,0.999999999999998,0.999999999999998,1,1,1,1,0.999999999999999,1,1,1,0.999999999999999,1,1,1,1,1,1,1,1,1,1,1,1,1,1,0.999999999999999,1,0.999999999999999,1,1,1,1,0.999999999999999,0.999999999999999,1,1,0.999999999999999,1,0.999999999999999,1,0.999999999999998,1,1,1,0.999999999999999,0.999999999999999,1,0.999999999999999,1,0.999999999999999,1,1,0.999999999999999,1,1,1,1,0.999999999999999,1,1,1,1,1,1,0.999999999999999,1,1,1,1,0.999999999999999,1,1,1,1,1,1,1,1,1,1,1,1,1,1,1,1,1,1,0.999999999999998,0.999999999999998,0.999999999999999,1,1,1,0.999999999999999,1,1,0.999999999999998,0.999999999999999,1,1,1
1,1,1,1,1,1,1,1,1,1,1,0.999999999999998,1,1,1,1,1,1,0.999999999999999,1,1,1,0.999999999999999,1,0.999999999999999,1,0.999999999999999,1,0.999999999999999,0.999999999999999,1,1,0.999999999999999,1,1,1,1,1,1,0.999999999999999,1,1,1,0.999999999999999,1,1,1,1,0.999999999999999,1,1,1,0.999999999999998,1,1,0.999999999999999,1,1,1,0.999999999999999,1,1,1,0.999999999999999,1,1,1,1,1,1,1,1,1,1,1,1,0.999999999999999,0.999999999999999,0.999999999999999,0.999999999999999,0.999999999999999,1,0.999999999999999,1,1,1,0.999999999999999,0.999999999999999,1,1,1,1,0.999999999999999,0.999999999999999,1,0.999999999999999,1,1,1,0.999999999999999,1,1,0.999999999999998,1,1,1,1,1,1,0.999999999999999,1,1,0.999999999999999,1,0.999999999999999,1,1,1,1,1,1,1,0.999999999999998,1,0.999999999999999,0.999999999999998,1,1,1,1,0.999999999999999,0.999999999999999,1,0.999999999999988,1,0.999999999999999,0.999999999999999,1,1,0.999999999999999,0.999999999999999,1,1,0.999999999999999,0.999999999999999,1,1,0.999999999999999,0.999999999999999,1,1,1,1,1,1,1,1,0.999999999999999,0.999999999999998,0.999999999999999,1,0.999999999999999,1,0.999999999999999,1,1,1,0.999999999999998,1,1,1,0.999999999999999,1,0.999999999999999,1,1,0.999999999999999,1,1,1,1,1,0.999999999999999,0.999999999999999,0.999999999999999,1,0.999999999999999,1,1,1,0.999999999999999,1,1,1,0.999999999999999,1,1,1,1,1,0.999999999999999,1,1,1,1,1,0.999999999999999,1,1,1,1,0.999999999999999,1,1,1,0.999999999999998,1,1,1,0.999999999999999,0.999999999999999,1,1,1,0.999999999999999,1,1,1,1,1,0.999999999999999,1,1,1,1,0.999999999999999,1,1,0.999999999999999,1,1,1,0.999999999999999,0.999999999999999,1,1,1,1,0.999999999999999,1,1,1,0.999999999999999,1,1,1,0.999999999999998,1,1,0.999999999999999,1,1,1,1,0.999999999999999,1,1,0.999999999999999,1,1,0.999999999999999,0.999999999999998,0.999999999999998,1,1,1,0.999999999999999,1,0.999999999999999,0.999999999999999,1,0.999999999999999,0.999999999999998,0.999999999999999,0.999999999999999,1,1,1,0.999999999999999,1,1,1,1,0.999999999999999,1,0.999999999999998,1,1,0.999999999999999,1,1,1,0.999999999999999,1,0.999999999999999,1,1,0.999999999999999,1,1,1,1,0.999999999999998,1,1,1,0.999999999999999,1,0.999999999999999,1,1
0.999999999999999,1,1,1,0.999999999999999,1,1,1,1,0.999999999999999,1,0.999999999999999,1,1,1,1,1,0.999999999999999,1,1,0.999999999999999,1,1,1,1,1,1,0.999999999999999,1,1,0.999999999999999,1,1,1,1,1,1,1,0.999999999999998,0.999999999999999,0.999999999999999,1,1,0.999999999999999,1,0.999999999999998,1,1,1,1,1,1,1,1,1,1,1,1,1,0.999999999999998,1,1,1,1,1,1,1,1,0.999999999999999,1,1,1,1,1,0.999999999999999,1,1,1,1,1,0.999999999999999,1,1,1,1,1,1,1,0.999999999999999,1,1,1,0.999999999999999,1,1,1,1,1,1,0.999999999999998,1,1,1,0.999999999999999,0.999999999999999,1,1,0.999999999999999,0.999999999999999,1,0.999999999999999,1,1,1,0.999999999999999,1,1,1,1,1,0.999999999999999,0.999999999999999,0.999999999999999,1,1,1,1,1,1,0.999999999999999,1,0.999999999999999,0.999999999999998,0.99999999999648,1,1,1,1,1,0.999999999999999,1,1,1,1,0.999999999999999,1,1,1,0.999999999999998,1,1,1,1,0.999999999999999,1,1,1,0.999999999999999,1,1,0.999999999999999,1,0.999999999999998,1,1,0.999999999999999,1,1,0.999999999999999,1,1,1,0.999999999999999,1,1,1,1,0.999999999999999,1,0.999999999999999,1,1,0.999999999999999,0.999999999999999,1,0.999999999999999,1,1,1,1,1,1,1,1,0.999999999999999,1,1,0.999999999999999,0.999999999999998,1,1,1,1,0.999999999999998,1,1,1,1,0.999999999999999,1,1,1,0.999999999999999,1,1,0.999999999999999,1,1,1,1,0.999999999999998,1,1,1,1,1,0.999999999999999,1,0.999999999999998,1,1,1,1,1,1,0.999999999999998,1,1,1,1,1,1,1,1,0.999999999999999,0.999999999999999,1,1,1,0.999999999999999,1,0.999999999999999,1,1,0.999999999999999,1,1,1,0.999999999999999,1,1,1,1,1,1,0.999999999999999,0.999999999999999,1,1,0.999999999999999,0.999999999999999,1,1,1,1,1,0.999999999999999,1,0.999999999999999,0.999999999999999,1,1,1,1,1,0.999999999999999,0.999999999999999,1,1,0.999999999999999,0.999999999999999,0.999999999999999,0.999999999999998,1,1,0.999999999999999,1,1,1,0.999999999999999,0.999999999999999,1,1,1,1,0.999999999999999,0.999999999999999,1,0.999999999999999,1,1,1,1,1,1,1,1,1,0.999999999999999,1,0.999999999999999
0.999999999999999,1,1,1,1,1,0.999999999999999,0.999999999999999,1,0.999999999999999,0.999999999999999,1,1,1,1,0.999999999999999,0.999999999999999,0.999999999999999,1,0.999999999999999,1,1,0.999999999999999,0.999999999999999,0.999999999999998,1,1,0.999999999999999,1,1,1,1,1,1,1,1,1,1,1,1,0.999999999999999,0.999999999999999,0.999999999999999,0.999999999999999,1,0.999999999999998,1,0.999999999999999,1,1,0.999999999999999,1,1,1,0.999999999999998,1,1,1,1,1,1,1,0.999999999999998,1,1,1,1,0.999999999999998,1,1,1,0.999999999999999,1,1,1,1,0.999999999999999,0.999999999999999,1,0.999999999999999,0.999999999999999,1,1,1,1,0.999999999999999,0.999999999999999,1,0.999999999999999,1,1,1,1,1,1,0.999999999999999,1,1,0.999999999999999,0.999999999999999,1,0.999999999999999,1,1,1,1,1,1,1,0.999999999999999,1,0.999999999999999,1,1,1,1,1,0.999999999999999,1,0.999999999999999,1,1,1,1,1,0.999999999999999,1,1,1,1,0.999999999999999,1,1,0.999999999999994,1,0.999999999999999,1,0.999999999999999,0.999999999999999,1,1,1,0.999999999999998,1,1,0.999999999999999,1,1,1,1,1,1,1,1,1,1,0.999999999999999,1,0.999999999999999,1,1,1,1,1,0.999999999999999,1,1,0.999999999999999,1,1,1,0.999999999999999,1,1,1,1,1,0.999999999999999,1,1,1,1,1,1,1,1,0.999999999999999,1,1,1,1,1,0.999999999999999,1,1,1,1,1,1,1,1,1,1,1,0.999999999999999,0.999999999999999,1,1,1,1,1,1,1,1,1,1,1,1,1,1,1,1,1,1,0.999999999999999,1,0.999999999999999,1,1,0.999999999999999,1,1,1,0.999999999999999,1,1,1,0.999999999999999,0.999999999999999,1,0.999999999999999,1,1,1,0.999999999999999,1,0.999999999999999,0.999999999999999,1,0.999999999999999,1,1,0.999999999999998,0.999999999999998,1,1,1,1,1,0.999999999999999,1,0.999999999999999,1,1,1,1,1,1,1,1,1,1,1,0.999999999999999,1,1,1,1,1,1,1,0.999999999999999,1,1,1,1,1,1,1,1,1,0.999999999999999,1,1,1,1,1,1,0.999999999999999,0.999999999999999,1,1,1,0.999999999999998,1,1,0.999999999999999,1,1,1,1,0.999999999999999,0.999999999999999,1,1,0.999999999999998,1,0.999999999999999,0.999999999999999,1,0.999999999999998
1,1,1,0.999999999999999,0.999999999999999,0.999999999999998,1,1,0.999999999999999,1,0.999999999999998,1,1,1,0.999999999999999,1,1,1,0.999999999999999,1,0.999999999999999,0.999999999999999,1,1,1,1,1,1,1,1,1,1,0.999999999999999,1,1,1,0.999999999999998,1,1,0.999999999999999,0.999999999999999,1,1,0.999999999999999,1,1,0.999999999999999,1,1,0.999999999999999,1,1,1,1,1,1,1,1,1,1,1,0.999999999999999,1,1,0.999999999999999,1,1,0.999999999999999,1,1,1,0.999999999999998,1,0.999999999999999,1,1,1,1,1,0.999999999999998,1,1,1,0.999999999999998,1,1,1,0.999999999999999,1,1,1,1,1,1,1,1,1,1,1,1,0.999999999999999,0.999999999999999,1,1,1,1,1,1,1,0.999999999999999,0.999999999999999,1,1,1,0.999999999999999,0.999999999999999,1,1,0.999999999999998,1,1,0.999999999999999,1,1,1,0.999999999999999,1,0.999999999999999,1,0.999999999999999,1,0.999999999999999,1,0.999999999999996,0.999999999999999,1,0.999999999999999,1,1,1,1,1,1,0.999999999999999,1,1,1,1,1,1,1,1,0.999999999999999,0.999999999999998,1,1,1,1,1,0.999999999999999,0.999999999999999,0.999999999999999,0.999999999999998,0.999999999999998,1,0.999999999999999,1,1,1,1,1,0.999999999999999,1,1,1,0.999999999999999,0.999999999999999,0.999999999999999,1,1,1,0.999999999999999,0.999999999999999,1,1,0.999999999999999,1,1,0.999999999999999,1,1,0.999999999999999,1,1,1,0.999999999999999,0.999999999999999,0.999999999999998,0.999999999999998,0.999999999999999,1,1,1,1,1,0.999999999999999,1,1,1,1,0.999999999999999,0.999999999999999,1,1,1,0.999999999999998,1,1,0.999999999999999,1,1,0.999999999999998,0.999999999999999,1,1,0.999999999999999,1,1,0.999999999999998,1,0.999999999999999,1,0.999999999999998,1,1,1,0.999999999999998,1,1,1,1,1,1,1,0.999999999999999,1,1,1,1,1,0.999999999999999,0.999999999999998,1,1,0.999999999999998,0.999999999999998,0.999999999999999,0.999999999999999,1,1,0.999999999999998,1,1,0.999999999999999,1,1,1,0.999999999999999,1,0.999999999999999,0.999999999999999,1,1,1,1,1,1,1,1,1,0.999999999999998,1,1,1,0.999999999999999,1,0.999999999999999,1,1,1,0.999999999999999,1,1,0.999999999999999,0.999999999999999,1,1,1,1,1,1,1,1,0.999999999999998,1,1,1,0.999999999999999,1,1,1,1,1,1,1,1,1,1,1,1,0.999999999999999
0.999999999999999,1,1,1,0.999999999999999,1,1,1,1,1,1,1,1,1,1,0.999999999999999,1,0.999999999999999,1,1,1,1,1,1,1,0.999999999999999,0.999999999999999,1,1,0.999999999999999,0.999999999999999,1,1,1,1,1,1,1,1,0.999999999999999,0.999999999999999,0.999999999999999,1,1,1,1,1,1,1,1,1,0.999999999999999,0.999999999999999,1,1,1,1,1,1,0.999999999999999,1,1,1,1,1,0.999999999999999,1,1,1,1,1,1,0.999999999999999,1,1,1,1,1,1,1,1,0.999999999999999,1,1,1,1,1,1,1,1,1,1,1,1,1,0.999999999999999,0.999999999999999,0.999999999999999,0.999999999999999,1,1,1,1,1,0.999999999999999,1,1,1,0.999999999999998,1,1,1,1,1,1,0.999999999999999,1,1,1,1,1,0.999999999999999,1,1,1,0.999999999999999,0.999999999999999,1,0.999999999999998,1,1,1,1,1,1,0.999999999999998,1,0.999999999999999,1,1,1,1,1,1,0.999999999999999,1,0.999999999999998,1,0.999999999999999,0.999999999999998,1,1,1,1,0.999999999999999,1,1,1,0.999999999999999,1,1,1,0.999999999999999,1,1,0.999999999999998,1,1,1,1,1,1,0.999999999999999,0.999999999999999,1,0.999999999999999,1,1,1,0.999999999999999,1,1,1,1,1,1,1,1,0.999999999999999,1,1,1,1,1,1,1,1,1,1,0.999999999999999,1,1,0.999999999999999,0.999999999999999,0.999999999999999,1,1,1,0.999999999999998,1,0.999999999999999,1,1,1,0.999999999999999,0.999999999999999,0.999999999999999,1,1,1,1,1,0.999999999999999,1,0.999999999999999,1,1,1,1,1,1,1,1,1,0.999999999999999,1,0.999999999999999,0.999999999999999,1,1,1,0.999999999999999,1,1,1,1,1,1,1,1,1,0.999999999999999,1,1,1,0.999999999999999,1,1,1,1,1,1,0.999999999999999,0.999999999999999,1,0.999999999999999,1,1,1,1,1,1,1,1,1,1,1,1,1,1,1,1,1,1,1,1,1,0.999999999999999,1,0.999999999999998,1,1,1,0.999999999999999,1,1,1,0.999999999999999,0.999999999999999,1,1,1,1,1,1,1,1,1,1,1,1,0.999999999999998,1,0.999999999999999,1,0.999999999999999,1,1,1,1,1
0.999999999999999,0.999999999999999,1,1,0.999999999999999,1,0.999999999999999,1,1,0.999999999999999,0.999999999999999,1,1,1,1,1,1,1,1,1,1,1,0.999999999999999,1,1,1,1,0.999999999999998,1,1,0.999999999999999,1,1,1,1,1,1,1,0.999999999999999,0.999999999999999,0.999999999999999,1,1,0.999999999999999,1,1,0.999999999999999,1,1,0.999999999999998,1,1,1,1,1,1,1,1,1,1,1,1,1,1,1,0.999999999999999,1,1,1,1,1,1,1,1,1,0.999999999999999,0.999999999999999,0.999999999999999,1,1,1,0.999999999999999,1,1,1,1,1,1,1,1,1,0.999999999999999,0.999999999999999,1,1,1,1,0.999999999999998,0.999999999999999,1,0.999999999999999,0.999999999999998,0.999999999999999,1,1,1,1,1,0.999999999999998,1,1,1,1,1,1,0.999999999999999,1,1,0.999999999999999,0.999999999999999,1,1,1,1,0.999999999999999,1,1,0.999999999999998,0.999999999999999,0.999999999999999,1,1,1,1,0.999999999999036,1,1,1,1,0.999999999999999,1,1,1,1,0.999999999999999,1,1,0.999999999999999,1,1,1,0.999999999999999,1,1,1,0.999999999999999,1,1,1,1,1,1,0.999999999999999,1,1,0.999999999999999,0.999999999999999,1,1,1,1,1,1,1,0.999999999999999,1,1,0.999999999999998,1,1,1,0.999999999999999,1,1,1,1,1,1,1,1,1,1,1,1,1,1,0.999999999999999,1,0.999999999999999,1,1,1,1,1,1,1,1,1,1,1,1,0.999999999999999,1,0.999999999999999,1,1,1,1,0.999999999999999,0.999999999999999,1,0.999999999999999,1,0.999999999999999,1,0.999999999999999,0.999999999999999,1,1,1,1,0.999999999999999,1,1,0.999999999999999,1,0.999999999999999,1,1,1,1,1,0.999999999999999,1,1,1,1,1,1,0.999999999999999,1,0.999999999999999,1,1,1,0.999999999999998,1,1,1,0.999999999999999,1,0.999999999999999,1,1,1,0.999999999999999,1,1,1,1,1,1,1,1,1,1,0.999999999999998,1,1,1,0.999999999999999,0.999999999999999,0.999999999999999,1,1,1,0.999999999999999,1,1,1,1,1,0.999999999999999,1,1,1,1,1,1,1,1,0.999999999999999,0.999999999999999,0.999999999999998,0.999999999999998,1,1,1,1,1,1,1,0.999999999999999,1,1,0.999999999999999,1,1,0.999999999999999,0.999999999999999,1
1,1,1,1,1,0.999999999999999,1,1,1,1,1,0.999999999999999,1,1,1,0.999999999999999,1,0.999999999999999,1,0.999999999999999,1,1,1,1,1,1,1,1,0.999999999999999,1,1,0.999999999999999,0.999999999999999,0.999999999999999,1,1,1,1,1,0.999999999999999,0.999999999999999,1,1,1,1,0.999999999999999,1,0.999999999999999,0.999999999999999,1,1,1,1,1,1,1,0.999999999999999,1,1,0.999999999999999,1,0.999999999999999,0.999999999999998,1,0.999999999999999,0.999999999999999,1,0.999999999999999,0.999999999999999,1,1,1,1,1,1,1,0.999999999999999,1,1,1,1,1,0.999999999999998,1,1,0.999999999999999,1,1,1,1,1,1,1,0.999999999999999,1,1,1,0.999999999999999,0.999999999999999,0.999999999999999,1,1,1,0.999999999999998,1,0.999999999999998,1,1,1,1,0.999999999999999,1,1,1,1,1,0.999999999999999,1,1,1,0.999999999999999,0.999999999999999,1,1,1,0.999999999999999,1,1,1,1,1,0.999999999999999,0.999999999999999,1,0.999999999999999,1,1,1,1,0.999999999999999,1,1,1,1,1,1,1,1,0.999999999999999,0.999999999999999,1,1,1,1,1,0.999999999999998,1,1,1,1,1,1,1,1,1,1,0.999999999999999,0.999999999999999,1,0.999999999999999,0.999999999999999,0.999999999999999,0.999999999999998,1,1,0.999999999999999,1,0.999999999999999,0.999999999999999,1,0.999999999999999,0.999999999999999,1,0.999999999999998,1,1,0.999999999999999,1,1,1,1,1,1,0.999999999999997,0.999999999999998,1,1,1,1,1,1,1,1,0.999999999999999,1,0.999999999999998,0.999999999999999,0.999999999999999,1,1,0.999999999999999,0.999999999999998,1,0.999999999999999,1,1,1,1,1,1,0.999999999999999,1,1,0.999999999999999,1,1,1,1,0.999999999999999,1,1,1,1,0.999999999999998,1,1,1,1,1,1,1,0.999999999999998,1,0.999999999999999,1,1,1,0.999999999999998,0.999999999999999,0.999999999999999,1,1,0.999999999999999,0.999999999999999,0.999999999999999,1,1,0.999999999999999,0.999999999999999,1,1,1,1,0.999999999999999,1,1,1,0.999999999999999,0.999999999999998,1,1,1,1,1,1,1,1,0.999999999999999,1,1,1,1,1,0.999999999999999,0.999999999999999,0.999999999999999,1,1,1,1,1,1,1,1,1,1,0.999999999999999,1,0.999999999999999,1,1,1,0.999999999999999,1,1,1,1,1,1,0.999999999999999,1,0.999999999999999,1,0.999999999999998,0.999999999999999,1,1,1,1,1,1
0.999999999999999,1,1,1,1,1,1,1,1,1,1,1,1,0.999999999999999,1,1,1,1,1,1,1,1,1,1,1,0.999999999999999,1,0.999999999999999,1,1,0.999999999999999,1,1,1,1,1,0.999999999999999,0.999999999999999,1,1,1,1,1,0.999999999999999,1,1,1,1,1,1,0.999999999999999,0.999999999999999,1,1,1,0.999999999999999,1,1,0.999999999999999,1,1,0.999999999999999,0.999999999999999,1,1,1,1,1,0.999999999999997,1,0.999999999999999,1,1,0.999999999999999,1,1,0.999999999999999,1,1,0.999999999999999,1,1,1,1,0.999999999999999,0.999999999999998,1,1,0.999999999999999,1,1,1,1,1,0.999999999999999,1,1,1,0.999999999999999,1,1,0.999999999999999,1,0.999999999999999,0.999999999999998,1,1,1,0.999999999999999,1,0.999999999999999,1,1,1,1,0.999999999999999,1,1,1,1,0.999999999999999,1,1,1,1,1,1,1,1,0.999999999999999,1,1,1,1,1,0.999999999999999,1,1,1,1,0.999999999999999,1,1,0.999999999999999,1,1,0.999999999999999,1,1,1,1,1,1,1,1,0.999999999999999,1,1,1,1,1,1,0.999999999999999,1,1,0.999999999999999,1,1,0.999999999999999,1,0.999999999999999,1,0.999999999999999,0.999999999999999,1,1,1,1,1,1,1,0.999999999999999,1,1,0.999999999999999,1,1,0.999999999999999,0.999999999999999,1,1,1,1,1,0.999999999999999,1,0.999999999999999,1,0.999999999999999,1,1,1,1,1,0.999999999999998,1,1,1,1,1,0.999999999999998,1,0.999999999999999,1,0.999999999999999,1,1,1,1,1,0.999999999999998,1,0.999999999999999,1,1,1,1,0.999999999999999,1,1,0.999999999999999,1,0.999999999999999,1,1,1,1,1,1,1,1,0.999999999999999,1,1,0.999999999999998,1,1,0.999999999999998,1,0.999999999999999,0.999999999999999,1,0.999999999999999,1,0.999999999999999,0.999999999999998,0.999999999999999,0.999999999999999,0.999999999999999,0.999999999999999,1,1,1,1,1,1,0.999999999999999,1,0.999999999999999,0.999999999999998,1,1,1,1,1,1,1,1,1,1,1,1,1,1,1,1,1,0.999999999999999,1,1,0.999999999999999,1,0.999999999999999,1,1,0.999999999999999,0.999999999999999,1,1,0.999999999999999,1,1,1,1,1,0.999999999999999,1,1,1,1,0.999999999999999,1,1,1,0.999999999999999,1,1,1,1,1,1
1,1,0.999999999999999,1,0.999999999999999,1,1,1,1,1,1,0.999999999999999,0.999999999999999,0.999999999999999,1,1,1,1,1,1,1,1,0.999999999999999,1,0.999999999999999,1,0.999999999999998,1,1,1,1,1,0.999999999999998,0.999999999999999,1,1,1,1,0.999999999999999,1,1,0.999999999999999,1,1,0.999999999999999,0.999999999999999,1,0.999999999999999,1,1,1,1,1,1,1,1,0.999999999999999,1,0.999999999999999,1,1,1,1,0.999999999999999,1,1,1,1,1,1,0.999999999999999,1,1,0.999999999999999,1,0.999999999999999,1,1,1,1,1,0.999999999999999,1,1,1,1,1,1,1,0.999999999999999,1,1,1,1,0.999999999999999,1,0.999999999999998,1,1,1,1,1,0.999999999999999,1,1,1,1,0.999999999999998,1,0.999999999999999,1,1,1,1,1,1,1,1,1,0.999999999999998,0.999999999999999,1,1,1,1,1,0.999999999999998,1,0.999999999999999,1,0.999999999999999,1,1,1,1,0.999999999999996,1,0.999999999999999,1,1,0.999999999999999,1,1,1,1,1,1,0.999999999999999,1,1,1,1,1,0.999999999999999,1,1,0.999999999999999,1,1,0.999999999999999,1,0.999999999999999,0.999999999999999,1,1,1,1,1,1,1,0.999999999999999,0.999999999999999,1,1,1,1,1,0.999999999999999,1,1,1,1,1,1,1,0.999999999999998,1,1,1,1,1,1,1,0.999999999999999,0.999999999999998,1,1,1,1,1,0.999999999999999,0.999999999999998,0.999999999999999,1,1,0.999999999999999,1,1,1,0.999999999999999,1,0.999999999999999,1,0.999999999999999,1,1,0.999999999999999,0.999999999999999,1,1,1,1,0.999999999999999,0.999999999999999,1,1,0.999999999999999,1,0.999999999999999,1,1,1,0.999999999999999,1,1,1,1,0.999999999999999,1,1,1,0.999999999999999,0.999999999999999,1,1,1,1,0.999999999999998,1,1,1,1,1,0.999999999999999,1,1,1,1,1,0.999999999999999,1,1,1,1,1,1,1,1,1,0.999999999999999,1,1,1,0.999999999999998,1,1,1,1,1,1,1,1,1,0.999999999999999,1,1,1,1,1,1,0.999999999999999,0.999999999999999,1,1,0.999999999999999,0.999999999999999,1,1,1,1,1,0.999999999999999,1,1,1,1,1,0.999999999999999,0.999999999999999,0.999999999999999,1,1,1,1,1,1,1,1,1,1,0.999999999999999
1,0.999999999999999,1,1,1,1,1,1,1,0.999999999999999,1,1,1,1,1,1,1,1,0.999999999999999,1,1,1,0.999999999999999,1,1,1,0.999999999999999,1,1,0.999999999999999,1,1,1,0.999999999999999,1,0.999999999999999,0.999999999999999,1,1,1,1,1,1,1,1,1,1,0.999999999999999,1,1,1,1,0.999999999999999,1,0.999999999999999,1,0.999999999999998,1,1,1,0.999999999999999,0.999999999999999,1,1,1,0.999999999999999,1,1,0.999999999999998,0.999999999999998,1,0.999999999999998,0.999999999999999,1,0.999999999999999,1,1,0.999999999999999,0.999999999999999,0.999999999999999,1,1,1,1,1,1,0.999999999999998,0.999999999999998,0.999999999999999,1,1,1,1,1,0.999999999999999,0.999999999999999,0.999999999999999,1,1,1,1,1,1,1,0.999999999999998,1,0.999999999999999,1,1,1,0.999999999999999,0.999999999999999,1,0.999999999999999,0.999999999999999,1,1,1,1,1,0.999999999999999,0.999999999999999,1,1,1,1,1,1,1,1,0.999999999999999,1,1,0.999999999999999,1,0.999999999999767,1,1,1,1,1,1,0.999999999999999,1,1,1,1,1,1,1,0.999999999999999,1,1,1,1,1,1,1,1,1,1,0.999999999999999,1,1,1,1,1,0.999999999999999,1,1,1,0.999999999999999,1,1,1,0.999999999999999,0.999999999999998,1,1,1,1,0.999999999999999,1,1,1,1,1,1,1,1,1,0.999999999999999,0.999999999999999,1,0.999999999999999,1,1,1,0.999999999999999,1,0.999999999999999,0.999999999999999,0.999999999999999,1,0.999999999999999,0.999999999999999,1,0.999999999999999,1,1,1,1,1,1,1,1,0.999999999999999,1,1,1,0.999999999999999,0.999999999999999,0.999999999999999,1,0.999999999999999,0.999999999999999,1,1,1,1,1,1,1,1,1,1,0.999999999999999,1,0.999999999999999,1,1,1,1,1,0.999999999999999,1,1,1,1,1,1,1,1,1,1,0.999999999999999,1,1,1,1,1,1,1,1,1,1,0.999999999999999,1,1,1,0.999999999999998,1,0.999999999999999,1,1,0.999999999999999,1,0.999999999999999,0.999999999999999,0.999999999999999,1,0.999999999999999,1,1,1,1,1,1,1,0.999999999999999,1,1,1,1,1,1,1,1,1,1,1,1,1,0.999999999999999,1,0.999999999999999,0.999999999999999,1,1,1,1,1,1,0.999999999999999,1,1,0.999999999999999,1,1,0.999999999999999,1
1,1,1,1,1,0.999999999999999,1,1,0.999999999999998,0.999999999999998,1,1,0.999999999999999,1,1,1,1,1,1,1,1,1,1,1,1,1,1,1,0.999999999999999,1,1,1,1,1,0.999999999999999,1,0.999999999999999,0.999999999999999,0.999999999999999,1,1,1,1,0.999999999999999,1,1,0.999999999999999,1,1,0.999999999999999,0.999999999999998,1,1,1,1,1,1,0.999999999999999,1,1,1,1,1,1,1,1,1,1,0.999999999999999,1,0.999999999999999,1,0.999999999999999,1,1,1,0.999999999999999,1,1,1,1,1,0.999999999999999,1,1,0.999999999999999,1,0.999999999999999,1,1,1,0.999999999999999,1,1,1,1,0.999999999999999,1,1,1,1,1,1,1,0.999999999999999,0.999999999999998,1,1,1,0.999999999999999,1,1,0.999999999999999,0.999999999999999,1,0.999999999999999,0.999999999999998,1,1,0.999999999999999,1,0.999999999999999,1,1,1,1,1,1,1,1,1,0.999999999999999,1,1,1,1.00000000000001,1,1,1,0.999999999999999,1,1,1,1,1,1,1,1,1,1,1,1,0.999999999999999,1,1,1,0.999999999999999,1,1,1,1,1,1,1,0.999999999999999,1,1,0.999999999999998,0.999999999999999,1,1,1,1,1,1,1,1,1,1,0.999999999999999,1,1,1,0.999999999999999,0.999999999999999,0.999999999999999,1,1,0.999999999999999,1,1,0.999999999999999,1,1,1,1,0.999999999999999,1,1,0.999999999999998,1,1,1,0.999999999999999,0.999999999999999,0.999999999999999,1,0.999999999999999,1,1,0.999999999999999,1,1,1,1,0.999999999999999,1,1,1,1,0.999999999999999,1,1,1,1,0.999999999999999,1,1,1,1,0.999999999999998,1,0.999999999999999,1,1,0.999999999999999,0.999999999999999,0.999999999999999,0.999999999999999,1,1,1,1,0.999999999999999,1,1,1,1,1,0.999999999999999,1,1,0.999999999999999,1,1,1,0.999999999999999,1,0.999999999999999,0.999999999999999,1,1,1,1,0.999999999999998,1,1,1,1,1,1,1,0.999999999999998,0.999999999999998,0.999999999999999,1,1,0.999999999999999,1,0.999999999999999,1,1,1,1,1,1,1,1,1,1,1,1,1,1,1,1,0.999999999999999,1,1,0.999999999999998,1,1,0.999999999999999,1,1,1,1,0.999999999999999,0.999999999999999,1,1,0.999999999999999,1,1,1,0.999999999999999,1,1,1,1,0.999999999999999
1,1,1,0.999999999999999,1,0.999999999999999,0.999999999999999,1,1,0.999999999999999,1,1,0.999999999999999,0.999999999999999,1,1,1,1,1,1,1,1,1,1,0.999999999999999,1,1,1,1,0.999999999999999,1,1,1,1,1,0.999999999999999,1,1,1,1,1,1,1,1,1,1,0.999999999999998,0.999999999999999,1,0.999999999999999,1,1,0.999999999999999,1,1,1,0.999999999999999,0.999999999999999,0.999999999999998,1,1,0.999999999999999,0.999999999999999,1,1,1,1,0.999999999999999,1,1,0.999999999999999,1,1,1,0.999999999999999,1,1,1,1,1,1,1,1,0.999999999999999,1,1,1,1,1,1,1,0.999999999999998,1,0.999999999999999,1,1,1,0.999999999999999,1,1,0.999999999999999,1,1,1,1,1,1,1,1,0.999999999999999,1,1,1,1,0.999999999999999,1,1,1,1,1,1,0.999999999999999,1,1,1,1,1,1,1,1,0.999999999999999,1,1,0.999999999999999,1,1,0.999999999999997,0.999999999999999,1,1,1,1,1,1,1,0.999999999999999,0.999999999999999,1,1,1,1,1,1,1,0.999999999999999,1,1,1,1,1,1,1,1,1,1,1,1,1,1,1,1,1,1,0.999999999999999,1,1,0.999999999999998,0.999999999999999,1,0.999999999999999,1,1,1,1,0.999999999999999,1,1,1,1,1,1,1,0.999999999999999,1,0.999999999999999,1,1,1,1,1,0.999999999999999,1,1,1,1,0.999999999999999,0.999999999999999,1,0.999999999999999,1,0.999999999999999,1,1,1,1,1,1,1,0.999999999999999,1,0.999999999999999,1,0.999999999999999,1,0.999999999999999,1,1,1,1,0.999999999999999,0.999999999999999,0.999999999999999,1,1,1,0.999999999999998,1,0.999999999999998,0.999999999999998,1,1,1,0.999999999999999,1,1,1,1,1,1,0.999999999999998,1,0.999999999999999,0.999999999999999,1,1,1,1,1,1,0.999999999999999,0.999999999999999,0.999999999999998,1,1,1,1,1,0.999999999999999,1,1,1,0.999999999999999,1,1,0.999999999999999,1,1,1,1,0.999999999999998,1,1,1,1,1,1,1,1,1,1,1,1,1,1,1,1,0.999999999999998,1,1,1,1,0.999999999999999,1,1,0.999999999999999,0.999999999999998,1,1,1,1,0.999999999999999,1,1,1,1,1,1,1,1,1,1
1,0.999999999999999,1,1,1,1,1,1,1,0.999999999999999,1,1,1,1,1,0.999999999999999,1,1,1,1,1,1,1,1,1,0.999999999999999,0.999999999999999,1,1,1,0.999999999999999,0.999999999999999,1,1,1,1,1,1,1,1,1,0.999999999999998,1,1,1,0.999999999999999,1,0.999999999999999,0.999999999999999,1,1,1,1,1,1,1,1,0.999999999999999,0.999999999999999,1,1,1,1,1,1,1,1,1,1,1,1,1,1,1,0.999999999999999,1,1,1,1,0.999999999999999,1,1,1,1,1,1,1,1,1,1,0.999999999999999,1,1,1,0.999999999999999,1,1,1,1,1,1,1,0.999999999999999,0.999999999999999,1,1,1,1,1,0.999999999999999,1,1,1,1,1,1,1,1,1,0.999999999999999,1,1,1,1,1,1,1,1,1,0.999999999999999,1,1,1,1,1,1,1.00000000000001,0.999999999999999,1,1,1,1,1,1,1,0.999999999999999,1,1,1,1,0.999999999999999,1,0.999999999999999,0.999999999999999,0.999999999999999,0.999999999999999,1,1,1,1,1,1,1,1,1,1,1,1,0.999999999999998,1,1,1,1,0.999999999999999,1,1,1,1,1,0.999999999999999,1,0.999999999999999,1,1,1,0.999999999999998,0.999999999999999,0.999999999999999,1,0.999999999999999,0.999999999999999,0.999999999999999,1,0.999999999999999,1,1,0.999999999999999,1,0.999999999999999,1,1,0.999999999999999,1,1,0.999999999999999,1,1,1,1,1,1,1,0.999999999999999,1,1,0.999999999999999,1,1,1,0.999999999999999,0.999999999999999,1,1,0.999999999999998,1,0.999999999999999,1,0.999999999999999,1,1,1,1,1,1,0.999999999999999,0.999999999999999,1,1,1,1,1,1,1,1,1,1,0.999999999999998,1,1,1,1,1,1,1,1,0.999999999999999,1,1,1,1,1,1,0.999999999999999,1,1,0.999999999999999,1,0.999999999999999,0.999999999999999,1,1,1,0.999999999999999,1,1,0.999999999999999,1,1,1,1,1,1,1,0.999999999999999,1,1,1,1,0.999999999999999,1,1,1,0.999999999999999,1,0.999999999999999,1,1,1,1,1,1,1,0.999999999999999,0.999999999999999,1,1,1,0.999999999999999,0.999999999999999,1,1,1,1,1,1,1,1,1,1,0.999999999999999,1
0.999999999999999,1,0.999999999999998,1,1,1,0.999999999999999,0.999999999999998,1,0.999999999999999,1,1,1,1,0.999999999999999,1,1,0.999999999999999,1,1,0.999999999999999,1,1,0.999999999999999,0.999999999999999,1,1,1,1,1,1,1,0.999999999999999,1,1,1,1,1,1,1,1,1,1,1,1,1,1,0.999999999999998,0.999999999999999,1,1,1,1,1,1,1,1,0.999999999999999,0.999999999999999,1,0.999999999999999,0.999999999999999,1,1,0.999999999999999,0.999999999999999,1,1,1,0.999999999999999,0.999999999999999,1,0.999999999999999,1,1,1,0.999999999999999,1,1,0.999999999999999,1,0.999999999999999,1,1,1,1,1,0.999999999999999,1,1,0.999999999999999,1,1,1,1,1,1,0.999999999999999,1,0.999999999999998,1,0.999999999999999,1,1,1,0.999999999999998,0.999999999999999,0.999999999999999,1,1,1,1,1,1,1,0.999999999999999,1,1,1,1,1,1,1,1,1,0.999999999999999,1,1,0.999999999999999,0.999999999999999,1,1,1,1,1,1,0.999999999999695,0.999999999999999,0.999999999999999,1,1,1,0.999999999999998,1,0.999999999999999,1,0.999999999999999,0.999999999999999,0.999999999999998,0.999999999999998,1,1,1,0.999999999999999,1,0.999999999999999,1,1,1,0.999999999999999,0.999999999999998,0.999999999999999,1,1,1,1,0.999999999999998,1,1,1,0.999999999999999,1,1,1,1,1,1,1,1,1,0.999999999999999,1,1,1,1,1,1,0.999999999999999,1,1,1,1,0.999999999999999,1,1,1,1,0.999999999999999,1,1,1,1,0.999999999999999,1,0.999999999999999,1,1,1,1,1,0.999999999999999,1,0.999999999999999,1,0.999999999999998,1,1,1,0.999999999999999,1,1,1,1,0.999999999999999,1,1,1,1,1,1,1,1,1,1,1,1,1,0.999999999999999,1,1,1,1,1,1,1,0.999999999999998,1,1,1,1,1,1,0.999999999999999,1,0.999999999999999,1,0.999999999999999,1,1,1,1,1,1,1,0.999999999999999,1,0.999999999999999,1,1,1,0.999999999999999,1,1,1,1,1,0.999999999999999,1,1,1,1,1,0.999999999999999,0.999999999999999,1,0.999999999999999,1,0.999999999999999,1,1,1,1,0.999999999999999,1,1,1,1,1,0.999999999999999,1,0.999999999999999,1,0.999999999999999,0.999999999999999,0.999999999999999,1,1,1,1,0.999999999999999,0.999999999999999,1,1,1,1,1,0.999999999999999,0.999999999999999,0.999999999999999,1,1
1,1,1,0.999999999999999,1,1,1,1,0.999999999999998,1,0.999999999999999,1,1,1,0.999999999999999,1,1,1,1,1,1,1,1,0.999999999999999,1,0.999999999999998,1,1,0.999999999999999,1,1,1,0.999999999999999,1,1,1,0.999999999999999,1,1,0.999999999999999,1,1,1,0.999999999999999,1,1,1,1,0.999999999999998,1,0.999999999999999,1,1,0.999999999999998,1,1,1,1,1,1,1,1,1,1,1,0.999999999999999,1,1,0.999999999999999,0.999999999999999,1,1,1,1,1,1,1,1,0.999999999999999,1,0.999999999999999,0.999999999999999,0.999999999999999,0.999999999999999,1,1,1,1,0.999999999999999,1,1,1,1,1,1,0.999999999999999,0.999999999999999,0.999999999999999,1,1,0.999999999999999,1,1,1,1,1,1,1,0.999999999999998,1,1,0.999999999999999,1,0.999999999999999,0.999999999999999,1,0.999999999999999,1,0.999999999999998,0.999999999999999,1,0.999999999999999,1,1,1,1,1,1,1,1,1,0.999999999999999,1,1,0.999999999999999,0.999999999999999,0.999999999999994,1,1,1,1,1,1,0.999999999999999,1,1,0.999999999999999,0.999999999999999,1,0.999999999999998,1,1,1,1,1,1,1,0.999999999999999,1,1,0.999999999999999,0.999999999999999,0.999999999999999,1,1,1,1,0.999999999999999,1,1,1,0.999999999999999,1,0.999999999999999,0.999999999999999,1,0.999999999999999,1,1,0.999999999999999,0.999999999999999,1,0.999999999999998,1,0.999999999999999,1,0.999999999999999,0.999999999999999,0.999999999999999,1,1,1,1,1,1,1,0.999999999999999,1,0.999999999999999,0.999999999999999,1,1,1,1,1,1,1,1,1,1,1,1,0.999999999999999,0.999999999999999,1,0.999999999999999,1,1,1,1,1,1,1,0.999999999999999,1,1,0.999999999999999,0.999999999999999,1,0.999999999999999,1,1,1,1,1,1,1,1,1,0.999999999999999,1,0.999999999999999,0.999999999999999,1,0.999999999999999,1,0.999999999999998,1,1,1,1,1,0.999999999999999,0.999999999999999,1,1,1,1,1,1,0.999999999999999,1,1,0.999999999999999,1,1,0.999999999999999,1,1,0.999999999999999,0.999999999999999,1,1,1,1,0.999999999999999,0.999999999999999,1,0.999999999999999,1,0.999999999999999,0.999999999999999,1,1,1,0.999999999999999,1,1,0.999999999999998,1,1,1,1,1,1,1,1,1,1,1,0.999999999999999,1,1,1,1,0.999999999999999,1,1,1,1,1,0.999999999999999,1,1,1,1,1,1,0.999999999999998,1,0.999999999999999
1,1,0.999999999999999,1,0.999999999999999,0.999999999999999,1,0.999999999999999,1,1,0.999999999999999,1,1,1,0.999999999999999,1,1,0.999999999999999,1,0.999999999999999,1,1,0.999999999999998,0.999999999999998,1,1,1,1,1,1,1,1,1,1,0.999999999999999,0.999999999999999,1,1,1,1,1,1,1,0.999999999999999,0.999999999999999,1,1,1,1,0.999999999999999,1,1,0.999999999999998,1,1,0.999999999999999,1,1,1,1,1,1,1,0.999999999999999,0.999999999999999,1,1,1,1,1,0.999999999999999,1,1,0.999999999999999,1,1,1,1,1,1,1,0.999999999999999,1,1,1,0.999999999999999,0.999999999999999,1,0.999999999999998,1,1,1,1,1,1,1,1,1,1,1,0.999999999999999,1,1,1,0.999999999999998,1,1,0.999999999999998,1,1,1,1,0.999999999999999,1,0.999999999999999,1,0.999999999999999,1,1,1,0.999999999999999,1,0.999999999999999,1,1,1,1,1,0.999999999999999,1,1,0.999999999999999,1,1,1,1,1,1,1,1,1,1,1,1,1,1,1,0.999999999999999,0.999999999999999,1,1,1,0.999999999999999,1,1,0.999999999999999,1,0.999999999999999,1,0.999999999999999,1,1,1,0.999999999999998,1,1,1,1,1,1,1,0.999999999999999,1,1,1,1,1,1,1,1,1,1,1,1,1,1,1,1,1,1,0.999999999999999,1,1,1,1,1,1,1,1,0.999999999999999,1,1,0.999999999999999,1,0.999999999999999,1,0.999999999999999,0.999999999999999,1,1,1,1,1,1,0.999999999999999,1,1,0.999999999999998,1,1,0.999999999999998,1,1,1,1,1,1,0.999999999999999,1,0.999999999999999,1,1,1,0.999999999999999,1,1,0.999999999999999,1,1,1,1,0.999999999999999,1,1,1,1,0.999999999999999,1,1,1,1,0.999999999999999,1,1,1,1,1,0.999999999999999,1,1,1,1,1,1,0.999999999999999,1,1,1,1,0.999999999999999,1,1,1,1,1,1,0.999999999999999,1,1,1,1,1,1,0.999999999999999,0.999999999999999,1,0.999999999999999,1,1,1,1,1,0.999999999999999,1,1,1,1,0.999999999999999,1,1,0.999999999999999,0.999999999999998,1,0.999999999999999,1,0.999999999999998,1,1,0.999999999999998,0.999999999999999,1,1,1,1,1,0.999999999999999,1,1,1,1,1
1,0.999999999999999,0.999999999999999,0.999999999999998,0.999999999999999,1,0.999999999999999,1,1,1,1,1,1,1,1,1,1,0.999999999999999,1,0.999999999999999,1,1,0.999999999999999,0.999999999999999,1,1,1,1,1,1,1,1,0.999999999999999,1,1,0.999999999999999,1,1,1,1,1,0.999999999999998,1,1,0.999999999999999,1,1,1,1,1,1,1,0.999999999999999,1,0.999999999999999,1,1,1,1,1,1,1,1,1,0.999999999999999,1,1,1,1,0.999999999999999,1,1,1,1,0.999999999999999,0.999999999999998,1,1,1,1,0.999999999999998,1,0.999999999999999,1,1,1,1,1,1,1,1,1,1,1,0.999999999999999,1,0.999999999999999,1,1,0.999999999999999,0.999999999999998,0.999999999999999,0.999999999999999,1,1,1,0.999999999999998,1,0.999999999999999,1,1,1,1,1,1,0.999999999999999,0.999999999999999,0.999999999999999,1,1,0.999999999999999,1,1,0.999999999999999,1,1,0.999999999999998,1,1,1,0.999999999999999,1,1,0.999999999999999,1,1,1,1,0.999999999999999,1,1,1,0.999999999999999,0.999999999999999,1,1,1,1,0.999999999999999,1,0.999999999999999,1,1,0.999999999999999,1,1,1,0.999999999999999,1,1,1,1,1,1,1,1,0.999999999999999,0.999999999999999,0.999999999999999,1,0.999999999999999,0.999999999999999,0.999999999999998,0.999999999999999,1,1,1,1,1,1,1,0.999999999999999,1,1,1,1,1,1,1,0.999999999999999,1,1,1,1,1,1,1,1,1,1,1,1,0.999999999999999,1,0.999999999999999,1,1,0.999999999999999,1,0.999999999999999,1,1,1,1,1,0.999999999999998,1,1,1,1,0.999999999999999,1,1,1,1,1,1,0.999999999999999,1,0.999999999999999,1,0.999999999999999,1,1,1,1,1,1,1,1,1,1,1,0.999999999999999,1,0.999999999999999,1,1,0.999999999999999,0.999999999999998,1,1,1,0.999999999999999,1,1,0.999999999999998,1,1,1,1,0.999999999999999,1,1,1,0.999999999999999,1,0.999999999999999,1,1,1,1,1,1,1,1,1,1,0.999999999999998,1,1,1,1,1,1,1,1,1,1,1,1,1,1,1,1,1,1,0.999999999999998,0.999999999999999,1,0.999999999999999,1,1,1,0.999999999999999,1,1,1,1,1,0.999999999999999,1,1,0.999999999999999,0.999999999999999,1,1,1,1,1,1
0.999999999999999,1,0.999999999999999,1,1,1,1,1,0.999999999999999,0.999999999999999,1,1,1,1,1,1,0.999999999999999,1,1,0.999999999999999,0.999999999999999,1,1,0.999999999999999,1,1,1,0.999999999999999,1,0.999999999999999,1,1,1,0.999999999999998,1,1,1,0.999999999999999,1,1,1,1,1,0.999999999999999,1,0.999999999999999,1,1,1,1,1,1,1,1,1,1,1,1,1,1,1,1,0.999999999999999,1,1,0.999999999999999,1,1,1,1,1,0.999999999999999,1,1,0.999999999999999,1,1,1,1,0.999999999999999,0.999999999999999,0.999999999999999,0.999999999999999,1,1,1,0.999999999999998,1,1,1,1,1,1,1,1,0.999999999999998,1,1,0.999999999999999,0.999999999999999,0.999999999999998,0.999999999999999,1,1,1,1,1,1,1,1,1,1,1,1,1,0.999999999999999,1,1,1,1,0.999999999999999,1,1,0.999999999999999,1,1,1,0.999999999999999,1,1,1,1,0.999999999999999,0.999999999999999,0.999999999999999,1,1,1.00000000000057,1,1,0.999999999999999,0.999999999999997,1,1,1,1,0.999999999999999,1,1,1,1,1,1,1,0.999999999999999,1,0.999999999999999,0.999999999999999,1,1,1,1,1,1,0.999999999999999,0.999999999999999,1,1,1,1,1,1,1,1,1,1,1,0.999999999999999,1,1,1,1,0.999999999999998,1,1,1,1,1,0.999999999999999,1,0.999999999999999,1,0.999999999999999,1,0.999999999999998,0.999999999999998,1,1,1,1,1,1,0.999999999999999,1,0.999999999999999,0.999999999999999,1,0.999999999999999,1,1,1,1,1,0.999999999999999,0.999999999999999,1,1,1,1,1,1,1,1,1,0.999999999999999,0.999999999999999,0.999999999999999,1,1,0.999999999999999,0.999999999999999,1,1,1,1,0.999999999999999,1,1,1,1,1,1,1,1,0.999999999999999,1,0.999999999999999,0.999999999999999,1,1,0.999999999999999,1,1,0.999999999999999,0.999999999999998,1,1,1,1,0.999999999999998,0.999999999999999,0.999999999999998,1,1,1,0.999999999999999,1,1,1,1,0.999999999999999,1,0.999999999999999,1,0.999999999999999,1,1,1,1,1,1,1,0.999999999999999,1,0.999999999999999,1,1,1,1,1,1,1,0.999999999999999,1,1,1,1,1,1,1,1,1,1,1,1,1,1,1,1,1,1,0.999999999999999,1,0.999999999999999,0.999999999999999,1,1,1,1,1,1
1,1,1,1,1,1,1,1,1,1,0.999999999999999,1,0.999999999999999,1,1,1,0.999999999999999,1,1,1,0.999999999999999,1,1,1,0.999999999999999,1,1,0.999999999999998,1,1,1,1,1,0.999999999999999,1,0.999999999999999,1,1,1,1,1,0.999999999999999,1,1,1,1,0.999999999999999,1,1,1,1,1,0.999999999999999,1,1,1,1,1,1,1,1,1,1,0.999999999999999,1,1,1,0.999999999999999,1,1,1,1,1,1,0.999999999999998,0.999999999999999,0.999999999999998,1,1,1,1,1,1,1,0.999999999999999,1,1,1,1,1,0.999999999999999,0.999999999999999,1,1,1,1,0.999999999999999,1,0.999999999999999,1,0.999999999999999,1,0.999999999999999,0.999999999999999,1,1,0.999999999999999,1,1,1,1,1,1,1,1,0.999999999999999,1,1,1,1,1,1,1,0.999999999999999,1,1,1,1,1,1,1,0.999999999999999,1,0.999999999999999,1,0.999999999999999,1,0.999999999999998,0.999999999999998,1,1,1,1,1,1,1,1,0.999999999999999,1,1,1,1,1,0.999999999999999,0.999999999999999,1,0.999999999999999,1,1,1,1,1,1,1,1,1,1,1,1,1,1,1,1,1,1,1,1,1,1,0.999999999999999,1,1,0.999999999999999,0.999999999999999,1,1,1,0.999999999999999,0.999999999999999,0.999999999999999,1,1,1,1,1,1,1,1,1,1,0.999999999999999,1,1,1,1,0.999999999999999,1,1,0.999999999999998,1,1,1,0.999999999999998,1,0.999999999999998,1,1,1,1,0.999999999999999,1,0.999999999999999,1,0.999999999999999,0.999999999999999,1,1,1,0.999999999999999,0.999999999999998,1,1,1,0.999999999999999,1,0.999999999999998,0.999999999999999,0.999999999999999,1,1,1,1,1,1,1,0.999999999999999,0.999999999999998,1,1,1,1,1,1,1,1,1,1,0.999999999999998,1,1,0.999999999999999,0.999999999999999,0.999999999999999,1,1,0.999999999999999,1,0.999999999999999,1,1,1,0.999999999999999,0.999999999999998,1,1,1,1,1,1,1,1,1,1,1,1,1,1,1,1,1,1,1,1,1,1,1,1,0.999999999999999,1,1,1,1,1,1,0.999999999999999,0.999999999999999,1,0.999999999999999,1,1,1,1,1,1,1,1,0.999999999999999,0.999999999999999,1,1,1
1,1,1,1,1,1,1,1,1,1,1,1,1,1,1,1,0.999999999999999,1,1,0.999999999999999,1,1,1,1,1,1,1,1,1,1,0.999999999999999,1,1,0.999999999999999,1,1,0.999999999999999,1,1,0.999999999999999,1,1,1,1,1,1,1,0.999999999999999,1,0.999999999999999,1,0.999999999999998,0.999999999999999,1,1,1,1,0.999999999999999,1,1,1,1,1,1,1,1,1,1,1,1,1,1,0.999999999999999,1,1,1,0.999999999999999,1,1,0.999999999999999,1,1,1,0.999999999999999,1,1,1,1,0.999999999999998,1,0.999999999999999,1,0.999999999999999,1,0.999999999999999,1,1,1,1,0.999999999999999,1,1,1,0.999999999999999,1,1,1,1,1,1,1,0.999999999999999,0.999999999999999,1,1,1,1,0.999999999999999,1,1,1,1,1,1,1,0.999999999999999,1,1,1,1,1,1,1,1,1,0.999999999999999,1,1,0.999999999999995,1,1,1,1,1,1,1,1,1,1,0.999999999999999,1,0.999999999999999,1,0.999999999999999,0.999999999999999,1,1,1,0.999999999999999,1,0.999999999999999,1,1,1,0.999999999999998,1,1,0.999999999999999,1,1,1,0.999999999999999,1,1,1,1,1,1,1,1,1,0.999999999999998,1,0.999999999999999,1,1,1,1,1,0.999999999999999,1,1,0.999999999999999,1,1,1,1,1,1,1,1,1,1,1,1,1,1,1,0.999999999999999,1,1,1,1,0.999999999999999,0.999999999999998,1,1,0.999999999999999,0.999999999999998,1,0.999999999999999,0.999999999999999,0.999999999999999,0.999999999999999,0.999999999999999,1,1,0.999999999999999,0.999999999999999,1,1,1,0.999999999999999,0.999999999999999,1,1,1,1,1,0.999999999999999,1,1,1,1,1,1,1,1,1,0.999999999999999,0.999999999999999,1,1,1,1,0.999999999999999,0.999999999999999,0.999999999999999,1,1,1,0.999999999999999,1,0.999999999999999,1,1,1,1,1,1,0.999999999999999,0.999999999999999,1,0.999999999999999,1,0.999999999999999,1,0.999999999999999,0.999999999999998,0.999999999999999,1,1,1,1,1,0.999999999999999,1,1,0.999999999999999,0.999999999999998,1,0.999999999999999,1,1,1,1,1,1,1,0.999999999999999,1,1,1,0.999999999999999,0.999999999999999,1,1,0.999999999999999,1,1,1,1,0.999999999999999,0.999999999999999,1,0.999999999999999,1,1,0.999999999999999,1,1
0.999999999999999,1,0.999999999999999,0.999999999999999,0.999999999999999,1,0.999999999999998,1,1,1,1,1,1,1,1,0.999999999999999,0.999999999999999,1,1,1,1,1,1,1,1,1,1,1,0.999999999999999,0.999999999999999,0.999999999999999,0.999999999999999,1,1,1,1,1,1,1,1,0.999999999999999,1,1,1,1,0.999999999999999,1,1,1,0.999999999999999,1,1,0.999999999999999,1,1,1,1,0.999999999999999,1,1,1,0.999999999999999,1,1,1,0.999999999999999,0.999999999999999,1,1,1,1,0.999999999999999,1,1,1,1,1,1,0.999999999999999,1,1,1,1,1,0.999999999999999,1,0.999999999999999,1,1,1,0.999999999999999,0.999999999999999,1,1,1,0.999999999999999,0.999999999999999,0.999999999999999,1,1,1,1,1,1,1,0.999999999999998,1,1,1,1,1,1,0.999999999999999,1,0.999999999999999,0.999999999999999,1,1,1,1,1,1,0.999999999999999,0.999999999999999,0.999999999999999,0.999999999999999,0.999999999999999,1,1,1,0.999999999999999,1,1,1,1,0.999999999999999,1,1,1,0.999999999999999,0.999999999999999,1,1,1,1,1,1,1,0.999999999999999,1,0.999999999999999,1,1,1,0.999999999999998,1,1,1,1,0.999999999999999,1,1,1,1,1,0.999999999999998,1,1,0.999999999999998,1,1,0.999999999999999,1,0.999999999999999,1,1,1,1,0.999999999999999,1,1,1,0.999999999999999,1,1,1,1,0.999999999999999,0.999999999999999,0.999999999999999,0.999999999999999,1,1,1,1,1,0.999999999999999,1,1,1,1,1,1,1,0.999999999999999,1,0.999999999999999,1,1,0.999999999999999,0.999999999999999,0.999999999999999,0.999999999999999,1,1,1,0.999999999999999,1,1,0.999999999999999,1,1,1,1,1,1,1,1,0.999999999999999,1,1,0.999999999999999,0.999999999999999,0.999999999999999,1,1,1,1,1,1,1,1,1,1,1,1,1,1,1,0.999999999999999,1,1,1,0.999999999999999,1,1,1,1,1,1,1,1,1,1,1,1,1,1,1,1,0.999999999999999,1,1,1,0.999999999999999,0.999999999999999,1,0.999999999999999,1,1,0.999999999999999,1,1,1,0.999999999999999,1,1,1,1,1,1,1,1,0.999999999999999,0.999999999999998,1,1,1,1,1,1,1,1,1,1,1,1,0.999999999999999,1,1,1,1,0.999999999999999,0.999999999999999,1,1,1,1,1,1,1
0.999999999999998,1,0.999999999999999,0.999999999999998,0.999999999999999,1,1,1,1,1,1,1,1,0.999999999999999,0.999999999999998,1,0.999999999999999,0.999999999999999,1,1,1,0.999999999999999,1,1,1,1,1,1,0.999999999999998,0.999999999999999,0.999999999999999,1,0.999999999999998,1,0.999999999999998,0.999999999999999,0.999999999999999,1,0.999999999999998,1,1,1,1,1,1,1,1,1,1,0.999999999999999,1,0.999999999999999,1,1,1,1,1,1,1,0.999999999999999,0.999999999999999,1,1,1,0.999999999999999,1,0.999999999999999,0.999999999999999,0.999999999999999,1,1,1,1,1,0.999999999999999,0.999999999999999,1,0.999999999999999,1,1,1,0.999999999999999,1,0.999999999999999,0.999999999999999,1,0.999999999999999,0.999999999999999,0.999999999999999,0.999999999999999,1,1,0.999999999999999,1,0.999999999999999,1,0.999999999999999,0.999999999999999,1,1,1,1,1,1,1,0.999999999999999,1,1,1,1,0.999999999999999,0.999999999999999,1,1,0.999999999999999,1,1,1,1,1,1,0.999999999999999,1,1,1,0.999999999999999,1,0.999999999999998,1,0.999999999999999,1,1,1,1,0.999999999999999,1,1,1,0.999999999999496,1,1,1,1,1,0.999999999999999,0.999999999999999,0.999999999999999,1,1,1,0.999999999999999,1,0.999999999999999,0.999999999999999,1,1,1,1,1,1,1,1,0.999999999999999,1,1,0.999999999999998,1,1,1,1,1,0.999999999999998,0.999999999999999,1,1,0.999999999999999,1,1,0.999999999999998,0.999999999999999,0.999999999999998,1,1,0.999999999999999,1,1,1,0.999999999999999,1,1,1,0.999999999999999,0.999999999999998,1,0.999999999999999,1,1,1,0.999999999999999,0.999999999999998,1,1,1,1,1,1,1,1,0.999999999999999,1,1,1,1,1,1,1,1,1,1,1,1,1,0.999999999999999,1,1,1,1,1,1,1,1,1,1,1,1,1,0.999999999999999,0.999999999999999,1,0.999999999999999,1,1,0.999999999999999,0.999999999999999,0.999999999999999,1,0.999999999999999,1,1,0.999999999999999,1,1,0.999999999999999,1,1,1,1,1,0.999999999999998,1,1,1,1,1,0.999999999999998,1,1,1,1,1,1,1,1,0.999999999999999,0.999999999999998,1,1,1,1,1,0.999999999999999,1,1,0.999999999999999,1,1,1,1,0.999999999999999,1,0.999999999999999,1,0.999999999999999,1,1,0.999999999999999,1,1,1,1,1,1,0.999999999999998,1,1,1,1,1,1,1,1,0.999999999999999,1,1,1,0.999999999999998,0.999999999999999,1,1,1,0.999999999999999
1,1,1,1,1,1,1,1,1,1,1,0.999999999999999,0.999999999999998,1,1,1,1,0.999999999999999,1,1,0.999999999999999,1,1,1,1,1,1,1,1,1,1,1,1,1,0.999999999999999,1,0.999999999999999,1,0.999999999999999,1,1,0.999999999999999,0.999999999999999,1,0.999999999999999,1,1,1,1,1,1,0.999999999999999,1,1,1,0.999999999999999,1,1,1,0.999999999999999,1,1,1,1,1,1,1,1,1,1,0.999999999999999,1,0.999999999999999,0.999999999999999,0.999999999999999,1,1,1,1,1,1,1,1,1,1,0.999999999999999,0.999999999999999,1,1,1,0.999999999999999,1,0.999999999999999,1,1,1,1,1,1,1,1,0.999999999999999,1,1,1,0.999999999999998,1,0.999999999999999,1,0.999999999999999,0.999999999999999,1,1,0.999999999999999,1,0.999999999999999,1,1,1,0.999999999999999,0.999999999999999,1,1,1,1,0.999999999999999,0.999999999999999,1,1,1,1,1,1,1,1,1,1,0.999999999999999,1.00000000000001,0.999999999999997,1,1,1,1,1,1,1,1,0.999999999999998,1,1,1,1,1,0.999999999999999,1,1,0.999999999999999,0.999999999999999,1,1,1,0.999999999999998,1,1,1,1,0.999999999999999,1,0.999999999999999,0.999999999999999,0.999999999999999,0.999999999999999,1,1,1,1,1,1,1,0.999999999999999,1,1,0.999999999999999,0.999999999999999,0.999999999999999,1,0.999999999999999,0.999999999999999,1,1,1,1,1,1,1,1,1,1,1,0.999999999999998,1,1,1,1,1,1,1,1,1,1,1,1,1,1,1,0.999999999999999,1,1,1,1,1,1,1,0.999999999999999,1,1,1,1,0.999999999999999,0.999999999999999,0.999999999999999,1,0.999999999999999,1,1,0.999999999999999,1,1,1,1,1,0.999999999999999,1,0.999999999999999,1,1,1,1,1,1,1,1,0.999999999999999,1,0.999999999999998,1,1,1,1,1,1,1,1,1,1,1,1,0.999999999999999,1,1,1,0.999999999999998,1,0.999999999999999,0.999999999999999,0.999999999999999,0.999999999999998,1,1,1,1,1,1,0.999999999999999,1,0.999999999999999,1,1,1,1,1,0.999999999999998,1,1,1,1,0.999999999999999,1,1,1,0.999999999999999,1,1,1,1,1,1,1,1,1,0.999999999999999,0.999999999999999,1,1,0.999999999999999,0.999999999999999,1,1,1,0.999999999999999
0.999999999999999,1,1,1,1,1,1,1,1,1,1,1,0.999999999999999,1,0.999999999999999,1,1,1,0.999999999999999,0.999999999999999,1,0.999999999999999,0.999999999999999,1,1,1,1,1,1,1,1,1,0.999999999999999,1,1,1,0.999999999999999,0.999999999999999,0.999999999999999,1,1,1,1,0.999999999999999,1,1,1,1,1,1,1,1,1,1,1,1,0.999999999999999,1,1,1,1,1,1,1,0.999999999999999,1,0.999999999999999,0.999999999999999,0.999999999999999,1,1,0.999999999999999,1,1,1,1,1,1,1,1,0.999999999999998,1,1,0.999999999999999,0.999999999999999,0.999999999999999,0.999999999999999,1,1,1,0.999999999999999,1,1,1,1,0.999999999999998,1,0.999999999999999,1,0.999999999999999,1,1,1,0.999999999999999,1,1,1,1,1,1,1,1,1,1,1,0.999999999999999,1,1,1,1,0.999999999999998,1,0.999999999999999,1,1,0.999999999999999,1,0.999999999999999,1,1,1,1,1,0.999999999999999,1,1,0.999999999999999,1,0.999999999999999,1,1,1,1,0.999999999999998,1,1,1,1,1,1,1,1,0.999999999999998,1,1,1,1,1,0.999999999999999,0.999999999999999,1,1,1,0.999999999999999,0.999999999999999,1,1,1,0.999999999999999,1,1,1,1,1,1,1,0.999999999999998,1,1,1,0.999999999999999,0.999999999999999,1,1,0.999999999999999,1,1,1,1,1,1,1,0.999999999999997,0.999999999999999,1,1,1,1,1,1,1,0.999999999999999,1,0.999999999999998,1,1,1,1,1,0.999999999999998,1,1,0.999999999999999,0.999999999999999,0.999999999999999,1,1,0.999999999999998,1,1,1,1,1,1,0.999999999999999,0.999999999999999,0.999999999999999,1,0.999999999999999,1,0.999999999999999,1,0.999999999999999,1,1,0.999999999999999,0.999999999999999,0.999999999999999,1,0.999999999999999,1,0.999999999999999,1,1,1,1,1,1,1,0.999999999999999,0.999999999999999,0.999999999999999,0.999999999999999,1,0.999999999999999,1,0.999999999999999,1,0.999999999999999,1,1,1,1,1,1,1,1,1,1,1,0.999999999999999,1,1,1,1,1,1,1,1,1,1,1,1,1,0.999999999999998,1,1,0.999999999999999,1,1,1,1,1,1,1,1,1,1,0.999999999999999,1,0.999999999999999,1,0.999999999999999,1,1,0.999999999999999,0.999999999999998,1,0.999999999999999,1,1,1,1,1,0.999999999999999,1,1,1,1,1,1
1,0.999999999999999,1,1,1,1,0.999999999999999,0.999999999999999,1,1,1,0.999999999999999,1,1,1,1,1,0.999999999999999,0.999999999999999,1,1,1,1,0.999999999999999,1,1,0.999999999999999,1,1,1,1,0.999999999999999,1,0.999999999999998,1,1,0.999999999999999,1,0.999999999999999,1,0.999999999999999,1,1,1,1,1,0.999999999999999,1,1,1,0.999999999999999,1,1,1,1,0.999999999999999,1,1,1,0.999999999999998,0.999999999999999,1,1,1,1,0.999999999999999,0.999999999999998,1,0.999999999999999,0.999999999999998,0.999999999999998,1,1,1,0.999999999999999,1,1,1,1,1,1,1,1,1,0.999999999999999,1,1,1,1,1,0.999999999999999,0.999999999999999,0.999999999999999,0.999999999999999,0.999999999999999,0.999999999999999,0.999999999999999,1,1,1,1,1,0.999999999999999,0.999999999999999,1,1,1,0.999999999999999,1,1,1,1,1,1,1,1,1,1,1,0.999999999999999,1,1,1,1,0.999999999999999,1,1,0.999999999999999,1,0.999999999999999,1,1,1,1,0.999999999999999,1,1,0.999999999999998,1,1,1,1,1,1,1,1,1,1,1,1,1,1,1,1,1,1,1,0.999999999999999,0.999999999999998,1,1,1,0.999999999999999,1,1,0.999999999999998,1,0.999999999999999,1,0.999999999999999,0.999999999999999,0.999999999999999,1,0.999999999999999,1,1,1,1,1,0.999999999999998,0.999999999999999,1,0.999999999999999,1,0.999999999999999,1,0.999999999999998,1,1,1,1,1,1,0.999999999999999,0.999999999999999,1,0.999999999999999,1,1,0.999999999999998,0.999999999999998,1,1,1,0.999999999999999,1,1,0.999999999999998,1,1,1,0.999999999999999,0.999999999999998,1,1,1,0.999999999999999,1,1,1,1,1,1,1,1,1,1,1,1,1,1,1,1,0.999999999999999,1,1,0.999999999999999,1,1,1,1,1,1,1,0.999999999999999,1,1,1,1,1,1,0.999999999999999,1,1,1,1,0.999999999999999,1,0.999999999999999,1,1,1,0.999999999999999,0.999999999999999,1,1,0.999999999999999,1,1,1,1,1,1,0.999999999999999,1,1,1,1,0.999999999999997,0.999999999999999,1,1,0.999999999999999,1,1,1,1,1,0.999999999999999,1,1,1,1,1,0.999999999999999,1,0.999999999999999,1,1,1,1,1,1,1,1,1,1,1,1,1,0.999999999999999,1,1,0.999999999999999,0.999999999999999,0.999999999999999,0.999999999999999,1,1,0.999999999999999,0.999999999999999
1,1,0.999999999999999,0.999999999999999,0.999999999999999,1,1,1,1,1,1,1,1,0.999999999999999,0.999999999999999,1,1,1,1,0.999999999999998,1,0.999999999999999,1,0.999999999999999,1,1,1,1,1,0.999999999999999,1,1,0.999999999999999,1,0.999999999999998,1,1,1,1,0.999999999999999,0.999999999999999,1,1,0.999999999999999,0.999999999999999,0.999999999999999,1,1,1,1,1,1,1,1,1,1,1,1,1,1,0.999999999999998,1,1,1,1,1,1,0.999999999999999,1,1,0.999999999999999,1,0.999999999999999,0.999999999999999,0.999999999999998,0.999999999999999,1,0.999999999999999,1,0.999999999999998,1,1,1,1,0.999999999999999,1,0.999999999999998,0.999999999999999,1,1,1,1,1,1,1,0.999999999999999,0.999999999999998,0.999999999999999,1,1,0.999999999999999,1,1,0.999999999999999,1,1,1,1,0.999999999999999,0.999999999999999,0.999999999999999,0.999999999999999,0.999999999999999,1,1,1,1,1,1,0.999999999999999,0.999999999999999,1,1,0.999999999999999,0.999999999999999,0.999999999999999,1,0.999999999999999,1,1,1,1,0.999999999999999,0.999999999999999,1,0.999999999999999,1,1,1,1.00000000000079,1,1,1,1,0.999999999999999,1,1,1,1,1,1,1,1,1,1,1,1,1,1,1,0.999999999999999,1,1,1,0.999999999999999,1,1,0.999999999999999,0.999999999999999,1,1,0.999999999999999,1,1,0.999999999999999,1,0.999999999999999,1,1,1,1,1,0.999999999999999,1,1,0.999999999999998,1,1,0.999999999999999,0.999999999999999,1,1,0.999999999999999,1,1,1,0.999999999999999,1,1,1,1,0.999999999999999,1,1,0.999999999999999,0.999999999999999,1,1,1,1,1,1,0.999999999999998,0.999999999999999,0.999999999999999,0.999999999999999,0.999999999999999,1,1,1,0.999999999999998,1,1,1,1,1,1,1,1,0.999999999999999,1,1,1,1,1,1,1,1,0.999999999999999,1,0.999999999999999,1,1,1,0.999999999999999,1,1,1,1,1,1,0.999999999999999,1,1,1,1,1,0.999999999999999,1,1,0.999999999999999,1,0.999999999999999,1,1,1,0.999999999999998,1,1,1,0.999999999999999,0.999999999999999,0.999999999999999,1,0.999999999999999,1,1,1,0.999999999999999,1,1,1,1,0.999999999999999,1,0.999999999999999,1,0.999999999999999,1,1,1,1,1,1,0.999999999999999,1,1,0.999999999999998,1,1,0.999999999999999,1,1,1,1,1,1,1,1,1,0.999999999999999,1,1,1,1,1,1,1,1,1,1
1,1,1,1,1,1,1,1,1,1,0.999999999999999,1,1,1,0.999999999999998,1,1,0.999999999999999,1,0.999999999999999,1,0.999999999999998,1,1,1,1,0.999999999999999,1,1,1,0.999999999999998,0.999999999999999,1,1,1,1,1,0.999999999999999,1,0.999999999999999,1,1,1,0.999999999999999,1,1,0.999999999999999,1,0.999999999999999,0.999999999999998,1,1,1,1,1,1,1,1,0.999999999999999,1,1,0.999999999999998,1,1,1,1,1,1,0.999999999999999,1,1,1,1,0.999999999999999,1,1,1,1,0.999999999999999,1,1,1,0.999999999999998,1,0.999999999999999,1,1,0.999999999999998,0.999999999999999,0.999999999999999,1,1,1,1,1,1,1,0.999999999999999,1,1,1,1,1,1,1,1,0.999999999999999,1,1,1,1,1,1,0.999999999999998,1,0.999999999999999,0.999999999999999,1,1,0.999999999999999,0.999999999999999,0.999999999999999,1,1,1,0.999999999999999,1,1,0.999999999999999,1,0.999999999999998,1,0.999999999999999,1,0.999999999999999,1,1,1,1,0.999999999999999,1,1,0.999999999999997,1,1,1,1,0.999999999999999,1,0.999999999999999,0.999999999999999,1,1,0.999999999999998,1,1,1,1,1,1,1,0.999999999999999,1,0.999999999999999,1,0.999999999999999,0.999999999999999,0.999999999999998,1,0.999999999999999,1,1,1,0.999999999999999,1,1,1,1,1,1,1,1,1,1,1,1,1,0.999999999999999,1,1,1,1,1,1,0.999999999999998,1,1,1,1,1,1,1,1,1,1,1,1,0.999999999999999,0.999999999999999,1,0.999999999999999,1,1,0.999999999999999,1,0.999999999999999,1,1,1,1,1,0.999999999999999,1,1,0.999999999999999,0.999999999999999,1,1,1,0.999999999999999,1,0.999999999999999,1,1,1,0.999999999999999,0.999999999999999,0.999999999999999,0.999999999999999,1,1,1,1,0.999999999999999,1,1,1,0.999999999999999,1,1,0.999999999999999,1,1,1,1,1,0.999999999999999,1,0.999999999999999,1,1,0.999999999999999,1,0.999999999999999,1,1,0.999999999999998,0.999999999999999,1,1,0.999999999999999,1,1,0.999999999999999,0.999999999999999,1,1,0.999999999999999,1,1,1,1,1,1,1,0.999999999999999,0.999999999999998,1,0.999999999999999,1,1,1,1,0.999999999999999,0.999999999999999,1,1,0.999999999999999,1,1,0.999999999999999,0.999999999999998,0.999999999999999,0.999999999999999,1,1,1,1,0.999999999999999,1,0.999999999999999,0.999999999999999,0.999999999999999,1,1,1,1,1,1,1,1
1,1,1,1,1,1,1,0.999999999999999,1,0.999999999999999,1,1,0.999999999999999,1,1,0.999999999999999,1,0.999999999999999,0.999999999999999,0.999999999999999,0.999999999999998,1,1,1,1,1,1,1,1,0.999999999999999,1,1,1,1,1,1,1,1,1,1,0.999999999999999,1,0.999999999999999,0.999999999999999,1,1,0.999999999999999,0.999999999999999,0.999999999999999,1,1,0.999999999999999,1,1,0.999999999999999,0.999999999999999,0.999999999999999,0.999999999999998,1,1,0.999999999999999,1,0.999999999999999,1,0.999999999999999,1,1,1,1,1,0.999999999999999,1,1,1,1,1,1,1,1,0.999999999999999,1,1,1,0.999999999999999,1,1,1,1,1,1,1,1,1,1,1,1,1,0.999999999999999,1,1,1,1,1,1,1,1,1,1,1,1,1,1,1,1,0.999999999999999,1,0.999999999999999,1,1,1,0.999999999999999,1,1,0.999999999999999,1,1,1,1,0.999999999999999,1,1,1,1,1,1,1,0.999999999999999,1,1,1,1,1,1,1,1,1,0.999999999999999,1,0.999999999999999,1,0.999999999999998,1,0.999999999999999,1,1,0.999999999999999,1,0.999999999999999,1,1,1,1,0.999999999999998,1,0.999999999999998,1,1,1,0.999999999999999,1,1,0.999999999999999,1,1,1,1,1,0.999999999999999,1,1,1,1,1,1,1,1,0.999999999999999,1,0.999999999999998,1,0.999999999999999,1,1,1,0.999999999999999,1,0.999999999999998,0.999999999999999,1,1,1,1,1,1,1,1,1,1,1,0.999999999999998,0.999999999999999,1,1,1,0.999999999999998,0.999999999999999,0.999999999999999,1,1,1,1,1,1,1,1,1,1,1,1,0.999999999999998,1,1,0.999999999999999,0.999999999999999,0.999999999999998,0.999999999999999,0.999999999999999,1,0.999999999999999,0.999999999999999,1,0.999999999999998,1,1,1,1,0.999999999999999,1,1,1,1,1,0.999999999999999,1,1,0.999999999999999,1,1,1,1,1,0.999999999999999,1,1,1,1,1,1,1,1,1,1,1,1,1,0.999999999999999,0.999999999999999,1,1,0.999999999999999,1,0.999999999999999,1,0.999999999999999,1,1,1,0.999999999999999,1,1,0.999999999999998,1,1,1,1,1,1,1,1,1,1,1,1,0.999999999999999,0.999999999999999,1,1,1,1,1,1,1,1,1,1,1,0.999999999999999,1,0.999999999999999,0.999999999999999,1
1,1,1,1,1,0.999999999999999,1,1,1,1,1,1,0.999999999999999,0.999999999999999,0.999999999999999,1,0.999999999999999,1,1,1,1,1,0.999999999999999,1,1,1,1,1,0.999999999999999,1,1,0.999999999999999,0.999999999999999,1,1,1,0.999999999999999,0.999999999999999,1,1,1,1,1,1,1,1,0.999999999999999,0.999999999999998,1,1,1,0.999999999999998,0.999999999999999,1,1,1,1,1,0.999999999999999,1,1,1,1,1,1,1,1,1,1,1,1,1,1,1,1,1,1,1,1,1,0.999999999999999,1,1,1,1,1,1,0.999999999999999,1,1,1,0.999999999999999,1,1,0.999999999999999,0.999999999999998,1,1,1,1,0.999999999999999,1,1,1,0.999999999999998,1,1,1,1,1,1,1,1,0.999999999999999,1,1,1,1,1,0.999999999999999,0.999999999999999,1,1,1,1,1,0.999999999999999,1,1,1,1,1,1,1,1,0.999999999999999,1,1,1,1,1,1,1,0.999999999999999,1,1,0.999999999999998,1,1,0.999999999999999,1,1,0.999999999999998,1,1,1,1,1,0.999999999999999,1,1,1,0.999999999999999,1,0.999999999999999,1,1,1,0.999999999999998,0.999999999999999,1,1,0.999999999999999,1,1,1,1,0.999999999999999,0.999999999999999,1,1,1,1,1,1,1,1,0.999999999999999,1,1,0.999999999999999,1,1,1,1,1,1,1,1,1,0.999999999999999,1,0.999999999999999,0.999999999999999,1,1,1,0.999999999999999,0.999999999999999,1,1,1,1,1,1,0.999999999999999,0.999999999999999,1,1,1,0.999999999999999,0.999999999999999,1,0.999999999999999,1,1,1,1,1,0.999999999999998,0.999999999999999,1,1,1,1,0.999999999999999,1,0.999999999999998,0.999999999999999,1,1,1,1,1,1,1,1,1,1,1,1,0.999999999999999,1,0.999999999999998,0.999999999999999,1,1,1,0.999999999999999,1,1,1,1,1,1,1,1,1,1,1,1,1,0.999999999999998,1,1,1,1,1,1,1,1,0.999999999999999,1,1,1,1,0.999999999999998,0.999999999999999,0.999999999999999,1,1,1,1,1,0.999999999999999,1,1,1,1,1,1,1,0.999999999999998,1,0.999999999999999,0.999999999999999,0.999999999999999,1,1,1,0.999999999999999,1,1,1,1,1,1,1,1,0.999999999999999,0.999999999999999
1,1,0.999999999999998,1,1,1,1,0.999999999999999,1,1,1,1,1,1,0.999999999999999,1,1,1,0.999999999999998,1,0.999999999999999,0.999999999999999,1,1,1,1,1,1,0.999999999999999,1,1,0.999999999999999,1,0.999999999999999,1,0.999999999999998,1,0.999999999999999,1,1,0.999999999999998,1,0.999999999999999,1,0.999999999999999,0.999999999999999,1,1,1,1,1,1,1,0.999999999999999,0.999999999999999,1,1,1,1,0.999999999999999,0.999999999999999,0.999999999999999,1,0.999999999999999,0.999999999999999,1,1,1,1,0.999999999999998,1,1,0.999999999999999,0.999999999999999,1,0.999999999999999,0.999999999999999,1,1,1,0.999999999999999,0.999999999999999,1,0.999999999999999,0.999999999999999,1,0.999999999999999,1,1,1,1,1,0.999999999999999,1,1,1,1,1,1,1,1,1,0.999999999999999,1,1,1,1,1,1,1,1,1,1,0.999999999999998,1,0.999999999999999,1,1,0.999999999999999,0.999999999999999,1,1,1,1,0.999999999999999,0.999999999999999,1,0.999999999999999,0.999999999999999,0.999999999999999,1,0.999999999999999,1,1,1,1,0.999999999999998,1,1,0.999999999999999,0.999999999998892,1,0.999999999999999,0.999999999999999,1,1,0.999999999999999,1,1,0.999999999999999,1,1,1,0.999999999999999,1,1,1,1,1,1,1,1,1,1,1,1,1,1,1,1,1,1,0.999999999999999,1,1,1,1,1,0.999999999999999,1,0.999999999999999,0.999999999999998,1,1,1,0.999999999999999,1,1,1,1,0.999999999999998,1,1,1,1,0.999999999999999,1,1,1,0.999999999999998,0.999999999999999,1,0.999999999999999,1,1,1,1,0.999999999999999,1,1,1,1,1,1,0.999999999999999,1,0.999999999999999,0.999999999999998,0.999999999999999,0.999999999999999,1,1,1,1,0.999999999999999,0.999999999999999,0.999999999999999,0.999999999999999,1,1,1,1,1,1,1,1,1,1,1,1,1,1,0.999999999999999,1,1,1,1,0.999999999999999,1,1,1,1,0.999999999999999,1,1,1,1,1,1,0.999999999999999,1,1,0.999999999999999,0.999999999999999,1,1,1,0.999999999999999,1,1,0.999999999999999,1,1,1,1,1,0.999999999999999,1,1,0.999999999999999,0.999999999999999,1,0.999999999999999,0.999999999999999,1,1,1,1,1,1,1,1,1,0.999999999999999,1,1,0.999999999999999,0.999999999999999,1,1,0.999999999999998,1,1,1,1,1,0.999999999999999,0.999999999999999,1,0.999999999999999,1,1,1,1,1,0.999999999999999,1,1,1,1,1
1,1,1,1,1,1,1,0.999999999999999,1,0.999999999999998,1,1,0.999999999999999,1,1,0.999999999999999,1,1,1,1,1,0.999999999999999,1,1,1,1,1,1,1,1,0.999999999999999,0.999999999999999,0.999999999999999,1,1,0.999999999999999,0.999999999999999,0.999999999999999,0.999999999999999,1,0.999999999999999,1,0.999999999999999,1,1,1,1,1,1,0.999999999999999,0.999999999999999,1,1,1,0.999999999999999,1,1,1,1,1,1,1,1,0.999999999999999,1,1,1,1,0.999999999999999,1,1,1,0.999999999999999,1,1,1,1,1,0.999999999999999,1,1,1,1,1,0.999999999999999,0.999999999999998,1,0.999999999999999,1,1,1,1,1,1,0.999999999999999,0.999999999999999,1,1,0.999999999999999,1,0.999999999999999,0.999999999999999,0.999999999999999,1,0.999999999999999,1,0.999999999999999,1,1,1,1,1,0.999999999999999,1,0.999999999999999,1,0.999999999999998,0.999999999999999,1,1,0.999999999999999,1,1,0.999999999999998,0.999999999999999,1,0.999999999999999,1,0.999999999999999,0.999999999999999,1,1,1,0.999999999999999,1,0.999999999999999,1,1,1,0.999999999999998,0.999999999999998,1,1,1,1,1,0.999999999999999,1,0.999999999999999,1,1,1,0.999999999999999,1,1,1,1,1,1,1,1,1,0.999999999999999,1,1,1,1,0.999999999999999,1,1,1,0.999999999999998,1,0.999999999999999,1,1,1,0.999999999999999,1,1,1,1,1,1,1,0.999999999999999,1,1,0.999999999999999,1,1,1,0.999999999999999,1,1,0.999999999999999,1,1,1,0.999999999999999,1,1,1,1,1,1,1,1,1,1,1,0.999999999999999,1,1,1,1,1,0.999999999999999,0.999999999999999,0.999999999999999,0.999999999999999,1,1,1,1,1,1,1,1,1,1,1,1,0.999999999999999,1,1,0.999999999999999,0.999999999999998,1,1,1,1,1,1,1,1,1,1,1,1,0.999999999999999,1,1,1,1,1,0.999999999999999,1,1,1,1,1,0.999999999999999,0.999999999999999,1,0.999999999999999,1,1,1,1,1,1,1,1,0.999999999999999,0.999999999999999,1,1,1,1,1,1,1,1,1,0.999999999999999,0.999999999999999,1,0.999999999999999,1,1,0.999999999999999,1,0.999999999999998,1,1,0.999999999999999,1,1,0.999999999999999,1,1,0.999999999999999,1,0.999999999999998,1,1,1,1,0.999999999999999,1,1,1,1,1,1,0.999999999999999,1,1,1,0.999999999999999
1,1,1,1,0.999999999999999,1,1,1,0.999999999999999,0.999999999999999,1,0.999999999999999,0.999999999999998,1,1,1,0.999999999999997,1,0.999999999999999,0.999999999999997,1,1,1,0.999999999999999,0.999999999999999,0.999999999999999,1,1,0.999999999999999,1,0.999999999999999,1,1,1,1,1,1,0.999999999999999,0.999999999999999,1,0.999999999999999,1,0.999999999999999,1,1,1,1,1,1,1,1,1,0.999999999999999,1,0.999999999999998,1,0.999999999999998,1,1,0.999999999999999,1,1,1,1,1,0.999999999999999,1,0.999999999999999,1,1,1,1,0.999999999999999,1,1,1,1,0.999999999999999,1,0.999999999999999,1,1,0.999999999999998,1,1,0.999999999999999,1,1,0.999999999999999,1,1,1,0.999999999999999,1,1,1,0.999999999999999,1,1,1,1,1,0.999999999999998,0.999999999999999,0.999999999999998,1,1,1,0.999999999999999,0.999999999999999,1,1,1,1,1,0.999999999999999,1,0.999999999999999,0.999999999999998,1,1,1,1,0.999999999999999,1,0.999999999999999,0.999999999999999,0.999999999999999,0.999999999999999,1,1,1,1,0.999999999999999,1,1,1,1,1,1,0.999999999999997,1,0.999999999999998,0.999999999999999,1,1,0.999999999999999,1,0.999999999999999,1,1,0.999999999999999,1,1,1,1,0.999999999999998,1,1,1,1,1,1,1,1,1,1,1,1,0.999999999999999,0.999999999999999,1,1,1,0.999999999999999,0.999999999999999,1,0.999999999999999,1,1,1,1,1,1,1,1,1,1,1,1,1,1,1,0.999999999999999,0.999999999999999,0.999999999999999,1,1,1,1,0.999999999999999,1,0.999999999999998,0.999999999999999,1,1,1,1,1,0.999999999999998,1,1,0.999999999999999,1,0.999999999999999,0.999999999999998,1,1,1,1,1,1,1,1,1,1,1,1,1,1,1,1,1,1,1,1,1,1,1,1,1,1,0.999999999999999,0.999999999999999,1,1,1,1,0.999999999999999,1,1,0.999999999999999,1,1,1,1,0.999999999999999,0.999999999999999,0.999999999999999,0.999999999999999,1,0.999999999999999,1,1,1,1,1,0.999999999999998,1,1,1,0.999999999999999,0.999999999999999,0.999999999999999,1,1,1,1,0.999999999999999,0.999999999999999,1,1,1,1,1,0.999999999999999,0.999999999999999,0.999999999999999,1,1,0.999999999999999,1,1,1,1,1,1,0.999999999999998,1,1,1,1,0.999999999999999,1,1,0.999999999999999,1,1,1,1,0.999999999999999,0.999999999999999,1,0.999999999999999,0.999999999999998,1,1,0.999999999999999,0.999999414802066,0.999998121943827,0.999997331497428
1,1,0.999999999999999,1,1,0.999999999999999,1,0.999999999999999,1,1,1,1,1,1,1,1,1,1,0.999999999999999,1,0.999999999999999,1,1,0.999999999999999,1,0.999999999999999,1,1,1,1,1,1,1,1,1,1,1,1,1,1,1,1,1,1,0.999999999999999,0.999999999999999,1,1,1,1,1,0.999999999999999,1,1,1,1,1,0.999999999999999,1,1,0.999999999999999,1,1,1,1,0.999999999999999,0.999999999999999,0.999999999999999,1,1,0.999999999999999,0.999999999999999,1,1,1,1,0.999999999999999,1,0.999999999999999,1,1,1,1,1,1,1,0.999999999999999,0.999999999999999,1,0.999999999999999,0.999999999999999,1,1,0.999999999999999,1,0.999999999999999,0.999999999999998,1,1,0.999999999999999,1,1,1,0.999999999999999,1,1,1,1,1,1,1,1,1,0.999999999999999,0.999999999999999,1,1,0.999999999999998,0.999999999999998,1,1,1,1,0.999999999999999,0.999999999999999,0.999999999999999,0.999999999999999,1,1,1,0.999999999999998,0.999999999999999,0.999999999999999,1,1,1,1,1,1,1,1,1,1,0.999999999999999,1,1,0.999999999999999,1,1,1,1,1,1,1,1,1,1,1,1,0.999999999999999,0.999999999999999,1,1,1,1,1,1,1,1,1,1,1,1,1,1,1,0.999999999999999,1,1,0.999999999999999,1,0.999999999999999,1,1,1,1,0.999999999999999,0.999999999999999,1,1,1,1,1,1,0.999999999999999,0.999999999999999,1,1,0.999999999999999,1,1,0.999999999999999,0.999999999999999,1,1,1,1,0.999999999999999,0.999999999999999,1,0.999999999999999,1,1,1,1,1,1,1,1,0.999999999999999,0.999999999999999,1,0.999999999999999,1,1,1,1,0.999999999999999,0.999999999999999,1,0.999999999999999,1,1,0.999999999999999,0.999999999999999,1,1,1,0.999999999999999,1,0.999999999999999,1,1,0.999999999999999,1,1,1,0.999999999999999,0.999999999999999,1,1,1,1,1,1,0.999999999999998,1,1,1,1,0.999999999999999,1,0.999999999999999,0.999999999999999,1,0.999999999999999,1,1,1,1,1,1,1,0.999999999999999,1,1,1,1,1,1,0.999999999999999,1,0.999999999999999,0.999999999999998,0.999999999999999,1,0.999999999999999,1,0.999999999999999,1,0.999999999999999,1,0.999999999999998,1,0.999999999999997,1,1,1,1,1,1,1,1,1,0.999999999999999,1,1,0.999999999999999,1,1,1,1,1,1,1,0.999999999999999,0.999998643278193,0.999997817343719,0.999997159827618,0.999996568419542,0.999996010029607
1,1,1,0.999999999999999,1,0.999999999999999,0.999999999999999,0.999999999999999,1,0.999999999999998,1,1,1,1,0.999999999999999,1,1,1,1,1,0.999999999999999,1,0.999999999999998,0.999999999999999,0.999999999999999,1,0.999999999999999,1,1,1,0.999999999999999,1,1,0.999999999999999,0.999999999999999,1,0.999999999999999,1,1,1,1,1,1,1,1,1,1,0.999999999999999,1,1,1,1,1,1,0.999999999999999,1,1,1,1,1,0.999999999999998,1,1,1,0.999999999999999,1,0.999999999999999,1,0.999999999999998,1,1,1,1,1,1,1,1,0.999999999999999,1,1,1,1,0.999999999999999,1,0.999999999999999,1,1,0.999999999999999,1,1,0.999999999999999,0.999999999999999,0.999999999999999,0.999999999999998,0.999999999999999,1,1,1,1,0.999999999999999,1,1,1,1,1,0.999999999999999,1,0.999999999999998,1,1,0.999999999999999,1,1,0.999999999999999,0.999999999999999,0.999999999999999,0.999999999999999,0.999999999999999,1,1,1,0.999999999999999,0.999999999999998,1,1,1,1,1,1,1,1,1,1,0.999999999999999,1,1,1,1,1,1,1,1.00000000000815,1,0.999999999999998,1,1,1,1,1,1,1,1,1,1,1,1,1,1,0.999999999999999,0.999999999999999,1,1,1,1,1,0.999999999999999,1,1,1,1,1,0.999999999999999,0.999999999999999,0.999999999999999,1,1,1,0.999999999999999,0.999999999999999,0.999999999999999,1,1,0.999999999999999,1,1,1,1,1,1,1,0.999999999999999,1,0.999999999999999,1,1,0.999999999999999,1,1,1,1,1,0.999999999999999,1,1,1,1,1,1,1,0.999999999999999,0.999999999999999,0.999999999999999,1,1,1,1,1,1,1,1,1,1,1,1,1,0.999999999999999,1,1,0.999999999999999,1,0.999999999999999,0.999999999999999,0.999999999999999,1,0.999999999999999,1,1,0.999999999999999,1,1,0.999999999999999,1,1,1,0.999999999999999,1,1,1,1,1,1,1,1,0.999999999999998,1,1,1,1,1,1,0.999999999999999,1,0.999999999999999,0.999999999999999,0.999999999999999,0.999999999999999,1,0.999999999999999,1,1,0.999999999999998,1,0.999999999999999,1,1,1,1,1,1,0.999999999999999,1,1,1,0.999999999999998,1,1,0.999999999999999,1,1,1,1,0.999999999999999,1,0.999999999999999,1,1,1,0.999999999999999,1,1,1,1,1,1,1,0.999999999999999,1,1,0.999999999999999,0.999999999999999,0.999999999999999,1,1,0.999999211918685,0.999998276534536,0.999997623955096,0.9999970552314,0.99999652517163,0.999996014920662,0.999995514580378,0.999995018234205
1,0.999999999999999,1,1,1,1,1,1,1,1,0.999999999999999,1,1,1,1,1,0.999999999999999,0.999999999999999,1,1,1,1,1,1,1,1,1,1,1,1,1,1,1,1,0.999999999999999,1,1,1,1,1,1,0.999999999999999,1,1,0.999999999999998,1,0.999999999999999,0.999999999999999,1,1,1,0.999999999999999,0.999999999999999,1,1,1,1,1,0.999999999999999,1,1,1,1,1,1,1,1,1,1,1,1,0.999999999999999,1,0.999999999999998,1,1,1,0.999999999999999,1,1,1,1,1,0.999999999999999,1,1,1,1,0.999999999999998,0.999999999999999,1,1,0.999999999999999,1,0.999999999999999,1,1,1,1,1,1,1,1,1,1,0.999999999999999,0.999999999999999,1,0.999999999999999,1,1,1,1,1,1,1,1,1,1,1,0.999999999999999,1,1,0.999999999999999,1,0.999999999999999,1,1,1,1,1,1,1,1,1,1,0.999999999999999,1,1,0.999999999999999,0.999999999999999,1.00000000000001,0.999999999999999,1,1,1,1,1,0.999999999999999,0.999999999999999,0.999999999999999,0.999999999999999,1,1,1,0.999999999999999,0.999999999999999,1,1,1,1,1,1,1,0.999999999999999,1,1,0.999999999999999,1,1,0.999999999999999,1,1,1,1,1,0.999999999999998,1,0.999999999999999,1,1,0.999999999999999,1,0.999999999999999,0.999999999999999,0.999999999999998,1,0.999999999999999,1,1,0.999999999999998,1,1,0.999999999999999,1,1,1,1,1,0.999999999999999,1,0.999999999999999,1,1,1,1,1,1,1,1,1,1,1,1,1,1,1,1,0.999999999999998,1,0.999999999999999,1,1,1,1,1,0.999999999999999,1,0.999999999999999,1,1,1,1,1,1,1,1,1,0.999999999999999,1,0.999999999999999,1,1,1,0.999999999999998,1,1,1,0.999999999999999,1,1,1,0.999999999999998,1,1,1,0.999999999999998,1,1,0.999999999999998,1,1,1,0.999999999999999,1,1,1,1,1,0.999999999999999,1,1,1,1,1,1,1,1,1,1,1,0.999999999999999,1,0.999999999999999,0.999999999999999,1,1,1,1,0.999999999999999,1,1,0.999999999999999,0.999999999999999,1,1,0.999999999999999,1,0.999999999999999,0.999999999999999,1,1,1,1,1,1,1,1,1,0.999999999999999,1,0.999998718203793,0.999998054975644,0.999997505312869,0.999997002081713,0.999996521525493,0.999996052109013,0.999995587254204,0.999995122812834,0.999994655979258,0.999994184754346
1,0.999999999999999,1,1,1,0.999999999999999,1,1,1,1,0.999999999999999,1,0.999999999999999,1,1,1,1,1,1,0.999999999999999,0.999999999999999,1,1,0.999999999999999,1,1,1,1,0.999999999999999,1,1,1,1,1,1,1,0.999999999999998,1,1,1,1,1,1,1,0.999999999999999,0.999999999999999,1,0.999999999999999,0.999999999999999,0.999999999999998,1,1,1,1,1,1,1,0.999999999999999,1,0.999999999999999,1,1,1,1,1,0.999999999999999,1,1,1,0.999999999999999,0.999999999999999,0.999999999999999,1,1,0.999999999999999,1,0.999999999999999,0.999999999999999,1,1,1,1,1,1,1,1,0.999999999999999,1,1,1,1,0.999999999999999,0.999999999999998,0.999999999999999,1,1,0.999999999999999,1,0.999999999999999,1,1,1,1,0.999999999999998,1,1,0.999999999999999,1,1,1,0.999999999999999,1,1,1,1,0.999999999999998,1,1,1,1,1,0.999999999999998,1,1,0.999999999999999,1,1,1,1,1,1,0.999999999999999,1,1,1,1,1,1,1,1,1,0.999999999999999,0.999999999999998,1,1,0.999999999999998,1,1,1,1,1,1,1,1,1,1,1,1,0.999999999999999,1,1,1,1,1,0.999999999999999,0.999999999999999,1,0.999999999999999,1,1,1,1,0.999999999999998,0.999999999999999,1,0.999999999999999,1,1,1,1,1,1,1,0.999999999999999,1,1,1,1,1,1,1,1,1,1,1,1,1,1,0.999999999999999,0.999999999999999,1,1,1,0.999999999999999,1,0.999999999999999,1,1,0.999999999999999,0.999999999999998,1,1,0.999999999999999,1,1,1,0.999999999999999,1,1,1,1,1,0.999999999999999,0.999999999999999,1,1,1,1,1,0.999999999999999,0.999999999999999,0.999999999999999,1,0.999999999999999,0.999999999999999,1,0.999999999999999,1,1,1,1,1,1,1,1,1,1,1,1,0.999999999999999,1,0.999999999999999,1,1,1,1,0.999999999999999,1,1,0.999999999999999,0.999999999999998,0.999999999999999,1,1,1,0.999999999999999,1,1,0.999999999999998,1,1,1,1,1,1,1,0.999999999999999,1,0.999999999999998,1,1,1,0.999999999999999,0.999999999999998,1,1,0.999999999999999,1,0.999999999999999,1,0.999999999999999,1,0.999999999999999,1,1,1,1,0.999999999999999,1,1,1,0.999999999999999,1,1,1,1,1,1,0.999999165843021,0.999998456034025,0.999997919992709,0.999997441720138,0.999996989834157,0.99999655057714,0.99999611653994,0.999995683220856,0.999995247653985,0.999994807766664,0.999994362043331,0.999993909334901,0.999993448743742
1,1,1,0.999999999999999,1,1,1,0.999999999999999,1,1,1,1,1,1,0.999999999999999,0.999999999999999,1,1,1,0.999999999999999,0.999999999999999,0.999999999999999,1,1,1,0.999999999999999,1,1,1,1,1,0.999999999999999,1,1,0.999999999999999,0.999999999999998,0.999999999999999,1,1,1,1,1,1,1,1,1,1,0.999999999999998,1,1,1,0.999999999999999,1,1,1,1,1,0.999999999999999,1,1,0.999999999999999,1,1,1,1,0.999999999999999,1,1,1,1,1,0.999999999999998,1,1,0.999999999999999,0.999999999999999,0.999999999999999,1,1,1,1,1,1,1,1,1,1,1,1,1,1,1,1,0.999999999999998,1,1,1,1,1,1,0.999999999999999,1,1,1,1,1,0.999999999999999,1,1,1,1,0.999999999999999,1,1,1,1,1,1,1,1,1,0.999999999999999,1,1,0.999999999999999,1,1,1,1,1,1,1,1,1,1,0.999999999999999,1,1,1,1,0.999999999999999,1,1,0.999999999999999,1,1,1,0.999999999999999,1,0.999999999999999,1,0.999999999999998,1,0.999999999999999,0.999999999999999,1,1,0.999999999999999,1,1,0.999999999999998,1,0.999999999999999,1,1,1,1,0.999999999999999,1,0.999999999999999,0.999999999999999,1,1,0.999999999999999,1,0.999999999999999,0.999999999999999,0.999999999999999,1,0.999999999999999,0.999999999999999,1,1,1,0.999999999999999,1,1,1,1,1,1,1,1,0.999999999999999,1,1,1,1,1,0.999999999999999,1,1,1,0.999999999999998,0.999999999999999,1,1,1,1,1,1,1,1,1,0.999999999999998,0.999999999999999,1,1,1,0.999999999999998,1,1,1,1,0.999999999999999,0.999999999999998,1,1,1,0.999999999999999,1,0.999999999999998,1,1,1,0.999999999999999,0.999999999999999,1,0.999999999999999,0.999999999999999,1,1,1,1,1,1,0.999999999999999,0.999999999999998,1,1,1,1,1,1,1,0.999999999999999,1,1,1,0.999999999999999,0.999999999999999,0.999999999999999,1,1,0.999999999999999,1,1,0.999999999999999,1,1,1,1,1,1,1,1,0.999999999999999,1,1,1,0.999999999999999,1,0.999999999999999,1,0.999999999999999,1,1,0.999999999999999,1,0.999999999999999,0.999999999999999,1,1,0.999999999999999,1,1,1,1,1,0.999999999999998,1,1,1,1,0.999999999999999,0.999999770099828,0.999998832504425,0.999998300907902,0.9999978451356,0.999997420745329,0.999997010827844,0.999996606903382,0.999996204041986,0.999995799092169,0.999995389899268,0.999994974913479,0.999994552974485,0.999994123184669,0.999993684830362,0.999993237330694,0.999992780203219
1,1,0.999999999999999,1,0.999999999999998,1,1,0.999999999999999,1,1,0.999999999999999,1,1,1,1,1,1,1,1,1,0.999999999999999,0.999999999999999,1,1,1,1,1,1,0.999999999999999,1,1,0.999999999999999,1,1,1,0.999999999999999,1,1,1,1,1,1,1,1,1,0.999999999999999,1,1,1,1,1,1,0.999999999999999,0.999999999999999,0.999999999999998,0.999999999999998,1,1,0.999999999999999,1,1,1,1,1,1,1,1,1,1,1,0.999999999999999,1,1,1,1,1,1,1,0.999999999999999,0.999999999999999,1,0.999999999999999,0.999999999999999,1,1,0.999999999999998,1,1,1,1,1,1,1,0.999999999999998,1,1,1,1,1,1,0.999999999999999,1,1,1,0.999999999999999,1,1,1,1,1,1,1,1,1,0.999999999999999,0.999999999999998,1,0.999999999999999,0.999999999999999,1,1,1,1,1,1,1,0.999999999999999,1,1,0.999999999999999,1,1,1,1,1,1,0.999999999999999,1,1,1,1,1,1.00000000000169,1,0.999999999999999,1,1,1,0.999999999999999,1,0.999999999999999,1,0.999999999999999,0.999999999999999,1,0.999999999999999,1,1,0.999999999999999,1,1,1,0.999999999999999,0.999999999999998,0.999999999999999,0.999999999999999,1,0.999999999999999,1,1,1,0.999999999999998,0.999999999999998,1,1,1,1,1,1,0.999999999999999,0.999999999999999,1,0.999999999999999,1,0.999999999999999,1,1,0.999999999999999,1,0.999999999999999,1,0.999999999999999,1,1,1,1,0.999999999999999,1,1,1,1,1,1,0.999999999999998,0.999999999999999,1,1,1,1,1,1,0.999999999999999,1,0.999999999999998,1,1,1,0.999999999999998,1,1,0.999999999999999,1,1,0.999999999999999,1,1,0.999999999999999,0.999999999999999,1,1,1,1,1,1,0.999999999999999,1,1,1,1,1,0.999999999999999,1,1,0.999999999999999,1,1,0.999999999999999,0.999999999999999,1,1,0.999999999999998,1,0.999999999999999,1,1,1,1,0.999999999999999,1,1,1,0.999999999999999,1,1,1,1,1,1,1,0.999999999999999,1,0.999999999999999,1,0.999999999999999,1,1,1,0.999999999999999,1,0.999999999999999,1,0.999999999999998,1,1,1,1,1,1,1,1,1,1,1,0.999999999999999,1,1,1,1,0.999999999999999,0.999999999999999,1,1,0.999999999999999,0.999999196116758,0.9999986502491,0.999998213499011,0.999997815213004,0.99999743374517,0.999997059193225,0.999996686098464,0.999996311091814,0.999995931926471,0.999995547015781,0.999995155188211,0.999994755547011,0.999994347384894,0.99999393012966,0.999993503308141,0.999993066521524,0.99999261942798,0.999992161730138
1,1,1,0.999999999999999,1,0.999999999999999,1,1,1,1,1,1,1,1,0.999999999999999,1,1,1,1,1,1,1,0.999999999999999,1,0.999999999999999,1,1,1,1,1,1,1,1,1,1,1,1,0.999999999999999,1,1,1,1,1,1,1,0.999999999999999,1,1,1,0.999999999999998,0.999999999999999,0.999999999999999,0.999999999999999,1,1,0.999999999999998,1,0.999999999999999,1,1,0.999999999999998,0.999999999999999,1,1,1,1,0.999999999999999,1,1,1,1,0.999999999999999,1,1,1,1,1,1,1,1,1,1,1,1,1,1,0.999999999999999,1,1,1,1,1,1,0.999999999999999,1,1,1,1,0.999999999999998,1,1,1,0.999999999999998,1,1,1,1,1,1,0.999999999999999,0.999999999999999,1,0.999999999999999,0.999999999999999,1,1,0.999999999999999,1,1,0.999999999999999,1,1,1,0.999999999999999,0.999999999999999,1,0.999999999999999,1,1,1,1,1,1,1,1,1,1,1,1,1,0.999999999999998,0.999999999999999,0.999999999999995,1,1,1,0.999999999999998,0.999999999999999,0.999999999999999,1,1,1,0.999999999999999,1,0.999999999999999,0.999999999999999,1,1,1,1,0.999999999999999,1,1,1,1,1,1,1,0.999999999999999,1,1,1,1,0.999999999999999,1,1,1,1,1,1,1,1,1,1,1,1,0.999999999999999,1,1,1,1,1,1,1,1,1,1,0.999999999999999,0.999999999999999,1,0.999999999999999,0.999999999999998,1,0.999999999999999,1,1,1,1,0.999999999999999,1,0.999999999999999,1,1,0.999999999999999,1,1,1,1,0.999999999999998,1,0.999999999999999,1,1,1,1,1,1,0.999999999999999,1,1,1,1,1,1,1,1,0.999999999999999,1,1,1,1,1,0.999999999999999,1,1,1,0.999999999999999,1,0.999999999999999,1,1,1,1,0.999999999999999,1,1,1,0.999999999999999,0.999999999999999,1,1,1,0.999999999999999,1,1,1,1,1,1,1,1,1,1,0.999999999999999,0.999999999999999,1,0.999999999999998,1,1,1,0.999999999999999,0.999999999999999,1,0.999999999999999,1,0.999999999999999,1,0.999999999999999,1,1,0.999999999999999,0.999999999999999,1,1,1,1,1,0.999999999999999,1,1,0.99999958958041,0.999998971352245,0.999998548164597,0.999998174257994,0.999997820258406,0.999997474297846,0.99999713024976,0.999996784486304,0.999996434656205,0.999996079132992,0.999995716734027,0.999995346564411,0.999994967924368,0.99999458025134,0.99999418308221,0.999993776027803,0.999993358755146,0.999992930974815,0.999992492431694,0.999992042898127,0.999991582168724
1,1,1,1,1,0.999999999999999,0.999999999999999,1,1,1,1,1,1,1,1,0.999999999999999,1,1,1,1,1,1,1,0.999999999999999,1,0.999999999999999,1,1,1,1,0.999999999999998,1,1,1,1,1,0.999999999999999,1,0.999999999999999,1,0.999999999999999,0.999999999999999,0.999999999999999,1,1,1,0.999999999999999,1,0.999999999999999,0.999999999999998,1,1,0.999999999999999,1,0.999999999999999,1,1,1,0.999999999999999,1,1,1,1,0.999999999999999,0.999999999999999,0.999999999999999,1,1,1,1,1,1,1,0.999999999999998,1,1,0.999999999999999,1,1,1,1,1,0.999999999999999,1,1,1,1,1,1,1,0.999999999999999,1,0.999999999999999,1,1,1,1,0.999999999999999,1,0.999999999999998,1,0.999999999999999,1,0.999999999999999,1,1,1,0.999999999999998,1,1,0.999999999999999,0.999999999999999,1,0.999999999999999,1,0.999999999999999,1,0.999999999999998,1,1,1,1,1,0.999999999999999,0.999999999999999,0.999999999999999,0.999999999999999,1,1,1,1,1,1,1,1,1,1,1,1,1,1,0.999999999999999,1,0.999999999999999,0.999999999999999,0.999999999999999,0.999999999999999,0.999999999999999,1,1,1,1,0.999999999999999,1,1,0.999999999999999,0.999999999999998,1,1,1,0.999999999999999,0.999999999999999,0.999999999999999,1,1,1,0.999999999999999,1,1,1,1,1,1,1,1,1,1,1,1,1,1,1,1,1,1,0.999999999999998,1,1,0.999999999999998,0.999999999999999,1,1,1,0.999999999999999,0.999999999999999,1,0.999999999999999,1,1,0.999999999999998,0.999999999999999,0.999999999999999,0.999999999999999,0.999999999999999,1,1,0.999999999999998,0.999999999999999,1,1,0.999999999999999,1,1,1,0.999999999999999,0.999999999999999,1,1,1,1,1,1,1,1,0.999999999999998,1,0.999999999999999,0.999999999999999,0.999999999999999,1,1,0.999999999999999,1,1,1,1,1,1,0.999999999999998,1,0.999999999999999,1,0.999999999999999,1,1,1,0.999999999999999,1,1,1,1,1,1,1,1,0.999999999999999,1,1,1,1,1,1,1,1,1,1,0.999999999999998,1,1,1,0.999999999999999,1,1,0.999999999999999,1,0.999999999999999,0.999999999999999,0.999999999999999,0.999999999999999,1,1,1,1,0.999999999999999,1,1,1,1,1,0.999999999999999,1,1,1,1,1,0.999999999999999,0.999999999999998,1,0.999999270470011,0.999998850791883,0.99999849898599,0.999998171347511,0.999997853148701,0.999997537395498,0.999997220147072,0.999996898932461,0.999996572081974,0.999996238402078,0.99999589700092,0.999995547187506,0.99999518840998,0.99999482021609,0.999994442226887,0.99999405411864,0.999993655610088,0.999993246453222,0.999992826426507,0.999992395329772,0.999991952980339,0.999991499210014,0.999991033862726
1,1,1,1,0.999999999999999,1,0.999999999999999,0.999999999999999,1,1,0.999999999999999,1,1,1,0.999999999999999,1,0.999999999999998,1,0.999999999999998,1,1,1,1,1,1,1,1,0.999999999999999,1,0.999999999999999,1,1,1,1,1,1,1,1,1,1,1,1,1,1,0.999999999999999,1,1,1,0.999999999999999,1,1,1,1,1,1,0.999999999999999,1,1,0.999999999999998,1,1,1,1,1,1,1,1,1,1,1,1,1,1,1,1,1,1,1,1,1,1,1,1,1,0.999999999999998,1,1,1,0.999999999999999,0.999999999999999,0.999999999999999,1,1,1,1,0.999999999999999,1,1,1,1,1,1,1,1,1,1,0.999999999999999,1,1,1,0.999999999999999,1,0.999999999999999,1,1,1,1,1,0.999999999999998,1,1,1,1,1,1,1,1,1,1,1,0.999999999999999,0.999999999999999,1,1,1,0.999999999999999,1,1,1,1,1,1,1,0.999999999999999,0.999999999999999,1,1,1,1,1,1,1,0.999999999999998,0.999999999999999,1,1,0.999999999999999,1,1,1,0.999999999999999,1,0.999999999999999,1,1,0.999999999999999,1,1,1,0.999999999999999,0.999999999999998,1,1,1,1,1,1,0.999999999999999,0.999999999999999,1,1,1,0.999999999999998,1,0.999999999999999,1,1,1,1,1,1,1,1,1,1,1,1,1,1,1,1,1,1,1,1,1,0.999999999999999,1,1,0.999999999999999,1,1,1,1,0.999999999999999,0.999999999999999,1,1,1,0.999999999999999,1,1,0.999999999999999,1,1,1,1,1,1,0.999999999999999,1,1,1,1,1,0.999999999999999,0.999999999999999,1,1,1,1,0.999999999999999,0.999999999999998,1,1,1,1,0.999999999999999,1,1,1,1,1,1,1,1,1,1,0.999999999999999,0.999999999999999,0.999999999999999,0.999999999999999,1,1,1,1,1,0.999999999999999,1,1,1,1,1,1,1,1,1,1,1,1,1,1,1,0.999999999999999,1,1,1,0.999999999999999,1,0.999999999999999,1,1,1,1,1,0.999999564703593,0.999999123622901,0.99999879061825,0.999998488050402,0.999998196724337,0.999997908478813,0.999997618986617,0.999997325638023,0.999997026716135,0.999996721016916,0.999996407652972,0.999996085943511,0.999995755348554,0.999995415427581,0.999995065812443,0.999994706189016,0.99999433628439,0.999993955857732,0.999993564693582,0.999993162596888,0.999992749389228,0.999992324905919,0.999991888993755,0.999991441509234,0.999990982317126,0.999990511289344
0.999999999999999,1,1,1,1,0.999999999999999,1,1,1,1,0.999999999999999,1,1,1,0.999999999999999,0.999999999999999,0.999999999999999,1,1,1,1,1,1,1,0.999999999999999,1,1,1,0.999999999999999,0.999999999999999,1,1,1,1,1,1,1,1,1,1,1,1,1,1,1,0.999999999999999,1,0.999999999999999,0.999999999999999,1,1,1,1,1,0.999999999999999,1,1,1,1,1,1,1,1,1,1,0.999999999999999,0.999999999999999,1,0.999999999999999,1,1,1,0.999999999999999,1,0.999999999999999,0.999999999999999,1,1,1,1,0.999999999999998,1,1,0.999999999999999,1,1,1,0.999999999999999,1,1,1,0.999999999999999,1,1,1,0.999999999999999,0.999999999999999,1,1,1,1,1,1,1,1,1,1,1,1,1,1,1,1,1,1,1,1,1,1,1,1,1,0.999999999999998,1,1,1,1,0.999999999999999,1,1,0.999999999999999,1,1,1,0.999999999999999,1,1,1,1,0.999999999999998,1,0.999999999999999,1,0.999999999999209,1,1,1,1,1,1,1,0.999999999999999,1,0.999999999999998,0.999999999999999,1,1,1,1,1,1,1,0.999999999999999,1,1,0.999999999999999,0.999999999999999,1,1,1,0.999999999999999,1,1,1,1,1,1,1,1,1,1,1,1,0.999999999999999,1,1,1,1,0.999999999999999,1,1,1,1,1,1,0.999999999999999,1,0.999999999999999,1,1,0.999999999999999,1,0.999999999999999,1,0.999999999999999,1,1,1,1,0.999999999999999,1,0.999999999999999,1,1,1,1,1,1,0.999999999999998,1,1,1,1,0.999999999999999,1,1,1,1,1,1,0.999999999999999,1,0.999999999999998,1,1,1,1,1,1,1,1,1,1,1,0.999999999999999,1,1,0.999999999999999,0.999999999999999,1,0.999999999999999,1,1,1,1,1,0.999999999999999,1,1,1,1,0.999999999999999,1,0.999999999999999,1,1,1,1,1,1,1,1,1,1,1,1,0.999999999999999,1,1,1,1,1,1,0.999999999999999,0.999999999999998,0.999999999999999,1,1,1,1,1,0.999999999999999,0.999999999999999,0.999999370240943,0.99999905054932,0.999998771473209,0.999998506055205,0.999998244490209,0.999997981961996,0.999997715697585,0.999997443928243,0.999997165439981,0.99999687935156,0.999996584994022,0.999996281840528,0.999995969463176,0.999995647505198,0.999995315662405,0.999994973670387,0.999994621295475,0.999994258328201,0.999993884578453,0.999993499871857,0.999993104046985,0.999992696953227,0.999992278449087,0.999991848400849,0.999991406681515,0.99999095316991,0.999990487749994,0.999990010310253
1,1,1,1,1,1,1,1,1,0.999999999999999,1,1,1,0.999999999999998,1,1,1,1,0.999999999999999,1,1,1,0.999999999999999,1,1,1,1,0.999999999999999,0.999999999999999,0.999999999999999,1,0.999999999999999,1,1,0.999999999999999,1,0.999999999999999,1,1,1,1,1,1,0.999999999999999,0.999999999999999,0.999999999999999,1,0.999999999999999,1,0.999999999999999,1,1,1,1,1,1,0.999999999999999,0.999999999999999,1,1,1,1,1,0.999999999999999,0.999999999999999,0.999999999999999,0.999999999999999,1,0.999999999999998,1,1,1,0.999999999999999,0.999999999999999,1,0.999999999999999,1,1,1,0.999999999999999,1,1,1,1,1,1,1,1,0.999999999999999,0.999999999999999,0.999999999999999,1,1,1,1,1,1,1,0.999999999999999,1,0.999999999999998,1,0.999999999999999,0.999999999999999,1,1,1,1,1,0.999999999999999,1,1,1,1,0.999999999999999,1,0.999999999999999,1,1,0.999999999999999,1,1,1,1,1,1,1,0.999999999999999,1,0.999999999999999,1,1,1,1,0.999999999999999,1,0.999999999999999,1,1,1,0.999999999999999,1,1,1,1,1,1,0.999999999999999,1,0.999999999999999,1,1,1,0.999999999999998,1,1,1,0.999999999999999,1,1,1,1,1,1,0.999999999999998,1,1,1,1,1,0.999999999999999,1,1,1,1,1,1,1,1,1,1,0.999999999999999,1,1,1,1,0.999999999999999,1,1,1,1,1,1,1,1,1,1,1,1,0.999999999999999,1,1,1,1,1,1,1,1,1,1,0.999999999999999,1,0.999999999999998,0.999999999999998,1,1,1,1,1,1,0.999999999999999,1,0.999999999999999,1,1,1,1,0.999999999999998,1,1,0.999999999999998,0.999999999999999,0.999999999999999,0.999999999999999,1,1,1,0.999999999999999,1,0.999999999999999,1,1,1,0.999999999999999,0.999999999999999,1,1,1,1,1,0.999999999999999,1,1,0.999999999999999,1,0.999999999999999,0.999999999999999,0.999999999999999,1,1,0.999999999999999,1,1,0.999999999999998,1,1,1,1,0.999999999999999,1,1,1,1,0.999999999999999,1,1,1,0.999999999999999,0.999999999999998,1,0.999999999999999,1,1,1,1,1,1,0.999999999999999,0.999999999999999,1,0.99999959840445,0.99999928047017,0.999999022806008,0.999998782229568,0.999998546472101,0.99999831007883,0.999998070081369,0.999997824653589,0.999997572572403,0.999997312964736,0.999997045175299,0.999996768691767,0.99999648309977,0.999996188054477,0.999995883261899,0.999995568466197,0.999995243440809,0.999994907982074,0.99999456190459,0.99999420503773,0.999993837223016,0.99999345831209,0.999993068165122,0.999992666649572,0.999992253639174,0.999991829013144,0.999991392655507,0.999990944454559,0.999990484302417,0.999990012094639,0.999989527729906
1,0.999999999999999,1,1,1,0.999999999999999,1,0.999999999999999,0.999999999999999,1,0.999999999999999,1,1,1,0.999999999999999,0.999999999999999,1,1,1,1,1,1,1,0.999999999999999,1,1,1,1,0.999999999999999,1,0.999999999999999,1,1,0.999999999999999,1,1,1,1,0.999999999999998,1,0.999999999999999,1,0.999999999999999,0.999999999999998,1,0.999999999999999,1,0.999999999999998,1,1,0.999999999999999,1,1,1,1,1,0.999999999999999,1,1,1,1,1,1,0.999999999999999,0.999999999999999,1,1,1,1,1,1,1,1,0.999999999999999,1,1,0.999999999999998,1,1,0.999999999999999,0.999999999999999,1,0.999999999999999,1,0.999999999999998,1,1,1,1,1,0.999999999999999,0.999999999999999,1,1,0.999999999999999,1,1,0.999999999999999,1,1,1,1,1,1,0.999999999999999,1,1,1,1,0.999999999999999,1,1,1,1,1,1,0.999999999999999,1,1,1,1,1,1,1,1,0.999999999999998,1,1,0.999999999999998,1,0.999999999999999,0.999999999999999,1,1,1,1,1,1,0.999999999999999,1,1,1,0.999999999999999,1,1,1,0.999999999999999,1,1,1,1,0.999999999999999,1,1,0.999999999999999,0.999999999999999,0.999999999999999,0.999999999999999,1,0.999999999999999,1,1,1,1,1,1,0.999999999999998,1,1,1,1,0.999999999999999,1,1,1,1,0.999999999999999,0.999999999999999,0.999999999999999,1,1,1,1,1,1,1,1,1,0.999999999999999,0.999999999999999,1,0.999999999999999,0.999999999999999,1,0.999999999999999,1,1,1,1,1,1,0.999999999999999,1,0.999999999999999,1,1,1,1,0.999999999999999,1,1,0.999999999999999,1,1,0.999999999999999,1,1,1,1,1,1,1,1,1,1,1,1,0.999999999999998,0.999999999999999,1,1,1,1,1,0.999999999999999,0.999999999999999,1,1,1,0.999999999999999,1,1,1,1,1,0.999999999999999,1,1,1,1,1,1,1,1,1,0.999999999999999,0.999999999999999,1,0.999999999999999,1,1,1,1,1,1,1,1,1,0.999999999999999,1,0.999999999999999,0.999999999999999,0.999999999999999,1,1,0.999999999999999,1,0.999999999999999,0.999999999999999,1,0.999999999999998,0.999999999999999,1,1,1,1,1,0.999999843070289,0.999999482679421,0.999999243349474,0.999999026400997,0.999998815524177,0.999998604396044,0.999998389809287,0.999998169873669,0.999997943358195,0.999997709400369,0.999997467360652,0.999997216742685,0.999996957146557,0.999996688239865,0.999996409739025,0.999996121396753,0.999995822993409,0.999995514330891,0.999995195228161,0.999994865517976,0.999994525044406,0.999994173660942,0.999993811229013,0.999993437616838,0.999993052698498,0.999992656353203,0.999992248464669,0.999991828920639,0.999991397612462,0.999990954434747,0.999990499285078,0.999990032063764,0.999989552673625,0.999989061019811
1,1,1,1,1,1,1,0.999999999999998,1,1,0.999999999999998,1,1,1,1,0.999999999999999,0.999999999999999,1,1,0.999999999999999,1,1,1,1,1,1,1,1,1,0.999999999999999,1,1,1,1,0.999999999999999,1,0.999999999999999,0.999999999999999,0.999999999999998,1,1,1,1,1,1,0.999999999999999,1,1,1,1,1,1,1,0.999999999999998,0.999999999999999,1,1,0.999999999999999,1,1,1,1,1,1,1,0.999999999999998,0.999999999999999,0.999999999999999,1,1,0.999999999999999,1,1,0.999999999999999,1,1,1,1,1,1,1,0.999999999999999,0.999999999999999,0.999999999999999,1,0.999999999999999,1,1,0.999999999999999,1,0.999999999999999,1,1,1,1,1,1,1,1,0.999999999999999,0.999999999999998,1,1,1,1,0.999999999999999,1,1,1,1,0.999999999999999,1,1,0.999999999999999,1,1,1,1,1,1,1,1,1,1,1,0.999999999999999,1,1,0.999999999999999,1,1,0.999999999999999,0.999999999999999,1,1,0.999999999999999,1,1,1,1,1,1,1,1,1,1,1,1,1,1,1,1,0.999999999999999,1,1,1,1,1,1,1,1,1,1,0.999999999999999,0.999999999999999,1,1,0.999999999999999,0.999999999999999,1,1,1,1,1,1,1,1,1,1,0.999999999999999,1,0.999999999999999,1,0.999999999999999,1,1,1,1,1,1,0.999999999999999,1,1,1,0.999999999999999,1,1,1,0.999999999999999,0.999999999999998,0.999999999999999,1,1,1,0.999999999999999,0.999999999999999,0.999999999999999,0.999999999999999,1,1,0.999999999999999,1,1,0.999999999999999,1,0.999999999999999,0.999999999999999,1,1,0.999999999999999,1,0.999999999999999,1,0.999999999999999,1,1,1,1,1,0.999999999999999,1,1,1,1,1,1,0.999999999999998,1,1,0.999999999999998,1,0.999999999999999,0.999999999999999,1,1,1,1,1,1,1,1,1,1,1,0.999999999999999,1,1,1,1,0.999999999999999,1,1,1,0.999999999999999,1,0.999999999999999,1,1,1,0.999999999999999,0.999999999999998,1,0.999999999999999,0.999999999999999,1,1,1,1,0.999999999999999,1,1,1,1,1,1,0.999999661102614,0.999999434566324,0.999999239798393,0.999999052809811,0.999998866031427,0.999998675955846,0.999998480620425,0.999998278787924,0.999998069609339,0.999997852463188,0.999997626870638,0.99999739244712,0.999997148873078,0.999996895875412,0.999996633215244,0.999996360679583,0.999996078075482,0.999995785225836,0.999995481966312,0.999995168143034,0.999994843610849,0.999994508231958,0.999994161874867,0.999993804413543,0.999993435726733,0.999993055697427,0.999992664212399,0.999992261161835,0.999991846439023,0.999991419940096,0.99999098156379,0.999990531211274,0.999990068785965,0.999989594193402,0.999989107341105,0.999988608138473
1,1,1,1,0.999999999999999,0.999999999999998,0.999999999999998,1,0.999999999999999,1,1,1,1,1,1,1,1,1,1,1,0.999999999999999,1,1,1,0.999999999999999,0.999999999999999,1,1,0.999999999999999,1,1,1,1,0.999999999999999,0.999999999999999,1,1,1,1,0.999999999999999,1,1,1,1,1,0.999999999999999,0.999999999999999,1,0.999999999999999,1,1,1,1,0.999999999999999,1,1,0.999999999999999,1,1,1,0.999999999999999,1,1,1,1,0.999999999999999,1,1,1,1,1,1,1,1,1,1,1,1,1,1,0.999999999999999,0.999999999999999,1,1,1,0.999999999999999,1,1,1,1,1,1,1,1,1,1,1,1,1,0.999999999999999,0.999999999999999,0.999999999999999,1,0.999999999999999,1,0.999999999999999,0.999999999999999,0.999999999999998,1,1,0.999999999999999,0.999999999999999,1,1,1,0.999999999999999,1,1,1,1,1,1,1,0.999999999999999,1,1,1,1,0.999999999999999,1,1,1,0.999999999999999,1,1,1,1,1,0.999999999999998,1,1,1,1,1,1.00000000000014,1,1,0.999999999999999,1,1,1,1,1,1,1,1,0.999999999999999,1,1,1,0.999999999999999,1,0.999999999999998,0.999999999999998,1,1,1,1,1,1,1,0.999999999999999,0.999999999999999,1,1,0.999999999999999,0.999999999999999,0.999999999999999,1,1,1,1,1,1,0.999999999999999,1,1,1,0.999999999999999,0.999999999999998,1,1,0.999999999999998,1,0.999999999999999,0.999999999999999,1,1,1,0.999999999999999,1,0.999999999999999,1,1,1,1,1,1,1,1,1,1,1,1,0.999999999999999,1,1,1,1,0.999999999999999,1,0.999999999999998,1,1,1,1,1,1,1,1,0.999999999999999,0.999999999999999,1,1,1,1,0.999999999999999,1,1,1,0.999999999999999,1,0.999999999999998,1,1,0.999999999999999,0.999999999999999,0.999999999999999,1,1,1,1,1,1,1,0.999999999999999,1,0.999999999999998,1,1,1,1,1,0.999999999999999,1,0.999999999999998,1,1,1,0.999999999999999,1,1,1,1,1,0.999999999999999,1,1,1,0.999999999999997,1,1,0.999999826855519,0.999999598199053,0.999999423740314,0.999999259563943,0.999999096168341,0.999998929655962,0.999998757981223,0.999998579902958,0.999998394589133,0.999998201438924,0.999997999992605,0.999997789881771,0.99999757079999,0.999997342484568,0.999997104704734,0.999996857253688,0.999996599943115,0.999996332599261,0.999996055060096,0.999995767173208,0.999995468794207,0.999995159785487,0.999994840015284,0.99999450935691,0.99999416768815,0.999993814890769,0.999993450850108,0.999993075454756,0.999992688596257,0.999992290168882,0.999991880069435,0.999991458197057,0.999991024453103,0.999990578740994,0.999990120966104,0.99998965103566,0.999989168858655,0.999988674345763,0.999988167409265
0.999999999999999,0.999999999999999,0.999999999999999,0.999999999999999,0.999999999999999,0.999999999999999,1,0.999999999999999,1,0.999999999999999,1,1,0.999999999999999,1,0.999999999999999,1,1,1,1,1,1,1,0.999999999999998,0.999999999999999,0.999999999999999,1,0.999999999999999,1,1,0.999999999999998,0.999999999999999,1,0.999999999999999,0.999999999999998,1,1,1,0.999999999999999,1,0.999999999999999,1,0.999999999999999,1,1,1,1,1,1,0.999999999999998,1,1,1,1,1,1,1,1,1,1,1,1,1,1,0.999999999999999,1,0.999999999999998,1,1,1,0.999999999999999,0.999999999999999,1,1,0.999999999999998,1,1,1,1,0.999999999999999,1,1,1,1,1,0.999999999999999,1,0.999999999999999,0.999999999999999,1,0.999999999999999,0.999999999999998,1,0.999999999999999,1,1,0.999999999999999,1,0.999999999999999,1,1,0.999999999999998,1,1,1,1,0.999999999999999,1,1,1,1,1,1,1,1,1,1,0.999999999999999,1,1,1,0.999999999999999,1,1,1,1,0.999999999999999,0.999999999999999,1,0.999999999999999,1,1,1,1,0.999999999999999,0.999999999999998,1,1,1,1,1,0.999999999999999,1,1,1,1,1,1,1,1,1,1,1,1,1,0.999999999999999,1,0.999999999999999,1,1,1,0.999999999999999,1,1,1,1,1,1,1,1,1,1,1,0.999999999999999,1,1,0.999999999999999,1,1,1,1,1,1,1,0.999999999999999,0.999999999999999,1,0.999999999999999,0.999999999999999,1,0.999999999999999,1,1,1,1,0.999999999999999,1,1,1,1,1,1,1,1,1,0.999999999999999,1,1,1,1,1,0.999999999999999,1,1,1,1,0.999999999999998,1,1,0.999999999999999,1,0.999999999999999,1,1,1,1,1,1,1,1,0.999999999999999,1,1,1,1,1,1,0.999999999999999,1,0.999999999999999,0.999999999999999,1,0.999999999999999,1,1,1,0.999999999999999,1,1,1,0.999999999999999,1,1,0.999999999999998,1,1,1,1,0.999999999999999,1,1,1,0.999999999999999,1,0.999999999999999,1,1,1,1,0.999999999999999,1,0.999999999999999,1,1,1,0.999999999999999,1,1,0.999999999999999,1,0.999999999999999,0.999999736611998,0.999999579657842,0.999999437102859,0.999999296063868,0.999999152111946,0.999999003104757,0.999998847800423,0.999998685388047,0.999998515290328,0.999998337068224,0.999998150370163,0.999997954902911,0.999997750413888,0.999997536679903,0.999997313499704,0.999997080688878,0.999996838076285,0.999996585501456,0.999996322812706,0.999996049865689,0.999995766522318,0.999995472649906,0.99999516812049,0.999994852810306,0.999994526599344,0.999994189370987,0.999993841011719,0.999993481410878,0.999993110460441,0.999992728054838,0.999992334090806,0.99999192846725,0.999991511085121,0.999991081847307,0.99999064065855,0.999990187425357,0.999989722055919,0.999989244460051,0.999988754549128,0.999988252236018,0.999987737435043
1,1,1,0.999999999999999,1,1,1,1,0.999999999999999,1,0.999999999999999,0.999999999999999,1,1,1,0.999999999999999,1,0.999999999999998,1,1,1,1,1,0.999999999999999,1,0.999999999999999,1,1,0.999999999999999,1,1,1,1,1,1,1,1,1,1,1,0.999999999999999,1,1,1,0.999999999999999,1,1,1,1,0.999999999999999,1,1,1,0.999999999999999,1,1,0.999999999999999,1,0.999999999999999,0.999999999999999,1,1,0.999999999999999,1,1,0.999999999999999,1,1,1,0.999999999999999,0.999999999999999,1,1,0.999999999999998,1,0.999999999999999,1,1,0.999999999999999,1,1,0.999999999999999,1,0.999999999999999,0.999999999999999,1,0.999999999999999,1,1,1,1,1,0.999999999999999,0.999999999999999,1,1,1,0.999999999999999,1,1,1,1,0.999999999999999,0.999999999999999,0.999999999999999,1,0.999999999999999,1,0.999999999999998,0.999999999999999,1,1,1,0.999999999999998,1,1,0.999999999999998,0.999999999999999,1,1,1,1,1,1,1,1,1,1,1,0.999999999999999,1,1,1,0.999999999999999,0.999999999999999,1,1,1,1,0.999999999999998,1,1,1,0.999999999999999,0.999999999999998,1,1,1,1,1,1,1,1,1,0.999999999999998,1,1,1,1,1,1,1,0.999999999999999,0.999999999999999,1,1,1,0.999999999999999,1,1,1,1,1,0.999999999999998,0.999999999999999,1,0.999999999999999,1,1,1,1,1,0.999999999999999,0.999999999999999,1,0.999999999999998,1,0.999999999999999,1,1,0.999999999999999,1,1,1,1,0.999999999999999,1,1,1,0.999999999999999,1,1,1,0.999999999999999,1,1,1,1,1,1,1,0.999999999999999,1,1,1,1,1,1,1,1,0.999999999999999,1,1,1,1,1,1,1,1,1,1,1,1,1,1,1,1,0.999999999999999,0.999999999999997,0.999999999999999,1,1,1,1,1,1,1,1,1,0.999999999999999,1,1,1,1,0.999999999999999,1,0.999999999999999,0.999999999999999,1,0.999999999999999,1,1,1,1,1,1,1,1,0.999999999999999,1,1,1,1,0.999999999999999,1,1,1,0.999999854273475,0.999999709137435,0.999999586836799,0.999999467058926,0.999999344602041,0.999999217208137,0.999999083639047,0.999998943110033,0.999998795070386,0.999998639103225,0.99999847487422,0.999998302103117,0.999998120546846,0.999997929988987,0.999997730232921,0.999997521097202,0.999997302412341,0.999997074018512,0.999996835763853,0.99999658750323,0.999996329097259,0.999996060411568,0.999995781316217,0.999995491685207,0.999995191396122,0.999994880329799,0.999994558370059,0.999994225403511,0.999993881319334,0.999993526009138,0.999993159366805,0.999992781288383,0.999992391671958,0.999991990417571,0.999991577427129,0.999991152604315,0.999990715854537,0.999990267084843,0.999989806203869,0.999989333121788,0.999988847750257,0.999988350002368,0.999987839792595,0.999987317036777
1,0.999999999999999,1,1,1,1,1,1,0.999999999999998,1,1,1,1,1,1,0.999999999999999,1,1,1,1,1,1,0.999999999999999,0.999999999999998,1,1,1,1,1,0.999999999999999,1,1,0.999999999999999,1,1,1,1,1,1,1,1,1,1,1,1,1,1,1,0.999999999999999,1,1,0.999999999999999,1,1,1,1,1,1,0.999999999999999,0.999999999999999,1,1,0.999999999999999,1,1,1,1,0.999999999999999,1,1,0.999999999999999,1,1,0.999999999999999,1,1,1,1,1,1,0.999999999999999,1,1,1,0.999999999999999,0.999999999999999,1,1,1,1,1,1,1,1,0.999999999999999,1,1,0.999999999999999,1,0.999999999999999,1,1,1,1,1,0.999999999999998,1,1,1,1,0.999999999999998,1,1,0.999999999999999,0.999999999999999,1,1,0.999999999999999,1,1,0.999999999999999,1,0.999999999999999,1,1,0.999999999999999,1,0.999999999999999,1,1,0.999999999999998,0.999999999999998,1,0.999999999999999,1,1,1,1,0.999999999999999,1,0.999999999999999,0.999999999999999,1,1,1,1,0.999999999999999,1,0.999999999999999,0.999999999999999,1,1,1,1,1,1,1,1,1,1,1,1,1,1,0.999999999999999,1,1,1,1,1,1,1,1,1,0.999999999999999,1,1,1,0.999999999999999,1,1,1,1,0.999999999999999,1,1,1,1,0.999999999999999,0.999999999999999,1,1,1,1,1,1,1,1,0.999999999999999,0.999999999999999,1,1,1,1,1,1,1,1,0.999999999999999,1,1,0.999999999999999,1,1,1,1,1,1,1,1,1,1,1,1,1,0.999999999999999,1,1,1,1,1,1,1,1,0.999999999999998,1,1,1,1,0.999999999999999,0.999999999999999,1,0.999999999999999,1,1,1,0.999999999999999,0.999999999999999,0.999999999999998,1,1,1,0.999999999999999,0.999999999999999,1,1,0.999999999999999,1,1,1,1,0.999999999999999,1,1,1,1,1,1,1,0.999999999999998,1,1,1,1,0.999999987211346,0.999999814023123,0.999999710286821,0.999999610591105,0.999999508491053,0.999999401585502,0.999999288646168,0.999999168920412,0.999999041887321,0.999998907153369,0.99999876440148,0.9999986133637,0.999998453805449,0.999998285515901,0.999998108301825,0.999997921983502,0.999997726391901,0.999997521366679,0.999997306754735,0.999997082409113,0.999996848188191,0.999996603955036,0.999996349576883,0.999996084924748,0.999995809873083,0.999995524299503,0.999995228084549,0.999994921111506,0.999994603266216,0.999994274436946,0.999993934514249,0.999993583390851,0.99999322096156,0.999992847123163,0.999992461774346,0.999992064815624,0.99999165614927,0.999991235679246,0.999990803311156,0.999990358952187,0.999989902511045,0.99998943389794,0.999988953024505,0.999988459803784,0.999987954150178,0.999987435979406,0.999986905208482
1,1,1,1,1,1,1,1,1,1,1,1,1,1,0.999999999999999,1,0.999999999999999,0.999999999999999,1,1,0.999999999999999,1,0.999999999999999,0.999999999999999,1,1,0.999999999999999,1,0.999999999999999,1,0.999999999999999,0.999999999999999,1,1,1,1,1,1,0.999999999999999,0.999999999999999,1,1,1,1,1,1,0.999999999999999,1,1,1,1,0.999999999999998,0.999999999999999,0.999999999999999,0.999999999999999,1,1,1,1,1,0.999999999999999,0.999999999999998,0.999999999999999,1,1,1,1,1,0.999999999999999,0.999999999999999,1,1,1,1,1,0.999999999999999,1,1,1,1,0.999999999999998,1,1,1,1,0.999999999999999,1,1,0.999999999999999,1,1,1,1,1,0.999999999999999,1,1,1,1,0.999999999999998,1,1,1,0.999999999999999,1,0.999999999999999,1,1,0.999999999999999,1,1,1,1,1,1,1,1,0.999999999999999,1,1,1,1,0.999999999999999,1,1,1,0.999999999999999,0.999999999999999,1,1,1,1,1,1,1,1,1,1,1,1,0.999999999999999,1,1,0.999999999999999,0.999999999999999,0.999999999999935,0.999999999999999,1,0.999999999999999,0.999999999999999,1,0.999999999999998,1,1,1,0.999999999999999,1,1,0.999999999999999,1,1,1,1,1,1,1,1,1,1,1,0.999999999999998,0.999999999999998,1,1,1,0.999999999999999,1,1,1,1,1,1,0.999999999999999,1,1,1,1,1,1,1,1,1,1,0.999999999999998,1,1,1,0.999999999999998,1,0.999999999999998,1,1,1,1,0.999999999999999,0.999999999999999,1,1,1,1,0.999999999999999,1,0.999999999999998,1,0.999999999999999,1,1,0.999999999999998,0.999999999999999,1,0.999999999999999,1,1,1,1,0.999999999999999,1,1,1,0.999999999999999,1,0.999999999999999,1,1,1,1,1,1,1,1,0.999999999999999,1,0.999999999999999,0.999999999999999,0.999999999999999,1,0.999999999999999,1,1,1,1,0.999999999999999,0.999999999999999,1,1,1,1,1,1,1,1,1,1,1,0.999999999999999,1,1,0.999999999999999,0.999999999999998,1,1,1,0.999999896770882,0.999999809108949,0.999999728211364,0.999999645243875,0.999999557618754,0.999999464126195,0.999999364052651,0.999999256910089,0.99999914232899,0.999999020008862,0.999998889692751,0.999998751152974,0.999998604182608,0.99999844859015,0.999998284196002,0.999998110830077,0.999997928330113,0.999997736540449,0.999997535311112,0.99999732449712,0.999997103957931,0.99999687355702,0.999996633161524,0.999996382641949,0.999996121871931,0.999995850728026,0.999995569089541,0.999995276838371,0.999994973858867,0.999994660037719,0.999994335263842,0.999993999428293,0.999993652424162,0.999993294146512,0.99999292449229,0.999992543360271,0.999992150650993,0.999991746266691,0.999991330111253,0.999990902090157,0.999990462110433,0.999990010080622,0.999989545910714,0.999989069512128,0.999988580797662,0.999988079681464,0.999987566078993,0.999987039906983,0.999986501083419
1,1,1,1,0.999999999999999,0.999999999999999,1,1,1,1,1,1,1,0.999999999999999,1,1,1,0.999999999999999,0.999999999999999,1,1,1,0.999999999999999,1,1,1,0.999999999999998,0.999999999999999,1,1,0.999999999999998,1,1,1,1,1,1,1,0.999999999999999,1,0.999999999999999,1,0.999999999999999,1,0.999999999999999,1,1,1,1,1,1,1,1,0.999999999999999,1,1,1,1,0.999999999999998,1,1,1,1,0.999999999999999,1,1,1,1,0.999999999999999,1,1,1,1,1,0.999999999999999,0.999999999999999,1,1,1,0.999999999999998,1,0.999999999999999,1,1,0.999999999999997,1,1,1,1,1,1,1,1,1,1,1,1,1,1,1,0.999999999999998,1,1,1,1,1,1,1,1,1,1,1,0.999999999999999,1,1,1,1,1,1,1,1,1,1,1,1,1,1,1,1,1,1,0.999999999999999,0.999999999999999,1,0.999999999999999,1,0.999999999999999,1,0.999999999999999,0.999999999999998,1,1,1,0.999999999999997,1,1,0.999999999999999,1,1,1,1,1,1,1,1,1,1,0.999999999999999,1,1,1,1,1,1,1,1,0.999999999999999,1,1,1,1,1,1,1,0.999999999999999,0.999999999999999,0.999999999999999,0.999999999999999,1,1,1,1,1,1,1,0.999999999999998,0.999999999999999,0.999999999999999,1,1,1,1,0.999999999999999,1,1,1,1,0.999999999999999,1,1,1,1,1,1,1,0.999999999999998,1,1,1,1,0.999999999999998,1,0.999999999999998,0.999999999999999,1,1,1,1,1,1,1,1,0.999999999999998,1,0.999999999999999,1,1,1,1,1,1,1,1,1,1,1,1,1,0.999999999999999,0.999999999999999,1,0.999999999999998,1,1,0.999999999999999,1,0.999999999999999,1,1,1,1,0.999999999999998,1,1,0.999999999999999,1,0.999999999999999,1,1,1,1,0.999999999999999,1,1,0.999999999999999,1,0.999999999999999,1,1,0.999999963122153,0.999999885133136,0.99999982160652,0.999999756443151,0.999999686791073,0.999999611471031,0.999999529816503,0.999999441374868,0.999999345800234,0.999999242807006,0.999999132146995,0.999999013597029,0.999998886951749,0.999998752019156,0.99999860861771,0.999998456574379,0.999998295723246,0.999998125904518,0.999997946963748,0.999997758751279,0.999997561121765,0.999997353933815,0.999997137049673,0.999996910334968,0.999996673658503,0.999996426892056,0.999996169910225,0.999995902590272,0.999995624812013,0.99999533645768,0.999995037411834,0.999994727561256,0.999994406794873,0.999994075003666,0.999993732080598,0.999993377920552,0.999993012420257,0.999992635478235,0.999992246994733,0.999991846871691,0.999991435012669,0.999991011322814,0.999990575708807,0.999990128078826,0.999989668342504,0.99998919641089,0.999988712196411,0.999988215612842,0.999987706575265,0.999987185000043,0.999986650804788,0.999986103908335
1,1,1,1,0.999999999999999,1,1,1,0.999999999999999,1,1,0.999999999999998,1,1,1,0.999999999999999,1,0.999999999999999,1,1,1,1,1,1,0.999999999999999,1,0.999999999999999,1,1,1,0.999999999999999,0.999999999999999,1,0.999999999999999,1,1,1,1,1,1,1,0.999999999999998,1,1,1,0.999999999999999,0.999999999999999,1,1,1,0.999999999999999,1,1,0.999999999999999,1,1,1,0.999999999999999,1,0.999999999999999,0.999999999999999,1,0.999999999999999,0.999999999999999,0.999999999999998,1,1,0.999999999999999,0.999999999999999,0.999999999999998,1,1,0.999999999999999,0.999999999999999,1,1,1,1,1,1,1,0.999999999999999,1,1,1,1,1,1,1,1,1,0.999999999999998,0.999999999999998,1,0.999999999999999,1,1,1,1,1,1,1,1,1,1,1,1,1,1,0.999999999999999,1,1,1,0.999999999999999,1,0.999999999999999,1,1,0.999999999999999,1,1,1,1,1,0.999999999999999,0.999999999999999,1,1,0.999999999999999,1,0.999999999999998,1,1,0.999999999999999,0.999999999999999,0.999999999999999,1,1,1,0.999999999999998,0.999999999999999,1,1,1,1,0.999999999999999,1,1,0.999999999999999,1,1,0.999999999999999,1,1,1,1,1,1,1,1,1,0.999999999999999,1,1,1,1,1,0.999999999999999,1,1,1,0.999999999999999,0.999999999999999,1,1,1,1,1,1,1,1,0.999999999999999,0.999999999999999,1,1,1,1,1,1,1,1,1,1,1,1,0.999999999999998,1,1,1,1,0.999999999999999,1,1,0.999999999999999,1,1,1,1,0.999999999999999,1,1,1,1,1,1,0.999999999999999,1,0.999999999999999,0.999999999999999,1,1,1,0.999999999999999,1,0.999999999999999,1,1,1,0.999999999999999,1,1,1,1,1,0.999999999999999,1,1,1,1,0.999999999999999,1,1,1,1,0.999999999999999,1,1,1,1,1,1,1,1,1,1,1,1,1,1,0.999999999999999,1,0.999999999999999,0.999999999999999,1,1,1,0.999999999999999,0.99999994044456,0.999999892630872,0.99999984381321,0.999999790704506,0.999999732173125,0.999999667607952,0.999999596592791,0.999999518803237,0.999999433965283,0.999999341835923,0.99999924219303,0.999999134829581,0.99999901955015,0.999998896168619,0.999998764506634,0.9999986243925,0.999998475660367,0.999998318149616,0.999998151704353,0.999997976173033,0.99999779140811,0.999997597265781,0.999997393605745,0.999997180290994,0.999996957187643,0.999996724164756,0.999996481094215,0.999996227850591,0.999995964311015,0.999995690355084,0.999995405864757,0.999995110724254,0.999994804819994,0.999994488040503,0.999994160276329,0.999993821419996,0.999993471365924,0.999993110010378,0.999992737251399,0.999992352988767,0.999991957123931,0.999991549559975,0.999991130201566,0.99999069895491,0.999990255727709,0.999989800429132,0.999989332969763,0.999988853261568,0.99998836121787,0.999987856753305,0.999987339783796,0.999986810226521,0.999986267999884,0.999985713023486
0.999999999999999,1,0.999999999999999,1,1,1,1,1,0.999999999999999,0.999999999999999,1,1,1,0.999999999999999,1,0.999999999999998,0.999999999999999,1,1,0.999999999999998,1,1,1,1,0.999999999999999,1,0.999999999999999,1,1,1,1,0.999999999999999,1,0.999999999999999,1,0.999999999999999,0.999999999999999,1,1,0.999999999999998,1,1,1,1,1,1,1,1,1,1,1,1,0.999999999999998,1,0.999999999999999,1,1,1,1,1,0.999999999999999,1,1,1,1,1,0.999999999999999,1,1,0.999999999999999,1,1,1,1,1,0.999999999999999,0.999999999999999,0.999999999999998,1,1,1,1,1,1,1,1,0.999999999999999,0.999999999999999,1,1,0.999999999999999,1,1,1,1,0.999999999999999,1,1,0.999999999999999,1,1,0.999999999999999,1,1,0.999999999999998,1,1,1,0.999999999999999,1,1,1,1,0.999999999999999,1,1,1,0.999999999999999,1,1,1,1,1,1,1,1,1,1,1,0.999999999999999,0.999999999999999,1,0.999999999999998,1,1,1,0.999999999999999,1,1,0.999999999999999,0.999999999999999,1,1,1,1,0.999999999999998,1,1,1,1,1,1,0.999999999999998,1,1,1,1,0.999999999999999,1,0.999999999999999,1,1,1,0.999999999999998,0.999999999999999,1,1,1,1,1,1,0.999999999999999,1,1,1,1,1,1,1,0.999999999999999,1,0.999999999999999,1,1,1,1,1,1,1,1,1,1,1,1,1,1,1,1,1,1,1,1,1,1,1,0.999999999999999,0.999999999999999,0.999999999999999,1,0.999999999999998,1,1,1,1,1,1,0.999999999999998,1,1,1,1,0.999999999999999,1,1,1,1,1,0.999999999999999,1,1,1,1,1,1,0.999999999999999,0.999999999999999,1,1,1,1,0.999999999999999,0.999999999999998,1,1,1,0.999999999999999,0.999999999999999,1,1,1,1,0.999999999999999,0.999999999999999,1,1,0.999999999999999,1,1,1,1,1,1,1,1,0.999999977699714,0.999999943353295,0.999999909253805,0.999999871103451,0.999999827842191,0.99999977892148,0.999999723959276,0.999999662647399,0.999999594717602,0.999999519926534,0.999999438048124,0.999999348869288,0.999999252187316,0.999999147808129,0.999999035545086,0.999998915218105,0.999998786652981,0.999998649680858,0.999998504137787,0.999998349864369,0.99999818670545,0.999998014509845,0.999997833130109,0.999997642422334,0.999997442245957,0.999997232463605,0.999997012940928,0.999996783546474,0.999996544151563,0.999996294630157,0.999996034858775,0.999995764716374,0.999995484084263,0.999995192846022,0.999994890887414,0.999994578096315,0.999994254362634,0.999993919578258,0.999993573636981,0.999993216434442,0.999992847868082,0.999992467837072,0.999992076242278,0.999991672986203,0.999991257972948,0.999990831108162,0.999990392299008,0.999989941454112,0.999989478483538,0.99998900329874,0.999988515812536,0.999988015939075,0.999987503593797,0.999986978693406,0.999986441155842,0.999985890900256,0.999985327846977
0.999999999999998,1,1,1,1,1,1,0.999999999999999,1,1,1,1,1,1,1,1,1,1,0.999999999999999,0.999999999999999,0.999999999999998,1,1,1,1,1,0.999999999999999,0.999999999999999,0.999999999999999,1,1,1,0.999999999999999,1,1,1,0.999999999999999,0.999999999999998,1,1,0.999999999999999,1,1,1,1,1,0.999999999999999,1,1,0.999999999999999,1,1,1,1,1,1,0.999999999999999,1,0.999999999999999,0.999999999999999,1,1,1,1,1,1,1,1,1,1,0.999999999999999,0.999999999999999,1,0.999999999999999,1,1,1,1,1,1,1,0.999999999999999,0.999999999999998,1,1,0.999999999999999,1,0.999999999999999,1,1,1,1,0.999999999999998,1,1,1,1,1,1,1,1,1,1,1,1,1,1,1,1,1,1,1,1,0.999999999999999,0.999999999999999,0.999999999999998,0.999999999999999,1,1,1,1,0.999999999999999,1,0.999999999999999,1,1,1,1,1,0.999999999999999,1,1,1,1,1,1,1,1,0.999999999999999,1,0.999999999999999,1,0.999999999999998,1,1,0.999999999999999,0.99999999999999,1,0.999999999999999,1,1,1,1,0.999999999999999,1,1,1,1,1,1,1,0.999999999999998,1,1,1,1,1,1,1,0.999999999999999,1,1,1,0.999999999999999,1,1,0.999999999999999,1,1,0.999999999999999,1,1,0.999999999999999,1,1,0.999999999999999,0.999999999999998,1,1,1,1,0.999999999999998,1,1,1,0.999999999999999,1,1,1,1,1,1,1,1,1,0.999999999999999,1,1,1,1,0.999999999999999,1,1,1,1,1,0.999999999999999,0.999999999999999,1,1,0.999999999999999,0.999999999999999,1,1,1,1,1,0.999999999999999,0.999999999999999,1,0.999999999999998,1,1,1,1,1,0.999999999999999,1,1,0.999999999999999,1,1,0.999999999999999,0.999999999999999,1,1,0.999999999999999,1,0.999999999999999,0.999999999999999,0.999999999999999,1,1,1,1,1,1,0.999999999999999,1,1,1,1,0.999999976133523,0.999999954890652,0.999999929907258,0.999999900227148,0.999999865365602,0.99999982496547,0.999999778724104,0.999999726369256,0.999999667648817,0.99999960232568,0.999999530174719,0.999999450980853,0.999999364537734,0.99999927064673,0.999999169116159,0.999999059760671,0.999998942400728,0.999998816862166,0.999998682975832,0.999998540577246,0.999998389506311,0.999998229607075,0.999998060727472,0.999997882719146,0.999997695437242,0.99999749874025,0.999997292489833,0.999997076550696,0.99999685079045,0.99999661507949,0.999996369290874,0.99999611330023,0.999995846985652,0.999995570227603,0.999995282908834,0.999994984914308,0.999994676131112,0.999994356448398,0.999994025757309,0.999993683950915,0.999993330924157,0.999992966573781,0.9999925907983,0.999992203497927,0.999991804574538,0.999991393931608,0.999990971474195,0.999990537108871,0.999990090743695,0.999989632288174,0.999989161653222,0.999988678751129,0.999988183495521,0.999987675801337,0.99998715558479,0.999986622763341,0.99998607725567,0.999985518981644,0.999984947862298
1,0.999999999999999,0.999999999999999,1,1,1,0.999999999999999,0.999999999999999,1,1,1,1,1,1,0.999999999999999,1,0.999999999999998,1,0.999999999999998,1,0.999999999999999,0.999999999999999,1,1,0.999999999999999,1,1,1,1,1,1,0.999999999999998,1,0.999999999999999,1,1,1,1,1,0.999999999999999,1,0.999999999999999,1,0.999999999999999,1,1,0.999999999999999,1,1,1,1,0.999999999999998,1,1,1,1,1,1,1,1,1,1,1,0.999999999999999,1,1,0.999999999999999,1,1,1,0.999999999999999,1,1,1,1,0.999999999999999,1,0.999999999999999,1,1,1,1,1,1,1,0.999999999999999,1,1,1,0.999999999999999,1,1,1,1,1,1,1,1,1,0.999999999999999,0.999999999999999,1,0.999999999999999,1,1,0.999999999999999,0.999999999999999,1,1,1,1,1,0.999999999999999,0.999999999999999,1,0.999999999999999,1,1,1,0.999999999999999,1,0.999999999999998,1,0.999999999999999,1,1,0.999999999999999,1,1,1,1,1,1,1,1,1,1,1,1,1,1,1,0.999999999999999,0.999999999999998,1,0.999999999999999,0.999999999999996,0.999999999999999,1,0.999999999999999,1,1,1,1,1,0.999999999999999,1,1,1,1,0.999999999999998,1,1,1,1,1,1,0.999999999999999,1,0.999999999999999,1,1,1,0.999999999999999,1,1,1,1,1,0.999999999999999,0.999999999999999,0.999999999999999,0.999999999999999,1,1,1,1,1,0.999999999999999,0.999999999999999,1,1,0.999999999999999,1,1,1,1,1,1,1,1,1,1,0.999999999999999,1,1,0.999999999999999,1,1,1,1,1,1,0.999999999999999,1,1,1,1,0.999999999999999,1,1,1,0.999999999999999,1,0.999999999999998,1,1,0.999999999999998,1,1,1,1,0.999999999999999,1,1,1,1,1,0.999999999999999,1,1,1,1,1,0.999999999999999,1,1,1,1,0.999999999999999,1,0.999999999999999,1,1,1,1,1,0.999999999999999,1,0.999999993763173,0.99999998315738,0.999999969257671,0.999999951245861,0.999999928682845,0.999999901212437,0.999999868517265,0.999999830304998,0.999999786302141,0.99999973625045,0.999999679904609,0.999999617030525,0.999999547404039,0.999999470809882,0.999999387040834,0.999999295897025,0.99999919718531,0.99999909071877,0.99999897631625,0.999998853801974,0.999998723005182,0.999998583759824,0.999998435904289,0.999998279281142,0.999998113736904,0.999997939121843,0.999997755289783,0.999997562097942,0.999997359406765,0.999997147079784,0.999996924983472,0.99999669298714,0.999996450962802,0.999996198785073,0.999995936331069,0.99999566348032,0.999995380114672,0.999995086118211,0.999994781377184,0.999994465779922,0.999994139216777,0.999993801580057,0.999993452763961,0.999993092664519,0.999992721179547,0.999992338208584,0.999991943652848,0.999991537415182,0.999991119400025,0.999990689513346,0.999990247662623,0.999989793756791,0.999989327706209,0.999988849422633,0.999988358819163,0.999987855810223,0.999987340311528,0.999986812240056,0.999986271514005,0.999985718052784,0.999985151776974,0.999984572608303
0.999999999999999,1,1,1,0.999999999999998,1,0.999999999999999,1,0.999999999999999,1,0.999999999999999,1,1,0.999999999999999,1,1,1,0.999999999999999,1,1,0.999999999999999,1,1,1,0.999999999999999,1,1,1,0.999999999999999,0.999999999999999,1,1,1,1,1,1,1,0.999999999999999,1,1,1,1,1,1,1,1,1,1,1,0.999999999999999,0.999999999999999,1,1,0.999999999999999,1,1,0.999999999999999,0.999999999999999,1,1,1,1,1,1,1,1,1,1,1,0.999999999999998,1,1,1,1,1,0.999999999999999,0.999999999999998,0.999999999999999,1,1,1,1,0.999999999999999,1,1,0.999999999999999,0.999999999999999,1,0.999999999999999,0.999999999999999,0.999999999999999,1,1,0.999999999999999,1,1,1,0.999999999999999,1,1,1,1,0.999999999999999,1,0.999999999999999,1,0.999999999999999,1,1,1,1,0.999999999999999,1,1,0.999999999999999,1,1,1,1,1,0.999999999999999,1,0.999999999999999,0.999999999999999,1,0.999999999999999,0.999999999999999,1,1,0.999999999999999,1,1,1,1,1,1,1,1,1,1,1,1,1,1,0.999999999999999,1,0.999999999999999,1,1,1,1,1,0.999999999999999,1,1,0.999999999999999,1,1,0.999999999999999,1,0.999999999999998,1,1,1,0.999999999999999,1,1,1,1,1,0.999999999999999,1,1,0.999999999999999,1,1,1,0.999999999999998,1,1,1,1,1,0.999999999999999,1,0.999999999999999,1,1,1,1,1,0.999999999999999,1,0.999999999999999,0.999999999999999,1,0.999999999999999,0.999999999999999,1,1,1,1,0.999999999999999,1,1,0.999999999999999,1,1,0.999999999999998,1,1,1,1,1,0.999999999999999,0.999999999999999,0.999999999999999,1,1,1,0.999999999999999,1,1,1,1,0.999999999999998,1,1,1,1,1,0.999999999999999,1,1,1,1,1,0.999999999999999,1,0.999999999999998,1,1,1,1,1,1,1,1,0.999999999999999,1,1,0.999999999999999,1,0.999999999999999,1,1,0.999999999831761,0.99999999694572,0.999999991592365,0.999999983026959,0.999999970776208,0.999999954429188,0.999999933616254,0.999999907998775,0.999999877262763,0.999999841114522,0.999999799277456,0.999999751489667,0.999999697502103,0.999999637077034,0.999999569986849,0.999999496013051,0.999999414945402,0.999999326581203,0.999999230724695,0.9999991271865,0.999999015783177,0.999998896336792,0.999998768674574,0.999998632628581,0.999998488035408,0.999998334735933,0.999998172575083,0.999998001401607,0.9999978210679,0.999997631429808,0.999997432346477,0.999997223680193,0.999997005296252,0.999996777062826,0.999996538850838,0.999996290533869,0.999996031988036,0.999995763091907,0.999995483726406,0.99999519377473,0.999994893122265,0.999994581656522,0.999994259267052,0.999993925845395,0.999993581285001,0.999993225481182,0.999992858331059,0.999992479733488,0.999992089589036,0.999991687799912,0.999991274269932,0.99999084890447,0.999990411610419,0.999989962296151,0.999989500871473,0.9999890272476,0.999988541337114,0.999988043053931,0.99998753231327,0.99998700903162,0.999986473126715,0.9999859245175,0.999985363124107,0.999984788867825,0.999984201671081
1,1,1,1,0.999999999999998,1,0.999999999999999,1,1,1,1,0.999999999999999,0.999999999999999,1,0.999999999999999,1,1,1,1,0.999999999999999,1,1,1,1,1,1,0.999999999999998,1,1,0.999999999999999,0.999999999999999,1,0.999999999999999,1,1,1,1,0.999999999999999,1,0.999999999999999,1,1,1,1,1,1,0.999999999999999,0.999999999999999,1,1,0.999999999999999,1,1,1,1,0.999999999999999,1,1,1,1,0.999999999999999,1,0.999999999999999,1,1,1,1,1,0.999999999999999,1,1,1,0.999999999999999,1,1,1,1,1,1,0.999999999999999,1,1,1,0.999999999999999,1,1,1,1,1,1,1,1,1,1,0.999999999999998,1,1,1,1,1,1,0.999999999999998,0.999999999999997,0.999999999999999,1,1,0.999999999999999,0.999999999999999,1,1,0.999999999999999,1,1,1,1,0.999999999999999,1,1,0.999999999999999,0.999999999999999,1,1,1,1,0.999999999999999,1,1,1,1,1,1,1,1,1,0.999999999999999,1,1,1,1,1,1,1,0.999999999999999,0.999999999999999,1,1,0.999999999999999,0.999999999999999,1,1,1,0.999999999999999,1,1,1,1,1,1,1,1,1,0.999999999999998,1,0.999999999999999,0.999999999999999,1,1,0.999999999999999,1,0.999999999999998,0.999999999999998,1,1,0.999999999999999,1,1,0.999999999999998,1,1,1,1,1,1,1,1,0.999999999999999,1,1,0.999999999999999,0.999999999999999,1,1,1,1,0.999999999999999,1,0.999999999999999,1,1,0.999999999999999,1,1,1,1,1,1,1,1,1,1,0.999999999999999,1,0.999999999999999,1,0.999999999999999,1,1,0.999999999999999,0.999999999999999,1,0.999999999999999,1,0.999999999999999,1,0.999999999999999,0.999999999999999,1,0.999999999999998,1,0.999999999999999,1,1,0.999999999999998,1,0.999999999999999,1,1,1,1,1,1,1,0.999999999999999,1,0.999999999999999,1,1,0.999999999999999,1,1,1,1,0.999999999999999,1,0.999999999944709,0.99999999976923,0.999999997971624,0.999999993745225,0.999999986495974,0.999999975732078,0.999999961025457,0.999999941992753,0.999999918284303,0.999999889577068,0.999999855569743,0.999999815979246,0.99999977053806,0.999999718992188,0.999999661099528,0.999999596628548,0.999999525357215,0.999999447072077,0.999999361567506,0.999999268645036,0.999999168112803,0.99999905978506,0.999998943481725,0.999998819028017,0.99999868625412,0.999998544994861,0.99999839508946,0.999998236381269,0.999998068717561,0.999997891949313,0.999997705931043,0.999997510520619,0.999997305579118,0.999997090970675,0.999996866562356,0.999996632224028,0.999996387828253,0.999996133250175,0.999995868367425,0.999995593060027,0.999995307210309,0.999995010702824,0.999994703424278,0.999994385263443,0.999994056111104,0.999993715859987,0.999993364404705,0.999993001641689,0.999992627469147,0.999992241786993,0.999991844496825,0.999991435501848,0.999991014706859,0.999990582018175,0.999990137343617,0.999989680592455,0.999989211675377,0.999988730504456,0.99998823699311,0.999987731056074,0.999987212609363,0.99998668157025,0.999986137857228,0.99998558138999,0.9999850120894,0.999984429877458,0.999983834677295
1,0.999999999999999,1,1,1,1,1,0.999999999999999,0.999999999999999,1,1,0.999999999999999,1,1,1,1,0.999999999999999,1,1,1,1,0.999999999999999,1,1,1,0.999999999999999,0.999999999999999,1,1,0.999999999999998,1,1,1,1,1,1,0.999999999999999,1,1,0.999999999999999,1,0.999999999999999,0.999999999999998,1,1,1,1,1,1,1,0.999999999999999,0.999999999999999,1,1,1,1,1,0.999999999999998,1,1,1,0.999999999999999,0.999999999999999,1,1,1,0.999999999999999,0.999999999999998,1,1,1,0.999999999999999,0.999999999999999,1,1,1,0.999999999999999,0.999999999999999,0.999999999999999,0.999999999999999,0.999999999999999,1,1,1,0.999999999999999,1,1,1,1,1,1,0.999999999999999,1,0.999999999999999,0.999999999999999,1,1,1,0.999999999999999,0.999999999999999,1,1,1,1,1,1,1,1,1,1,0.999999999999999,0.999999999999999,1,1,1,1,1,1,1,1,1,0.999999999999999,1,1,0.999999999999999,1,1,1,1,1,1,1,0.999999999999999,0.999999999999999,1,1,1,0.999999999999999,0.999999999999999,1,1,0.999999999999999,1,1,0.999999999999999,0.999999999999999,1,1,1,1,1,1,0.999999999999999,1,1,1,0.999999999999998,1,1,1,1,0.999999999999999,0.999999999999998,0.999999999999998,1,1,1,1,1,1,1,1,1,1,0.999999999999998,1,1,1,0.999999999999999,1,1,1,1,1,1,1,1,1,1,1,1,1,0.999999999999999,1,1,1,0.999999999999999,1,1,0.999999999999999,1,1,1,0.999999999999999,0.999999999999999,0.999999999999999,1,0.999999999999999,0.999999999999999,1,1,0.999999999999999,1,0.999999999999998,0.999999999999999,1,1,0.999999999999999,0.999999999999999,1,1,1,0.999999999999999,1,1,1,1,0.999999999999999,0.999999999999999,1,0.999999999999999,1,1,0.999999999999999,0.999999999999999,0.999999999999999,1,0.999999999999999,1,1,1,0.999999999999999,0.999999999999998,1,0.999999999999999,1,1,1,1,0.999999999999999,1,0.999999997888023,0.999999997304826,0.999999998850645,0.999999999937057,0.999999999475236,0.999999996717861,0.999999991075338,0.999999982050669,0.999999969208697,0.99999995215904,0.999999930545547,0.999999904039314,0.99999987233378,0.999999835141133,0.999999792189591,0.999999743221303,0.999999687990645,0.999999626262875,0.999999557813007,0.99999948242487,0.99999939989031,0.999999310008528,0.999999212585474,0.999999107433357,0.999998994370188,0.999998873219386,0.999998743809438,0.999998605973572,0.99999845954949,0.99999830437911,0.999998140308335,0.999997967186849,0.999997784867929,0.999997593208265,0.9999973920678,0.999997181309588,0.99999696079966,0.999996730406888,0.999996490002877,0.999996239461857,0.999995978660569,0.999995707478189,0.999995425796225,0.999995133498433,0.999994830470753,0.999994516601221,0.999994191779902,0.999993855898834,0.999993508851949,0.999993150535034,0.999992780845658,0.999992399683133,0.99999200694845,0.999991602544245,0.999991186374741,0.999990758345718,0.999990318364458,0.999989866339714,0.999989402181671,0.999988925801905,0.999988437113358,0.999987936030292,0.999987422468269,0.999986896344112,0.999986357575879,0.999985806082841,0.999985241785441,0.999984664605275,0.999984074465072,0.999983471288665
1,1,0.999999999999999,1,1,0.999999999999999,1,1,0.999999999999999,1,1,1,0.999999999999999,1,1,1,1,1,1,1,0.999999999999999,1,1,1,0.999999999999999,1,1,0.999999999999999,1,0.999999999999999,1,1,1,1,1,1,1,1,1,1,1,1,0.999999999999999,1,1,1,1,1,1,1,0.999999999999999,1,1,1,1,1,0.999999999999999,0.999999999999999,1,1,1,1,1,1,1,1,1,0.999999999999998,0.999999999999999,1,1,1,1,1,0.999999999999999,1,0.999999999999999,1,0.999999999999999,1,0.999999999999999,1,0.999999999999999,1,0.999999999999998,0.999999999999999,1,0.999999999999999,0.999999999999999,1,1,1,1,1,1,0.999999999999999,1,1,1,0.999999999999998,0.999999999999999,1,0.999999999999999,1,0.999999999999999,1,1,1,0.999999999999999,1,0.999999999999999,1,1,1,1,1,1,0.999999999999999,0.999999999999999,0.999999999999999,1,1,1,1,0.999999999999999,1,1,0.999999999999999,0.999999999999999,0.999999999999999,0.999999999999999,1,0.999999999999999,0.999999999999999,0.999999999999999,1,1,0.999999999999998,0.999999999999999,1,1,1,1,1,1,1,1,1,0.999999999999999,1,0.999999999999999,0.999999999999999,1,1,1,1,1,1,0.999999999999999,0.999999999999998,1,0.999999999999998,1,1,1,1,1,1,0.999999999999998,1,1,0.999999999999999,1,1,1,1,0.999999999999999,1,1,1,1,1,1,1,1,1,1,1,0.999999999999999,1,1,1,1,0.999999999999999,0.999999999999998,1,1,0.999999999999999,0.999999999999999,1,1,0.999999999999997,0.999999999999999,1,1,1,1,1,0.999999999999999,0.999999999999999,1,1,0.999999999999998,1,1,1,0.999999999999999,1,0.999999999999999,1,1,1,1,1,1,1,1,1,0.999999999999999,1,1,1,0.999999999999999,1,1,1,1,1,1,0.999999999999999,1,1,1,1,1,0.999999999999999,0.999999999999998,1,1,0.999999988936583,0.999999988970363,0.999999992022307,0.999999995653932,0.999999998595448,0.999999999972195,0.999999999104577,0.999999995428861,0.999999988458294,0.999999977761208,0.999999962947562,0.999999943659995,0.999999919567646,0.999999890361631,0.999999855751692,0.999999815463583,0.999999769237019,0.999999716824038,0.999999657987644,0.999999592500709,0.999999520145011,0.999999440710455,0.999999353994395,0.999999259801024,0.999999157940883,0.999999048230392,0.999998930491464,0.999998804551137,0.999998670241271,0.99999852739825,0.999998375862741,0.999998215479443,0.999998046096891,0.999997867567257,0.999997679746169,0.999997482492558,0.999997275668495,0.999997059139071,0.999996832772253,0.999996596438767,0.999996350012002,0.999996093367883,0.999995826384796,0.999995548943491,0.999995260926986,0.999994962220509,0.999994652711401,0.99999433228906,0.999994000844868,0.999993658272134,0.999993304466026,0.99999293932352,0.999992562743347,0.999992174625937,0.999991774873375,0.999991363389357,0.999990940079132,0.999990504849483,0.999990057608669,0.999989598266387,0.999989126733753,0.99998864292324,0.999988146748669,0.999987638125163,0.999987116969116,0.99998658319817,0.999986036731184,0.999985477488204,0.999984905390438,0.999984320360229,0.999983722321031,0.999983111197391
1,1,0.999999999999999,0.999999999999998,1,1,0.999999999999999,1,1,1,1,1,1,1,1,1,0.999999999999999,1,1,1,1,1,1,1,1,1,1,1,1,1,1,0.999999999999999,0.999999999999999,1,1,1,1,0.999999999999999,0.999999999999998,0.999999999999999,1,0.999999999999999,0.999999999999999,0.999999999999999,1,1,0.999999999999999,1,1,1,1,1,0.999999999999999,1,1,1,1,1,1,1,1,1,0.999999999999999,1,1,0.999999999999999,1,1,1,1,1,0.999999999999999,1,1,1,1,1,0.999999999999999,1,1,1,1,1,1,1,1,1,1,1,0.999999999999999,1,1,0.999999999999999,1,1,1,0.999999999999999,1,1,1,0.999999999999999,0.999999999999999,1,1,1,1,1,1,1,1,1,1,0.999999999999999,1,1,0.999999999999999,1,0.999999999999998,0.999999999999999,1,1,1,1,0.999999999999999,1,1,1,1,1,1,1,1,1,1,1,0.999999999999999,1,0.999999999999999,0.999999999999999,0.999999999999999,0.999999999999999,1,1,1,1,1,1,0.999999999999999,0.999999999999999,1,1,1,1,1,0.999999999999999,0.999999999999998,1,1,1,0.999999999999999,1,1,0.999999999999999,1,1,1,1,0.999999999999999,0.999999999999999,0.999999999999999,1,0.999999999999999,1,1,1,1,0.999999999999999,1,1,1,1,1,1,1,1,1,1,1,0.999999999999999,1,1,1,0.999999999999999,1,1,0.999999999999999,1,0.999999999999999,1,1,0.999999999999999,0.999999999999999,0.999999999999999,1,1,0.999999999999999,1,0.999999999999998,1,1,1,0.999999999999999,1,0.999999999999999,1,1,1,1,0.999999999999999,1,1,0.999999999999998,1,0.999999999999999,1,1,1,1,1,1,0.999999999999999,1,1,0.999999999999999,1,1,1,1,1,1,1,1,1,0.999999999999999,1,1,0.999999982626746,0.999999972492317,0.999999973114476,0.999999977603606,0.999999983590772,0.999999989696282,0.999999994948024,0.999999998589885,0.999999999997947,0.999999998637142,0.999999994036218,0.999999985772042,0.999999973459155,0.999999956742464,0.999999935291954,0.999999908798727,0.99999987697194,0.999999839536432,0.999999796230781,0.999999746805763,0.999999691023056,0.999999628654154,0.99999955947947,0.999999483287547,0.999999399874394,0.999999309042894,0.999999210602308,0.999999104367815,0.999998990160119,0.999998867805095,0.999998737133468,0.999998597980539,0.99999845018591,0.999998293593266,0.999998128050151,0.999997953407787,0.999997769520878,0.999997576247462,0.999997373448754,0.999997160989001,0.999996938735362,0.999996706557786,0.999996464328894,0.999996211923881,0.99999594922042,0.999995676098558,0.99999539244065,0.999995098131262,0.999994793057104,0.999994477106957,0.999994150171601,0.999993812143757,0.999993462918029,0.999993102390836,0.999992730460367,0.999992347026528,0.99999195199089,0.999991545256645,0.999991126728563,0.999990696312943,0.999990253917578,0.999989799451714,0.999989332826019,0.999988853952538,0.999988362744662,0.999987859117096,0.999987342985836,0.999986814268125,0.999986272882428,0.999985718748414,0.999985151786917,0.999984571919914,0.999983979070504,0.999983373162879,0.999982754122308
0.999999999999999,1,0.999999999999998,1,0.999999999999999,0.999999999999999,1,1,1,1,0.999999999999999,1,1,1,0.999999999999999,1,0.999999999999999,0.999999999999998,1,1,1,1,1,1,1,1,1,1,1,0.999999999999999,1,1,1,1,0.999999999999998,1,1,1,1,0.999999999999999,0.999999999999999,1,1,0.999999999999999,1,1,1,0.999999999999999,1,1,1,1,0.999999999999999,1,1,1,1,0.999999999999999,1,1,0.999999999999998,0.999999999999999,1,1,1,0.999999999999999,1,1,0.999999999999998,0.999999999999999,1,0.999999999999999,1,1,0.999999999999998,0.999999999999999,1,1,1,1,1,1,1,0.999999999999999,1,1,0.999999999999999,0.999999999999999,0.999999999999999,0.999999999999999,0.999999999999999,1,1,0.999999999999999,0.999999999999999,1,1,1,1,1,1,1,0.999999999999999,0.999999999999999,1,0.999999999999998,0.999999999999999,1,0.999999999999999,1,1,1,0.999999999999999,0.999999999999999,1,1,1,1,1,1,1,1,0.999999999999999,1,0.999999999999998,1,1,1,0.999999999999999,1,0.999999999999999,1,1,1,1,1,1,1,1,1,1,0.999999999999999,1,1,0.999999999999999,1,1,1,1,1,0.999999999999999,1,1,0.999999999999998,0.999999999999999,1,1,0.999999999999999,0.999999999999999,1,0.999999999999998,1,1,1,1,1,1,1,1,0.999999999999998,1,1,1,1,0.999999999999999,1,1,1,1,1,1,0.999999999999998,1,0.999999999999999,1,1,0.999999999999999,0.999999999999999,0.999999999999999,0.999999999999999,1,1,1,1,1,1,1,1,1,1,0.999999999999999,1,1,1,1,1,1,0.999999999999998,1,1,1,1,0.999999999999999,1,1,1,0.999999999999999,1,1,0.999999999999999,1,1,1,1,1,0.999999999999998,0.999999999999999,1,1,1,1,1,1,0.999999999999999,1,0.999999999999999,0.999999999999999,1,0.999999999999999,0.999999999999999,0.999999999999999,1,0.999999999999999,0.999999999999999,0.999999955174023,0.999999946973719,0.999999948269513,0.999999954182246,0.99999996241415,0.999999971520027,0.999999980455009,0.999999988399898,0.999999994678169,0.999999998710915,0.999999999989993,0.999999998060842,0.999999992510924,0.999999982961557,0.999999969061968,0.999999950484825,0.999999926922802,0.999999898085872,0.999999863699142,0.999999823501094,0.999999777242143,0.999999724683413,0.999999665595715,0.999999599758691,0.99999952696005,0.999999446994922,0.999999359665301,0.999999264779533,0.999999162151889,0.999999051602162,0.99999893295533,0.999998806041233,0.999998670694298,0.999998526753271,0.999998374061003,0.999998212464216,0.999998041813329,0.99999786196227,0.999997672768315,0.999997474091928,0.999997265796639,0.999997047748901,0.999996819817968,0.999996581875798,0.999996333796928,0.999996075458392,0.999995806739622,0.999995527522361,0.999995237690588,0.999994937130436,0.999994625730125,0.999994303379887,0.999993969971908,0.999993625400266,0.999993269560874,0.999992902351422,0.999992523671328,0.99999213342169,0.999991731505237,0.999991317826277,0.99999089229067,0.999990454805772,0.999990005280408,0.999989543624824,0.99998906975066,0.999988583570907,0.999988084999885,0.999987573953202,0.999987050347722,0.99998651410155,0.999985965133992,0.999985403365524,0.999984828717783,0.999984241113525,0.99998364047661,0.999983026731977,0.999982399805616
1,0.999999999999999,1,1,1,1,1,1,0.999999999999999,1,1,1,1,1,0.999999999999999,1,0.999999999999999,1,0.999999999999999,1,1,1,1,1,1,1,1,1,1,1,1,0.999999999999999,0.999999999999999,0.999999999999999,1,1,1,1,1,1,1,0.999999999999999,0.999999999999999,1,1,1,1,0.999999999999999,0.999999999999998,1,1,1,0.999999999999999,1,1,1,0.999999999999999,1,1,1,1,0.999999999999998,1,1,1,1,1,0.999999999999999,1,1,1,1,0.999999999999999,0.999999999999999,1,0.999999999999999,1,1,0.999999999999999,1,0.999999999999998,1,0.999999999999999,0.999999999999999,1,1,0.999999999999999,1,1,1,1,1,1,1,1,1,1,1,0.999999999999999,1,1,1,1,0.999999999999999,1,1,1,1,1,1,1,0.999999999999997,1,1,1,1,1,1,0.999999999999999,1,0.999999999999998,1,1,1,0.999999999999999,1,1,0.999999999999999,1,0.999999999999999,0.999999999999999,1,1,1,1,0.999999999999999,1,1,0.999999999999999,0.999999999999999,1,1,0.999999999999999,0.999999999999999,1,1,1,1,1,0.999999999999999,0.999999999999999,1,1,1,0.999999999999999,0.999999999999999,0.999999999999999,1,1,1,1,1,1,1,1,1,0.999999999999999,0.999999999999999,1,1,1,1,1,1,1,0.999999999999999,1,1,1,1,1,0.999999999999998,1,0.999999999999999,1,1,1,0.999999999999999,1,1,0.999999999999999,0.999999999999999,1,1,1,1,0.999999999999999,1,1,1,0.999999999999999,1,0.999999999999999,1,1,1,1,1,1,1,1,1,1,0.999999999999999,1,1,1,0.999999999999999,0.999999999999999,1,1,1,0.999999999999999,1,1,1,0.999999999999999,1,1,0.999999999999999,1,1,0.999999999999999,1,0.999999999999999,1,0.999999999999999,1,1,1,1,0.999999946771062,0.999999918394723,0.999999911110612,0.999999913169372,0.999999920518312,0.999999930930508,0.999999942923123,0.999999955397493,0.999999967483088,0.999999978458132,0.999999987704577,0.999999994680461,0.99999999890187,0.999999999930582,0.999999997365275,0.999999990835077,0.999999979994682,0.999999964520571,0.999999944108064,0.99999991846892,0.999999887329413,0.999999850428718,0.999999807517596,0.999999758357257,0.999999702718399,0.999999640380399,0.999999571130587,0.999999494763636,0.999999411081007,0.999999319890475,0.9999992210057,0.999999114245846,0.99999899943524,0.999998876403067,0.999998744983085,0.999998605013386,0.999998456336147,0.999998298797441,0.999998132247038,0.999997956538215,0.999997771527619,0.999997577075088,0.999997373043534,0.999997159298814,0.999996935709585,0.999996702147221,0.999996458485695,0.999996204601476,0.999995940373452,0.999995665682829,0.999995380413061,0.999995084449762,0.999994777680649,0.999994459995463,0.999994131285904,0.999993791445578,0.999993440369932,0.999993077956202,0.99999270410336,0.999992318712069,0.999991921684627,0.999991512924928,0.999991092338418,0.999990659832053,0.999990215314261,0.999989758694903,0.999989289885237,0.999988808797883,0.999988315346797,0.999987809447222,0.999987291015681,0.999986759969928,0.999986216228926,0.999985659712828,0.999985090342937,0.99998450804169,0.999983912732632,0.99998330434039,0.999982682790654,0.999982048010154
1,1,1,1,1,1,1,1,1,1,1,1,1,1,1,1,1,1,0.999999999999999,0.999999999999999,1,1,0.999999999999999,1,0.999999999999999,1,1,0.999999999999999,1,1,1,1,0.999999999999999,1,0.999999999999999,1,1,1,0.999999999999998,1,0.999999999999999,0.999999999999999,1,1,1,1,1,1,0.999999999999998,1,0.999999999999999,1,1,1,0.999999999999999,1,1,1,1,1,1,1,1,0.999999999999999,1,1,1,0.999999999999999,0.999999999999999,0.999999999999999,1,1,1,0.999999999999999,1,1,1,0.999999999999999,1,1,1,0.999999999999999,1,1,1,1,0.999999999999999,1,1,1,1,1,0.999999999999999,1,1,1,1,0.999999999999999,0.999999999999999,1,1,1,0.999999999999999,1,0.999999999999999,1,1,1,1,1,1,1,1,1,1,1,0.999999999999999,1,1,1,1,0.999999999999999,1,1,1,1,1,0.999999999999999,1,1,0.999999999999999,1,0.999999999999998,0.999999999999999,0.999999999999999,1,1,1,1,1,1,1,1,1,1,0.999999999999999,1,1,1,0.999999999999999,1,0.999999999999999,0.999999999999999,0.999999999999999,0.999999999999999,1,0.999999999999999,1,1,1,1,1,1,0.999999999999999,1,0.999999999999999,0.999999999999999,0.999999999999999,1,1,1,1,0.999999999999998,1,1,1,1,1,1,1,0.999999999999999,0.999999999999999,1,0.999999999999998,1,0.999999999999999,1,1,0.999999999999999,0.999999999999999,0.999999999999999,1,1,0.999999999999999,1,1,1,1,1,1,1,1,1,1,1,0.999999999999999,1,1,1,1,1,0.999999999999999,1,1,1,1,0.999999999999999,1,0.999999999999999,1,0.999999999999999,1,1,1,1,1,0.999999999999999,1,1,1,1,1,0.999999999999999,0.999999999999998,1,1,1,1,0.999999987807742,0.999999894076873,0.999999870336388,0.999999863774267,0.99999986668146,0.999999875493273,0.999999888050653,0.999999902850971,0.999999918756068,0.99999993485389,0.999999950384042,0.999999964693857,0.999999977210692,0.999999987423466,0.999999994869855,0.999999999127035,0.999999999804854,0.999999996540629,0.999999988995104,0.999999976849266,0.999999959801762,0.999999937566821,0.999999909872506,0.999999876459297,0.999999837078847,0.999999791492953,0.999999739472665,0.999999680797516,0.999999615254847,0.999999542639212,0.999999462751873,0.999999375400324,0.999999280397886,0.999999177563337,0.999999066720587,0.999998947698366,0.999998820329967,0.999998684452991,0.999998539909122,0.999998386543931,0.99999822420667,0.999998052750112,0.999997872030385,0.999997681906828,0.999997482241839,0.999997272900766,0.999997053751774,0.999996824665738,0.999996585516147,0.999996336178987,0.999996076532669,0.99999580645793,0.999995525837767,0.999995234557341,0.999994932503913,0.99999461956679,0.999994295637243,0.999993960608447,0.999993614375435,0.999993256835031,0.999992887885807,0.999992507428024,0.999992115363591,0.999991711596025,0.999991296030387,0.99999086857327,0.999990429132736,0.999989977618289,0.999989513940837,0.999989038012656,0.999988549747356,0.999988049059858,0.999987535866349,0.999987010084263,0.99998647163225,0.999985920430146,0.999985356398951,0.999984779460798,0.999984189538939,0.999983586557711,0.999982970442511,0.999982341119788,0.999981698517014
1,1,1,1,1,1,1,1,1,1,1,1,1,1,1,1,1,1,1,1,0.999999999999999,0.999999999999999,1,1,1,1,1,1,0.999999999999999,1,1,1,1,1,0.999999999999999,1,1,1,1,0.999999999999999,1,1,1,1,1,0.999999999999999,0.999999999999999,1,1,1,1,1,1,1,0.999999999999998,1,1,0.999999999999998,0.999999999999998,0.999999999999999,1,1,0.999999999999999,1,1,1,1,0.999999999999999,1,1,0.999999999999999,1,1,1,1,1,1,1,1,1,0.999999999999999,1,0.999999999999999,1,1,0.999999999999999,1,1,1,1,1,1,1,1,1,1,1,1,1,1,1,1,1,1,1,0.999999999999999,1,1,0.999999999999999,0.999999999999999,1,1,0.999999999999999,1,0.999999999999999,0.999999999999998,1,1,1,1,1,1,1,1,0.999999999999999,0.999999999999999,1,1,0.999999999999999,1,1,0.999999999999999,1,1,1,0.999999999999999,1,0.999999999999999,1,1,1,1,0.999999999999999,0.999999999999999,1,1,1,1,1,0.999999999999999,1,1,1,1,1,1,1,1,1,1,1,1,0.999999999999999,0.999999999999999,1,1,1,0.999999999999999,1,1,1,1,1,1,0.999999999999998,1,0.999999999999999,0.999999999999999,1,0.999999999999999,0.999999999999999,0.999999999999998,1,0.999999999999999,1,1,0.999999999999999,1,1,0.999999999999999,1,1,1,0.999999999999999,1,1,0.999999999999999,0.999999999999998,0.999999999999999,0.999999999999999,1,1,1,1,0.999999999999999,1,1,0.999999999999999,1,1,1,1,1,1,1,0.999999999999999,1,1,1,1,0.999999999999999,0.999999999999998,0.999999999999999,1,1,0.999999999999999,0.999999999999998,0.999999999999999,1,1,1,1,1,0.999999999999999,0.999999999999999,1,0.999999885202072,0.999999831349889,0.999999809800164,0.999999803933137,0.999999807769815,0.999999818079362,0.99999983276645,0.999999850320314,0.999999869574034,0.999999889582095,0.999999909551268,0.999999928798422,0.999999946723243,0.999999962789697,0.999999976512966,0.999999987449947,0.999999995192124,0.99999999936014,0.999999999599526,0.999999995577339,0.99999998697943,0.99999997350822,0.999999954880853,0.999999930827654,0.999999901090827,0.999999865423339,0.999999823587977,0.999999775356505,0.99999972050896,0.99999965883301,0.999999590123394,0.999999514181444,0.999999430814626,0.999999339836163,0.999999241064664,0.999999134323814,0.999999019442095,0.999998896252497,0.999998764592299,0.99999862430284,0.999998475229327,0.999998317220633,0.999998150129149,0.999997973810601,0.999997788123923,0.999997592931113,0.999997388097107,0.99999717348966,0.999996948979241,0.999996714438925,0.999996469744292,0.999996214773349,0.999995949406435,0.999995673526139,0.999995387017236,0.999995089766597,0.999994781663141,0.999994462597753,0.999994132463238,0.999993791154253,0.99999343856726,0.999993074600462,0.99999269915377,0.999992312128738,0.999991913428532,0.999991502957879,0.999991080623031,0.999990646331718,0.99999019999312,0.999989741517818,0.999989270817772,0.999988787806289,0.999988292397967,0.9999877845087,0.999987264055622,0.999986730957085,0.999986185132638,0.999985626502996,0.999985054990011,0.999984470516657,0.999983873006995,0.999983262386159,0.99998263858033,0.999982001516721,0.999981351123536
1,0.999999999999999,1,1,0.999999999999999,0.999999999999999,1,1,1,1,1,1,1,0.999999999999999,0.999999999999999,1,0.999999999999999,1,0.999999999999999,0.999999999999999,1,0.999999999999999,1,0.999999999999999,1,1,0.999999999999999,0.999999999999999,1,1,1,1,1,1,0.999999999999999,0.999999999999999,1,0.999999999999999,1,1,1,1,0.999999999999999,1,1,1,1,1,1,0.999999999999998,1,1,1,1,1,1,0.999999999999999,1,1,1,1,0.999999999999999,1,1,0.999999999999999,1,1,1,0.999999999999999,0.999999999999999,1,1,1,1,1,1,1,1,1,1,1,0.999999999999999,1,1,1,1,1,1,1,1,1,1,0.999999999999999,0.999999999999999,1,1,0.999999999999999,1,0.999999999999999,1,1,0.999999999999999,1,0.999999999999999,0.999999999999999,1,1,0.999999999999999,1,1,1,1,0.999999999999998,1,0.999999999999999,1,0.999999999999999,1,0.999999999999998,1,1,1,1,1,1,0.999999999999998,1,1,1,1,1,0.999999999999999,1,1,1,1,0.999999999999998,1,0.999999999999999,0.999999999999999,1,1,1,0.999999999999999,1,0.999999999999999,1,1,1,1,1,1,1,1,1,1,1,1,0.999999999999998,0.999999999999999,1,0.999999999999999,1,1,0.999999999999999,1,1,1,1,1,0.999999999999998,1,1,1,1,1,1,1,1,1,1,1,1,1,0.999999999999999,1,0.999999999999999,1,1,0.999999999999999,1,1,1,1,0.999999999999999,0.999999999999999,1,1,1,1,1,0.999999999999999,0.999999999999999,1,0.999999999999998,1,1,0.999999999999999,1,1,1,0.999999999999999,0.999999999999999,0.999999999999999,1,1,0.999999999999999,1,1,1,0.999999999999999,1,1,1,0.999999999999999,1,1,1,1,1,1,1,0.999999999999999,0.999999922304744,0.999999801707001,0.999999755896617,0.999999735772683,0.999999730629114,0.999999735472435,0.999999747319664,0.999999764134715,0.999999784406407,0.999999806947173,0.999999830784589,0.999999855097575,0.999999879176279,0.999999902395513,0.999999924196397,0.999999944073243,0.999999961563901,0.999999976242452,0.9999999877136,0.999999995608256,0.999999999580007,0.999999999302271,0.99999999446595,0.999999984777483,0.999999969957238,0.999999949738102,0.999999923864332,0.999999892090526,0.999999854180763,0.999999809907817,0.999999759052502,0.999999701403074,0.999999636754712,0.999999564909046,0.999999485673736,0.999999398862102,0.99999930429278,0.999999201789423,0.999999091180402,0.999998972298583,0.999998844981065,0.99999870906898,0.999998564407297,0.999998410844641,0.999998248233119,0.999998076428172,0.999997895288437,0.999997704675592,0.999997504454261,0.999997294491873,0.999997074658563,0.999996844827069,0.999996604872648,0.99999635467296,0.999996094108009,0.99999582306005,0.999995541413516,0.999995249054945,0.99999494587292,0.999994631757999,0.999994306602654,0.999993970301217,0.999993622749821,0.999993263846353,0.999992893490407,0.999992511583219,0.999992118027646,0.999991712728109,0.99999129559055,0.999990866522408,0.999990425432554,0.999989972231285,0.99998950683027,0.999989029142525,0.999988539082373,0.999988036565423,0.999987521508537,0.999986993829794,0.999986453448478,0.999985900285035,0.99998533426106,0.999984755299267,0.999984163323465,0.999983558258536,0.999982940030414,0.999982308566063,0.999981663793458,0.999981005641555
0.999999999999999,1,1,1,0.999999999999998,1,1,0.999999999999999,0.999999999999998,0.999999999999999,1,1,1,0.999999999999998,1,1,1,1,1,0.999999999999999,1,1,1,1,1,1,1,0.999999999999999,0.999999999999999,0.999999999999999,0.999999999999999,0.999999999999999,1,1,1,1,0.999999999999999,1,1,1,1,1,0.999999999999999,1,1,1,1,0.999999999999999,0.999999999999999,0.999999999999999,0.999999999999999,0.999999999999998,0.999999999999999,1,1,1,1,1,1,0.999999999999999,0.999999999999999,1,1,1,1,1,1,1,1,1,1,1,0.999999999999999,1,1,1,1,1,1,1,1,1,0.999999999999999,1,1,1,1,1,1,1,1,0.999999999999999,1,0.999999999999999,1,1,0.999999999999998,1,1,0.999999999999998,1,1,1,1,1,1,1,1,0.999999999999999,1,1,1,1,1,1,0.999999999999998,1,1,1,1,1,1,1,1,1,1,0.999999999999998,1,0.999999999999999,0.999999999999999,1,1,1,1,1,0.999999999999999,1,1,0.999999999999999,1,1,1,0.999999999999999,0.999999999999999,1,1,1,1,1,0.999999999999996,1,1,0.999999999999999,0.999999999999999,0.999999999999999,1,0.999999999999999,0.999999999999999,0.999999999999999,1,1,1,1,0.999999999999998,1,1,1,1,1,0.999999999999999,1,1,0.999999999999999,1,0.999999999999999,0.999999999999999,1,0.999999999999999,0.999999999999999,1,1,1,1,1,0.999999999999998,0.999999999999999,1,1,1,1,1,1,0.999999999999999,1,0.999999999999999,1,1,1,0.999999999999999,1,1,0.999999999999999,1,0.999999999999999,1,1,0.999999999999999,1,1,0.999999999999999,1,1,0.999999999999999,1,1,0.999999999999999,1,1,1,1,1,1,1,1,0.999999999999999,0.999999999999999,1,0.999999999999999,1,0.999999999999998,1,0.999999793744962,0.999999708046231,0.999999666344283,0.999999647331849,0.999999642962265,0.999999648886127,0.9999996623143,0.999999681265541,0.999999704233394,0.999999730015812,0.999999757618797,0.999999786197675,0.999999815019174,0.999999843435799,0.999999870867817,0.999999896790227,0.999999920723041,0.999999942223908,0.999999960882364,0.999999976315299,0.999999988163334,0.999999996087842,0.999999999768524,0.999999998901391,0.999999993197041,0.999999982379234,0.999999966183647,0.999999944356811,0.999999916655196,0.999999882844396,0.999999842698432,0.999999795999118,0.999999742535518,0.999999682103443,0.999999614505024,0.999999539548298,0.999999457046859,0.999999366819536,0.999999268690093,0.99999916248697,0.999999048043017,0.9999989251953,0.999998793784862,0.999998653656558,0.999998504658864,0.99999834664372,0.999998179466377,0.999998002985262,0.999997817061834,0.999997621560476,0.999997416348371,0.999997201295404,0.999996976274054,0.999996741159299,0.999996495828536,0.999996240161487,0.999995974040128,0.999995697348611,0.999995409973196,0.999995111802179,0.999994802725831,0.999994482636343,0.999994151427765,0.999993808995949,0.999993455238497,0.999993090054725,0.999992713345592,0.999992325013678,0.999991924963129,0.999991513099617,0.999991089330307,0.999990653563811,0.999990205710151,0.999989745680742,0.999989273388334,0.999988788746999,0.999988291672089,0.99998778208021,0.9999872598892,0.999986725018089,0.999986177387084,0.999985616917538,0.999985043531928,0.999984457153824,0.999983857707881,0.999983245119799,0.999982619316316,0.99998198022518,0.999981327775129,0.999980661895878
1,0.999999999999999,1,1,0.999999999999999,1,1,1,1,1,0.999999999999999,1,1,0.999999999999999,1,1,0.999999999999999,1,1,1,1,1,1,1,0.999999999999999,0.999999999999999,1,0.999999999999999,1,0.999999999999999,1,1,1,1,1,1,1,1,0.999999999999999,1,1,1,0.999999999999999,1,0.999999999999999,1,0.999999999999999,1,1,1,1,1,1,1,1,1,1,0.999999999999999,1,1,1,1,1,1,0.999999999999998,1,1,1,1,1,1,0.999999999999999,1,1,0.999999999999999,1,1,1,1,1,1,1,1,1,1,1,0.999999999999999,1,0.999999999999999,1,1,1,1,1,1,1,1,1,1,1,1,1,1,1,0.999999999999999,0.999999999999999,1,0.999999999999999,1,1,0.999999999999999,0.999999999999999,0.999999999999998,0.999999999999999,0.999999999999999,1,1,1,1,1,0.999999999999999,1,0.999999999999999,0.999999999999999,0.999999999999999,1,1,1,1,1,1,0.999999999999999,1,1,0.999999999999999,1,1,1,1,1,1,0.999999999999999,1,1,0.999999999999999,0.999999999999999,1,0.999999999999999,1,1,1,0.999999999999998,1,1,0.999999999999999,1,1,1,1,1,1,1,0.999999999999999,1,1,1,1,1,1,0.999999999999999,0.999999999999999,1,1,1,1,0.999999999999999,1,1,1,1,0.999999999999999,1,1,1,1,1,1,1,0.999999999999999,1,1,1,0.999999999999999,1,1,1,1,0.999999999999999,1,1,1,1,1,1,1,1,1,1,1,1,1,0.999999999999999,1,1,0.999999999999999,1,0.999999999999999,1,1,0.999999999999999,1,1,0.999999999999999,1,0.999999999999999,0.999999999999999,1,0.999999999999999,0.999999836234481,0.999999674583144,0.999999600726339,0.999999561653873,0.999999543615537,0.999999540080192,0.999999547155821,0.999999562210458,0.999999583313572,0.999999608966874,0.999999637958558,0.999999669277381,0.999999702058693,0.999999735548725,0.999999769079985,0.999999802053745,0.999999833927152,0.999999864203569,0.999999892425148,0.999999918167026,0.999999941032703,0.999999960650329,0.999999976669655,0.99999998875953,0.999999996605802,0.999999999909552,0.999999998385591,0.999999991761178,0.999999979774917,0.999999962175769,0.999999938722246,0.999999909181641,0.999999873329395,0.999999830948502,0.999999781829006,0.999999725767528,0.999999662566847,0.999999592035548,0.999999513987642,0.999999428242298,0.999999334623529,0.999999232959959,0.999999123084567,0.999999004834482,0.999998878050787,0.99999874257832,0.99999859826551,0.999998444964226,0.99999828252962,0.99999811081999,0.999997929696662,0.999997739023857,0.999997538668588,0.999997328500553,0.999997108392038,0.999996878217814,0.99999663785507,0.999996387183306,0.999996126084278,0.999995854441906,0.999995572142216,0.999995279073272,0.999994975125107,0.999994660189674,0.999994334160775,0.999993996934025,0.999993648406785,0.999993288478122,0.999992917048759,0.999992534021032,0.999992139298845,0.999991732787629,0.999991314394309,0.99999088402726,0.999990441596269,0.99998998701251,0.999989520188504,0.999989041038087,0.999988549476382,0.999988045419768,0.999987528785853,0.999986999493447,0.999986457462532,0.999985902614235,0.999985334870822,0.999984754155642,0.999984160393136,0.99998355350879,0.999982933429133,0.999982300081706,0.999981653395039,0.999980993298643,0.99998031972298
0.999999999999999,1,1,1,0.999999999999999,1,0.999999999999999,0.999999999999999,1,0.999999999999999,1,1,1,0.999999999999999,1,0.999999999999999,1,0.999999999999999,1,1,1,1,0.999999999999999,1,1,1,1,0.999999999999999,1,1,1,1,0.999999999999999,1,1,1,1,1,1,1,1,1,1,0.999999999999999,1,0.999999999999999,1,1,0.999999999999999,1,1,0.999999999999999,0.999999999999998,0.999999999999999,1,1,1,0.999999999999999,1,0.999999999999999,1,0.999999999999999,1,0.999999999999999,1,0.999999999999999,0.999999999999999,1,0.999999999999999,1,1,1,1,1,0.999999999999999,1,0.999999999999999,0.999999999999999,0.999999999999999,1,1,1,1,1,1,1,0.999999999999999,0.999999999999999,0.999999999999998,1,0.999999999999999,1,0.999999999999999,0.999999999999999,0.999999999999999,1,1,0.999999999999999,1,0.999999999999999,1,1,0.999999999999999,1,1,0.999999999999999,1,1,1,0.999999999999998,1,0.999999999999999,1,0.999999999999999,1,1,1,0.999999999999998,1,1,1,0.999999999999999,0.999999999999999,0.999999999999998,0.999999999999999,1,1,1,1,0.999999999999998,1,1,0.999999999999998,0.999999999999999,0.999999999999999,1,1,1,1,1,1,0.999999999999999,1,1,1,1,0.999999999999999,1,0.999999999999999,1,0.999999999999998,1,0.999999999999998,1,0.999999999999999,1,1,0.999999999999999,1,1,1,1,1,1,0.999999999999999,1,1,0.999999999999999,0.999999999999999,1,0.999999999999999,1,0.999999999999999,1,1,1,0.999999999999998,0.999999999999999,1,1,0.999999999999999,1,0.999999999999998,1,0.999999999999999,0.999999999999999,1,0.999999999999999,1,0.999999999999999,1,1,1,1,0.999999999999998,1,0.999999999999997,1,0.999999999999999,1,1,0.999999999999999,1,0.999999999999999,1,1,1,1,1,1,1,1,1,0.999999999999998,1,1,0.999999999999999,0.999999999999999,0.999999999999999,1,1,0.999999999999999,1,1,0.999999999999999,1,0.999999668804103,0.999999545452515,0.999999478075966,0.99999944092458,0.999999423806687,0.999999421170188,0.999999429466612,0.999999446194855,0.999999469471282,0.999999497808058,0.999999529987232,0.999999564983874,0.999999601916424,0.999999640013167,0.999999678588714,0.999999717027022,0.999999754768769,0.999999791301792,0.999999826153669,0.999999858885881,0.999999889089164,0.999999916379709,0.999999940396074,0.999999960796598,0.999999977257275,0.999999989469909,0.999999997140574,0.999999999988289,0.999999997743864,0.999999990148893,0.9999999769549,0.999999957922542,0.999999932820956,0.999999901427133,0.999999863525394,0.999999818906897,0.999999767369212,0.999999708715915,0.999999642756248,0.999999569304788,0.999999488181153,0.99999939920973,0.999999302219438,0.999999197043494,0.999999083519203,0.999998961487771,0.999998830794121,0.999998691286733,0.999998542817482,0.999998385241504,0.999998218417057,0.999998042205398,0.999997856470661,0.999997661079759,0.999997455902271,0.999997240810342,0.999997015678613,0.999996780384105,0.99999653480616,0.99999627882636,0.999996012328448,0.999995735198268,0.999995447323689,0.999995148594552,0.999994838902612,0.999994518141471,0.99999418620654,0.999993842994976,0.999993488405637,0.999993122339042,0.99999274469731,0.99999235538414,0.999991954304753,0.999991541365868,0.999991116475641,0.999990679543654,0.999990230480871,0.999989769199605,0.999989295613482,0.99998880963742,0.999988311187591,0.9999878001814,0.999987276537448,0.999986740175517,0.99998619101654,0.999985628982572,0.999985053996768,0.999984465983373,0.999983864867681,0.999983250576021,0.999982623035744,0.999981982175191,0.99998132792368,0.999980660211492,0.999979978969837
1,1,1,1,1,1,1,1,1,1,0.999999999999999,0.999999999999999,1,1,1,1,1,1,1,1,0.999999999999999,1,0.999999999999999,1,0.999999999999999,1,1,1,1,1,0.999999999999999,1,1,1,1,1,1,1,0.999999999999999,1,0.999999999999999,1,1,1,1,1,1,0.999999999999999,1,0.999999999999999,1,1,1,1,1,1,0.999999999999999,1,0.999999999999999,0.999999999999999,1,1,1,0.999999999999999,0.999999999999999,1,0.999999999999998,0.999999999999999,1,0.999999999999999,1,1,0.999999999999999,1,1,1,1,0.999999999999998,1,1,1,1,1,1,0.999999999999998,1,1,0.999999999999999,1,0.999999999999998,1,1,0.999999999999999,0.999999999999999,0.999999999999999,1,1,1,1,1,1,0.999999999999998,0.999999999999999,1,0.999999999999998,1,1,1,1,1,0.999999999999999,1,0.999999999999998,0.999999999999999,1,1,1,0.999999999999999,1,1,1,1,1,1,1,1,1,1,0.999999999999999,1,1,1,1,1,0.999999999999999,1,1,1,0.999999999999999,0.999999999999999,1,1,1,1,1,1,1,1,1,1,1,1,1,1,0.999999999999999,1,1,1,0.999999999999999,1,0.999999999999998,1,0.999999999999999,1,0.999999999999998,1,1,0.999999999999999,0.999999999999999,1,1,1,0.999999999999999,1,1,1,1,1,1,1,0.999999999999999,1,1,0.999999999999999,1,1,0.999999999999998,1,0.999999999999999,1,1,1,1,1,0.999999999999999,1,0.999999999999999,1,1,1,1,0.999999999999999,1,0.999999999999999,0.999999999999999,1,1,1,1,0.999999999999999,1,0.999999999999999,1,1,1,1,1,0.999999999999999,1,1,1,1,1,0.999999718722331,0.999999509568003,0.99999940209381,0.999999338940439,0.999999303331067,0.999999287124435,0.999999285453243,0.999999295037713,0.999999313487918,0.999999338963655,0.999999369989025,0.999999405342737,0.999999443989063,0.999999485032152,0.999999527684575,0.999999571244914,0.999999615081359,0.999999658619408,0.999999701332421,0.999999742734282,0.999999782373554,0.999999819828805,0.999999854704783,0.999999886629273,0.999999915250482,0.999999940234834,0.999999961265126,0.999999978038909,0.999999990267146,0.999999997673017,0.999999999990881,0.999999996965381,0.999999988350648,0.999999973909594,0.999999953413278,0.999999926640358,0.999999893376586,0.999999853414354,0.999999806552285,0.999999752594868,0.99999969135212,0.999999622639279,0.999999546276524,0.999999462088722,0.999999369905184,0.999999269559457,0.999999160889117,0.999999043735583,0.999998917943947,0.999998783362819,0.999998639844162,0.99999848724317,0.99999832541813,0.999998154230302,0.999997973543798,0.999997783225496,0.999997583144911,0.999997373174119,0.999997153187664,0.999996923062472,0.999996682677773,0.999996431915024,0.999996170657835,0.99999589879191,0.999995616204976,0.99999532278672,0.999995018428737,0.99999470302447,0.999994376469162,0.9999940386598,0.999993689495069,0.999993328875313,0.999992956702476,0.999992572880074,0.999992177313151,0.999991769908235,0.99999135057331,0.999990919217771,0.999990475752397,0.999990020089317,0.999989552141974,0.999989071825099,0.999988579054683,0.999988073747947,0.999987555823306,0.999987025200363,0.999986481799865,0.99998592554369,0.999985356354815,0.999984774157298,0.999984178876257,0.999983570437847,0.99998294876924,0.999982313798602,0.999981665455081,0.999981003668778,0.999980328370733,0.999979639492919
1,1,0.999999999999998,1,1,0.999999999999999,1,1,0.999999999999999,0.999999999999999,1,1,1,0.999999999999999,1,1,1,1,1,0.999999999999999,1,0.999999999999998,0.999999999999999,1,1,1,1,0.999999999999999,0.999999999999999,0.999999999999999,1,1,1,1,0.999999999999999,1,0.999999999999999,1,1,1,1,1,1,1,1,1,1,1,1,0.999999999999999,0.999999999999999,1,1,1,1,0.999999999999998,1,1,0.999999999999999,1,1,1,1,0.999999999999999,1,1,0.999999999999999,1,0.999999999999999,1,1,1,0.999999999999999,1,0.999999999999999,1,1,1,1,1,1,1,0.999999999999999,1,0.999999999999999,0.999999999999998,1,1,1,0.999999999999999,1,1,1,1,1,1,0.999999999999999,1,1,0.999999999999999,1,1,1,1,0.999999999999999,0.999999999999999,1,1,1,0.999999999999999,1,0.999999999999999,1,0.999999999999999,1,1,0.999999999999999,1,1,0.999999999999999,1,1,1,1,1,1,1,0.999999999999999,1,1,1,1,1,1,0.999999999999998,1,1,1,1,1,1,1,1,1,0.999999999999998,1,1,1,0.999999999999999,1,1,0.999999999999999,0.999999999999999,1,1,1,1,1,1,1,1,0.999999999999999,0.999999999999999,1,1,1,0.999999999999999,1,1,1,0.999999999999999,1,1,1,1,0.999999999999999,1,1,1,1,0.999999999999999,0.999999999999998,1,1,1,1,0.999999999999999,1,1,0.999999999999999,1,1,1,1,1,1,1,1,1,0.999999999999999,1,1,1,0.999999999999999,0.999999999999999,1,1,1,1,1,1,1,0.999999999999999,1,0.999999999999999,1,1,1,0.999999999999998,0.999999999999998,1,0.999999507187621,0.999999340765912,0.999999242475814,0.99999918237739,0.999999148097077,0.999999132818063,0.999999132179297,0.999999143117636,0.999999163339142,0.999999191043909,0.999999224768882,0.999999263291603,0.999999305567928,0.999999350689941,0.999999397856449,0.999999446351675,0.999999495529455,0.999999544801281,0.999999593627038,0.999999641507742,0.999999687979741,0.999999732610032,0.999999774992414,0.999999814744328,0.999999851504199,0.999999884929203,0.999999914693379,0.999999940485989,0.999999962010132,0.999999978981517,0.999999991127415,0.999999998185719,0.999999999904133,0.99999999603943,0.999999986356828,0.999999970629387,0.999999948637505,0.999999920168454,0.999999885015944,0.99999984297975,0.999999793865363,0.999999737483667,0.999999673650657,0.999999602187164,0.999999522918615,0.999999435674805,0.999999340289698,0.999999236601215,0.999999124451072,0.999999003684607,0.999998874150624,0.999998735701254,0.999998588191815,0.999998431480688,0.999998265429201,0.999998089901507,0.999997904764495,0.999997709887682,0.999997505143127,0.999997290405334,0.999997065551176,0.99999683045982,0.999996585012644,0.999996329093177,0.999996062587019,0.999995785381792,0.999995497367076,0.999995198434343,0.999994888476909,0.999994567389889,0.99999423507013,0.999993891416183,0.999993536328241,0.999993169708104,0.999992791459144,0.999992401486242,0.999991999695779,0.999991585995579,0.999991160294881,0.999990722504303,0.999990272535813,0.999989810302696,0.999989335719519,0.999988848702109,0.999988349167524,0.999987837034021,0.999987312221036,0.999986774649154,0.999986224240089,0.999985660916653,0.999985084602749,0.999984495223325,0.999983892704383,0.999983276972929,0.99998264795697,0.999982005585491,0.99998134978844,0.9999806804967,0.999979997642082,0.999979301157301
0.999999999999999,1,1,1,1,1,1,1,1,1,1,1,0.999999999999999,0.999999999999999,1,0.999999999999999,0.999999999999999,0.999999999999999,0.999999999999999,0.999999999999999,1,1,1,0.999999999999999,1,0.999999999999999,1,1,1,1,0.999999999999999,1,0.999999999999999,1,0.999999999999999,1,1,1,1,1,1,1,1,0.999999999999999,1,0.999999999999999,1,1,0.999999999999999,0.999999999999999,1,0.999999999999999,1,1,1,1,1,1,1,1,0.999999999999999,0.999999999999999,1,1,1,1,1,1,1,0.999999999999999,1,1,0.999999999999999,1,1,1,1,1,1,1,0.999999999999999,1,1,1,1,1,0.999999999999999,1,1,1,1,0.999999999999999,1,1,1,1,0.999999999999999,1,1,1,0.999999999999999,0.999999999999999,1,1,1,1,0.999999999999999,0.999999999999999,0.999999999999999,1,1,1,1,1,1,0.999999999999999,1,1,1,1,0.999999999999999,1,1,1,1,1,1,0.999999999999998,0.999999999999999,1,1,1,1,1,1,0.999999999999999,1,1,1,1,0.999999999999999,0.999999999999999,1,1,1,1,1,1,0.999999999999998,1,1.00000000000001,0.999999999999999,1,1,1,1,1,1,0.999999999999999,1,0.999999999999999,0.999999999999999,1,1,1,1,0.999999999999998,1,0.999999999999999,1,1,1,1,1,0.999999999999999,1,1,1,0.999999999999999,0.999999999999999,1,1,1,1,1,1,1,0.999999999999998,1,1,1,0.999999999999999,1,1,0.999999999999999,1,1,1,1,0.999999999999999,0.999999999999998,1,1,1,1,1,1,1,1,1,1,1,0.999999999999999,1,1,0.999999999999999,1,1,0.999999565926872,0.999999303792603,0.999999157432606,0.99999906527031,0.999999007553045,0.999998974482013,0.999998960162549,0.999998960623401,0.999998972980327,0.999998995023331,0.999999024989947,0.999999061430511,0.99999910312307,0.99999914901703,0.9999991981943,0.999999249841633,0.999999303230378,0.999999357701298,0.999999412652969,0.999999467532725,0.999999521829502,0.999999575068105,0.999999626804522,0.9999996766221,0.999999724128343,0.999999768952258,0.999999810742077,0.999999849163344,0.999999883897264,0.999999914639266,0.999999941097766,0.999999962993088,0.999999980056507,0.999999992029408,0.999999998662538,0.999999999715342,0.999999994955365,0.999999984157719,0.999999967104607,0.999999943584876,0.999999913393634,0.999999876331878,0.999999832206173,0.999999780828357,0.999999722015252,0.999999655588419,0.999999581373926,0.999999499202129,0.99999940890747,0.999999310328297,0.999999203306692,0.999999087688299,0.999998963322195,0.999998830060734,0.99999868775942,0.999998536276789,0.99999837547429,0.999998205216178,0.99999802536941,0.999997835803554,0.999997636390697,0.999997427005351,0.999997207524389,0.999996977826957,0.999996737794399,0.999996487310194,0.999996226259893,0.999995954531048,0.999995672013161,0.999995378597621,0.999995074177658,0.999994758648284,0.999994431906246,0.999994093849983,0.999993744379575,0.999993383396708,0.999993010804624,0.999992626508089,0.999992230413349,0.999991822428097,0.99999140246144,0.999990970423862,0.999990526227191,0.999990069784572,0.999989601010434,0.999989119820464,0.999988626131574,0.999988119861879,0.999987600930668,0.999987069258386,0.999986524766596,0.999985967377972,0.999985397016267,0.999984813606289,0.999984217073884,0.999983607345917,0.999982984350253,0.999982348015734,0.999981698272156,0.999981035050263,0.99998035828172,0.999979667899101,0.999978963835869
1,1,1,1,1,1,0.999999999999999,0.999999999999999,0.999999999999999,1,1,1,1,0.999999999999999,1,1,1,1,1,0.999999999999999,1,1,1,0.999999999999999,1,1,1,0.999999999999999,1,1,0.999999999999999,1,0.999999999999999,1,1,1,1,0.999999999999999,1,1,1,0.999999999999999,0.999999999999998,1,1,1,1,1,0.999999999999999,0.999999999999999,1,1,1,1,1,1,1,1,1,1,1,1,0.999999999999999,0.999999999999999,0.999999999999999,1,1,1,1,1,1,1,0.999999999999999,0.999999999999999,0.999999999999999,1,1,1,1,1,0.999999999999999,1,1,0.999999999999999,1,1,1,1,0.999999999999999,1,0.999999999999999,1,0.999999999999999,0.999999999999999,0.999999999999999,1,1,1,1,1,1,0.999999999999999,1,1,1,1,1,1,1,1,1,1,1,0.999999999999999,0.999999999999998,1,0.999999999999999,1,0.999999999999998,1,0.999999999999999,1,0.999999999999999,1,0.999999999999999,1,1,1,1,1,1,0.999999999999999,0.999999999999999,0.999999999999999,1,1,0.999999999999999,1,1,1,1,1,1,1,0.999999999999999,0.999999999999999,1,0.999999999999999,1,1,1,1,1,1,1,1,1,1,1,1,0.999999999999999,1,1,1,1,0.999999999999999,1,1,1,0.999999999999999,1,1,1,1,1,1,1,1,1,1,1,1,1,1,0.999999999999999,1,1,1,0.999999999999998,1,0.999999999999998,1,0.999999999999999,1,1,1,1,0.999999999999999,1,1,1,1,1,1,1,1,1,1,1,1,1,0.999999999999999,1,1,1,0.999999790271901,0.99999930600427,0.999999091370966,0.999998957149809,0.999998869447966,0.999998813698227,0.999998781773069,0.999998768455029,0.999998770082547,0.999998783921948,0.999998807837437,0.999998840101417,0.999998879277848,0.999998924146601,0.999998973652246,0.999999026868135,0.99999908297046,0.99999914121902,0.999999200942664,0.999999261528052,0.999999322410829,0.999999383068594,0.999999443015236,0.99999950179629,0.999999558985114,0.999999614179686,0.999999666999941,0.99999971708547,0.999999764093597,0.999999807697683,0.999999847585698,0.999999883458938,0.999999915030937,0.999999942026479,0.999999964180754,0.999999981238573,0.999999992953711,0.999999999088271,0.999999999412152,0.999999993702548,0.999999981743505,0.999999963325497,0.999999938245082,0.999999906304538,0.999999867311574,0.999999821079037,0.999999767424647,0.999999706170762,0.999999637144151,0.999999560175796,0.999999475100688,0.999999381757663,0.999999279989221,0.999999169641392,0.999999050563567,0.999998922608388,0.999998785631604,0.999998639491952,0.999998484051063,0.999998319173336,0.999998144725852,0.999997960578274,0.999997766602763,0.999997562673891,0.999997348668569,0.999997124465955,0.999996889947411,0.999996644996405,0.99999638949847,0.999996123341127,0.999995846413835,0.99999555860794,0.999995259816606,0.999994949934784,0.999994628859149,0.999994296488059,0.999993952721509,0.999993597461096,0.999993230609966,0.999992852072785,0.999992461755695,0.999992059566289,0.999991645413554,0.999991219207869,0.999990780860944,0.999990330285808,0.999989867396769,0.99998939210939,0.999988904340462,0.999988404007976,0.999987891031099,0.999987365330141,0.999986826826546,0.999986275442854,0.999985711102686,0.999985133730726,0.999984543252688,0.999983939595308,0.999983322686319,0.999982692454429,0.999982048829309,0.999981391741571,0.999980721122744,0.999980036905278,0.999979339022499,0.999978627408619
1,0.999999999999999,0.999999999999999,0.999999999999999,1,1,1,0.999999999999999,1,1,1,1,1,1,1,1,0.999999999999999,0.999999999999999,1,0.999999999999999,1,0.999999999999999,1,0.999999999999999,1,0.999999999999999,1,0.999999999999999,0.999999999999998,0.999999999999999,0.999999999999999,1,1,0.999999999999999,1,1,0.999999999999999,1,0.999999999999999,0.999999999999999,1,0.999999999999999,1,1,1,1,1,1,1,0.999999999999999,1,1,1,1,1,1,1,1,1,1,0.999999999999999,1,1,0.999999999999999,1,0.999999999999999,1,1,0.999999999999998,0.999999999999999,1,0.999999999999999,1,1,1,1,0.999999999999998,1,1,0.999999999999999,0.999999999999999,0.999999999999999,0.999999999999998,1,1,0.999999999999999,1,0.999999999999999,1,1,0.999999999999999,1,1,1,0.999999999999999,1,0.999999999999999,1,0.999999999999998,1,1,1,1,1,1,1,1,0.999999999999999,1,1,1,1,1,0.999999999999999,1,1,1,1,0.999999999999999,1,1,0.999999999999999,1,1,1,0.999999999999999,0.999999999999999,1,0.999999999999998,1,1,1,1,0.999999999999999,1,0.999999999999999,1,1,1,1,1,0.999999999999999,1,1,1,1,1,1,0.999999999999998,1,0.999999999999999,1,1,1,0.999999999999999,1,1,1,1,1,0.999999999999999,1,1,1,0.999999999999999,1,1,1,0.999999999999999,1,0.999999999999999,1,1,1,1,1,0.999999999999999,0.999999999999999,1,1,1,1,1,1,1,1,1,1,0.999999999999999,1,0.999999999999999,1,0.999999999999999,0.999999999999999,1,1,1,0.999999999999999,1,1,1,1,1,1,1,1,1,1,1,1,0.999999999999999,1,1,0.999999374801599,0.999999054600769,0.999998864313882,0.999998738378362,0.999998654131515,0.999998600086579,0.999998569280001,0.999998557011916,0.999998559872953,0.99999857525816,0.999998601097919,0.999998635697157,0.999998677633528,0.999998725689717,0.999998778806802,0.999998836050958,0.999998896589125,0.999998959670734,0.999999024613769,0.999999090793888,0.999999157635848,0.999999224606605,0.999999291209731,0.999999356980829,0.999999421483718,0.999999484307247,0.999999545062622,0.999999603381098,0.999999658912029,0.99999971132117,0.999999760289226,0.999999805510551,0.99999984669204,0.999999883552134,0.999999915819936,0.999999943234445,0.999999965543841,0.999999982504883,0.999999993882326,0.999999999448419,0.999999998982458,0.999999992270351,0.999999979104249,0.99999995928219,0.999999932607798,0.999999898889961,0.999999857942594,0.999999809584371,0.999999753638494,0.999999689932502,0.999999618298052,0.999999538570745,0.999999450589953,0.999999354198661,0.999999249243322,0.999999135573712,0.999999013042799,0.99999888150663,0.999998740824201,0.999998590857361,0.999998431470708,0.999998262531487,0.999998083909501,0.999997895477031,0.999997697108747,0.999997488681635,0.999997270074919,0.999997041169996,0.999996801850372,0.999996552001594,0.999996291511184,0.999996020268598,0.999995738165161,0.999995445094015,0.99999514095007,0.999994825629957,0.999994499031985,0.999994161056096,0.999993811603817,0.999993450578227,0.999993077883915,0.999992693426951,0.999992297114835,0.999991888856479,0.999991468562158,0.999991036143495,0.999990591513422,0.999990134586146,0.999989665277128,0.999989183503058,0.999988689181816,0.999988182232463,0.999987662575202,0.999987130131362,0.999986584823373,0.999986026574742,0.999985455310037,0.999984870954862,0.999984273435835,0.999983662680568,0.999983038617659,0.999982401176656,0.999981750288052,0.999981085883267,0.999980407894623,0.999979716255334,0.999979010899491,0.99997829176204
1,1,1,1,0.999999999999999,1,1,1,1,1,1,0.999999999999999,1,1,1,1,1,1,1,1,1,1,1,0.999999999999999,1,0.999999999999999,1,0.999999999999999,1,1,1,1,1,1,1,1,1,1,0.999999999999999,1,1,1,1,1,0.999999999999999,1,1,1,1,0.999999999999999,0.999999999999999,0.999999999999999,0.999999999999999,0.999999999999999,1,1,1,1,0.999999999999999,0.999999999999999,1,0.999999999999999,1,1,0.999999999999998,1,1,1,0.999999999999999,0.999999999999999,1,1,1,1,1,1,1,0.999999999999999,1,1,1,1,1,1,1,0.999999999999999,1,0.999999999999999,1,1,1,1,1,1,1,0.999999999999999,1,0.999999999999999,1,0.999999999999999,1,1,0.999999999999999,1,1,1,1,1,1,1,1,1,1,1,1,1,1,1,1,1,1,1,1,1,1,1,0.999999999999999,1,0.999999999999999,1,0.999999999999999,1,1,1,1,1,0.999999999999999,1,1,0.999999999999999,1,1,1,0.999999999999999,1,1,1,1,1,1,1,0.999999999999999,1,1,1,1,0.999999999999999,1,1,0.999999999999999,1,1,1,0.999999999999999,1,1,1,0.999999999999999,1,0.999999999999999,0.999999999999999,0.999999999999998,1,1,0.999999999999999,1,0.999999999999998,1,1,1,1,0.999999999999999,1,0.999999999999999,1,0.999999999999998,1,0.999999999999999,1,1,1,0.999999999999999,1,0.999999999999999,0.999999999999998,1,1,0.999999999999999,1,1,0.999999999999999,1,0.999999999999999,0.999999999999999,1,1,1,0.999999999999999,1,1,0.999999589451788,0.999999062593641,0.999998794804341,0.999998619807048,0.999998499968585,0.999998418531309,0.999998366022405,0.999998336331382,0.999998325166431,0.999998329327715,0.999998346321768,0.999998374138423,0.99999841111303,0.999998455836814,0.999998507096075,0.999998563829496,0.999998625097262,0.999998690058201,0.999998757952437,0.999998828088029,0.999998899830479,0.999998972594392,0.999999045836725,0.99999911905131,0.999999191764305,0.999999263530429,0.999999333929785,0.999999402565177,0.99999946905981,0.999999533055334,0.999999594210127,0.999999652197825,0.999999706706021,0.999999757435125,0.999999804097367,0.999999846415899,0.999999884124002,0.999999916964378,0.999999944688509,0.999999967056091,0.999999983834503,0.999999994798349,0.999999999729024,0.999999998414321,0.999999990648087,0.999999976229887,0.999999954964703,0.999999926662664,0.999999891138786,0.999999848212742,0.999999797708641,0.999999739454828,0.999999673283684,0.999999599031468,0.999999516538145,0.999999425647228,0.999999326205639,0.999999218063588,0.999999101074419,0.999998975094517,0.999998839983183,0.999998695602533,0.999998541817402,0.999998378495238,0.999998205506028,0.999998022722214,0.999997830018597,0.999997627272278,0.99999741436258,0.999997191170981,0.999996957581045,0.999996713478371,0.999996458750518,0.999996193286968,0.999995916979057,0.999995629719926,0.999995331404481,0.999995021929337,0.99999470119278,0.999994369094715,0.999994025536635,0.999993670421571,0.999993303654069,0.999992925140135,0.999992534787211,0.99999213250414,0.999991718201135,0.999991291789739,0.99999085318281,0.999990402294473,0.999989939040106,0.999989463336315,0.999988975100889,0.9999884742528,0.999987960712158,0.999987434400193,0.999986895239246,0.999986343152722,0.99998577806509,0.999985199901855,0.999984608589528,0.999984004055629,0.999983386228638,0.999982755038011,0.999982110414132,0.999981452288311,0.99998078059277,0.999980095260612,0.999979396225823,0.999978683423245,0.999977956788558
1,1,1,1,1,1,0.999999999999999,1,1,1,0.999999999999999,1,1,1,0.999999999999999,1,1,1,1,1,0.999999999999999,1,0.999999999999999,1,1,1,0.999999999999999,1,1,0.999999999999999,1,1,1,1,1,1,1,0.999999999999999,1,1,0.999999999999999,0.999999999999999,1,1,0.999999999999999,0.999999999999999,1,1,1,1,1,1,0.999999999999999,1,1,1,1,0.999999999999999,0.999999999999999,0.999999999999999,1,0.999999999999999,1,1,1,1,0.999999999999998,1,1,1,0.999999999999998,1,1,0.999999999999999,1,1,1,1,1,0.999999999999999,1,1,1,0.999999999999999,1,0.999999999999999,1,1,1,1,0.999999999999998,1,1,1,1,0.999999999999999,1,1,1,1,1,1,1,1,1,1,1,1,1,1,1,1,1,1,1,0.999999999999999,0.999999999999999,0.999999999999999,1,1,1,1,1,0.999999999999999,1,1,1,1,1,0.999999999999998,0.999999999999998,0.999999999999998,1,1,1,1,1,1,0.999999999999999,1,1,1,1,1,1,1,0.999999999999999,1,1,1,1,1,0.999999999999999,1,1,0.999999999999999,0.999999999999999,1,1,1,0.999999999999999,1,0.999999999999999,1,1,1,1,0.999999999999999,1,0.999999999999999,0.999999999999999,1,1,1,1,1,0.999999999999999,0.999999999999999,0.999999999999999,1,0.999999999999999,0.999999999999999,1,1,1,1,1,0.999999999999999,1,1,0.999999999999999,1,1,1,0.999999999999999,1,1,1,1,0.999999999999999,1,1,1,1,1,1,1,1,0.999999142650977,0.999998759503895,0.99999852041903,0.999998356075888,0.999998240971876,0.999998161913017,0.999998110833151,0.999998082271638,0.999998072266455,0.999998077794744,0.999998096460643,0.999998126307768,0.99999816569994,0.999998213241775,0.999998267723769,0.99999832808313,0.999998393375074,0.999998462751314,0.999998535443606,0.999998610750941,0.999998688029439,0.999998766684232,0.999998846162888,0.999998925950027,0.999999005562837,0.999999084547349,0.999999162475282,0.999999238941365,0.999999313561045,0.999999385968512,0.999999455814988,0.999999522767245,0.999999586506285,0.999999646726197,0.999999703133136,0.999999755444428,0.999999803387746,0.999999846700415,0.999999885128733,0.999999918427412,0.999999946359034,0.999999968693577,0.999999985207977,0.999999995685731,0.99999999991653,0.999999997695927,0.999999988825029,0.999999973110227,0.999999950362908,0.999999920399227,0.999999883039908,0.999999838109989,0.999999785438664,0.999999724859093,0.999999656208226,0.999999579326665,0.999999494058495,0.999999400251158,0.999999297755324,0.999999186424768,0.999999066116248,0.999998936689414,0.999998798006685,0.999998649933169,0.999998492336566,0.99999832508708,0.999998148057342,0.999997961122327,0.999997764159284,0.99999755704767,0.999997339669069,0.999997111907147,0.999996873647579,0.999996624777994,0.999996365187924,0.999996094768744,0.999995813413628,0.999995521017503,0.999995217476994,0.999994902690383,0.999994576557576,0.999994238980044,0.999993889860804,0.999993529104367,0.999993156616708,0.999992772305229,0.99999237607873,0.999991967847372,0.999991547522647,0.99999111501735,0.999990670245547,0.999990213122556,0.999989743564906,0.99998926149032,0.999988766817694,0.99998825946706,0.999987739359577,0.999987206417491,0.999986660564138,0.999986101723893,0.999985529822178,0.999984944785416,0.999984346541034,0.99998373501743,0.99998311014396,0.99998247185092,0.999981820069523,0.999981154731897,0.999980475771055,0.999979783120882,0.999979076716124,0.999978356492367,0.99997762238603
1,1,1,0.999999999999999,0.999999999999999,0.999999999999999,1,1,1,1,1,0.999999999999999,0.999999999999999,0.999999999999999,1,0.999999999999999,0.999999999999999,1,0.999999999999999,1,1,0.999999999999999,0.999999999999999,0.999999999999998,1,1,0.999999999999999,0.999999999999999,1,1,1,0.999999999999999,0.999999999999999,0.999999999999999,1,1,0.999999999999998,1,0.999999999999999,0.999999999999999,1,0.999999999999999,1,1,0.999999999999998,1,1,1,1,1,1,1,0.999999999999999,1,0.999999999999999,1,1,1,1,1,0.999999999999998,1,1,0.999999999999999,1,0.999999999999999,1,1,1,1,1,1,1,1,1,1,1,1,1,1,1,1,1,1,1,1,1,1,1,1,1,1,1,1,1,1,1,1,1,1,0.999999999999999,1,0.999999999999999,1,1,1,1,1,0.999999999999999,0.999999999999999,1,1,1,1,1,1,1,1,1,1,1,1,1,0.999999999999999,1,0.999999999999999,0.999999999999999,0.999999999999999,1,1,1,0.999999999999999,1,1,1,1,1,1,1,1,0.999999999999999,1,1,1,1,1,1,0.999999999999998,1,1,0.999999999999999,1,0.999999999999999,0.999999999999999,0.999999999999998,1,0.999999999999998,1,1,1,0.999999999999999,1,1,1,1,1,1,0.999999999999999,1,1,0.999999999999998,1,1,1,1,1,1,0.999999999999999,1,1,1,1,1,0.999999999999999,1,1,1,0.999999999999999,1,0.999999999999999,1,1,0.999999999999998,1,1,1,1,1,1,1,1,1,0.999999999999998,1,1,0.999999362463881,0.999998774471815,0.999998448720774,0.999998228234745,0.999998071825059,0.999997960554939,0.999997883579596,0.99999783386426,0.999997806458607,0.999997797672569,0.999997804634852,0.999997825035853,0.999997856968089,0.999997898822098,0.999997949215614,0.999998006943771,0.999998070943067,0.999998140264611,0.999998214053893,0.99999829153513,0.999998371999034,0.999998454793032,0.999998539313423,0.99999862499895,0.999998711325513,0.999998797801788,0.999998883965511,0.999998969380368,0.999999053633323,0.999999136332337,0.999999217104395,0.999999295593783,0.999999371460599,0.999999444379433,0.999999514038206,0.999999580137143,0.999999642387863,0.999999700512559,0.999999754243257,0.999999803321183,0.999999847496139,0.999999886525984,0.999999920176133,0.999999948219135,0.99999997043423,0.999999986607012,0.999999996529073,0.99999999999768,0.999999996815511,0.999999986790366,0.999999969734925,0.999999945466527,0.999999913806951,0.999999874582213,0.999999827622397,0.999999772761467,0.999999709837113,0.999999638690602,0.99999955916663,0.9999994711132,0.999999374381481,0.999999268825713,0.99999915430307,0.999999030673576,0.999998897800002,0.999998755547761,0.999998603784835,0.999998442381678,0.999998271211153,0.999998090148435,0.999997899070958,0.999997697858335,0.999997486392298,0.999997264556634,0.999997032237126,0.999996789321507,0.999996535699375,0.999996271262187,0.999995995903168,0.999995709517286,0.999995412001204,0.999995103253228,0.999994783173282,0.999994451662847,0.999994108624935,0.999993753964056,0.999993387586169,0.999993009398656,0.999992619310295,0.999992217231217,0.999991803072876,0.99999137674803,0.9999909381707,0.999990487256154,0.999990023920874,0.999989548082527,0.999989059659947,0.999988558573108,0.999988044743104,0.999987518092118,0.999986978543413,0.999986426021296,0.999985860451115,0.999985281759219,0.99998468987296,0.999984084720654,0.999983466231582,0.999982834335954,0.99998218896491,0.999981530050489,0.999980857525618,0.999980171324104,0.999979471380599,0.999978757630609,0.999978030010466,0.999977288457311
1,0.999999999999999,1,1,1,1,1,1,1,1,1,1,0.999999999999999,0.999999999999999,1,1,0.999999999999999,1,0.999999999999999,0.999999999999999,1,1,1,1,1,1,1,0.999999999999999,1,1,1,1,1,1,1,1,1,1,0.999999999999998,1,1,1,1,1,1,1,1,1,0.999999999999999,1,1,1,0.999999999999999,0.999999999999999,1,1,0.999999999999999,1,1,1,1,1,0.999999999999999,0.999999999999999,1,1,0.999999999999999,1,1,1,1,1,1,0.999999999999999,1,1,1,1,0.999999999999999,1,1,1,1,1,0.999999999999999,1,0.999999999999999,1,1,1,1,0.999999999999999,1,1,1,1,0.999999999999999,0.999999999999999,1,0.999999999999999,1,1,1,1,1,1,1,0.999999999999999,1,1,1,1,1,0.999999999999998,1,1,1,0.999999999999999,1,1,0.999999999999999,1,1,0.999999999999999,0.999999999999998,0.999999999999999,0.999999999999999,0.999999999999998,1,1,0.999999999999999,1,0.999999999999999,1,0.999999999999999,0.999999999999998,1,1,1,1,1,1,1,1,1,0.999999999999998,1,1,1,0.999999999999999,0.999999999999998,1,0.999999999999999,0.999999999999998,1,1,1,1,1,0.999999999999999,1,0.999999999999999,1,1,0.999999999999999,1,1,1,0.999999999999999,0.999999999999999,1,1,1,1,1,0.999999999999999,0.999999999999998,1,1,1,1,0.999999999999999,1,1,1,0.999999999999999,1,1,0.999999999999999,0.999999999999999,1,1,1,1,1,1,1,1,0.999999999999998,1,1,1,1,0.99999886699482,0.999998416138572,0.999998123508886,0.999997916224792,0.99999776601159,0.999997657955753,0.999997582860287,0.999997534475389,0.999997508261372,0.999997500756236,0.999997509220004,0.999997531419898,0.999997565493148,0.999997609855374,0.999997663137117,0.999997724138478,0.999997791795862,0.999997865157032,0.999997943362019,0.999998025628259,0.999998111238876,0.999998199533258,0.999998289899455,0.9999983817679,0.999998474606267,0.999998567915122,0.999998661224286,0.999998754089753,0.999998846091021,0.999998936828838,0.99999902592322,0.999999113011732,0.999999197747994,0.999999279800355,0.999999358850725,0.999999434593537,0.999999506734836,0.999999574991433,0.999999639090185,0.999999698767313,0.999999753767804,0.999999803844868,0.999999848759437,0.999999888279714,0.999999922180759,0.999999950244109,0.999999972257442,0.999999988014235,0.999999997313489,0.999999999959448,0.999999995761349,0.999999984533187,0.999999966093494,0.999999940265141,0.999999906875158,0.999999865754534,0.999999816738077,0.999999759664245,0.999999694375006,0.999999620715706,0.99999953853493,0.999999447684395,0.999999348018824,0.999999239395853,0.999999121675912,0.999998994722147,0.999998858400319,0.999998712578719,0.999998557128086,0.999998391921541,0.999998216834495,0.999998031744589,0.999997836531626,0.999997631077514,0.99999741526619,0.999997188983574,0.999996952117513,0.999996704557726,0.999996446195747,0.999996176924894,0.999995896640196,0.99999560523838,0.999995302617799,0.999994988678411,0.999994663321728,0.999994326450789,0.99999397797011,0.999993617785663,0.999993245804831,0.999992861936383,0.999992466090436,0.999992058178432,0.999991638113105,0.999991205808451,0.999990761179705,0.999990304143308,0.999989834616897,0.999989352519259,0.999988857770323,0.999988350291136,0.999987830003823,0.999987296831597,0.999986750698709,0.999986191530443,0.99998561925309,0.999985033793934,0.999984435081232,0.99998382304419,0.999983197612957,0.999982558718596,0.999981906293077,0.999981240269256,0.999980560580858,0.99997986716247,0.999979159949515,0.999978438878248,0.999977703885736,0.999976954909844
1,0.999999999999999,1,1,0.999999999999999,0.999999999999999,1,1,0.999999999999999,1,1,1,1,1,1,1,1,1,1,1,1,1,1,1,1,0.999999999999999,0.999999999999999,1,1,1,1,1,1,1,1,1,1,1,0.999999999999999,0.999999999999999,0.999999999999999,1,0.999999999999999,1,1,0.999999999999999,1,0.999999999999998,1,1,0.999999999999999,1,0.999999999999999,1,1,1,1,1,1,1,1,1,1,1,0.999999999999999,0.999999999999999,0.999999999999999,1,1,1,0.999999999999998,1,0.999999999999999,1,1,1,1,1,1,1,1,1,1,0.999999999999999,1,1,1,0.999999999999999,1,1,0.999999999999999,1,1,1,1,1,0.999999999999999,0.999999999999998,1,0.999999999999999,1,1,1,1,1,1,0.999999999999999,0.999999999999998,1,0.999999999999999,1,0.999999999999999,1,1,1,0.999999999999999,0.999999999999999,0.999999999999999,1,0.999999999999999,0.999999999999999,1,1,1,1,0.999999999999999,1,1,1,1,1,1,1,1,0.999999999999999,1,1,0.999999999999999,1,0.999999999999999,1,1,1,1,1,1,1,1,1,1,1,0.999999999999999,0.999999999999999,0.999999999999999,0.999999999999999,1,0.999999999999999,1,1,1,1,1,1,1,1,1,1,1,0.999999999999999,1,1,1,1,1,1,0.999999999999998,1,1,0.999999999999999,0.999999999999999,1,1,1,0.999999999999999,1,1,0.999999999999999,0.999999999999999,1,1,1,1,1,1,0.999999999999999,1,0.999999999999999,1,1,1,0.999999097953897,0.999998439281202,0.999998050854862,0.9999977802662,0.999997582927715,0.999997437737971,0.999997332458643,0.999997259103263,0.999997212037319,0.999997187058252,0.999997180898025,0.999997190931581,0.99999721499506,0.999997251266715,0.99999729818577,0.999997354395212,0.999997418700342,0.999997490038003,0.999997567453243,0.99999765008132,0.999997737133563,0.999997827886141,0.999997921670994,0.999998017868456,0.999998115901155,0.999998215228971,0.999998315344762,0.999998415770799,0.999998516055699,0.999998615771788,0.999998714512863,0.9999988118922,0.999998907540857,0.999999001106169,0.999999092250414,0.999999180649639,0.999999265992637,0.999999347979993,0.999999426323264,0.999999500744227,0.999999570974201,0.999999636753446,0.999999697830596,0.999999753962167,0.999999804912088,0.999999850451297,0.99999989035733,0.999999924413994,0.99999995241102,0.999999974143778,0.999999989412998,0.999999998024497,0.999999999788959,0.999999994521704,0.999999982042483,0.999999962175287,0.999999934748165,0.99999989959305,0.999999856545624,0.999999805445132,0.999999746134285,0.999999678459091,0.999999602268762,0.999999517415583,0.999999423754805,0.999999321144538,0.99999920944566,0.99999908852172,0.999998958238853,0.999998818465691,0.999998669073291,0.999998509935054,0.999998340926652,0.999998161925969,0.999997972813025,0.99999777346992,0.999997563780776,0.999997343631673,0.999997112910601,0.999996871507413,0.999996619313758,0.999996356223057,0.999996082130435,0.999995796932689,0.999995500528249,0.999995192817134,0.999994873700903,0.999994543082635,0.999994200866886,0.999993846959648,0.999993481268325,0.999993103701698,0.99999271416989,0.999992312584342,0.999991898857785,0.9999914729042,0.999991034638814,0.999990583978046,0.999990120839503,0.99998964514195,0.999989156805284,0.999988655750511,0.99998814189973,0.999987615176103,0.999987075503838,0.999986522808174,0.999985957015352,0.999985378052607,0.999984785848138,0.9999841803311,0.999983561431579,0.999982929080583,0.99998228321002,0.999981623752682,0.999980950642231,0.999980263813188,0.999979563200917,0.999978848741593,0.99997812037222,0.999977378030595,0.999976621655298
1,1,1,0.999999999999999,1,1,1,1,1,1,1,0.999999999999998,1,1,1,0.999999999999999,0.999999999999998,1,0.999999999999999,0.999999999999999,1,1,0.999999999999999,1,1,1,1,0.999999999999999,1,1,1,1,1,1,1,1,1,1,1,1,1,1,1,1,1,1,0.999999999999999,1,1,0.999999999999999,1,1,0.999999999999999,1,1,0.999999999999998,1,0.999999999999999,0.999999999999999,1,0.999999999999998,1,1,1,1,1,1,0.999999999999999,1,0.999999999999999,0.999999999999999,1,1,0.999999999999999,1,0.999999999999999,1,0.999999999999999,1,1,1,1,1,1,1,1,1,1,0.999999999999999,1,1,1,1,1,1,1,1,0.999999999999999,0.999999999999999,1,0.999999999999999,0.999999999999999,1,1,1,1,0.999999999999999,1,1,1,0.999999999999998,1,0.999999999999999,1,1,0.999999999999998,1,1,0.999999999999999,1,1,1,0.999999999999999,1,1,0.999999999999999,1,1,1,1,0.999999999999999,0.999999999999999,1,0.999999999999999,1,1,1,0.999999999999999,0.999999999999998,0.999999999999999,0.999999999999999,0.999999999999999,1,1,1,1,0.999999999999999,1,1,1,0.999999999999999,1,1.00000000000002,0.999999999999999,1,1,1,0.999999999999999,0.999999999999998,1,1,1,1,1,1,1,1,1,1,1,1,1,1,1,1,0.999999999999999,0.999999999999999,1,1,0.999999999999999,1,1,1,1,1,0.999999999999999,1,1,0.999999999999999,1,0.999999999999999,0.999999999999999,1,1,1,1,1,0.99999991241075,0.999998545489355,0.999998022219138,0.999997671383556,0.999997416700932,0.999997227185636,0.999997086195778,0.999996983378899,0.999996911670247,0.999996865929266,0.999996842234826,0.999996837485847,0.999996849158712,0.999996875151737,0.99999691368098,0.999996963207886,0.999997022387523,0.999997090030547,0.999997165074656,0.999997246562751,0.999997333625912,0.99999742546996,0.999997521364694,0.999997620635141,0.999997722654423,0.999997826837823,0.999997932637834,0.999998039539999,0.999998147059373,0.999998254737506,0.999998362139837,0.999998468853455,0.999998574485133,0.999998678659627,0.99999878101817,0.999998881217135,0.999998978926877,0.99999907383067,0.999999165623776,0.999999254012606,0.999999338713964,0.999999419454369,0.999999495969429,0.999999568003292,0.999999635308128,0.999999697643666,0.999999754776763,0.999999806481023,0.999999852536432,0.999999892729024,0.999999926850579,0.999999954698343,0.999999976074765,0.999999990787242,0.999999998647916,0.999999999473441,0.999999993084801,0.999999979307124,0.9999999579695,0.999999928904833,0.999999891949687,0.999999846944137,0.999999793731643,0.999999732158922,0.99999966207583,0.999999583335244,0.999999495792974,0.99999939930763,0.999999293740568,0.999999178955768,0.999999054819763,0.999998921201554,0.999998777972542,0.999998625006431,0.99999846217919,0.999998289368962,0.999998106456009,0.999997913322655,0.999997709853226,0.999997495933981,0.999997271453087,0.999997036300544,0.999996790368145,0.99999653354943,0.999996265739643,0.99999598683568,0.99999569673606,0.999995395340876,0.999995082551768,0.999994758271869,0.999994422405789,0.99999407485956,0.999993715540629,0.9999933443578,0.999992961221222,0.999992566042354,0.999992158733935,0.999991739209954,0.999991307385629,0.99999086317739,0.999990406502824,0.999989937280685,0.999989455430851,0.999988960874309,0.999988453533128,0.999987933330447,0.999987400190442,0.999986854038313,0.999986294800272,0.999985722403507,0.999985136776178,0.999984537847393,0.999983925547196,0.999983299806543,0.999982660557289,0.99998200773218,0.999981341264821,0.999980661089679,0.999979967142055,0.999979259358074,0.999978537674674,0.999977802029595,0.999977052361354,0.999976288609247
1,0.999999999999998,1,1,1,1,0.999999999999999,0.999999999999999,1,1,1,1,0.999999999999999,1,1,1,0.999999999999999,0.999999999999999,0.999999999999999,1,1,1,1,1,1,0.999999999999999,1,0.999999999999999,1,1,0.999999999999999,1,1,0.999999999999999,1,1,0.999999999999999,1,0.999999999999999,1,1,1,0.999999999999999,1,1,0.999999999999998,1,1,1,0.999999999999999,1,0.999999999999999,1,1,1,1,0.999999999999999,0.999999999999999,1,1,1,1,1,1,0.999999999999999,1,0.999999999999999,1,1,0.999999999999999,1,0.999999999999999,1,0.999999999999999,1,1,0.999999999999999,1,1,1,1,1,1,0.999999999999999,1,1,1,1,1,1,1,1,1,1,1,0.999999999999999,1,1,1,0.999999999999999,0.999999999999999,0.999999999999999,1,0.999999999999999,1,1,1,0.999999999999999,0.999999999999999,1,1,0.999999999999999,1,1,1,0.999999999999999,1,0.999999999999999,0.999999999999999,1,1,1,1,0.999999999999999,1,1,1,1,1,1,1,0.999999999999999,1,0.999999999999998,0.999999999999999,0.999999999999999,0.999999999999999,1,1,0.999999999999999,1,1,1,1,0.999999999999999,1,1,1,1,1,1,1,1,0.999999999999999,1,1,0.999999999999998,1,1,1,0.999999999999999,1,1,1,1,1,1,0.999999999999999,1,0.999999999999999,0.999999999999999,1,1,1,0.999999999999999,1,1,1,1,1,1,1,1,1,1,1,1,1,1,0.999999999999999,1,0.999999999999999,1,1,0.999999999999999,0.999998791179471,0.999998054733303,0.999997598970163,0.999997273733911,0.999997031166862,0.999996848016818,0.999996710633063,0.999996610052397,0.999996539932185,0.99999649553631,0.999996473181923,0.99999646991312,0.999996483296499,0.99999651128678,0.999996552134949,0.999996604323424,0.999996666518955,0.999996737537651,0.999996816318426,0.9999969019025,0.999996993417317,0.999997090063727,0.999997191105679,0.999997295861794,0.999997403698449,0.999997514023996,0.99999762628395,0.999997739956888,0.999997854550984,0.999997969601014,0.9999980846658,0.999998199325967,0.999998313182012,0.999998425852589,0.999998536973012,0.999998646193924,0.999998753180129,0.999998857609526,0.999998959172179,0.999999057569473,0.999999152513343,0.999999243725603,0.999999330937302,0.999999413888178,0.999999492326132,0.999999566006752,0.999999634692897,0.999999698154283,0.999999756167127,0.999999808513817,0.99999985498259,0.999999895367251,0.999999929466907,0.999999957085722,0.999999978032676,0.999999992121365,0.999999999169793,0.999999999000186,0.99999999143882,0.999999976315846,0.999999953465156,0.999999922724218,0.999999883933957,0.99999983693861,0.999999781585618,0.999999717725504,0.999999645211775,0.999999563900802,0.999999473651748,0.99999937432645,0.99999926578935,0.999999147907406,0.999999020550015,0.999998883588933,0.999998736898209,0.999998580354121,0.999998413835098,0.99999823722167,0.999998050396406,0.999997853243852,0.999997645650483,0.999997427504651,0.999997198696532,0.999996959118072,0.999996708662966,0.999996447226589,0.999996174705953,0.999995890999692,0.999995596007997,0.999995289632589,0.999994971776687,0.999994642344963,0.99999430124352,0.999993948379849,0.999993583662808,0.99999320700258,0.999992818310657,0.999992417499802,0.99999200448403,0.999991579178571,0.999991141499861,0.999990691365495,0.999990228694226,0.999989753405927,0.99998926542158,0.999988764663241,0.99998825105403,0.999987724518102,0.999987184980645,0.999986632367832,0.999986066606831,0.99998548762577,0.999984895353723,0.999984289720695,0.999983670657608,0.999983038096275,0.999982391969398,0.999981732210539,0.99998105875412,0.999980371535391,0.999979670490434,0.999978955556133,0.999978226670177,0.999977483771026,0.999976726797924,0.999975955690869
1,1,1,1,1,1,1,1,0.999999999999999,1,1,0.999999999999998,1,1,1,1,1,1,1,1,1,1,0.999999999999999,1,1,1,1,1,1,1,1,1,1,1,1,1,1,0.999999999999999,1,1,1,0.999999999999998,1,1,0.999999999999999,0.999999999999999,0.999999999999999,1,1,1,1,0.999999999999999,1,1,1,1,0.999999999999999,1,1,1,1,1,0.999999999999998,1,1,1,1,0.999999999999999,0.999999999999999,0.999999999999999,1,0.999999999999999,1,1,1,1,0.999999999999999,1,0.999999999999999,0.999999999999999,0.999999999999999,1,1,0.999999999999999,0.999999999999999,1,1,0.999999999999999,1,1,0.999999999999999,0.999999999999998,1,1,0.999999999999998,0.999999999999998,0.999999999999999,1,1,1,0.999999999999999,0.999999999999999,1,1,1,1,1,1,1,0.999999999999999,1,0.999999999999999,1,1,0.999999999999999,1,1,0.999999999999999,1,1,1,0.999999999999999,1,1,0.999999999999999,0.999999999999999,1,1,0.999999999999999,1,1,1,1,1,1,1,1,1,1,1,1,0.999999999999999,1,1,1,1,0.999999999999999,1,1,1,0.999999999999999,1,0.999999999999999,1,0.999999999999999,0.999999999999999,0.999999999999999,1,1,1,0.999999999999999,1,0.999999999999999,1,1,1,0.999999999999999,1,0.999999999999999,0.999999999999999,1,1,1,1,1,1,1,1,1,1,1,1,1,1,1,1,1,1,1,0.999999999999999,1,0.999999999999999,0.999999391215349,0.99999817585162,0.999997575472943,0.999997161821598,0.999996855335833,0.999996622370305,0.999996444546539,0.999996310333733,0.999996211827878,0.999996143265399,0.999996100246808,0.999996079293439,0.999996077576769,0.999996092744148,0.999996122801688,0.999996166032768,0.999996220939594,0.999996286200216,0.999996360636238,0.999996443188081,0.99999653289571,0.999996628883393,0.999996730347501,0.999996836546616,0.999996946793409,0.999997060447944,0.999997176912056,0.999997295624644,0.999997416057669,0.999997537712723,0.999997660118107,0.999997782826281,0.999997905411656,0.999998027468657,0.999998148610041,0.999998268465385,0.999998386679767,0.999998502912589,0.99999861683652,0.999998728136553,0.999998836509157,0.99999894166151,0.999999043310813,0.999999141183654,0.99999923501544,0.999999324549877,0.999999409538489,0.999999489740189,0.999999564920873,0.99999963485305,0.999999699315502,0.999999758092973,0.999999810975872,0.999999857760009,0.999999898246338,0.999999932240726,0.999999959553733,0.999999980000418,0.999999993400129,0.99999999957635,0.999999998356514,0.999999989571851,0.999999973057248,0.999999948651108,0.999999916195211,0.999999875534594,0.999999826517447,0.999999768994985,0.999999702821351,0.999999627853521,0.999999543951209,0.999999450976776,0.999999348795139,0.999999237273706,0.999999116282288,0.999998985693029,0.999998845380339,0.999998695220822,0.999998535093224,0.999998364878361,0.999998184459063,0.999997993720125,0.999997792548254,0.999997580832006,0.999997358461753,0.99999712532963,0.999996881329484,0.999996626356845,0.999996360308871,0.999996083084314,0.999995794583486,0.99999549470821,0.999995183361805,0.999994860449029,0.99999452587606,0.99999417955046,0.999993821381145,0.999993451278357,0.999993069153634,0.999992674919778,0.999992268490837,0.999991849782077,0.999991418709946,0.999990975192069,0.999990519147204,0.999990050495236,0.999989569157148,0.999989075054999,0.999988568111902,0.999988048252015,0.999987515400499,0.999986969483524,0.999986410428236,0.999985838162743,0.999985252616097,0.999984653718278,0.999984041400176,0.99998341559358,0.999982776231152,0.999982123246427,0.999981456573782,0.999980776148435,0.999980081906423,0.999979373784593,0.999978651720583,0.999977915652816,0.999977165520488,0.99997640126354,0.999975622822675
0.999999999999998,1,0.999999999999999,0.999999999999999,1,1,1,1,1,1,0.999999999999999,1,0.999999999999999,1,1,1,1,0.999999999999998,1,1,0.999999999999999,1,0.999999999999998,1,1,0.999999999999999,1,0.999999999999999,1,1,0.999999999999999,1,1,1,1,1,1,1,1,1,1,0.999999999999999,1,1,1,1,1,0.999999999999999,0.999999999999999,1,0.999999999999999,1,1,1,0.999999999999999,1,1,1,1,0.999999999999998,1,1,1,0.999999999999999,1,1,1,1,1,1,1,0.999999999999999,1,0.999999999999999,1,1,0.999999999999999,1,1,0.999999999999999,1,1,0.999999999999999,1,1,1,1,0.999999999999999,1,1,1,1,1,0.999999999999999,1,0.999999999999999,1,1,1,1,1,1,0.999999999999999,1,1,1,1,1,1,1,0.999999999999999,1,1,0.999999999999999,0.999999999999999,1,1,1,1,0.999999999999999,1,1,1,0.999999999999999,0.999999999999999,1,1,0.999999999999999,0.999999999999999,1,1,1,1,1,0.999999999999999,1,0.999999999999999,1,1,0.999999999999999,1,1,1,0.999999999999999,1,1,1,0.999999999999999,1,0.999999999999999,1,0.999999999999998,1,1,0.999999999999999,0.999999999999998,0.999999999999999,1,0.999999999999998,0.999999999999999,0.999999999999999,0.999999999999998,1,1,1,1,1,1,0.999999999999999,0.999999999999998,1,1,0.999999999999998,1,1,1,0.999999999999999,0.999999999999999,1,1,1,1,1,1,1,1,1,0.999999999999999,1,1,0.999998438891891,0.999997618527018,0.999997090779221,0.999996706391945,0.999996414337475,0.999996189222671,0.999996015965954,0.999995884603232,0.999995788060589,0.999995721047808,0.999995679449542,0.99999565996391,0.999995659875007,0.999995676902882,0.999995709100682,0.999995754781893,0.999995812467423,0.999995880846236,0.999995958745448,0.999996045107225,0.999996138970631,0.999996239457194,0.999996345759242,0.999996457130437,0.999996572877927,0.999996692355866,0.999996814959948,0.999996940122822,0.999997067310145,0.999997196017245,0.999997325766217,0.999997456103416,0.999997586597264,0.999997716836342,0.999997846427694,0.999997974995345,0.999998102178973,0.99999822763273,0.999998351024192,0.999998472033409,0.999998590352051,0.999998705682652,0.999998817737896,0.999998926239999,0.999999030920122,0.99999913151786,0.99999922778074,0.999999319463802,0.999999406329175,0.999999488145721,0.999999564688671,0.99999963573932,0.999999701084732,0.999999760517457,0.999999813835282,0.999999860840991,0.999999901342152,0.999999935150897,0.99999996208374,0.999999981961388,0.999999994608578,0.999999999853918,0.999999997529724,0.9999999874719,0.99999996951978,0.999999943516031,0.999999909306507,0.999999866740157,0.999999815668906,0.999999755947565,0.999999687433726,0.999999609987679,0.999999523472317,0.999999427753071,0.999999322697805,0.999999208176774,0.999999084062524,0.999998950229851,0.999998806555707,0.999998652919173,0.999998489201362,0.999998315285401,0.999998131056347,0.999997936401151,0.999997731208604,0.999997515369287,0.999997288775532,0.999997051321376,0.999996802902513,0.999996543416255,0.999996272761501,0.999995990838698,0.999995697549793,0.99999539279821,0.999995076488811,0.999994748527867,0.999994408823028,0.999994057283285,0.999993693818944,0.999993318341611,0.999992930764138,0.999992531000628,0.999992118966379,0.999991694577884,0.999991257752791,0.999990808409892,0.99999034646909,0.999989871851383,0.999989384478839,0.999988884274584,0.999988371162775,0.999987845068577,0.999987305918153,0.999986753638648,0.999986188158152,0.99998560940571,0.999985017311283,0.999984411805746,0.999983792820863,0.999983160289276,0.999982514144489,0.999981854320858,0.999981180753567,0.999980493378623,0.999979792132835,0.999979076953814,0.999978347779941,0.99997760455037,0.99997684720501,0.999976075684516,0.999975289930269
1,1,1,1,1,1,1,1,1,0.999999999999998,1,1,1,1,0.999999999999999,1,1,1,1,1,1,0.999999999999999,0.999999999999998,1,1,1,1,1,1,0.999999999999999,1,1,1,1,0.999999999999999,1,0.999999999999999,1,0.999999999999999,1,1,1,0.999999999999999,1,0.999999999999999,0.999999999999999,1,1,0.999999999999999,1,1,1,1,0.999999999999999,1,1,1,1,0.999999999999999,1,1,1,0.999999999999999,1,0.999999999999999,1,1,1,1,1,0.999999999999999,0.999999999999999,1,1,0.999999999999999,0.999999999999999,1,1,1,1,1,0.999999999999999,1,1,0.999999999999999,0.999999999999998,1,0.999999999999999,1,1,1,1,0.999999999999999,1,1,1,1,1,1,1,1,0.999999999999999,1,1,1,1,1,1,1,0.999999999999999,0.999999999999999,0.999999999999999,1,0.999999999999999,1,1,0.999999999999999,1,1,1,1,1,1,1,1,1,0.999999999999999,1,1,1,1,1,0.999999999999999,1,1,1,1,1,1,0.999999999999999,1,1,1,0.999999999999999,0.999999999999999,0.999999999999999,0.999999999999999,1,1,1,0.999999999999999,1,1,1,1,0.999999999999999,1,1,0.999999999999999,0.999999999999999,1,1,1,1,1,1,1,0.999999999999999,1,1,1,0.999999999999999,1,0.999999999999999,1,1,1,1,1,0.999999999999999,0.999999999999999,1,1,1,1,1,1,0.99999900491149,0.999997755753367,0.999997073533901,0.999996592474742,0.999996229813709,0.999995949283371,0.999995730757925,0.999995561505085,0.999995432757403,0.999995338106333,0.999995272654912,0.999995232530499,0.999995214585649,0.999995216204722,0.999995235173548,0.999995269588471,0.999995317791036,0.999995378319858,0.999995449874433,0.99999553128738,0.999995621502811,0.999995719559217,0.999995824575756,0.99999593574113,0.999996052304485,0.999996173567853,0.999996298879857,0.999996427630425,0.999996559246274,0.999996693187091,0.99999682894222,0.999996966027828,0.999997103984408,0.99999724237463,0.999997380781428,0.999997518806344,0.999997656068023,0.999997792200909,0.999997926854055,0.999998059690085,0.999998190384231,0.999998318623492,0.999998444105857,0.999998566539602,0.999998685642665,0.999998801142047,0.999998912773306,0.999999020280056,0.999999123413524,0.999999221932148,0.999999315601188,0.999999404192385,0.999999487483644,0.999999565258718,0.999999637306949,0.999999703422997,0.999999763406604,0.999999817062374,0.999999864199552,0.99999990463184,0.999999938177212,0.999999964657729,0.999999983899388,0.999999995731975,0.999999999988906,0.999999996507101,0.999999985126861,0.999999965691733,0.999999938048412,0.999999902046621,0.999999857539016,0.999999804381087,0.999999742431062,0.999999671549822,0.999999591600826,0.999999502450013,0.999999403965746,0.999999296018726,0.999999178481935,0.999999051230554,0.999998914141923,0.999998767095458,0.999998609972606,0.999998442656796,0.999998265033368,0.999998076989539,0.999997878414347,0.999997669198605,0.999997449234859,0.999997218417347,0.999996976641947,0.999996723806144,0.999996459809003,0.99999618455111,0.999995897934558,0.999995599862895,0.999995290241098,0.999994968975551,0.999994635973997,0.999994291145521,0.999993934400512,0.999993565650646,0.999993184808854,0.999992791789285,0.999992386507306,0.99999196887945,0.999991538823412,0.999991096258021,0.999990641103212,0.999990173280009,0.999989692710508,0.999989199317851,0.999988693026208,0.999988173760755,0.999987641447666,0.999987096014082,0.999986537388102,0.999985965498761,0.999985380276013,0.99998478165073,0.99998416955466,0.999983543920431,0.999982904681533,0.999982251772298,0.999981585127889,0.999980904684295,0.999980210378295,0.999979502147472,0.99997877993018,0.999978043665541,0.999977293293436,0.999976528754478,0.999975749990018,0.999974956942127
1,1,0.999999999999999,0.999999999999999,1,1,1,1,0.999999999999998,0.999999999999999,1,1,1,1,1,1,1,1,1,1,1,1,0.999999999999999,1,1,1,1,0.999999999999999,0.999999999999999,1,1,1,1,1,1,0.999999999999999,1,1,1,1,0.999999999999999,1,1,0.999999999999999,0.999999999999998,0.999999999999999,1,1,1,0.999999999999998,0.999999999999999,1,0.999999999999999,1,0.999999999999999,1,1,1,1,1,0.999999999999999,1,1,0.999999999999999,1,1,1,1,1,1,1,0.999999999999999,1,1,1,0.999999999999998,1,0.999999999999999,1,1,1,1,0.999999999999999,1,1,0.999999999999998,1,0.999999999999999,0.999999999999999,1,1,1,1,0.999999999999999,1,1,1,1,1,1,0.999999999999999,0.999999999999999,1,1,0.999999999999999,1,1,0.999999999999999,0.999999999999997,1,0.999999999999999,1,1,1,1,1,1,1,1,0.999999999999999,0.999999999999999,0.999999999999999,1,0.999999999999998,1,1,1,1,1,1,1,1,1,1,0.999999999999999,0.999999999999999,0.999999999999999,1,0.999999999999999,1,1,0.999999999999999,0.999999999999999,1,1,1,0.999999999999999,0.999999999999999,1,1,1,1,1,1,1,0.999999999999999,0.999999999999999,0.999999999999999,1,0.999999999999999,0.999999999999999,1,1,1,1,1,0.999999999999998,1,1,1,0.999999999999999,1,1,1,0.999999999999999,0.999999999999999,1,1,1,1,1,1,1,0.999999999999999,1,0.999998038256994,0.999997128205916,0.999996523797997,0.999996075772057,0.999995729999122,0.999995458946716,0.999995246081379,0.999995080413007,0.999994954112701,0.99999486131533,0.999994797455135,0.999994758868948,0.999994742545304,0.999994745958358,0.999994766953744,0.999994803667629,0.999994854467771,0.999994917909577,0.999994992702714,0.999995077685281,0.999995171803512,0.999995274095615,0.999995383678733,0.999995499738325,0.999995621519405,0.999995748319265,0.999995879481376,0.999996014390232,0.999996152466964,0.999996293165583,0.999996435969744,0.999996580389941,0.999996725961061,0.999996872240243,0.999997018804999,0.999997165251548,0.99999731119334,0.999997456259746,0.999997600094884,0.999997742356557,0.999997882715321,0.999998020853616,0.999998156465004,0.999998289253455,0.999998418932724,0.999998545225745,0.999998667864124,0.999998786587629,0.999998901143758,0.999999011287311,0.999999116780021,0.999999217390192,0.999999312892386,0.999999403067108,0.999999487700525,0.99999956658422,0.999999639514934,0.999999706294341,0.999999766728839,0.999999820629352,0.99999986781114,0.999999908093623,0.999999941300226,0.99999996725821,0.999999985798537,0.999999996755735,0.999999999967756,0.999999995275859,0.999999982524503,0.999999961561229,0.999999932236552,0.999999894403871,0.999999847919367,0.999999792641925,0.999999728433039,0.999999655156737,0.9999995726795,0.999999480870191,0.999999379599989,0.999999268742312,0.999999148172767,0.999999017769077,0.999998877411023,0.999998726980403,0.999998566360957,0.999998395438335,0.999998214100028,0.999998022235346,0.999997819735345,0.999997606492803,0.99999738240217,0.99999714735953,0.999996901262561,0.999996644010494,0.999996375504087,0.999996095645577,0.999995804338658,0.99999550148844,0.999995187001426,0.999994860785472,0.999994522749765,0.999994172804797,0.999993810862326,0.999993436835362,0.999993050638136,0.99999265218607,0.999992241395767,0.999991818184976,0.99999138247257,0.999990934178535,0.99999047322393,0.999989999530883,0.999989513022571,0.999989013623179,0.999988501257916,0.999987975852966,0.999987437335483,0.999986885633575,0.999986320676287,0.999985742393573,0.999985150716307,0.999984545576232,0.999983926905973,0.999983294639007,0.999982648709657,0.999981989053078,0.999981315605234,0.999980628302894,0.999979927083619,0.999979211885742,0.999978482648361,0.99997773931133,0.999976981815236,0.999976210101404,0.999975424111871,0.999974623789383
0.999999999999999,0.999999999999999,1,1,1,1,1,0.999999999999999,1,1,1,0.999999999999998,0.999999999999999,1,0.999999999999999,1,0.999999999999999,1,1,1,1,0.999999999999999,1,0.999999999999999,0.999999999999999,0.999999999999999,1,1,1,0.999999999999999,0.999999999999999,1,1,1,0.999999999999999,0.999999999999999,1,1,0.999999999999999,1,0.999999999999999,1,1,1,1,1,1,1,1,1,1,0.999999999999999,0.999999999999999,1,0.999999999999999,0.999999999999998,0.999999999999999,0.999999999999999,1,1,0.999999999999997,1,1,1,1,1,1,0.999999999999999,1,1,0.999999999999999,1,1,1,1,0.999999999999998,1,1,0.999999999999999,1,1,1,0.999999999999999,1,1,0.999999999999999,1,0.999999999999998,1,1,1,1,0.999999999999999,0.999999999999999,1,1,1,1,0.999999999999999,0.999999999999998,1,1,1,1,1,1,1,1,0.999999999999999,1,1,1,1,0.999999999999999,0.999999999999999,1,1,1,0.999999999999999,0.999999999999999,1,0.999999999999998,1,0.999999999999999,1,1,1,1,1,1,0.999999999999999,1,1,1,0.999999999999999,1,1,0.999999999999999,1,1,0.999999999999999,0.999999999999999,1,1,0.999999999999999,0.999999999999999,1,1,0.999999999999998,1,0.999999999999999,1,0.999999999999999,1,1,1,1,0.999999999999998,1,0.999999999999999,1,1,1,0.999999999999999,0.999999999999999,1,1,1,0.999999999999999,1,1,0.999999999999999,1,1,1,0.999999999999999,1,1,1,1,1,1,0.999998599587106,0.999997282626219,0.999996513737058,0.99999596066183,0.999995537469903,0.999995205289976,0.999994942231348,0.999994734334015,0.999994571941207,0.999994447976353,0.999994357025174,0.999994294804169,0.999994257832585,0.999994243219531,0.999994248520028,0.999994271634326,0.999994310735433,0.999994364215664,0.999994430646394,0.999994508747132,0.999994597361427,0.999994695437808,0.999994802014465,0.999994916206872,0.999995037197596,0.999995164227899,0.999995296590703,0.999995433624677,0.999995574709229,0.999995719260221,0.999995866726298,0.999996016585706,0.999996168343531,0.9999963215293,0.999996475694855,0.999996630412485,0.999996785273293,0.999996939885715,0.99999709387422,0.999997246878139,0.999997398550609,0.999997548557638,0.999997696577237,0.999997842298653,0.999997985421659,0.999998125655923,0.999998262720412,0.99999839634286,0.999998526259275,0.999998652213493,0.999998773956758,0.999998891247327,0.999999003850136,0.99999911153646,0.999999214083596,0.999999311274607,0.999999402898032,0.999999488747649,0.999999568622253,0.999999642325426,0.999999709665348,0.999999770454602,0.999999824509999,0.999999871652408,0.999999911706606,0.999999944501125,0.999999969868112,0.9999999876432,0.999999997665388,0.99999999977691,0.999999993823137,0.999999979652468,0.999999957116224,0.99999992606856,0.999999886366368,0.999999837869203,0.99999978043918,0.999999713940918,0.99999963824145,0.999999553210164,0.999999458718723,0.999999354641006,0.99999924085305,0.999999117232991,0.999998983660989,0.999998840019194,0.999998686191695,0.999998522064447,0.999998347525251,0.999998162463685,0.999997966771075,0.999997760340442,0.999997543066472,0.999997314845458,0.999997075575285,0.999996825155376,0.999996563486658,0.999996290471547,0.999996006013883,0.999995710018924,0.999995402393308,0.999995083045014,0.999994751883352,0.999994408818913,0.999994053763562,0.9999936866304,0.999993307333742,0.999992915789094,0.999992511913125,0.999992095623654,0.999991666839614,0.99999122548104,0.999990771469047,0.999990304725806,0.999989825174529,0.999989332739445,0.999988827345784,0.99998830891976,0.999987777388551,0.999987232680285,0.999986674724017,0.999986103449721,0.999985518788268,0.999984920671416,0.999984309031788,0.999983683802865,0.999983044918964,0.999982392315237,0.999981725927636,0.999981045692922,0.999980351548647,0.999979643433126,0.99997892128544,0.999978185045425,0.999977434653654,0.999976670051424,0.99997589118075,0.999975097984357,0.999974290405655
1,1,1,1,1,0.999999999999999,0.999999999999998,0.999999999999999,1,1,1,0.999999999999999,1,0.999999999999999,1,0.999999999999999,1,1,1,1,1,1,1,1,1,0.999999999999998,0.999999999999999,1,1,1,1,1,0.999999999999999,1,0.999999999999999,1,1,1,1,1,1,1,1,0.999999999999999,1,1,0.999999999999999,0.999999999999999,1,1,1,0.999999999999999,1,1,1,1,0.999999999999999,1,1,1,1,0.999999999999999,1,1,1,1,1,1,1,1,1,0.999999999999999,1,1,0.999999999999999,1,1,0.999999999999999,1,1,1,1,1,1,1,1,1,1,1,1,1,1,1,1,1,0.999999999999999,1,1,0.999999999999999,1,1,1,1,1,0.999999999999999,1,0.999999999999999,1,0.999999999999999,1,1,1,1,1,0.999999999999999,1,1,1,1,0.999999999999999,1,0.999999999999999,1,1,1,0.999999999999999,0.999999999999999,1,1,1,0.999999999999999,1,1,1,0.999999999999999,1,1,0.999999999999999,1,0.999999999999999,1,1,1,1,0.999999999999999,1,1,0.999999999999999,1,1,1,0.999999999999999,1,1,1,0.999999999999999,0.999999999999999,1,1,1,0.999999999999998,0.999999999999999,1,1,0.999999999999999,0.999999999999999,1,1,1,1,1,0.999999999999998,0.999999999999998,1,1,1,1,1,1,1,0.999997586304337,0.999996580862245,0.999995895042524,0.999995378885054,0.999994975188195,0.999994654266572,0.999994398106804,0.999994194663731,0.999994035327367,0.999993913635234,0.999993824552174,0.999993764037703,0.999993728771214,0.999993715969419,0.999993723260553,0.999993748594965,0.999993790179878,0.999993846430721,0.999993915934081,0.999993997419032,0.999994089734578,0.999994191831701,0.999994302748862,0.999994421600181,0.9999945475657,0.999994679883296,0.999994817841884,0.999994960775691,0.999995108059381,0.999995259103867,0.999995413352734,0.999995570279107,0.999995729382938,0.999995890188637,0.999996052242978,0.999996215113256,0.999996378385652,0.999996541663776,0.99999670456737,0.999996866731139,0.999997027803703,0.999997187446666,0.999997345333733,0.999997501149961,0.999997654591038,0.999997805362651,0.999997953179889,0.999998097766711,0.999998238855452,0.99999837618636,0.99999850950719,0.999998638572804,0.99999876314483,0.999998882991304,0.999998997886396,0.999999107610088,0.999999211947938,0.999999310690811,0.999999403634657,0.999999490580285,0.999999571333167,0.999999645703245,0.999999713504753,0.999999774556038,0.999999828679418,0.999999875701018,0.999999915450638,0.999999947761615,0.9999999724707,0.999999989417928,0.999999998446526,0.99999999940279,0.999999992135981,0.99999997649824,0.999999952344489,0.999999919532343,0.999999877922035,0.999999827376324,0.99999976776043,0.999999698941956,0.999999620790818,0.99999953317919,0.999999435981425,0.999999329074007,0.999999212335483,0.999999085646422,0.999998948889348,0.999998801948692,0.99999864471075,0.999998477063632,0.999998298897212,0.999998110103088,0.999997910574546,0.999997700206513,0.999997478895519,0.99999724653966,0.999997003038563,0.99999674829335,0.99999648220661,0.999996204682357,0.999995915626004,0.999995614944333,0.99999530254547,0.999994978338842,0.999994642235171,0.999994294146427,0.999993933985821,0.999993561667756,0.999993177107837,0.999992780222812,0.999992370930575,0.999991949150133,0.999991514801585,0.999991067806104,0.999990608085918,0.999990135564287,0.999989650165483,0.999989151814776,0.999988640438419,0.999988115963616,0.999987578318526,0.999987027432229,0.999986463234719,0.999985885656884,0.999985294630492,0.999984690088181,0.999984071963436,0.999983440190584,0.999982794704771,0.999982135441961,0.999981462338905,0.999980775333146,0.999980074362996,0.999979359367531,0.999978630286568,0.999977887060672,0.999977129631123,0.999976357939918,0.999975571929763,0.999974771544051,0.999973956726863
1,1,1,1,1,1,1,1,1,1,1,0.999999999999999,1,1,1,1,1,1,1,0.999999999999999,1,0.999999999999999,0.999999999999999,1,0.999999999999999,1,1,1,1,1,1,0.999999999999999,0.999999999999999,1,1,1,1,0.999999999999998,0.999999999999999,0.999999999999999,1,1,1,1,1,1,0.999999999999999,1,1,1,0.999999999999998,0.999999999999999,0.999999999999998,0.999999999999999,1,1,1,0.999999999999999,0.999999999999999,1,1,1,1,1,1,1,1,1,1,1,1,1,0.999999999999999,1,1,0.999999999999999,1,1,1,1,0.999999999999999,1,1,1,1,1,1,1,1,1,0.999999999999999,1,1,1,1,1,1,0.999999999999999,1,1,1,1,1,1,1,1,0.999999999999999,1,1,1,1,1,1,0.999999999999999,0.999999999999999,1,0.999999999999999,1,1,1,1,0.999999999999998,1,1,1,1,1,1,1,1,1,1,1,1,0.999999999999999,1,1,0.999999999999999,1,1,1,1,0.999999999999999,0.999999999999999,0.999999999999999,1,1,1,1,0.999999999999999,0.999999999999999,1,0.999999999999999,1,1,1,0.999999999999999,0.999999999999999,1,1,0.999999999999999,1,0.999999999999999,1,1,1,1,1,1,1,1,0.999999999999999,1,1,1,0.999999999999999,1,0.99999815605611,0.999996753224722,0.999995892657849,0.999995262911176,0.999994774849542,0.999994386984352,0.999994075627809,0.999993825557951,0.99999362619798,0.999993469777162,0.999993350342043,0.999993263180017,0.999993204461783,0.999993171008364,0.99999316013312,0.999993169530942,0.999993197198374,0.99999324137458,0.999993300496837,0.999993373166337,0.9999934581215,0.999993554216823,0.999993660405948,0.999993775727885,0.999993899295758,0.999994030287455,0.999994167937844,0.999994311532212,0.999994460400708,0.999994613913598,0.999994771477194,0.999994932530329,0.999995096541297,0.999995263005201,0.999995431441595,0.999995601392421,0.999995772420211,0.999995944106433,0.999996116050064,0.999996287866301,0.9999964591854,0.999996629651619,0.99999679892229,0.999996966666964,0.99999713256663,0.99999729631301,0.999997457607917,0.999997616162673,0.999997771697551,0.999997923941296,0.999998072630662,0.99999821750999,0.999998358330822,0.999998494851531,0.999998626837001,0.99999875405831,0.999998876292438,0.999998993321997,0.999999104934995,0.999999210924575,0.999999311088822,0.999999405230542,0.999999493157068,0.999999574680093,0.999999649615478,0.999999717783107,0.999999779006737,0.999999833113841,0.999999879935483,0.99999991930619,0.999999951063832,0.999999975049502,0.99999999110741,0.999999999084783,0.999999998831765,0.999999990201321,0.99999997304915,0.999999947233606,0.999999912615607,0.999999869058569,0.999999816428327,0.99999975459306,0.999999683423242,0.999999602791554,0.999999512572846,0.999999412644053,0.999999302884166,0.999999183174161,0.999999053396949,0.999998913437328,0.99999876318194,0.999998602519217,0.999998431339344,0.999998249534211,0.999998056997377,0.999997853624024,0.999997639310927,0.999997413956409,0.999997177460321,0.999996929723983,0.999996670650175,0.999996400143088,0.999996118108317,0.99999582445279,0.999995519084788,0.99999520191388,0.999994872850916,0.999994531807991,0.999994178698429,0.999993813436746,0.999993435938641,0.99999304612096,0.999992643901681,0.999992229199889,0.999991801935767,0.999991362030548,0.999990909406526,0.999990443987024,0.999989965696361,0.999989474459863,0.999988970203821,0.999988452855483,0.999987922343042,0.999987378595611,0.999986821543213,0.999986251116761,0.999985667248046,0.999985069869719,0.999984458915286,0.999983834319086,0.999983196016275,0.999982543942816,0.999981878035472,0.999981198231788,0.999980504470074,0.999979796689403,0.999979074829587,0.999978338831184,0.999977588635466,0.99997682418442,0.999976045420737,0.9999752522878,0.99997444472967,0.99997362269108
0.999999999999999,1,0.999999999999999,1,1,1,1,0.999999999999999,1,1,1,1,1,0.999999999999999,1,1,0.999999999999999,1,1,1,1,1,1,0.999999999999999,1,1,1,1,1,1,1,0.999999999999999,0.999999999999999,1,1,0.999999999999999,1,0.999999999999999,1,1,1,1,1,1,1,0.999999999999998,0.999999999999999,0.999999999999999,1,1,1,0.999999999999999,0.999999999999999,1,1,1,1,1,1,1,1,1,1,1,1,1,1,0.999999999999998,1,1,1,1,0.999999999999999,1,1,1,1,0.999999999999999,1,0.999999999999999,1,1,1,1,1,0.999999999999998,0.999999999999999,1,0.999999999999999,0.999999999999999,1,1,1,0.999999999999999,0.999999999999999,1,0.999999999999998,1,1,1,1,0.999999999999998,0.999999999999999,0.999999999999999,1,1,1,1,1,1,1,1,1,0.999999999999999,0.999999999999999,0.999999999999999,1,1,1,0.999999999999999,1,0.999999999999999,1,1,1,1,0.999999999999999,1,0.999999999999999,0.999999999999999,1,1,1,1,1,1,1,0.999999999999999,0.999999999999999,1,1,1,1,1,1,1,1,1,1,1,1,1,1,1,1,0.999999999999999,1,0.999999999999999,1,1,0.999999999999999,1,0.999999999999999,0.999999999999999,1,0.999999999999999,1,1,0.999999999999999,1,0.999999999999999,1,0.999999999999997,0.999999999999998,1,0.999997079161636,0.9999959724117,0.999995200298938,0.999994611516066,0.999994145752613,0.999993771126787,0.999993468101341,0.999993223537706,0.999993028012982,0.999992874441295,0.999992757296813,0.999992672144281,0.999992615339515,0.999992583829779,0.999992575015824,0.999992586653634,0.999992616782634,0.999992663672024,0.999992725779902,0.999992801721604,0.999992890244789,0.999992990209573,0.999993100572511,0.999993220373515,0.999993348725088,0.999993484803375,0.999993627840647,0.999993777118963,0.999993931964794,0.99999409174438,0.999994255859782,0.999994423745418,0.99999459486508,0.9999947687093,0.999994944793056,0.999995122653733,0.999995301849315,0.999995481956791,0.999995662570718,0.999995843301944,0.99999602377644,0.99999620363428,0.99999638252869,0.9999965601252,0.999996736100869,0.999996910143578,0.99999708195139,0.999997251231958,0.999997417701981,0.999997581086711,0.999997741119492,0.999997897541332,0.999998050100531,0.999998198552291,0.999998342658399,0.999998482186911,0.999998616911858,0.999998746612973,0.999998871075441,0.999998990089668,0.99999910345105,0.999999210959768,0.999999312420593,0.999999407642706,0.999999496439522,0.999999578628532,0.999999654031138,0.999999722472528,0.999999783781521,0.999999837790447,0.999999884335025,0.999999923254244,0.999999954390254,0.999999977588262,0.99999999269643,0.999999999565791,0.99999999805014,0.999999988005967,0.999999969292371,0.999999941770971,0.999999905305849,0.999999859763465,0.999999805012594,0.999999740924262,0.999999667371689,0.99999958423022,0.999999491377268,0.999999388692266,0.999999276056619,0.999999153353631,0.999999020468487,0.99999887728818,0.999998723701487,0.999998559598909,0.999998384872639,0.999998199416526,0.999998003126017,0.999997795898147,0.999997577631483,0.999997348226092,0.99999710758352,0.999996855606748,0.999996592200163,0.999996317269528,0.999996030721956,0.999995732465881,0.999995422411023,0.999995100468376,0.999994766550168,0.999994420569848,0.999994062442051,0.999993692082582,0.999993309408396,0.999992914337567,0.99999250678927,0.999992086683768,0.999991653942376,0.999991208487462,0.999990750242407,0.999990279131605,0.999989795080433,0.999989298015234,0.999988787863307,0.999988264552892,0.999987728013135,0.999987178174099,0.99998661496673,0.999986038322849,0.999985448175133,0.999984844457109,0.999984227103136,0.999983596048382,0.999982951228836,0.999982292581263,0.999981620043217,0.999980933553016,0.999980233049734,0.999979518473191,0.999978789763938,0.999978046863245,0.999977289713099,0.99997651825618,0.999975732435862,0.9999749321962,0.999974117481916,0.999973288238387
0.999999999999999,1,0.999999999999999,1,1,1,0.999999999999999,1,1,0.999999999999999,1,1,0.999999999999998,1,1,0.999999999999999,1,1,1,1,1,1,1,1,1,0.999999999999999,1,1,0.999999999999999,1,1,1,1,1,1,1,1,0.999999999999999,0.999999999999999,0.999999999999999,0.999999999999999,1,1,1,1,1,1,1,1,1,0.999999999999999,0.999999999999999,1,0.999999999999998,1,1,0.999999999999999,1,0.999999999999999,1,1,1,1,1,1,0.999999999999998,1,1,1,1,1,0.999999999999999,1,1,1,1,1,1,1,1,1,1,1,1,1,0.999999999999999,1,1,0.999999999999999,1,0.999999999999999,1,1,1,1,1,1,1,1,1,1,1,1,1,1,1,1,0.999999999999999,0.999999999999999,1,1,1,1,1,1,1,1,1,1,1,1,0.999999999999998,1,1,1,0.999999999999999,1,1,0.999999999999999,1,1,1,1,1,0.999999999999999,1,1,1,0.999999999999999,0.999999999999999,1,1,0.999999999999999,1,1,1,0.999999999999999,0.999999999999999,1,1,1,1,1,1,1,0.999999999999998,1,0.999999999999998,1,1,1,1,1,1,1,0.999999999999999,1,1,1,1,1,1,0.999997664431047,0.999996162436415,0.999995204890057,0.999994493778688,0.999993936597576,0.999993489164644,0.99999312593068,0.999992830359533,0.999992590913085,0.999992399093967,0.999992248383909,0.999992133620797,0.999992050610371,0.999991995872264,0.999991966467235,0.999991959875779,0.999991973910395,0.999992006650707,0.999992056394466,0.999992121619878,0.999992200956184,0.999992293160348,0.99999239709836,0.999992511730061,0.999992636096694,0.999992769310616,0.999992910546693,0.999993059035077,0.999993214055061,0.999993374929866,0.999993541022135,0.999993711730063,0.999993886484033,0.999994064743668,0.999994245995269,0.999994429749536,0.999994615539566,0.999994802919078,0.999994991460817,0.999995180755148,0.99999537040877,0.999995560043582,0.999995749295648,0.999995937814258,0.999996125261077,0.999996311309384,0.999996495643357,0.999996677957435,0.999996857955722,0.999997035351451,0.999997209866486,0.999997381230854,0.999997549182334,0.999997713466049,0.99999787383412,0.999998030045306,0.999998181864713,0.99999832906348,0.999998471418525,0.999998608712282,0.99999874073245,0.999998867271794,0.999998988127915,0.999999103103065,0.999999212003964,0.99999931464161,0.99999941083113,0.999999500391621,0.999999583146005,0.999999658920894,0.999999727546441,0.999999788856246,0.999999842687221,0.99999988887947,0.999999927276206,0.999999957723637,0.999999980070869,0.999999994169824,0.999999999875144,0.999999997044116,0.999999985536583,0.999999965214888,0.999999935943778,0.999999897590354,0.999999850023995,0.999999793116301,0.999999726741025,0.999999650774029,0.999999565093209,0.999999469578464,0.999999364111624,0.999999248576409,0.999999122858398,0.999998986844955,0.9999988404252,0.999998683489972,0.999998515931775,0.999998337644756,0.999998148524645,0.999997948468745,0.999997737375875,0.999997515146344,0.99999728168192,0.999997036885799,0.999996780662573,0.999996512918192,0.999996233559955,0.999995942496465,0.999995639637604,0.999995324894516,0.999994998179576,0.999994659406362,0.999994308489642,0.999993945345342,0.999993569890525,0.999993182043371,0.999992781723158,0.999992368850237,0.999991943346016,0.999991505132939,0.999991054134469,0.999990590275063,0.999990113480167,0.999989623676188,0.999989120790481,0.99998860475133,0.999988075487938,0.99998753293041,0.999986977009727,0.999986407657751,0.999985824807192,0.999985228391607,0.99998461834538,0.999983994603703,0.999983357102582,0.999982705778806,0.999982040569938,0.999981361414312,0.999980668251013,0.999979961019866,0.999979239661428,0.999978504116974,0.999977754328487,0.999976990238654,0.999976211790842,0.9999754189291,0.999974611598145,0.999973789743349,0.999972953310737
1,1,1,1,1,1,0.999999999999999,1,1,0.999999999999999,1,1,0.999999999999999,0.999999999999999,1,0.999999999999998,1,1,1,0.999999999999999,1,0.999999999999998,1,1,1,1,1,1,0.999999999999999,1,0.999999999999998,1,1,1,0.999999999999999,0.999999999999999,1,1,1,1,1,1,0.999999999999999,0.999999999999999,0.999999999999998,1,0.999999999999999,1,1,1,1,0.999999999999999,1,0.999999999999999,0.999999999999999,0.999999999999999,1,1,1,1,1,1,1,1,1,1,1,1,1,0.999999999999999,1,1,0.999999999999999,1,1,0.999999999999999,1,0.999999999999999,1,1,0.999999999999999,1,0.999999999999999,1,1,0.999999999999999,1,1,1,1,1,1,1,1,0.999999999999999,1,0.999999999999999,1,1,1,1,1,1,0.999999999999999,1,1,1,1,1,1,0.999999999999999,1,1,1,1,1,1,1,0.999999999999999,1,1,1,1,1,1,1,1,0.999999999999999,1,1,1,1,1,1,0.999999999999999,1,0.999999999999999,1,0.999999999999999,0.999999999999999,1,1,1,1,1,1,1,1,1,0.999999999999999,1,1,0.999999999999999,1,1,0.999999999999999,0.999999999999999,1,1,0.999999999999999,0.999999999999999,1,0.999999999999999,1,1,1,0.999999999999999,1,0.999999999999999,0.99999896630678,0.999996509965922,0.99999529542158,0.99999443201604,0.999993766259287,0.999993234556464,0.999992802717897,0.999992449602616,0.999992160920479,0.999991926392795,0.999991738278289,0.999991590536212,0.9999914783179,0.999991397641089,0.999991345172137,0.999991318075144,0.999991313904325,0.999991330525219,0.999991366055755,0.999991418821327,0.99999148731996,0.999991570194901,0.999991666212766,0.999991774245897,0.999991893257977,0.999992022292174,0.999992160461303,0.999992306939545,0.999992460955503,0.999992621786249,0.999992788752282,0.999992961213121,0.999993138563568,0.999993320230385,0.999993505669434,0.999993694363145,0.999993885818283,0.999994079563982,0.999994275149984,0.999994472145067,0.999994670135652,0.999994868724535,0.999995067529756,0.999995266183567,0.999995464331513,0.999995661631577,0.999995857753413,0.999996052377647,0.999996245195227,0.999996435906854,0.99999662422241,0.999996809860479,0.999996992547886,0.999997172019267,0.999997348016674,0.99999752028922,0.999997688592727,0.99999785268942,0.999998012347622,0.9999981673415,0.999998317450784,0.999998462460542,0.999998602160953,0.999998736347094,0.999998864818744,0.999998987380196,0.999999103840081,0.999999214011204,0.999999317710391,0.999999414758333,0.999999504979457,0.999999588201788,0.999999664256824,0.999999732979416,0.999999794207671,0.99999984778282,0.999999893549137,0.999999931353826,0.999999961046953,0.999999982481327,0.999999995512448,0.9999999999984,0.999999995799794,0.999999982779686,0.999999960803512,0.999999929739015,0.99999988945619,0.99999983982722,0.999999780726402,0.999999712030129,0.999999633616788,0.999999545366749,0.999999447162289,0.999999338887551,0.999999220428514,0.999999091672922,0.999998952510258,0.999998802831701,0.999998642530087,0.999998471499864,0.999998289637062,0.999998096839256,0.999997893005528,0.999997678036441,0.999997451833997,0.999997214301617,0.999996965344105,0.999996704867615,0.999996432779635,0.999996148988946,0.999995853405605,0.999995545940917,0.999995226507407,0.999994895018803,0.999994551390006,0.99999419553707,0.99999382737718,0.99999344682863,0.99999305381081,0.999992648244166,0.999992230050208,0.999991799151463,0.999991355471481,0.999990898934801,0.999990429466936,0.999989946994364,0.999989451444506,0.999988942745705,0.999988420827217,0.999987885619198,0.999987337052681,0.999986775059566,0.999986199572605,0.999985610525391,0.999985007852339,0.999984391488676,0.999983761370429,0.999983117434415,0.99998245961822,0.99998178786019,0.999981102099431,0.999980402275779,0.999979688329804,0.999978960202788,0.999978217836725,0.9999774611743,0.999976690158887,0.999975904734536,0.999975104845959,0.999974290438531,0.99997346145827,0.999972617851833
0.999999999999998,1,1,1,1,0.999999999999999,1,1,1,1,1,1,0.999999999999999,1,1,0.999999999999999,0.999999999999998,1,1,0.999999999999999,0.999999999999999,0.999999999999999,1,1,1,0.999999999999998,1,1,1,0.999999999999999,1,1,1,1,0.999999999999999,1,1,0.999999999999999,1,1,1,1,1,1,1,0.999999999999999,1,1,0.999999999999999,0.999999999999999,1,1,1,1,1,1,1,0.999999999999998,0.999999999999999,1,1,1,1,1,1,0.999999999999999,1,1,1,1,1,1,1,1,1,1,1,1,1,1,1,0.999999999999998,0.999999999999999,1,1,0.999999999999999,0.999999999999999,1,0.999999999999999,1,0.999999999999999,0.999999999999999,1,1,1,0.999999999999999,1,1,1,1,1,1,0.999999999999999,0.999999999999999,1,1,1,0.999999999999999,1,1,1,1,0.999999999999999,1,1,1,0.999999999999999,1,0.999999999999999,1,1,1,1,1,1,1,0.999999999999999,0.999999999999999,1,1,0.999999999999999,1,1,0.999999999999999,1,1,1,0.999999999999999,1,1,1,1,0.999999999999999,0.999999999999999,1,1,1,1,1,1,0.999999999999999,1,1,0.999999999999999,0.999999999999998,0.999999999999999,1,1,1,1,1,0.999999999999999,1,1,0.999999999999999,0.999999999999999,0.999999999999999,0.999997112775764,0.999995499114284,0.999994438976468,0.999993642090866,0.999993012078759,0.999992501832786,0.999992083802364,0.999991740046956,0.999991458007064,0.999991228417772,0.999991044167536,0.999990899624598,0.999990790215252,0.999990712147139,0.999990662220576,0.999990637695719,0.999990636196498,0.999990655639475,0.999990694180075,0.999990750171288,0.999990822131336,0.999990908718129,0.999991008708709,0.999991120982631,0.999991244508289,0.999991378331634,0.999991521566756,0.999991673387948,0.999991833022998,0.999991999747455,0.99999217287973,0.999992351776836,0.999992535830714,0.99999272446503,0.99999291713235,0.999993113311674,0.999993312506233,0.99999351424157,0.999993718063788,0.999993923538018,0.999994130247029,0.99999433778998,0.9999945457813,0.999994753849667,0.999994961637088,0.999995168798059,0.999995374998795,0.999995579916538,0.999995783238917,0.999995984663352,0.999996183896517,0.999996380653854,0.99999657465909,0.999996765643833,0.99999695334717,0.999997137515297,0.999997317901185,0.999997494264259,0.999997666370113,0.999997833990221,0.99999799690169,0.999998154887009,0.99999830773384,0.999998455234785,0.999998597187199,0.999998733393005,0.999998863658506,0.99999898779423,0.999999105614766,0.99999921693862,0.999999321588069,0.999999419389033,0.999999510170945,0.999999593766636,0.999999670012223,0.999999738746991,0.999999799813298,0.999999853056481,0.999999898324759,0.999999935469135,0.999999964343338,0.999999984803709,0.999999996709148,0.999999999921035,0.999999994303154,0.999999979721624,0.999999956044856,0.999999923143461,0.999999880890206,0.99999982915996,0.999999767829638,0.999999696778141,0.99999961588631,0.99999952503688,0.999999424114439,0.99999931300536,0.999999191597787,0.999999059781573,0.999998917448252,0.999998764490992,0.999998600804561,0.999998426285291,0.999998240831044,0.999998044341178,0.999997836716511,0.999997617859296,0.999997387673189,0.999997146063208,0.999996892935728,0.999996628198428,0.999996351760285,0.999996063531534,0.999995763423651,0.999995451349323,0.999995127222429,0.999994790958016,0.999994442472279,0.999994081682526,0.999993708507183,0.999993322865747,0.999992924678778,0.999992513867886,0.999992090355699,0.999991654065857,0.999991204922984,0.999990742852677,0.999990267781489,0.999989779636906,0.999989278347344,0.999988763842121,0.99998823605145,0.999987694906417,0.999987140338971,0.999986572281913,0.999985990668877,0.999985395434317,0.9999847865135,0.999984163842484,0.999983527358111,0.999982876997998,0.999982212700518,0.999981534404796,0.999980842050685,0.999980135578776,0.999979414930363,0.999978680047453,0.999977930872739,0.999977167349604,0.999976389422105,0.99997559703496,0.999974790133541,0.999973968663869,0.999973132572599,0.999972281807017
1,1,1,1,1,1,1,0.999999999999999,1,1,1,0.999999999999999,0.999999999999999,1,0.999999999999999,1,1,1,0.999999999999999,1,1,0.999999999999999,1,0.999999999999999,1,1,1,1,0.999999999999999,1,1,1,1,1,1,1,1,1,1,0.999999999999999,1,1,1,1,0.999999999999999,1,0.999999999999999,1,1,1,1,1,1,1,0.999999999999998,1,1,1,1,1,1,1,1,1,1,1,1,1,1,1,0.999999999999998,0.999999999999999,1,0.999999999999999,1,0.999999999999999,1,1,1,1,0.999999999999999,1,0.999999999999999,1,0.999999999999999,1,1,0.999999999999999,0.999999999999998,1,0.999999999999999,1,1,1,0.999999999999999,1,1,1,0.999999999999999,0.999999999999999,1,0.999999999999998,1,1,1,1,1,0.999999999999999,1,0.999999999999999,0.999999999999998,1,0.999999999999999,0.999999999999999,0.999999999999999,0.999999999999999,1,0.999999999999999,0.999999999999999,1,1,0.999999999999999,1,1,1,0.999999999999999,1,1,0.999999999999999,1,0.999999999999999,1,0.999999999999999,1,0.999999999999999,1,1,0.999999999999998,1,1,1,1,1,0.999999999999999,0.999999999999999,1,0.999999999999999,1,0.999999999999999,1,1,1,0.999999999999999,1,1,1,1,1,1,0.999999999999999,1,0.999999999999999,1,1,0.999998303785957,0.999995859981424,0.999994530343144,0.999993571335279,0.99999282550942,0.999992225409468,0.999991734255587,0.999991329150251,0.999990994565509,0.999990719317323,0.999990494980435,0.999990314982886,0.999990174053654,0.999990067867815,0.999989992808842,0.999989945803768,0.999989924205478,0.999989925706545,0.999989948274763,0.99998999010402,0.999990049576207,0.999990125231262,0.999990215743295,0.999990319901325,0.999990436593575,0.999990564794539,0.999990703554246,0.999990851989253,0.999991009275062,0.999991174639658,0.999991347357986,0.999991526747215,0.999991712162609,0.999991902993968,0.999992098662492,0.99999229861804,0.999992502336713,0.999992709318705,0.999992919086408,0.999993131182703,0.999993345169442,0.999993560626091,0.999993777148494,0.999993994347754,0.999994211849245,0.999994429291684,0.999994646326303,0.999994862616095,0.99999507783511,0.999995291667826,0.999995503808567,0.999995713960948,0.999995921837399,0.999996127158698,0.99999632965354,0.999996529058155,0.999996725115938,0.999996917577101,0.999997106198371,0.999997290742686,0.999997470978916,0.999997646681614,0.99999781763077,0.999997983611577,0.999998144414233,0.999998299833729,0.999998449669663,0.999998593726067,0.999998731811234,0.999998863737563,0.99999898932141,0.999999108382944,0.99999922074602,0.999999326238036,0.999999424689834,0.99999951593557,0.99999959981261,0.999999676161433,0.999999744825519,0.99999980565127,0.999999858487911,0.999999903187406,0.999999939604383,0.999999967596047,0.999999987022115,0.999999997744736,0.999999999628432,0.999999992540025,0.999999976348579,0.999999950925339,0.999999916143671,0.999999871879016,0.999999818008824,0.99999975441251,0.999999680971407,0.999999597568715,0.999999504089462,0.99999940042044,0.999999286450197,0.999999162068967,0.999999027168642,0.999998881642737,0.999998725386346,0.999998558296117,0.999998380270205,0.999998191208252,0.999997991011344,0.99999777958199,0.999997556824086,0.999997322642888,0.999997076944982,0.99999681963826,0.999996550631896,0.999996269836317,0.999995977163175,0.999995672525327,0.999995355836815,0.99999502701284,0.999994685969736,0.999994332624956,0.999993966897054,0.999993588705647,0.999993197971417,0.999992794616084,0.999992378562378,0.999991949734041,0.999991508055786,0.999991053453301,0.999990585853221,0.999990105183113,0.999989611371462,0.999989104347655,0.999988584041971,0.999988050385554,0.999987503310415,0.999986942749401,0.999986368636199,0.999985780905307,0.999985179492033,0.999984564332472,0.999983935363512,0.999983292522792,0.999982635748718,0.999981964980441,0.999981280157843,0.999980581221532,0.999979868112825,0.999979140773742,0.999978399146997,0.999977643175983,0.999976872804769,0.999976087978076,0.999975288641291,0.999974474740435,0.99997364622217,0.999972803033779,0.999971945123164
1,1,1,0.999999999999999,1,1,0.999999999999998,0.999999999999998,1,0.999999999999999,1,0.999999999999998,0.999999999999999,1,1,1,0.999999999999998,1,1,1,0.999999999999999,1,1,1,1,1,0.999999999999999,0.999999999999999,0.999999999999998,1,0.999999999999999,1,1,1,1,1,1,1,1,1,1,1,0.999999999999999,0.999999999999999,0.999999999999999,1,0.999999999999999,0.999999999999998,1,0.999999999999999,1,0.999999999999999,0.999999999999999,0.999999999999999,1,1,0.999999999999999,1,0.999999999999999,1,1,1,1,1,1,1,1,1,1,1,1,1,0.999999999999999,1,1,1,1,0.999999999999999,0.999999999999999,1,0.999999999999999,0.999999999999999,1,0.999999999999999,1,0.999999999999998,1,0.999999999999998,1,1,1,0.999999999999999,1,1,0.999999999999998,0.999999999999999,0.999999999999999,1,1,1,1,1,0.999999999999999,1,1,0.999999999999999,1,0.999999999999999,1,0.999999999999999,0.999999999999999,1,1,0.999999999999999,1,1,1,1,1,0.999999999999999,1,1,1,1,1,1,1,1,1,0.999999999999999,1,1,1,1,1,0.999999999999999,1,0.999999999999998,1,1,1,0.999999999999999,1,0.999999999999999,1,1,1,1,1,0.999999999999998,1,1,1,1,0.999999999999999,1,1,1,0.999999999999999,0.999999999999999,1,1,0.999996463503103,0.999994723793367,0.999993557711841,0.999992674265104,0.999991971470538,0.999991398657964,0.999990926018253,0.999990534107213,0.999990209314562,0.999989941609614,0.999989723302645,0.999989548312114,0.999989411705489,0.999989309397933,0.999989237946972,0.999989194408035,0.999989176230046,0.999989181178193,0.999989207275641,0.999989252758728,0.99998931604201,0.99998939569058,0.999989490397877,0.999989598967702,0.999989720299469,0.999989853376028,0.999989997253495,0.999990151052697,0.999990313951945,0.999990485180857,0.99999066401506,0.999990849771633,0.999991041805129,0.999991239504125,0.999991442288203,0.999991649605262,0.99999186092919,0.999992075757757,0.999992293610766,0.999992514028382,0.999992736569642,0.999992960811131,0.999993186345752,0.99999341278164,0.999993639741183,0.999993866860099,0.999994093786629,0.999994320180788,0.99999454571366,0.999994770066787,0.999994992931578,0.999995214008775,0.99999543300796,0.999995649647106,0.999995863652143,0.999996074756573,0.999996282701104,0.999996487233308,0.999996688107311,0.999996885083495,0.999997077928216,0.999997266413558,0.99999745031708,0.999997629421592,0.999997803514946,0.999997972389832,0.999998135843589,0.999998293678027,0.999998445699258,0.999998591717539,0.999998731547119,0.999998865006106,0.999998991916316,0.999999112103164,0.999999225395529,0.999999331625643,0.999999430628985,0.999999522244178,0.999999606312875,0.999999682679685,0.999999751192073,0.999999811700275,0.999999864057212,0.999999908118424,0.999999943741976,0.99999997078841,0.99999998912065,0.999999998603959,0.999999999105863,0.999999990496096,0.999999972646541,0.999999945431168,0.999999908725993,0.999999862409014,0.999999806360171,0.999999740461294,0.999999664596053,0.999999578649923,0.999999482510137,0.999999376065641,0.99999925920706,0.999999131826656,0.9999989938183,0.999998845077423,0.99999868550099,0.999998514987463,0.999998333436774,0.999998140750284,0.999997936830768,0.999997721582374,0.999997494910596,0.999997256722245,0.99999700692544,0.999996745429551,0.999996472145202,0.999996186984234,0.999995889859684,0.999995580685759,0.999995259377823,0.999994925852365,0.999994580026981,0.999994221820359,0.999993851152251,0.999993467943469,0.999993072115836,0.999992663592205,0.999992242296417,0.999991808153291,0.999991361088606,0.999990901029087,0.999990427902385,0.999989941637065,0.99998944216259,0.999988929409306,0.99998840330843,0.999987863792028,0.99998731079301,0.999986744245115,0.999986164082897,0.999985570241706,0.999984962657688,0.999984341267762,0.999983706009614,0.999983056821681,0.99998239364315,0.99998171641393,0.999981025074654,0.99998031956667,0.999979599832016,0.999978865813425,0.999978117454309,0.99997735469875,0.99997657749149,0.999975785777918,0.999974979504074,0.999974158616618,0.999973323062847,0.999972472790662,0.999971607748584
1,0.999999999999999,1,0.999999999999999,1,0.999999999999999,0.999999999999999,1,0.999999999999999,1,0.999999999999999,1,0.999999999999999,1,1,1,1,1,0.999999999999999,1,0.999999999999999,0.999999999999999,1,1,1,0.999999999999999,1,1,1,0.999999999999999,0.999999999999999,1,1,0.999999999999999,0.999999999999998,1,1,1,0.999999999999999,0.999999999999999,1,1,1,1,1,1,1,1,0.999999999999999,1,1,1,1,0.999999999999999,1,0.999999999999999,1,0.999999999999999,0.999999999999999,1,0.999999999999999,0.999999999999999,1,1,1,1,0.999999999999999,1,1,1,1,0.999999999999999,0.999999999999999,0.999999999999998,1,1,1,1,1,1,1,0.999999999999999,1,1,0.999999999999999,0.999999999999999,0.999999999999999,1,1,1,0.999999999999999,1,1,1,1,0.999999999999999,1,0.999999999999998,1,0.999999999999999,1,1,0.999999999999999,1,1,0.999999999999999,1,1,1,1,1,1,0.999999999999999,1,0.999999999999999,1,1,1,1,0.999999999999999,0.999999999999999,0.999999999999999,0.999999999999999,1,0.999999999999999,0.999999999999999,0.999999999999999,0.999999999999999,0.999999999999999,1,0.999999999999999,1,1,1,1,1,1,1,1,1,1,1,1,1,1,1,1,1,1,1,1,1,0.999999999999999,1,1,1,0.999999999999999,1,1,0.999997560865654,0.999995022232748,0.999993582494364,0.999992538610253,0.999991722937639,0.999991062980966,0.99999051932291,0.999990067533519,0.999989691109041,0.999989378195605,0.999989119879617,0.999988909215735,0.99998874063652,0.99998860957469,0.999988512210874,0.999988445299144,0.999988406042667,0.999988392002801,0.999988401031188,0.99998843121799,0.999988480851803,0.999988548388116,0.999988632424179,0.999988731678719,0.999988844975395,0.99998897122917,0.99998910943499,0.999989258658286,0.999989418026962,0.999989586724575,0.999989763984501,0.999989949084915,0.999990141344442,0.999990340118371,0.999990544795336,0.999990754794427,0.9999909695626,0.99999118857243,0.999991411320067,0.99999163732344,0.999991866120649,0.999992097268506,0.99999233034123,0.999992564929266,0.999992800638215,0.999993037087863,0.999993273911292,0.999993510754074,0.999993747273537,0.999993983138076,0.99999421802654,0.999994451627652,0.999994683639488,0.999994913768976,0.999995141731458,0.999995367250257,0.999995590056303,0.99999580988775,0.999996026489663,0.999996239613681,0.999996449017741,0.999996654465787,0.999996855727521,0.999997052578168,0.999997244798231,0.999997432173295,0.999997614493818,0.999997791554943,0.999997963156318,0.999998129101932,0.999998289199954,0.999998443262578,0.999998591105891,0.999998732549728,0.999998867417544,0.999998995536302,0.999999116736345,0.999999230851295,0.999999337717947,0.999999437176163,0.999999529068789,0.999999613241554,0.999999689542979,0.999999757824315,0.999999817939446,0.999999869744819,0.99999991309937,0.999999947864459,0.999999973903796,0.999999991083394,0.999999999271482,0.999999998338473,0.999999988156886,0.999999968601311,0.999999939548341,0.999999900876533,0.999999852466355,0.999999794200137,0.999999725962032,0.999999647637976,0.999999559115632,0.999999460284365,0.999999351035198,0.999999231260773,0.999999100855318,0.999998959714608,0.999998807735935,0.999998644818079,0.999998470861265,0.999998285767145,0.999998089438759,0.999997881780516,0.999997662698155,0.99999743209873,0.999997189890572,0.999996935983273,0.999996670287661,0.999996392715767,0.999996103180816,0.999995801597192,0.999995487880423,0.99999516194716,0.99999482371515,0.999994473103228,0.999994110031282,0.99999373442025,0.999993346192087,0.999992945269763,0.999992531577228,0.999992105039407,0.999991665582182,0.99999121313237,0.999990747617717,0.999990268966872,0.999989777109379,0.99998927197566,0.999988753497002,0.999988221605542,0.999987676234253,0.999987117316938,0.9999865447882,0.99998595858345,0.999985358638876,0.999984744891449,0.999984117278896,0.999983475739698,0.999982820213074,0.999982150638967,0.999981466958049,0.99998076911169,0.999980057041962,0.999979330691617,0.999978590004092,0.999977834923486,0.999977065394562,0.999976281362724,0.999975482774025,0.99997466957514,0.999973841713371,0.999972999136633,0.999972141793449,0.999971269632935
1,1,1,1,1,1,1,1,1,1,1,0.999999999999999,1,1,1,1,1,0.999999999999999,1,1,1,1,1,1,0.999999999999998,0.999999999999999,1,0.999999999999999,1,1,0.999999999999999,1,1,1,0.999999999999999,1,1,1,1,1,1,1,1,1,1,1,1,1,1,1,1,0.999999999999998,1,1,1,1,1,1,1,1,0.999999999999999,1,1,1,1,1,1,1,1,0.999999999999999,1,1,0.999999999999998,0.999999999999999,1,1,0.999999999999999,1,1,0.999999999999999,1,0.999999999999999,1,1,1,1,1,1,1,1,1,1,0.999999999999999,1,0.999999999999999,1,1,0.999999999999999,1,1,1,1,1,1,1,0.999999999999999,1,1,1,0.999999999999999,0.999999999999998,1,1,1,1,1,0.999999999999999,1,0.999999999999999,1,1,0.999999999999999,0.999999999999998,1,1,1,0.999999999999998,0.999999999999999,1,0.999999999999999,1,0.999999999999999,1,0.999999999999999,1,1,1,1,1,1,1,1,1,1,1,1,0.999999999999999,1,0.999999999999999,0.999999999999999,0.999999999999999,0.999999999999999,1,0.999999999999999,1,1,1,0.999994965551058,0.999993392939011,0.999992267597215,0.999991382902279,0.99999066166399,0.999990062942217,0.99998956140566,0.999989139876069,0.999988785956925,0.99998849028698,0.999988245546923,0.999988045854061,0.999987886373195,0.999987763055522,0.999987672457206,0.999987611609514,0.999987577923515,0.999987569118631,0.999987583168048,0.999987618256284,0.999987672745773,0.999987745150173,0.999987834112757,0.999987938388827,0.999988056831166,0.999988188377936,0.999988332042556,0.999988486905122,0.999988652105119,0.999988826835185,0.999989010335724,0.999989201890264,0.999989400821394,0.999989606487226,0.999989818278288,0.999990035614758,0.99999025794405,0.999990484738643,0.999990715494153,0.999990949727604,0.999991186975875,0.99999142679431,0.999991668755445,0.999991912447872,0.999992157475205,0.999992403455115,0.999992650018492,0.999992896808641,0.999993143480564,0.999993389700296,0.999993635144291,0.999993879498861,0.999994122459658,0.99999436373119,0.999994603026369,0.999994840066109,0.999995074578931,0.999995306300614,0.999995534973846,0.999995760347924,0.999995982178458,0.999996200227101,0.999996414261287,0.999996624053993,0.999996829383519,0.999997030033256,0.999997225791514,0.999997416451315,0.999997601810214,0.999997781670138,0.999997955837229,0.999998124121682,0.999998286337613,0.999998442302915,0.999998591839142,0.999998734771371,0.999998870928102,0.999999000141134,0.999999122245473,0.999999237079218,0.999999344483475,0.999999444302268,0.999999536382442,0.999999620573588,0.999999696727966,0.999999764700415,0.999999824348298,0.999999875531419,0.999999918111966,0.999999951954437,0.999999976925589,0.99999999289437,0.99999999973187,0.999999997311255,0.999999985507735,0.999999964198489,0.999999933262634,0.999999892581174,0.99999984203695,0.999999781514602,0.999999710900527,0.999999630082836,0.999999538951312,0.999999437397385,0.999999325314079,0.999999202595993,0.99999906913925,0.999998924841481,0.999998769601781,0.999998603320683,0.999998425900129,0.999998237243445,0.999998037255292,0.999997825841674,0.999997602909881,0.999997368368479,0.999997122127278,0.99999686409732,0.999996594190834,0.999996312321236,0.999996018403093,0.999995712352109,0.999995394085098,0.99999506351997,0.999994720575706,0.999994365172344,0.999993997230952,0.999993616673624,0.999993223423443,0.999992817404486,0.999992398541788,0.999991966761333,0.999991521990049,0.999991064155766,0.999990593187234,0.999990109014079,0.999989611566807,0.999989100776782,0.999988576576214,0.999988038898146,0.999987487676443,0.999986922845775,0.999986344341607,0.999985752100185,0.999985146058529,0.999984526154417,0.999983892326372,0.999983244513654,0.999982582656252,0.999981906694869,0.999981216570906,0.999980512226473,0.999979793604348,0.999979060647999,0.999978313301541,0.999977551509764,0.999976775218092,0.999975984372596,0.999975178919969,0.999974358807523,0.999973523983188,0.999972674395495,0.999971809993575,0.999970930727139
1,0.999999999999999,1,0.999999999999999,1,1,1,0.999999999999999,1,1,1,0.999999999999999,0.999999999999999,0.999999999999999,1,0.999999999999999,1,1,1,1,1,0.999999999999999,1,1,0.999999999999999,1,0.999999999999998,1,1,0.999999999999999,0.999999999999999,1,1,1,0.999999999999999,1,1,1,0.999999999999999,0.999999999999999,1,1,1,1,1,1,1,1,1,1,1,0.999999999999999,1,1,1,1,1,1,0.999999999999999,1,1,0.999999999999998,1,1,1,1,1,1,1,1,1,1,1,0.999999999999999,1,1,1,0.999999999999999,1,1,1,0.999999999999999,1,0.999999999999999,1,0.999999999999999,1,1,1,1,1,0.999999999999999,1,1,1,0.999999999999999,1,1,1,1,1,1,1,1,1,0.999999999999999,1,1,1,1,1,1,1,1,1,1,1,1,1,1,1,1,1,1,1,0.999999999999999,0.999999999999999,1,0.999999999999999,1,1,1,1,1,1,1,0.999999999999999,1,0.999999999999999,1,1,0.999999999999998,1,1,1,0.999999999999999,1,1,0.999999999999999,0.999999999999999,1,1,0.999999999999999,0.999999999999999,0.999997470746434,0.999995865256683,0.999999101655981,0.999989193995783,0.999989613286319,0.999989273160056,0.999988853069549,0.999988453347082,0.99998809654695,0.999987786810617,0.99998752288552,0.999987301889192,0.999987120565786,0.999986975730434,0.99998686442019,0.999986783932515,0.999986731820151,0.999986705870203,0.999986704078903,0.99998672462677,0.999986765855912,0.999986826250033,0.999986904417078,0.999986999074304,0.999987109035444,0.999987233199716,0.999987370542356,0.999987520106465,0.999987680995942,0.999987852369374,0.999988033434708,0.999988223444578,0.99998842169223,0.999988627507916,0.999988840255712,0.999989059330711,0.999989284156501,0.99998951418293,0.999989748884119,0.999989987756648,0.999990230317943,0.999990476104825,0.999990724672175,0.999990975591748,0.999991228451077,0.999991482852485,0.999991738412172,0.99999199475939,0.999992251535683,0.99999250839418,0.999992764998961,0.999993021024456,0.9999932761549,0.999993530083818,0.999993782513569,0.999994033154892,0.999994281726512,0.999994527954758,0.999994771573203,0.999995012322348,0.999995249949301,0.999995484207498,0.999995714856426,0.999995941661373,0.999996164393189,0.999996382828063,0.999996596747307,0.999996805937164,0.999997010188613,0.999997209297198,0.999997403062855,0.999997591289761,0.999997773786173,0.999997950364294,0.999998120840137,0.999998285033391,0.999998442767304,0.999998593868566,0.9999987381672,0.999998875496455,0.999999005692701,0.999999128595345,0.999999244046732,0.999999351892054,0.999999451979277,0.999999544159053,0.999999628284643,0.999999704211857,0.999999771798964,0.999999830906646,0.999999881397909,0.99999992313805,0.999999955994573,0.999999979837143,0.999999994537532,0.999999999969562,0.999999996009059,0.999999982533799,0.999999959423464,0.999999926559598,0.999999883825556,0.999999831106472,0.999999768289211,0.999999695262334,0.999999611916056,0.99999951814221,0.999999413834218,0.999999298887047,0.999999173197178,0.999999036662588,0.999998889182693,0.999998730658342,0.999998560991772,0.99999838008659,0.99999818784774,0.999997984181476,0.999997768995338,0.999997542198131,0.999997303699897,0.999997053411882,0.999996791246531,0.999996517117458,0.999996230939419,0.999995932628293,0.999995622101073,0.999995299275828,0.999994964071698,0.999994616408869,0.999994256208556,0.999993883392982,0.999993497885368,0.999993099609908,0.999992688491756,0.999992264457014,0.999991827432707,0.999991377346777,0.99999091412806,0.999990437706283,0.999989948012032,0.999989444976759,0.999988928532748,0.999988398613122,0.999987855151809,0.999987298083551,0.999986727343874,0.999986142869087,0.99998554459626,0.999984932463227,0.99998430640856,0.999983666371567,0.99998301229228,0.99998234411144,0.999981661770492,0.999980965211578,0.999980254377509,0.999979529211783,0.999978789658548,0.999978035662617,0.999977267169439,0.999976484125103,0.999975686476323,0.999974874170436,0.999974047155383,0.999973205379711,0.999972348792557,0.999971477343653,0.999970590983296
0.999999999999999,1,1,1,0.999999999999999,1,1,0.999999999999999,1,1,0.999999999999999,1,0.999999999999999,1,0.999999999999999,0.999999999999999,1,1,0.999999999999999,1,1,1,1,0.999999999999999,1,1,1,1,1,1,1,1,1,0.999999999999999,1,1,0.999999999999999,1,0.999999999999998,0.999999999999999,0.999999999999999,1,1,1,1,1,1,1,0.999999999999999,0.999999999999999,1,1,1,1,0.999999999999999,1,1,1,1,0.999999999999999,1,0.999999999999999,1,1,1,0.999999999999998,1,0.999999999999999,0.999999999999999,1,0.999999999999999,1,1,1,1,1,0.999999999999998,0.999999999999999,1,1,0.999999999999999,1,1,0.999999999999999,1,1,1,1,1,1,1,1,1,1,1,1,1,1,1,1,1,1,1,1,1,1,0.999999999999999,1,1,0.999999999999999,0.999999999999999,1,0.999999999999999,1,1,0.999999999999999,1,1,1,0.999999999999999,1,0.999999999999999,0.999999999999999,1,1,0.999999999999999,1,1,1,1,0.999999999999999,0.999999999999999,1,1,1,1,1,1,1,0.999999999999999,1,1,1,1,0.999999999999999,1,0.999999999999999,0.999999999999999,1,1,1,1,0.999995594789139,0.999993907126885,0.999992931973075,0.999992756041797,0.999996680401423,0.999984123552715,0.999986659415637,0.999986880110869,0.999986777109431,0.999986600998266,0.999986417835362,0.999986250171757,0.999986106356861,0.999985989209552,0.99998589916561,0.999985835581567,0.999985797325354,0.999985783060309,0.999985791386835,0.999985820913992,0.999985870295121,0.999985938244497,0.999986023543771,0.999986125042931,0.999986241658386,0.999986372369578,0.999986516214963,0.999986672287825,0.99998683973212,0.999987017738548,0.999987205540879,0.999987402412552,0.999987607663583,0.999987820637718,0.99998804070987,0.999988267283779,0.999988499789884,0.99998873768341,0.999988980442609,0.999989227567172,0.999989478576782,0.999989733009792,0.999989990422021,0.999990250385653,0.999990512488228,0.999990776331715,0.999991041531662,0.999991307716422,0.99999157452642,0.99999184161349,0.999992108640274,0.999992375279639,0.999992641214148,0.999992906135587,0.999993169744487,0.999993431749726,0.999993691868107,0.999993949824017,0.999994205349055,0.999994458181732,0.999994708067157,0.999994954756759,0.999995198008021,0.999995437584228,0.999995673254231,0.999995904792231,0.999996131977568,0.999996354594519,0.999996572432121,0.999996785283989,0.99999699294815,0.999997195226886,0.999997391926589,0.999997582857614,0.999997767834144,0.999997946674065,0.999998119198845,0.999998285233413,0.999998444606057,0.999998597148308,0.999998742694852,0.999998881083426,0.999999012154727,0.999999135752335,0.999999251722606,0.999999359914621,0.999999460180091,0.999999552373286,0.99999963635097,0.999999711972331,0.999999779098909,0.999999837594555,0.999999887325347,0.999999928159543,0.999999959967533,0.999999982621769,0.999999995996729,0.999999999968867,0.999999994416551,0.999999979220035,0.99999995426141,0.999999919424546,0.999999874595077,0.999999819660342,0.999999754509355,0.999999679032765,0.999999593122819,0.999999496673336,0.999999389579666,0.999999271738648,0.999999143048606,0.999999003409288,0.999998852721861,0.999998690888866,0.999998517814199,0.999998333403083,0.999998137562034,0.999997930198851,0.999997711222582,0.999997480543493,0.999997238073064,0.999996983723947,0.999996717409954,0.999996439046043,0.999996148548279,0.999995845833826,0.99999553082093,0.999995203428887,0.999994863578044,0.999994511189759,0.999994146186399,0.999993768491319,0.999993378028843,0.999992974724246,0.999992558503747,0.999992129294486,0.999991687024507,0.999991231622754,0.999990763019043,0.999990281144059,0.999989785929332,0.999989277307239,0.999988755210978,0.999988219574552,0.999987670332773,0.999987107421236,0.999986530776311,0.999985940335133,0.99998533603559,0.999984717816309,0.999984085616648,0.999983439376689,0.999982779037217,0.999982104539719,0.999981415826374,0.999980712840036,0.999979995524232,0.999979263823149,0.99997851768162,0.999977757045132,0.999976981859794,0.999976192072347,0.999975387630144,0.999974568481152,0.999973734573933,0.999972885857645,0.999972022282023,0.99997114379739,0.999970250354629
1,1,1,1,0.999999999999999,1,1,0.999999999999999,0.999999999999998,1,1,1,1,1,0.999999999999999,1,0.999999999999999,0.999999999999999,1,1,0.999999999999999,1,0.999999999999999,1,1,1,0.999999999999998,1,1,1,1,1,1,1,1,1,0.999999999999999,1,1,1,1,1,1,1,0.999999999999999,1,0.999999999999998,1,0.999999999999999,0.999999999999999,0.999999999999999,1,1,1,1,1,1,1,1,1,1,1,1,1,1,0.999999999999999,1,0.999999999999999,0.999999999999999,1,1,0.999999999999999,1,1,1,1,0.999999999999999,1,0.999999999999999,0.999999999999999,0.999999999999999,1,1,1,0.999999999999999,1,1,1,1,1,0.999999999999998,0.999999999999998,0.999999999999999,0.999999999999999,1,0.999999999999999,0.999999999999999,0.999999999999998,1,1,0.999999999999999,1,1,1,1,1,1,0.999999999999999,0.999999999999998,1,1,0.999999999999998,0.999999999999999,1,1,0.999999999999999,1,1,1,0.999999999999999,1,1,1,1,1,1,0.999999999999998,1,1,1,0.999999999999998,1,1,0.999999999999999,1,1,0.999999999999999,1,1,1,0.999999999999999,0.999999999999999,1,1,1,0.999999999999999,1,1,1,0.999996573194491,0.999994098855254,0.999992572625959,0.999991485705078,0.999990719530476,0.999990289808866,0.999990452652435,0.999993231907878,0.999976707757251,0.999983963235209,0.999984785026298,0.99998496293194,0.999984972936344,0.999984931847411,0.999984880473292,0.999984835682399,0.999984804986933,0.999984791717927,0.999984797166846,0.999984821572529,0.99998486461315,0.999984925666097,0.999985003951332,0.999985098612903,0.999985208766231,0.999985333525764,0.999985472021046,0.99998562340586,0.999985786863106,0.999985961607076,0.999986146884126,0.999986341972368,0.999986546180763,0.9999867588479,0.999986979340598,0.999987207052404,0.999987441402143,0.999987681832435,0.999987927808316,0.999988178815907,0.999988434361158,0.999988693968684,0.999988957180658,0.999989223555792,0.999989492668389,0.999989764107445,0.999990037475863,0.999990312389636,0.999990588477181,0.999990865378658,0.999991142745362,0.999991420239156,0.999991697531925,0.9999919743051,0.999992250249175,0.999992525063289,0.999992798454813,0.999993070138983,0.999993339838526,0.999993607283353,0.999993872210226,0.999994134362484,0.999994393489748,0.999994649347678,0.999994901697726,0.9999951503069,0.999995394947549,0.999995635397167,0.999995871438187,0.999996102857811,0.999996329447817,0.999996551004416,0.999996767328088,0.999996978223427,0.999997183499012,0.999997382967263,0.999997576444326,0.999997763749943,0.999997944707332,0.999998119143093,0.999998286887092,0.999998447772366,0.999998601635021,0.999998748314149,0.999998887651734,0.999999019492573,0.999999143684193,0.999999260076779,0.999999368523096,0.999999468878417,0.999999561000468,0.99999964474934,0.999999719987453,0.999999786579479,0.999999844392288,0.999999893294894,0.999999933158403,0.999999963855961,0.999999985262702,0.999999997255701,0.999999999713933,0.99999999251822,0.999999975551198,0.999999948697266,0.999999911842556,0.999999864874885,0.999999807683727,0.999999740160167,0.999999662196872,0.999999573688062,0.999999474529464,0.999999364618297,0.999999243853225,0.99999911213434,0.999998969363123,0.999998815442432,0.999998650276454,0.99999847377069,0.999998285831938,0.999998086368246,0.999997875288911,0.999997652504441,0.99999741792654,0.99999717146808,0.99999691304308,0.999996642566694,0.999996359955184,0.999996065125891,0.999995757997238,0.99999543848869,0.999995106520749,0.999994762014932,0.999994404893746,0.999994035080687,0.999993652500215,0.999993257077735,0.999992848739581,0.999992427413015,0.99999199302619,0.999991545508154,0.999991084788825,0.999990610798987,0.999990123470259,0.999989622735109,0.999989108526812,0.999988580779459,0.999988039427928,0.999987484407893,0.999986915655789,0.999986333108815,0.99998573670492,0.999985126382791,0.999984502081842,0.999983863742202,0.999983211304707,0.999982544710893,0.999981863902976,0.999981168823861,0.999980459417102,0.999979735626929,0.99997899739821,0.999978244676456,0.999977477407811,0.999976695539045,0.999975899017532,0.999975087791262,0.999974261808818,0.999973421019378,0.999972565372701,0.999971694819117,0.999970809309527,0.999969908795394
1,1,1,0.999999999999999,1,0.999999999999999,1,1,1,1,0.999999999999999,1,1,0.999999999999999,1,0.999999999999999,1,1,1,1,1,1,1,1,1,1,1,1,1,1,1,1,1,0.999999999999999,0.999999999999999,1,0.999999999999998,0.999999999999999,0.999999999999999,1,1,1,1,1,1,1,1,1,1,1,1,0.999999999999999,1,1,0.999999999999998,1,1,1,1,1,0.999999999999999,1,1,1,1,1,0.999999999999999,0.999999999999999,0.999999999999999,0.999999999999998,0.999999999999999,1,1,1,1,1,1,1,1,1,1,1,0.999999999999999,1,0.999999999999999,1,1,1,0.999999999999999,1,1,1,0.999999999999999,0.999999999999999,0.999999999999999,1,1,1,1,1,0.999999999999999,1,1,1,1,1,0.999999999999999,1,1,0.999999999999999,0.999999999999999,0.999999999999999,1,0.999999999999999,1,1,1,1,0.999999999999999,1,1,1,1,1,1,1,0.999999999999999,1,1,1,0.999999999999999,1,1,1,1,1,1,1,1,1,1,1,0.999999999999999,0.999999999999999,1,1,0.999999371645009,0.999994726472927,0.999992745453229,0.99999134736814,0.999990279377346,0.999989447398404,0.999988813630281,0.999988378548737,0.999988200046627,0.999988510636953,0.999990635427849,0.999951444979416,0.999981243201109,0.999982856508407,0.999983321482497,0.999983503222888,0.999983587766192,0.99998363754279,0.999983678499783,0.999983722755339,0.999983776306703,0.999983842144085,0.999983921668922,0.999984015399344,0.999984123345486,0.999984245219752,0.999984380559508,0.999984528800945,0.999984689324621,0.999984861484019,0.999985044623631,0.999985238090441,0.999985441241177,0.999985653446793,0.999985874095137,0.999986102592411,0.999986338363851,0.999986580853833,0.999986829525687,0.999987083861221,0.999987343360178,0.999987607539536,0.999987875932818,0.999988148089364,0.999988423573614,0.999988701964382,0.999988982854197,0.99998926584862,0.999989550565629,0.999989836635013,0.999990123697804,0.999990411405754,0.999990699420811,0.999990987414652,0.999991275068234,0.999991562071366,0.99999184812231,0.999992132927412,0.999992416200739,0.999992697663752,0.99999297704499,0.999993254079778,0.999993528509942,0.999993800083544,0.999994068554643,0.999994333683049,0.999994595234109,0.999994852978487,0.999995106691974,0.999995356155301,0.999995601153947,0.999995841477982,0.999996076921893,0.999996307284451,0.999996532368546,0.999996751981055,0.999996965932713,0.999997174037991,0.99999737611496,0.999997571985196,0.999997761473665,0.999997944408608,0.999998120621458,0.999998289946737,0.999998452221966,0.999998607287578,0.999998754986834,0.999998895165747,0.999999027672998,0.999999152359877,0.999999269080193,0.999999377690227,0.999999478048647,0.999999570016462,0.999999653456955,0.999999728235623,0.999999794220129,0.999999851280241,0.999999899287786,0.999999938116595,0.99999996764246,0.999999987743086,0.999999998298049,0.999999999188744,0.999999990298356,0.999999971511815,0.999999942715749,0.999999903798461,0.99999985464988,0.99999979516154,0.999999725226526,0.999999644739463,0.999999553596464,0.99999945169512,0.999999338934449,0.999999215214887,0.999999080438239,0.999998934507674,0.999998777327676,0.999998608804041,0.999998428843832,0.999998237355368,0.999998034248194,0.999997819433063,0.999997592821906,0.999997354327818,0.999997103865035,0.999996841348911,0.9999965666959,0.999996279823539,0.999995980650424,0.999995669096191,0.999995345081508,0.999995008528045,0.999994659358467,0.999994297496411,0.999993922866472,0.999993535394187,0.999993135006021,0.999992721629349,0.999992295192445,0.999991855624467,0.999991402855436,0.999990936816237,0.999990457438586,0.999989964655041,0.999989458398965,0.999988938604531,0.999988405206702,0.999987858141217,0.999987297344592,0.999986722754093,0.99998613430773,0.999985531944254,0.999984915603135,0.999984285224561,0.999983640749421,0.999982982119298,0.99998230927646,0.999981622163846,0.999980920725064,0.999980204904373,0.999979474646685,0.999978729897544,0.999977970603128,0.999977196710231,0.999976408166264,0.999975604919237,0.999974786917764,0.999973954111041,0.999973106448845,0.99997224388153,0.999971366360016,0.999970473835778,0.999969566260842
1,0.999999999999999,0.999999999999999,0.999999999999999,1,1,1,1,1,1,1,1,0.999999999999999,0.999999999999999,1,1,1,1,0.999999999999999,1,1,1,1,1,1,0.999999999999999,0.999999999999998,0.999999999999999,1,1,1,1,1,1,1,1,0.999999999999999,1,1,1,1,0.999999999999999,1,1,1,1,1,0.999999999999999,1,1,1,1,1,1,0.999999999999999,0.999999999999999,1,1,0.999999999999999,0.999999999999998,1,1,1,1,1,1,1,1,1,1,1,0.999999999999999,0.999999999999998,1,0.999999999999999,0.999999999999999,0.999999999999999,0.999999999999999,1,1,1,0.999999999999998,1,1,1,0.999999999999999,1,1,1,1,1,1,1,1,1,0.999999999999999,0.999999999999999,1,1,0.999999999999999,1,1,1,0.999999999999999,1,0.999999999999999,1,1,1,1,0.999999999999999,1,0.999999999999999,1,1,0.999999999999999,1,1,1,1,0.999999999999999,0.999999999999998,1,0.999999999999999,1,1,1,1,0.999999999999999,1,0.999999999999999,1,0.999999999999999,0.999999999999998,1,0.999999999999998,1,1,1,1,0.999999999999999,0.999999999999999,0.999999999999999,1,0.999995828674523,0.999993180574034,0.999991457292527,0.999990156923058,0.999989124749144,0.999988289464961,0.999987613474639,0.999987078076595,0.999986680067674,0.999986436869484,0.999986409348187,0.99998679428324,0.999988504584985,0.999955381436398,0.999978186404125,0.999981013757357,0.999981801814483,0.999982153381588,0.999982354911388,0.999982496291028,0.999982613965476,0.999982724995212,0.999982838067057,0.999982957800224,0.999983086666575,0.999983225933487,0.999983376162093,0.999983537486127,0.99998370977529,0.999983892734538,0.999984085966234,0.999984289009991,0.99998450136866,0.999984722525544,0.999984951955877,0.999985189134506,0.99998543354105,0.999985684663298,0.999985941999411,0.999986205059328,0.999986473365543,0.999986746453518,0.999987023871802,0.999987305181953,0.999987589958325,0.999987877787771,0.999988168269288,0.999988461013612,0.999988755642816,0.999989051789882,0.999989349098277,0.99998964722154,0.999989945822875,0.999990244574757,0.999990543158546,0.999990841264136,0.99999113858959,0.999991434840815,0.999991729731244,0.99999202298153,0.99999231431926,0.999992603478678,0.999992890200434,0.999993174231323,0.999993455324061,0.999993733237058,0.999994007734207,0.999994278584687,0.999994545562762,0.9999948084476,0.999995067023119,0.999995321077794,0.999995570404523,0.999995814800464,0.999996054066902,0.999996288009104,0.999996516436202,0.999996739161063,0.999996956000168,0.999997166773503,0.999997371304453,0.999997569419701,0.999997760949121,0.999997945725694,0.999998123585415,0.999998294367201,0.999998457912815,0.999998614066788,0.999998762676332,0.999998903591287,0.999999036664023,0.9999991617494,0.999999278704689,0.999999387389508,0.999999487665768,0.999999579397617,0.999999662451378,0.999999736695498,0.999999802000497,0.999999858238924,0.999999905285295,0.999999943016061,0.999999971309553,0.999999990045947,0.99999999910722,0.9999999983771,0.999999987741046,0.999999967086192,0.999999936301325,0.999999895276835,0.999999843904698,0.999999782078426,0.999999709693046,0.999999626645067,0.999999532832452,0.999999428154577,0.99999931251222,0.999999185807516,0.999999047943949,0.999998898826311,0.999998738360678,0.9999985664544,0.999998383016058,0.999998187955457,0.999997981183588,0.999997762612625,0.999997532155885,0.999997289727822,0.999997035243995,0.999996768621061,0.999996489776741,0.99999619862982,0.999995895100109,0.999995579108439,0.999995250576646,0.999994909427548,0.99999455558493,0.999994188973525,0.99999380951901,0.99999341714798,0.99999301178793,0.999992593367259,0.999992161815232,0.999991717061986,0.999991259038503,0.999990787676608,0.999990302908943,0.99998980466897,0.999989292890946,0.999988767509914,0.999988228461701,0.999987675682889,0.999987109110816,0.999986528683569,0.999985934339956,0.999985326019514,0.999984703662488,0.999984067209821,0.999983416603153,0.999982751784796,0.999982072697742,0.999981379285646,0.999980671492806,0.999979949264172,0.999979212545332,0.999978461282493,0.999977695422487,0.999976914912757,0.999976119701339,0.999975309736877,0.99997448496859,0.999973645346285,0.999972790820331,0.999971921341668,0.999971036861797,0.999970137332756,0.999969222707138
1,1,1,1,1,0.999999999999998,1,1,1,0.999999999999999,0.999999999999999,1,1,1,1,1,1,1,1,1,0.999999999999999,1,1,1,1,0.999999999999999,1,1,0.999999999999999,0.999999999999999,1,1,1,1,1,1,1,0.999999999999998,0.999999999999998,1,1,1,1,1,0.999999999999999,1,1,0.999999999999999,1,1,1,1,1,0.999999999999999,0.999999999999999,1,1,1,1,0.999999999999998,1,1,1,0.999999999999999,0.999999999999999,1,0.999999999999999,0.999999999999999,0.999999999999999,1,0.999999999999999,1,1,1,0.999999999999999,0.999999999999999,0.999999999999999,1,1,1,1,1,0.999999999999999,1,0.999999999999999,1,1,1,1,1,1,1,1,1,0.999999999999999,0.999999999999999,0.999999999999999,1,1,1,1,0.999999999999999,1,1,0.999999999999999,1,1,1,1,1,1,1,1,1,1,0.999999999999999,1,1,0.999999999999998,1,0.999999999999999,1,0.999999999999998,1,1,0.999999999999999,0.999999999999999,1,0.999999999999999,1,0.999999999999999,1,1,1,1,1,1,1,1,0.999999999999999,1,0.999998117297389,0.999993904429378,0.999991756021123,0.999990198573194,0.999988974510119,0.999987978309107,0.999987154533611,0.999986470423658,0.999985905841286,0.999985449235009,0.999985096621359,0.999984853274742,0.99998474021378,0.999984814023086,0.999985238150579,0.999986664187034,0.999995975381527,0.999974176664981,0.999979190080289,0.999980370398869,0.999980898789021,0.999981213364799,0.999981440059603,0.999981627921797,0.99998179955238,0.999981966486505,0.999982134987056,0.999982308562695,0.999982489182319,0.99998267790902,0.999982875252162,0.999983081372893,0.999983296208997,0.999983519553313,0.999983751104341,0.999983990499626,0.999984237338181,0.99998449119577,0.999984751635429,0.999985018214763,0.999985290491015,0.999985568024594,0.999985850381511,0.99998613713504,0.999986427866817,0.99998672216753,0.999987019637341,0.999987319886084,0.999987622533314,0.999987927208245,0.999988233549612,0.999988541205493,0.999988849833064,0.999989159098369,0.999989468676026,0.999989778248982,0.999990087508216,0.999990396152472,0.999990703887992,0.999991010428236,0.999991315493641,0.999991618811351,0.999991920114998,0.999992219144448,0.999992515645591,0.999992809370124,0.999993100075338,0.99999338752393,0.999993671483805,0.999993951727914,0.999994228034057,0.999994500184739,0.999994767967002,0.999995031172277,0.999995289596241,0.999995543038681,0.999995791303362,0.999996034197901,0.999996271533642,0.999996503125546,0.999996728792091,0.999996948355141,0.999997161639876,0.999997368474669,0.999997568691003,0.999997762123399,0.999997948609297,0.999998127989,0.99999830010559,0.999998464804846,0.999998621935181,0.999998771347563,0.999998912895458,0.999999046434749,0.999999171823695,0.999999288922856,0.999999397595047,0.999999497705267,0.999999589120662,0.999999671710462,0.999999745345937,0.999999809900347,0.999999865248898,0.999999911268694,0.999999947838693,0.999999974839672,0.99999999215418,0.999999999666499,0.999999997262612,0.999999984830158,0.999999962258409,0.999999929438219,0.999999886262003,0.999999832623707,0.999999768418764,0.999999693544071,0.999999607897967,0.999999511380193,0.999999403891866,0.99999928533546,0.999999155614767,0.999999014634892,0.999998862302205,0.999998698524331,0.999998523210124,0.999998336269642,0.999998137614137,0.999997927156008,0.999997704808809,0.999997470487209,0.999997224106982,0.99999696558498,0.999996694839128,0.999996411788385,0.999996116352748,0.999995808453221,0.999995488011799,0.999995154951462,0.999994809196142,0.999994450670719,0.999994079301012,0.99999369501374,0.99999329773654,0.99999288739792,0.999992463927269,0.999992027254835,0.999991577311707,0.999991114029809,0.999990637341891,0.999990147181501,0.999989643482989,0.999989126181485,0.999988595212894,0.999988050513883,0.999987492021861,0.999986919674988,0.999986333412139,0.999985733172915,0.999985118897626,0.999984490527275,0.999983848003551,0.999983191268828,0.999982520266147,0.999981834939202,0.999981135232348,0.999980421090574,0.999979692459507,0.999978949285393,0.999978191515107,0.999977419096115,0.999976631976494,0.999975830104913,0.999975013430625,0.999974181903458,0.999973335473811,0.999972474092645,0.999971597711478,0.999970706282374,0.99996979975794,0.999968878091319
1,0.999999999999999,1,1,1,1,1,1,1,1,1,1,1,0.999999999999999,0.999999999999999,1,1,1,0.999999999999999,1,0.999999999999999,1,1,1,1,1,1,0.999999999999999,1,1,1,1,0.999999999999999,0.999999999999998,1,1,1,1,1,1,0.999999999999999,0.999999999999999,1,1,0.999999999999999,1,0.999999999999999,1,1,1,1,0.999999999999998,0.999999999999999,1,0.999999999999998,0.999999999999999,1,1,1,1,0.999999999999999,1,1,1,1,1,1,1,1,0.999999999999999,1,1,1,1,0.999999999999999,0.999999999999999,1,1,0.999999999999999,0.999999999999999,1,1,1,1,1,0.999999999999999,1,1,0.999999999999999,1,0.999999999999999,0.999999999999999,1,1,1,1,1,1,1,1,0.999999999999999,1,0.999999999999999,1,1,0.999999999999999,1,1,0.999999999999999,1,1,1,1,1,1,1,1,1,1,0.999999999999999,0.999999999999999,0.999999999999999,0.999999999999999,0.999999999999999,0.999999999999999,1,1,1,1,1,1,1,1,1,1,1,1,1,0.999999999999999,0.999995061147272,0.999992264576351,0.999990388925155,0.999988949478185,0.999987786612939,0.999986823185835,0.999986014821097,0.99998533338453,0.999984760078836,0.999984282205052,0.999983891658121,0.999983584504922,0.999983361607972,0.999983230899365,0.999983213348553,0.999983359436206,0.999983803926929,0.999985023722875,0.999990514849691,0.999967313257244,0.999977311886726,0.999979002362498,0.999979722724981,0.999980149634894,0.999980457380595,0.999980710433407,0.999980937738611,0.99998115392229,0.999981366951223,0.999981581367228,0.999981799815004,0.999982023827642,0.999982254258121,0.99998249152926,0.999982735784889,0.999982986984583,0.999983244964831,0.999983509479509,0.999983780227229,0.999984056870116,0.999984339046906,0.999984626382169,0.999984918492844,0.999985214992923,0.999985515496795,0.999985819621625,0.999986126989068,0.999986437226438,0.999986749967542,0.999987064853221,0.999987381531687,0.999987699658721,0.999988018897749,0.999988338919826,0.999988659403595,0.999988980035153,0.999989300507931,0.999989620522512,0.999989939786466,0.999990258014151,0.999990574926534,0.999990890250986,0.999991203721082,0.99999151507642,0.999991824062419,0.999992130430143,0.999992433936109,0.999992734342121,0.999993031415097,0.999993324926898,0.999993614654175,0.999993900378219,0.999994181884803,0.999994458964054,0.999994731410306,0.999994999021972,0.999995261601424,0.999995518954865,0.999995770892217,0.999996017227009,0.999996257776273,0.999996492360439,0.99999672080323,0.999996942931583,0.999997158575544,0.999997367568191,0.999997569745545,0.999997764946486,0.999997953012682,0.999998133788514,0.999998307121,0.999998472859731,0.999998630856802,0.999998780966745,0.999998923046476,0.999999056955223,0.999999182554482,0.999999299707956,0.999999408281496,0.99999950814306,0.999999599162659,0.999999681212303,0.999999754165965,0.99999981789953,0.999999872290755,0.999999917219224,0.999999952566308,0.99999997821513,0.99999999405052,0.999999999958988,0.999999995828676,0.999999981549338,0.999999957012291,0.999999922110395,0.999999876738023,0.999999820791015,0.999999754166661,0.999999676763678,0.999999588482162,0.999999489223585,0.999999378890748,0.999999257387769,0.999999124620047,0.999998980494258,0.999998824918307,0.999998657801319,0.999998479053614,0.99999828858669,0.999998086313193,0.999997872146901,0.99999764600271,0.999997407796606,0.999997157445648,0.999996894867951,0.999996619982669,0.999996332709976,0.999996032971051,0.999995720688059,0.999995395784134,0.999995058183369,0.999994707810792,0.999994344592354,0.999993968454923,0.999993579326254,0.99999317713499,0.999992761810635,0.999992333283553,0.999991891484945,0.999991436346842,0.999990967802091,0.999990485784337,0.999989990228028,0.999989481068379,0.999988958241383,0.999988421683783,0.999987871333074,0.999987307127484,0.999986729005963,0.999986136908177,0.999985530774503,0.999984910546002,0.999984276164426,0.999983627572206,0.99998296471243,0.999982287528851,0.999981595965868,0.999980889968517,0.999980169482466,0.999979434454006,0.999978684830046,0.999977920558094,0.999977141586262,0.99997634786325,0.999975539338338,0.999974715961389,0.999973877682825,0.999973024453638,0.999972156225366,0.999971272950095,0.999970374580455,0.999969461069606,0.999968532371236
1,1,1,1,1,1,1,1,0.999999999999999,1,1,1,1,1,0.999999999999999,1,1,1,0.999999999999999,0.999999999999999,1,0.999999999999999,1,1,0.999999999999999,1,0.999999999999998,1,0.999999999999999,0.999999999999999,1,1,0.999999999999998,1,1,1,1,1,0.999999999999999,0.999999999999999,1,0.999999999999999,1,1,1,1,1,1,0.999999999999999,0.999999999999998,1,1,1,1,1,1,0.999999999999999,1,0.999999999999998,0.999999999999998,1,0.999999999999999,1,0.999999999999998,1,1,1,1,1,0.999999999999999,1,1,1,0.999999999999999,1,1,1,1,0.999999999999999,1,0.999999999999999,1,1,1,1,1,0.999999999999999,1,0.999999999999999,1,1,1,1,1,1,1,0.999999999999999,1,1,0.999999999999999,1,0.999999999999999,1,1,1,1,0.999999999999999,1,0.999999999999999,1,1,0.999999999999999,1,1,1,1,1,1,1,0.999999999999999,1,0.999999999999999,0.999999999999999,0.999999999999999,1,1,1,1,1,1,0.999999999999998,0.999999999999999,1,0.999999999999999,1,1,0.999997198272598,0.999993048370297,0.999990745370792,0.999989047955869,0.999987697748041,0.999986585105222,0.999985650805211,0.999984858406623,0.999984183608013,0.999983609360276,0.999983123368463,0.99998271675083,0.999982383353491,0.999982119529661,0.999981924380048,0.99998180065913,0.999981756960576,0.999981812891513,0.999982012555646,0.999982466615551,0.999983530439367,0.999987214026869,0.999946143589645,0.999975273422402,0.999977676818231,0.999978613415171,0.999979154425826,0.999979540241276,0.999979854420064,0.999980133243806,0.999980394728353,0.999980648627884,0.999980900527162,0.999981153730685,0.999981410217456,0.999981671158718,0.999981937214928,0.999982208714121,0.999982485763135,0.999982768319253,0.999983056237528,0.999983349302814,0.999983647251836,0.999983949788633,0.999984256595529,0.999984567340986,0.999984881685307,0.999985199284752,0.999985519794574,0.999985842871218,0.999986168173934,0.999986495365935,0.999986824115242,0.999987154095263,0.999987484985195,0.999987816470278,0.999988148241955,0.999988479997936,0.999988811442203,0.999989142284986,0.999989472242675,0.999989801037746,0.999990128398618,0.999990454059554,0.999990777760498,0.999991099246958,0.999991418269834,0.9999917345853,0.999992047954627,0.999992358144065,0.99999266492468,0.999992968072224,0.999993267366995,0.999993562593702,0.999993853541344,0.999994140003065,0.999994421776054,0.999994698661413,0.999994970464048,0.999995236992561,0.999995498059138,0.999995753479452,0.999996003072562,0.999996246660823,0.999996484069785,0.999996715128115,0.999996939667502,0.999997157522584,0.99999736853087,0.99999757253265,0.999997769370938,0.999997958891395,0.999998140942263,0.999998315374288,0.999998482040675,0.999998640797019,0.999998791501243,0.99999893401354,0.999999068196326,0.999999193914182,0.999999311033806,0.999999419423956,0.999999518955415,0.999999609500926,0.99999969093517,0.999999763134711,0.999999825977944,0.999999879345075,0.999999923118071,0.999999957180621,0.999999981418102,0.999999995717542,0.999999999967591,0.999999994058478,0.999999977881986,0.999999951331417,0.999999914301565,0.999999866688681,0.999999808390447,0.999999739305954,0.99999965933566,0.999999568381385,0.99999946634626,0.999999353134725,0.999999228652491,0.999999092806521,0.999998945505005,0.999998786657347,0.999998616174122,0.999998433967086,0.99999823994912,0.999998034034243,0.999997816137568,0.999997586175297,0.999997344064695,0.999997089724079,0.999996823072791,0.999996544031191,0.999996252520628,0.99999594846344,0.999995631782925,0.999995302403329,0.999994960249834,0.999994605248533,0.999994237326432,0.999993856411418,0.999993462432264,0.999993055318594,0.999992635000892,0.99999220141047,0.999991754479468,0.999991294140838,0.999990820328325,0.999990332976468,0.999989832020578,0.999989317396732,0.999988789041762,0.999988246893241,0.99998769088947,0.999987120969478,0.999986537073003,0.999985939140478,0.999985327113045,0.999984700932506,0.999984060541352,0.999983405882732,0.999982736900446,0.999982053538945,0.999981355743315,0.999980643459271,0.99997991663315,0.999979175211894,0.999978419143058,0.999977648374789,0.999976862855819,0.999976062535465,0.999975247363624,0.999974417290743,0.999973572267839,0.999972712246483,0.999971837178786,0.999970947017394,0.999970041715493,0.999969121226791,0.99996818550551
1,1,1,1,1,1,1,0.999999999999999,0.999999999999999,1,1,1,1,0.999999999999999,1,1,1,1,1,0.999999999999998,1,0.999999999999999,1,0.999999999999999,1,0.999999999999999,1,1,1,0.999999999999999,1,1,1,0.999999999999999,1,1,1,0.999999999999998,1,1,1,1,1,0.999999999999999,1,0.999999999999999,1,1,1,1,1,0.999999999999999,0.999999999999999,0.999999999999999,1,1,1,1,1,1,1,0.999999999999999,0.999999999999998,1,0.999999999999999,0.999999999999999,1,0.999999999999999,1,0.999999999999998,1,0.999999999999998,1,1,1,1,1,1,1,0.999999999999999,1,0.999999999999999,1,1,0.999999999999999,1,1,1,1,0.999999999999999,0.999999999999999,1,1,1,0.999999999999998,1,1,1,0.999999999999999,1,1,1,1,1,1,1,1,0.999999999999998,1,1,0.999999999999999,1,1,0.999999999999999,1,1,1,1,0.999999999999999,1,1,1,1,1,1,0.999999999999999,0.999999999999999,0.999999999999998,1,0.999999999999998,1,1,1,1,0.999994252455561,0.999991307032475,0.999989284700612,0.999987715064379,0.999986435188068,0.999985364555772,0.999984456013737,0.999983678986875,0.999983012271434,0.999982440470827,0.999981952059885,0.999981538270204,0.999981192436615,0.999980909637205,0.99998068655799,0.99998052158189,0.999980415179067,0.999980370812668,0.999980396889646,0.999980511144098,0.999980751574451,0.9999812087384,0.999982150781011,0.999984831196501,0.995533126017036,0.999972884321813,0.999976373577338,0.99997756244051,0.999978221415525,0.999978683096523,0.999979054852106,0.999979381477641,0.999979684713974,0.99997997619332,0.999980262554856,0.999980547748155,0.999980834175718,0.999981123303684,0.999981416008267,0.999981712782028,0.999982013861694,0.99998231931006,0.999982629069984,0.999982943000837,0.999983260903619,0.999983582538586,0.999983907637772,0.999984235914032,0.999984567067617,0.999984900790995,0.999985236772421,0.999985574698572,0.999985914256521,0.99998625513518,0.999986597026386,0.999986939625693,0.999987282632945,0.999987625752677,0.999987968694399,0.999988311172783,0.999988652907763,0.999988993624588,0.999989333053833,0.999989670931356,0.999990006998262,0.999990341000819,0.999990672690371,0.999991001823241,0.99999132816063,0.999991651468498,0.999991971517464,0.999992288082672,0.999992600943693,0.999992909884404,0.999993214692865,0.999993515161228,0.999993811085607,0.999994102265976,0.999994388506075,0.999994669613292,0.999994945398574,0.999995215676324,0.999995480264316,0.999995738983599,0.999995991658407,0.999996238116081,0.999996478186978,0.999996711704404,0.999996938504528,0.999997158426309,0.999997371311429,0.999997577004218,0.999997775351598,0.999997966202999,0.999998149410322,0.999998324827857,0.999998492312238,0.999998651722377,0.999998802919423,0.999998945766698,0.999999080129652,0.999999205875802,0.999999322874709,0.999999430997912,0.999999530118884,0.999999620112998,0.999999700857482,0.999999772231378,0.999999834115502,0.999999886392404,0.999999928946339,0.999999961663224,0.999999984430606,0.999999997137629,0.999999999675004,0.999999991934969,0.999999973811266,0.99999994519911,0.99999990599516,0.999999856097488,0.999999795405555,0.999999723820186,0.999999641243541,0.999999547579084,0.999999442731574,0.999999326607033,0.999999199112713,0.999999060157094,0.999998909649849,0.999998747501818,0.999998573625006,0.999998387932539,0.99999819033867,0.999997980758733,0.999997759109149,0.999997525307387,0.999997279271967,0.999997020922423,0.999996750179298,0.999996466964121,0.999996171199399,0.999995862808593,0.99999554171611,0.999995207847279,0.999994861128342,0.999994501486445,0.999994128849612,0.999993743146739,0.999993344307582,0.999992932262742,0.999992506943645,0.99999206828254,0.999991616212486,0.999991150667332,0.999990671581712,0.999990178891032,0.999989672531461,0.999989152439909,0.999988618554037,0.999988070812229,0.999987509153588,0.999986933517917,0.999986343845729,0.999985740078224,0.999985122157274,0.999984490025429,0.999983843625891,0.999983182902523,0.999982507799829,0.999981818262939,0.999981114237621,0.999980395670255,0.99997966250783,0.999978914697937,0.999978152188769,0.999977374929093,0.999976582868263,0.999975775956201,0.999974954143397,0.999974117380895,0.999973265620292,0.999972398813725,0.999971516913866,0.999970619873929,0.999969707647638,0.999968780189236,0.999967837453488
0.999999999999999,1,1,1,1,0.999999999999999,1,1,1,1,0.999999999999999,1,1,1,1,1,1,1,0.999999999999998,1,1,1,1,1,1,0.999999999999999,0.999999999999999,1,0.999999999999999,1,1,1,0.999999999999999,1,1,0.999999999999999,1,1,0.999999999999999,1,1,0.999999999999998,1,1,1,1,1,0.999999999999999,0.999999999999999,1,0.999999999999998,1,1,1,0.999999999999999,1,1,0.999999999999999,1,1,1,0.999999999999999,0.999999999999999,1,1,1,0.999999999999998,1,1,0.999999999999999,1,0.999999999999999,1,0.999999999999999,1,1,1,1,1,1,1,1,1,1,0.999999999999999,1,1,1,1,1,1,0.999999999999999,1,1,1,1,0.999999999999998,1,1,1,1,1,1,0.999999999999999,1,0.999999999999999,1,0.999999999999999,0.999999999999999,1,1,0.999999999999999,0.999999999999999,1,1,1,1,1,1,1,0.999999999999999,1,1,1,0.999999999999999,1,1,1,1,0.999999999999999,1,0.999996326215805,0.999992144218623,0.999989686794237,0.999987851338729,0.999986378752353,0.999985155994038,0.999984121066162,0.999983235345064,0.999982472712023,0.999981814470659,0.999981246678375,0.99998075862632,0.999980341922814,0.999979989921459,0.999979697363311,0.999979460166615,0.999979275334919,0.999979140982852,0.999979056510627,0.999979023010386,0.999979044093532,0.999979127579319,0.999979289155477,0.999979561184453,0.999980017470529,0.9999808619836,0.999982917728131,0.999996007747726,0.999969718886202,0.999975069815579,0.999976563856351,0.999977346577647,0.999977882290614,0.99997830825989,0.999978679155789,0.999979020795292,0.999979346771057,0.999979664779615,0.999979979395205,0.999980293418192,0.999980608584724,0.999980925964394,0.999981246194755,0.999981569625514,0.999981896410408,0.999982226567488,0.999982560019699,0.999982896622783,0.999983236184855,0.999983578480327,0.999983923259943,0.999984270258155,0.999984619198504,0.999984969797664,0.999985321768439,0.999985674822013,0.999986028669662,0.999986383024022,0.999986737600049,0.999987092115731,0.999987446292624,0.999987799856233,0.999988152536283,0.999988504066913,0.999988854186796,0.999989202639199,0.999989549172014,0.999989893537763,0.999990235493557,0.99999057480106,0.999990911226417,0.99999124454019,0.999991574517273,0.999991900936811,0.999992223582108,0.999992542240531,0.999992856703425,0.999993166766013,0.999993472227301,0.999993772889987,0.99999406856038,0.999994359048283,0.999994644166936,0.9999949237329,0.999995197565998,0.999995465489214,0.999995727328618,0.999995982913295,0.99999623207526,0.999996474649386,0.999996710473338,0.999996939387496,0.999997161234896,0.999997375861162,0.999997583114433,0.999997782845322,0.99999797490684,0.999998159154345,0.999998335445492,0.999998503640166,0.999998663600445,0.999998815190539,0.999998958276747,0.999999092727408,0.999999218412855,0.999999335205374,0.999999442979153,0.999999541610256,0.999999630976558,0.999999710957734,0.999999781435202,0.999999842292093,0.999999893413218,0.999999934685022,0.99999996599557,0.999999987234494,0.999999998292973,0.999999999063703,0.999999989440862,0.999999969320082,0.999999938598421,0.999999897174342,0.999999844947675,0.999999781819602,0.999999707692625,0.99999962247054,0.999999526058426,0.999999418362605,0.999999299290628,0.999999168751256,0.999999026654431,0.999998872911259,0.999998707433991,0.999998530136004,0.999998340931775,0.999998139736873,0.999997926467925,0.999997701042614,0.999997463379656,0.999997213398781,0.999996951020714,0.999996676167166,0.999996388760815,0.999996088725285,0.999995775985141,0.999995450465869,0.999995112093857,0.999994760796387,0.999994396501627,0.999994019138602,0.99999362863719,0.999993224928114,0.99999280794292,0.999992377613967,0.999991933874421,0.999991476658235,0.999991005900143,0.999990521535644,0.999990023501001,0.999989511733212,0.999988986170022,0.999988446749894,0.999987893412006,0.999987326096247,0.999986744743191,0.999986149294107,0.999985539690939,0.999984915876292,0.999984277793435,0.999983625386287,0.9999829585994,0.999982277377964,0.999981581667795,0.999980871415321,0.999980146567576,0.999979407072198,0.999978652877413,0.999977883932035,0.999977100185451,0.999976301587625,0.999975488089072,0.999974659640876,0.999973816194656,0.999972957702583,0.999972084117357,0.999971195392214,0.999970291480902,0.999969372337689,0.99996843791736,0.999967488175191
0.999999999999999,1,0.999999999999998,1,1,1,0.999999999999999,1,0.999999999999999,1,1,0.999999999999998,1,1,1,1,0.999999999999999,1,0.999999999999999,1,1,0.999999999999999,1,1,1,1,0.999999999999998,0.999999999999999,1,1,1,1,1,1,1,1,0.999999999999999,0.999999999999999,1,1,1,1,1,1,1,1,1,1,1,1,1,1,1,1,1,0.999999999999999,0.999999999999999,1,1,1,1,0.999999999999999,1,1,1,1,0.999999999999999,1,1,1,0.999999999999999,1,0.999999999999999,1,0.999999999999999,0.999999999999998,1,0.999999999999998,1,1,1,1,1,1,0.999999999999999,1,0.999999999999998,0.999999999999999,1,1,1,1,0.999999999999999,1,0.999999999999999,0.999999999999999,1,1,1,0.999999999999999,1,0.999999999999999,1,1,1,0.999999999999999,1,1,0.999999999999999,1,1,1,1,1,0.999999999999999,1,0.999999999999999,1,1,0.999999999999999,0.999999999999999,1,1,1,1,0.999999999999999,1,1,1,0.999993396756112,0.999990297243925,0.999988127057191,0.99998642704607,0.99998503116059,0.999983855863366,0.999982851688649,0.999981986275008,0.999981236969552,0.999980587123598,0.999980024048371,0.999979537803781,0.99997912044191,0.999978765516593,0.999978467758843,0.999978222862963,0.999978027353319,0.999977878517731,0.999977774406393,0.999977713909398,0.999977696947549,0.99997772485125,0.999977801087146,0.999977932691723,0.9999781332919,0.999978430140769,0.99997888305869,0.999979647828639,0.999981283131231,0.999988254649077,0.999964519619835,0.999973735213636,0.999975613736658,0.999976527835322,0.999977135724951,0.99997761243206,0.999978024034623,0.99997840076533,0.99997875823369,0.99997910517717,0.999979446761821,0.999979786152609,0.999980125326198,0.999980465520513,0.999980807497063,0.999981151700897,0.999981498361822,0.999981847560467,0.999982199272578,0.999982553399376,0.999982909788803,0.999983268250637,0.999983628567391,0.999983990502293,0.99998435380517,0.999984718216842,0.999985083472416,0.999985449303775,0.999985815441469,0.999986181616142,0.99998654755963,0.999986913005772,0.999987277691058,0.999987641355069,0.999988003740846,0.999988364595123,0.999988723668519,0.999989080715639,0.999989435495162,0.999989787769865,0.999990137306637,0.99999048387646,0.999990827254383,0.999991167219471,0.999991503554756,0.999991836047172,0.999992164487474,0.999992488670192,0.999992808393528,0.999993123459293,0.999993433672827,0.999993738842917,0.999994038781717,0.999994333304676,0.999994622230457,0.999994905380857,0.999995182580742,0.99999545365796,0.999995718443284,0.999995976770337,0.999996228475513,0.999996473397928,0.999996711379342,0.999996942264106,0.999997165899093,0.999997382133641,0.999997590819498,0.999997791810765,0.999997984963839,0.999998170137362,0.999998347192174,0.999998515991257,0.999998676399687,0.999998828284596,0.999998971515114,0.999999105962341,0.999999231499287,0.999999348000843,0.999999455343735,0.999999553406494,0.999999642069405,0.999999721214478,0.99999979072541,0.999999850487559,0.999999900387897,0.999999940314986,0.999999970158947,0.999999989811418,0.999999999165543,0.999999998115931,0.999999986558622,0.999999964391075,0.999999931512133,0.999999887821992,0.999999833222188,0.999999767615561,0.999999690906237,0.999999602999607,0.999999503802294,0.999999393222147,0.999999271168196,0.999999137550665,0.999998992280916,0.99999883527145,0.999998666435884,0.999998485688926,0.999998292946369,0.99999808812506,0.999997871142888,0.999997641918765,0.999997400372614,0.999997146425349,0.999996879998854,0.999996601015982,0.999996309400522,0.999996005077198,0.999995687971649,0.999995358010413,0.999995015120914,0.999994659231453,0.999994290271189,0.999993908170131,0.999993512859118,0.999993104269815,0.999992682334695,0.999992246987033,0.999991798160885,0.999991335791087,0.999990859813236,0.999990370163683,0.999989866779521,0.999989349598577,0.999988818559398,0.999988273601241,0.99998771466407,0.999987141688538,0.999986554615975,0.999985953388395,0.99998533794847,0.999984708239531,0.99998406420555,0.999983405791143,0.999982732941553,0.999982045602642,0.999981343720891,0.999980627243382,0.999979896117798,0.999979150292409,0.999978389716067,0.999977614338203,0.999976824108809,0.999976018978448,0.999975198898227,0.999974363819805,0.999973513695378,0.999972648477678,0.999971768119962,0.99997087257601,0.999969961800114,0.999969035747077,0.999968094372201,0.999967137631285
0.999999999999999,1,1,1,1,1,0.999999999999999,1,1,1,1,1,1,0.999999999999999,1,1,1,1,1,1,1,1,0.999999999999999,1,1,1,1,1,1,1,1,1,1,0.999999999999999,1,1,1,1,0.999999999999999,0.999999999999999,1,1,1,0.999999999999999,1,0.999999999999999,0.999999999999999,1,1,0.999999999999999,1,0.999999999999999,1,1,1,1,1,1,1,1,1,0.999999999999999,1,0.999999999999999,0.999999999999998,0.999999999999999,1,0.999999999999999,1,1,1,1,1,1,1,0.999999999999998,1,1,1,1,1,1,0.999999999999999,1,1,0.999999999999999,1,1,1,0.999999999999999,1,0.999999999999997,0.999999999999999,1,0.999999999999999,1,1,1,1,1,1,0.999999999999999,1,1,1,1,1,1,1,1,1,0.999999999999999,0.999999999999999,1,1,1,1,0.999999999999999,0.999999999999998,0.999999999999999,1,1,1,0.999999999999999,1,1,0.999995450268397,0.999991187180421,0.999988572130739,0.999986596494939,0.999985000096908,0.999983666625624,0.999982531485979,0.999981554102907,0.999980706855132,0.999979969840422,0.999979328100654,0.999978770024221,0.999978286367215,0.999977869624164,0.999977513608514,0.999977213165604,0.999976963973762,0.9999767624074,0.999976605447085,0.999976490629121,0.999976416033441,0.999976380315407,0.999976382796658,0.999976423646835,0.999976504219797,0.999976627676025,0.999976800180033,0.999977033362426,0.999977349889814,0.999977797877054,0.999978496309636,0.999979832473754,0.999984139383082,0.999951110435909,0.999972322719976,0.999974710030434,0.999975764952135,0.999976442689716,0.99997696623613,0.99997741474151,0.999977823140704,0.999978209067093,0.999978582250451,0.999978948395912,0.999979310987542,0.999979672205486,0.999980033426248,0.999980395511324,0.99998075898165,0.999981124127128,0.999981491077728,0.999981859850883,0.999982230383881,0.999982602556461,0.999982976206834,0.99998335114326,0.999983727152485,0.999984104005992,0.999984481464647,0.999984859282227,0.999985237208055,0.999985614989034,0.999985992371193,0.999986369100866,0.999986744925596,0.999987119594836,0.999987492860468,0.999987864477207,0.999988234202891,0.999988601798704,0.999988967029331,0.999989329663066,0.999989689471858,0.999990046231382,0.999990399721012,0.999990749723839,0.99999109602664,0.999991438419836,0.999991776697447,0.999992110657051,0.999992440099722,0.999992764829955,0.999993084655627,0.999993399387904,0.999993708841196,0.999994012833074,0.999994311184211,0.999994603718308,0.999994890262029,0.99999517064494,0.999995444699435,0.999995712260675,0.999995973166525,0.999996227257494,0.999996474376676,0.999996714369682,0.999996947084598,0.99999717237191,0.999997390084468,0.999997600077423,0.999997802208175,0.999997996336329,0.999998182323638,0.999998360033961,0.999998529333223,0.999998690089357,0.999998842172265,0.999998985453782,0.999999119807632,0.999999245109387,0.999999361236426,0.999999468067897,0.999999565484695,0.999999653369404,0.999999731606276,0.999999800081203,0.999999858681662,0.999999907296715,0.999999945816946,0.999999974134459,0.99999999214283,0.999999999737086,0.999999996813678,0.999999983270449,0.999999959006615,0.999999923922739,0.999999877920699,0.999999820903672,0.999999752776107,0.999999673443701,0.99999958281338,0.999999480793274,0.999999367292702,0.999999242222143,0.999999105493219,0.999998957018681,0.999998796712383,0.999998624489266,0.999998440265345,0.999998243957676,0.999998035484355,0.999997814764496,0.999997581718211,0.999997336266595,0.99999707833172,0.999996807836599,0.999996524705193,0.999996228862382,0.999995920233957,0.999995598746604,0.999995264327893,0.999994916906259,0.999994556410995,0.999994182772231,0.999993795920938,0.999993395788892,0.999992982308683,0.999992555413692,0.999992115038085,0.999991661116795,0.999991193585519,0.9999907123807,0.999990217439525,0.999989708699905,0.999989186100472,0.999988649580559,0.999988099080212,0.999987534540157,0.999986955901793,0.999986363107206,0.999985756099132,0.999985134820962,0.999984499216733,0.999983849231115,0.999983184809409,0.999982505897531,0.999981812442012,0.99998110438998,0.999980381689168,0.99997964428789,0.99997889213504,0.999978125180087,0.999977343373069,0.999976546664575,0.99997573500576,0.999974908348305,0.999974066644445,0.999973209846938,0.999972337909072,0.999971450784654,0.999970548428004,0.999969630793943,0.999968697837798,0.999967749515393,0.999966785783035
1,1,1,1,1,1,1,0.999999999999999,1,0.999999999999999,1,1,1,0.999999999999999,1,0.999999999999999,1,1,1,1,1,1,0.999999999999999,1,1,1,1,1,0.999999999999999,0.999999999999998,1,1,1,1,1,1,1,1,1,1,1,1,1,1,1,0.999999999999999,1,1,1,0.999999999999999,1,0.999999999999999,1,1,1,0.999999999999999,1,1,1,1,0.999999999999999,1,1,0.999999999999999,1,1,1,1,1,0.999999999999999,1,1,1,1,1,1,1,1,1,1,1,0.999999999999999,1,1,1,1,1,1,0.999999999999999,1,1,0.999999999999999,1,1,0.999999999999999,1,1,0.999999999999999,1,1,1,1,1,1,0.999999999999999,1,1,1,0.999999999999999,0.999999999999999,1,1,0.999999999999999,0.999999999999999,1,0.999999999999999,0.999999999999999,1,0.999999999999999,1,1,1,1,1,0.999992491224562,0.999989231051757,0.999986909658588,0.999985076516076,0.999983562423643,0.999982280892233,0.999981180234882,0.999980226422428,0.999979395513291,0.999978669826983,0.999978035816424,0.99997748279764,0.999977002148368,0.999976586780088,0.999976230777921,0.999975929148476,0.999975677639889,0.999975472612351,0.999975310945531,0.999975189974805,0.99997510745191,0.99997506152895,0.999975050768016,0.999975074183298,0.999975131329768,0.999975222465639,0.999975348841275,0.999975513221031,0.99997572086673,0.999975981516355,0.999976313742448,0.999976755829084,0.999977398260754,0.999978512551751,0.999981432036599,0.999650180263397,0.999970747260881,0.999973852727769,0.999975059632025,0.999975803820062,0.999976369525544,0.999976850670715,0.999977287060384,0.999977698277026,0.9999780949454,0.999978483228225,0.999978866865829,0.999979248194092,0.99997962869157,0.999980009291469,0.99998039056833,0.999980772854371,0.999981156314455,0.999981540995833,0.99998192686197,0.999982313816069,0.999982701717694,0.999983090394766,0.999983479652281,0.999983869278777,0.999984259051142,0.999984648738248,0.999985038103692,0.999985426907912,0.999985814909777,0.999986201867841,0.999986587541287,0.999986971690664,0.999987354078452,0.999987734469484,0.999988112631283,0.999988488334305,0.999988861352108,0.99998923146149,0.999989598442577,0.999989962078864,0.999990322157259,0.999990678468084,0.999991030805065,0.999991378965315,0.999991722749301,0.999992061960796,0.999992396406855,0.999992725897735,0.999993050246869,0.999993369270792,0.999993682789092,0.999993990624341,0.999994292602048,0.999994588550587,0.999994878301146,0.99999516168766,0.999995438546757,0.9999957087177,0.999995972042326,0.999996228364994,0.999996477532529,0.999996719394157,0.999996953801477,0.999997180608389,0.999997399671045,0.999997610847808,0.999997813999205,0.999998008987867,0.999998195678501,0.999998373937835,0.999998543634577,0.999998704639376,0.99999885682478,0.999999000065195,0.999999134236849,0.999999259217746,0.999999374887651,0.99999948112803,0.999999577822032,0.999999664854448,0.999999742111674,0.999999809481699,0.999999866854056,0.999999914119791,0.999999951171445,0.999999977903025,0.999999994209965,0.999999999989111,0.999999995138686,0.999999979558274,0.999999953148789,0.99999991581245,0.999999867452759,0.999999807974482,0.999999737283618,0.999999655287389,0.999999561894206,0.999999457013656,0.999999340556487,0.999999212434571,0.999999072560905,0.999998920849575,0.999998757215753,0.999998581575666,0.999998393846588,0.999998193946814,0.999997981795657,0.999997757313415,0.999997520421373,0.999997271041768,0.99999700909779,0.999996734513563,0.999996447214123,0.999996147125417,0.999995834174275,0.999995508288406,0.999995169396389,0.99999481742764,0.999994452312423,0.999994073981826,0.999993682367748,0.999993277402889,0.999992859020744,0.999992427155574,0.999991981742428,0.999991522717089,0.9999910500161,0.999990563576738,0.999990063337,0.999989549235603,0.999989021211965,0.999988479206203,0.999987923159119,0.999987353012193,0.999986768707568,0.999986170188052,0.999985557397103,0.999984930278813,0.999984288777917,0.999983632839766,0.99998296241034,0.99998227743621,0.999981577864564,0.999980863643178,0.999980134720411,0.999979391045201,0.999978632567065,0.999977859236071,0.999977071002854,0.999976267818599,0.999975449635027,0.999974616404406,0.999973768079523,0.999972904613698,0.999972025960764,0.999971132075069,0.99997022291146,0.99996929842529,0.999968358572404,0.999967403309127,0.999966432592277
0.999999999999998,1,0.999999999999999,1,1,1,0.999999999999999,1,1,1,1,0.999999999999999,1,1,1,0.999999999999999,1,1,1,0.999999999999999,1,1,0.999999999999999,1,1,1,1,0.999999999999999,1,1,1,1,0.999999999999999,0.999999999999999,1,1,1,1,1,0.999999999999999,1,0.999999999999999,0.999999999999999,1,1,1,1,0.999999999999999,0.999999999999999,1,1,1,1,1,0.999999999999999,0.999999999999999,0.999999999999999,0.999999999999999,1,1,1,0.999999999999998,0.999999999999999,0.999999999999998,1,1,1,0.999999999999999,0.999999999999999,1,1,1,1,1,0.999999999999999,1,0.999999999999999,0.999999999999999,1,1,0.999999999999999,1,1,1,0.999999999999999,1,1,1,0.999999999999998,1,1,1,0.999999999999999,1,1,0.999999999999999,1,1,1,1,1,1,0.999999999999999,1,1,1,1,1,1,1,1,0.999999999999999,0.999999999999999,1,1,1,1,0.999999999999999,1,1,1,0.999994550768799,0.999990174999921,0.999987397822731,0.999985278399361,0.99998355504612,0.999982108183723,0.999980870652043,0.999979799969018,0.999978867071776,0.999978050936362,0.999977335704425,0.99997670901897,0.999976160998679,0.999975683574104,0.999975270040731,0.999974914748291,0.999974612879131,0.999974360286837,0.999974153377117,0.999973989019271,0.999973864480769,0.999973777380209,0.999973725655907,0.999973707549264,0.999973721603596,0.999973766681639,0.99997384200809,0.999973947249304,0.999974082652622,0.999974249287721,0.999974449474454,0.999974687574996,0.999974971556392,0.999975316348461,0.999975751950798,0.999976346506414,0.999977290817778,0.999979386538075,0.999994897562506,0.999968826435249,0.999973044452332,0.999974415850455,0.999975221163257,0.999975823114471,0.999976331927526,0.999976792221738,0.999977225325744,0.999977642591506,0.999978050517984,0.999978453015476,0.99997885251357,0.999979250547402,0.999979648087808,0.999980045736883,0.99998044384882,0.999980842607227,0.99998124207614,0.999981642234529,0.999982043000204,0.999982444246645,0.999982845815111,0.999983247523454,0.999983649172586,0.999984050551346,0.999984451440134,0.99998485161368,0.999985250843149,0.99998564889777,0.999986045546077,0.999986440556884,0.999986833700019,0.999987224746911,0.999987613471021,0.999987999648183,0.999988383056865,0.99998876347836,0.999989140696919,0.999989514499851,0.999989884677593,0.999990251023745,0.999990613335086,0.999990971411578,0.99999132505636,0.999991674075715,0.999992018279044,0.999992357478829,0.999992691490593,0.999993020132844,0.999993343227039,0.999993660597523,0.999993972071486,0.999994277478892,0.999994576652445,0.999994869427524,0.999995155642127,0.999995435136825,0.999995707754701,0.999995973341305,0.999996231744595,0.999996482814891,0.999996726404821,0.999996962369279,0.999997190565373,0.999997410852372,0.999997623091674,0.999997827146749,0.999998022883103,0.999998210168235,0.999998388871587,0.999998558864518,0.999998720020258,0.999998872213864,0.999999015322189,0.999999149223848,0.999999273799181,0.999999388930209,0.999999494500623,0.999999590395728,0.999999676502419,0.999999752709161,0.999999818905947,0.999999874984268,0.999999920837094,0.999999956358838,0.999999981445336,0.999999995993816,0.999999999902865,0.999999993072427,0.999999975403754,0.999999946799399,0.999999907163178,0.999999856400165,0.99999979441666,0.999999721120163,0.999999636419366,0.999999540224123,0.999999432445432,0.999999312995416,0.99999918178731,0.999999038735435,0.999998883755179,0.999998716762988,0.999998537676339,0.999998346413731,0.999998142894668,0.999997927039637,0.999997698770095,0.999997458008463,0.999997204678094,0.999996938703271,0.999996660009191,0.999996368521946,0.999996064168515,0.999995746876747,0.999995416575355,0.999995073193888,0.999994716662734,0.999994346913102,0.999993963877008,0.999993567487268,0.999993157677482,0.999992734382024,0.999992297536033,0.999991847075398,0.999991382936756,0.999990905057472,0.99999041337563,0.999989907830033,0.999989388360179,0.999988854906267,0.999988307409171,0.999987745810441,0.999987170052295,0.999986580077605,0.999985975829894,0.999985357253318,0.999984724292667,0.999984076893357,0.999983415001414,0.999982738563471,0.999982047526758,0.999981341839104,0.999980621448914,0.999979886305174,0.999979136357436,0.999978371555819,0.99997759185099,0.99997679719417,0.999975987537122,0.999975162832144,0.999974323032057,0.999973468090213,0.999972597960474,0.999971712597213,0.999970811955307,0.999969895990136,0.999968964657563,0.999968017913942,0.999967055716112,0.999966078021377
0.999999999999999,0.999999999999999,0.999999999999999,1,1,1,0.999999999999999,1,1,1,0.999999999999999,1,1,1,1,1,1,1,1,1,1,0.999999999999999,1,1,1,1,0.999999999999999,1,1,0.999999999999999,1,1,1,1,1,1,1,0.999999999999999,1,0.999999999999999,1,1,1,1,0.999999999999999,0.999999999999999,1,1,0.999999999999999,1,1,1,1,1,0.999999999999999,0.999999999999999,1,1,1,1,1,1,1,1,1,1,1,1,1,1,1,1,0.999999999999998,0.999999999999999,1,1,1,1,0.999999999999999,1,1,0.999999999999999,1,1,1,1,1,0.999999999999999,1,1,1,1,1,0.999999999999999,1,0.999999999999998,1,1,0.999999999999999,1,1,0.999999999999999,1,1,1,1,1,1,1,1,1,1,1,1,1,0.999999999999999,1,0.999999999999999,0.999999999999999,0.999991534197168,0.999988106360428,0.999985629464372,0.999983659403656,0.999982023720223,0.999980632970881,0.999979433257729,0.999978388902671,0.999977474705203,0.999976671996854,0.999975966433842,0.999975346672575,0.999974803530257,0.999974329429108,0.999973918014918,0.999973563887398,0.999973262404788,0.999973009539409,0.99997280176911,0.999972635994838,0.999972509477624,0.999972419790635,0.999972364783358,0.99997234255611,0.99997235144412,0.999972390011327,0.999972457055245,0.999972551625794,0.999972673063649,0.999972821067991,0.999972995811504,0.999973198136037,0.999973429894033,0.999973694570931,0.999973998490689,0.999974353347959,0.999974782137712,0.999975335310183,0.999976145973878,0.999977708231145,0.999984555206556,0.999966067351022,0.999972291812146,0.999973840496446,0.999974698362811,0.999975328812709,0.99997585931105,0.99997633884486,0.999976790090839,0.999977224860505,0.999977649813612,0.999978068913296,0.999978484602356,0.999978898415555,0.999979311319928,0.999979723914213,0.999980136550994,0.999980549414261,0.999980962570255,0.999981376001711,0.999981789631422,0.999982203338826,0.999982616971844,0.999983030355499,0.999983443298248,0.999983855596687,0.99998426703911,0.99998467740818,0.999985086482986,0.999985494040615,0.999985899857368,0.999986303709693,0.999986705374908,0.999987104631764,0.999987501260885,0.999987895045084,0.999988285769627,0.999988673222418,0.999989057194137,0.999989437478342,0.999989813871538,0.99999018617321,0.999990554185855,0.999990917714988,0.999991276569121,0.999991630559762,0.999991979501381,0.999992323211373,0.999992661510028,0.999992994220485,0.999993321168695,0.999993642183362,0.999993957095903,0.999994265740399,0.999994567953544,0.999994863574591,0.999995152445308,0.999995434409925,0.999995709315085,0.999995977009793,0.999996237345374,0.999996490175418,0.999996735355741,0.999996972744328,0.999997202201302,0.99999742358887,0.999997636771285,0.999997841614804,0.999998037987641,0.999998225759939,0.999998404803718,0.99999857499285,0.999998736203005,0.999998888311631,0.999999031197916,0.999999164742747,0.999999288828677,0.999999403339903,0.999999508162218,0.999999603183001,0.999999688291166,0.999999763377143,0.999999828332854,0.999999883051669,0.999999927428405,0.999999961359272,0.999999984741864,0.999999997475129,0.999999999459344,0.999999990596098,0.999999970788253,0.999999939939941,0.99999989795653,0.999999844744603,0.999999780211943,0.999999704267499,0.99999961682139,0.999999517784862,0.999999407070277,0.999999284591103,0.999999150261885,0.999999003998226,0.999998845716784,0.999998675335236,0.999998492772278,0.999998297947602,0.999998090781875,0.999997871196736,0.999997639114769,0.999997394459493,0.999997137155353,0.999996867127695,0.999996584302763,0.999996288607676,0.999995979970424,0.999995658319846,0.99999532358563,0.999994975698281,0.999994614589132,0.999994240190316,0.999993852434756,0.999993451256162,0.999993036589014,0.999992608368549,0.999992166530758,0.999991711012366,0.999991241750829,0.999990758684321,0.99999026175173,0.999989750892631,0.999989226047302,0.999988687156694,0.999988134162429,0.999987567006798,0.999986985632733,0.999986389983824,0.999985780004294,0.999985155638991,0.999984516833386,0.99998386353356,0.999983195686204,0.999982513238597,0.999981816138617,0.999981104334715,0.999980377775924,0.99997963641184,0.999978880192619,0.999978109068976,0.999977322992166,0.999976521913986,0.999975705786771,0.99997487456338,0.999974028197189,0.999973166642095,0.999972289852501,0.999971397783311,0.999970490389927,0.999969567628243,0.999968629454635,0.999967675825961,0.999966706699553,0.999965722033206
1,0.999999999999998,1,1,1,0.999999999999999,0.999999999999998,1,1,1,0.999999999999999,1,1,0.999999999999999,1,1,0.999999999999999,1,1,1,1,1,1,0.999999999999999,1,1,1,1,1,1,1,1,0.999999999999999,1,1,1,1,1,0.999999999999998,1,1,1,0.999999999999999,1,1,1,1,0.999999999999999,1,1,1,1,1,0.999999999999999,0.999999999999999,1,0.999999999999999,1,1,1,1,1,1,1,1,1,1,1,1,1,1,1,1,1,1,1,0.999999999999999,1,1,1,0.999999999999999,1,0.999999999999999,1,1,1,1,0.999999999999999,1,1,1,1,1,0.999999999999999,0.999999999999999,1,1,1,1,1,1,1,1,1,1,1,1,0.999999999999999,1,1,0.999999999999998,1,1,1,1,1,0.999993617933054,0.999989106395246,0.999986161946707,0.999983894436523,0.999982040235351,0.999980476451686,0.999979133349781,0.999977966537978,0.999976945516097,0.999976048150695,0.999975257704737,0.999974561108324,0.999973947888475,0.999973409473865,0.999972938724992,0.999972529606094,0.999972176949712,0.999971876283784,0.999971623702129,0.999971415765854,0.999971249427328,0.999971121970938,0.999971030966783,0.999970974234411,0.999970949814842,0.9999709559496,0.99997099106609,0.999971053769257,0.999971142839975,0.999971257241481,0.999971396136365,0.999971558918466,0.99997174526746,0.999971955239826,0.999972189421473,0.999972449190665,0.999972737190608,0.999973058229555,0.999973421131731,0.999973842951137,0.999974360004231,0.999975063323049,0.999976258342192,0.999979964359849,0.999960476712736,0.999971608357066,0.999973344493577,0.999974240985227,0.999974889521192,0.999975434331062,0.999975927659886,0.999976392841356,0.999976841738809,0.999977280924854,0.999977714258162,0.999978144090755,0.999978571885683,0.99997899855561,0.999979424659038,0.999979850519321,0.999980276299706,0.999980702052159,0.999981127750066,0.999981553310636,0.99998197861059,0.999982403497326,0.999982827797026,0.999983251320566,0.999983673867937,0.999984095231542,0.999984515198705,0.999984933553563,0.99998535007853,0.999985764555422,0.99998617676632,0.999986586494239,0.999986993523655,0.99998739764088,0.999987798634394,0.999988196295056,0.999988590416286,0.999988980794194,0.999989367227661,0.999989749518409,0.999990127471033,0.999990500893026,0.999990869594772,0.999991233389554,0.999991592093515,0.999991945525652,0.99999229350778,0.999992635864484,0.999992972423095,0.999993303013639,0.999993627468797,0.999993945623855,0.999994257316664,0.999994562387586,0.99999486067945,0.999995152037504,0.999995436309371,0.999995713344992,0.999995982996597,0.999996245118638,0.999996499567767,0.999996746202771,0.999996984884546,0.999997215476032,0.999997437842209,0.99999765185001,0.99999785736832,0.999998054267916,0.999998242421434,0.999998421703338,0.99999859198987,0.999998753159033,0.999998905090538,0.999999047665791,0.999999180767839,0.999999304281351,0.999999418092594,0.999999522089374,0.999999616161046,0.999999700198451,0.999999774093911,0.999999837741186,0.999999891035461,0.999999933873305,0.999999966152671,0.999999987772831,0.999999998634394,0.99999999863926,0.999999987690601,0.999999965692837,0.999999932551619,0.999999888173805,0.999999832467441,0.999999765341742,0.999999686707065,0.999999596474897,0.999999494557835,0.999999380869569,0.999999255324856,0.999999117839515,0.999998968330403,0.999998806715396,0.999998632913375,0.999998446844215,0.999998248428764,0.999998037588828,0.999997814247157,0.999997578327434,0.999997329754252,0.999997068453113,0.999996794350398,0.999996507373375,0.999996207450163,0.999995894509732,0.999995568481899,0.99999522929729,0.999994876887352,0.999994511184334,0.999994132121273,0.999993739631981,0.999993333651041,0.999992914113791,0.999992480956317,0.999992034115435,0.999991573528696,0.999991099134356,0.999990610871383,0.999990108679438,0.999989592498872,0.999989062270715,0.999988517936658,0.99998795943906,0.999987386720929,0.999986799725912,0.999986198398294,0.999985582682985,0.999984952525513,0.999984307872016,0.999983648669234,0.999982974864505,0.999982286405748,0.999981583241471,0.999980865320744,0.99998013259321,0.999979385009072,0.999978622519076,0.999977845074524,0.999977052627248,0.999976245129614,0.999975422534521,0.999974584795374,0.999973731866104,0.999972863701138,0.999971980255416,0.999971081484364,0.999970167343899,0.999969237790427,0.999968292780822,0.999967332272445,0.99996635622311,0.999965364591105
0.999999999999999,1,1,1,0.999999999999999,1,1,0.999999999999999,1,1,1,0.999999999999999,1,1,1,1,1,1,0.999999999999999,0.999999999999999,1,0.999999999999999,1,1,1,1,1,1,1,1,1,1,0.999999999999998,1,1,1,1,1,1,0.999999999999999,1,1,0.999999999999999,0.999999999999999,0.999999999999999,1,1,1,0.999999999999999,1,0.999999999999999,1,1,1,1,0.999999999999999,0.999999999999999,0.999999999999999,1,1,0.999999999999998,1,0.999999999999999,1,1,1,1,0.999999999999999,1,1,1,1,0.999999999999999,1,0.999999999999999,1,0.999999999999999,1,1,1,1,1,1,1,1,1,1,1,1,1,1,1,1,1,1,1,1,1,1,0.999999999999999,0.999999999999999,1,0.999999999999999,1,1,1,1,1,1,1,1,1,1,0.999998266250554,0.999990524595159,0.99998692193084,0.999984284723842,0.999982173436823,0.999980412216834,0.999978908635059,0.999977606566176,0.9999764686732,0.99997546849269,0.999974586370364,0.999973807174501,0.999973118917952,0.999972511881726,0.999971978032885,0.999971510623847,0.999971103908194,0.999970752933921,0.99997045338977,0.999970201488805,0.999969993878841,0.999969827572556,0.999969699892371,0.999969608426592,0.999969550994334,0.999969525617461,0.999969530498229,0.99996956400183,0.999969624643255,0.999969711078276,0.99996982209865,0.999969956632053,0.999970113747805,0.999970292670306,0.999970492803496,0.999970713771998,0.999970955488974,0.999971218268814,0.999971503019239,0.999971811582246,0.999972147373518,0.999972516671612,0.999972931477238,0.999973416732285,0.999974032280275,0.999974962760734,0.999977180705526,0.999925420763861,0.999971021472905,0.999972944731082,0.999973857040684,0.999974509396087,0.999975059258045,0.999975559914509,0.999976034228108,0.999976493510896,0.999976943903705,0.999977388951592,0.99997783078217,0.999978270697609,0.999978709494448,0.999979147646781,0.99997958541629,0.999980022921024,0.999980460179866,0.999980897142105,0.999981333707605,0.99998176974085,0.999982205080911,0.999982639548621,0.999983072951833,0.9999835050893,0.999983935753586,0.999984364733243,0.999984791814481,0.999985216782442,0.999985639422156,0.999986059519301,0.999986476860784,0.99998689123516,0.999987302432988,0.999987710247085,0.999988114472708,0.999988514907706,0.999988911352616,0.999989303610743,0.999989691488183,0.99999007479388,0.999990453339603,0.999990826939961,0.999991195412383,0.999991558577101,0.99999191625711,0.999992268278142,0.999992614468631,0.999992954659671,0.999993288684964,0.999993616380792,0.999993937585961,0.999994252141756,0.999994559891898,0.999994860682499,0.999995154362012,0.999995440781186,0.999995719793021,0.999995991252729,0.999996255017682,0.99999651094737,0.999996758903363,0.999996998749266,0.999997230350682,0.999997453575163,0.999997668292187,0.999997874373095,0.999998071691088,0.999998260121156,0.999998439540064,0.999998609826313,0.999998770860104,0.999998922523306,0.99999906469942,0.999999197273556,0.999999320132399,0.999999433164175,0.999999536258628,0.999999629306988,0.999999712201945,0.999999784837622,0.99999984710955,0.99999989891464,0.99999994015116,0.999999970718711,0.9999999905182,0.999999999451824,0.999999997423039,0.999999984336546,0.999999960098263,0.999999924615308,0.999999877795978,0.999999819549729,0.999999749787156,0.999999668419976,0.999999575361003,0.999999470524138,0.999999353824356,0.999999225177667,0.999999084501122,0.999998931712788,0.999998766731727,0.999998589477991,0.999998399872596,0.999998197837512,0.999997983295655,0.999997756170854,0.999997516387856,0.999997263872307,0.99999699855073,0.999996720350523,0.999996429199942,0.999996125028084,0.999995807764882,0.999995477341086,0.99999513368826,0.999994776738759,0.999994406425728,0.999994022683086,0.999993625445518,0.999993214648453,0.999992790228074,0.999992352121289,0.999991900265734,0.999991434599752,0.999990955062391,0.999990461593397,0.999989954133192,0.999989432622879,0.999988897004222,0.999988347219649,0.999987783212234,0.999987204925689,0.999986612304359,0.999986005293214,0.99998538383784,0.999984747884431,0.999984097379781,0.999983432271274,0.999982752506887,0.999982058035166,0.999981348805235,0.999980624766776,0.999979885870035,0.9999791320658,0.999978363305409,0.999977579540737,0.999976780724182,0.999975966808676,0.999975137747663,0.999974293495098,0.999973434005446,0.999972559233669,0.999971669135223,0.999970763666053,0.999969842782586,0.99996890644173,0.999967954600856,0.999966987217806,0.999966004250887,0.999965005658856
1,1,0.999999999999998,1,1,1,1,1,1,0.999999999999999,1,1,1,1,1,0.999999999999999,1,1,1,1,1,1,1,1,1,1,1,1,1,1,0.999999999999999,1,0.999999999999999,1,1,1,1,0.999999999999999,1,1,1,1,1,1,1,1,1,1,1,0.999999999999999,1,1,1,0.999999999999999,1,1,1,1,1,0.999999999999999,1,1,1,0.999999999999998,1,1,1,1,1,1,0.999999999999999,1,1,1,1,1,0.999999999999999,1,1,1,1,1,0.999999999999999,0.999999999999998,1,0.999999999999999,1,1,1,1,1,1,1,1,1,0.999999999999999,1,1,0.999999999999999,1,1,1,1,1,1,1,1,1,1,1,1,0.999992646204925,0.999987980557763,0.999984863309914,0.999982443014816,0.999980453669225,0.999978769001891,0.999977316671972,0.999976050358315,0.999974938109441,0.999973956673702,0.999973088431684,0.999972319601888,0.999971639126129,0.99997103794324,0.999970508496941,0.999970044391384,0.99996964014333,0.999969290999618,0.99996899279999,0.999968741872121,0.999968534950112,0.999968369110274,0.999968241720014,0.999968150396696,0.999968092974307,0.999968067476263,0.999968072093197,0.999968105164801,0.999968165165134,0.999968250690934,0.999968360452699,0.999968493268461,0.999968648060369,0.999968823854493,0.999969019784598,0.999969235101196,0.999969469188143,0.999969721590612,0.999969992061076,0.9999702806353,0.999970587760871,0.999970914522872,0.999971263061278,0.999971637397257,0.999972045222217,0.999972502266527,0.999973044950496,0.999973778075044,0.999975167698484,0.999988507655408,0.999970590614525,0.999972667470139,0.999973557787622,0.99997419409811,0.999974737208874,0.999975237400666,0.99997571528642,0.999976180751741,0.999976639032461,0.999977093084159,0.999977544639236,0.999977994727835,0.999978443955036,0.999978892657641,0.999979340997409,0.999979789018807,0.999980236686082,0.999980683907734,0.999981130553125,0.999981576463958,0.9999820214624,0.999982465356894,0.999982907946394,0.999983349023476,0.999983788376652,0.99998422579211,0.999984661055028,0.999985093950551,0.999985524264562,0.999985951784242,0.999986376298522,0.999986797598395,0.999987215477179,0.999987629730692,0.999988040157391,0.999988446558457,0.999988848737868,0.999989246502434,0.99998963966181,0.999990028028509,0.999990411417886,0.999990789648123,0.999991162540204,0.999991529917876,0.999991891607628,0.999992247438633,0.999992597242724,0.99999294085433,0.99999327811045,0.999993608850596,0.999993932916749,0.999994250153307,0.99999456040705,0.999994863527087,0.999995159364798,0.999995447773812,0.999995728609951,0.999996001731177,0.999996266997562,0.999996524271242,0.99999677341637,0.999997014299083,0.999997246787462,0.999997470751482,0.999997686062988,0.999997892595651,0.999998090224933,0.999998278828055,0.999998458283954,0.999998628473261,0.999998789278259,0.999998940582853,0.999999082272551,0.999999214234413,0.999999336357037,0.999999448530523,0.999999550646454,0.999999642597853,0.999999724279176,0.999999795586267,0.999999856416352,0.999999906667995,0.999999946241087,0.999999975036821,0.999999992957665,0.999999999907342,0.999999995790808,0.999999980514235,0.999999953984978,0.999999916111576,0.999999866803705,0.999999805972187,0.999999733528948,0.999999649387016,0.999999553460495,0.999999445664546,0.999999325915372,0.999999194130215,0.999999050227309,0.999998894125898,0.999998725746196,0.999998545009383,0.999998351837588,0.999998146153876,0.999997927882224,0.999997696947525,0.999997453275562,0.999997196792992,0.999996927427347,0.999996645107002,0.999996349761183,0.999996041319934,0.999995719714129,0.999995384875434,0.999995036736319,0.99999467523003,0.999994300290588,0.999993911852768,0.999993509852105,0.999993094224867,0.99999266490805,0.999992221839379,0.999991764957275,0.999991294200873,0.999990809509987,0.99999031082512,0.999989798087446,0.999989271238802,0.999988730221679,0.999988174979216,0.999987605455191,0.999987021594009,0.999986423340697,0.999985810640898,0.999985183440865,0.999984541687438,0.999983885328058,0.999983214310744,0.999982528584095,0.999981828097279,0.999981112800022,0.999980382642611,0.999979637575874,0.999978877551191,0.999978102520472,0.999977312436151,0.999976507251195,0.999975686919081,0.999974851393796,0.999974000629834,0.999973134582189,0.999972253206342,0.999971356458268,0.999970444294417,0.999969516671718,0.999968573547574,0.999967614879844,0.999966640626855,0.999965650747385,0.999964645200663
1,0.999999999999999,1,1,1,1,1,0.999999999999999,1,1,1,1,0.999999999999999,1,0.999999999999998,0.999999999999999,0.999999999999999,0.999999999999999,1,1,1,1,1,0.999999999999999,1,1,1,1,1,1,1,1,1,1,0.999999999999999,1,1,0.999999999999999,1,1,1,1,1,1,1,1,1,1,1,1,1,0.999999999999999,1,0.999999999999999,1,1,0.999999999999999,1,1,0.999999999999999,0.999999999999999,1,1,1,1,0.999999999999998,1,1,1,1,1,1,1,1,0.999999999999998,1,1,1,0.999999999999999,1,0.999999999999998,0.999999999999999,1,1,1,0.999999999999999,1,1,1,1,0.999999999999999,1,1,1,0.999999999999999,1,1,1,0.999999999999998,1,1,1,1,1,0.999999999999999,1,0.999999999999999,1,0.999996715986114,0.999989461695082,0.999985676959145,0.999982874302476,0.999980617164132,0.999978726141349,0.999977105771872,0.999975697673781,0.999974462829698,0.999973373497235,0.99997240902497,0.999971553486159,0.999970794246986,0.999970121053035,0.999969525420922,0.999969000218601,0.999968539367055,0.999968137622882,0.99996779041632,0.999967493728267,0.999967243995361,0.999967038035587,0.999966872989278,0.999966746271708,0.99996665553467,0.999966598635024,0.999966573608778,0.999966578649562,0.999966612090732,0.999966672390396,0.999966758118929,0.999966867948654,0.999967000645347,0.999967155061563,0.999967330131585,0.999967524868205,0.999967738361416,0.999967969779581,0.999968218373699,0.99996848348612,0.99996876456583,0.999969061194002,0.99996937312649,0.999969700365523,0.999970043284786,0.999970402858068,0.999970781104708,0.999971182032919,0.999971613874106,0.999972095271491,0.999972676990574,0.999973557150955,0.999976953080861,0.999970466269564,0.999972554634184,0.999973358976894,0.999973951154758,0.999974472273742,0.999974962500985,0.999975437450468,0.999975904327145,0.999976366817684,0.999976826926656,0.999977285773873,0.999977743979392,0.999978201865078,0.999978659567147,0.999979117102336,0.999979574408531,0.999980031370576,0.99998048783723,0.999980943632553,0.99998139856374,0.999981852426606,0.999982305009495,0.999982756096086,0.999983205467453,0.999983652903576,0.999984098184461,0.999984541090958,0.99998498140539,0.999985418912005,0.999985853397324,0.999986284650384,0.999986712462919,0.999987136629494,0.999987556947562,0.999987973217559,0.999988385242899,0.999988792829999,0.999989195788262,0.999989593930066,0.999989987070739,0.999990375028513,0.999990757624504,0.999991134682651,0.999991506029678,0.999991871495046,0.999992230910902,0.999992584112024,0.999992930935785,0.99999327122208,0.999993604813297,0.999993931554255,0.999994251292153,0.999994563876525,0.999994869159196,0.999995166994226,0.999995457237864,0.999995739748516,0.999996014386676,0.999996281014914,0.999996539497802,0.999996789701897,0.999997031495687,0.999997264749555,0.999997489335747,0.999997705128324,0.99999791200313,0.999998109837761,0.999998298511529,0.999998477905422,0.999998647902076,0.999998808385743,0.999998959242265,0.999999100359031,0.999999231624967,0.999999352930482,0.999999464167464,0.999999565229235,0.999999656010543,0.999999736407519,0.999999806317653,0.999999865639789,0.999999914274076,0.999999952121959,0.999999979086158,0.999999995070631,0.999999999980577,0.999999993722387,0.999999976203648,0.999999947333105,0.999999907020649,0.999999855177304,0.999999791715199,0.999999716547546,0.999999629588643,0.999999530753829,0.999999419959487,0.999999297123026,0.999999162162852,0.999999014998367,0.999998855549943,0.999998683738915,0.999998499487557,0.999998302719074,0.999998093357594,0.999997871328137,0.999997636556619,0.999997388969827,0.999997128495412,0.999996855061871,0.99999656859855,0.999996269035605,0.999995956304015,0.999995630335559,0.999995291062803,0.999994938419095,0.999994572338553,0.999994192756052,0.99999379960721,0.999993392828384,0.999992972356661,0.999992538129842,0.999992090086431,0.999991628165637,0.999991152307356,0.99999066245216,0.999990158541293,0.99998964051666,0.999989108320815,0.999988561896966,0.999988001188947,0.999987426141228,0.99998683669889,0.999986232807634,0.999985614413758,0.999984981464165,0.999984333906343,0.999983671688356,0.999982994758849,0.999982303067037,0.99998159656269,0.999980875196134,0.999980138918241,0.999979387680427,0.999978621434635,0.999977840133344,0.999977043729549,0.999976232176759,0.999975405428998,0.999974563440789,0.999973706167151,0.999972833563597,0.999971945586126,0.999971042191216,0.999970123335822,0.999969188977363,0.999968239073731,0.999967273583266,0.999966292464771,0.999965295677492,0.999964283181119
1,1,1,1,1,1,1,1,1,0.999999999999999,0.999999999999999,1,1,1,1,1,1,0.999999999999998,1,1,1,1,1,1,1,1,1,1,0.999999999999999,1,1,1,0.999999999999998,1,1,1,0.999999999999999,1,1,1,0.999999999999999,1,0.999999999999999,1,0.999999999999998,1,1,1,1,0.999999999999999,1,0.999999999999999,1,1,1,0.999999999999999,0.999999999999999,1,1,0.999999999999999,1,1,1,0.999999999999999,1,0.999999999999999,1,0.999999999999999,1,0.999999999999999,1,0.999999999999999,1,0.999999999999999,1,1,1,1,1,1,0.999999999999999,0.999999999999999,0.999999999999999,1,0.999999999999999,1,1,1,1,1,1,1,1,1,1,0.999999999999999,1,1,1,0.999999999999999,1,1,1,1,1,1,0.999991632181393,0.999986796956607,0.999983501110241,0.999980923061403,0.999978794017164,0.999976984243282,0.999975418753017,0.99997404926704,0.999972842360642,0.999971773647102,0.99997082461199,0.999969980753217,0.999969230421686,0.999968564063719,0.999967973706574,0.999967452597621,0.999966994944295,0.999966595722265,0.999966250531008,0.999965955483133,0.999965707118225,0.999965502334831,0.999965338336102,0.99996521258586,0.999965122772701,0.999965066780454,0.999965042663603,0.99996504862673,0.999965083007216,0.999965144260532,0.999965230947778,0.999965341724983,0.999965475333973,0.999965630594532,0.999965806397716,0.999966001700185,0.999966215519474,0.999966446930177,0.999966695061073,0.999966959093271,0.999967238259589,0.999967531845567,0.999967839192694,0.999968159705033,0.999968492861254,0.999968838235771,0.99996919553622,0.999969564672084,0.99996994588722,0.999970340035671,0.999970749217807,0.999971178473503,0.999971641358139,0.999972186195291,0.999973177047454,0.999971157582628,0.999972676201738,0.999973282808048,0.999973790479653,0.999974269693942,0.99997473825695,0.999975202579184,0.99997566540136,0.999976127989373,0.99997659092522,0.999977054440594,0.999977518574397,0.999977983253789,0.999978448338719,0.999978913647782,0.999979378973851,0.999979844093915,0.999980308775411,0.999980772780432,0.999981235868555,0.999981697798786,0.999982158330892,0.999982617226343,0.999983074248958,0.999983529165356,0.999983981745268,0.999984431761742,0.999984878991276,0.999985323213891,0.999985764213179,0.999986201776292,0.999986635693951,0.999987065760388,0.999987491773329,0.999987913533922,0.999988330846687,0.999988743519469,0.999989151363343,0.999989554192568,0.999989951824517,0.99999034407961,0.999990730781241,0.999991111755713,0.999991486832175,0.999991855842557,0.999992218621499,0.999992575006308,0.999992924836868,0.999993267955608,0.999993604207431,0.999993933439662,0.999994255501987,0.999994570246405,0.999994877527186,0.999995177200798,0.999995469125881,0.999995753163184,0.999996029175527,0.999996297027762,0.99999655658671,0.999996807721145,0.999997050301732,0.999997284200994,0.999997509293284,0.99999772545473,0.999997932563211,0.999998130498324,0.999998319141337,0.999998498375164,0.999998668084336,0.999998828154961,0.999998978474704,0.999999118932748,0.999999249419766,0.999999369827899,0.999999480050729,0.999999579983239,0.999999669521807,0.99999974856416,0.999999817009373,0.999999874757823,0.999999921711179,0.999999957772373,0.999999982845581,0.999999996836205,0.999999999650843,0.999999991197276,0.999999971384442,0.999999940122424,0.99999989732243,0.999999842896759,0.999999776758809,0.99999969882304,0.999999609004961,0.999999507221118,0.999999393389073,0.999999267427388,0.999999129255613,0.999998978794264,0.999998815964819,0.999998640689688,0.999998452892211,0.999998252496643,0.999998039428136,0.999997813612723,0.999997574977314,0.999997323449674,0.999997058958417,0.999996781432991,0.999996490803665,0.999996187001516,0.999995869958429,0.999995539607067,0.999995195880869,0.999994838714051,0.999994468041567,0.999994083799129,0.999993685923179,0.999993274350884,0.999992849020118,0.99999240986947,0.999991956838224,0.999991489866339,0.999991008894463,0.999990513863905,0.999990004716638,0.999989481395279,0.999988943843095,0.999988392003984,0.999987825822466,0.999987245243686,0.999986650213392,0.999986040677943,0.999985416584283,0.999984777879949,0.999984124513055,0.999983456432297,0.999982773586925,0.999982075926754,0.999981363402154,0.999980635964031,0.999979893563842,0.999979136153566,0.999978363685717,0.999977576113324,0.99997677338993,0.999975955469588,0.999975122306851,0.99997427385677,0.999973410074883,0.999972530917216,0.999971636340275,0.999970726301036,0.999969800756945,0.999968859665912,0.999967902986303,0.999966930676937,0.999965942697082,0.999964939006448,0.999963919565183
1,0.999999999999999,0.999999999999998,1,1,1,1,0.999999999999999,0.999999999999999,1,0.999999999999999,1,0.999999999999999,1,1,1,1,1,1,1,1,1,1,0.999999999999999,1,0.999999999999999,0.999999999999998,1,1,0.999999999999999,1,1,1,0.999999999999999,1,1,1,0.999999999999999,1,0.999999999999999,1,1,1,1,0.999999999999998,1,1,1,0.999999999999999,1,1,1,1,1,1,1,1,1,0.999999999999999,0.999999999999998,0.999999999999999,1,1,1,1,1,1,1,1,1,1,0.999999999999999,1,1,0.999999999999999,1,1,0.999999999999999,1,0.999999999999999,1,1,1,0.999999999999999,1,1,1,1,1,1,1,1,0.999999999999998,0.999999999999999,0.999999999999999,1,1,1,0.999999999999999,1,0.999999999999999,0.999999999999999,1,0.999995469710559,0.999988345020757,0.999984370903005,0.999981397411279,0.999978989572398,0.999976964266357,0.999975222937995,0.99997370491161,0.999972369461665,0.999971187545178,0.999970137496596,0.999969202580974,0.999968369507839,0.999967627480132,0.999966967559325,0.999966382226519,0.999965865069989,0.999965410557083,0.999965013864072,0.999964670746794,0.999964377440682,0.999964130582301,0.999963927146997,0.999963764398753,0.999963639849365,0.99996355122496,0.999963496438217,0.999963473565182,0.999963480825715,0.999963516566914,0.99996357924895,0.999963667432898,0.999963779770162,0.999963914993301,0.99996407190792,0.999964249385536,0.99996444635715,0.999964661807473,0.999964894769583,0.999965144319942,0.999965409573589,0.999965689679348,0.999965983814844,0.999966291181007,0.999966610995638,0.999966942485341,0.999967284874704,0.999967637370757,0.999967999139259,0.999968369266143,0.999968746690782,0.999969130082041,0.99996951758852,0.999969906280865,0.999970290725287,0.99997065854902,0.999970971574626,0.999971012744285,0.999976089204,0.999973156812689,0.999973361091232,0.999973725118572,0.999974136104988,0.999974568462266,0.999975012994361,0.999975465451759,0.999975923504794,0.999976385699945,0.999976851032501,0.999977318748848,0.999977788246192,0.99997825901789,0.999978730621817,0.999979202661175,0.999979674772329,0.999980146616829,0.999980617875982,0.999981088247097,0.999981557440749,0.999982025178805,0.999982491192926,0.999982955223416,0.999983417018325,0.999983876332735,0.999984332928168,0.999984786572122,0.999985237037647,0.99998568410302,0.999986127551437,0.999986567170762,0.999987002753293,0.999987434095575,0.999987860998191,0.999988283265627,0.999988700706093,0.999989113131413,0.999989520356877,0.999989922201127,0.999990318486052,0.999990709036679,0.999991093681077,0.999991472250277,0.999991844578165,0.999992210501408,0.999992569859391,0.999992922494126,0.999993268250182,0.999993606974631,0.999993938516972,0.99999426272907,0.999994579465108,0.999994888581514,0.999995189936925,0.999995483392116,0.999995768809968,0.999996046055406,0.999996314995359,0.999996575498716,0.999996827436275,0.999997070680711,0.999997305106529,0.999997530590031,0.999997747009269,0.999997954244018,0.999998152175733,0.999998340687519,0.9999985196641,0.99999868899178,0.99999884855842,0.999998998253396,0.999999137967582,0.999999267593319,0.999999387024376,0.999999496155939,0.999999594884573,0.999999683108203,0.999999760726086,0.999999827638789,0.999999883748167,0.999999928957331,0.999999963170639,0.999999986293664,0.99999999823318,0.999999998897137,0.99999998819464,0.999999966035935,0.999999932332387,0.99999988699646,0.9999998299417,0.999999761082715,0.999999680335166,0.999999587615741,0.999999482842141,0.999999365933066,0.9999992368082,0.999999095388191,0.999998941594645,0.999998775350095,0.999998596578006,0.999998405202749,0.99999820114959,0.999997984344676,0.999997754715029,0.999997512188522,0.999997256693864,0.999996988160615,0.999996706519136,0.99999641170061,0.999996103637003,0.999995782261074,0.999995447506355,0.99999509930714,0.999994737598474,0.999994362316146,0.999993973396678,0.999993570777312,0.999993154396003,0.999992724191407,0.999992280102875,0.999991822070445,0.99999135003482,0.99999086393738,0.999990363720159,0.999989849325836,0.999989320697732,0.999988777779805,0.999988220516631,0.999987648853404,0.999987062735931,0.999986462110613,0.999985846924447,0.999985217125019,0.999984572660485,0.999983913479583,0.999983239531608,0.999982550766418,0.999981847134419,0.999981128586556,0.999980395074323,0.999979646549737,0.999978882965344,0.999978104274204,0.999977310429897,0.999976501386499,0.999975677098605,0.999974837521281,0.999973982610101,0.999973112321115,0.99997222661085,0.999971325436314,0.999970408754968,0.99996947652475,0.999968528704047,0.999967565251696,0.999966586126986,0.999965591289646,0.999964580699838,0.999963554318164
1,1,1,1,1,1,0.999999999999998,1,1,1,1,0.999999999999998,1,0.999999999999998,1,1,0.999999999999999,0.999999999999999,1,1,1,1,1,0.999999999999999,1,1,0.999999999999999,1,1,1,0.999999999999999,1,1,1,0.999999999999999,0.999999999999999,1,1,1,1,1,0.999999999999999,1,0.999999999999999,0.999999999999999,1,1,1,1,1,1,1,1,1,1,0.999999999999999,1,1,0.999999999999999,1,1,1,1,0.999999999999999,0.999999999999999,1,0.999999999999999,0.999999999999999,0.999999999999999,1,1,1,0.999999999999999,1,1,0.999999999999999,1,1,0.999999999999999,0.999999999999999,0.999999999999999,1,1,1,1,0.999999999999998,1,1,1,1,1,0.999999999999999,1,1,1,1,0.999999999999999,1,0.999999999999999,0.999999999999999,0.999999999999999,0.999990573696305,0.999985555251194,0.999982074788343,0.999979333807444,0.999977060321021,0.999975121036132,0.999973438270909,0.999971961753332,0.999970656558957,0.999969497145038,0.999968464085436,0.999967542144217,0.999966719070938,0.999965984811398,0.999965330970475,0.999964750434748,0.999964237100105,0.999963785670534,0.99996339150647,0.999963050508448,0.999962759026459,0.999962513788299,0.999962311842258,0.999962150510727,0.999962027352265,0.999961940130284,0.999961886786974,0.999961865421401,0.999961874270977,0.999961911695668,0.999961976164415,0.999962066243402,0.999962180585816,0.999962317922858,0.99996247705576,0.999962656848624,0.999962856221943,0.999963074146585,0.999963309638175,0.999963561751632,0.999963829575767,0.999964112227679,0.999964408846705,0.999964718587569,0.999965040612218,0.999965374079562,0.999965718131973,0.999966071876679,0.999966434358911,0.999966804521539,0.999967181141686,0.999967562726364,0.999967947331584,0.999968332228901,0.999968713243414,0.999969083309086,0.999969428894531,0.999969719439434,0.99996986613989,0.999969449171863,0.999944240022559,0.99997423981071,0.999973640546411,0.999973772332621,0.999974079866629,0.999974457786762,0.999974871532236,0.999975306290737,0.999975754556833,0.999976212046581,0.999976676079675,0.999977144849307,0.99997761705901,0.999978091727842,0.999978568079386,0.999979045475236,0.999979523373465,0.999980001301735,0.999980478839339,0.999980955604872,0.999981431247584,0.999981905441136,0.999982377879054,0.99998284827131,0.999983316341742,0.999983781826062,0.999984244470292,0.999984704029532,0.999985160266962,0.999985612953026,0.99998606186478,0.999986506785321,0.999986947503327,0.999987383812661,0.999987815512026,0.999988242404671,0.999988664298131,0.999989081004,0.999989492337728,0.999989898118442,0.99999029816878,0.999990692314746,0.999991080385579,0.999991462213619,0.999991837634208,0.999992206485572,0.99999256860874,0.999992923847431,0.999993272047988,0.9999936130593,0.999993946732711,0.99999427292196,0.99999459148312,0.999994902274521,0.999995205156702,0.99999549999235,0.999995786646243,0.999996064985201,0.999996334878038,0.999996596195511,0.999996848810276,0.999997092596843,0.999997327431541,0.999997553192467,0.999997769759452,0.999997977014029,0.999998174839387,0.999998363120345,0.999998541743308,0.999998710596252,0.999998869568669,0.999999018551558,0.999999157437386,0.999999286120051,0.999999404494874,0.999999512458559,0.999999609909166,0.999999696746093,0.999999772870045,0.999999838183017,0.999999892588261,0.999999935990275,0.999999968294768,0.999999989408658,0.999999999240026,0.999999997698118,0.99999998469331,0.999999960137103,0.999999923942088,0.999999876021943,0.999999816291403,0.999999744666256,0.99999966106331,0.999999565400389,0.999999457596313,0.99999933757088,0.999999205244853,0.99999906053995,0.999998903378818,0.999998733685023,0.999998551383046,0.999998356398256,0.9999981486569,0.999997928086097,0.999997694613815,0.999997448168868,0.999997188680894,0.999996916080355,0.99999663029851,0.999996331267419,0.999996018919923,0.999995693189633,0.999995354010924,0.999995001318917,0.999994635049479,0.999994255139203,0.999993861525398,0.999993454146094,0.999993032940016,0.999992597846577,0.999992148805875,0.999991685758684,0.999991208646438,0.999990717411232,0.9999902119958,0.999989692343522,0.999989158398407,0.999988610105082,0.999988047408795,0.999987470255399,0.999986878591343,0.999986272363671,0.999985651520012,0.999985016008569,0.999984365778118,0.999983700777996,0.9999830209581,0.999982326268872,0.999981616661299,0.999980892086908,0.999980152497748,0.9999793978464,0.999978628085956,0.999977843170027,0.99997704305272,0.999976227688651,0.999975397032923,0.999974551041134,0.999973689669359,0.99997281287415,0.999971920612535,0.999971012842006,0.999970089520514,0.999969150606467,0.99996819605873,0.999967225836604,0.99996623989984,0.999965238208619,0.999964220723554,0.999963187405686
1,1,1,1,0.999999999999999,0.999999999999999,0.999999999999998,0.999999999999999,1,1,0.999999999999998,0.999999999999999,1,1,0.999999999999999,0.999999999999999,1,0.999999999999999,0.999999999999999,1,0.999999999999999,1,1,1,1,1,1,1,1,1,1,1,1,1,0.999999999999999,1,1,1,1,1,1,1,0.999999999999999,1,1,1,1,1,1,0.999999999999999,1,1,0.999999999999999,1,1,1,1,1,1,1,1,0.999999999999999,1,1,1,0.999999999999999,1,1,0.999999999999999,0.999999999999999,1,1,0.999999999999999,0.999999999999999,1,0.999999999999999,1,1,1,0.999999999999999,0.999999999999999,1,1,1,1,1,1,1,1,1,0.999999999999999,0.999999999999999,1,0.999999999999999,1,0.999999999999999,1,1,0.999994302283493,0.999987174286441,0.999983003400999,0.999979853483447,0.999977289915907,0.999975125683208,0.99997325906816,0.999971627057909,0.99997018718666,0.999968909085737,0.999967770055442,0.999966752536474,0.999965842568652,0.999965028801759,0.999964301833718,0.999963653752199,0.999963077807789,0.999962568175064,0.999962119774167,0.999961728135035,0.999961389292341,0.999961099703022,0.99996085618066,0.999960655842663,0.999960496067269,0.999960374458215,0.999960288815433,0.999960237110538,0.999960217466146,0.999960228138333,0.999960267501592,0.99996033403588,0.999960426315361,0.999960542998572,0.999960682819723,0.999960844580961,0.999961027145427,0.99996122943089,0.999961450403879,0.999961689074164,0.999961944489394,0.999962215729815,0.999962501902821,0.999962802137188,0.999963115576648,0.999963441372464,0.999963778674447,0.99996412661964,0.999964484317492,0.999964850829666,0.999965225141649,0.999965606121262,0.999965992456015,0.999966382554712,0.999966774386342,0.999967165203217,0.999967551037142,0.999967925715942,0.99996827876571,0.999968590380965,0.999968817226477,0.999968841063545,0.999968178787827,0.9999597756033,0.999976467545977,0.999974192091863,0.999973955197594,0.999974111511213,0.999974411938292,0.999974781610616,0.999975190095247,0.99997562258675,0.999976070941181,0.999976530249665,0.99997699733126,0.999977469997882,0.999977946666106,0.99997842613876,0.999978907475537,0.999979389912903,0.999979872812751,0.999980355628354,0.999980837881206,0.999981319144852,0.999981799033368,0.999982277192998,0.999982753295935,0.999983227035686,0.999983698123499,0.999984166285617,0.999984631261126,0.999985092800236,0.999985550662906,0.999986004617736,0.999986454441054,0.999986899916157,0.999987340832672,0.999987776986038,0.999988208177045,0.999988634211448,0.999989054899627,0.999989470056303,0.99998987950028,0.999990283054209,0.999990680544408,0.999991071800663,0.999991456656077,0.999991834946924,0.999992206512515,0.999992571195074,0.999992928839637,0.999993279293935,0.999993622408322,0.999993958035659,0.999994286031255,0.999994606252785,0.999994918560215,0.99999522281574,0.999995518883709,0.999995806630584,0.999996085924872,0.99999635663707,0.99999661863962,0.999996871806858,0.999997116014965,0.99999735114193,0.999997577067503,0.999997793673148,0.999998000842019,0.999998198458915,0.999998386410241,0.999998564583974,0.999998732869641,0.99999889115827,0.999999039342375,0.999999177315915,0.999999304974268,0.999999422214209,0.999999528933873,0.99999962503274,0.999999710411601,0.999999784972535,0.999999848618889,0.999999901255257,0.999999942787442,0.999999973122458,0.999999992168486,0.999999999834876,0.999999996032102,0.999999980671763,0.999999953666558,0.999999914930261,0.999999864377711,0.999999801924789,0.999999727488412,0.999999640986498,0.999999542337961,0.999999431462702,0.999999308281578,0.999999172716398,0.999999024689904,0.999998864125755,0.999998690948521,0.999998505083658,0.9999983064575,0.999998094997256,0.999997870630975,0.999997633287554,0.999997382896712,0.999997119388987,0.999996842695721,0.999996552749047,0.999996249481881,0.999995932827907,0.999995602721569,0.999995259098062,0.999994901893315,0.999994531043991,0.999994146487464,0.999993748161828,0.999993336005864,0.999992909959052,0.999992469961546,0.999992015954175,0.999991547878431,0.999991065676461,0.999990569291055,0.999990058665642,0.999989533744279,0.999988994471647,0.999988440793036,0.999987872654346,0.999987290002072,0.9999866927833,0.999986080945698,0.999985454437518,0.999984813207566,0.999984157205228,0.999983486380426,0.999982800683646,0.999982100065907,0.999981384478768,0.999980653874316,0.999979908205157,0.99997914742442,0.999978371485739,0.999977580343256,0.999976773951611,0.999975952265933,0.999975115241846,0.999974262835447,0.999973395003318,0.999972511702506,0.999971612890524,0.999970698525345,0.999969768565401,0.99996882296957,0.999967861697176,0.999966884707989,0.999965891962202,0.999964883420448,0.99996385904378,0.999962818793684
1,0.999999999999999,1,1,1,0.999999999999998,0.999999999999999,0.999999999999999,1,1,1,1,1,1,0.999999999999999,1,1,1,1,1,1,0.999999999999999,1,1,1,0.999999999999999,0.999999999999999,1,0.999999999999999,1,0.999999999999999,0.999999999999999,1,1,1,0.999999999999999,1,1,0.999999999999998,1,0.999999999999999,1,1,0.999999999999999,1,1,1,1,1,1,1,1,1,1,1,1,1,1,1,1,1,1,1,1,1,1,1,1,1,0.999999999999999,1,1,1,1,1,1,1,1,1,1,1,1,1,1,0.999999999999999,1,0.999999999999999,1,1,1,0.999999999999999,1,1,1,1,1,0.999989469363247,0.999984255248098,0.99998058395633,0.999977674686131,0.999975251858662,0.999973178515652,0.999971374223658,0.999969786678815,0.999968379427115,0.999967125746195,0.999966005279211,0.999965002040907,0.99996410316682,0.999963298091827,0.999962577989921,0.999961935379973,0.999961363840793,0.999960857800389,0.999960412376968,0.99996002325686,0.999959686599314,0.999959398961225,0.999959157236849,0.999958958609033,0.999958800509257,0.9999586805847,0.99995859667074,0.99995854676791,0.999958529022369,0.999958541709253,0.999958583218389,0.999958652041929,0.999958746763601,0.999958866049262,0.999959008638552,0.999959173337456,0.999959359011597,0.999959564580134,0.999959789010122,0.999960031311203,0.999960290530555,0.999960565747896,0.999960856070477,0.999961160627843,0.999961478566187,0.999961809042038,0.9999621512149,0.99996250423836,0.999962867248989,0.999963239351946,0.999963619601782,0.999964006976003,0.999964400337601,0.999964798380278,0.99996519954582,0.999965601894956,0.999966002897462,0.999966399074994,0.999966785359429,0.999967153860858,0.999967491295721,0.999967772997166,0.999967946699762,0.999967877634428,0.999967076237123,0.999961270809346,0.999981314272461,0.999975128030046,0.999974305016078,0.9999742443568,0.999974437873215,0.999974747314383,0.999975119444816,0.999975529301506,0.999975963547556,0.999976414349932,0.999976876758887,0.99997734745575,0.999977824102188,0.999978304978839,0.9999787887735,0.9999792744513,0.999979761172057,0.999980248235936,0.99998073504669,0.999981221086174,0.999981705896292,0.999982189065944,0.999982670221416,0.99998314901922,0.999983625140633,0.999984098287521,0.999984568179066,0.999985034549219,0.999985497144625,0.999985955722997,0.999986410051771,0.999986859907011,0.999987305072491,0.999987745338948,0.999988180503434,0.999988610368787,0.99998903474316,0.999989453439622,0.999989866275825,0.999990273073691,0.999990673659159,0.999991067861947,0.999991455515348,0.999991836456047,0.999992210523951,0.999992577562053,0.999992937416276,0.999993289935372,0.999993634970796,0.999993972376607,0.999994302009375,0.999994623728089,0.999994937394085,0.999995242870958,0.999995540024494,0.999995828722613,0.999996108835297,0.999996380234535,0.99999664279427,0.999996896390336,0.999997140900427,0.999997376204033,0.999997602182403,0.999997818718504,0.999998025696976,0.999998223004092,0.99999841052773,0.999998588157321,0.999998755783835,0.999998913299733,0.99999906059894,0.999999197576817,0.999999324130126,0.999999440157012,0.999999545556961,0.999999640230786,0.999999724080597,0.999999797009778,0.999999858922959,0.999999909725996,0.99999994932595,0.999999977631062,0.999999994550735,0.999999999995511,0.99999999387705,0.999999976108117,0.999999946602557,0.999999905275277,0.999999852042233,0.999999786820406,0.999999709527794,0.999999620083383,0.999999518407146,0.999999404420012,0.99999927804387,0.999999139201528,0.999998987816722,0.999998823814092,0.99999864711917,0.999998457658361,0.99999825535894,0.999998040149029,0.999997811957594,0.999997570714421,0.999997316350115,0.999997048796087,0.999996767984534,0.999996473848434,0.999996166321536,0.999995845338343,0.999995510834115,0.999995162744838,0.999994801007234,0.999994425558735,0.999994036337486,0.999993633282329,0.999993216332794,0.99999278542909,0.999992340512092,0.999991881523353,0.999991408405056,0.999990921100045,0.999990419551795,0.999989903704409,0.999989373502611,0.999988828891735,0.999988269817722,0.999987696227108,0.99998710806702,0.999986505285165,0.999985887829827,0.999985255649859,0.99998460869467,0.999983946914228,0.999983270259042,0.999982578680175,0.999981872129209,0.999981150558263,0.999980413919976,0.999979662167499,0.999978895254501,0.999978113135144,0.999977315764102,0.999976503096523,0.999975675088055,0.999974831694822,0.999973972873426,0.999973098580933,0.999972208774886,0.999971303413272,0.999970382454539,0.999969445857592,0.999968493581766,0.999967525586846,0.999966541833051,0.999965542281025,0.999964526891834,0.999963495626983,0.999962448448368
0.999999999999998,1,1,1,0.999999999999999,0.999999999999999,1,1,1,1,0.999999999999999,1,1,1,1,0.999999999999999,1,1,1,1,1,0.999999999999999,1,1,0.999999999999999,1,1,1,1,1,1,1,1,1,1,1,1,1,1,0.999999999999999,0.999999999999999,0.999999999999999,0.999999999999999,1,1,1,1,1,0.999999999999999,0.999999999999999,0.999999999999999,0.999999999999998,0.999999999999998,1,1,1,1,0.999999999999998,1,1,1,0.999999999999998,1,1,0.999999999999999,0.999999999999999,1,1,1,0.999999999999999,0.999999999999999,1,1,0.999999999999999,1,1,1,1,1,1,1,1,1,1,1,1,1,1,1,0.999999999999999,1,1,1,0.999993154727095,0.999985949364493,0.999981574231922,0.999978242112787,0.999975517632299,0.999973209692419,0.99997121333612,0.999969463164568,0.999967914936033,0.999966536928486,0.999965305385974,0.999964201906909,0.999963211846654,0.999962323289635,0.999961526360075,0.999960812743768,0.999960175346578,0.999959608044501,0.999959105496807,0.999958663003722,0.999958276396229,0.999957941949487,0.999957656313931,0.99995741645975,0.999957219631709,0.999957063311997,0.999956945189405,0.999956863133555,0.999956815173157,0.999956799477547,0.999956814340924,0.99995685816873,0.999956929465877,0.999957026826466,0.99995714892474,0.999957294507093,0.99995746238492,0.9999576514282,0.999957860559641,0.999958088749297,0.999958335009546,0.999958598390312,0.99995887797443,0.99995917287307,0.999959482221031,0.999959805171854,0.99996014089244,0.999960488557082,0.999960847340471,0.99996121640935,0.999961594912137,0.999961981965713,0.99996237663808,0.999962777925012,0.999963184717793,0.999963595757392,0.999964009567639,0.999964424354752,0.999964837851296,0.999965247064478,0.999965647852148,0.999966034170472,0.99996639665207,0.999966719697341,0.999966974881539,0.999967103775578,0.999966963109284,0.999966080658378,0.999961434850248,0.999993856216914,0.999976635952194,0.999974865047166,0.999974495353748,0.999974544069846,0.999974773503223,0.999975097369095,0.999975476695921,0.999975891227526,0.999976329332112,0.999976783806181,0.999977249912249,0.999977724376054,0.99997820483711,0.999978689530214,0.999979177092051,0.999979666439078,0.999980156687761,0.999980647101002,0.999981137051167,0.999981625994056,0.999982113450169,0.99998259899099,0.999983082228781,0.999983562808895,0.999984040403846,0.999984514708765,0.999984985437805,0.999985452321301,0.999985915103494,0.999986373540691,0.999986827399778,0.999987276456972,0.999987720496806,0.99998815931127,0.999988592699106,0.999989020465174,0.999989442419955,0.999989858379098,0.999990268163017,0.999990671596575,0.999991068508792,0.999991458732562,0.999991842104452,0.999992218464482,0.999992587655951,0.99999294952527,0.999993303921815,0.999993650697795,0.999993989708131,0.999994320810347,0.999994643864466,0.999994958732913,0.999995265280443,0.99999556337404,0.99999585288286,0.999996133678157,0.999996405633212,0.999996668623279,0.999996922525532,0.999997167219003,0.999997402584529,0.999997628504716,0.999997844863889,0.999998051548039,0.999998248444795,0.999998435443382,0.999998612434577,0.999998779310683,0.999998935965487,0.999999082294231,0.999999218193582,0.999999343561598,0.999999458297704,0.999999562302658,0.999999655478532,0.999999737728675,0.9999998089577,0.999999869071459,0.999999917977001,0.999999955582578,0.999999981797602,0.999999996532633,0.999999999699356,0.999999991210558,0.999999970980118,0.999999938922977,0.999999894955128,0.999999838993597,0.99999977095642,0.999999690762633,0.999999598332253,0.999999493586259,0.999999376446585,0.999999246836095,0.999999104678576,0.999998949898722,0.999998782422115,0.999998602175213,0.999998409085348,0.999998203080692,0.999997984090265,0.99999775204391,0.999997506872286,0.999997248506851,0.999996976879859,0.999996691924336,0.999996393574089,0.999996081763667,0.999995756428383,0.999995417504271,0.999995064928103,0.999994698637363,0.999994318570238,0.999993924665621,0.999993516863084,0.999993095102886,0.999992659325947,0.999992209473853,0.999991745488844,0.9999912673138,0.999990774892235,0.999990268168292,0.999989747086738,0.999989211592942,0.999988661632886,0.999988097153139,0.999987518100866,0.999986924423807,0.999986316070282,0.999985692989173,0.999985055129928,0.999984402442539,0.999983734877555,0.999983052386057,0.999982354919663,0.999981642430518,0.999980914871287,0.999980172195155,0.999979414355807,0.999978641307435,0.999977853004731,0.999977049402875,0.999976230457534,0.999975396124852,0.999974546361452,0.999973681124427,0.999972800371328,0.999971904060167,0.999970992149414,0.999970064597984,0.999969121365236,0.999968162410967,0.99996718769541,0.999966197179229,0.999965190823504,0.999964168589745,0.999963130439873,0.999962076336217
1,1,0.999999999999998,0.999999999999999,0.999999999999999,0.999999999999999,1,1,0.999999999999999,0.999999999999999,0.999999999999999,1,0.999999999999999,1,0.999999999999999,0.999999999999999,1,0.999999999999999,1,1,1,1,1,1,0.999999999999999,0.999999999999998,0.999999999999999,0.999999999999999,1,1,0.999999999999999,1,0.999999999999999,0.999999999999998,1,0.999999999999999,1,1,1,1,1,1,1,0.999999999999999,0.999999999999999,1,1,1,0.999999999999998,1,1,1,1,1,0.999999999999998,1,1,1,1,1,0.999999999999998,1,0.999999999999999,1,0.999999999999999,1,1,1,0.999999999999999,1,1,1,1,1,1,1,1,1,1,0.999999999999999,1,1,1,1,1,1,1,0.999999999999998,1,1,1,0.999988318326848,0.999982896878257,0.999979028360654,0.999975945280112,0.999973368074512,0.999971156003418,0.999969225818698,0.99996752314133,0.999966009955098,0.999964658332375,0.999963446964956,0.999962359101366,0.999961381249141,0.999960502320542,0.999959713048855,0.999959005576964,0.999958373159594,0.999957809942855,0.999957310797743,0.999956871192224,0.999956487091379,0.999956154878428,0.999955871291457,0.999955633372173,0.99995543842396,0.999955283977245,0.999955167760646,0.999955087676724,0.999955041781493,0.999955028266946,0.999955045446065,0.999955091739888,0.999955165666266,0.999955265830031,0.999955390914346,0.999955539673034,0.999955710923736,0.999955903541752,0.999956116454451,0.999956348636121,0.999956599103232,0.999956866909913,0.99995715114367,0.999957450921149,0.999957765383943,0.999958093694262,0.999958435030356,0.999958788581559,0.99995915354271,0.999959529107691,0.999959914461772,0.99996030877217,0.999960711176235,0.99996112076616,0.999961536568841,0.99996195751861,0.999962382419534,0.999962809891959,0.999963238294763,0.999963665609039,0.999964089258547,0.999964505822414,0.999964910555805,0.999965296549673,0.999965653166198,0.999965962898977,0.999966194433504,0.999966285188713,0.999966088458472,0.999965158791357,0.999961201394717,0.998616049519996,0.999979050652319,0.999975696436416,0.99997488626782,0.999974740884811,0.999974865946669,0.999975127406471,0.999975467080106,0.999975855554086,0.99997627629809,0.999976719259286,0.999977177934028,0.999977647897313,0.999978126008241,0.999978609954677,0.999979097979397,0.999979588708529,0.999980081040363,0.999980574071043,0.999981067043645,0.999981559312461,0.999982050317429,0.999982539565485,0.999983026616768,0.99998351107422,0.999983992575674,0.999984470787721,0.999984945400957,0.999985416126194,0.999985882691458,0.999986344839575,0.999986802326193,0.999987254918179,0.999987702392299,0.999988144534093,0.999988581136968,0.999989012001413,0.999989436934326,0.999989855748472,0.999990268261973,0.999990674297902,0.999991073683912,0.99999146625192,0.999991851837824,0.999992230281264,0.999992601425385,0.999992965116664,0.999993321204709,0.999993669542133,0.999994009984383,0.999994342389622,0.999994666618617,0.999994982534622,0.999995290003288,0.999995588892571,0.999995879072638,0.999996160415804,0.999996432796452,0.999996696090972,0.999996950177688,0.999997194936809,0.999997430250373,0.999997656002193,0.999997872077808,0.999998078364435,0.999998274750936,0.999998461127762,0.999998637386918,0.999998803421937,0.999998959127832,0.999999104401064,0.999999239139512,0.999999363242438,0.999999476610468,0.999999579145548,0.999999670750928,0.999999751331129,0.99999982079192,0.999999879040297,0.999999925984451,0.999999961533756,0.999999985598733,0.999999998091043,0.999999998923457,0.999999988009839,0.999999965265129,0.999999930605313,0.999999883947427,0.999999825209513,0.999999754310621,0.999999671170787,0.999999575711009,0.999999467853242,0.999999347520376,0.999999214636231,0.99999906912552,0.999998910913864,0.999998739927752,0.999998556094548,0.999998359342463,0.999998149600552,0.999997926798695,0.999997690867584,0.99999744173872,0.999997179344392,0.99999690361767,0.999996614492392,0.999996311903157,0.999995995785305,0.999995666074915,0.999995322708798,0.999994965624475,0.999994594760172,0.999994210054818,0.999993811448029,0.999993398880089,0.999992972291966,0.99999253162528,0.999992076822303,0.99999160782595,0.999991124579773,0.999990627027953,0.999990115115281,0.999989588787162,0.999989047989612,0.999988492669234,0.999987922773219,0.999987338249342,0.999986739045948,0.999986125111955,0.999985496396829,0.999984852850598,0.999984194423835,0.999983521067647,0.99998283273368,0.999982129374103,0.999981410941608,0.999980677389395,0.999979928671181,0.999979164741178,0.999978385554099,0.999977591065142,0.999976781229998,0.999975956004834,0.999975115346286,0.999974259211468,0.999973387557947,0.999972500343759,0.999971597527385,0.999970679067757,0.999969744924252,0.999968795056679,0.999967829425286,0.99996684799075,0.999965850714168,0.999964837557061,0.999963808481357,0.999962763449407,0.999961702423957
1,1,1,1,1,1,1,0.999999999999999,1,1,1,0.999999999999999,1,1,0.999999999999999,1,1,1,1,1,0.999999999999999,1,1,1,1,0.999999999999999,1,1,1,1,0.999999999999999,1,1,1,0.999999999999999,1,1,0.999999999999999,0.999999999999999,1,1,0.999999999999999,1,1,1,1,1,1,1,1,1,1,1,0.999999999999999,1,1,1,1,1,1,1,0.999999999999999,1,1,1,1,1,0.999999999999999,1,0.999999999999999,0.999999999999999,1,1,1,1,1,1,1,0.999999999999999,1,1,1,1,1,0.999999999999999,1,1,1,0.999992002186806,0.999984670266071,0.999980083292954,0.999976563020753,0.999973672297952,0.999971215746224,0.99996908508261,0.999967212468375,0.999965551846926,0.999964070112946,0.999962742430466,0.999961549536308,0.999960476085507,0.999959509583872,0.999958639670785,0.999957857620707,0.999957155986724,0.999956528339359,0.999955969071093,0.999955473247368,0.999955036491127,0.99995465489205,0.999954324934275,0.999954043438149,0.999953807512799,0.999953614517132,0.999953462027466,0.999953347810476,0.999953269800372,0.999953226079529,0.999953214861943,0.999953234478977,0.999953283367055,0.999953360056912,0.999953463164198,0.999953591381204,0.99995374346948,0.999953918253312,0.999954114613781,0.999954331483434,0.999954567841371,0.999954822708722,0.999955095144408,0.999955384241105,0.999955689121365,0.999956008933779,0.99995634284913,0.999956690056413,0.999957049758649,0.999957421168291,0.999957803502116,0.999958195975337,0.999958597794644,0.999959008149778,0.999959426203058,0.999959851076097,0.999960281832558,0.999960717455313,0.999961156815518,0.999961598629873,0.999962041400195,0.99996248332581,0.999962922173205,0.999963355076057,0.999963778217732,0.999964186306616,0.999964571666775,0.99996492256889,0.999965219940445,0.999965430264394,0.999965488282554,0.999965247067326,0.999964290820966,0.999960800665594,0.999916670351295,0.999983016504836,0.999976887924666,0.99997544535563,0.999975041019641,0.999975031493038,0.999975213675628,0.99997550311272,0.999975858327567,0.999976256507816,0.999976684019992,0.999977132175875,0.999977595145031,0.999978068843155,0.999978550302496,0.999979037296883,0.999979528108806,0.999980021379477,0.999980516009312,0.99998101109006,0.999981505857471,0.999981999657538,0.999982491921997,0.999982982150268,0.999983469895887,0.999983954756208,0.999984436364493,0.99998491438373,0.999985388501798,0.999985858427594,0.999986323887951,0.999986784625116,0.999987240394732,0.999987690964128,0.999988136110957,0.999988575622012,0.999989009292261,0.999989436924017,0.999989858326243,0.999990273313948,0.999990681707673,0.999991083333045,0.999991478020382,0.999991865604369,0.999992245923745,0.999992618821049,0.999992984142386,0.999993341737215,0.999993691458173,0.9999940331609,0.999994366703887,0.999994691948353,0.999995008758111,0.999995316999455,0.999995616541069,0.999995907253916,0.999996189011164,0.999996461688101,0.999996725162062,0.999996979312359,0.999997224020215,0.999997459168709,0.999997684642715,0.99999790032885,0.999998106115427,0.999998301892414,0.999998487551369,0.999998662985421,0.999998828089223,0.999998982758907,0.999999126892061,0.999999260387682,0.999999383146155,0.999999495069216,0.999999596059919,0.999999686022619,0.999999764862929,0.99999983248771,0.999999888805035,0.999999933724169,0.999999967155545,0.999999989010736,0.999999999202448,0.999999997644482,0.999999984251723,0.999999958940123,0.99999992162667,0.999999872229385,0.999999810667291,0.999999736860405,0.999999650729714,0.999999552197168,0.999999441185651,0.999999317618975,0.999999181421873,0.999999032519958,0.999998870839735,0.999998696308583,0.99999850885472,0.999998308407218,0.999998094895976,0.99999786825171,0.999997628405937,0.999997375290971,0.999997108839906,0.999996828986601,0.99999653566568,0.999996228812511,0.999995908363203,0.999995574254584,0.999995226424209,0.999994864810331,0.999994489351905,0.999994099988575,0.999993696660656,0.99999327930914,0.999992847875678,0.999992402302565,0.999991942532749,0.999991468509808,0.999990980177943,0.999990477481984,0.99998996036736,0.999989428780106,0.999988882666853,0.999988321974824,0.999987746651813,0.999987156646193,0.999986551906902,0.999985932383436,0.999985298025845,0.999984648784719,0.999983984611199,0.999983305456943,0.999982611274144,0.999981902015515,0.999981177634281,0.999980438084173,0.999979683319426,0.99997891329477,0.999978127965429,0.9999773272871,0.999976511215973,0.999975679708705,0.999974832722418,0.999973970214706,0.999973092143612,0.999972198467632,0.999971289145719,0.999970364137256,0.999969423402074,0.999968466900427,0.999967494593006,0.999966506440925,0.99996550240571,0.999964482449308,0.999963446534073,0.999962394622764,0.999961326678543
1,1,1,0.999999999999999,1,1,1,1,1,1,1,1,1,1,1,1,1,1,1,1,1,1,1,1,1,1,1,0.999999999999999,1,1,0.999999999999999,0.999999999999999,1,1,1,0.999999999999999,1,0.999999999999998,0.999999999999999,0.999999999999999,1,1,0.999999999999999,1,1,1,0.999999999999999,1,1,1,1,1,0.999999999999999,1,0.999999999999999,1,1,1,1,1,0.999999999999999,1,1,1,1,1,1,0.999999999999998,1,0.999999999999999,1,1,1,1,1,1,0.999999999999998,1,0.999999999999999,1,0.999999999999998,0.999999999999998,1,1,1,1,0.999987120118554,0.999981480184439,0.999977407861728,0.999974145292689,0.99997140854179,0.999969052959663,0.999966992413968,0.999965170403214,0.999963547313732,0.999962093985146,0.999960788135855,0.999959612230151,0.999958552132634,0.999957596220427,0.999956734775486,0.999955959555643,0.999955263483751,0.999954640417288,0.999954084974212,0.999953592399036,0.999953158458261,0.999952779357578,0.999952451675539,0.999952172309808,0.999951938433143,0.99995174745706,0.999951597001555,0.999951484869659,0.999951409025943,0.999951367578188,0.999951358761685,0.99995138092569,0.999951432521682,0.999951512093089,0.999951618266308,0.999951749742751,0.999951905291802,0.999952083744502,0.999952283987898,0.999952504959907,0.999952745644632,0.999953005068041,0.999953282293955,0.999953576420256,0.999953886575273,0.999954211914257,0.999954551615908,0.99995490487885,0.99995527091801,0.999955648960749,0.999956038242695,0.999956438003067,0.999956847479344,0.999957265901014,0.999957692482072,0.999958126411824,0.99995856684338,0.999959012878947,0.999959463550695,0.99995991779538,0.999960374419993,0.999960832054378,0.999961289084422,0.999961743555626,0.999962193030334,0.999962634370122,0.999963063392865,0.999963474311198,0.999963858769992,0.999964204103395,0.999964489957519,0.999964681159638,0.999964710862383,0.999964433950995,0.999963464132996,0.999960316630248,0.999939292684609,0.999989815621096,0.999978572173736,0.999976209768805,0.999975460135059,0.999975278280755,0.999975360962378,0.999975587840771,0.999975901595026,0.999976271388938,0.999976679110334,0.999977113382622,0.999977566668131,0.99997803374857,0.999978510874917,0.99997899526617,0.999979484800643,0.999979977818683,0.99998047299254,0.999980969238152,0.999981465653896,0.999981961477109,0.999982456052682,0.999982948809949,0.999983439245434,0.999983926909788,0.999984411397759,0.999984892340414,0.999985369399042,0.999985842260311,0.999986310632399,0.999986774241875,0.999987232831153,0.999987686156419,0.999988133985903,0.999988576098446,0.999989012282309,0.99998944233416,0.999989866058224,0.999990283265547,0.999990693773372,0.999991097404609,0.999991493987355,0.999991883354512,0.999992265343402,0.999992639795477,0.999993006556038,0.999993365473989,0.999993716401622,0.999994059194426,0.999994393710909,0.999994719812441,0.999995037363121,0.999995346229634,0.999995646281149,0.999995937389206,0.999996219427616,0.999996492272375,0.99999675580158,0.999997009895354,0.999997254435774,0.999997489306803,0.99999771439423,0.99999792958562,0.999998134770248,0.999998329839054,0.999998514684603,0.999998689201026,0.999998853283988,0.999999006830648,0.999999149739616,0.999999281910925,0.999999403245986,0.999999513647565,0.999999613019752,0.999999701267917,0.999999778298706,0.999999844019997,0.999999898340872,0.999999941171605,0.999999972423628,0.99999999200951,0.999999999842939,0.999999995838699,0.999999979912641,0.999999951981677,0.999999911963748,0.999999859777819,0.999999795343845,0.999999718582764,0.999999629416482,0.999999527767852,0.99999941356065,0.99999928671958,0.99999914717024,0.999998994839115,0.999998829653567,0.999998651541812,0.999998460432912,0.999998256256762,0.999998038944074,0.999997808426374,0.999997564635978,0.999997307505979,0.999997036970251,0.999996752963425,0.999996455420884,0.99999614427874,0.999995819473845,0.999995480943759,0.999995128626757,0.999994762461807,0.999994382388571,0.999993988347379,0.999993580279244,0.999993158125832,0.99999272182946,0.999992271333096,0.999991806580331,0.999991327515394,0.999990834083127,0.999990326228979,0.999989803899009,0.999989267039867,0.999988715598792,0.999988149523599,0.999987568762683,0.999986973264996,0.999986362980055,0.999985737857931,0.999985097849232,0.999984442905108,0.999983772977248,0.999983088017859,0.999982387979667,0.999981672815916,0.999980942480354,0.99998019692723,0.999979436111295,0.999978659987784,0.999977868512415,0.999977061641387,0.999976239331371,0.999975401539508,0.999974548223402,0.999973679341111,0.999972794851146,0.999971894712463,0.999970978884472,0.999970047327002,0.999969100000327,0.999968136865149,0.999967157882587,0.999966163014177,0.999965152221881,0.999964125468059,0.999963082715483,0.999962023927319,0.999960949067138
1,0.999999999999999,1,0.999999999999998,1,0.999999999999999,0.999999999999999,0.999999999999999,1,0.999999999999999,0.999999999999999,1,1,1,1,1,1,0.999999999999999,1,1,1,1,1,1,1,0.999999999999999,1,1,1,1,0.999999999999999,1,0.999999999999999,1,1,1,0.999999999999999,1,1,1,1,1,0.999999999999999,0.999999999999999,1,1,1,0.999999999999999,1,1,1,1,1,1,0.999999999999999,1,1,1,0.999999999999998,1,0.999999999999999,1,1,0.999999999999999,1,0.999999999999999,1,1,1,1,1,1,1,1,1,1,1,1,1,0.999999999999999,1,1,1,0.999990831970542,0.999983337129267,0.999978530587506,0.999974816037967,0.999971753602992,0.999969143416567,0.999966873775602,0.999964874342558,0.999963097203872,0.999961507838879,0.999960080306302,0.999958794460943,0.999957634240663,0.99995658655864,0.99995564055755,0.999954787090431,0.999954018348922,0.999953327590556,0.9999527089345,0.999952157205701,0.999951667814039,0.999951236659298,0.999950860055407,0.99995053466941,0.999950257471719,0.99995002569523,0.999949836801359,0.999949688451671,0.999949578483933,0.999949504891824,0.999949465807573,0.999949459487049,0.999949484296857,0.999949538703138,0.999949621261746,0.999949730609642,0.999949865457258,0.999950024581739,0.999950206820884,0.999950411067705,0.999950636265494,0.99995088140335,0.999951145512038,0.999951427660168,0.999951726950626,0.999952042517163,0.99995237352114,0.999952719148341,0.999953078605808,0.999953451118635,0.999953835926639,0.999954232280857,0.999954639439721,0.99995505666482,0.999955483216092,0.999955918346227,0.999956361294012,0.999956811276272,0.999957267477905,0.999957729039348,0.999958195040507,0.999958664479827,0.999959136246513,0.999959609082991,0.999960081533254,0.999960551870256,0.999961017991584,0.999961477265769,0.999961926299466,0.999962360573331,0.999962773850897,0.999963157176048,0.999963497080944,0.99996377216911,0.999963946049252,0.999963951090489,0.999963645259986,0.999962670261502,0.999959787046885,0.9999459769122,0.99999967606265,0.999980953517871,0.99997722904213,0.999976017663893,0.999975616002886,0.999975574824697,0.999975724746807,0.999975987673107,0.999976322548261,0.999976705678289,0.999977122391753,0.999977563086284,0.999978021186921,0.999978492018207,0.999978972146073,0.999979458976002,0.999979950498178,0.999980445120451,0.999980941555736,0.999981438744232,0.999981935798456,0.999982431963698,0.999982926589028,0.99998341910572,0.999983909010982,0.999984395855482,0.999984879233734,0.999985358776537,0.999985834145025,0.99998630502591,0.999986771127651,0.999987232177349,0.999987687918218,0.999988138107468,0.999988582514593,0.999989020919908,0.999989453113336,0.999989878893382,0.999990298066248,0.999990710445098,0.999991115849413,0.999991514104428,0.999991905040663,0.999992288493502,0.999992664302823,0.999993032312672,0.99999339237099,0.999993744329352,0.999994088042748,0.999994423369373,0.999994750170456,0.9999950683101,0.999995377655128,0.999995678074954,0.999995969441465,0.999996251628906,0.999996524513784,0.999996787974778,0.999997041892642,0.999997286150144,0.999997520631977,0.999997745224704,0.999997959816695,0.999998164298053,0.999998358560579,0.999998542497714,0.999998716004486,0.999998878977472,0.99999903131475,0.999999172915864,0.999999303681782,0.999999423514862,0.999999532318818,0.999999629998686,0.999999716460794,0.999999791612735,0.999999855363334,0.999999907622623,0.999999948301817,0.999999977313292,0.999999994570549,0.999999999988207,0.999999993481969,0.999999974968611,0.999999944365952,0.999999901592837,0.999999846569129,0.999999779215673,0.999999699454289,0.999999607207752,0.999999502399781,0.999999384955013,0.999999254798992,0.999999111858162,0.99999895605984,0.999998787332204,0.999998605604286,0.999998410805951,0.999998202867896,0.999997981721617,0.999997747299413,0.999997499534371,0.999997238360351,0.999996963711975,0.999996675524618,0.99999637373439,0.999996058278143,0.999995729093437,0.999995386118546,0.999995029292443,0.999994658554789,0.99999427384593,0.999993875106877,0.999993462279309,0.999993035305544,0.999992594128567,0.999992138691975,0.999991668940009,0.999991184817521,0.999990686269974,0.999990173243436,0.999989645684569,0.999989103540626,0.999988546759435,0.9999879752894,0.999987389079493,0.99998678807924,0.999986172238722,0.999985541508567,0.999984895839937,0.999984235184529,0.999983559494564,0.999982868722786,0.999982162822447,0.999981441747311,0.99998070545164,0.999979953890194,0.999979187018219,0.999978404791449,0.999977607166094,0.999976794098837,0.999975965546828,0.999975121467681,0.999974261819471,0.999973386560711,0.999972495650377,0.999971589047877,0.999970666713062,0.999969728606208,0.999968774688026,0.999967804919644,0.999966819262615,0.999965817678898,0.999964800130867,0.999963766581296,0.999962716993366,0.99996165133065,0.999960569557111
1,1,0.999999999999999,1,1,0.999999999999998,1,1,1,0.999999999999999,0.999999999999999,0.999999999999999,1,1,0.999999999999999,1,1,0.999999999999999,1,0.999999999999999,1,1,1,1,0.999999999999999,1,1,1,0.999999999999998,0.999999999999999,1,1,1,1,1,1,1,0.999999999999999,0.999999999999999,0.999999999999999,1,1,1,1,1,0.999999999999999,1,1,1,1,1,1,0.999999999999999,1,1,1,1,0.999999999999999,0.999999999999999,0.999999999999999,1,1,1,1,1,1,1,1,1,0.999999999999999,1,0.999999999999999,1,1,1,0.999999999999999,0.999999999999999,1,1,1,1,0.999985874568844,0.999980005314216,0.999975722422334,0.999972274531298,0.999969372940901,0.999966868956164,0.999964673484662,0.999962727851186,0.999960990806813,0.999959431929166,0.999958027939922,0.999956760500161,0.999955614815808,0.999954578715646,0.999953642019114,0.999952796089385,0.999952033509148,0.999951347840039,0.99995073344066,0.999950185326515,0.999949699060595,0.999949270666692,0.999948896559925,0.999948573490402,0.999948298497117,0.999948068869834,0.999947882117344,0.999947735940798,0.999947628211165,0.999947556950028,0.999947520313118,0.999947516576154,0.999947544122544,0.999947601432654,0.999947687074448,0.999947799695204,0.999947938014207,0.999948100816228,0.999948286945713,0.999948495301549,0.999948724832316,0.999948974531989,0.999949243435971,0.999949530617457,0.999949835184018,0.9999501562744,0.999950493055471,0.999950844719261,0.999951210480091,0.999951589571667,0.999951981244178,0.999952384761247,0.999952799396731,0.999953224431242,0.999953659148318,0.999954102830074,0.999954554752214,0.999955014178114,0.999955480351781,0.999955952489204,0.999956429767645,0.999956911312087,0.999957396177881,0.999957883328086,0.999958371603439,0.999958859681876,0.999959346022945,0.999959828789943,0.999960305738543,0.999960774053552,0.999961230103119,0.999961669057033,0.999962084272328,0.99996246626178,0.999962800872604,0.999963065866567,0.999963223984479,0.999963207409607,0.999962877957765,0.999961903273116,0.999959231288197,0.999948896269132,0.998793756150541,0.999984352455204,0.999978570175053,0.999976737890262,0.999976056238261,0.999975861719341,0.999975917804539,0.99997611917466,0.9999764117851,0.999976765004539,0.999977160136677,0.999977585091266,0.999978031676616,0.999978494123293,0.999978968231848,0.999979450857153,0.999979939583791,0.999980432514724,0.999980928129647,0.99998142518761,0.99998192265856,0.999982419674244,0.999982915492375,0.999983409470057,0.999983901043774,0.999984389714141,0.999984875034136,0.999985356599909,0.999985834043542,0.99998630702729,0.999986775238937,0.999987238388065,0.999987696202985,0.999988148428231,0.999988594822471,0.999989035156783,0.999989469213202,0.999989896783489,0.999990317668098,0.999990731675295,0.99999113862039,0.9999915383251,0.999991930616969,0.999992315328883,0.999992692298645,0.999993061368606,0.999993422385316,0.999993775199248,0.999994119664537,0.999994455638739,0.999994782982648,0.999995101560083,0.999995411237738,0.999995711885037,0.999996003373984,0.99999628557905,0.99999655837705,0.999996821647055,0.999997075270281,0.999997319130021,0.999997553111547,0.999997777102044,0.999997990990548,0.999998194667867,0.999998388026535,0.999998570960755,0.999998743366339,0.999998905140668,0.999999056182642,0.999999196392644,0.999999325672488,0.999999443925388,0.999999551055928,0.999999646970012,0.999999731574848,0.999999804778901,0.999999866491882,0.999999916624704,0.999999955089464,0.999999981799414,0.999999996668931,0.999999999613513,0.999999990549733,0.999999969395231,0.999999936068689,0.99999989048981,0.999999832579307,0.999999762258867,0.999999679451155,0.999999584079775,0.999999476069271,0.999999355345102,0.999999221833624,0.999999075462079,0.999998916158586,0.999998743852113,0.999998558472471,0.999998359950301,0.999998148217061,0.999997923205011,0.999997684847199,0.999997433077455,0.999997167830372,0.9999968890413,0.99999659664633,0.999996290582291,0.999995970786728,0.999995637197903,0.999995289754775,0.999994928396998,0.999994553064908,0.999994163699509,0.999993760242478,0.999993342636133,0.99999291082345,0.999992464748031,0.999992004354115,0.999991529586554,0.999991040390817,0.999990536712976,0.999990018499692,0.999989485698227,0.999988938256413,0.999988376122661,0.999987799245943,0.999987207575802,0.999986601062319,0.999985979656128,0.999985343308403,0.999984691970845,0.999984025595687,0.999983344135677,0.999982647544078,0.999981935774661,0.999981208781696,0.999980466519952,0.999979708944684,0.999978936011632,0.999978147677014,0.999977343897525,0.99997652463032,0.999975689833024,0.999974839463711,0.999973973480916,0.999973091843611,0.999972194511216,0.999971281443586,0.999970352601008,0.999969407944198,0.999968447434293,0.999967471032848,0.999966478701831,0.999965470403624,0.999964446101006,0.999963405757161,0.999962349335666,0.999961276800498,0.999960188116012
1,1,1,1,0.999999999999999,1,1,1,1,0.999999999999999,0.999999999999998,1,0.999999999999999,0.999999999999999,1,0.999999999999999,1,1,1,1,1,1,1,1,1,1,1,1,1,1,1,1,1,0.999999999999999,1,1,0.999999999999999,1,1,1,1,1,1,1,0.999999999999999,1,1,1,1,0.999999999999998,0.999999999999999,1,1,1,1,1,1,1,1,0.999999999999999,1,0.999999999999999,0.999999999999999,1,1,0.999999999999999,1,1,1,1,1,1,1,0.999999999999999,1,1,1,0.999999999999999,0.999989636931367,0.999981950211798,0.99997691621838,0.999973001093492,0.999969761336718,0.999966992376492,0.999964578987294,0.999962448268874,0.999960550405428,0.999958849426798,0.99995731825961,0.9999559358551,0.999954685416306,0.999953553249028,0.999952527986839,0.999951600050751,0.999950761261825,0.999950004556704,0.999949323774311,0.999948713492999,0.9999481689042,0.999947685712988,0.999947260058799,0.999946888451506,0.999946567719329,0.999946294965973,0.999946067535071,0.999945882980417,0.999945739040903,0.999945633619222,0.999945564763707,0.999945530652694,0.999945529581027,0.999945559948349,0.999945620248825,0.999945709062176,0.999945825045725,0.999945966927385,0.99994613349938,0.999946323612653,0.999946536171813,0.999946770130582,0.999947024487634,0.999947298282822,0.999947590593649,0.999947900532042,0.999948227241294,0.99994856989319,0.999948927685246,0.999949299838029,0.999949685592552,0.999950084207618,0.99995049495717,0.999950917127515,0.999951350014399,0.999951792919847,0.999952245148684,0.999952706004643,0.999953174785875,0.999953650779726,0.999954133256546,0.999954621462179,0.999955114608776,0.999955611863324,0.99995611233314,0.99995661504726,0.999957118932166,0.999957622779652,0.999958125203608,0.999958624580831,0.999959118968441,0.999959605986225,0.999960082645091,0.999960545090256,0.999960988205214,0.999961404979423,0.99996178545703,0.999962114902321,0.99996237040468,0.999962514119115,0.999962478486039,0.999962129604049,0.999961158855938,0.999958660233173,0.999950358116137,0.99978946712696,0.999989246546225,0.99998032492482,0.99997765138009,0.999976612865347,0.99997622915393,0.999976171543879,0.999976299039404,0.999976541106584,0.999976858510281,0.999977227650636,0.999977633448713,0.999978065792612,0.999978517625611,0.999978983854653,0.999979460695915,0.999979945266086,0.999980435318061,0.999980929064802,0.99998142505888,0.999981922108175,0.999982419215672,0.999982915535669,0.999983410341412,0.99998390300082,0.999984392958014,0.999984879719115,0.999985362841167,0.999985841923466,0.999986316600616,0.999986786537024,0.999987251422411,0.999987710968173,0.9999881649044,0.999988612977404,0.999989054947676,0.999989490588157,0.999989919682812,0.999990342025404,0.999990757418447,0.999991165672332,0.999991566604559,0.999991960039083,0.99999234580573,0.999992723739726,0.99999309368124,0.999993455475015,0.999993808970028,0.999994154019198,0.999994490479117,0.999994818209817,0.999995137074559,0.99999544693965,0.999995747674268,0.999996039150307,0.999996321242243,0.999996593827008,0.999996856783875,0.99999710999435,0.999997353342081,0.999997586712759,0.99999780999405,0.999998023075517,0.999998225848543,0.99999841820627,0.999998600043544,0.999998771256855,0.999998931744281,0.999999081405446,0.999999220141473,0.99999934785493,0.999999464449814,0.999999569831479,0.999999663906633,0.999999746583279,0.999999817770694,0.999999877379399,0.999999925321123,0.999999961508781,0.999999985856445,0.999999998279315,0.999999998693703,0.999999987017002,0.999999963167668,0.999999927065198,0.999999878630104,0.999999817783901,0.999999744449083,0.99999965854911,0.999999560008379,0.999999448752219,0.999999324706873,0.999999187799471,0.999999037958026,0.999998875111417,0.999998699189371,0.999998510122449,0.999998307842038,0.999998092280329,0.999997863370311,0.99999762104576,0.999997365241218,0.999997095891986,0.999996812934122,0.999996516304404,0.999996205940356,0.9999958817802,0.999995543762867,0.999995191827995,0.999994825915881,0.999994445967526,0.999994051924577,0.999993643729345,0.999993221324781,0.999992784654485,0.999992333662681,0.999991868294212,0.999991388494542,0.999990894209731,0.999990385386444,0.999989861971928,0.999989323914019,0.999988771161124,0.999988203662214,0.999987621366829,0.99998702422505,0.999986412187517,0.999985785205398,0.999985143230403,0.999984486214761,0.999983814111224,0.999983126873061,0.999982424454042,0.999981706808443,0.999980973891034,0.999980225657076,0.999979462062313,0.999978683062971,0.999977888615739,0.999977078677788,0.999976253206738,0.999975412160675,0.999974555498132,0.999973683178091,0.999972795159972,0.999971891403639,0.999970971869383,0.999970036517919,0.999969085310394,0.999968118208365,0.999967135173803,0.999966136169094,0.999965121157022,0.999964090100778,0.999963042963938,0.999961979710483,0.999960900304773,0.999959804711554
0.999999999999999,1,1,1,1,0.999999999999999,1,1,1,1,1,1,1,0.999999999999999,1,1,0.999999999999999,1,1,1,1,0.999999999999999,1,0.999999999999997,0.999999999999999,1,0.999999999999999,1,1,1,0.999999999999999,0.999999999999999,0.999999999999999,1,1,1,0.999999999999999,1,1,1,1,0.999999999999998,1,0.999999999999999,1,1,1,1,1,1,0.999999999999999,0.999999999999999,1,0.999999999999999,1,0.999999999999998,0.999999999999999,0.999999999999999,1,1,1,0.999999999999999,1,1,0.999999999999999,1,1,1,1,1,0.999999999999999,1,1,1,1,0.999999999999999,0.999984581751884,0.999978472516205,0.999973972100975,0.99997033289782,0.999967261046659,0.999964603660204,0.999962268603644,0.999960194972851,0.999958339843245,0.999956671499438,0.999955165641808,0.999953803108271,0.999952568429624,0.999951448872518,0.999950433782162,0.999949514117056,0.999948682111054,0.999947931022387,0.999947254943658,0.999946648655498,0.999946107512171,0.999945627350902,0.999945204419173,0.999944835315755,0.999944516942424,0.999944246464044,0.999944021275309,0.999943838972823,0.999943697331464,0.99994359428427,0.999943527905218,0.999943496394375,0.999943498065022,0.999943531332471,0.999943594704245,0.99994368677146,0.999943806201201,0.999943951729769,0.999944122156637,0.999944316339058,0.999944533187194,0.999944771659723,0.999945030759845,0.999945309531619,0.999945607056597,0.999945922450721,0.999946254861408,0.999946603464822,0.999946967463271,0.999947346082709,0.999947738570315,0.999948144192088,0.999948562230463,0.999948991981852,0.999949432754136,0.999949883863974,0.999950344633948,0.999950814389406,0.999951292454937,0.999951778150378,0.999952270786174,0.999952769657902,0.999953274039775,0.999953783176685,0.999954296274457,0.999954812487662,0.999955330904186,0.999955850525417,0.999956370240449,0.999956888792,0.999957404730649,0.999957916352385,0.999958421611745,0.999958917998642,0.999959402359575,0.999959870631616,0.999960317434827,0.999960735426672,0.999961114238582,0.999961438640989,0.99996168519406,0.999961815694398,0.999961763166662,0.999961398205262,0.999960433778304,0.999958080400624,0.999951108322033,0.99989644833054,0.999995970284259,0.999982619542949,0.999978796855,0.999977302576699,0.999976685868738,0.9999764911266,0.999976530568956,0.999976712744992,0.999976987766067,0.999977326071189,0.999977709000276,0.999978124167205,0.999978563005185,0.999979019381172,0.999979488773022,0.999979967759598,0.999980453693336,0.999980944483326,0.99998143844773,0.99998193421099,0.999982430630696,0.99998292674462,0.999983421731677,0.999983914882748,0.99998440557854,0.999984893272603,0.999985377478138,0.999985857757645,0.999986333714723,0.999986804987515,0.999987271243417,0.999987732174786,0.999988187495419,0.999988636937659,0.99998908024999,0.999989517195023,0.999989947547819,0.999990371094459,0.999990787630841,0.999991196961643,0.999991598899444,0.999991993263963,0.999992379881402,0.999992758583868,0.999993129208883,0.999993491598938,0.999993845601117,0.999994191066749,0.999994527851118,0.999994855813194,0.999995174815385,0.999995484723333,0.999995785405727,0.999996076734118,0.999996358582778,0.999996630828545,0.999996893350709,0.999997146030883,0.999997388752901,0.999997621402726,0.999997843868358,0.999998056039743,0.999998257808704,0.999998449068874,0.999998629715628,0.999998799646012,0.999998958758701,0.999999106953946,0.999999244133513,0.99999937020064,0.999999485060004,0.999999588617668,0.99999968078105,0.999999761458885,0.999999830561185,0.999999887999213,0.999999933685451,0.99999996753357,0.999999989458402,0.99999999937591,0.999999997203174,0.999999982858347,0.999999956260653,0.999999917330352,0.999999865988722,0.999999802158035,0.99999972576155,0.999999636723476,0.999999534968971,0.999999420424105,0.999999293015866,0.999999152672127,0.999998999321635,0.999998832893998,0.999998653319667,0.999998460529925,0.999998254456865,0.999998035033398,0.999997802193206,0.999997555870763,0.999997296001301,0.999997022520805,0.999996735366007,0.999996434474362,0.999996119784051,0.999995791233958,0.999995448763671,0.999995092313461,0.99999472182428,0.999994337237745,0.999993938496139,0.99999352554239,0.999993098320064,0.999992656773365,0.999992200847119,0.999991730486763,0.999991245638347,0.999990746248517,0.99999023226451,0.999989703634144,0.999989160305817,0.999988602228494,0.999988029351697,0.999987441625511,0.999986839000557,0.999986221428009,0.99998558885956,0.999984941247443,0.999984278544404,0.999983600703707,0.999982907679122,0.999982199424923,0.999981475895877,0.999980737047246,0.999979982834773,0.999979213214678,0.999978428143659,0.99997762757888,0.999976811477967,0.999975979799001,0.999975132500523,0.999974269541508,0.999973390881386,0.999972496480016,0.999971586297688,0.99997066029513,0.999969718433477,0.999968760674297,0.999967786979561,0.999966797311653,0.999965791633363,0.999964769907877,0.999963732098781,0.999962678170051,0.999961608086053,0.999960521811531,0.999959419311613
0.999999999999998,1,1,0.999999999999998,1,0.999999999999999,0.999999999999999,1,0.999999999999999,1,1,1,1,1,0.999999999999999,1,1,1,1,0.999999999999999,1,1,0.999999999999999,0.999999999999999,1,1,0.999999999999999,1,1,1,0.999999999999998,1,0.999999999999999,1,1,1,1,1,0.999999999999999,1,1,0.999999999999999,1,1,1,0.999999999999999,1,0.999999999999998,0.999999999999999,1,1,1,1,1,0.999999999999999,1,1,1,0.999999999999998,1,0.999999999999999,1,1,1,0.999999999999999,1,1,1,1,0.999999999999999,1,0.999999999999999,0.999999999999999,0.999988412863778,0.999980509886682,0.999975240384044,0.999971118208568,0.999967695378911,0.999964762388968,0.99996220038028,0.999959933820903,0.99995791094432,0.999956094294574,0.999954455637928,0.999952972999418,0.999951628828756,0.999950408809012,0.999949301051699,0.999948295534776,0.999947383699239,0.99994655815258,0.999945812446262,0.999945140905686,0.999944538498187,0.999944000729094,0.999943523558813,0.999943103335971,0.999942736742875,0.999942420750666,0.999942152582084,0.999941929680289,0.999941749682629,0.999941610398329,0.999941509789464,0.999941445954618,0.999941417114737,0.999941421600866,0.999941457843451,0.999941524362926,0.999941619761446,0.999941742715565,0.999941891969717,0.999942066330409,0.999942264661012,0.999942485877055,0.999942728941992,0.999942992863333,0.999943276689121,0.999943579504696,0.999943900429698,0.99994423861528,0.9999445932415,0.999944963514863,0.999945348665956,0.999945747947193,0.999946160630593,0.9999465860056,0.999947023376894,0.999947472062146,0.999947931389718,0.999948400696218,0.999948879323887,0.999949366617743,0.999949861922409,0.999950364578518,0.999950873918595,0.999951389262233,0.999951909910391,0.999952435138529,0.999952964188271,0.999953496257073,0.999954030485356,0.999954565940169,0.999955101594263,0.999955636298859,0.999956168747732,0.99995669742914,0.999957220560357,0.999957735997035,0.99995824110511,0.999958732575864,0.999959206152199,0.999959656212033,0.99996007511334,0.999960452124947,0.999960771601321,0.999961009694657,0.999961128026665,0.999961060445966,0.999960682108881,0.999959725553035,0.999957495888325,0.999951460067829,0.999920217426835,0.999998803370113,0.999985624131121,0.999980223561133,0.999978145510207,0.999977242052065,0.999976882433577,0.999976817466437,0.999976929177084,0.999977154501641,0.999977456645228,0.99997781266604,0.999978207491066,0.999978630786798,0.999979075213347,0.999979535397601,0.999980007302155,0.999980487822851,0.999980974523773,0.999981465457918,0.999981959042853,0.999982453972636,0.999982949154263,0.999983443660987,0.999983936697509,0.999984427573692,0.999984915684401,0.999985400493909,0.99998588152369,0.999986358342738,0.999986830559895,0.999987297817627,0.99998775978701,0.999988216163604,0.999988666664099,0.999989111023487,0.99998954899275,0.99998998033689,0.999990404833289,0.999990822270314,0.999991232446118,0.999991635167631,0.99999203024968,0.999992417514234,0.999992796789748,0.999993167910605,0.999993530716593,0.999993885052491,0.999994230767668,0.999994567715751,0.999994895754324,0.999995214744646,0.999995524551431,0.99999582504262,0.999996116089185,0.999996397564971,0.999996669346521,0.999996931312947,0.999997183345792,0.999997425328918,0.999997657148392,0.999997878692392,0.99999808985112,0.999998290516707,0.99999848058315,0.999998659946229,0.999998828503446,0.999998986153967,0.999999132798561,0.999999268339546,0.99999939268074,0.999999505727418,0.999999607386269,0.999999697565344,0.999999776174028,0.999999843123002,0.999999898324208,0.999999941690813,0.999999973137184,0.999999992578846,0.999999999932482,0.999999995115868,0.99999997804788,0.999999948648454,0.999999906838565,0.999999852540212,0.999999785676382,0.999999706171049,0.999999613949138,0.999999508936518,0.999999391059974,0.999999260247195,0.999999116426763,0.999998959528127,0.999998789481586,0.999998606218286,0.999998409670201,0.999998199770109,0.999997976451592,0.999997739649016,0.999997489297515,0.999997225332991,0.999996947692087,0.999996656312182,0.999996351131386,0.999996032088517,0.999995699123096,0.99999535217534,0.999994991186147,0.999994616097085,0.999994226850387,0.99999382338894,0.999993405656273,0.999992973596549,0.999992527154561,0.999992066275718,0.999991590906039,0.999991100992139,0.999990596481231,0.999990077321116,0.999989543460164,0.999988994847324,0.999988431432102,0.99998785316456,0.999987259995313,0.999986651875509,0.99998602875684,0.999985390591522,0.999984737332292,0.999984068932402,0.999983385345614,0.999982686526194,0.999981972428905,0.999981243008997,0.999980498222209,0.99997973802476,0.999978962373337,0.999978171225103,0.999977364537678,0.999976542269144,0.99997570437803,0.99997485082332,0.999973981564431,0.999973096561225,0.999972195773993,0.999971279163452,0.999970346690744,0.999969398317431,0.999968434005486,0.99996745371729,0.999966457415632,0.999965445063699,0.999964416625072,0.999963372063731,0.999962311344039,0.99996123443074,0.999960141288962,0.999959031884207
1,0.999999999999999,1,1,1,1,0.999999999999999,1,1,1,1,1,1,0.999999999999999,1,0.999999999999999,0.999999999999999,1,1,1,1,1,1,1,1,1,1,1,1,1,0.999999999999999,0.999999999999999,1,1,1,1,1,0.999999999999999,1,1,0.999999999999998,1,1,1,1,0.999999999999998,1,1,1,1,1,0.999999999999999,1,0.999999999999999,0.999999999999999,0.999999999999999,1,0.999999999999998,1,1,1,1,1,0.999999999999999,0.999999999999998,1,1,1,0.999999999999999,0.999999999999999,0.999996254463756,0.999983241949744,0.999976882138253,0.999972157048136,0.999968320382798,0.999965072720571,0.999962256824818,0.999959777429544,0.999957571342411,0.999955593920164,0.999953812121582,0.999952200599883,0.999950739348929,0.999949412207196,0.999948205864829,0.999947109180653,0.999946112698075,0.99994520829311,0.99994438891274,0.999943648376671,0.99994298122457,0.999942382596535,0.999941848138363,0.999941373925517,0.999940956401464,0.999940592327146,0.999940278739216,0.999940012915231,0.999939792344417,0.999939614702928,0.999939477832801,0.999939379723923,0.999939318498471,0.999939292397482,0.999939299769118,0.999939339058426,0.99993940879832,0.999939507601646,0.999939634154122,0.999939787208072,0.999939965576817,0.99994016812964,0.999940393787253,0.99994064151769,0.999940910332583,0.999941199283744,0.999941507460041,0.999941833984518,0.999942178011721,0.999942538725175,0.999942915335065,0.999943307075974,0.999943713204771,0.999944132998523,0.999944565752502,0.999945010778168,0.999945467401156,0.999945934959253,0.999946412800256,0.999946900279762,0.999947396758771,0.999947901601107,0.999948414170539,0.999948933827563,0.999949459925719,0.999949991807333,0.999950528798512,0.999951070203173,0.999951615295864,0.999952163312988,0.999952713441951,0.999953264807616,0.999953816455108,0.999954367327841,0.999954916238922,0.999955461833565,0.999956002538846,0.999956536495584,0.999957061464249,0.999957574692619,0.999958072725562,0.999958551125046,0.999959004046632,0.999959423578528,0.999959798671882,0.999960113333415,0.999960343410203,0.999960450497187,0.999960369440405,0.999959979927212,0.999959032221255,0.999956909365777,0.999951567594586,0.999930090194784,0.999663234079912,0.999989542166678,0.999981993977732,0.999979166002173,0.999977909591541,0.999977352164149,0.999977163880744,0.999977193145454,0.999977360616685,0.999977620734469,0.999977945447247,0.999978316514407,0.999978721540345,0.999979151788195,0.999979600906695,0.99998006415426,0.999980537907636,0.999981019340401,0.999981506206528,0.999981996691047,0.999982489304713,0.999982982808285,0.999983476157074,0.999983968459777,0.999984458947414,0.999984946949625,0.999985431876339,0.99998591320347,0.999986390461618,0.999986863227099,0.999987331114693,0.999987793771832,0.999988250873808,0.99998870211987,0.999989147229983,0.999989585942129,0.999990018010057,0.999990443201395,0.999990861296027,0.999991272084734,0.999991675368044,0.999992070955208,0.999992458663356,0.999992838316733,0.999993209746064,0.99999357278799,0.999993927284555,0.999994273082785,0.999994610034296,0.999994937994958,0.999995256824588,0.999995566386687,0.999995866548185,0.999996157179251,0.99999643815307,0.999996709345686,0.999996970635842,0.999997221904826,0.999997463036354,0.999997693916444,0.99999791443331,0.999998124477258,0.999998323940599,0.999998512717561,0.999998690704227,0.999998857798433,0.99999901389973,0.999999158909307,0.999999292729941,0.999999415265941,0.999999526423093,0.999999626108619,0.999999714231139,0.999999790700616,0.999999855428322,0.999999908326813,0.999999949309874,0.999999978292504,0.999999995190878,0.99999999992232,0.999999992405266,0.999999972559253,0.999999940304881,0.999999895563799,0.99999983825867,0.999999768313161,0.999999685651912,0.99999959020053,0.99999948188555,0.999999360634437,0.999999226375546,0.999999079038126,0.999998918552298,0.999998744849022,0.99999855786011,0.999998357518189,0.999998143756691,0.999997916509852,0.999997675712681,0.999997421300958,0.999997153211219,0.999996871380741,0.999996575747539,0.999996266250335,0.99999594282857,0.999995605422385,0.9999952539726,0.999994888420719,0.999994508708907,0.999994114779994,0.999993706577452,0.999993284045392,0.999992847128556,0.99999239577231,0.999991929922627,0.999991449526085,0.999990954529863,0.999990444881724,0.999989920530005,0.999989381423625,0.999988827512064,0.999988258745359,0.999987675074093,0.999987076449402,0.999986462822952,0.999985834146934,0.999985190374073,0.999984531457605,0.999983857351275,0.99998316800933,0.999982463386524,0.999981743438094,0.999981008119762,0.999980257387742,0.99997949119871,0.999978709509816,0.999977912278673,0.999977099463358,0.999976271022386,0.99997542691474,0.999974567099826,0.999973691537502,0.999972800188052,0.999971893012189,0.999970969971052,0.999970031026191,0.999969076139583,0.999968105273599,0.999967118391027,0.999966115455049,0.999965096429248,0.999964061277592,0.999963009964442,0.999961942454546,0.999960858713026,0.999959758705379,0.999958642397479
1,0.999999999999999,1,1,1,1,0.999999999999999,1,1,1,1,1,0.999999999999999,0.999999999999999,1,1,1,0.999999999999999,1,1,1,1,1,0.999999999999999,1,1,1,0.999999999999999,1,1,1,1,0.999999999999999,1,0.999999999999999,0.999999999999998,1,0.999999999999999,1,0.999999999999999,1,1,1,1,1,0.999999999999999,1,1,1,0.999999999999999,0.999999999999999,1,1,1,1,1,1,1,1,1,0.999999999999998,1,1,1,1,1,1,1,0.999987157300527,0.99997901663989,0.9999735033768,0.999969167493032,0.999965555694619,0.999962453300074,0.999959737699061,0.999957330653778,0.999955178395209,0.999953241943092,0.999951491873531,0.999949905261611,0.99994846378439,0.999947152486195,0.999945958943019,0.999944872678318,0.999943884743176,0.999942987407399,0.999942173927518,0.999941438369389,0.999940775470405,0.999940180530925,0.999939649327644,0.999939178043692,0.999938763211624,0.999938401666502,0.999938090506935,0.999937827062484,0.999937608866176,0.999937433631185,0.999937299230912,0.99993720368187,0.999937145128912,0.999937121832389,0.999937132156959,0.99993717456176,0.999937247591772,0.999937349870181,0.999937480091582,0.999937637015939,0.99993781946317,0.999938026308271,0.999938256476949,0.999938508941637,0.999938782717894,0.999939076861089,0.999939390463399,0.999939722651004,0.999940072581519,0.999940439441583,0.999940822444601,0.999941220828623,0.999941633854306,0.999942060802987,0.999942500974782,0.999942953686743,0.999943418271026,0.999943894073052,0.999944380449623,0.999944876766986,0.999945382398787,0.999945896723914,0.999946419124114,0.999946948981419,0.999947485675232,0.999948028579039,0.999948577056636,0.999949130457707,0.999949688112629,0.999950249326246,0.999950813370356,0.99995137947453,0.999951946814739,0.999952514499145,0.999953081550135,0.99995364688131,0.999954209267649,0.999954767306343,0.999955319364614,0.999955863509138,0.999956397408927,0.999956918199272,0.999957422287091,0.999957905065898,0.999958360487283,0.999958780396891,0.999959153468512,0.99995946342093,0.999959685883441,0.99995978254372,0.999959689368222,0.999959290481385,0.999958352208707,0.99995632261842,0.999951515562229,0.999935272278005,0.999285179176684,0.999994467944923,0.999984185955483,0.999980393431521,0.999978702359481,0.999977907947326,0.999977574455255,0.999977507681639,0.999977608192367,0.999977819821293,0.999978108429175,0.999978452048266,0.999978835881179,0.999979249577684,0.999979685664861,0.99998013859851,0.999980604166794,0.999981079102469,0.99998156082326,0.999982047253595,0.999982536699391,0.999983027758369,0.999983519254664,0.999984010190365,0.999984499709077,0.999984987068206,0.999985471617556,0.99998595278268,0.999986430051744,0.999986902965115,0.999987371107003,0.999987834098696,0.999988291593074,0.999988743270088,0.999989188833049,0.999989628005526,0.999990060528768,0.99999048615953,0.999990904668238,0.999991315837436,0.999991719460457,0.999992115340275,0.999992503288541,0.999992883124724,0.999993254675378,0.999993617773511,0.999993972258008,0.999994317973154,0.999994654768195,0.999994982496955,0.999995301017499,0.999995610191829,0.999995909885619,0.999996199967974,0.999996480311197,0.999996750790628,0.99999701128444,0.999997261673491,0.999997501841173,0.999997731673298,0.999997951057955,0.999998159885426,0.99999835804806,0.999998545440207,0.999998721958108,0.999998887499837,0.999999041965223,0.999999185255775,0.999999317274632,0.999999437926499,0.999999547117594,0.999999644755596,0.999999730749604,0.999999805010088,0.999999867448847,0.999999917978971,0.999999956514816,0.999999982971942,0.999999997267113,0.999999999318237,0.999999989044365,0.999999966365638,0.999999931203272,0.999999883479536,0.99999982311772,0.999999750042122,0.999999664178014,0.99999956545163,0.999999453790146,0.999999329121657,0.999999191375158,0.99999904048053,0.999998876368524,0.999998698970737,0.999998508219606,0.999998304048389,0.999998086391145,0.999997855182726,0.999997610358763,0.999997351855655,0.999997079610545,0.999996793561323,0.999996493646606,0.999996179805718,0.999995851978699,0.999995510106276,0.999995154129865,0.999994783991542,0.999994399634064,0.999994001000823,0.999993588035867,0.999993160683871,0.999992718890139,0.999992262600587,0.999991791761741,0.999991306320726,0.999990806225257,0.999990291423631,0.999989761864723,0.999989217497972,0.99998865827338,0.999988084141498,0.999987495053425,0.999986890960796,0.99998627181578,0.999985637571072,0.999984988179878,0.999984323595922,0.999983643773437,0.999982948667143,0.999982238232266,0.999981512424509,0.999980771200065,0.999980014515595,0.999979242328235,0.999978454595588,0.999977651275705,0.999976832327104,0.999975997708743,0.999975147380025,0.999974281300792,0.999973399431323,0.999972501732318,0.999971588164907,0.999970658690637,0.999969713271469,0.999968751869771,0.999967774448325,0.999966780970303,0.999965771399283,0.999964745699227,0.999963703834495,0.99996264576982,0.999961571470324,0.999960480901497,0.999959374029212,0.999958250819694
1,1,1,0.999999999999999,0.999999999999999,1,1,1,1,0.999999999999999,1,0.999999999999999,1,1,1,0.999999999999998,0.999999999999999,0.999999999999999,1,1,0.999999999999998,1,1,0.999999999999998,1,0.999999999999999,1,1,1,1,1,0.999999999999999,1,1,1,0.999999999999999,1,1,1,0.999999999999998,0.999999999999998,1,0.999999999999999,1,1,1,0.999999999999999,1,0.999999999999999,1,0.999999999999999,1,1,1,0.999999999999999,1,0.999999999999999,1,0.999999999999999,1,0.999999999999999,0.999999999999999,1,1,1,0.99999445990145,0.999981855629017,0.999975234626964,0.999970277504384,0.999966237062123,0.999962807906156,0.999959828282801,0.999957199699354,0.999954856611801,0.99995275261246,0.999950853299604,0.999949132252094,0.99994756859788,0.999946145465182,0.999944848952699,0.999943667420236,0.999942590985315,0.999941611156799,0.999940720562308,0.999939912741537,0.99993918198687,0.999938523218646,0.999937931886211,0.999937403888492,0.999936935509547,0.999936523365757,0.999936164362152,0.99993585565601,0.999935594626272,0.999935378847671,0.999935206068713,0.999935074192796,0.999934981261978,0.999934925442877,0.999934905014441,0.999934918357216,0.999934963943951,0.999935040331289,0.999935146152418,0.999935280110526,0.999935440972971,0.99993562756605,0.999935838770288,0.999936073516204,0.99993633078045,0.999936609582325,0.999936908980578,0.999937228070467,0.999937565981078,0.999937921872821,0.999938294935115,0.99993868438421,0.999939089461156,0.999939509429866,0.99993994357527,0.999940391201542,0.999940851630365,0.999941324199249,0.999941808259844,0.999942303176235,0.999942808323233,0.999943323084587,0.999943846851114,0.99994437901871,0.999944918986205,0.999945466153008,0.999946019916494,0.999946579669048,0.999947144794707,0.999947714665247,0.99994828863563,0.999948866038599,0.999949446178201,0.999950028321943,0.999950611691211,0.999951195449401,0.999951778687093,0.999952360403311,0.999952939481571,0.999953514658875,0.999954084485103,0.999954647269042,0.9999552010056,0.99995574327603,0.999956271108666,0.999956780780566,0.999957267528555,0.99995772511737,0.999958145174939,0.999958516133932,0.999958821477696,0.999959036691997,0.99995912365344,0.999959019533375,0.999958612759451,0.999957684227561,0.99995573686288,0.999951354243786,0.999938329579439,0.999806783839242,0.999999372534033,0.999986890780197,0.999981863026656,0.999979636520233,0.999978558462495,0.999978054380209,0.999977876130733,0.999977899503456,0.999978055514846,0.999978302784141,0.999978614965832,0.999978974470545,0.99997936908862,0.999979790063754,0.999980230939038,0.999980686836844,0.999981153993554,0.999981629449762,0.999982110838603,0.999982596237709,0.999983084063591,0.999983572994889,0.999984061915668,0.99998454987294,0.999985036044378,0.999985519713507,0.999986000250392,0.999986477096488,0.999986949752615,0.99998741776933,0.999987880739167,0.999988338290338,0.999988790081546,0.999989235797754,0.999989675146633,0.999990107855625,0.999990533669467,0.999990952348111,0.999991363664944,0.999991767405305,0.999992163365162,0.999992551350035,0.999992931174018,0.999993302658971,0.999993665633775,0.999994019933718,0.999994365399939,0.999994701878943,0.999995029222169,0.999995347285616,0.999995655929507,0.99999595501798,0.999996244418833,0.999996524003268,0.999996793645698,0.999997053223531,0.999997302617002,0.999997541709017,0.999997770385012,0.999997988532812,0.999998196042516,0.999998392806391,0.999998578718764,0.999998753675933,0.999998917576093,0.999999070319234,0.999999211807099,0.999999341943084,0.999999460632206,0.999999567781022,0.99999966329759,0.999999747091414,0.99999981907339,0.999999879155777,0.999999927252141,0.999999963277325,0.999999987147405,0.999999998779666,0.999999998092558,0.999999985005676,0.999999959439719,0.999999921316475,0.999999870558782,0.999999807090514,0.99999973083655,0.999999641722756,0.999999539675957,0.999999424623927,0.999999296495353,0.999999155219833,0.99999900072785,0.999998832950747,0.99999865182073,0.999998457270828,0.999998249234896,0.999998027647595,0.999997792444368,0.999997543561436,0.99999728093579,0.999997004505161,0.999996714208023,0.999996409983569,0.999996091771707,0.99999575951305,0.999995413148894,0.99999505262122,0.999994677872672,0.999994288846562,0.999993885486838,0.9999934677381,0.999993035545572,0.999992588855093,0.999992127613123,0.999991651766721,0.999991161263538,0.999990656051816,0.999990136080374,0.999989601298601,0.999989051656445,0.99998848710442,0.999987907593573,0.999987313075505,0.999986703502342,0.999986078826744,0.999985439001883,0.999984783981457,0.999984113719656,0.99998342817118,0.999982727291224,0.99998201103547,0.999981279360084,0.999980532221702,0.999979769577446,0.999978991384887,0.999978197602068,0.999977388187478,0.999976563100069,0.99997572229922,0.999974865744763,0.999973993396954,0.999973105216488,0.999972201164478,0.999971281202457,0.999970345292375,0.999969393396593,0.999968425477876,0.999967441499391,0.999966441424702,0.999965425217763,0.999964392842925,0.999963344264915,0.999962279448844,0.999961198360195,0.999960100964832,0.999958987228979,0.999957857119228
0.999999999999999,1,1,1,1,1,1,1,1,1,1,1,0.999999999999999,0.999999999999999,1,0.999999999999999,1,1,1,1,1,0.999999999999999,1,0.999999999999999,0.999999999999999,1,1,1,0.999999999999999,1,0.999999999999999,0.999999999999999,1,1,1,1,1,1,1,1,1,1,1,0.999999999999999,1,1,1,1,1,0.999999999999999,1,1,0.999999999999999,0.999999999999999,1,1,1,1,1,1,1,0.999999999999999,0.999999999999999,0.999985868892708,0.999977471069483,0.999971705582229,0.999967149143435,0.999963342331126,0.999960065034848,0.999957190764785,0.999954638497744,0.99995235240701,0.999950291947235,0.999948426472954,0.999946732084415,0.999945189665829,0.999943783606097,0.999942500931721,0.999941330699781,0.999940263561266,0.999939291439465,0.99993840728826,0.999937604907171,0.999936878797618,0.999936224049619,0.999935636251322,0.999935111416007,0.999934645922516,0.999934236466217,0.999933880018286,0.999933573791618,0.999933315212099,0.999933101894215,0.999932931620216,0.999932802322232,0.999932712066809,0.999932659041494,0.999932641543128,0.999932657967589,0.999932706800765,0.99993278661057,0.999932896039867,0.999933033800165,0.999933198665982,0.999933389469783,0.999933605097436,0.999933844484092,0.999934106610462,0.999934390499414,0.999934695212887,0.999935019849041,0.999935363539645,0.999935725447662,0.999936104765006,0.999936500710448,0.999936912527649,0.99993733948331,0.999937780865407,0.999938235981518,0.999938704157173,0.999939184734298,0.999939677069634,0.999940180533203,0.99994069450674,0.999941218382112,0.999941751559679,0.99994229344657,0.999942843454874,0.999943400999671,0.999943965496907,0.99994453636101,0.999945113002253,0.999945694823738,0.99994628121794,0.99994687156269,0.999947465216445,0.999948061512692,0.999948659753209,0.999949259199914,0.999949859064889,0.999950458498027,0.999951056571624,0.999951652260911,0.999952244419207,0.999952831745845,0.999953412744211,0.999953985666158,0.999954548437246,0.999955098554626,0.999955632945026,0.999956147763371,0.999956638100911,0.999957097551397,0.999957517547818,0.999957886314275,0.999958187144802,0.999958395444793,0.999958473356972,0.999958359312598,0.999957945884601,0.999957027207605,0.999955152938014,0.999951115331716,0.999940250751983,0.999875775342264,0.999993169780752,0.999990194495645,0.999983616251706,0.99998073082529,0.999979313563666,0.999978609447088,0.999978302176734,0.999978237030705,0.999978329557165,0.999978529774454,0.999978806203723,0.999979138015915,0.999979510862494,0.999979914521702,0.999980341500932,0.999980786171094,0.999981244210895,0.999981712238951,0.999982187563588,0.99998266800867,0.999983151789807,0.999983637424698,0.999984123667129,0.999984609457656,0.999985093886224,0.999985576163501,0.999986055598641,0.999986531581847,0.999987003570568,0.999987471078483,0.999987933666614,0.999988390936125,0.999988842522441,0.999989288090394,0.999989727330211,0.999990159954168,0.999990585693787,0.999991004297489,0.999991415528569,0.999991819163518,0.999992214990557,0.999992602808401,0.999992982425165,0.999993353657449,0.999993716329521,0.999994070272615,0.999994415324311,0.999994751327992,0.999995078132366,0.999995395591052,0.999995703562187,0.999996001908114,0.99999629049507,0.999996569192924,0.999996837874942,0.999997096417563,0.999997344700224,0.999997582605161,0.999997810017272,0.999998026823959,0.999998232915002,0.999998428182441,0.999998612520461,0.999998785825303,0.999998947995153,0.999999098930073,0.999999238531922,0.99999936670427,0.999999483352346,0.999999588382969,0.999999681704489,0.999999763226735,0.999999832860963,0.999999890519812,0.999999936117261,0.999999969568579,0.999999990790293,0.999999999700155,0.999999996217094,0.9999999802612,0.999999951753681,0.99999991061684,0.999999856774047,0.999999790149708,0.999999710669241,0.999999618259063,0.999999512846554,0.999999394360043,0.999999262728776,0.999999117882918,0.999998959753509,0.999998788272471,0.999998603372565,0.999998404987397,0.999998193051387,0.999997967499759,0.999997728268528,0.999997475294481,0.999997208515168,0.999996927868883,0.999996633294661,0.999996324732254,0.999996002122122,0.999995665405429,0.999995314524027,0.999994949420434,0.999994570037848,0.99999417632011,0.999993768211709,0.999993345657776,0.999992908604064,0.999992456996941,0.999991990783382,0.999991509910967,0.99999101432786,0.999990503982814,0.999989978825148,0.999989438804756,0.999988883872084,0.999988313978134,0.999987729074449,0.999987129113109,0.999986514046722,0.999985883828422,0.999985238411858,0.999984577751187,0.999983901801074,0.999983210516672,0.999982503853631,0.999981781768085,0.999981044216644,0.999980291156394,0.999979522544885,0.999978738340133,0.999977938500606,0.999977122985224,0.999976291753352,0.999975444764794,0.999974581979795,0.999973703359024,0.99997280886358,0.999971898454977,0.999970972095148,0.999970029746443,0.999969071371607,0.999968096933794,0.999967106396557,0.999966099723836,0.99996507687997,0.999964037829671,0.999962982538042,0.99996191097056,0.999960823093068,0.999959718871787,0.999958598273298,0.999957461264543
1,1,0.999999999999999,1,0.999999999999999,1,1,1,1,1,1,0.999999999999999,1,0.999999999999999,1,0.999999999999999,0.999999999999999,1,1,1,0.999999999999999,0.999999999999999,0.999999999999999,1,1,1,0.999999999999999,0.999999999999999,0.999999999999999,0.999999999999999,1,1,1,1,1,1,1,1,0.999999999999999,0.999999999999998,1,0.999999999999998,1,0.999999999999999,0.999999999999999,0.999999999999999,1,1,1,0.999999999999999,1,1,1,0.999999999999998,1,1,1,0.999999999999999,0.999999999999999,1,0.999992919673958,0.999980423425527,0.999973530528126,0.999968333799662,0.999964083095242,0.999960466626232,0.999957317943054,0.999954535223834,0.999952050505097,0.99994981556614,0.999947794608119,0.999945960106973,0.999944290301863,0.999942767592057,0.999941377469257,0.999940107781154,0.999938948208216,0.999937889882518,0.99993692510394,0.999936047124817,0.999935249983777,0.999934528375624,0.999933877548086,0.999933293218908,0.999932771508542,0.999932308884981,0.999931902118136,0.999931548241795,0.999931244521644,0.999930988428249,0.99993077761401,0.999930609893448,0.999930483226212,0.999930395702357,0.999930345529558,0.999930331021892,0.999930350590022,0.999930402732526,0.999930486028213,0.999930599129315,0.99993074075539,0.999930909687888,0.999931104765248,0.999931324878495,0.999931568967247,0.999931836016107,0.999932125051364,0.999932435137978,0.999932765376833,0.999933114902193,0.999933482879354,0.999933868502485,0.999934270992583,0.999934689595595,0.999935123580616,0.999935572238216,0.999936034878822,0.999936510831178,0.999936999440849,0.999937500068767,0.999938012089797,0.9999385348913,0.999939067871712,0.999939610439068,0.999940162009492,0.999940722005629,0.999941289854968,0.999941864988055,0.999942446836541,0.999943034831046,0.999943628398761,0.999944226960753,0.999944829928893,0.999945436702288,0.999946046663155,0.999946659171923,0.99994727356143,0.999947889129939,0.999948505132686,0.999949120771514,0.999949735182073,0.99995034741783,0.999950956429948,0.999951561041584,0.999952159914812,0.999952751507447,0.999953334015969,0.999953905299028,0.999954462773259,0.999955003268963,0.999955522826328,0.999956016401452,0.999956477431879,0.999956897176485,0.999957263680097,0.999957560088004,0.999957761778912,0.999957831223341,0.999957708144895,0.999957289090676,0.999956380246995,0.999954571425158,0.999950819765136,0.999941495752874,0.99990069458292,0.999764660220547,0.999994094660236,0.999985699723524,0.999982006814005,0.999980184394217,0.999979246101614,0.999978789867483,0.999978623472934,0.999978643829093,0.999978790755193,0.999979026763136,0.999979327271266,0.999979675475272,0.999980059483241,0.99998047062964,0.99998090243895,0.999981349964697,0.999981809354334,0.999982277554829,0.999982752108604,0.99998323100906,0.99998371259631,0.9999841954807,0.99998467848577,0.999985160605191,0.999985640969785,0.999986118822021,0.999986593496044,0.999987064401903,0.99998753101298,0.999987992855884,0.999988449502259,0.999988900562095,0.999989345678239,0.999989784521859,0.999990216788651,0.999990642195678,0.999991060478723,0.999991471390018,0.999991874696345,0.999992270177395,0.999992657624379,0.999993036838806,0.99999340763146,0.999993769821473,0.999994123235566,0.999994467707328,0.999994803076642,0.999995129189124,0.999995445895685,0.999995753052087,0.999996050518587,0.999996338159617,0.999996615843468,0.99999688344204,0.999997140830614,0.999997387887618,0.999997624494454,0.999997850535312,0.999998065897015,0.999998270468882,0.999998464142588,0.99999864681205,0.999998818373319,0.999998978724475,0.999999127765537,0.999999265398374,0.99999939152664,0.999999506055686,0.999999608892501,0.999999699945648,0.999999779125203,0.99999984634271,0.999999901511119,0.999999944544746,0.99999997535923,0.999999993871487,0.999999999999667,0.99999999366314,0.999999974782427,0.999999943279195,0.999999899076218,0.99999984209734,0.999999772267461,0.999999689512501,0.999999593759379,0.999999484935989,0.999999362971174,0.999999227794715,0.999999079337293,0.999998917530489,0.999998742306749,0.999998553599374,0.999998351342511,0.999998135471112,0.999997905920943,0.999997662628556,0.999997405531279,0.999997134567197,0.999996849675145,0.999996550794689,0.999996237866116,0.999995910830423,0.999995569629299,0.999995214205124,0.999994844500948,0.999994460460483,0.999994062028097,0.999993649148797,0.999993221768222,0.99999277983264,0.999992323288927,0.999991852084562,0.999991366167628,0.999990865486782,0.999990349991274,0.999989819630915,0.999989274356085,0.99998871411771,0.999988138867274,0.999987548556793,0.999986943138821,0.999986322566435,0.999985686793229,0.999985035773314,0.999984369461306,0.999983687812315,0.999982990781945,0.999982278326296,0.999981550401935,0.999980806965916,0.999980047975751,0.999979273389421,0.999978483165367,0.999977677262481,0.999976855640095,0.999976018257992,0.999975165076383,0.999974296055921,0.999973411157678,0.999972510343148,0.99997159357424,0.999970660813282,0.999969712023009,0.999968747166547,0.999967766207435,0.9999667691096,0.999965755837359,0.999964726355413,0.999963680628848,0.999962618623125,0.999961540304077,0.999960445637911,0.999959334591195,0.999958207130862,0.999957063224197
1,1,1,1,1,1,1,1,1,1,1,1,1,0.999999999999999,1,0.999999999999999,1,0.999999999999999,0.999999999999999,0.999999999999999,1,1,0.999999999999999,1,0.999999999999998,1,0.999999999999999,1,1,0.999999999999999,1,1,0.999999999999999,1,1,0.999999999999998,0.999999999999999,1,1,0.999999999999999,1,1,0.999999999999999,1,0.999999999999998,1,0.999999999999999,0.999999999999999,1,1,1,0.999999999999998,1,1,1,0.999999999999999,1,0.999999999999999,0.999984547064461,0.99997587388581,0.999969847479498,0.999965063442294,0.999961055416299,0.999957597594854,0.99995455947203,0.999951857154155,0.999949432698053,0.999947243950133,0.999945259010303,0.999943452977872,0.999941805923111,0.999940301562143,0.999938926357448,0.999937668887442,0.999936519392475,0.999935469440206,0.999934511673907,0.99993363961977,0.999932847537038,0.999932130299853,0.999931483302867,0.999930902385033,0.99993038376743,0.999929924002032,0.999929519929199,0.999929168642049,0.999928867456449,0.999928613885516,0.999928405617864,0.999928240498881,0.999928116514604,0.999928031777678,0.999927984515129,0.999927973057653,0.999927995830175,0.999928051343533,0.999928138187081,0.999928255022108,0.999928400575976,0.999928573636836,0.999928773048912,0.999928997708215,0.999929246558674,0.999929518588634,0.999929812827646,0.999930128343548,0.999930464239786,0.999930819652945,0.999931193750472,0.99993158572856,0.999931994810201,0.99993242024333,0.999932861299116,0.999933317270325,0.999933787469793,0.999934271228934,0.999934767896328,0.999935276836354,0.99993579742784,0.999936329062737,0.999936871144812,0.999937423088304,0.999937984316587,0.999938554260772,0.999939132358249,0.999939718051164,0.999940310784769,0.999940910005645,0.999941515159776,0.999942125690355,0.999942741035381,0.999943360624909,0.999943983877881,0.999944610198492,0.999945238971896,0.999945869559183,0.999946501291343,0.999947133462086,0.999947765319026,0.999948396053003,0.999949024784824,0.99994965054875,0.999950272271706,0.999950888746841,0.999951498599483,0.999952100242865,0.999952691819711,0.999953271124182,0.999953835495922,0.999954381673809,0.99995490559031,0.999955402076221,0.999955864426583,0.999956283745247,0.999956647924122,0.999956939995436,0.999957135356886,0.999957196855661,0.999957065522901,0.999956641703085,0.999955742576268,0.99995399272625,0.999950481910983,0.999942307018304,0.999913103324362,0.99508984193115,0.999998149587882,0.9999881598236,0.999983488734686,0.999981183465898,0.999979971489359,0.999979343637254,0.99997906175806,0.99997900035557,0.999979087176609,0.999979277710711,0.999979543037149,0.999979863537037,0.999980225418534,0.999980618690281,0.999981035925231,0.999981471477415,0.999981920969306,0.999982380946694,0.999982848640528,0.99998332179897,0.999983798566648,0.999984277396317,0.999984756983221,0.999985236215635,0.9999857141371,0.999986189917275,0.999986662829158,0.99998713223114,0.999987597552716,0.999988058283025,0.999988513961576,0.999988964170686,0.999989408529283,0.99998984668778,0.99999027832382,0.999990703138714,0.999991120854468,0.999991531211236,0.999991933965191,0.999992328886696,0.999992715758733,0.999993094375568,0.999993464541575,0.999993826070237,0.999994178783269,0.999994522509848,0.999994857085944,0.99999518235374,0.999995498161087,0.999995804361073,0.999996100811597,0.999996387375006,0.999996663917786,0.999996930310253,0.999997186426307,0.999997432143189,0.999997667341273,0.999997891903883,0.999998105717108,0.999998308669651,0.999998500652693,0.999998681559749,0.99999885128656,0.99999900973098,0.999999156792876,0.999999292374041,0.999999416378101,0.99999952871044,0.999999629278135,0.999999717989874,0.999999794755908,0.99999985948799,0.999999912099312,0.999999952504462,0.999999980619381,0.999999996361314,0.999999999648764,0.999999990401456,0.999999968540316,0.999999933987408,0.999999886665928,0.999999826500156,0.99999975341543,0.999999667338133,0.999999568195642,0.999999455916333,0.999999330429522,0.999999191665479,0.999999039555377,0.999998874031298,0.999998695026182,0.999998502473844,0.999998296308923,0.999998076466892,0.999997842884024,0.999997595497382,0.999997334244803,0.99999705906489,0.999996769896985,0.999996466681171,0.999996149358242,0.999995817869704,0.999995472157762,0.999995112165295,0.999994737835859,0.999994349113671,0.999993945943601,0.999993528271154,0.999993096042466,0.999992649204297,0.999992187704015,0.999991711489587,0.999991220509579,0.999990714713135,0.999990194049981,0.999989658470402,0.999989107925251,0.999988542365927,0.999987961744372,0.999987366013073,0.999986755125039,0.999986129033797,0.999985487693403,0.999984831058411,0.999984159083875,0.999983471725357,0.999982768938893,0.999982050681017,0.999981316908727,0.999980567579502,0.999979802651276,0.999979022082454,0.999978225831888,0.999977413858883,0.99997658612318,0.999975742584963,0.999974883204856,0.999974007943895,0.999973116763552,0.999972209625709,0.999971286492673,0.999970347327144,0.999969392092232,0.999968420751455,0.999967433268718,0.999966429608316,0.999965409734932,0.999964373613631,0.999963321209861,0.999962252489439,0.999961167418548,0.999960065963746,0.999958948091948,0.999957813770429,0.999956662966817
1,1,1,0.999999999999999,0.999999999999999,1,1,1,1,0.999999999999999,1,1,1,1,1,0.999999999999999,1,1,1,1,1,1,0.999999999999999,1,1,1,0.999999999999999,1,0.999999999999999,1,1,0.999999999999999,1,1,1,1,1,1,1,1,1,1,1,0.999999999999999,1,1,1,1,1,0.999999999999998,1,0.999999999999998,1,1,0.999999999999999,0.999991484129571,0.999978946134558,0.999971770487825,0.999966326353433,0.999961858724421,0.999958048981427,0.999954725788412,0.99995178388469,0.99994915281501,0.999946782494107,0.99994463568739,0.999942683737866,0.999940903971978,0.99993927804053,0.999937790812077,0.999936429608599,0.999935183661941,0.999934043717445,0.999933001738604,0.999932050682826,0.999931184328299,0.999930397138365,0.999929684153838,0.999929040906513,0.999928463348923,0.999927947796769,0.99992749088127,0.999927089509441,0.999926740830707,0.999926442208661,0.999926191197007,0.999925985518952,0.999925823049462,0.999925701799881,0.999925619904563,0.99992557560917,0.999925567260413,0.999925593296996,0.999925652241597,0.999925742693772,0.999925863323581,0.999926012865938,0.999926190115495,0.999926393922067,0.999926623186487,0.999926876856846,0.999927153925085,0.999927453423885,0.999927774423822,0.999928116030755,0.999928477383436,0.999928857651288,0.999929256032353,0.99992967175139,0.999930104058084,0.999930552225395,0.99993101554796,0.999931493340641,0.999931984937069,0.999932489688337,0.999933006961645,0.999933536139077,0.999934076616331,0.999934627801507,0.999935189113888,0.999935759982706,0.999936339845896,0.99993692814881,0.999937524342872,0.99993812788417,0.999938738231956,0.999939354847008,0.999939977189874,0.999940604718897,0.999941236888046,0.999941873144435,0.999942512925525,0.999943155655878,0.999943800743406,0.999944447574977,0.999945095511195,0.999945743880201,0.99994639197022,0.999947039020496,0.999947684210229,0.999948326644915,0.999948965339328,0.999949599196129,0.999950226978685,0.999950847276187,0.999951458458324,0.999952058615706,0.999952645480419,0.999953216318547,0.999953767782369,0.999954295703328,0.999954794796157,0.999955258226141,0.999955676959582,0.999956038759214,0.999956326575612,0.999956515864255,0.999956569887415,0.999956430985778,0.999956003123724,0.999955113531622,0.999953417116016,0.999950111937169,0.999942824247022,0.999920341869047,0.999598987462689,0.999999806527337,0.999991025111451,0.999985202775435,0.999982324650983,0.999980793483187,0.999979968323738,0.999979555051786,0.999979401309739,0.999979420585815,0.99997956017898,0.999979786160473,0.999980075691447,0.999980412822666,0.999980786066886,0.999981186929363,0.999981608982986,0.999982047266421,0.999982497880939,0.999982957713485,0.999983424242141,0.999983895396766,0.999984369457376,0.999984844978853,0.999985320734364,0.999985795672265,0.999986268882909,0.999986739572763,0.999987207044066,0.999987670678642,0.999988129924956,0.999988584287645,0.999989033319003,0.999989476612008,0.999989913794561,0.999990344524712,0.999990768486683,0.999991185387507,0.99999159495422,0.999991996931454,0.999992391079412,0.999992777172112,0.999993154995905,0.99999352434816,0.999993885036165,0.999994236876144,0.999994579692408,0.999994913316623,0.999995237587142,0.999995552348442,0.999995857450611,0.999996152748901,0.999996438103328,0.999996713378308,0.999996978442352,0.999997233167769,0.99999747743042,0.999997711109471,0.999997934087207,0.999998146248823,0.999998347482263,0.999998537678064,0.999998716729219,0.999998884531032,0.999999040981018,0.999999185978786,0.999999319425939,0.999999441225986,0.999999551284255,0.999999649507814,0.999999735805405,0.99999981008737,0.999999872265594,0.999999922253443,0.999999959965713,0.999999985318581,0.999999998229557,0.999999998617435,0.999999986402262,0.999999961505286,0.999999923848935,0.999999873356772,0.999999809953462,0.999999733564751,0.999999644117427,0.999999541539298,0.999999425759161,0.999999296706791,0.999999154312896,0.999998998509114,0.999998829227981,0.999998646402915,0.999998449968197,0.999998239858947,0.999998016011114,0.999997778361452,0.999997526847512,0.999997261407621,0.999996981980856,0.999996688507059,0.999996380926793,0.999996059181343,0.999995723212702,0.999995372963562,0.99999500837729,0.999994629397924,0.999994235970169,0.999993828039372,0.999993405551521,0.999992968453231,0.999992516691739,0.999992050214881,0.999991568971105,0.999991072909437,0.999990561979494,0.999990036131463,0.999989495316091,0.999988939484689,0.999988368589111,0.999987782581754,0.999987181415549,0.999986565043953,0.999985933420942,0.999985286501,0.999984624239126,0.999983946590809,0.99998325351203,0.999982544959263,0.999981820889456,0.999981081260033,0.999980326028886,0.999979555154366,0.999978768595282,0.999977966310899,0.999977148260916,0.999976314405483,0.999975464705175,0.999974599121004,0.999973717614404,0.999972820147229,0.999971906681746,0.999970977180634,0.999970031606976,0.999969069924258,0.999968092096358,0.99996709808755,0.999966087862494,0.99996506138623,0.999964018624185,0.999962959542154,0.999961884106302,0.999960792283165,0.999959684039644,0.99995855934299,0.999957418160821,0.999956260461096
0.999999999999999,0.999999999999999,1,1,1,1,0.999999999999999,1,0.999999999999999,1,1,1,0.999999999999999,1,0.999999999999999,1,0.999999999999999,1,0.999999999999999,1,1,0.999999999999999,1,1,1,0.999999999999999,1,1,1,0.999999999999999,1,1,1,1,0.999999999999998,1,1,1,1,1,0.999999999999999,0.999999999999999,1,0.999999999999999,0.999999999999999,1,0.999999999999999,1,1,1,1,1,0.999999999999999,0.999983191809197,0.999974225912565,0.999967929642298,0.99996291075812,0.999958695157918,0.999955051056885,0.999951843786923,0.999948986492997,0.999946419053029,0.999944097659516,0.999941989122942,0.999940067514327,0.999938312067974,0.999936705809141,0.999935234621206,0.999933886591178,0.999932651537865,0.99993152066388,0.999930486293685,0.999929541672921,0.999928680812297,0.999927898364395,0.999927189525277,0.999926549954994,0.9999259757127,0.999925463203213,0.999925009132618,0.999924610471083,0.999924264421528,0.999923968392995,0.999923719977925,0.999923516932621,0.999923357160381,0.999923238696858,0.999923159697278,0.999923118425258,0.999923113242951,0.999923142602366,0.999923205037642,0.999923299158189,0.999923423642576,0.999923577233022,0.999923758730483,0.99992396699019,0.999924200917639,0.999924459464935,0.999924741627487,0.999925046440973,0.999925372978573,0.999925720348439,0.999926087691348,0.999926474178542,0.99992687900975,0.999927301411312,0.999927740634451,0.999928195953668,0.999928666665211,0.999929152085624,0.999929651550407,0.999930164412708,0.999930690042066,0.999931227823216,0.999931777154921,0.999932337448813,0.999932908128272,0.999933488627281,0.999934078389303,0.99993467686611,0.999935283516602,0.999935897805558,0.999936519202348,0.999937147179541,0.999937781211414,0.999938420772348,0.999939065335032,0.999939714368493,0.999940367335889,0.99994102369197,0.999941682880236,0.999942344329596,0.999943007450514,0.999943671630477,0.999944336228635,0.999945000569399,0.999945663934751,0.999946325554905,0.999946984596923,0.999947640150637,0.999948291211158,0.999948936656925,0.999949575221854,0.999950205459648,0.99995082569756,0.999951433975732,0.999952027966558,0.999952604865912,0.999953161244104,0.999953692837924,0.999954194254738,0.999954658541909,0.99995507654421,0.999955435916587,0.999955719555613,0.999955903007469,0.999955949979264,0.999955804113263,0.999955372818975,0.999954492534699,0.999952844777608,0.999949717228169,0.999943133514169,0.999924970633354,0.999795762694606,0.999983690820621,0.999994253209996,0.999987174688872,0.999983622989289,0.99998172067392,0.99998066917433,0.999980106762171,0.99997984901511,0.999979792627422,0.999979875366156,0.999980057533873,0.999980312614892,0.999980622214741,0.99998097316147,0.999981355764493,0.999981762725993,0.999982188436599,0.999982628505988,0.999983079441884,0.999983538425512,0.999984003151261,0.999984471710181,0.999984942503916,0.999985414180176,0.999985885583743,0.999986355718779,0.999986823719546,0.99998728882738,0.999987750372457,0.999988207759199,0.9999886604545,0.999989107978177,0.999989549895137,0.999989985808936,0.99999041535644,0.999990838203368,0.999991254040566,0.999991662580856,0.99999206355637,0.999992456716293,0.99999284182492,0.999993218659989,0.999993587011259,0.999993946679258,0.999994297474221,0.999994639215139,0.999994971728948,0.999995294849803,0.999995608418451,0.999995912281668,0.99999620629176,0.99999649030614,0.999996764186917,0.999997027800556,0.999997281017574,0.999997523712237,0.999997755762333,0.999997977048924,0.999998187456159,0.999998386871072,0.999998575183417,0.999998752285526,0.99999891807215,0.999999072440345,0.999999215289353,0.999999346520483,0.999999466037031,0.999999573744172,0.999999669548888,0.999999753359881,0.999999825087514,0.999999884643722,0.999999931941981,0.999999966897225,0.999999989425802,0.999999999445426,0.999999996875126,0.999999981635207,0.9999999536472,0.999999912833837,0.999999859118999,0.999999792427696,0.999999712686029,0.999999619821151,0.99999951376126,0.999999394435547,0.999999261774184,0.9999991157083,0.999998956169953,0.999998783092109,0.999998596408621,0.999998396054207,0.999998181964441,0.999997954075717,0.999997712325249,0.999997456651039,0.999997186991874,0.999996903287299,0.999996605477612,0.999996293503844,0.999995967307743,0.999995626831774,0.999995272019084,0.99999490281351,0.999994519159558,0.999994121002398,0.999993708287832,0.999993280962319,0.999992838972932,0.999992382267361,0.999991910793909,0.999991424501472,0.999990923339535,0.999990407258163,0.99998987620799,0.999989330140215,0.99998876900659,0.99998819275941,0.999987601351512,0.999986994736265,0.999986372867557,0.999985735699793,0.99998508318789,0.999984415287266,0.999983731953833,0.999983033143997,0.999982318814639,0.999981588923127,0.999980843427288,0.999980082285423,0.999979305456289,0.999978512899093,0.999977704573494,0.999976880439588,0.999976040457914,0.99997518458944,0.999974312795554,0.999973425038077,0.999972521279237,0.999971601481679,0.999970665608452,0.999969713623008,0.999968745489195,0.999967761171259,0.999966760633829,0.99996574384192,0.999964710760932,0.999963661356634,0.999962595595167,0.999961513443049,0.999960414867151,0.999959299834708,0.999958168313312,0.999957020270909,0.999955855675784
1,1,1,1,1,1,1,0.999999999999999,1,1,1,1,1,0.999999999999999,1,1,1,1,1,1,1,1,1,1,1,1,1,1,1,0.999999999999999,1,1,0.999999999999999,1,1,1,0.999999999999999,1,1,1,0.999999999999999,1,1,1,0.999999999999999,1,1,1,1,1,0.999990099290848,0.999977424704999,0.999969955254088,0.99996425567542,0.999959564274756,0.999955555149582,0.999952051874534,0.999948945632943,0.999946163400758,0.999943653173527,0.999941376240149,0.999939302779202,0.999937409179349,0.999935676322605,0.999934088437561,0.999932632306381,0.99993129670031,0.999930071967662,0.99992894972663,0.999927922631889,0.999926984194326,0.999926128639718,0.999925350796523,0.999924646005696,0.999924010047452,0.999923439081187,0.999922929595786,0.99992247836815,0.999922082428368,0.999921739030228,0.999921445626102,0.999921199845432,0.999920999476203,0.999920842448892,0.999920726822499,0.999920650772341,0.999920612579329,0.999920610620531,0.999920643360802,0.999920709345363,0.999920807193178,0.999920935591039,0.999921093288263,0.999921279091902,0.999921491862433,0.999921730509871,0.999921993990203,0.99992228130217,0.99992259148433,0.999922923612357,0.99992327679656,0.99992365017962,0.999924042934471,0.999924454262375,0.999924883391087,0.999925329573197,0.999925792084535,0.999926270222706,0.999926763305687,0.999927270670519,0.999927791672046,0.999928325681722,0.999928872086454,0.999929430287495,0.999929999699358,0.999930579748744,0.999931169873503,0.999931769521573,0.999932378149932,0.999932995223517,0.999933620214119,0.999934252599246,0.999934891860914,0.999935537484379,0.999936188956758,0.999936845765568,0.999937507397088,0.999938173334577,0.999938843056273,0.99993951603313,0.999940191726262,0.999940869584004,0.999941549038495,0.999942229501726,0.999942910360877,0.999943590972791,0.999944270657398,0.999944948689785,0.999945624290617,0.999946296614392,0.999946964735018,0.999947627627869,0.999948284147285,0.999948932998116,0.999949572699289,0.999950201536752,0.999950817501835,0.999951418209579,0.999952000788913,0.99995256173263,0.999953096688903,0.999953600165914,0.999954065104105,0.999954482241404,0.999954839144229,0.999955118679513,0.999955296512001,0.999955336816277,0.999955184520675,0.999954750310008,0.9999538790771,0.999952275827521,0.999949303265223,0.999943290697216,0.999928106120214,0.99985359420598,0.999787620451293,0.999997566560411,0.999989423717819,0.999985094120585,0.999982762291887,0.999981451833489,0.999980720537323,0.999980345944629,0.999980205042566,0.999980224535007,0.999980358094506,0.999980575015307,0.999980854136725,0.999981180392961,0.999981542756501,0.999981932960738,0.999982344678279,0.999982772976126,0.999983213944765,0.999983664439711,0.999984121897679,0.999984584203406,0.999985049591555,0.999985516573391,0.999985983881209,0.999986450425714,0.999986915262946,0.999987377568355,0.999987836616281,0.999988291763561,0.999988742436356,0.999989188119429,0.999989628347406,0.999990062697587,0.999990490783988,0.999990912252378,0.999991326776135,0.999991734052746,0.99999213380085,0.99999252575773,0.999992909677158,0.999993285327569,0.999993652490463,0.99999401095905,0.999994360537048,0.999994701037662,0.999995032282676,0.999995354101655,0.999995666331263,0.999995968814637,0.999996261400846,0.999996543944419,0.999996816304902,0.999997078346489,0.999997329937678,0.999997570950947,0.999997801262512,0.999998020752051,0.999998229302491,0.999998426799808,0.999998613132834,0.999998788193107,0.999998951874696,0.999999104074086,0.999999244690034,0.999999373623459,0.999999490777344,0.99999959605662,0.999999689368087,0.999999770620331,0.99999983972365,0.99999989658997,0.999999941132793,0.999999973267123,0.99999999290942,0.999999999977542,0.999999994390691,0.999999976069375,0.999999944935355,0.999999900911614,0.99999984392231,0.999999773892746,0.999999690749328,0.999999594419547,0.999999484831935,0.999999361916039,0.999999225602402,0.999999075822526,0.99999891250886,0.99999873559476,0.999998545014489,0.999998340703176,0.999998122596805,0.999997890632197,0.999997644746987,0.999997384879613,0.999997110969289,0.999996822956002,0.999996520780488,0.999996204384216,0.999995873709383,0.999995528698888,0.999995169296332,0.999994795445993,0.999994407092824,0.999994004182428,0.999993586661069,0.99999315447564,0.999992707573658,0.999992245903258,0.999991769413181,0.99999127805276,0.999990771771926,0.999990250521173,0.999989714251572,0.999989162914754,0.999988596462898,0.999988014848733,0.999987418025519,0.999986805947047,0.999986178567626,0.999985535842079,0.999984877725744,0.999984204174446,0.999983515144511,0.99998281059275,0.999982090476454,0.999981354753387,0.999980603381782,0.999979836320331,0.999979053528187,0.999978254964947,0.999977440590657,0.999976610365801,0.999975764251296,0.999974902208488,0.999974024199148,0.999973130185465,0.999972220130037,0.999971293995878,0.999970351746396,0.999969393345408,0.999968418757124,0.999967427946136,0.999966420877431,0.999965397516372,0.999964357828704,0.999963301780541,0.999962229338367,0.99996114046903,0.999960035139744,0.99995891331807,0.999957774971932,0.999956620069598,0.999955448579684
1,1,0.999999999999999,1,1,1,0.999999999999998,0.999999999999999,1,1,1,1,1,0.999999999999999,1,0.999999999999999,1,1,1,1,1,0.999999999999999,1,1,1,0.999999999999999,1,1,1,0.999999999999999,1,0.999999999999999,1,0.999999999999999,0.999999999999999,1,1,1,0.999999999999999,1,1,1,1,0.999999999999999,0.999999999999999,1,1,1,0.99998180356427,0.999972528088547,0.999965952740281,0.999960691546047,0.999956261843677,0.999952425572441,0.999949043746162,0.999946026451508,0.999943311321143,0.999940852845412,0.999938616508759,0.99993657532522,0.999934707670124,0.999932995859024,0.999931425180542,0.999929983217034,0.99992865935451,0.999927444420802,0.999926330413095,0.999925310289069,0.99992437780432,0.999923527384049,0.999922754020509,0.999922053190145,0.999921420785946,0.999920853061707,0.999920346585713,0.999919898201957,0.99991950499743,0.999919164274347,0.999918873526424,0.999918630418486,0.999918432768873,0.999918278534139,0.999918165795733,0.999918092748311,0.999918057689471,0.999918059010673,0.999918095189191,0.999918164780965,0.999918266414213,0.999918398783704,0.999918560645617,0.999918750812927,0.999918968151197,0.999919211574809,0.999919480043499,0.999919772559237,0.99992008816334,0.999920425933859,0.999920784983159,0.99992116445571,0.999921563526016,0.999921981396738,0.999922417296915,0.999922870480324,0.999923340223965,0.999923825826584,0.999924326607366,0.999924841904618,0.99992537107458,0.999925913490268,0.999926468540351,0.999927035628109,0.999927614170382,0.999928203596582,0.999928803347677,0.999929412875249,0.999930031640487,0.999930659113226,0.999931294770927,0.999931938097674,0.999932588583104,0.999933245721286,0.99993390900956,0.999934577947274,0.999935252034424,0.99993593077018,0.999936613651252,0.999937300170083,0.999937989812822,0.999938682057016,0.999939376369011,0.999940072200917,0.999940768987142,0.999941466140308,0.999942163046467,0.99994285905943,0.999943553493997,0.999944245617823,0.999944934641563,0.999945619706853,0.999946299871492,0.999946974091101,0.99994764119612,0.999948299862773,0.999948948575968,0.999949585581488,0.999950208823504,0.999950815862022,0.999951403762167,0.999951968943492,0.999952506971303,0.999953012262275,0.999953477660146,0.999953893809454,0.999954248205475,0.999954523706938,0.999954696120688,0.999954730105515,0.999954571854712,0.9999541351649,0.999953272708354,0.999951710333226,0.999948874193222,0.999943333620069,0.99993031034866,0.999879963718188,0.831243541428619,0.999999897245537,0.999991947850036,0.999986752972754,0.999983928003443,0.99998232229809,0.999981400252073,0.999980894715068,0.999980659665606,0.999980609010439,0.999980688822061,0.999980863630457,0.999981109151941,0.999981408195865,0.999981748242806,0.99998211995018,0.999982516196469,0.999982931450686,0.99998336134504,0.999983802378356,0.999984251705879,0.999984706987502,0.999985166276286,0.999985627935359,0.999986090575109,0.999986553005085,0.999987014196777,0.999987473254494,0.999987929392335,0.999988381915865,0.999988830207348,0.999989273713818,0.999989711937321,0.999990144426904,0.999990570772005,0.999990990596939,0.99999140355629,0.999991809331049,0.999992207625335,0.999992598163607,0.999992980688313,0.999993354957847,0.999993720744808,0.999994077834491,0.999994426023572,0.999994765118991,0.999995094936941,0.999995415302002,0.999995726046392,0.999996027009275,0.999996318036183,0.99999659897848,0.999996869692895,0.999997130041107,0.999997379889371,0.999997619108191,0.999997847572005,0.999998065158933,0.999998271750522,0.999998467231532,0.999998651489732,0.999998824415727,0.999998985902787,0.999999135846699,0.999999274145631,0.999999400700006,0.999999515412385,0.999999618187368,0.999999708931493,0.999999787553143,0.999999853962467,0.999999908071309,0.99999994979312,0.99999997904292,0.999999995737209,0.999999999793926,0.999999991132392,0.999999969673258,0.999999935338466,0.999999888051198,0.999999827735839,0.999999754317938,0.999999667724168,0.999999567882308,0.999999454721185,0.999999328170665,0.999999188161624,0.9999990346259,0.999998867496294,0.999998686706533,0.999998492191242,0.999998283885932,0.999998061726976,0.999997825651585,0.999997575597792,0.99999731150444,0.999997033311155,0.99999674095833,0.999996434387116,0.999996113539403,0.999995778357806,0.999995428785645,0.999995064766943,0.999994686246407,0.999994293169411,0.99999388548199,0.999993463130829,0.999993026063244,0.999992574227184,0.999992107571205,0.999991626044474,0.99999112959675,0.999990618178379,0.999990091740279,0.999989550233947,0.999988993611423,0.99998842182531,0.999987834828745,0.999987232575406,0.999986615019489,0.999985982115718,0.999985333819322,0.999984670086035,0.999983990872091,0.999983296134214,0.999982585829612,0.999981859915969,0.999981118351444,0.999980361094653,0.999979588104682,0.999978799341066,0.999977994763781,0.999977174333253,0.999976338010343,0.999975485756339,0.999974617532962,0.999973733302345,0.999972833027042,0.999971916670016,0.99997098419464,0.99997003556468,0.999969070744303,0.999968089698072,0.999967092390927,0.9999660787882,0.999965048855597,0.999964002559201,0.999962939865465,0.999961860741206,0.999960765153603,0.999959653070197,0.999958524458881,0.999957379287896,0.999956217525835,0.999955039141628
1,0.999999999999999,0.999999999999999,1,1,1,0.999999999999999,1,1,0.999999999999999,1,1,1,0.999999999999999,1,0.999999999999999,1,1,0.999999999999999,0.999999999999999,0.999999999999999,1,1,1,1,1,1,0.999999999999999,1,1,1,1,0.999999999999999,1,1,1,1,1,1,1,1,1,0.999999999999999,1,1,0.999988739791814,0.999975860236316,0.999968085678989,0.999962122366815,0.99995720015468,0.999952985385763,0.999949296329476,0.999946020488102,0.999943082186857,0.999940427444225,0.999938016029634,0.999935816924118,0.999933805552364,0.999931962006367,0.999930269857259,0.999928715332759,0.999927286731088,0.999925973992899,0.99992476838187,0.999923662241915,0.999922648809525,0.999921722066654,0.999920876623815,0.999920107626116,0.99991941067693,0.999918781775255,0.999918217263914,0.999917713786295,0.999917268250014,0.999916877796167,0.999916539773125,0.999916251714084,0.999916011317732,0.999915816431505,0.999915665037013,0.999915555237295,0.999915485245643,0.999915453375742,0.999915458032959,0.99991549770658,0.999915570962923,0.999915676439159,0.999915812837794,0.99991597892167,0.999916173509495,0.999916395471767,0.999916643727095,0.999916917238853,0.99991721501211,0.999917536090844,0.999917879555384,0.999918244520055,0.999918630131,0.999919035564192,0.999919460023572,0.999919902739335,0.999920362966322,0.999920839982518,0.999921333087662,0.999921841601926,0.999922364864672,0.999922902233274,0.999923453082002,0.999924016800958,0.99992459279505,0.999925180483002,0.999925779296401,0.999926388678755,0.999927008084583,0.999927636978495,0.999928274834283,0.999928921134019,0.999929575367111,0.999930237029354,0.999930905621951,0.999931580650479,0.999932261623795,0.999932948052889,0.999933639449637,0.999934335325433,0.999935035189726,0.999935738548354,0.999936444901734,0.999937153742779,0.999937864554569,0.999938576807681,0.999939289957085,0.9999400034386,0.999940716664694,0.999941429019588,0.999942139853423,0.999942848475323,0.999943554145049,0.999944256062894,0.999944953357376,0.999945645070089,0.999946330136951,0.999947007364746,0.999947675401561,0.99994833269908,0.999948977464069,0.999949607595192,0.999950220599667,0.999950813481879,0.999951382592226,0.99995192341861,0.999952430293407,0.999952895973154,0.999953311021335,0.999953662877755,0.9999539344118,0.99995410159223,0.999954129573914,0.99995396578987,0.999953526992176,0.999952673026444,0.999951148325932,0.999948433197035,0.999943288778686,0.999931896178609,0.999894686884668,0.999032513297721,0.999997184136631,0.999994687928018,0.99998861096971,0.99998522748468,0.9999832868198,0.999982149977511,0.999981498074493,0.999981158417556,0.999981030175303,0.999981050735752,0.99998117922558,0.999981387843166,0.999981657018665,0.999981972570984,0.999982323964741,0.999982703201698,0.99998310409309,0.99998352176867,0.99998395233732,0.999984392647374,0.999984840114112,0.999985292593447,0.999985748287985,0.999986205676215,0.999986663458414,0.999987120514857,0.999987575873176,0.999988028682632,0.999988478193623,0.999988923741242,0.99998936473199,0.999989800632925,0.999990230962778,0.99999065528461,0.999991073199715,0.999991484342523,0.999991888376316,0.99999228498963,0.999992673893169,0.99999305481721,0.999993427509361,0.999993791732647,0.999994147263845,0.999994493892048,0.999994831417439,0.999995159650169,0.999995478409435,0.999995787522634,0.999996086824622,0.99999637615708,0.999996655367922,0.999996924310802,0.99999718284464,0.999997430833233,0.999997668144887,0.999997894652084,0.999998110231202,0.999998314762243,0.999998508128593,0.99999869021682,0.999998860916457,0.999999020119845,0.999999167721956,0.999999303620257,0.999999427714565,0.999999539906934,0.999999640101531,0.999999728204535,0.999999804124048,0.999999867769997,0.999999919054056,0.999999957889575,0.9999999841915,0.999999997876318,0.999999998861984,0.999999987067879,0.999999962414751,0.999999924824656,0.999999874220934,0.999999810528143,0.999999733672034,0.999999643579508,0.999999540178575,0.999999423398333,0.999999293168921,0.9999991494215,0.999998992088229,0.999998821102214,0.999998636397515,0.999998437909096,0.99999822557282,0.999997999325411,0.99999775910445,0.999997504848338,0.999997236496294,0.999996953988326,0.999996657265215,0.999996346268507,0.99999602094048,0.999995681224152,0.999995327063237,0.999994958402168,0.99999457518605,0.999994177360664,0.999993764872455,0.99999333766851,0.999992895696557,0.999992438904952,0.99999196724266,0.999991480659256,0.999990979104907,0.999990462530363,0.999989930886954,0.999989384126578,0.999988822201677,0.999988245065259,0.999987652670865,0.999987044972567,0.999986421924964,0.999985783483172,0.999985129602819,0.99998446024003,0.999983775351428,0.999983074894127,0.999982358825719,0.999981627104275,0.999980879688329,0.999980116536888,0.999979337609406,0.999978542865791,0.999977732266401,0.999976905772022,0.999976063343887,0.999975204943647,0.999974330533387,0.999973440075598,0.999972533533191,0.999971610869483,0.999970672048198,0.999969717033452,0.999968745789759,0.999967758282023,0.99996675447553,0.999965734335946,0.999964697829317,0.999963644922054,0.999962575580942,0.999961489773131,0.999960387466119,0.999959268627772,0.999958133226302,0.999956981230271,0.99995581260858,0.999954627330481
1,1,1,1,1,0.999999999999999,1,0.999999999999999,1,0.999999999999999,0.999999999999999,1,1,1,1,1,1,1,1,1,1,0.999999999999998,0.999999999999999,0.999999999999999,0.999999999999999,1,1,0.999999999999999,1,0.999999999999999,1,1,1,1,0.999999999999998,0.999999999999999,1,1,1,1,1,1,0.999999999999999,0.99998038313158,0.999970781470036,0.999963917540916,0.999958406348871,0.999953755841666,0.99994972136779,0.999946159456691,0.999942977033461,0.999940109415102,0.999937509338812,0.999935140924453,0.999932976099028,0.999930992354828,0.999929171278074,0.999927497546334,0.999925958223623,0.999924542251451,0.999923240072827,0.999922043348924,0.999920944741809,0.999919937745218,0.999919016550973,0.999918175942154,0.999917411206795,0.999916718067363,0.99991609262268,0.999915531299638,0.999915030812749,0.999914588130053,0.999914200444132,0.999913865147389,0.999913579810764,0.999913342165371,0.999913150086568,0.999913001580037,0.999912894769602,0.999912827886517,0.999912799260006,0.999912807308862,0.99991285053399,0.999912927511764,0.999913036888034,0.999913177372799,0.999913347735368,0.999913546800013,0.999913773442013,0.999914026584084,0.999914305193105,0.99991460827715,0.999914934882759,0.999915284092441,0.999915655022379,0.999916046820307,0.999916458663565,0.999916889757278,0.999917339332678,0.999917806645535,0.999918290974709,0.999918791620763,0.999919307904693,0.999919839166712,0.999920384765111,0.999920944075169,0.999921516488125,0.999922101410188,0.999922698261591,0.999923306475664,0.999923925497952,0.999924554785349,0.999925193805221,0.999925842034576,0.999926498959211,0.999927164072852,0.999927836876297,0.999928516876528,0.999929203585781,0.999929896520613,0.999930595200878,0.999931299148663,0.999932007887145,0.999932720939338,0.999933437826752,0.999934158067886,0.999934881176572,0.99993560666011,0.99993633401719,0.999937062735472,0.999937792288884,0.999938522134453,0.999939251708649,0.99993998042311,0.999940707659603,0.999941432764053,0.999942155039441,0.999942873737245,0.99994358804712,0.999944297084282,0.999944999874075,0.999945695332821,0.999946382243946,0.999947059227921,0.999947724704008,0.999948376841141,0.999949013494086,0.999949632119488,0.999950229663935,0.999950802412608,0.999951345781155,0.999951854024453,0.999952319820641,0.999952733663481,0.99995308295144,0.999953350581155,0.999953512699879,0.999953534966431,0.999953366025373,0.999952925435455,0.999952079670276,0.999950589809888,0.999947982757966,0.99994317527161,0.999933051269004,0.999903914018031,0.999643386132841,0.999970895050013,0.99999743696656,0.999990670251062,0.999986669599382,0.999984351720859,0.999982973924155,0.999982158879598,0.999981703294851,0.999981489463822,0.999981444889928,0.999981522590212,0.99998169081017,0.999981927321832,0.999982216097148,0.999982545280938,0.999982905908833,0.999983291069828,0.999983695343754,0.999984114413926,0.999984544794608,0.999984983635431,0.999985428578637,0.99998587765319,0.999986329195139,0.999986781786932,0.999987234210597,0.999987685411305,0.999988134468632,0.999988580573755,0.999989023011169,0.999989461143913,0.999989894401561,0.999990322270373,0.999990744285173,0.999991160022615,0.999991569095549,0.999991971148315,0.999992365852765,0.999992752904871,0.999993132021881,0.99999350293985,0.999993865411534,0.999994219204575,0.999994564099934,0.999994899890514,0.999995226379991,0.999995543381748,0.999995850717986,0.999996148218918,0.999996435722047,0.999996713071557,0.99999698011775,0.999997236716548,0.999997482729061,0.999997718021185,0.999997942463257,0.999998155929728,0.999998358298889,0.999998549452597,0.999998729276064,0.999998897657626,0.999999054488557,0.9999991996629,0.999999333077307,0.999999454630883,0.99999956422507,0.999999661763509,0.99999974715194,0.999999820298092,0.999999881111592,0.999999929503875,0.999999965388103,0.999999988679093,0.999999999293251,0.999999997148486,0.999999982164183,0.999999954261126,0.999999913361441,0.999999859388565,0.999999792267188,0.999999711923218,0.999999618283727,0.999999511276931,0.999999390832145,0.999999256879748,0.999999109351156,0.99999894817879,0.999998773296054,0.999998584637289,0.999998382137778,0.999998165733694,0.999997935362093,0.999997690960891,0.999997432468831,0.999997159825486,0.999996872971215,0.999996571847167,0.999996256395248,0.999995926558116,0.999995582279156,0.999995223502474,0.999994850172868,0.999994462235836,0.999994059637547,0.999993642324827,0.99999321024516,0.99999276334666,0.999992301578072,0.999991824888759,0.999991333228681,0.999990826548399,0.99999030479906,0.999989767932377,0.999989215900642,0.999988648656691,0.999988066153918,0.99998746834625,0.999986855188148,0.999986226634597,0.999985582641097,0.999984923163655,0.99998424815878,0.999983557583478,0.999982851395233,0.999982129552015,0.999981392012272,0.99998063873491,0.999979869679298,0.999979084805264,0.999978284073083,0.999977467443463,0.999976634877568,0.99997578633698,0.99997492178371,0.999974041180188,0.999973144489265,0.9999722316742,0.999971302698655,0.999970357526696,0.999969396122788,0.999968418451775,0.999967424478902,0.999966414169789,0.999965387490433,0.999964344407211,0.999963284886861,0.999962208896489,0.999961116403568,0.999960007375917,0.999958881781718,0.999957739589497,0.999956580768126,0.99995540528682,0.999954213115131
1,0.999999999999999,1,1,1,0.999999999999999,1,1,1,0.999999999999999,1,1,1,0.999999999999999,1,1,1,0.999999999999999,1,1,1,1,0.999999999999999,0.999999999999999,0.999999999999999,1,1,1,1,0.999999999999999,1,0.999999999999999,1,1,1,1,0.999999999999998,0.999999999999999,1,1,0.999987392236269,0.99997425397769,0.999966162721148,0.999959927121909,0.999954766856952,0.999950340022754,0.999946459353781,0.999943008537931,0.99993990916257,0.999937105207857,0.999934554878429,0.999932225923022,0.999930092774903,0.999928134713904,0.999926334635483,0.999924678197702,0.999923153212904,0.999921749203062,0.999920457067834,0.999919268832061,0.99991817745057,0.99991717665504,0.999916260832289,0.999915424926439,0.999914664359388,0.999913974965551,0.999913352937869,0.999912794782737,0.999912297282114,0.999911857461467,0.999911472562444,0.999911140019481,0.999910857439624,0.999910622585081,0.999910433358008,0.999910287787243,0.999910184016627,0.999910120294738,0.999910094965795,0.999910106461583,0.999910153294255,0.999910234049913,0.999910347382828,0.999910492010267,0.999910666707812,0.99991087030513,0.999911101682149,0.999911359765557,0.999911643525633,0.999911951973355,0.999912284157725,0.999912639163355,0.999913016108194,0.999913414141483,0.999913832441837,0.99991427021547,0.999914726694555,0.999915201135695,0.999915692818486,0.999916201044194,0.999916725134489,0.999917264430269,0.99991781829055,0.999918386091403,0.999918967224968,0.999919561098473,0.999920167133336,0.999920784764279,0.999921413438467,0.999922052614689,0.999922701762532,0.999923360361595,0.999924027900687,0.999924703877035,0.999925387795494,0.999926079167728,0.999926777511398,0.999927482349295,0.999928193208456,0.999928909619229,0.999929631114296,0.999930357227595,0.999931087493192,0.999931821444037,0.999932558610592,0.999933298519336,0.99993404069108,0.999934784639066,0.999935529866848,0.999936275865851,0.999937022112575,0.999937768065379,0.999938513160729,0.99993925680883,0.999939998388457,0.999940737240855,0.999941472662461,0.999942203896156,0.999942930120721,0.999943650437965,0.999944363856975,0.99994506927464,0.999945765451359,0.999946450980542,0.999947124249857,0.999947783391568,0.999948426218153,0.999949050137823,0.999949652042238,0.999950228155088,0.999950773824694,0.999951283234788,0.999951748993324,0.999952161534721,0.999952508228843,0.999952772014159,0.99995292923025,0.999952946044409,0.999952772282541,0.999952330168992,0.999951492313605,0.999950034769271,0.999947524832595,0.999943007201982,0.999933894859282,0.999910137358588,0.999775852772738,0.999787371433961,0.999999594817199,0.999992911697445,0.999988260869746,0.999985523068486,0.99998387634477,0.999982880058273,0.999982296351701,0.999981988351786,0.999981872367919,0.999981894533937,0.999982018666567,0.999982219575412,0.999982479183986,0.999982784179765,0.999983124535735,0.999983492549324,0.999983882199544,0.999984288706097,0.999984708220213,0.999985137603522,0.999985574267101,0.999986016052389,0.999986461141868,0.999986907991139,0.999987355276624,0.999987801854939,0.999988246730922,0.999988689032283,0.999989127989335,0.999989562918621,0.999989993209628,0.999990418313911,0.999990837736125,0.999991251026601,0.99999165777515,0.999992057605881,0.999992450172827,0.999992835156236,0.999993212259437,0.999993581206134,0.99999394173811,0.999994293613243,0.999994636603778,0.999994970494841,0.999995295083148,0.999995610175855,0.999995915589587,0.999996211149543,0.999996496688749,0.999996772047345,0.999997037072021,0.99999729161545,0.999997535535821,0.999997768696416,0.99999799096522,0.99999820221458,0.999998402320901,0.999998591164359,0.999998768628655,0.999998934600791,0.999999088970851,0.999999231631824,0.999999362479429,0.999999481411961,0.999999588330141,0.999999683136998,0.999999765737734,0.999999836039626,0.99999989395192,0.999999939385734,0.999999972253976,0.999999992471267,0.999999999953854,0.999999994619557,0.999999976387695,0.999999945179031,0.999999900915713,0.999999843521227,0.999999772920341,0.999999689039071,0.999999591804627,0.999999481145381,0.999999356990824,0.999999219271539,0.999999067919157,0.999998902866335,0.999998724046721,0.999998531394926,0.999998324846503,0.999998104337914,0.999997869806517,0.999997621190528,0.999997358429014,0.999997081461865,0.999996790229779,0.999996484674238,0.999996164737494,0.999995830362551,0.999995481493149,0.999995118073746,0.99999474004951,0.9999943473663,0.999993939970649,0.999993517809753,0.999993080831469,0.999992628984284,0.999992162217314,0.999991680480299,0.999991183723576,0.999990671898081,0.999990144955334,0.999989602847435,0.99998904552704,0.999988472947369,0.999987885062189,0.999987281825802,0.999986663193044,0.999986029119271,0.999985379560359,0.999984714472683,0.999984033813122,0.999983337539049,0.999982625608317,0.999981897979261,0.999981154610688,0.999980395461869,0.999979620492535,0.999978829662869,0.999978022933498,0.999977200265492,0.999976361620363,0.999975506960039,0.999974636246881,0.999973749443673,0.999972846513595,0.999971927420259,0.999970992127658,0.999970040600201,0.999969072802678,0.999968088700276,0.999967088258563,0.999966071443487,0.999965038221376,0.99996398855892,0.999962922423183,0.999961839781589,0.999960740601922,0.999959624852323,0.999958492501278,0.999957343517622,0.999956177870537,0.999954995529539,0.999953796464482
1,1,1,0.999999999999999,1,1,1,1,1,1,1,1,1,0.999999999999999,0.999999999999998,0.999999999999999,1,0.999999999999999,0.999999999999999,1,1,1,0.999999999999999,0.999999999999998,1,1,1,0.999999999999999,0.999999999999999,0.999999999999999,1,1,1,1,1,0.999999999999999,1,1,0.99997893162661,0.999968987233694,0.999961824911688,0.999956055798487,0.999951177601261,0.999946938744448,0.999943191095847,0.999939838309034,0.999936813310675,0.999934067030952,0.999931562184599,0.999929269580047,0.999927165801418,0.999925231685133,0.999923451280765,0.999921811119756,0.999920299687022,0.999918907030349,0.999917624465886,0.999916444352191,0.999915359914198,0.999914365104171,0.999913454490527,0.999912623167933,0.999911866683885,0.999911180978196,0.999910562332669,0.999910007328982,0.999909512813122,0.999909075865207,0.999908693773674,0.999908364013133,0.999908084225205,0.999907852201912,0.999907665871166,0.999907523284083,0.999907422603797,0.999907362095598,0.999907340118199,0.999907355115944,0.99990740561188,0.999907490201533,0.999907607547341,0.999907756373622,0.999907935462052,0.999908143647534,0.999908379814499,0.999908642893493,0.999908931858095,0.999909245722083,0.999909583536845,0.999909944388994,0.999910327398182,0.999910731715071,0.999911156519475,0.999911601018608,0.999912064445504,0.99991254605749,0.99991304513481,0.999913560979306,0.999914092913195,0.999914640277917,0.999915202433051,0.999915778755281,0.999916368637427,0.999916971487509,0.999917586727866,0.999918213794295,0.999918852135242,0.999919501210992,0.999920160492904,0.999920829462652,0.999921507611465,0.999922194439399,0.999922889454599,0.999923592172528,0.999924302115252,0.999925018810626,0.999925741791529,0.999926470595025,0.999927204761491,0.999927943833714,0.9999286873559,0.999929434872625,0.999930185927706,0.999930940062942,0.999931696816739,0.999932455722595,0.999933216307395,0.999933978089482,0.999934740576488,0.999935503262849,0.999936265626963,0.999937027127879,0.999937787201483,0.999938545256017,0.999939300666798,0.999940052769984,0.999940800855133,0.99994154415627,0.999942281841136,0.999943012998058,0.99994373661993,0.999944451584383,0.999945156629169,0.999945850321205,0.999946531017408,0.999947196814541,0.999947845484361,0.999948474388743,0.999949080367157,0.999949659585412,0.999950207329128,0.999950717716886,0.999951183294068,0.99995159444528,0.999951938523273,0.999952198521154,0.999952350982244,0.999952362584122,0.999952184302515,0.999951740893936,0.999950910660116,0.999949483173317,0.999947060980041,0.999942795201836,0.999934506270449,0.999914548730549,0.999829471299581,0.994667375547231,0.999999431427582,0.999995269620454,0.99999000266647,0.99998680611805,0.999984861375641,0.999983664550857,0.999982939673479,0.999982528342431,0.999982334273539,0.999982295880777,0.999982372035855,0.999982534256045,0.999982762198466,0.999983040944839,0.999983359301733,0.99998370870064,0.999984082465357,0.999984475311395,0.999984882996171,0.999985302069613,0.999985729693096,0.999986163505902,0.99998660152523,0.999987042070348,0.999987483704346,0.999987925188912,0.999988365448853,0.999988803543995,0.999989238646731,0.999989670023944,0.99999009702234,0.999990519056442,0.999990935598738,0.999991346171496,0.999991750339978,0.999992147706737,0.999992537906816,0.999992920603717,0.99999329548592,0.999993662263982,0.999994020667986,0.999994370445385,0.999994711359132,0.999995043186046,0.999995365715405,0.99999567874771,0.999995982093608,0.99999627557294,0.999996559013908,0.999996832252329,0.999997095130994,0.999997347499072,0.999997589211607,0.99999782012904,0.999998040116807,0.999998249044973,0.999998446787878,0.999998633223858,0.99999880823496,0.999998971706702,0.999999123527854,0.999999263590227,0.999999391788497,0.999999508020031,0.999999612184742,0.999999704184936,0.9999997839252,0.999999851312269,0.999999906254928,0.999999948663903,0.999999978451775,0.999999995532896,0.999999999823304,0.999999991240653,0.999999969704145,0.999999935134467,0.999999887453734,0.999999826585427,0.99999975245435,0.99999966498658,0.999999564109414,0.999999449751343,0.999999321842,0.999999180312124,0.999999025093524,0.99999885611906,0.999998673322592,0.999998476638963,0.99999826600397,0.999998041354334,0.999997802627675,0.999997549762496,0.999997282698149,0.999997001374825,0.999996705733526,0.999996395716046,0.99999607126496,0.999995732323596,0.999995378836026,0.999995010747049,0.999994628002165,0.999994230547581,0.999993818330179,0.999993391297505,0.999992949397766,0.999992492579808,0.999992020793105,0.999991533987751,0.999991032114445,0.999990515124487,0.999989982969756,0.999989435602711,0.999988872976375,0.999988295044329,0.9999877017607,0.999987093080158,0.999986468957893,0.999985829349627,0.999985174211594,0.999984503500525,0.999983817173668,0.999983115188739,0.999982397503958,0.999981664078011,0.999980914870054,0.999980149839712,0.99997936894707,0.999978572152654,0.999977759417442,0.999976930702848,0.999976085970721,0.999975225183339,0.999974348303399,0.999973455294018,0.999972546118723,0.999971620741443,0.999970679126517,0.999969721238672,0.999968747043033,0.999967756505111,0.999966749590792,0.999965726266348,0.999964686498424,0.999963630254027,0.999962557500535,0.999961468205684,0.99996036233757,0.999959239864636,0.999958100755675,0.999956944979826,0.999955772506573,0.999954583305726,0.99995337734744
1,1,1,1,1,1,0.999999999999998,0.999999999999999,0.999999999999999,0.999999999999999,1,1,1,0.999999999999999,1,1,1,0.999999999999998,1,1,1,0.999999999999999,1,1,1,0.999999999999999,1,0.999999999999999,1,0.999999999999999,0.999999999999999,0.999999999999999,0.999999999999999,1,1,0.999986049259171,0.999972607328855,0.999964187448592,0.999957670729993,0.999952264959922,0.999947619471883,0.999943541220968,0.999939909938635,0.999936644381836,0.999933686427565,0.99993099266791,0.999928529582785,0.99992627058531,0.999924194120028,0.999922282387763,0.999920520461113,0.999918895653192,0.999917397055912,0.99991601519506,0.999914741767862,0.999913569439957,0.999912491686103,0.99991150266354,0.999910597110106,0.999909770261477,0.999909017783193,0.99990833571441,0.999907720420975,0.999907168555932,0.999906677026115,0.999906242963702,0.999905863701794,0.999905536753427,0.999905259793356,0.999905030642218,0.999904847252692,0.999904707697339,0.999904610157895,0.999904552915794,0.999904534343748,0.999904552898257,0.999904607112916,0.999904695592393,0.999904817007041,0.99990497008803,0.999905153622939,0.99990536645177,0.999905607463318,0.999905875591878,0.999906169814219,0.999906489146839,0.999906832643421,0.999907199392506,0.999907588515371,0.999907999164034,0.999908430519419,0.999908881789687,0.999909352208636,0.999909841034244,0.999910347547301,0.999910871050126,0.999911410865376,0.999911966334907,0.999912536818717,0.999913121693944,0.999913720353917,0.99991433220724,0.999914956676943,0.999915593199647,0.999916241224779,0.999916900213792,0.999917569639438,0.999918248985027,0.999918937743734,0.999919635417886,0.999920341518264,0.999921055563428,0.999921777079002,0.999922505596971,0.999923240654965,0.999923981795507,0.99992472856525,0.999925480514164,0.99992623719469,0.999926998160833,0.999927762967184,0.999928531167888,0.999929302315485,0.999930075959663,0.999930851645871,0.999931628913777,0.999932407295529,0.999933186313822,0.999933965479661,0.999934744289843,0.999935522224041,0.999936298741439,0.999937073276832,0.999937845236033,0.999938613990496,0.999939378870948,0.999940139159784,0.999940894081976,0.999941642794085,0.999942384370945,0.999943117789332,0.999943841907866,0.999944555442024,0.999945256932841,0.999945944707323,0.999946616827886,0.999947271027114,0.999947904622579,0.999948514404213,0.999949096483361,0.999949646087362,0.999950157275253,0.999950622536931,0.99995103221592,0.999951373658226,0.999951629922814,0.999951777766102,0.999951784375495,0.999951601844273,0.999951157335162,0.999950334439384,0.999948934980219,0.999946592454197,0.999942547431156,0.999934940277489,0.999917786726099,0.999857589831384,0.996947448948249,0.999991503359701,0.999997576263177,0.999991886033359,0.999988204374966,0.999985932783712,0.999984515220503,0.99998363533772,0.999983110946538,0.999982831719585,0.999982727461867,0.999982751546387,0.999982871843317,0.999983065509041,0.999983315860231,0.999983610425852,0.999983939692029,0.999984296269347,0.999984674325993,0.999985069192934,0.999985477083291,0.999985894889207,0.999986320032368,0.999986750352364,0.999987184022198,0.999987619483523,0.99998805539644,0.999988490600206,0.999988924082137,0.999989354952839,0.999989782426244,0.999990205803468,0.999990624459609,0.999991037832908,0.999991445415787,0.999991846747383,0.999992241407327,0.999992629010484,0.99999300920253,0.999993381656183,0.999993746068,0.99999410215562,0.999994449655414,0.999994788320442,0.99999511791867,0.999995438231461,0.999995749052213,0.999996050185198,0.999996341444532,0.999996622653261,0.999996893642573,0.999997154251079,0.999997404324194,0.999997643713565,0.999997872276589,0.999998089875951,0.999998296379232,0.999998491658543,0.999998675590217,0.99999884805449,0.999999008935268,0.999999158119866,0.999999295498796,0.999999420965573,0.999999534416536,0.999999635750678,0.999999724869497,0.999999801676865,0.999999866078894,0.999999917983826,0.99999995730192,0.999999983945364,0.999999997828161,0.999999998866082,0.999999986976553,0.999999962078599,0.999999924092777,0.999999872941114,0.999999808547039,0.99999973083534,0.999999639732107,0.999999535164693,0.999999417061651,0.999999285352716,0.999999139968752,0.99999898084171,0.999998807904612,0.9999986210915,0.99999842033741,0.999998205578359,0.999997976751289,0.999997733794064,0.999997476645435,0.999997205245018,0.999996919533278,0.999996619451492,0.999996304941751,0.999995975946919,0.999995632410634,0.999995274277272,0.999994901491951,0.999994514000493,0.999994111749423,0.999993694685956,0.999993262757971,0.99999281591401,0.999992354103252,0.999991877275516,0.999991385381238,0.99999087837146,0.999990356197827,0.999989818812568,0.999989266168485,0.999988698218953,0.9999881149179,0.999987516219803,0.999986902079678,0.999986272453069,0.999985627296043,0.999984966565183,0.999984290217572,0.999983598210793,0.999982890502922,0.999982167052518,0.999981427818609,0.999980672760699,0.999979901838752,0.999979115013191,0.999978312244885,0.99997749349515,0.999976658725733,0.999975807898819,0.999974940977018,0.999974057923359,0.999973158701286,0.999972243274656,0.999971311607723,0.999970363665148,0.999969399411984,0.999968418813674,0.999967421836039,0.999966408445294,0.999965378608018,0.999964332291168,0.999963269462061,0.999962190088384,0.999961094138178,0.999959981579842,0.99995885238212,0.999957706514107,0.999956543945238,0.999955364645286,0.999954168584364,0.999952955732911
1,0.999999999999999,1,0.999999999999999,1,0.999999999999999,0.999999999999999,1,1,1,0.999999999999999,1,0.999999999999999,1,1,1,1,1,0.999999999999999,1,1,1,1,1,1,1,1,1,0.999999999999999,1,0.999999999999999,1,1,0.99997745044571,0.999967146680001,0.999959675822611,0.999953640617612,0.999948527654324,0.999944078079976,0.999940138911852,0.999936610415045,0.9999334230467,0.999930525873098,0.999927880161175,0.999925455567729,0.999923227742419,0.999921176750527,0.999919285995997,0.999917541462924,0.999915931167092,0.999914444750309,0.99991307317438,0.999911808486218,0.999910643634785,0.999909572326457,0.999908588909311,0.999907688279588,0.999906865805236,0.999906117262908,0.999905438785569,0.999904826818613,0.999904278082825,0.999903789542936,0.999903358380758,0.999902981972073,0.999902657866696,0.999902383771154,0.999902157533577,0.999901977130462,0.999901840655041,0.99990174630699,0.99990169238333,0.999901677270319,0.999901699436228,0.99990175742486,0.999901849849752,0.999901975388942,0.999902132780246,0.999902320816983,0.999902538344099,0.999902784254635,0.999903057486522,0.999903357019628,0.999903681873073,0.999904031102761,0.9999044037991,0.999904799084913,0.999905216113499,0.999905654066845,0.999906112153972,0.999906589609381,0.99990708569162,0.999907599681945,0.999908130883073,0.999908678617989,0.999909242228859,0.999909821075982,0.999910414536816,0.999911022005035,0.999911642889665,0.999912276614229,0.99991292261595,0.999913580344989,0.999914249263683,0.999914928845861,0.999915618576113,0.999916317949141,0.999917026469075,0.999917743648826,0.999918469009429,0.999919202079399,0.999919942394066,0.999920689494931,0.99992144292896,0.999922202247924,0.999922967007654,0.999923736767297,0.999924511088526,0.999925289534706,0.999926071669979,0.999926857058313,0.999927645262454,0.999928435842759,0.999929228355953,0.999930022353714,0.999930817381117,0.999931612974871,0.999932408661333,0.999933203954264,0.999933998352228,0.999934791335635,0.999935582363309,0.999936370868491,0.999937156254173,0.999937937887595,0.999938715093744,0.999939487147633,0.999940253265001,0.999941012591175,0.999941764187485,0.999942507014723,0.999943239912748,0.999943961575184,0.999944670517788,0.999945365038503,0.999946043166544,0.999946702596834,0.999947340604616,0.999947953932831,0.99994853864164,0.999949089904266,0.999949601725487,0.999950066546287,0.999950474677135,0.999950813466628,0.999951066049401,0.999951209402531,0.99995121122096,0.999951024682907,0.999950579238597,0.999949763403527,0.999948390140045,0.99994612027164,0.999942270251226,0.999935235896867,0.999920223183105,0.999874584236208,0.99932940279003,0.99995513907717,0.99999943334563,0.999993882025565,0.999989718020486,0.999987093569011,0.999985434718782,0.99998438535792,0.999983737654783,0.999983365812424,0.999983190105951,0.999983157825048,0.999983232815286,0.999983389482347,0.999983609207897,0.999983878124806,0.999984185689287,0.999984523737148,0.99998488584353,0.999985266878425,0.99998566269168,0.999986069885608,0.999986485648076,0.999986907628148,0.999987333842146,0.999987762601811,0.999988192458709,0.999988622160791,0.999989050618072,0.999989476875324,0.999989900090125,0.999990319515096,0.99999073448342,0.999991144396953,0.999991548716415,0.999991946953215,0.999992338662653,0.999992723438172,0.99999310090654,0.999993470723744,0.999993832571488,0.999994186154208,0.99999453119651,0.99999486744094,0.999995194646075,0.999995512584855,0.999995821043133,0.999996119818393,0.999996408718654,0.999996687561474,0.999996956173089,0.99999721438766,0.999997462046575,0.99999769899786,0.999997925095631,0.999998140199617,0.999998344174733,0.999998536890689,0.999998718221638,0.999998888045867,0.999999046245517,0.999999192706319,0.999999327317365,0.999999449970891,0.999999560562095,0.999999658988951,0.999999745152054,0.999999818954471,0.999999880301603,0.99999992910107,0.999999965262588,0.999999988697867,0.999999999320518,0.999999997045958,0.999999981791335,0.999999953475433,0.999999912018628,0.999999857342802,0.999999789371281,0.999999708028793,0.999999613241394,0.99999950493644,0.99999938304252,0.999999247489421,0.999999098208093,0.999998935130593,0.999998758190073,0.999998567320717,0.999998362457734,0.999998143537313,0.999997910496599,0.999997663273665,0.999997401807485,0.99999712603791,0.999996835905652,0.999996531352247,0.999996212320047,0.999995878752191,0.999995530592595,0.999995167785934,0.999994790277606,0.999994398013742,0.999993990941169,0.99999356900741,0.999993132160661,0.99999268034978,0.999992213524267,0.999991731634266,0.999991234630536,0.999990722464452,0.999990195087985,0.999989652453696,0.999989094514725,0.999988521224776,0.999987932538117,0.999987328409558,0.999986708794449,0.999986073648678,0.999985422928642,0.99998475659126,0.999984074593957,0.999983376894649,0.999982663451745,0.99998193422414,0.999981189171197,0.999980428252752,0.999979651429103,0.999978858661004,0.999978049909649,0.999977225136684,0.999976384304188,0.999975527374667,0.999974654311059,0.999973765076712,0.999972859635394,0.999971937951278,0.999970999988941,0.999970045713357,0.999969075089894,0.999968088084309,0.999967084662734,0.99996606479169,0.999965028438064,0.999963975569121,0.999962906152481,0.999961820156134,0.999960717548415,0.999959598298024,0.999958462374,0.999957309745732,0.999956140382948,0.99995495425571,0.999953751334417,0.999952531589793
1,1,1,1,1,1,0.999999999999999,1,1,1,1,1,1,1,1,1,0.999999999999999,0.999999999999999,1,0.999999999999999,1,1,1,1,0.999999999999999,0.999999999999998,1,1,1,1,0.999984706943106,0.99997092184236,0.999962161041979,0.999955354077603,0.999949695129121,0.999944824224159,0.99994054227833,0.999936724915377,0.999933287963543,0.999930171128056,0.999927329338099,0.999924727766409,0.999922338775865,0.999920139951576,0.999918112779958,0.999916241731724,0.999914513606919,0.999912917055572,0.999911442219447,0.999910080459295,0.999908824143833,0.999907666484063,0.999906601401557,0.999905623422456,0.999904727591332,0.999903909400432,0.999903164731159,0.99990248980515,0.999901881143208,0.999901335530491,0.999900849986865,0.999900421741514,0.999900048211032,0.999899726980474,0.999899455786854,0.99989923250473,0.99989905513353,0.999898921786403,0.999898830680349,0.999898780127449,0.999898768527067,0.999898794358862,0.999898856176548,0.999898952602259,0.999899082321492,0.99989924407851,0.999899436672217,0.999899658952362,0.99989990981611,0.99990018820492,0.999900493101667,0.999900823528018,0.999901178542017,0.999901557235868,0.999901958733877,0.999902382190572,0.999902826788932,0.999903291738775,0.999903776275243,0.999904279657389,0.999904801166865,0.999905340106692,0.999905895800115,0.999906467589506,0.999907054835363,0.999907656915339,0.999908273223331,0.99990890316863,0.999909546175086,0.99991020168034,0.999910869135068,0.99991154800226,0.999912237756542,0.999912937883489,0.999913647878979,0.999914367248561,0.999915095506827,0.999915832176799,0.999916576789313,0.999917328882408,0.999918088000707,0.999918853694817,0.99991962552067,0.999920403038881,0.999921185814079,0.999921973414203,0.999922765409763,0.999923561373062,0.999924360877362,0.999925163495999,0.999925968801403,0.999926776364053,0.999927585751326,0.99992839652621,0.999929208245892,0.999930020460168,0.999930832709664,0.99993164452381,0.999932455418544,0.999933264893685,0.999934072429898,0.999934877485197,0.999935679490883,0.999936477846762,0.999937271915555,0.999938061016277,0.999938844416348,0.999939621322167,0.999940390867764,0.999941152101025,0.999941903966909,0.999942645286782,0.999943374732859,0.999944090796236,0.999944791746636,0.999945475581207,0.999946139958688,0.999946782113899,0.999947398745256,0.999947985864858,0.999948538595761,0.999949050893437,0.999949515156072,0.999949921668436,0.99995025779014,0.999950506740052,0.999950645721921,0.999950642934415,0.999950452608111,0.999950006368886,0.99994919732443,0.999947848597004,0.999945645262395,0.999941968689684,0.999935421656741,0.999922088820136,0.999885809204314,0.999642636591038,0.999776648422919,0.999999891722047,0.999995923248913,0.999991341259393,0.999988345342911,0.99998642528612,0.999985191603495,0.999984409899782,0.99998393763147,0.999983684627137,0.999983591489305,0.999983617643005,0.999983734479233,0.999983921264693,0.999984162610641,0.999984446853894,0.999984764990349,0.999985109953837,0.999985476116989,0.999985858938515,0.999986254709271,0.999986660366295,0.999987073354592,0.999987491522924,0.99998791304428,0.99998833635445,0.999988760104089,0.999989183120924,0.999989604379716,0.999990022978147,0.999990438117341,0.999990849085997,0.99999125524738,0.999991656028592,0.999992050911658,0.999992439426089,0.999992821142652,0.999993195668082,0.999993562640644,0.999993921726315,0.999994272615552,0.999994615020489,0.999994948672545,0.999995273320337,0.999995588727881,0.999995894673017,0.999996190946038,0.999996477348479,0.999996753692067,0.999997019797781,0.999997275495032,0.999997520620923,0.999997755019605,0.9999979785417,0.999998191043772,0.999998392387878,0.999998582441144,0.99999876107538,0.999998928166778,0.999999083595561,0.99999922724575,0.999999359004885,0.99999947876381,0.999999586416473,0.999999681859727,0.999999764993164,0.999999835718953,0.999999893941704,0.999999939568331,0.999999972507931,0.999999992671666,0.999999999972678,0.99999999432598,0.999999975648365,0.999999943858327,0.999999898875999,0.999999840623068,0.999999769022711,0.999999683999537,0.999999585479534,0.999999473390014,0.999999347659551,0.999999208217955,0.999999054996217,0.999998887926472,0.999998706941951,0.999998511976963,0.999998302966844,0.999998079847937,0.999997842557549,0.999997591033936,0.999997325216273,0.999997045044619,0.999996750459897,0.999996441403881,0.999996117819165,0.99999577964914,0.999995426837979,0.999995059330618,0.999994677072736,0.999994280010741,0.99999386809175,0.999993441263568,0.999992999474694,0.999992542674279,0.999992070812138,0.999991583838712,0.999991081705071,0.999990564362908,0.999990031764505,0.999989483862744,0.99998892061108,0.999988341963542,0.999987747874716,0.999987138299737,0.999986513194278,0.999985872514551,0.999985216217275,0.999984544259703,0.999983856599576,0.999983153195135,0.999982434005121,0.999981698988744,0.999980948105696,0.999980181316137,0.999979398580685,0.999978599860415,0.999977785116844,0.999976954311932,0.999976107408084,0.99997524436812,0.999974365155292,0.999973469733265,0.99997255806612,0.999971630118341,0.999970685854815,0.999969725240829,0.999968748242053,0.999967754824549,0.99996674495476,0.999965718599504,0.999964675725973,0.999963616301724,0.99996254029468,0.999961447673121,0.999960338405684,0.999959212461352,0.999958069809459,0.99995691041968,0.999955734262029,0.999954541306853,0.999953331524833,0.999952104886972
1,1,1,1,0.999999999999999,1,1,1,1,1,0.999999999999998,1,1,1,1,0.999999999999999,0.999999999999999,1,1,1,1,1,0.999999999999999,1,1,1,1,1,0.999975941245669,0.999965261237151,0.999957471349066,0.999951161621795,0.999945806616671,0.999941139829073,0.999937003224603,0.99993329355547,0.999929938725389,0.999926885876663,0.999924094783526,0.999921533916456,0.999919177963157,0.999917006195494,0.999915001353436,0.999913148858381,0.99991143624398,0.999909852734922,0.999908388929037,0.999907036553195,0.999905788273002,0.999904637542399,0.99990357848332,0.999902605788353,0.999901714641208,0.999900900651138,0.999900159798408,0.999899488388606,0.999898883014091,0.999898340521256,0.999897857982528,0.999897432672348,0.999897062046367,0.999896743723425,0.999896475469819,0.999896255185521,0.999896080892044,0.999895950721755,0.999895862908375,0.999895815778553,0.999895807744328,0.999895837296403,0.99989590299809,0.999896003479868,0.999896137434473,0.999896303612447,0.999896500818104,0.999896727905866,0.99989698377691,0.999897267376118,0.999897577689282,0.999897913740543,0.999898274590013,0.999898659331621,0.999899067091107,0.999899497024155,0.999899948314689,0.99990042017327,0.999900911835619,0.999901422561227,0.999901951632087,0.999902498351457,0.999903062042754,0.999903642048483,0.999904237729244,0.999904848462779,0.999905473643101,0.99990611267963,0.999906764996404,0.999907430031318,0.999908107235382,0.999908796072037,0.999909496016476,0.999910206554991,0.999910927184357,0.999911657411206,0.999912396751448,0.999913144729666,0.999913900878545,0.999914664738296,0.999915435856084,0.999916213785448,0.999916998085713,0.999917788321403,0.999918584061624,0.999919384879442,0.999920190351217,0.999921000055921,0.999921813574416,0.999922630488673,0.999923450380953,0.999924272832916,0.999925097424644,0.999925923733586,0.999926751333401,0.999927579792657,0.999928408673395,0.999929237529529,0.999930065905021,0.999930893331831,0.999931719327582,0.999932543392869,0.999933365008187,0.999934183630354,0.99993499868837,0.99993580957855,0.999936615658841,0.999937416242063,0.999938210587899,0.99993899789332,0.999939777281043,0.999940547785585,0.999941308336243,0.999942057736203,0.999942794636704,0.999943517504809,0.999944224582875,0.99994491383708,0.99994558289143,0.999946228942183,0.999946848645572,0.999947437968617,0.999947991987966,0.999948504614422,0.999948968209058,0.999949373037707,0.999949706478556,0.999949951842167,0.999950086563642,0.999950079340333,0.99994988542285,0.999949438507457,0.999948635991397,0.999947310291166,0.999945168108354,0.999941646768722,0.99993551888779,0.999923534158581,0.999893682671623,0.999750784942292,0.997842910917663,0.99999656665411,0.999997867408104,0.999993057803745,0.999989687355378,0.99998748845687,0.99998605568647,0.999985129004234,0.99998454820207,0.999984211809112,0.999984053137274,0.99998402678382,0.999984100849991,0.999984252298846,0.999984464088056,0.999984723340868,0.999985020144767,0.999985346741525,0.999985696968195,0.999986065863142,0.999986449383106,0.999986844196516,0.999987247530184,0.999987657053968,0.999988070792906,0.999988487059478,0.999988904400824,0.999989321557219,0.999989737429075,0.999990151050523,0.99999056156809,0.999990968223336,0.999991370338656,0.999991767305569,0.999992158575005,0.999992543649213,0.999992922074962,0.99999329343782,0.99999365735731,0.999994013482796,0.999994361489943,0.999994701077714,0.999995031965754,0.999995353892152,0.999995666611484,0.99999596989311,0.999996263519705,0.999996547285941,0.999996820997365,0.99999708446937,0.999997337526331,0.9999975800008,0.999997811732812,0.999998032569256,0.999998242363327,0.999998440974026,0.999998628265717,0.999998804107716,0.999998968373935,0.999999120942563,0.999999261695756,0.999999390519386,0.999999507302793,0.999999611938555,0.999999704322301,0.999999784352528,0.999999851930413,0.999999906959688,0.99999994934648,0.999999978999188,0.999999995828365,0.999999999746604,0.999999990668448,0.999999968510274,0.999999933190236,0.999999884628162,0.999999822745494,0.999999747465204,0.99999965871174,0.999999556410973,0.999999440490121,0.999999310877714,0.999999167503539,0.999999010298594,0.99999883919504,0.999998654126176,0.999998455026384,0.9999982418311,0.999998014476786,0.999997772900891,0.999997517041821,0.999997246838916,0.999996962232421,0.999996663163457,0.999996349574001,0.999996021406863,0.999995678605663,0.999995321114812,0.999994948879492,0.999994561845633,0.9999941599599,0.99999374316968,0.999993311423054,0.999992864668789,0.999992402856331,0.999991925935767,0.999991433857837,0.99999092657391,0.999990404035966,0.999989866196596,0.99998931300898,0.99998874442688,0.999988160404631,0.999987560897127,0.999986945859813,0.999986315248678,0.999985669020239,0.999985007131536,0.999984329540122,0.999983636204064,0.999982927081914,0.999982202132724,0.99998146131602,0.999980704591808,0.999979931920561,0.999979143263207,0.999978338581134,0.999977517836175,0.999976680990598,0.999975828007115,0.999974958848858,0.999974073479384,0.999973171862668,0.999972253963093,0.999971319745453,0.999970369174934,0.999969402217119,0.999968418837988,0.999967419003898,0.999966402681585,0.999965369838171,0.999964320441135,0.999963254458329,0.999962171857968,0.999961072608618,0.999959956679207,0.999958824039001,0.999957674657622,0.999956508505024,0.999955325551503,0.999954125767685,0.999952909124527,0.999951675593309
1,1,1,1,1,0.999999999999999,0.999999999999998,1,0.999999999999999,1,1,0.999999999999999,1,0.999999999999999,1,1,0.999999999999999,0.999999999999999,1,1,1,1,1,1,1,0.99998336354226,0.999969199226993,0.999960084798162,0.999952978151027,0.999947058119084,0.999941954851645,0.999937462947975,0.999933453763056,0.99992984009209,0.999926559395951,0.999923564887854,0.999920820393044,0.999918297192646,0.999915971987091,0.999913825527798,0.999911841666502,0.999910006675801,0.999908308751613,0.999906737641142,0.999905284359547,0.999903940970608,0.999902700414534,0.999901556370975,0.999900503148785,0.999899535596425,0.999898649028344,0.999897839164067,0.999897102077318,0.999896434153244,0.999895832052193,0.999895292678862,0.999894813155839,0.999894390800829,0.999894023106896,0.999893707725297,0.999893442450467,0.999893225206835,0.999893054037207,0.999892927092484,0.999892842622554,0.999892798968141,0.99989279455357,0.999892827880236,0.999892897520767,0.999893002113744,0.999893140358931,0.999893311012967,0.999893512885433,0.999893744835286,0.999894005767604,0.999894294630601,0.999894610412902,0.999894952141034,0.999895318877119,0.999895709716757,0.999896123787048,0.999896560244794,0.999897018274801,0.999897497088327,0.999897995921616,0.999898514034554,0.999899050709394,0.999899605249584,0.999900176978649,0.999900765239148,0.999901369391694,0.999901988814049,0.999902622900222,0.999903271059664,0.999903932716472,0.99990460730865,0.999905294287397,0.999905993116418,0.999906703271283,0.999907424238782,0.999908155516331,0.999908896611379,0.999909647040827,0.999910406330473,0.999911174014457,0.999911949634719,0.999912732740448,0.999913522887556,0.999914319638123,0.999915122559851,0.999915931225506,0.999916745212342,0.999917564101515,0.999918387477471,0.999919214927287,0.999920046040021,0.999920880405978,0.999921717615936,0.999922557260342,0.999923398928406,0.999924242207132,0.999925086680252,0.999925931927048,0.999926777521046,0.999927623028565,0.999928468007078,0.999929312003367,0.999930154551441,0.999930995170151,0.999931833360458,0.999932668602298,0.999933500350946,0.999934328032792,0.9999351510404,0.999935968726708,0.999936780398168,0.999937585306614,0.999938382639516,0.999939171508309,0.999939950934232,0.99994071983112,0.999941476984291,0.999942221024469,0.999942950395312,0.999943663312643,0.999944357712778,0.999945031186381,0.999945680892937,0.999946303448781,0.999946894778692,0.999947449916441,0.999947962732538,0.99994842555623,0.999948828640593,0.999949159389216,0.999949401210835,0.999949531775393,0.999949520272914,0.999949322942179,0.999948875450776,0.999948079209176,0.999946775159786,0.999944689372719,0.99994130774117,0.999935543850013,0.999924661469325,0.999899446785091,0.999803111631026,0.9806942103404,0.999982819917326,0.999999422124601,0.999994833054932,0.99999111496554,0.999988624623701,0.999986978801665,0.999985896110453,0.999985198459763,0.999984772384969,0.99998454333528,0.999984460673176,0.999984488928653,0.999984602565791,0.999984782751248,0.999985015296344,0.999985289308512,0.999985596284397,0.999985929485532,0.99998628349941,0.999986653925022,0.999987037143648,0.999987430149195,0.999987830420813,0.999988235826034,0.999988644546215,0.99998905501855,0.999989465890499,0.999989875983651,0.999990284264815,0.999990689822713,0.999991091849037,0.99999148962297,0.999991882498427,0.999992269893492,0.999992651281615,0.999993026184238,0.999993394164588,0.999993754822415,0.99999410778954,0.999994452726037,0.999994789316959,0.999995117269536,0.999995436310739,0.999995746185176,0.999996046653261,0.999996337489612,0.999996618481658,0.9999968894284,0.99999715013933,0.99999740043349,0.999997640138605,0.999997869090338,0.999998087131628,0.999998294112084,0.999998489887466,0.999998674319179,0.999998847273879,0.999999008623053,0.999999158242693,0.999999296012976,0.999999421817966,0.999999535545378,0.999999637086316,0.999999726335084,0.999999803188976,0.999999867548097,0.999999919315205,0.999999958395563,0.999999984696801,0.999999998128773,0.999999998603473,0.999999986034892,0.999999960338951,0.999999921433387,0.999999869237675,0.999999803672951,0.99999972466194,0.999999632128883,0.999999525999479,0.999999406200822,0.999999272661345,0.999999125310771,0.999998964080068,0.999998788901401,0.999998599708081,0.999998396434538,0.999998179016282,0.999997947389858,0.999997701492827,0.999997441263714,0.999997166642005,0.999996877568095,0.999996573983279,0.999996255829718,0.999995923050413,0.999995575589188,0.999995213390673,0.99999483640027,0.99999444456414,0.999994037829194,0.999993616143061,0.999993179454077,0.999992727711272,0.99999226086435,0.999991778863677,0.999991281660263,0.999990769205753,0.999990241452415,0.999989698353119,0.999989139861337,0.999988565931124,0.999987976517106,0.999987371574471,0.999986751058966,0.999986114926874,0.999985463135012,0.999984795640724,0.999984112401866,0.999983413376802,0.999982698524389,0.999981967803986,0.999981221175422,0.999980458599002,0.999979680035506,0.999978885446167,0.999978074792671,0.999977248037155,0.999976405142192,0.999975546070791,0.999974670786386,0.999973779252837,0.999972871434414,0.999971947295798,0.999971006802079,0.999970049918738,0.999969076611658,0.999968086847107,0.999967080591733,0.999966057812568,0.999965018477012,0.999963962552843,0.999962890008197,0.99996180081157,0.999960694931814,0.999959572338134,0.999958433000086,0.999957276887559,0.999956103970793,0.999954914220351,0.999953707607139,0.999952484102382,0.999951243677634
1,1,1,1,0.999999999999998,1,1,1,1,0.999999999999999,1,0.999999999999999,0.999999999999999,1,0.999999999999999,0.999999999999998,1,1,0.999999999999999,0.999999999999999,1,1,1,0.999974405931915,0.999963332465462,0.999955212674935,0.999948619721655,0.999943015189755,0.999938124524886,0.999933784426687,0.999929888002249,0.999926360512923,0.99992314711361,0.999920206038585,0.999917504535617,0.999915016301673,0.999912719791969,0.999910597063383,0.999908632958657,0.999906814515821,0.999905130530911,0.999903571227815,0.99990212800468,0.999900793236142,0.999899560116976,0.999898422536969,0.999897374979709,0.999896412439845,0.999895530354872,0.999894724548394,0.999893991182594,0.999893326718107,0.999892727879949,0.999892191628388,0.999891715133921,0.99989129575565,0.9998909310225,0.999890618616861,0.999890356360221,0.999890142200561,0.999889974201214,0.999889850530986,0.999889769455377,0.999889729328751,0.999889728587314,0.999889765742838,0.999889839376986,0.999889948136201,0.999890090727083,0.999890265912189,0.999890472506227,0.999890709372564,0.99989097542007,0.999891269600196,0.999891590904316,0.999891938361278,0.999892311035146,0.999892708023127,0.999893128453641,0.99989357148455,0.999894036301496,0.999894522116378,0.999895028165924,0.999895553710355,0.999896098032152,0.999896660434883,0.999897240242119,0.99989783679641,0.999898449458331,0.999899077605555,0.999899720632018,0.999900377947099,0.999901048974848,0.999901733153262,0.999902429933581,0.999903138779638,0.9999038591672,0.999904590583374,0.999905332526004,0.999906084503109,0.999906846032326,0.999907616640364,0.999908395862487,0.999909183241977,0.999909978329639,0.999910780683278,0.999911589867187,0.999912405451649,0.999913227012408,0.999914054130144,0.999914886389939,0.999915723380724,0.999916564694688,0.999917409926703,0.99991825867367,0.999919110533864,0.999919965106217,0.99992082198955,0.999921680781764,0.999922541078922,0.999923402474295,0.999924264557267,0.999925126912152,0.999925989116884,0.999926850741524,0.999927711346609,0.99992857048128,0.999929427681159,0.999930282465915,0.999931134336503,0.999931982771962,0.999932827225711,0.999933667121263,0.999934501847192,0.999935330751242,0.999936153133355,0.999936968237415,0.999937775241377,0.999938573245416,0.99993936125762,0.999940138176581,0.999940902770073,0.999941653648775,0.99994238923357,0.999943107714573,0.999943806999303,0.999944484646471,0.99994513778051,0.99994576298002,0.999946356130268,0.999946912225504,0.999947425100035,0.999947887056191,0.999948288339977,0.999948616386513,0.999948854708297,0.999948981212619,0.999948965575357,0.999948764992211,0.999948317008877,0.999947526796267,0.999946243138345,0.999944209522819,0.999940954263253,0.999935509148559,0.999925542610532,0.999903801732481,0.999833256757947,0.998600810049085,0.999936692996244,0.999999980871479,0.999996600264629,0.999992617215316,0.999989832392569,0.999987961501343,0.999986712084718,0.999985889203314,0.999985367011371,0.999985062602335,0.999984919714598,0.999984899026151,0.999984972303287,0.999985118780281,0.999985322854766,0.999985572579784,0.999985858651695,0.999986173714965,0.999986511874483,0.999986868346925,0.99998723920716,0.999987621200922,0.99998801160443,0.999988408117802,0.999988808783193,0.999989211921193,0.999989616080922,0.999990020000525,0.9999904225756,0.999990822833769,0.99999121991405,0.99999161305,0.999992001555861,0.999992384815067,0.999992762270711,0.999993133417539,0.999993497795232,0.999993854982716,0.999994204593333,0.999994546270725,0.999994879685305,0.999995204531215,0.999995520523727,0.999995827396935,0.999996124901831,0.999996412804541,0.999996690884847,0.999996958934849,0.999997216757817,0.999997464167145,0.999997700985465,0.999997927043821,0.999998142180961,0.999998346242704,0.99999853908135,0.999998720555189,0.999998890528027,0.999999048868783,0.999999195451101,0.999999330153037,0.999999452856728,0.999999563448138,0.999999661816794,0.999999747855563,0.999999821460438,0.999999882530366,0.999999930967043,0.999999966674785,0.999999989560365,0.999999999532892,0.999999996503661,0.999999980386077,0.999999951095515,0.99999990854925,0.999999852666349,0.999999783367591,0.999999700575398,0.999999604213759,0.999999494208153,0.999999370485505,0.999999232974116,0.999999081603603,0.999998916304867,0.999998737010029,0.999998543652391,0.999998336166401,0.999998114487596,0.999997878552584,0.999997628298998,0.999997363665469,0.999997084591589,0.999996791017886,0.999996482885799,0.999996160137646,0.999995822716596,0.999995470566666,0.999995103632662,0.999994721860202,0.999994325195657,0.999993913586156,0.999993486979556,0.999993045324433,0.999992588570051,0.999992116666368,0.999991629564,0.999991127214219,0.999990609568932,0.999990076580672,0.999989528202583,0.999988964388407,0.999988385092479,0.999987790269704,0.999987179875554,0.999986553866058,0.999985912197788,0.999985254827847,0.999984581713869,0.999983892814002,0.999983188086899,0.999982467491715,0.999981730988093,0.99998097853616,0.99998021009652,0.999979425630238,0.999978625098842,0.999977808464319,0.999976975689092,0.999976126736033,0.999975261568439,0.999974380150038,0.999973482444981,0.999972568417828,0.999971638033554,0.999970691257532,0.999969728055539,0.999968748393738,0.999967752238686,0.999966739557314,0.999965710316939,0.999964664485249,0.999963602030294,0.999962522920495,0.999961427124625,0.999960314611815,0.999959185351545,0.999958039313643,0.999956876468275,0.999955696785948,0.999954500237499,0.999953286794098,0.99995205642724,0.999950809108746
0.999999999999999,1,0.999999999999999,1,1,0.999999999999999,1,0.999999999999998,1,1,1,1,0.999999999999999,1,1,1,1,1,1,1,0.999982018794953,0.999967441352325,0.999957960134107,0.999950544039069,0.999944354775429,0.999939012009056,0.999934303728078,0.99993009684731,0.99992630101816,0.999922851380392,0.999919699375295,0.999916807438266,0.999914145735657,0.999911690056843,0.999909420396758,0.999907319970386,0.999905374507942,0.999903571738543,0.999901901003941,0.999900352964244,0.999898919370058,0.999897592883517,0.999896366935907,0.999895235613062,0.999894193562168,0.999893235915235,0.999892358225717,0.99989155641559,0.999890826730863,0.999890165703882,0.999889570121226,0.999889036996187,0.999888563545056,0.999888147166581,0.999887785424092,0.999887476029878,0.999887216831464,0.999887005799534,0.999886841017219,0.999886720670613,0.999886643040326,0.999886606493908,0.999886609479097,0.999886650517718,0.999886728200202,0.999886841180636,0.999886988172254,0.999887167943373,0.999887379313681,0.999887621150842,0.999887892367407,0.999888191917977,0.999888518796597,0.999888872034366,0.99988925069723,0.999889653883952,0.999890080724214,0.999890530376887,0.999891002028413,0.999891494891289,0.999892008202678,0.999892541223094,0.999893093235193,0.999893663542618,0.999894251468938,0.999894856356634,0.999895477566168,0.999896114475074,0.999896766477131,0.999897432981559,0.999898113412268,0.999898807207144,0.999899513817359,0.999900232706727,0.99990096335108,0.99990170523767,0.999902457864591,0.999903220740234,0.999903993382738,0.999904775319472,0.999905566086535,0.999906365228239,0.999907172296642,0.999907986851041,0.999908808457502,0.999909636688378,0.999910471121826,0.999911311341312,0.999912156935131,0.999913007495884,0.999913862619966,0.999914721907022,0.999915584959386,0.999916451381497,0.999917320779262,0.999918192759406,0.999919066928755,0.999919942893477,0.99992082025826,0.999921698625402,0.999922577593837,0.999923456758041,0.999924335706834,0.999925214022042,0.999926091276994,0.999926967034848,0.99992784084668,0.999928712249326,0.999929580762922,0.999930445888077,0.999931307102621,0.999932163857855,0.999933015574173,0.999933861635957,0.999934701385596,0.999935534116407,0.999936359064261,0.999937175397584,0.999937982205361,0.999938778482662,0.999939563113065,0.999940334847148,0.999941092276011,0.99994183379839,0.999942557579514,0.999943261499155,0.999943943085387,0.999944599429286,0.999945227073807,0.999945821867274,0.999946378767594,0.999946891576725,0.999947352574641,0.999947752005481,0.999948077341408,0.999948312203481,0.999948434737977,0.999948415099179,0.999948211409181,0.999947763004061,0.999946978583492,0.999945714161339,0.999943728947946,0.99994058852297,0.999935424701018,0.99992622951445,0.999907170872894,0.999852568816675,0.999402775146396,0.999759880887402,0.999998237838818,0.999998235326606,0.999994172931001,0.999991107622545,0.999989003377061,0.999987577387524,0.999986621033007,0.999985996235533,0.999985611390763,0.999985404267448,0.9999853314221,0.999985361725627,0.999985472336849,0.999985646135695,0.999985870044383,0.999986133902096,0.99998642969331,0.99998675100749,0.999987092653575,0.999987450380116,0.999987820668886,0.999988200580529,0.999988587637534,0.99998897973451,0.999989375068578,0.999989772084831,0.999990169433223,0.999990565934131,0.999990960550697,0.99999135236638,0.999991740566649,0.999992124423931,0.999992503285188,0.999992876561547,0.999993243719664,0.999993604274447,0.999993957782915,0.999994303838979,0.999994642069005,0.999994972128006,0.999995293696373,0.999995606477056,0.999995910193114,0.999996204585612,0.999996489411748,0.999996764443253,0.999997029464969,0.999997284273597,0.999997528676597,0.99999776249122,0.999997985543633,0.999998197668169,0.999998398706625,0.999998588507665,0.999998766926262,0.99999893382321,0.999999089064693,0.99999923252187,0.999999364070531,0.999999483590761,0.999999590966659,0.999999686086052,0.999999768840273,0.999999839123922,0.999999896834674,0.999999941873099,0.999999974142472,0.999999993548643,0.999999999999879,0.999999993406739,0.999999973681951,0.999999940740301,0.999999894498534,0.99999983487525,0.999999761790826,0.999999675167333,0.999999574928447,0.999999460999394,0.999999333306885,0.999999191779039,0.999999036345334,0.999998866936569,0.999998683484783,0.999998485923235,0.999998274186343,0.999998048209659,0.999997807929818,0.999997553284494,0.999997284212391,0.999997000653188,0.999996702547518,0.999996389836934,0.999996062463889,0.999995720371706,0.999995363504551,0.999994991807416,0.999994605226084,0.999994203707131,0.999993787197883,0.999993355646405,0.999992909001486,0.999992447212627,0.999991970230007,0.99999147800448,0.999990970487561,0.999990447631404,0.999989909388796,0.999989355713136,0.999988786558431,0.999988201879271,0.999987601630831,0.999986985768856,0.999986354249644,0.999985707030041,0.999985044067427,0.999984365319711,0.999983670745325,0.9999829603032,0.999982233952776,0.999981491653972,0.999980733367206,0.999979959053357,0.999979168673783,0.999978362190295,0.999977539565159,0.999976700761092,0.999975845741239,0.999974974469188,0.999974086908955,0.999973183024965,0.999972262782069,0.999971326145518,0.999970373080972,0.999969403554486,0.999968417532504,0.999967414981861,0.999966395869771,0.99996536016382,0.999964307831977,0.999963238842568,0.999962153164284,0.999961050766171,0.999959931617636,0.999958795688425,0.999957642948636,0.999956473368702,0.999955286919391,0.999954083571814,0.999952863297398,0.999951626067901,0.999950371855403
1,1,1,1,1,1,1,0.999999999999999,1,0.999999999999999,1,0.999999999999999,1,1,0.999999999999999,1,1,1,0.999972846652979,0.999961362062257,0.999952901096009,0.999946015925396,0.999940154162605,0.999935032780517,0.999930482984595,0.999926394096234,0.999922688640224,0.999919309717066,0.999916213971347,0.999913367389936,0.999910742648942,0.999908317362669,0.999906072884986,0.999903993463395,0.999902065626295,0.999900277729111,0.999898619611485,0.999897082333865,0.999895657972055,0.999894339454717,0.999893120433327,0.999891995176953,0.999890958486227,0.999890005622412,0.9998891322484,0.99988833437927,0.999887608340554,0.999886950732794,0.99988635840124,0.999885828409813,0.999885358018623,0.999884944664411,0.999884585943537,0.999884279597035,0.999884023497504,0.999883815637497,0.99988365411927,0.999883537145625,0.999883463011784,0.999883430098076,0.999883436863406,0.999883481839357,0.999883563624877,0.999883680881465,0.999883832328815,0.999884016740845,0.999884232942086,0.999884479804379,0.999884756243857,0.999885061218188,0.99988539372401,0.999885752794609,0.999886137497754,0.999886546933704,0.999886980233363,0.99988743655657,0.999887915090513,0.999888415048255,0.999888935667349,0.999889476208567,0.999890035954693,0.999890614209404,0.999891210296213,0.999891823557491,0.999892453353527,0.999893099061652,0.999893760075425,0.999894435803833,0.999895125670565,0.999895829113298,0.999896545583039,0.999897274543473,0.999898015470369,0.999898767850983,0.999899531183503,0.999900304976512,0.999901088748461,0.999901882027163,0.999902684349303,0.999903495259958,0.999904314312133,0.999905141066275,0.999905975089848,0.99990681595685,0.999907663247375,0.999908516547147,0.99990937544707,0.999910239542746,0.999911108434017,0.999911981724456,0.99991285902087,0.999913739932775,0.999914624071827,0.999915511051265,0.999916400485265,0.999917291988309,0.999918185174457,0.999919079656592,0.99991997504559,0.999920870949419,0.999921766972137,0.9999226627128,0.999923557764251,0.999924451711749,0.999925344131465,0.999926234588767,0.999927122636286,0.999928007811726,0.999928889635351,0.999929767607131,0.999930641203423,0.999931509873156,0.999932373033401,0.999933230064178,0.999934080302383,0.999934923034617,0.999935757488699,0.99993658282354,0.99993739811701,0.999938202351324,0.999938994395285,0.999939772982619,0.999940536685325,0.999941283880617,0.999942012709647,0.999942721025468,0.999943406326815,0.999944065673011,0.999944695573369,0.999945291841746,0.999945849402707,0.999946362029471,0.99994682198389,0.999947219513019,0.999947542130995,0.999947773571559,0.999947892220846,0.999947868703615,0.999947662038615,0.999947213269757,0.999946434412735,0.999945188162893,0.99994324797346,0.999940212336849,0.999935298413446,0.999926760624127,0.999909824624327,0.99986584962062,0.999624705529364,0.998612015331156,0.999991193028803,0.999999509188676,0.999995744356109,0.999992441985267,0.999990102608797,0.999988491897345,0.999987394269594,0.999986660453052,0.999986190062023,0.999985914631962,0.999985786354954,0.999985771016822,0.999985843559353,0.99998598524012,0.999986181772874,0.999986422081497,0.999986697446455,0.999987000908068,0.999987326841398,0.999987670648168,0.999988028529955,0.99998839731881,0.999988774349079,0.99998915735925,0.999989544415921,0.999989933854321,0.999990324231316,0.999990714287979,0.999991102919493,0.999991489150808,0.999991872116777,0.999992251045847,0.999992625246612,0.999992994096608,0.999993357032978,0.999993713544602,0.999994063165496,0.999994405469168,0.999994740063845,0.999995066588378,0.999995384708713,0.999995694114875,0.999995994518333,0.999996285649726,0.999996567256881,0.999996839103071,0.999997100965508,0.999997352633987,0.999997593909729,0.999997824604323,0.999998044538813,0.999998253542862,0.999998451454043,0.999998638117173,0.999998813383723,0.999998977111311,0.999999129163222,0.99999926940798,0.999999397718976,0.999999513974112,0.999999618055498,0.999999709849158,0.999999789244776,0.999999856135466,0.999999910417545,0.999999951990353,0.99999998075606,0.999999996619503,0.999999999488049,0.999999989271433,0.999999965881656,0.999999929232842,0.999999879241155,0.999999815824677,0.999999738903323,0.999999648398757,0.999999544234306,0.999999426334898,0.999999294626976,0.999999149038444,0.999998989498606,0.999998815938105,0.999998628288876,0.999998426484091,0.999998210458123,0.999997980146489,0.999997735485822,0.99999747641382,0.999997202869219,0.999996914791766,0.999996612122168,0.99999629480207,0.999995962774042,0.999995615981525,0.999995254368823,0.999994877881078,0.999994486464241,0.99999408006505,0.999993658631016,0.999993222110398,0.999992770452186,0.999992303606077,0.999991821522476,0.999991324152449,0.999990811447743,0.999990283360746,0.999989739844475,0.999989180852575,0.999988606339297,0.999988016259484,0.999987410568564,0.999986789222539,0.999986152177962,0.999985499391943,0.999984830822131,0.999984146426701,0.999983446164347,0.999982729994273,0.999981997876192,0.999981249770295,0.99998048563727,0.999979705438276,0.999978909134942,0.999978096689353,0.999977268064056,0.999976423222036,0.999975562126724,0.999974684741978,0.999973791032087,0.999972880961759,0.999971954496114,0.999971011600682,0.999970052241395,0.999969076384581,0.99996808399696,0.999967075045637,0.999966049498095,0.9999650073222,0.999963948486179,0.999962872958634,0.999961780708518,0.999960671705154,0.999959545918203,0.99995840331768,0.999957243873944,0.999956067557692,0.999954874339957,0.999953664192097,0.999952437085811,0.999951192993104,0.999949931886312
1,1,1,1,1,1,1,1,0.999999999999999,1,0.999999999999998,1,1,1,1,0.999980673530517,0.999965650254239,0.999955788591183,0.999948052936088,0.999941586037124,0.999935996435561,0.999931065194342,0.999926654605692,0.999922671059694,0.999919047293817,0.999915732918432,0.999912688934581,0.99990988435921,0.999907294043062,0.999904897202198,0.999902676396315,0.999900616797737,0.999898705655616,0.999896931894964,0.999895285811068,0.999893758832822,0.999892343336791,0.999891032499255,0.999889820177107,0.999888700810966,0.999887669345626,0.999886721164155,0.999885852032871,0.999885058055062,0.999884335631794,0.999883681428525,0.999883092346478,0.999882565497969,0.999882098185052,0.999881687880915,0.99988133221364,0.999881028951924,0.999880775992508,0.99988057134906,0.999880413142288,0.999880299591159,0.99988022900503,0.999880199776614,0.999880210375643,0.999880259343169,0.999880345286408,0.999880466874074,0.999880622832132,0.999880811939948,0.999881033026766,0.999881284968491,0.999881566684751,0.999881877136182,0.99988221532195,0.999882580277465,0.999882971072259,0.999883386808042,0.999883826616891,0.999884289659573,0.999884775123983,0.99988528222371,0.999885810196661,0.999886358303824,0.999886925828083,0.999887512073098,0.999888116362294,0.999888738037879,0.999889376459922,0.999890031005501,0.99989070106789,0.999891386055785,0.999892085392575,0.999892798515656,0.999893524875772,0.999894263936392,0.999895015173104,0.999895778073048,0.999896552134373,0.999897336865702,0.999898131785627,0.999898936422218,0.999899750312545,0.999900573002213,0.999901404044907,0.999902243001956,0.999903089441882,0.999903942939976,0.999904803077866,0.999905669443085,0.999906541628647,0.999907419232595,0.999908301857588,0.99990918911042,0.999910080601579,0.999910975944758,0.999911874756373,0.999912776655028,0.999913681260979,0.99991458819556,0.999915497080568,0.999916407537598,0.999917319187347,0.999918231648843,0.999919144538614,0.999920057469777,0.999920970051026,0.999921881885538,0.99992279256973,0.999923701691889,0.999924608830634,0.999925513553175,0.999926415413356,0.999927313949423,0.999928208681487,0.999929099108597,0.999929984705401,0.999930864918247,0.999931739160698,0.99993260680826,0.999933467192229,0.999934319592425,0.999935163228586,0.999935997250148,0.999936820723958,0.999937632619539,0.999938431791183,0.999939216956114,0.999939986667706,0.999940739282272,0.999941472917688,0.999942185401283,0.99994287420371,0.9999435363541,0.999944168330044,0.999944765913278,0.999945323997873,0.999945836331693,0.999946295162413,0.999946690744374,0.99994701063812,0.999947238693544,0.99994735353688,0.999947326255061,0.999947116734611,0.999946667649529,0.999945894135869,0.999944665077239,0.999942766871993,0.999939827223758,0.99993513666246,0.99992716499153,0.999911943506844,0.999875453351748,0.99972164132533,0.672211777592231,0.999971227574845,0.99999999394757,0.999997266538201,0.999993820781393,0.999991255322758,0.999989454670577,0.99998820884768,0.999987359853969,0.999986798856524,0.999986451030951,0.999986264010161,0.999986200322526,0.999986232557155,0.999986340246223,0.999986507817372,0.999986723220493,0.999986976987344,0.999987261574727,0.999987570897113,0.99998789998842,0.999988244753388,0.999988601782139,0.99998896821011,0.99998934161088,0.999989719913302,0.999990101336746,0.999990484340011,0.999990867580659,0.999991249882376,0.999991630208586,0.999992007640939,0.999992381361691,0.999992750639152,0.999993114815601,0.999993473297209,0.99999382554557,0.999994171070566,0.999994509424322,0.999994840196051,0.999995163007659,0.999995477509959,0.999995783379427,0.999996080315379,0.999996368037535,0.99999664628389,0.999996914808849,0.999997173381623,0.999997421784768,0.999997659812948,0.999997887271811,0.999998103977006,0.99999830975331,0.99999850443384,0.999998687859359,0.999998859877663,0.999999020343011,0.999999169115636,0.999999306061272,0.999999431050777,0.999999543959738,0.999999644668157,0.999999733060143,0.999999809023628,0.999999872450135,0.999999923234539,0.999999961274857,0.999999986472069,0.999999998729934,0.999999997954828,0.999999984055614,0.999999956943484,0.999999916531855,0.999999862736237,0.99999979547414,0.999999714664969,0.999999620229935,0.999999512091966,0.999999390175637,0.999999254407094,0.999999104713978,0.999998941025374,0.999998763271746,0.999998571384878,0.999998365297831,0.999998144944884,0.9999979102615,0.999997661184275,0.9999973976509,0.999997119600129,0.999996826971732,0.999996519706472,0.999996197746067,0.999995861033169,0.999995509511321,0.999995143124947,0.999994761819311,0.999994365540505,0.999993954235425,0.999993527851741,0.999993086337886,0.999992629643026,0.999992157717057,0.999991670510568,0.999991167974847,0.999990650061835,0.999990116724143,0.999989567915015,0.999989003588318,0.999988423698537,0.999987828200754,0.999987217050634,0.999986590204424,0.999985947618924,0.999985289251495,0.99998461506004,0.999983925002984,0.999983219039284,0.999982497128405,0.999981759230312,0.999981005305466,0.999980235314816,0.999979449219784,0.999978646982266,0.999977828564617,0.999976993929644,0.999976143040603,0.999975275861191,0.999974392355538,0.999973492488195,0.999972576224141,0.999971643528763,0.999970694367859,0.999969728707628,0.999968746514664,0.999967747755952,0.999966732398864,0.999965700411147,0.999964651760931,0.999963586416706,0.999962504347338,0.999961405522043,0.9999602899104,0.999959157482331,0.999958008208112,0.999956842058358,0.999955659004023,0.999954459016392,0.999953242067088,0.999952008128044,0.999950757171531,0.999949489170133
1,1,0.999999999999999,1,1,1,1,1,1,1,1,0.999999999999999,1,0.999971265799802,0.999959351867278,0.999950538023725,0.99994335134154,0.999937224413921,0.999931865290728,0.999927099440105,0.999922812248369,0.99991892340391,0.999915373882112,0.999912118685505,0.999909122499976,0.99990635694925,0.999903798781362,0.999901428626421,0.999899230119427,0.999897189264602,0.999895293964362,0.99989353366342,0.999891899075265,0.999890381968731,0.99988897499921,0.99988767157351,0.999886465740492,0.999885352101681,0.999884325737515,0.999883382146004,0.999882517191331,0.999881727060464,0.999881008226294,0.999880357416135,0.999879771584649,0.99987924789044,0.999878783675764,0.999878376448787,0.999878023868086,0.999877723728984,0.999877473951496,0.99987727256966,0.999877117722024,0.999877007643179,0.999876940656179,0.99987691516573,0.99987692965207,0.999876982665448,0.999877072821107,0.99987719879477,0.999877359318506,0.999877553176979,0.999877779204023,0.999878036279498,0.999878323326426,0.99987863930834,0.999878983226861,0.999879354119458,0.999879751057378,0.99988017314373,0.999880619511721,0.999881089323005,0.999881581766154,0.999882096055236,0.99988263142849,0.99988318714708,0.999883762493949,0.999884356772718,0.999884969306674,0.999885599437826,0.99988624652598,0.999886909947916,0.999887589096568,0.99988828338028,0.999888992222085,0.999889715059027,0.999890451341513,0.999891200532697,0.9998919621079,0.999892735554039,0.999893520369107,0.999894316061635,0.999895122150215,0.999895938163007,0.999896763637289,0.99989759811899,0.999898441162266,0.999899292329064,0.999900151188699,0.999901017317452,0.999901890298141,0.999902769719731,0.999903655176918,0.999904546269723,0.999905442603085,0.999906343786433,0.999907249433274,0.999908159160749,0.999909072589185,0.999909989341631,0.999910909043367,0.999911831321403,0.999912755803923,0.999913682119734,0.999914609897637,0.999915538765788,0.999916468350964,0.999917398277829,0.999918328168064,0.999919257639464,0.999920186304923,0.999921113771309,0.99992203963822,0.99992296349659,0.999923884927133,0.999924803498566,0.999925718765637,0.999926630266852,0.99992753752189,0.999928440028652,0.999929337259852,0.999930228659074,0.999931113636215,0.999931991562143,0.999932861762466,0.999933723510167,0.999934576016909,0.999935418422688,0.999936249783456,0.999937069056213,0.999937875080998,0.999938666558907,0.999939442025156,0.999940199815777,0.999940938026137,0.999941654458836,0.999942346557658,0.999943011323045,0.999943645202708,0.999944243948498,0.999944802426679,0.999945314362945,0.999945771994452,0.999946165586834,0.999946482750997,0.999946707455921,0.999946818567599,0.999946787626578,0.999946575359143,0.999946125996187,0.999945357613823,0.999944144839085,0.999942285872461,0.999939434461916,0.999934944645325,0.999927464970164,0.999913652476953,0.999882660720095,0.999774258620616,0.996540696839719,0.999915778239127,0.99999886706421,0.999998629195583,0.999995219588354,0.999992454670209,0.999990463613381,0.999989064175161,0.999988094353714,0.999987437855914,0.999987013587402,0.99998676450594,0.999986649740493,0.999986639403875,0.999986711204499,0.999986848207864,0.99998703733154,0.999987268313746,0.999987532993056,0.999987824796274,0.999988138368207,0.999988469299801,0.999988813925683,0.999989169171381,0.999989532436601,0.999989901505082,0.999990274474234,0.999990649699695,0.999991025751236,0.999991401377437,0.999991775477112,0.999992147076094,0.999992515308181,0.999992879399453,0.999993238655237,0.999993592449263,0.999993940214542,0.999994281435692,0.99999461564245,0.999994942404124,0.999995261324892,0.999995572039729,0.999995874210933,0.999996167525109,0.999996451690539,0.999996726434932,0.999996991503419,0.999997246656822,0.99999749167012,0.999997726331106,0.999997950439206,0.999998163804414,0.999998366246372,0.999998557593525,0.99999873768239,0.999998906356888,0.999999063467747,0.999999208871986,0.999999342432406,0.999999464017187,0.999999573499476,0.999999670757048,0.999999755671976,0.999999828130343,0.999999888021982,0.999999935240225,0.999999969681689,0.999999991246078,0.999999999835991,0.999999995356753,0.999999977716273,0.99999994682488,0.999999902595211,0.999999844942073,0.999999773782348,0.999999689034876,0.999999590620363,0.999999478461295,0.999999352481851,0.99999921260783,0.999999058766578,0.999998890886915,0.99999870889909,0.999998512734702,0.99999830232666,0.99999807760913,0.999997838517477,0.999997584988242,0.999997316959072,0.999997034368707,0.999996737156925,0.999996425264513,0.999996098633238,0.99999575720581,0.999995400925854,0.999995029737884,0.999994643587277,0.999994242420242,0.999993826183806,0.999993394825786,0.999992948294764,0.999992486540075,0.999992009511786,0.999991517160665,0.999991009438187,0.999990486296494,0.999989947688395,0.99998939356734,0.999988823887414,0.999988238603317,0.999987637670357,0.999987021044425,0.999986388681997,0.999985740540115,0.999985076576373,0.999984396748914,0.999983701016414,0.999982989338068,0.999982261673594,0.999981517983206,0.99998075822762,0.99997998236804,0.999979190366138,0.999978382184069,0.999977557784443,0.999976717130329,0.999975860185239,0.999974986913132,0.999974097278392,0.999973191245836,0.999972268780701,0.999971329848631,0.999970374415691,0.99996940244833,0.999968413913407,0.999967408778167,0.999966387010242,0.999965348577634,0.999964293448729,0.999963221592282,0.999962132977407,0.99996102757358,0.999959905350631,0.999958766278739,0.999957610328431,0.999956437470578,0.999955247676381,0.999954040917375,0.999952817165431,0.999951576392738,0.999950318571805,0.999949043675463
1,0.999999999999999,1,1,1,1,1,1,1,1,0.999979329435945,0.999963828141449,0.99995357183982,0.999945506145282,0.999938752938996,0.99993290895675,0.999927748001594,0.999923127549008,0.999918950603015,0.999915147412918,0.99991166569597,0.999908464972062,0.999905513072437,0.99990278388038,0.999900255809669,0.999897910745447,0.999895733286011,0.999893710186882,0.999891829944629,0.999890082479609,0.999888458890185,0.999886951259607,0.999885552502302,0.999884256240122,0.999883056701667,0.999881948639605,0.999880927262191,0.999879988176053,0.999879127338092,0.999878341014749,0.999877625747276,0.999876978321986,0.999876395744602,0.999875875218055,0.99987541412314,0.999875010001624,0.999874660541415,0.999874363563479,0.999874117010284,0.999873918935531,0.999873767495014,0.999873660938445,0.999873597602143,0.999873575902445,0.999873594329784,0.999873651443328,0.999873745866131,0.999873876280731,0.999874041425129,0.999874240089148,0.999874471111088,0.99987473337466,0.999875025806188,0.999875347372028,0.999875697076184,0.999876073958128,0.999876477090768,0.999876905578572,0.999877358555827,0.999877835185041,0.999878334655426,0.999878856181501,0.999879399001797,0.999879962377629,0.999880545591969,0.999881147948357,0.999881768769921,0.999882407398421,0.999883063193375,0.99988373553121,0.999884423804482,0.999885127421132,0.999885845803782,0.999886578389058,0.999887324626961,0.999888083980267,0.999888855923935,0.999889639944576,0.999890435539913,0.999891242218279,0.999892059498138,0.999892886907603,0.999893723983999,0.999894570273416,0.999895425330279,0.999896288716949,0.999897160003303,0.999898038766337,0.999898924589778,0.9998998170637,0.999900715784121,0.999901620352639,0.999902530376029,0.999903445465862,0.99990436523811,0.999905289312736,0.999906217313298,0.999907148866512,0.999908083601813,0.999909021150906,0.999909961147286,0.999910903225722,0.999911847021739,0.999912792171033,0.999913738308873,0.999914685069444,0.999915632085123,0.999916578985722,0.999917525397636,0.999918470942913,0.999919415238233,0.999920357893781,0.999921298511967,0.999922236686029,0.99992317199845,0.999924104019162,0.999925032303526,0.999925956390047,0.999926875797741,0.999927790023144,0.999928698536841,0.999929600779487,0.999930496157179,0.999931384036047,0.999932263735932,0.999933134522952,0.999933995600708,0.999934846099827,0.999935685065466,0.999936511442314,0.999937324056418,0.999938121593111,0.999938902569924,0.999939665303218,0.999940407866619,0.999941128038945,0.999941823238297,0.999942490437875,0.999943126057272,0.999943725820592,0.999944284568831,0.9999447960085,0.999945252369633,0.999945643932834,0.999945958362891,0.999946179750306,0.999946287200023,0.999946252697433,0.999946037781494,0.999945588171001,0.999944824715752,0.999943627383894,0.999941805167343,0.999939035133348,0.999934726638255,0.999927678033268,0.999915040691494,0.999888224639302,0.99980669497377,0.99894027917963,0.999739024697608,0.999994473959458,0.999999644800292,0.999996599034275,0.999993689494786,0.999991515030742,0.999989958947409,0.999988863504539,0.999988106935882,0.999987602297026,0.999987287876162,0.999987119309269,0.999987064129577,0.999987098132117,0.999987202948017,0.999987364405764,0.999987571405744,0.999987815133711,0.999988088501644,0.999988385743745,0.999988702120053,0.999989033695947,0.999989377175894,0.999989729776632,0.9999900891293,0.999990453203146,0.999990820245468,0.999991188733908,0.999991557338253,0.999991924889603,0.999992290355295,0.999992652818385,0.999993011460738,0.99999336554902,0.999993714423017,0.999994057485848,0.999994394195725,0.999994724058972,0.999995046624109,0.999995361476778,0.99999566823541,0.999995966547487,0.999996256086325,0.999996536548277,0.99999680765029,0.9999970691278,0.999997320732864,0.99999756223254,0.999997793407439,0.99999801405047,0.999998223965718,0.999998422967446,0.999998610879205,0.999998787533058,0.999998952768866,0.999999106433656,0.999999248381066,0.999999378470817,0.999999496568274,0.999999602544011,0.999999696273454,0.999999777636532,0.999999846517372,0.999999902804014,0.999999946388163,0.999999977164943,0.9999999950327,0.9999999998928,0.999999991649441,0.999999970209507,0.999999935482403,0.999999887379927,0.999999825816122,0.99999975070719,0.999999661971349,0.999999559528755,0.999999443301402,0.99999931321303,0.999999169189049,0.999999011156464,0.999998839043798,0.999998652781044,0.999998452299583,0.999998237532141,0.999998008412728,0.999997764876591,0.999997506860177,0.999997234301067,0.99999694713796,0.999996645310611,0.999996328759811,0.999995997427345,0.999995651255964,0.999995290189348,0.999994914172087,0.999994523149635,0.999994117068311,0.999993695875253,0.999993259518397,0.999992807946467,0.999992341108943,0.999991858956043,0.999991361438705,0.999990848508574,0.999990320117974,0.999989776219894,0.999989216767987,0.99998864171653,0.999988051020435,0.99998744463521,0.999986822516971,0.999986184622407,0.999985530908785,0.999984861333927,0.999984175856205,0.999983474434525,0.999982757028321,0.999982023597549,0.999981274102667,0.999980508504624,0.999979726764872,0.999978928845333,0.999978114708406,0.999977284316949,0.999976437634281,0.999975574624165,0.999974695250811,0.999973799478853,0.99997288727336,0.999971958599822,0.999971013424138,0.99997005171262,0.999969073431977,0.999968078549317,0.999967067032135,0.999966038848316,0.999964993966116,0.999963932354175,0.99996285398149,0.999961758817433,0.999960646831723,0.999959517994445,0.999958372276025,0.99995720964724,0.9999560300792,0.999954833543356,0.999953620011488,0.99995238945571,0.999951141848455,0.999949877162474,0.999948595370833
1,0.999999999999999,0.999999999999999,0.999999999999999,1,1,0.999999999999999,1,0.999969666008894,0.999957303868618,0.999948124989214,0.999940627181871,0.999934226914396,0.999928622833808,0.999923634411855,0.999919142940973,0.999915065167409,0.999911339866718,0.999907920344255,0.999904769942827,0.999901859200763,0.999899163973333,0.99989666414525,0.999894342721041,0.999892185165642,0.999890178915593,0.999888313009622,0.999886577804651,0.999884964754169,0.999883466232886,0.999882075396383,0.999880786067485,0.999879592643353,0.999878490018867,0.999877473522876,0.999876538864787,0.999875682089448,0.999874899538846,0.999874187819372,0.999873543773662,0.999872964456283,0.999872447112621,0.999871989160465,0.999871588173871,0.999871241868978,0.999870948091463,0.999870704805462,0.999870510083669,0.999870362098558,0.999870259114482,0.999870199480611,0.999870181624562,0.999870204046662,0.99987026531475,0.999870364059464,0.999870498969966,0.999870668790043,0.999870872314525,0.999871108386067,0.999871375892129,0.999871673762254,0.999872000965535,0.999872356508303,0.999872739431972,0.99987314881106,0.999873583751346,0.999874043388173,0.999874526884855,0.999875033431208,0.999875562242182,0.999876112556563,0.999876683635793,0.999877274762836,0.999877885241129,0.999878514393604,0.999879161561751,0.999879826104749,0.999880507398644,0.999881204835578,0.999881917823038,0.999882645783184,0.999883388152172,0.999884144379545,0.999884913927622,0.99988569627094,0.999886490895713,0.999887297299313,0.999888114989772,0.999888943485314,0.999889782313888,0.99989063101273,0.999891489127934,0.999892356214046,0.999893231833644,0.999894115556964,0.999895006961502,0.999895905631645,0.999896811158288,0.999897723138481,0.999898641175047,0.999899564876228,0.999900493855312,0.99990142773027,0.999902366123375,0.999903308660826,0.999904254972363,0.999905204690856,0.9999061574519,0.999907112893386,0.999908070655041,0.999909030377966,0.999909991704129,0.999910954275834,0.999911917735158,0.999912881723337,0.999913845880105,0.99991480984299,0.999915773246527,0.999916735721409,0.999917696893546,0.999918656383045,0.999919613803044,0.999920568758443,0.999921520844472,0.999922469645083,0.999923414731147,0.99992435565839,0.999925291965077,0.999926223169348,0.999927148766174,0.999928068223852,0.999928980979968,0.999929886436689,0.999930783955319,0.999931672849889,0.999932552379633,0.999933421740113,0.999934280052663,0.99993512635179,0.999935959570055,0.999936778519798,0.999937581870939,0.999938368123818,0.999939135575708,0.999939882279251,0.999940605990416,0.999941304102763,0.999941973563637,0.999942610766215,0.999943211408875,0.999943770309759,0.999944281158987,0.99994473618264,0.999945125679632,0.99994543737179,0.999945655473125,0.999945759326304,0.99994572135268,0.999945503877692,0.999945054043008,0.999944295318311,0.999943112648092,0.999941324918597,0.999938630158926,0.999934486189853,0.999927818031424,0.999916173420854,0.999892615162298,0.999828424213589,0.999415397973398,0.998916359004067,0.99998326040408,0.999999990357593,0.99999789650109,0.999994942384492,0.999992603003009,0.999990890900567,0.999989666381588,0.99998880570701,0.999988216994606,0.999987834049728,0.999987608994798,0.999987506711606,0.999987501006424,0.999987572010407,0.999987704409332,0.999987886222932,0.999988107950203,0.999988361961387,0.999988642058665,0.999988943154024,0.999989261029753,0.999989592158038,0.999989933563469,0.99999028271702,0.999990637453505,0.999990995906643,0.99999135645755,0.999991717693511,0.999992078374743,0.999992437407389,0.999992793821444,0.999993146752558,0.999993495426999,0.999993839149097,0.999994177290758,0.999994509282621,0.999994834606582,0.999995152789453,0.999995463397547,0.999995766032027,0.999996060324927,0.999996345935699,0.999996622548234,0.999996889868268,0.999997147621115,0.99999739554969,0.999997633412774,0.999997860983489,0.999998078047938,0.999998284404031,0.999998479860405,0.999998664235503,0.999998837356727,0.999998999059688,0.99999914918754,0.999999287590375,0.999999414124685,0.999999528652878,0.999999631042833,0.999999721167503,0.999999798904561,0.999999864136067,0.999999916748178,0.999999956630867,0.999999983677693,0.999999997785557,0.999999998854507,0.999999986787554,0.999999961490488,0.999999922871718,0.99999987084214,0.999999805314988,0.999999726205715,0.999999633431878,0.999999526913026,0.999999406570614,0.999999272327901,0.999999124109863,0.999998961843127,0.999998785455881,0.999998594877824,0.99999839004008,0.999998170875158,0.999997937316887,0.999997689300364,0.999997426761907,0.999997149639009,0.999996857870292,0.999996551395469,0.999996230155308,0.999995894091591,0.999995543147082,0.999995177265496,0.999994796391472,0.999994400470537,0.999993989449081,0.999993563274337,0.999993121894354,0.999992665257967,0.999992193314786,0.999991706015169,0.999991203310203,0.999990685151688,0.99999015149211,0.999989602284639,0.999989037483096,0.999988457041954,0.999987860916306,0.999987249061867,0.99998662143495,0.999985977992451,0.999985318691849,0.999984643491183,0.999983952349039,0.999983245224548,0.999982522077372,0.999981782867687,0.999981027556185,0.999980256104055,0.999979468472975,0.999978664625105,0.999977844523081,0.999977008130005,0.999976155409433,0.999975286325372,0.99997440084227,0.999973498925014,0.99997258053891,0.999971645649695,0.999970694223511,0.999969726226918,0.999968741626871,0.99996774039072,0.999966722486212,0.999965687881468,0.999964636545,0.999963568445684,0.999962483552769,0.999961381835868,0.999960263264945,0.999959127810326,0.999957975442681,0.999956806133026,0.999955619852716,0.999954416573442,0.999953196267226,0.999951958906412,0.999950704463678,0.99994943291201,0.999948144224714
1,0.999999999999999,1,0.999999999999999,1,0.999977988915478,0.999961977402983,0.999951311684574,0.999942905082287,0.999935856614439,0.99992975048681,0.999924352885587,0.99991951626281,0.999915140104099,0.999911152079716,0.999907497948234,0.999904135699171,0.999901031940009,0.999898159556391,0.999895496135411,0.999893022867558,0.999890723760319,0.9998885850614,0.999886594826794,0.999884742591448,0.999883019114081,0.999881416176621,0.999879926424575,0.999878543238468,0.999877260629267,0.999876073152471,0.999874975836949,0.999873964125514,0.999873033824921,0.999872181063534,0.999871402255247,0.999870694068562,0.999870053399933,0.999869477350679,0.999868963206894,0.999868508421896,0.99986811060079,0.9998677674869,0.999867476949741,0.999867236974353,0.9998670456518,0.999866901170685,0.999866801809546,0.999866745930006,0.999866731970628,0.999866758441344,0.999866823918417,0.999866927039861,0.999867066501285,0.999867241052092,0.999867449492009,0.999867690667912,0.999867963470919,0.999868266833706,0.999868599728034,0.999868961162491,0.999869350180386,0.999869765857793,0.999870207301769,0.999870673648657,0.999871164062558,0.999871677733866,0.999872213877912,0.999872771733728,0.999873350562841,0.999873949648197,0.999874568293092,0.999875205820237,0.999875861570822,0.99987653490366,0.99987722519438,0.999877931834669,0.999878654231525,0.999879391806607,0.99988014399555,0.999880910247383,0.999881690023914,0.999882482799192,0.999883288058964,0.999884105300173,0.999884934030467,0.999885773767729,0.999886624039639,0.999887484383229,0.999888354344471,0.999889233477875,0.999890121346095,0.999891017519542,0.999891921576021,0.999892833100357,0.999893751684044,0.999894676924891,0.999895608426657,0.999896545798731,0.999897488655761,0.999898436617322,0.999899389307555,0.999900346354817,0.999901307391324,0.999902272052776,0.999903239977988,0.999904210808489,0.999905184188127,0.999906159762636,0.999907137179199,0.999908116085972,0.999909096131601,0.999910076964671,0.99991105823316,0.999912039583818,0.999913020661504,0.999914001108476,0.999914980563597,0.999915958661486,0.999916935031569,0.999917909297023,0.999918881073629,0.999919849968474,0.999920815578489,0.999921777488838,0.999922735271073,0.999923688481056,0.999924636656604,0.999925579314776,0.99992651594882,0.999927446024586,0.999928368976459,0.999929284202594,0.999930191059394,0.999931088855029,0.999931976841859,0.999932854207445,0.999933720063913,0.99993457343526,0.999935413242128,0.999936238283422,0.99993704721403,0.999937838517553,0.999938610472778,0.999939361112096,0.999940088169526,0.999940789015193,0.999941460571945,0.999942099208148,0.999942700598392,0.99994325954024,0.999943769710054,0.999944223332883,0.999944610729029,0.999944919680145,0.999945134525345,0.99994523484343,0.999945193482781,0.999944973530033,0.99994452348839,0.999943769305036,0.999942600569235,0.99994084526252,0.999938220326212,0.999934226267895,0.99992789608108,0.999917099515285,0.999896140171166,0.999843853411409,0.999597088487239,0.984003502176081,0.999956844374515,0.999999096531906,0.999999012667841,0.999996186789683,0.999993718517593,0.999991856482592,0.999990501435959,0.999989533440452,0.999988857312594,0.999988402825686,0.999988118674489,0.999987967063878,0.999987919757418,0.999987955331034,0.999988057279343,0.999988212701246,0.999988411376397,0.999988645107087,0.999988907242397,0.999989192329262,0.999989495853114,0.999989814042642,0.999990143721076,0.999990482191636,0.999990827148391,0.999991176606216,0.999991528845269,0.999991882366582,0.999992235856306,0.999992588156673,0.999992938242271,0.999993285200522,0.999993628215535,0.999993966554669,0.99999429955728,0.999994626625261,0.999994947215052,0.999995260830848,0.999995567018812,0.999995865362125,0.999996155476723,0.999996437007614,0.999996709625723,0.999996973025092,0.999997226920494,0.99999747104532,0.999997705149732,0.999997928999032,0.99999814237224,0.999998345060815,0.99999853686754,0.999998717605518,0.999998887097282,0.999999045174012,0.999999191674806,0.999999326446058,0.999999449340877,0.999999560218577,0.999999658944204,0.999999745388125,0.999999819425643,0.999999880936649,0.999999929805308,0.999999965919787,0.999999989171974,0.999999999457252,0.999999996674283,0.999999980724806,0.999999951513447,0.99999990894757,0.999999852937099,0.999999783394397,0.999999700234125,0.999999603373115,0.999999492730274,0.999999368226459,0.999999229784409,0.999999077328628,0.99999891078532,0.999998730082298,0.999998535148929,0.999998325916053,0.999998102315924,0.999997864282161,0.999997611749672,0.999997344654628,0.999997062934397,0.999996766527503,0.999996455373588,0.999996129413376,0.999995788588612,0.99999543284206,0.999995062117449,0.999994676359442,0.999994275513609,0.999993859526406,0.99999342834514,0.999992981917946,0.999992520193756,0.999992043122299,0.99999155065405,0.999991042740227,0.999990519332772,0.999989980384325,0.999989425848206,0.999988855678408,0.999988269829573,0.999987668256973,0.999987050916507,0.999986417764676,0.999985768758573,0.999985103855874,0.999984423014823,0.999983726194216,0.999983013353392,0.999982284452229,0.999981539451119,0.999980778310976,0.999980000993211,0.999979207459728,0.999978397672915,0.999977571595637,0.999976729191225,0.999975870423468,0.999974995256609,0.999974103655328,0.999973195584746,0.999972271010411,0.999971329898291,0.999970372214774,0.999969397926651,0.999968407001117,0.999967399405766,0.999966375108577,0.999965334077916,0.99996427628253,0.999963201691536,0.999962110274421,0.999961002001032,0.99995987684158,0.999958734766622,0.999957575747064,0.999956399754166,0.999955206759511,0.99995399673503,0.999952769652978,0.999951525485933,0.999950264206804,0.999948985788811,0.999947690205492
1,0.999999999999999,1,0.999968050168828,0.999955220209233,0.999945663647668,0.999937844764683,0.999931162729224,0.999925306273606,0.999920088597017,0.999915386729204,0.999911114362194,0.999907207992826,0.999903619171224,0.999900309852909,0.99989724945622,0.999894412915987,0.999891779348933,0.999889331110414,0.999887053110366,0.999884932306103,0.999882957318905,0.999881118139194,0.999879405896422,0.999877812676998,0.999876331378508,0.9998749555917,0.999873679503976,0.999872497819799,0.999871405694461,0.999870398678583,0.999869472671255,0.999868623880232,0.999867848787913,0.999867144122082,0.99986650683066,0.999865934059756,0.999865423134524,0.999864971542418,0.999864576918425,0.999864237032061,0.999863949775836,0.999863713154991,0.999863525278346,0.999863384350122,0.999863288662589,0.999863236589454,0.9998632265799,0.999863257153191,0.999863326893772,0.999863434446833,0.999863578514253,0.999863757850904,0.999863971261274,0.999864217596365,0.999864495750845,0.999864804660445,0.999865143299524,0.999865510678871,0.999865905843627,0.999866327871382,0.999866775870419,0.999867248978065,0.999867746359163,0.999868267204646,0.999868810730222,0.999869376175126,0.999869962800956,0.999870569890599,0.999871196747203,0.999871842693223,0.999872507069524,0.999873189234526,0.999873888563415,0.99987460444738,0.999875336292913,0.999876083521113,0.999876845567072,0.999877621879242,0.999878411918882,0.999879215159487,0.999880031086284,0.999880859195714,0.999881698994955,0.999882550001483,0.999883411742602,0.999884283755047,0.999885165584551,0.999886056785469,0.999886956920384,0.999887865559737,0.999888782281471,0.999889706670671,0.999890638319215,0.999891576825446,0.999892521793824,0.999893472834598,0.999894429563475,0.999895391601292,0.999896358573686,0.999897330110761,0.999898305846748,0.999899285419668,0.999900268470986,0.999901254645244,0.999902243589701,0.999903234953947,0.999904228389504,0.999905223549404,0.999906220087757,0.999907217659287,0.999908215918831,0.999909214520806,0.999910213118651,0.999911211364216,0.999912208907091,0.999913205393878,0.999914200467416,0.999915193765905,0.999916184921952,0.999917173561508,0.999918159302704,0.999919141754524,0.99992012051535,0.999921095171309,0.999922065294411,0.99992303044044,0.999923990146569,0.999924943928618,0.999925891277939,0.999926831657815,0.99992776449932,0.999928689196512,0.999929605100829,0.999930511514573,0.999931407683224,0.999932292786403,0.999933165927121,0.999934026119016,0.999934872271012,0.99993570316888,0.999936517452823,0.999937313590181,0.999938089841828,0.999938844220627,0.999939574439527,0.99994027784629,0.99994095134055,0.999941591267429,0.999942193279557,0.999942752156076,0.999943261562051,0.999943713724222,0.999944098987085,0.999944405194585,0.999944616812178,0.999944713652921,0.999944668983261,0.999944446626638,0.999943996389911,0.999943246565748,0.999942091086117,0.99994036631371,0.999937806311789,0.999933949372051,0.999927921204262,0.999917856243104,0.999899009384923,0.999855287837185,0.9996887377475,0.987948070908884,0.999892585817813,0.999995925144947,0.999999789131615,0.999997382699002,0.999994848249249,0.999992850412094,0.999991366304379,0.999990288974314,0.999989522630153,0.999988993843159,0.999988648118306,0.999988445024335,0.999988354259041,0.999988352803065,0.999988422919193,0.999988550749436,0.99998872532377,0.999988937851552,0.999989181208383,0.999989449559536,0.99998973808003,0.999990042743943,0.999990360164009,0.999990687468115,0.999991022203295,0.999991362260303,0.999991705813891,0.99999205127509,0.999992397252784,0.999992742522558,0.999993086001244,0.999993426726006,0.999993763837042,0.999994096563201,0.99999442420995,0.999994746149263,0.999995061811079,0.999995370676062,0.999995672269415,0.999995966155611,0.999996251933837,0.99999652923409,0.999996797713787,0.99999705705482,0.999997306960995,0.999997547155792,0.999997777380405,0.999997997392007,0.999998206962232,0.999998405875835,0.999998593929493,0.999998770930752,0.999998936697073,0.99999909105501,0.999999233839434,0.999999364892879,0.999999484064918,0.999999591211636,0.999999686195117,0.999999768883022,0.999999839148167,0.999999896868171,0.99999994192512,0.999999974205265,0.999999993598747,0.99999999999935,0.999999993304271,0.999999973413904,0.999999940231655,0.999999893663757,0.999999833619125,0.999999760009183,0.99999967274774,0.999999571750864,0.999999456936759,0.999999328225655,0.999999185539712,0.999999028802923,0.999998857941027,0.999998672881434,0.999998473553137,0.999998259886655,0.999998031813961,0.99999778926842,0.999997532184732,0.999997260498886,0.999996974148099,0.999996673070774,0.999996357206454,0.999996026495785,0.999995680880469,0.999995320303238,0.999994944707805,0.999994554038847,0.999994148241958,0.999993727263634,0.999993291051237,0.99999283955297,0.999992372717855,0.999991890495705,0.999991392837109,0.999990879693399,0.99999035101664,0.999989806759606,0.999989246875765,0.999988671319258,0.999988080044887,0.999987473008086,0.99998685016493,0.999986211472094,0.999985556886856,0.99998488636708,0.999984199871198,0.999983497358206,0.999982778787643,0.999982044119591,0.999981293314653,0.999980526333948,0.999979743139102,0.999978943692237,0.99997812795596,0.999977295893352,0.999976447467968,0.999975582643823,0.999974701385383,0.999973803657555,0.999972889425693,0.999971958655565,0.99997101131338,0.999970047365745,0.999969066779688,0.999968069522639,0.999967055562416,0.999966024867238,0.999964977405702,0.999963913146785,0.999962832059839,0.999961734114581,0.999960619281095,0.999959487529821,0.999958338831548,0.999957173157419,0.999955990478915,0.999954790767856,0.999953573996403,0.999952340137036,0.99995108916257,0.999949821046137,0.999948535761182,0.999947233281474
0.99997665500776,0.999960100616685,0.999949010069615,0.999940251279006,0.999932898298342,0.99992652203086,0.999920880664918,0.999915821409053,0.999911240089972,0.999907061702801,0.999903229978238,0.999899701323677,0.999896441082922,0.999893421112379,0.999890618146961,0.999888012661562,0.999885588055406,0.999883330053624,0.999881226259055,0.999879265810387,0.99987743911725,0.999875737651991,0.999874153783887,0.999872680645661,0.999871312024852,0.999870042274597,0.999868866239695,0.999867779194886,0.99986677679291,0.999865855020536,0.999865010161057,0.999864238762191,0.999863537608372,0.99986290369677,0.999862334216434,0.999861826530023,0.999861378157813,0.999860986763564,0.999860650142053,0.999860366207977,0.999860132986098,0.999859948602412,0.999859811276266,0.999859719313242,0.999859671098765,0.999859665092325,0.999859699822256,0.999859773880958,0.999859885920597,0.999860034649155,0.999860218826837,0.999860437262755,0.999860688811932,0.999860972372502,0.999861286883163,0.999861631320812,0.99986200469837,0.99986240606276,0.999862834493055,0.99986328909872,0.999863769018022,0.999864273416517,0.999864801485663,0.999865352441499,0.999865925523452,0.999866519993162,0.999867135133443,0.99986777024726,0.999868424656799,0.99986909770257,0.999869788742582,0.999870497151543,0.999871222320125,0.999871963654265,0.999872720574495,0.999873492515298,0.999874278924534,0.999875079262849,0.999875893003147,0.999876719630072,0.999877558639499,0.999878409538089,0.999879271842816,0.999880145080543,0.999881028787608,0.99988192250941,0.999882825800037,0.999883738221886,0.999884659345296,0.9998855887482,0.999886526015777,0.999887470740124,0.999888422519921,0.999889380960104,0.999890345671549,0.999891316270763,0.999892292379557,0.999893273624745,0.999894259637819,0.99989525005464,0.999896244515116,0.999897242662883,0.999898244144962,0.99989924861144,0.999900255715099,0.999901265111073,0.999902276456457,0.999903289409925,0.999904303631318,0.999905318781187,0.999906334520364,0.999907350509445,0.999908366408255,0.999909381875307,0.999910396567162,0.999911410137771,0.999912422237748,0.999913432513571,0.999914440606706,0.999915446152642,0.99991644877982,0.999917448108446,0.99991844374916,0.999919435301551,0.999920422352486,0.99992140447422,0.99992238122228,0.999923352133013,0.999924316720843,0.9999252744751,0.999926224856378,0.999927167292345,0.999928101172884,0.99992902584444,0.99992994060343,0.999930844688476,0.999931737271314,0.99993261744595,0.999933484215816,0.999934336478344,0.999935173006437,0.999935992425993,0.999936793188541,0.999937573537622,0.999938331467262,0.999939064670202,0.999939770472878,0.999940445752958,0.999941086833789,0.999941689347809,0.999942248057761,0.999942756619739,0.999943207264695,0.999943590363867,0.999943893825681,0.999944102242855,0.999944195660559,0.999944147754375,0.999943923061047,0.999943472636417,0.999942726996081,0.999941584138866,0.999939888168404,0.999937388699271,0.999933657621419,0.999927900797089,0.999918472517899,0.99990137039042,0.999864041825654,0.999742662741474,0.997954540453251,0.999715097817761,0.999988492853364,0.999999970080284,0.999998470046104,0.999995972829824,0.999993865082976,0.999992257561705,0.999991070595365,0.999990212010242,0.999989606544971,0.999989196966233,0.999988940340185,0.999988804319082,0.999988764269646,0.999988801193284,0.999988900245072,0.999989049678309,0.999989240086374,0.999989463852124,0.99998971474323,0.999989987611143,0.99999027816448,0.999990582796471,0.999990898452209,0.999991222525428,0.99999155277753,0.999991887273441,0.999992224330439,0.999992562476957,0.99999290041919,0.999993237013875,0.999993571245877,0.999993902209728,0.99999422909423,0.99999455116962,0.999994867776773,0.999995178318092,0.999995482249785,0.999995779075291,0.999996068339635,0.999996349624617,0.999996622544634,0.999996886743082,0.999997141889229,0.999997387675489,0.999997623815053,0.99999785003979,0.999998066098425,0.999998271754927,0.999998466787077,0.999998650985202,0.999998824151066,0.999998986096861,0.999999136644319,0.999999275623916,0.999999402874158,0.999999518240942,0.999999621576975,0.999999712741261,0.999999791598627,0.999999858019292,0.999999911878504,0.999999953056162,0.999999981436517,0.999999996907879,0.999999999362347,0.999999988695581,0.999999964806554,0.999999927597386,0.999999876973127,0.999999812841605,0.999999735113258,0.999999643700995,0.999999538520058,0.999999419487905,0.999999286524088,0.999999139550152,0.999998978489535,0.999998803267475,0.999998613810928,0.999998410048492,0.999998191910324,0.99999795932808,0.999997712234847,0.999997450565088,0.999997174254576,0.999996883240347,0.99999657746066,0.999996256854935,0.999995921363718,0.999995570928639,0.999995205492373,0.999994824998606,0.999994429391998,0.999994018618154,0.999993592623586,0.999993151355694,0.999992694762734,0.999992222793795,0.999991735398763,0.999991232528315,0.999990714133887,0.999990180167656,0.999989630582514,0.99998906533206,0.999988484370571,0.999987887652989,0.99998727513491,0.999986646772558,0.999986002522781,0.999985342343024,0.999984666191326,0.999983974026306,0.99998326580714,0.999982541493561,0.999981801045841,0.999981044424781,0.999980271591706,0.999979482508441,0.999978677137315,0.999977855441146,0.999977017383228,0.999976162927326,0.999975292037675,0.999974404678955,0.999973500816294,0.999972580415262,0.999971643441855,0.999970689862501,0.999969719644029,0.999968732753697,0.999967729159154,0.999966708828447,0.99996567173002,0.999964617832694,0.999963547105677,0.999962459518543,0.999961355041242,0.999960233644078,0.999959095297722,0.999957939973187,0.999956767641843,0.999955578275396,0.999954371845896,0.999953148325723,0.999951907687586,0.99995064990452,0.999949374949883,0.999948082797346,0.999946773420891
0.999943155783067,0.999935005518205,0.999928033020796,0.999921916561745,0.999916462773161,0.999911544242614,0.999907071489152,0.999902978647538,0.999899215451517,0.999895742422895,0.999892527823761,0.999889545639551,0.999886774195448,0.999884195178144,0.999881792926237,0.999879553903953,0.999877466303231,0.999875519737707,0.999873705003819,0.999872013891785,0.999870439034208,0.999868973783544,0.999867612111873,0.999866348528234,0.999865178009834,0.99986409594441,0.999863098081545,0.999862180491341,0.999861339529055,0.999860571804743,0.999859874156998,0.999859243630182,0.999858677454521,0.999858173028716,0.999857727904622,0.999857339773724,0.999857006455156,0.999856725885052,0.99985649610704,0.999856315263748,0.999856181589162,0.999856093401778,0.999856049098389,0.999856047148508,0.999856086089259,0.999856164520794,0.999856281102059,0.999856434546982,0.999856623620949,0.999856847137593,0.999857103955845,0.999857392977216,0.999857713143297,0.99985806343345,0.999858442862676,0.999858850479638,0.999859285364831,0.999859746628876,0.999860233410942,0.999860744877276,0.999861280219821,0.999861838654939,0.999862419422209,0.999863021783302,0.999863645020936,0.999864288437869,0.999864951356001,0.999865633115467,0.99986633307383,0.99986705060531,0.999867785100037,0.999868535963364,0.999869302615211,0.999870084489438,0.999870881033265,0.999871691706695,0.99987251598199,0.99987335334316,0.999874203285477,0.999875065315001,0.999875938948164,0.999876823711302,0.99987771914028,0.999878624780078,0.999879540184427,0.999880464915425,0.999881398543196,0.999882340645536,0.999883290807584,0.999884248621497,0.999885213686119,0.99988618560668,0.999887163994483,0.999888148466601,0.999889138645578,0.999890134159123,0.999891134639819,0.999892139724821,0.999893149055558,0.999894162277424,0.99989517903948,0.999896198994127,0.999897221796798,0.999898247105621,0.999899274581071,0.999900303885632,0.999901334683409,0.99990236663975,0.999903399420835,0.999904432693233,0.999905466123459,0.999906499377463,0.999907532120106,0.999908564014598,0.999909594721865,0.999910623899894,0.999911651202979,0.999912676280936,0.999913698778212,0.999914718332903,0.999915734575677,0.999916747128573,0.999917755603646,0.99991875960148,0.999919758709476,0.999920752499957,0.999921740527999,0.999922722328984,0.999923697415794,0.999924665275612,0.999925625366244,0.999926577111873,0.999927519898153,0.999928453066507,0.999929375907448,0.999930287652796,0.999931187466452,0.999932074433541,0.999932947547445,0.999933805694323,0.999934647634497,0.999935471979925,0.999936277166775,0.999937061421815,0.99993782272092,0.999938558737459,0.999939266777537,0.999939943698052,0.999940585802006,0.999941188703301,0.99994174715022,0.999942254792038,0.999942703866266,0.999943084773224,0.999943385487723,0.999943590730384,0.999943680776141,0.999943629700824,0.99994340273185,0.999942952122393,0.999942210497005,0.999941079668981,0.99993941090721,0.999936967993995,0.999933352823226,0.999927840978131,0.999918971106349,0.999903329949831,0.999870915892598,0.99977765112544,0.999051284484912,0.999063194239612,0.999972765090588,0.999999134338707,0.999999358467905,0.999997064366268,0.999994889755157,0.999993170397454,0.999991875889037,0.999990924121756,0.999990240133461,0.999989764701397,0.999989452650586,0.999989269667465,0.999989189515658,0.999989191921026,0.999989261030034,0.999989384297071,0.999989551679228,0.999989755049018,0.999989987761595,0.999990244332324,0.999990520193896,0.99999081151132,0.999991115039572,0.999991428012976,0.999991748058399,0.999992073126584,0.999992401437337,0.99999273143547,0.999993061755084,0.999993391190464,0.999993718672172,0.999994043247309,0.999994364063105,0.999994680353222,0.999994991426264,0.999995296656062,0.999995595473452,0.999995887359283,0.999996171838425,0.999996448474636,0.999996716866128,0.999996976641762,0.999997227457712,0.999997468994579,0.999997700954872,0.999997923060793,0.999998135052309,0.999998336685422,0.999998527730679,0.999998707971824,0.999998877204612,0.999999035235754,0.999999181881986,0.999999316969205,0.999999440331735,0.999999551811643,0.999999651258128,0.999999738526975,0.999999813480063,0.999999875984913,0.99999992591428,0.999999963145787,0.999999987561602,0.999999999048106,0.999999997495642,0.999999982798247,0.999999954853421,0.999999913561914,0.999999858827538,0.99999979055697,0.999999708659609,0.999999613047407,0.999999503634739,0.999999380338261,0.999999243076802,0.999999091771252,0.999998926344447,0.999998746721092,0.999998552827652,0.999998344592284,0.999998121944762,0.999997884816388,0.99999763313994,0.999997366849604,0.99999708588092,0.999996790170721,0.999996479657084,0.999996154279284,0.999995813977747,0.999995458694,0.999995088370649,0.999994702951326,0.999994302380655,0.999993886604225,0.999993455568555,0.999993009221064,0.999992547510034,0.999992070384608,0.999991577794732,0.999991069691156,0.999990546025404,0.999990006749741,0.999989451817174,0.999988881181405,0.999988294796845,0.999987692618565,0.999987074602301,0.999986440704423,0.999985790881929,0.999985125092425,0.999984443294121,0.999983745445795,0.999983031506807,0.999982301437065,0.999981555197027,0.999980792747685,0.999980014050549,0.999979219067641,0.999978407761489,0.999977580095109,0.999976736031998,0.999975875536133,0.999974998571947,0.999974105104335,0.999973195098635,0.999972268520631,0.999971325336532,0.999970365512977,0.999969389017023,0.999968395816135,0.999967385878183,0.999966359171435,0.999965315664553,0.999964255326579,0.99996317812694,0.999962084035433,0.999960973022225,0.999959845057848,0.999958700113184,0.999957538159475,0.999956359168309,0.999955163111614,0.99995394996166,0.999952719691045,0.999951472272698,0.999950207679876,0.999948925886153,0.999947626865418,0.999946310591875
0.999923224687462,0.999917332243117,0.999912043727834,0.999907251160248,0.999902876758635,0.999898862152846,0.999895162113703,0.999891740679423,0.999888568644117,0.999885621863884,0.999882880076172,0.999880326053756,0.999877944983891,0.999875724003182,0.999873651842811,0.999871718553557,0.99986991528962,0.999868234136524,0.999866667972491,0.999865210355671,0.999863855431471,0.999862597855804,0.999861432730967,0.999860355551716,0.999859362159584,0.999858448703962,0.999857611608721,0.999856847543462,0.999856153398621,0.99985552626377,0.999854963408689,0.999854462266721,0.999854020420124,0.999853635587108,0.999853305610318,0.999853028446595,0.999852802157823,0.99985262490272,0.999852494929473,0.999852410569094,0.999852370229415,0.999852372389672,0.999852415595556,0.999852498454739,0.999852619632776,0.999852777849378,0.999852971874982,0.999853200527619,0.999853462670031,0.999853757207019,0.999854083082993,0.999854439279719,0.999854824814217,0.999855238736843,0.999855680129473,0.999856148103845,0.999856641800006,0.999857160384854,0.9998577030508,0.999858269014499,0.999858857515667,0.999859467815982,0.999860099198042,0.999860750964394,0.999861422436614,0.999862112954452,0.99986282187501,0.999863548571992,0.999864292434957,0.999865052868657,0.999865829292376,0.999866621139321,0.999867427856033,0.999868248901839,0.999869083748323,0.999869931878822,0.999870792787946,0.999871665981122,0.99987255097416,0.999873447292821,0.999874354472425,0.99987527205746,0.999876199601206,0.999877136665381,0.999878082819785,0.999879037641975,0.999880000716923,0.999880971636705,0.999881950000196,0.999882935412751,0.99988392748592,0.999884925837151,0.999885930089501,0.999886939871344,0.999887954816087,0.999888974561898,0.999889998751406,0.999891027031423,0.999892059052653,0.999893094469402,0.999894132939275,0.999895174122878,0.999896217683497,0.99989726328678,0.999898310600403,0.999899359293712,0.999900409037367,0.999901459502948,0.99990251036256,0.999903561288383,0.999904611952231,0.999905662025042,0.999906711176362,0.999907759073755,0.999908805382202,0.999909849763402,0.999910891875051,0.999911931370019,0.999912967895462,0.999914001091835,0.999915030591794,0.999916056018981,0.999917076986661,0.999918093096204,0.999919103935365,0.999920109076358,0.999921108073661,0.99992210046154,0.999923085751214,0.999924063427612,0.99992503294566,0.999925993725989,0.999926945149982,0.999927886554011,0.999928817222711,0.999929736381117,0.999930643185397,0.9999315367119,0.999932415944124,0.999933279757175,0.999934126899087,0.99993495596823,0.999935765385863,0.999936553362527,0.999937317856623,0.999938056522944,0.999938766648234,0.999939445069781,0.999940088071592,0.999940691250623,0.999941249342514,0.999941755991762,0.999942203444605,0.999942582132562,0.999942880098499,0.999943082191344,0.99994316891324,0.999943114731482,0.999942885542357,0.999942434747545,0.999941696974444,0.99994057761939,0.999938934597407,0.999936544635008,0.999933036527171,0.999927746851087,0.999919370172784,0.999904967135148,0.999876423764382,0.999801933607621,0.999401362396012,0.993923975158072,0.999939802947736,0.999996569830781,0.999999911052262,0.999998082834794,0.999995909445471,0.999994098190638,0.999992701548464,0.999991657142854,0.999990893516817,0.999990350617957,0.999989981466246,0.999989749942624,0.999989628258242,0.999989594870005,0.999989632905475,0.999989729004316,0.999989872470864,0.999990054651983,0.999990268476822,0.999990508113071,0.99999076870763,0.999991046188946,0.999991337114854,0.999991638554305,0.999991947994602,0.999992263268023,0.99999258249326,0.999992904028376,0.999993226432695,0.999993548435743,0.999993868911781,0.999994186858727,0.999994501380726,0.99999481167354,0.999995117012328,0.999995416741313,0.999995710265058,0.999995997041009,0.999996276573156,0.999996548406565,0.999996812122705,0.999997067335372,0.999997313687176,0.999997550846485,0.999997778504747,0.999997996374157,0.999998204185593,0.999998401686816,0.999998588640873,0.999998764824678,0.999998930027765,0.999999084051164,0.999999226706413,0.99999935781467,0.999999477205916,0.999999584718238,0.999999680197187,0.999999763495214,0.999999834471122,0.999999892989615,0.999999938920869,0.999999972140133,0.999999992527387,0.999999999967012,0.999999994347512,0.999999975561227,0.999999943504108,0.999999898075479,0.999999839177838,0.999999766716669,0.999999680600266,0.999999580739576,0.999999467048043,0.999999339441493,0.999999197837978,0.999999042157688,0.999998872322826,0.999998688257511,0.999998489887691,0.99999827714105,0.999998049946929,0.999997808236256,0.999997551941466,0.999997280996449,0.999996995336469,0.999996694898134,0.999996379619318,0.999996049439119,0.99999570429782,0.999995344136831,0.999994968898659,0.99999457852686,0.999994172966007,0.999993752161653,0.999993316060302,0.999992864609366,0.999992397757155,0.999991915452834,0.999991417646395,0.999990904288651,0.999990375331186,0.999989830726356,0.999989270427252,0.999988694387682,0.999988102562165,0.99998749490589,0.999986871374719,0.999986231925157,0.999985576514347,0.999984905100041,0.999984217640596,0.99998351409496,0.999982794422649,0.999982058583746,0.999981306538883,0.999980538249221,0.999979753676461,0.999978952782811,0.999978135530984,0.999977301884187,0.999976451806115,0.999975585260939,0.999974702213291,0.999973802628274,0.999972886471422,0.999971953708728,0.999971004306607,0.999970038231909,0.999969055451895,0.999968055934245,0.999967039647039,0.999966006558761,0.999964956638279,0.999963889854857,0.99996280617813,0.999961705578113,0.999960588025189,0.999959453490102,0.999958301943955,0.999957133358201,0.999955947704644,0.999954744955429,0.999953525083039,0.999952288060289,0.999951033860325,0.999949762456615,0.999948473822945,0.999947167933421,0.999945844762461
0.999907616186867,0.999902937120061,0.999898652284417,0.999894709532878,0.999891067904732,0.999887694467822,0.999884562227911,0.999881648694033,0.999878934863917,0.999876404487818,0.999874043522475,0.999871839718157,0.999869782301048,0.999867861725286,0.99986606947673,0.9998643979158,0.999862840150239,0.999861389931074,0.999860041566754,0.999858789851757,0.999857630006701,0.999856557627828,0.999855568644062,0.999854659280305,0.999853826025914,0.999853065607425,0.999852374964906,0.999851751231317,0.99985119171442,0.999850693880896,0.999850255342287,0.999849873842574,0.999849547247111,0.999849273532755,0.999849050779049,0.999848877160303,0.99984875093846,0.999848670456686,0.999848634133525,0.999848640457664,0.99984868798312,0.999848775324883,0.999848901154942,0.999849064198633,0.99984926323132,0.999849497075318,0.999849764597082,0.999850064704618,0.999850396345086,0.999850758502586,0.999851150196116,0.999851570477662,0.999852018430453,0.999852493167307,0.999852993829108,0.999853519583391,0.999854069623002,0.99985464316487,0.999855239448823,0.999855857736533,0.999856497310462,0.999857157472914,0.999857837545141,0.999858536866479,0.999859254793558,0.999859990699534,0.999860743973391,0.999861514019247,0.999862300255732,0.999863102115365,0.99986391904399,0.999864750500223,0.999865595954936,0.999866454890753,0.999867326801586,0.999868211192176,0.999869107577667,0.999870015483186,0.999870934443448,0.99987186400238,0.999872803712744,0.999873753135791,0.999874711840915,0.999875679405328,0.999876655413733,0.999877639458009,0.999878631136926,0.999879630055833,0.999880635826369,0.999881648066187,0.999882666398666,0.99988369045264,0.999884719862123,0.999885754266046,0.999886793307964,0.999887836635808,0.999888883901599,0.999889934761182,0.999890988873941,0.999892045902511,0.999893105512504,0.999894167372202,0.999895231152248,0.999896296525329,0.999897363165855,0.999898430749609,0.999899498953373,0.999900567454567,0.999901635930826,0.999902704059575,0.99990377151757,0.999904837980409,0.999905903121982,0.999906966613913,0.999908028124928,0.999909087320163,0.999910143860444,0.999911197401436,0.999912247592762,0.999913294076999,0.999914336488574,0.999915374452522,0.999916407583124,0.999917435482353,0.999918457738146,0.999919473922452,0.999920483589009,0.999921486270842,0.99992248147739,0.999923468691237,0.999924447364352,0.99992541691376,0.999926376716536,0.999927326103986,0.999928264354889,0.999929190687546,0.999930104250471,0.999931004111355,0.999931889243991,0.999932758512661,0.999933610653383,0.9999344442513,0.999935257713205,0.999936049233954,0.999936816755112,0.999937557913691,0.999938269978005,0.999938949766839,0.99993959354651,0.999940196898532,0.999940754547625,0.999941260135412,0.999941705918869,0.999942082362649,0.999942377579121,0.99994257654568,0.999942659988999,0.99994260275914,0.999942371400293,0.999941920416434,0.999941186338899,0.999940077934446,0.999938459294875,0.999936119004985,0.999932710068888,0.999927622705353,0.99991968438143,0.999906341716614,0.999880909400945,0.999819630882381,0.99956247660018,0.878877474751981,0.999867285758301,0.999991029930817,0.999999917905827,0.999998970766751,0.999996903393722,0.999995031947542,0.999993543130271,0.999992408640595,0.999991565243614,0.999990953782645,0.999990526145348,0.999990244675642,0.99999008013588,0.99999000974822,0.999990015626069,0.999990083587195,0.999990202271764,0.999990362488812,0.999990556729937,0.999990778804805,0.999991023565495,0.999991286696112,0.999991564550683,0.999991854027109,0.999992152468288,0.999992457583873,0.999992767387901,0.999993080148635,0.999993394347998,0.999993708648497,0.999994021866094,0.999994332947836,0.999994640953272,0.999994945038951,0.999995244445432,0.999995538486318,0.999995826538979,0.999996108036666,0.999996382461773,0.999996649340042,0.999996908235612,0.999997158746705,0.999997400501914,0.999997633156946,0.999997856391813,0.999998069908353,0.99999827342805,0.999998466690135,0.999998649449895,0.999998821477177,0.99999898255507,0.999999132478723,0.999999271054301,0.999999398098041,0.999999513435425,0.999999616900414,0.999999708334782,0.999999787587501,0.999999854514198,0.999999908976655,0.999999950842349,0.999999979984069,0.999999996279517,0.999999999610994,0.999999989865079,0.999999966932349,0.999999930707131,0.999999881087257,0.999999817973855,0.999999741271151,0.999999650886282,0.999999546729136,0.999999428712189,0.999999296750368,0.999999150760922,0.999998990663287,0.999998816378997,0.999998627831552,0.999998424946341,0.999998207650537,0.999997975873027,0.999997729544323,0.99999746859649,0.999997192963085,0.999996902579085,0.999996597380833,0.999996277305976,0.999995942293418,0.99999559228327,0.999995227216801,0.9999948470364,0.999994451685526,0.999994041108679,0.999993615251359,0.999993174060031,0.999992717482097,0.999992245465859,0.9999917579605,0.999991254916038,0.999990736283328,0.999990202014011,0.999989652060504,0.999989086375979,0.999988504914334,0.999987907630179,0.999987294478813,0.99998666541621,0.999986020399002,0.999985359384455,0.999984682330463,0.999983989195523,0.999983279938729,0.999982554519757,0.999981812898844,0.999981055036788,0.999980280894923,0.999979490435113,0.99997868361975,0.999977860411726,0.999977020774429,0.99997616467174,0.999975292068022,0.999974402928099,0.999973497217262,0.999972574901245,0.999971635946241,0.999970680318861,0.999969707986158,0.999968718915594,0.999967713075055,0.999966690432828,0.999965650957597,0.999964594618444,0.999963521384836,0.999962431226619,0.999961324114017,0.999960200017621,0.999959058908387,0.999957900757625,0.999956725537003,0.99995553321853,0.999954323774564,0.999953097177797,0.999951853401259,0.999950592418298,0.999949314202595,0.99994801872815,0.999946705969276,0.999945375900597
0.999894394904058,0.999890518398851,0.999886930966032,0.9998836023028,0.999880507358585,0.999877625110607,0.999874937686272,0.999872429719007,0.999870087865632,0.999867900438157,0.999865857118384,0.999863948733528,0.999862167077557,0.999860504767294,0.999858955125337,0.999857512083855,0.999856170104893,0.999854924113816,0.999853769443312,0.999852701785955,0.999851717153815,0.999850811843795,0.999849982407784,0.999849225626803,0.999848538488497,0.999847918167461,0.999847362007982,0.999846867508821,0.999846432309752,0.999846054179625,0.999845731005728,0.999845460784275,0.999845241611909,0.99984507167804,0.999844949257963,0.999844872706622,0.999844840452982,0.999844850994906,0.999844902894508,0.999844994773906,0.999845125311345,0.999845293237649,0.99984549733297,0.999845736423804,0.999846009380228,0.999846315113366,0.99984665257306,0.999847020745685,0.999847418652157,0.999847845346061,0.999848299911927,0.999848781463622,0.99984928914284,0.999849822117721,0.999850379581526,0.999850960751433,0.999851564867377,0.999852191190987,0.999852839004578,0.999853507610205,0.999854196328764,0.999854904499175,0.999855631477565,0.999856376636541,0.999857139364477,0.999857919064849,0.999858715155605,0.999859527068562,0.999860354248832,0.999861196154295,0.999862052255082,0.999862922033072,0.999863804981437,0.999864700604198,0.999865608415785,0.999866527940642,0.99986745871283,0.99986840027565,0.999869352181282,0.99987031399044,0.999871285272037,0.999872265602849,0.999873254567214,0.999874251756725,0.999875256769925,0.999876269212029,0.999877288694634,0.999878314835448,0.999879347258015,0.999880385591451,0.999881429470183,0.999882478533678,0.999883532426194,0.999884590796521,0.999885653297716,0.999886719586847,0.999887789324734,0.999888862175675,0.999889937807188,0.999891015889721,0.999892096096392,0.999893178102668,0.999894261586098,0.999895346225972,0.99989643170301,0.999897517699021,0.999898603896533,0.999899689978425,0.999900775627515,0.999901860526128,0.999902944355642,0.999904026795991,0.99990510752512,0.999906186218421,0.999907262548093,0.999908336182457,0.9999094067852,0.999910474014556,0.999911537522392,0.999912596953189,0.999913651942935,0.99991470211788,0.999915747093129,0.999916786471095,0.999917819839749,0.99991884677062,0.999919866816587,0.999920879509311,0.999921884356359,0.99992288083788,0.999923868402826,0.99992484646456,0.99992581439583,0.999926771522883,0.99992771711865,0.999928650394769,0.999929570492178,0.999930476470045,0.99993136729263,0.99993224181361,0.999933098757274,0.999933936695898,0.999934754022236,0.999935548915979,0.99993631930251,0.999937062801799,0.999937776664648,0.999938457692392,0.999939102134904,0.999939705559706,0.999940262682204,0.999940767142947,0.999941211211511,0.999941585387427,0.999941877853819,0.999942073716522,0.99994215392392,0.999942093700279,0.99994186021751,0.999941409038141,0.99994067850513,0.99993958055995,0.999937985045723,0.999935691438412,0.999932374604916,0.99992747217093,0.999919925697071,0.999907499686505,0.999884611320523,0.999833014428305,0.999652091953027,0.995493395064642,0.999688700489644,0.999980231306347,0.999999051925291,0.999999645288897,0.999997842919307,0.999995959553022,0.999994394740812,0.999993175420456,0.999992253422814,0.999991572988601,0.999991085865127,0.999990753271775,0.999990544695846,0.99999043619518,0.999990408893556,0.999990447790895,0.999990540858446,0.999990678359276,0.999990852338476,0.999991056238989,0.99999128461014,0.999991532884649,0.999991797206595,0.999992074297505,0.999992361351268,0.999992655950972,0.99999295600258,0.999993259681614,0.999993565390044,0.99999387172114,0.999994177430663,0.99999448141309,0.999994782681911,0.999995080353178,0.999995373631706,0.999995661799473,0.999995944205773,0.999996220258868,0.999996489418845,0.999996751191497,0.999997005123071,0.999997250795701,0.999997487823502,0.999997715849112,0.999997934540732,0.9999981435895,0.999998342707202,0.999998531624252,0.999998710087919,0.999998877860751,0.999999034719171,0.999999180452249,0.999999314860592,0.999999437755352,0.99999954895735,0.999999648296283,0.999999735610001,0.999999810743893,0.999999873550276,0.999999923887901,0.999999961621461,0.999999986621177,0.999999998762391,0.999999997925236,0.999999983994291,0.999999956858298,0.99999991640989,0.999999862545343,0.999999795164359,0.999999714169838,0.999999619467716,0.999999510966762,0.999999388578437,0.999999252216731,0.999999101798032,0.999998937240997,0.99999875846644,0.999998565397205,0.999998357958085,0.999998136075714,0.999997899678485,0.999997648696469,0.999997383061331,0.999997102706264,0.999996807565926,0.999996497576377,0.999996172675006,0.999995832800504,0.999995477892782,0.999995107892953,0.999994722743257,0.999994322387042,0.999993906768713,0.999993475833697,0.999993029528407,0.999992567800208,0.999992090597386,0.999991597869115,0.999991089565436,0.999990565637223,0.99999002603616,0.999989470714715,0.999988899626122,0.999988312724353,0.999987709964099,0.999987091300761,0.999986456690411,0.999985806089788,0.99998513945628,0.999984456747901,0.999983757923287,0.999983042941667,0.999982311762858,0.999981564347252,0.999980800655796,0.999980020649986,0.999979224291853,0.999978411543946,0.999977582369336,0.999976736731584,0.999975874594754,0.999974995923383,0.999974100682479,0.999973188837521,0.999972260354438,0.999971315199599,0.999970353339824,0.999969374742349,0.999968379374839,0.99996736720537,0.999966338202433,0.999965292334913,0.99996422957209,0.999963149883633,0.999962053239593,0.999960939610397,0.999959808966835,0.999958661280073,0.999957496521624,0.999956314663358,0.999955115677495,0.999953899536594,0.999952666213557,0.999951415681612,0.99995014791432,0.999948862885564,0.999947560569547,0.999946240940788,0.999944903974115
0.999882749610167,0.999879462819509,0.999876402906003,0.999873550157238,0.999870887717444,0.999868401020898,0.99986607736339,0.999863905572613,0.999861875750782,0.999859979070962,0.999858207613934,0.999856554236114,0.999855012461551,0.999853576392808,0.999852240636816,0.999851000242752,0.999849850649548,0.999848787641343,0.999847807309386,0.999846906019276,0.999846080382694,0.999845327232831,0.999844643602958,0.999844026707671,0.999843473926388,0.999842982788765,0.999842550961808,0.999842176238374,0.999841856526945,0.999841589842473,0.999841374298151,0.999841208098036,0.999841089530366,0.999841016961526,0.9998409888306,0.99984100364438,0.999841059972849,0.999841156445063,0.999841291745359,0.999841464609908,0.999841673823535,0.999841918216795,0.999842196663305,0.999842508077231,0.999842851411024,0.999843225653277,0.999843629826771,0.999844062986644,0.999844524218697,0.999845012637802,0.999845527386444,0.999846067633335,0.999846632572133,0.999847221420244,0.999847833417685,0.999848467826035,0.999849123927442,0.999849801023691,0.99985049843532,0.999851215500803,0.99985195157576,0.99985270603223,0.999853478257964,0.999854267655773,0.999855073642903,0.999855895650446,0.999856733122771,0.999857585516993,0.999858452302469,0.999859332960309,0.999860226982913,0.999861133873539,0.999862053145873,0.999862984323628,0.999863926940158,0.999864880538099,0.999865844668982,0.999866818892927,0.999867802778286,0.999868795901337,0.999869797845968,0.999870808203386,0.999871826571819,0.999872852556233,0.999873885768069,0.999874925824957,0.999875972350469,0.99987702497384,0.999878083329737,0.999879147057993,0.999880215803358,0.999881289215253,0.999882366947528,0.999883448658212,0.999884534009259,0.999885622666309,0.999886714298427,0.999887808577848,0.999888905179725,0.999890003781838,0.999891104064343,0.99989220570947,0.999893308401239,0.999894411825138,0.999895515667815,0.99989661961673,0.999897723359803,0.999898826585028,0.999899928980077,0.999901030231863,0.999902130026086,0.999903228046722,0.999904323975502,0.999905417491317,0.999906508269587,0.99990759598157,0.999908680293598,0.999909760866246,0.999910837353408,0.999911909401282,0.999912976647232,0.999914038718533,0.999915095230962,0.999916145787219,0.999917189975152,0.999918227365758,0.999919257510927,0.999920279940862,0.999921294161162,0.999922299649476,0.999923295851672,0.999924282177428,0.999925257995134,0.999926222625989,0.999927175337119,0.999928115333542,0.999929041748722,0.999929953633445,0.999930849942606,0.999931729519495,0.999932591076972,0.999933433174776,0.999934254192057,0.999935052293863,0.999935825389995,0.999936571084135,0.999937286610432,0.999937968753805,0.999938613748868,0.999939217150507,0.999939773666376,0.999940276937597,0.999940719248087,0.99994109113384,0.999941380849797,0.999941573630019,0.999941650641689,0.999941587474856,0.999941351909732,0.999940900525969,0.999940173391854,0.999939085443141,0.999937511887654,0.999935262228439,0.999932031141067,0.999927298339364,0.999920103976076,0.999908476994997,0.999887699876746,0.999843430994092,0.999708068554542,0.998375950541258,0.999139780188779,0.999959738893302,0.999996792296727,0.999999985980068,0.999998688391946,0.999996864765892,0.999995248630735,0.999993953337508,0.999992955625654,0.99999220669987,0.999991659588194,0.999991274988856,0.999991021379678,0.999990873771786,0.999990812349417,0.999990821313199,0.999990887969286,0.999991002031897,0.999991155093931,0.999991340225067,0.999991551665363,0.99999178459008,0.999992034927866,0.999992299219026,0.999992574504191,0.999992858236173,0.999993148209627,0.999993442504532,0.999993739440464,0.999994037539322,0.999994335494805,0.999994632147201,0.999994926462506,0.999995217515008,0.999995504472681,0.99999578658489,0.999996063171983,0.999996333616453,0.999996597355393,0.999996853874024,0.999997102700137,0.999997343399293,0.999997575570671,0.999997798843434,0.999998012873599,0.999998217341271,0.999998411948231,0.999998596415802,0.999998770482977,0.999998933904773,0.999999086450736,0.99999922790366,0.99999935805841,0.999999476720886,0.999999583707098,0.999999678842326,0.999999761960382,0.999999832902927,0.999999891518869,0.999999937663819,0.999999971199575,0.999999991993709,0.999999999919116,0.999999994853671,0.999999976679884,0.999999945284585,0.99999990055865,0.999999842396735,0.999999770697044,0.999999685361113,0.999999586293607,0.999999473402137,0.999999346597095,0.999999205791486,0.999999050900803,0.999998881842877,0.999998698537758,0.999998500907607,0.999998288876581,0.999998062370741,0.999997821317955,0.999997565647816,0.99999729529156,0.999997010182003,0.999996710253443,0.99999639544163,0.999996065683684,0.999995720918044,0.999995361084407,0.9999949861237,0.999994595978002,0.999994190590526,0.999993769905565,0.999993333868451,0.999992882425528,0.999992415524107,0.999991933112436,0.999991435139678,0.999990921555864,0.999990392311882,0.99998984735944,0.999989286651047,0.999988710139979,0.999988117780276,0.999987509526703,0.999986885334732,0.999986245160528,0.999985588960934,0.99998491669344,0.999984228316177,0.999983523787897,0.999982803067964,0.999982066116323,0.999981312893508,0.99998054336061,0.999979757479276,0.999978955211689,0.999978136520563,0.999977301369123,0.999976449721105,0.999975581540736,0.999974696792726,0.999973795442266,0.999972877455009,0.999971942797063,0.999970991434988,0.99997002333578,0.999969038466868,0.999968036796108,0.999967018291769,0.999965982922527,0.999964930657462,0.999963861466054,0.999962775318166,0.999961672184042,0.99996055203431,0.999959414839964,0.999958260572356,0.999957089203206,0.999955900704589,0.999954695048918,0.999953472208953,0.999952232157799,0.999950974868879,0.999949700315964,0.99994840847313,0.999947099314788,0.999945772815648,0.999944428950744
0.999872247815443,0.999869422933008,0.999866784172941,0.999864317698183,0.99986201138947,0.999859854549149,0.999857837668287,0.99985595224124,0.999854190616301,0.999852545874158,0.999851011728053,0.99984958244105,0.999848252756947,0.999847017842158,0.99984587323648,0.999844814811157,0.999843838732905,0.99984294143295,0.999842119580165,0.999841370057735,0.999840689942732,0.9998400764882,0.99983952710736,0.999839039359658,0.999838610938356,0.99983823965951,0.999837923452103,0.999837660349211,0.99983744848007,0.999837286062931,0.999837171398593,0.999837102864561,0.999837078909741,0.99983709804961,0.999837158861816,0.99983725998216,0.99983740010092,0.999837577959469,0.999837792347184,0.999838042098594,0.999838326090745,0.99983864324078,0.999838992503688,0.999839372870229,0.999839783364996,0.999840223044638,0.999840690996183,0.999841186335489,0.999841708205791,0.999842255776355,0.999842828241216,0.999843424817982,0.999844044746739,0.999844687288998,0.999845351726727,0.999846037361427,0.99984674351326,0.999847469520247,0.999848214737485,0.999848978536424,0.999849760304179,0.999850559442886,0.999851375369075,0.999852207513086,0.999853055318527,0.999853918241727,0.999854795751249,0.999855687327398,0.999856592461783,0.999857510656863,0.999858441425545,0.999859384290773,0.999860338785161,0.999861304450611,0.999862280837976,0.999863267506715,0.999864264024569,0.99986526996724,0.999866284918099,0.999867308467882,0.999868340214417,0.999869379762334,0.999870426722801,0.999871480713267,0.999872541357195,0.999873608283819,0.999874681127893,0.999875759529444,0.99987684313354,0.999877931590048,0.999879024553392,0.999880121682325,0.999881222639691,0.999882327092187,0.999883434710123,0.999884545167183,0.999885658140182,0.999886773308816,0.9998878903554,0.999889008964618,0.999890128823238,0.999891249619848,0.999892371044545,0.999893492788654,0.999894614544384,0.999895736004509,0.999896856862005,0.999897976809673,0.999899095539732,0.999900212743394,0.999901328110396,0.999902441328501,0.99990355208296,0.999904660055923,0.999905764925796,0.999906866366549,0.999907964046945,0.999909057629698,0.999910146770543,0.999911231117202,0.999912310308245,0.999913383971817,0.999914451724204,0.999915513168253,0.999916567891569,0.999917615464491,0.999918655437816,0.999919687340197,0.999920710675183,0.999921724917862,0.999922729510976,0.999923723860478,0.999924707330406,0.999925679236911,0.999926638841356,0.999927585342208,0.99992851786556,0.99992943545394,0.999930337053058,0.999931221496052,0.999932087484621,0.999932933566322,0.999933758107114,0.9999345592579,0.999935334913512,0.99993608266205,0.999936799721854,0.999937482862405,0.999938128304204,0.999938731590798,0.99993928742353,0.999939789445685,0.999940229957102,0.999940599531671,0.999940886497046,0.999941076215165,0.999941150069001,0.999941084006105,0.999940846396321,0.999940394797149,0.999939670921478,0.999938592532676,0.999937039851154,0.9999348316326,0.999931680555612,0.999927103859079,0.999920227409,0.999909302136909,0.999890299839102,0.999851725988656,0.999745873053052,0.9990827767611,0.996365683338747,0.999920243684689,0.999992286924365,0.999999815955241,0.999999384895392,0.999997725859412,0.999996094668094,0.999994737058399,0.999993668764976,0.999992852984401,0.999992246022603,0.999991808912031,0.999991509506424,0.99999132194874,0.999991225566582,0.999991203798383,0.99999124329993,0.999991333240371,0.999991464758939,0.999991630548221,0.999991824534289,0.999992041630106,0.999992277544259,0.999992528631584,0.999992791775637,0.999993064295553,0.9999933438717,0.99999362848588,0.999993916372961,0.999994205981461,0.999994495941222,0.999994785036786,0.99999507218528,0.999995356418015,0.999995636865041,0.99999591274216,0.999996183339921,0.999996448014298,0.999996706178708,0.999996957297195,0.999997200878557,0.99999743647129,0.999997663659183,0.99999788205754,0.999998091309824,0.999998291084784,0.999998481073888,0.999998660989098,0.999998830560886,0.999998989536498,0.999999137678404,0.999999274762922,0.999999400579001,0.999999514927122,0.999999617618332,0.999999708473359,0.999999787321837,0.999999854001585,0.999999908357989,0.999999950243404,0.99999997951666,0.999999996042558,0.999999999691478,0.999999990338957,0.999999967865355,0.999999932155522,0.999999883098507,0.999999820587284,0.999999744518508,0.999999654792281,0.999999551311959,0.999999433983935,0.999999302717481,0.999999157424589,0.999998998019797,0.999998824420077,0.99999863654468,0.999998434315042,0.999998217654649,0.999997986488957,0.999997740745278,0.999997480352701,0.999997205242003,0.999996915345579,0.99999661059736,0.99999629093276,0.999995956288592,0.999995606603026,0.999995241815532,0.999994861866816,0.999994466698786,0.99999405625449,0.999993630478093,0.99999318931482,0.999992732710921,0.999992260613638,0.999991772971171,0.999991269732644,0.999990750848071,0.999990216268337,0.99998966594516,0.999989099831069,0.999988517879387,0.999987920044191,0.999987306280307,0.999986676543279,0.999986030789349,0.999985368975445,0.999984691059152,0.999983996998709,0.999983286752977,0.999982560281432,0.999981817544151,0.999981058501793,0.999980283115586,0.999979491347317,0.999978683159314,0.999977858514441,0.999977017376085,0.999976159708127,0.999975285474966,0.999974394641473,0.999973487173009,0.999972563035399,0.999971622194922,0.999970664618319,0.999969690272761,0.999968699125858,0.999967691145652,0.999966666300593,0.999965624559546,0.999964565891781,0.999963490266961,0.999962397655141,0.99996128802676,0.999960161352635,0.999959017603949,0.999957856752259,0.99995667876947,0.999955483627851,0.999954271300014,0.999953041758916,0.999951794977852,0.999950530930452,0.999949249590667,0.999947950932787,0.999946634931403,0.999945301561431,0.999943950798099
0.999862626304998,0.999860179083397,0.999857889338892,0.999855746811815,0.999853742353711,0.999851867758016,0.999850115622981,0.99984847923958,0.999846952499,0.999845529815704,0.999844206062938,0.99984297651827,0.999841836817345,0.999840782914347,0.999839811048011,0.999838917712279,0.999838099630796,0.999837353734691,0.9998366771431,0.999836067146044,0.999835521189308,0.999835036861049,0.999834611879892,0.999834244084299,0.999833931423087,0.999833671946883,0.999833463800473,0.999833305215871,0.999833194506077,0.99983313005939,0.999833110334269,0.999833133854639,0.999833199205601,0.999833305029536,0.999833450022492,0.999833632930922,0.999833852548642,0.999834107714046,0.999834397307534,0.999834720249145,0.999835075496343,0.99983546204199,0.999835878912458,0.999836325165856,0.999836799890409,0.99983730220292,0.999837831247357,0.999838386193514,0.999838966235773,0.999839570591937,0.999840198502139,0.999840849227806,0.999841522050715,0.999842216272066,0.999842931211635,0.999843666206973,0.999844420612644,0.9998451937995,0.999845985154007,0.999846794077604,0.999847619986092,0.999848462309051,0.999849320489301,0.999850193982369,0.999851082255995,0.999851984789672,0.999852901074181,0.999853830611155,0.999854772912688,0.999855727500933,0.999856693907707,0.99985767167416,0.999858660350407,0.999859659495203,0.999860668675612,0.999861687466718,0.999862715451298,0.99986375221956,0.999864797368845,0.99986585050336,0.999866911233916,0.999867979177677,0.99986905395789,0.999870135203664,0.999871222549712,0.999872315636118,0.999873414108109,0.999874517615826,0.999875625814084,0.999876738362165,0.999877854923572,0.999878975165821,0.999880098760203,0.999881225381563,0.999882354708068,0.999883486420966,0.999884620204361,0.999885755744969,0.999886892731848,0.999888030856176,0.999889169810948,0.999890309290733,0.999891448991359,0.999892588609625,0.999893727842984,0.999894866389205,0.999896003946016,0.999897140210725,0.999898274879828,0.999899407648561,0.999900538210442,0.999901666256773,0.99990279147609,0.999903913553568,0.999905032170392,0.999906147003032,0.999907257722485,0.999908363993416,0.999909465473215,0.999910561810969,0.999911652646293,0.999912737608048,0.999913816312892,0.999914888363692,0.999915953347686,0.999917010834452,0.999918060373598,0.999919101492141,0.999920133691518,0.999921156444192,0.99992216918974,0.999923171330378,0.999924162225777,0.999925141187073,0.999926107469899,0.999927060266254,0.999927998694953,0.999928921790406,0.999929828489318,0.999930717614903,0.999931587857965,0.999932437754232,0.999933265656875,0.999934069703148,0.999934847773491,0.999935597441122,0.99993631590938,0.999936999933254,0.999937645720214,0.999938248803718,0.999938803880159,0.999939304596451,0.999939743269835,0.999940110513393,0.999940394728233,0.999940581403665,0.99994065213539,0.999940583220356,0.999940343600058,0.999939891772606,0.999939171019863,0.999938101778617,0.999936568960471,0.999934399877639,0.999931323618328,0.999926891011206,0.99992030285643,0.999909997980523,0.999892504595455,0.999858455084695,0.999772873454441,0.99937182568045,0.876745443014775,0.999840032305668,0.999984093332019,0.999998871690961,0.999999855931234,0.999998513764365,0.9999969196491,0.999995519759965,0.999994388946196,0.999993509433062,0.999992843574353,0.99999235392416,0.999992008253211,0.999991780093256,0.999991648040007,0.999991594830318,0.999991606498112,0.999991671679618,0.999991781064189,0.99999192696689,0.999992102997367,0.999992303802966,0.99999252486866,0.999992762360316,0.999993013001145,0.999993273973609,0.999993542841087,0.999993817484805,0.999994096052786,0.999994376918264,0.999994658645568,0.999994939961998,0.999995219734504,0.999995496950257,0.999995770700353,0.999996040166106,0.999996304607454,0.999996563353113,0.999996815792177,0.99999706136692,0.99999729956662,0.999997529922221,0.999997752001711,0.999997965406126,0.999998169766036,0.999998364738502,0.999998550004396,0.999998725266042,0.999998890245149,0.999999044680977,0.9999991883287,0.999999320957978,0.999999442351666,0.999999552304672,0.999999650622926,0.999999737122467,0.999999811628616,0.999999873975245,0.999999924004094,0.999999961564173,0.999999986511226,0.999999998707223,0.999999998019919,0.999999984322444,0.999999957492934,0.99999991741419,0.999999863973364,0.999999797061694,0.999999716574219,0.999999622409563,0.999999514469708,0.999999392659788,0.999999256887917,0.99999910706501,0.999998943104625,0.999998764922823,0.999998572438029,0.999998365570909,0.999998144244252,0.999997908382872,0.999997657913492,0.999997392764669,0.999997112866696,0.999996818151518,0.999996508552673,0.999996184005206,0.99999584444561,0.999995489811764,0.999995120042875,0.999994735079426,0.999994334863113,0.99999391933682,0.999993488444556,0.999993042131414,0.99999258034354,0.999992103028092,0.999991610133201,0.999991101607937,0.999990577402285,0.999990037467111,0.999989481754127,0.999988910215876,0.999988322805696,0.999987719477712,0.999987100186784,0.999986464888517,0.999985813539222,0.999985146095901,0.999984462516222,0.999983762758515,0.999983046781749,0.9999823145455,0.999981566009964,0.999980801135919,0.999980019884717,0.999979222218282,0.999978408099073,0.9999775774901,0.99997673035489,0.999975866657482,0.99997498636242,0.999974089434748,0.999973175839972,0.999972245544086,0.999971298513542,0.999970334715244,0.999969354116537,0.999968356685209,0.999967342389471,0.999966311197958,0.999965263079712,0.999964198004183,0.999963115941222,0.999962016861066,0.999960900734339,0.999959767532048,0.999958617225558,0.999957449786615,0.99995626518732,0.999955063400128,0.999953844397837,0.999952608153602,0.999951354640903,0.999950083833565,0.999948795705732,0.99994749023188,0.999946167386795,0.999944827145589,0.999943469483674
0.999853710625883,0.999851581819566,0.999849589301502,0.999847725144082,0.999845982179529,0.999844353896282,0.999842834353152,0.999841418107603,0.999840100155452,0.999838875879778,0.999837741007398,0.999836691571551,0.999835723879747,0.999834834485929,0.999834020166223,0.999833277897769,0.999832604840135,0.999831998318919,0.999831455811292,0.999830974933106,0.999830553427478,0.999830189154542,0.999829880082304,0.999829624278395,0.999829419902671,0.99982926520051,0.999829158496748,0.999829098190182,0.999829082748558,0.999829110704013,0.999829180648912,0.999829291232032,0.99982944115506,0.999829629169391,0.999829854073163,0.999830114708545,0.999830409959205,0.999830738747998,0.999831100034816,0.999831492814568,0.999831916115344,0.999832368996681,0.999832850547963,0.999833359886912,0.999833896158196,0.999834458532114,0.999835046203385,0.999835658389981,0.999836294332061,0.999836953290967,0.999837634548258,0.999838337404829,0.999839061180056,0.999839805211011,0.999840568851708,0.999841351472392,0.999842152458868,0.999842971211866,0.999843807146441,0.999844659691402,0.99984552828876,0.999846412393228,0.99984731147171,0.999848225002853,0.999849152476588,0.99985009339371,0.999851047265467,0.999852013613174,0.999852991967847,0.999853981869827,0.999854982868456,0.999855994521737,0.999857016396027,0.999858048065716,0.99985908911295,0.999860139127329,0.999861197705647,0.999862264451619,0.999863338975614,0.999864420894417,0.999865509830972,0.999866605414152,0.999867707278512,0.999868815064074,0.99986992841609,0.999871046984816,0.999872170425311,0.999873298397197,0.999874430564451,0.999875566595196,0.999876706161477,0.999877848939042,0.999878994607141,0.999880142848277,0.999881293348017,0.999882445794737,0.99988359987941,0.999884755295353,0.999885911737995,0.999887068904622,0.999888226494107,0.999889384206643,0.99989054174346,0.999891698806525,0.99989285509822,0.999894010321016,0.999895164177108,0.999896316368053,0.999897466594351,0.999898614555015,0.999899759947111,0.999900902465247,0.999902041801017,0.999903177642425,0.999904309673218,0.999905437572184,0.999906561012366,0.999907679660206,0.999908793174594,0.99990990120581,0.999911003394376,0.999912099369723,0.999913188748766,0.999914271134261,0.999915346112977,0.999916413253627,0.999917472104553,0.999918522191052,0.999919563012395,0.999920594038367,0.999921614705361,0.999922624411822,0.999923622513076,0.999924608315261,0.999925581068333,0.999926539957891,0.999927484095585,0.999928412507845,0.999929324122557,0.999930217753216,0.999931092080031,0.999931945627211,0.999932776735554,0.999933583529146,0.999934363874602,0.999935115330923,0.999935835087233,0.999936519884937,0.999937165919524,0.999937768715514,0.999938322965668,0.999938822321897,0.999939259120204,0.999939624014028,0.999939905478538,0.999940089129785,0.999940156773092,0.999940085046854,0.999939843446934,0.999939391376706,0.999938673616085,0.999937613132407,0.999936099234466,0.999933967163575,0.999930961006261,0.999926661770393,0.99992033610695,0.999910583084871,0.999894385379185,0.999863997596971,0.999792981710197,0.999521945669611,0.987342698472922,0.999660223673239,0.999969662742615,0.999996753561231,0.999999994130248,0.999999189506409,0.999997706390074,0.999996292745543,0.999995111282638,0.999994173061341,0.999993450290763,0.999992908671027,0.99999251663275,0.99999224745382,0.999992079175984,0.999991993924733,0.999991977157892,0.999992017001376,0.999992103704988,0.999992229210074,0.999992386810191,0.999992570885666,0.99999277669561,0.999993000214366,0.999993238002178,0.999993487102353,0.999993744958938,0.999994009350449,0.999994278336144,0.999994550212246,0.999994823476011,0.999995096796129,0.999995368988139,0.99999563899397,0.999995905864784,0.999996168746539,0.999996426867774,0.999996679529245,0.99999692609509,0.999997165985255,0.99999739866898,0.999997623659203,0.999997840507689,0.999998048800833,0.99999824815596,0.999998438218138,0.999998618657353,0.999998789166038,0.999998949456896,0.999999099260975,0.999999238325967,0.999999366414682,0.99999948330371,0.999999588782227,0.999999682650902,0.99999976472095,0.999999834813263,0.999999892757634,0.999999938392056,0.999999971562095,0.999999992120316,0.999999999925758,0.999999994843485,0.999999976744134,0.999999945503546,0.999999901002403,0.999999843125905,0.999999771763476,0.999999686808499,0.999999588158056,0.999999475712709,0.999999349376286,0.999999209055693,0.999999054660726,0.999998886103926,0.999998703300401,0.999998506167709,0.999998294625718,0.999998068596484,0.999997828004143,0.99999757277481,0.999997302836468,0.999997018118896,0.999996718553578,0.999996404073622,0.999996074613684,0.999995730109912,0.999995370499872,0.999994995722488,0.999994605717989,0.999994200427856,0.999993779794776,0.999993343762586,0.999992892276239,0.999992425281753,0.999991942726182,0.999991444557577,0.999990930724938,0.999990401178203,0.999989855868205,0.999989294746645,0.999988717766052,0.999988124879784,0.999987516041979,0.99998689120754,0.999986250332111,0.999985593372058,0.999984920284448,0.999984231027028,0.99998352555821,0.999982803837044,0.999982065823213,0.999981311477013,0.999980540759333,0.999979753631644,0.999978950055991,0.999978129994968,0.999977293411709,0.999976440269885,0.999975570533677,0.999974684167775,0.999973781137365,0.999972861408121,0.999971924946187,0.999970971718173,0.999970001691146,0.999969014832623,0.999968011110552,0.999966990493321,0.999965952949731,0.999964898449002,0.999963826960759,0.99996273845503,0.999961632902231,0.999960510273168,0.999959370539022,0.999958213671352,0.999957039642082,0.999955848423492,0.999954639988226,0.999953414309272,0.999952171359964,0.999950911113975,0.99994963354531,0.999948338628305,0.999947026337621,0.999945696648237,0.999944349535443,0.999942984974848
0.999845378016703,0.999843523930596,0.999841789838133,0.999840169413479,0.999838656873539,0.999837246911027,0.99983593463796,0.999834715537674,0.999833585423794,0.999832540404987,0.999831576854497,0.999830691383704,0.999829880819062,0.999829142181903,0.999828472670665,0.999827869645226,0.999827330612994,0.999826853216567,0.999826435222727,0.999826074512564,0.999825769072665,0.999825516987138,0.999825316430457,0.999825165660969,0.999825063015013,0.999825006901575,0.999824995797447,0.999825028242757,0.999825102836934,0.99982521823499,0.999825373144106,0.999825566320491,0.999825796566504,0.999826062727987,0.999826363691803,0.999826698383556,0.999827065765484,0.999827464834505,0.99982789462038,0.999828354184035,0.999828842615979,0.999829359034824,0.999829902585909,0.999830472440021,0.999831067792187,0.999831687860534,0.999832331885242,0.99983299912754,0.999833688868765,0.999834400409491,0.999835133068685,0.999835886182928,0.999836659105674,0.99983745120655,0.99983826187069,0.999839090498102,0.999839936503089,0.999840799313662,0.999841678371028,0.999842573129053,0.999843483053795,0.999844407623038,0.999845346325843,0.999846298662138,0.999847264142309,0.99984824228681,0.999849232625807,0.999850234698816,0.99985124805437,0.999852272249678,0.99985330685034,0.999854351430022,0.999855405570169,0.999856468859735,0.999857540894899,0.999858621278815,0.99985970962134,0.999860805538807,0.999861908653768,0.999863018594766,0.999864134996103,0.999865257497623,0.999866385744481,0.999867519386931,0.999868658080116,0.999869801483856,0.999870949262434,0.999872101084393,0.999873256622332,0.999874415552691,0.999875577555552,0.999876742314429,0.999877909516052,0.999879078850165,0.999880250009297,0.999881422688552,0.999882596585375,0.999883771399324,0.999884946831828,0.999886122585937,0.999887298366069,0.99988847387773,0.999889648827248,0.999890822921445,0.999891995867365,0.9998931673719,0.999894337141462,0.999895504881591,0.999896670296557,0.999897833088923,0.999898992959072,0.999900149604704,0.999901302720278,0.999902451996421,0.999903597119261,0.999904737769722,0.999905873622725,0.999907004346325,0.999908129600755,0.999909249037356,0.999910362297406,0.999911469010792,0.999912568794558,0.999913661251243,0.999914745967048,0.999915822509738,0.999916890426297,0.999917949240252,0.999918998448642,0.999920037518546,0.999921065883132,0.99992208293709,0.999923088031388,0.999924080467206,0.999925059488879,0.999926024275681,0.999926973932204,0.999927907477047,0.999928823829442,0.999929721793405,0.999930600038808,0.999931457078682,0.999932291241841,0.999933100639662,0.999933883125501,0.999934636244783,0.999935357173175,0.999936042639373,0.999936688827865,0.999937291255371,0.999937844612226,0.999938342556639,0.99993877744462,0.999939139971018,0.99993941868553,0.999939599330224,0.999939663916897,0.99993958941761,0.999939345865975,0.999938893537062,0.999938178642248,0.999937126546842,0.999935630687352,0.999933533667166,0.99993059331686,0.999926417853983,0.999920332077401,0.999911072664557,0.999895997435207,0.999868620783261,0.999808449693134,0.999611577722901,0.997002568544935,0.999179329033885,0.999944240186832,0.999992842160157,0.999999647301863,0.999999700629132,0.999998432521814,0.999997044953857,0.999995829665639,0.999994840189732,0.999994063792814,0.999993471520416,0.999993033467155,0.999992723142716,0.99999251827998,0.999992400520481,0.999992354813207,0.999992368809321,0.999992432337496,0.999992536974339,0.999992675701116,0.999992842632032,0.999993032799713,0.999993241985542,0.999993466585019,0.999993703500374,0.999993950054452,0.999994203921252,0.999994463069602,0.999994725717175,0.999994990292771,0.999995255405201,0.999995519817465,0.999995782425232,0.999996042238816,0.999996298367987,0.99999655000915,0.999996796434445,0.999997036982449,0.999997271050232,0.999997498086515,0.999997717585788,0.999997929083193,0.99999813215011,0.999998326390302,0.999998511436536,0.999998686947636,0.999998852605893,0.999999008114773,0.999999153196904,0.999999287592292,0.999999411056721,0.999999523360358,0.999999624286485,0.999999713630374,0.999999791198279,0.999999856806544,0.999999910280774,0.999999951455106,0.999999980171562,0.999999996279435,0.999999999634756,0.999999990099805,0.999999967542656,0.99999993183679,0.999999882860693,0.999999820497556,0.999999744634937,0.999999655164494,0.999999551981721,0.999999434985713,0.99999930407894,0.999999159167055,0.999999000158701,0.999998826965348,0.999998639501129,0.99999843768269,0.999998221429069,0.999997990661551,0.999997745303573,0.999997485280594,0.999997210520015,0.99999692095107,0.999996616504743,0.999996297113695,0.999995962712172,0.999995613235952,0.99999524862226,0.99999486880972,0.999994473738294,0.999994063349224,0.999993637584978,0.999993196389206,0.9999927397067,0.999992267483333,0.999991779666045,0.999991276202782,0.999990757042469,0.999990222134982,0.999989671431101,0.999989104882496,0.999988522441691,0.999987924062028,0.99998730969766,0.999986679303513,0.999986032835263,0.999985370249323,0.999984691502812,0.999983996553537,0.999983285359983,0.999982557881289,0.999981814077213,0.999981053908154,0.999980277335101,0.999979484319638,0.999978674823919,0.999977848810657,0.999977006243113,0.99997614708509,0.999975271300903,0.999974378855378,0.999973469713849,0.999972543842131,0.99997160120652,0.999970641773781,0.999969665511136,0.99996867238626,0.999967662367268,0.999966635422703,0.999965591521536,0.999964530633159,0.999963452727365,0.999962357774351,0.999961245744709,0.999960116609417,0.999958970339836,0.999957806907701,0.999956626285112,0.999955428444532,0.999954213358783,0.999952981001032,0.999951731344796,0.999950464363932,0.999949180032625,0.999947878325394,0.999946559217084,0.999945222682856,0.999943868698186,0.999942497238867
0.999837538157101,0.999835925365271,0.999834419647133,0.999833015823451,0.999831709116543,0.99983049510509,0.999829369685467,0.999828329038361,0.999827369599886,0.999826488036467,0.999825681222851,0.999824946222826,0.999824280272252,0.999823680764012,0.999823145234699,0.999822671352737,0.999822256907772,0.99982189980119,0.999821598037563,0.99982134971698,0.999821153028093,0.99982100624184,0.999820907705732,0.999820855838677,0.999820849126248,0.999820886116359,0.999820965415323,0.999821085684222,0.999821245635587,0.999821444030328,0.999821679674915,0.999821951418773,0.999822258151877,0.999822598802517,0.999822972335221,0.999823377748854,0.999823814074813,0.99982428037537,0.999824775742124,0.999825299294547,0.99982585017863,0.999826427565626,0.999827030650844,0.999827658652561,0.999828310810946,0.999828986387115,0.999829684662172,0.999830404936349,0.999831146528201,0.999831908773806,0.999832691026051,0.999833492653932,0.999834313041899,0.999835151589236,0.99983600770947,0.999836880829822,0.999837770390661,0.999838675845005,0.99983959665805,0.999840532306697,0.999841482279123,0.999842446074369,0.99984342320193,0.999844413181377,0.999845415542011,0.999846429822484,0.999847455570483,0.999848492342405,0.999849539703045,0.999850597225301,0.999851664489881,0.999852741085035,0.999853826606277,0.99985492065614,0.999856022843912,0.999857132785395,0.999858250102677,0.999859374423891,0.999860505382999,0.999861642619563,0.999862785778542,0.999863934510068,0.999865088469254,0.999866247315968,0.999867410714659,0.999868578334131,0.999869749847355,0.999870924931277,0.999872103266615,0.999873284537647,0.999874468432039,0.999875654640623,0.999876842857198,0.999878032778329,0.99987922410313,0.999880416533049,0.999881609771649,0.999882803524381,0.999883997498337,0.99988519140202,0.999886384945081,0.999887577838048,0.999888769792043,0.999889960518505,0.999891149728843,0.999892337134138,0.999893522444765,0.999894705370023,0.999895885617723,0.999897062893758,0.999898236901629,0.999899407341926,0.999900573911783,0.999901736304265,0.999902894207713,0.999904047305016,0.999905195272816,0.999906337780636,0.999907474489907,0.999908605052892,0.999909729111503,0.999910846295967,0.999911956223343,0.99991305849586,0.999914152699057,0.999915238399666,0.999916315143257,0.999917382451512,0.9999184398192,0.99991948671066,0.999920522555819,0.999921546745598,0.99992255862664,0.999923557495189,0.999924542590021,0.999925513084166,0.999926468075272,0.999927406574243,0.999928327491844,0.999929229622828,0.999930111627,0.999930972006533,0.999931809078648,0.999932620942468,0.999933405438623,0.999934160099596,0.999934882088322,0.99993556812162,0.99993621437394,0.999936816355251,0.999937368754628,0.999937865237769,0.999938298181872,0.999938658324098,0.999938934289058,0.999939111943994,0.999939173504022,0.999939096267253,0.999938850789063,0.999938398184315,0.99993768603329,0.999936641976038,0.999935163329318,0.999933099544873,0.999930221078919,0.999926160762023,0.999920294970011,0.99991147930723,0.999897384243632,0.99987251807907,0.999820657508434,0.999670207939037,0.9985396212395,0.997353983890951,0.999898309928513,0.99998615145995,0.999998597055866,0.99999997613822,0.999999068875203,0.999997762326519,0.999996536477165,0.999995506297608,0.99999468119404,0.99999404051383,0.99999355735751,0.99999320611586,0.999992964542779,0.999992813969656,0.999992738930625,0.999992726653631,0.999992766574538,0.99999284992057,0.999992969368657,0.999993118770624,0.999993292933915,0.999993487446908,0.999993698539558,0.999993922971835,0.99999415794402,0.999994401024214,0.999994650089438,0.999994903277528,0.999995158947618,0.999995415647527,0.999995672086701,0.999995927113625,0.99999617969692,0.999996428909417,0.999996673914699,0.999996913955654,0.99999714834475,0.999997376455664,0.999997597716142,0.9999978116018,0.999998017630772,0.999998215359093,0.99999840437663,0.999998584303564,0.999998754787295,0.999998915499726,0.999999066134868,0.999999206406724,0.999999336047425,0.999999454805557,0.999999562444701,0.9999996587421,0.999999743487488,0.999999816482041,0.999999877537422,0.999999926474945,0.999999963124794,0.999999987325345,0.999999998922531,0.99999999776929,0.999999983725043,0.999999956655232,0.999999916430891,0.999999862928269,0.999999796028469,0.999999715617135,0.999999621584143,0.99999951382335,0.999999392232332,0.999999256712156,0.999999107167182,0.999998943504856,0.999998765635541,0.999998573472349,0.99999836693099,0.999998145929629,0.999997910388757,0.999997660231073,0.99999739538136,0.9999971157664,0.999996821314859,0.999996511957197,0.999996187625604,0.999995848253891,0.999995493777438,0.999995124133122,0.999994739259239,0.999994339095459,0.999993923582769,0.999993492663397,0.999993046280796,0.999992584379574,0.99999210690545,0.999991613805223,0.99999110502673,0.999990580518801,0.999990040231227,0.999989484114739,0.999988912120955,0.999988324202366,0.999987720312313,0.999987100404935,0.99998646443517,0.999985812358723,0.999985144132031,0.999984459712261,0.999983759057275,0.999983042125617,0.999982308876494,0.999981559269747,0.999980793265861,0.999980010825919,0.999979211911598,0.999978396485164,0.999977564509441,0.999976715947808,0.999975850764185,0.99997496892302,0.999974070389268,0.999973155128402,0.999972223106369,0.999971274289615,0.999970308645048,0.999969326140044,0.999968326742425,0.999967310420464,0.999966277142863,0.999965226878754,0.999964159597689,0.999963075269625,0.999961973864924,0.999960855354352,0.999959719709054,0.999958566900559,0.999957396900775,0.999956209681976,0.9999550052168,0.999953783478245,0.999952544439653,0.999951288074718,0.999950014357474,0.999948723262285,0.999947414763851,0.999946088837192,0.999944745457648,0.99994338460088,0.999942006242852
0.999830122264565,0.999828724445337,0.999827423199712,0.999826214197176,0.999825093413023,0.999824057096775,0.999823101744741,0.999822224076114,0.999821421012011,0.999820689657062,0.999820027283136,0.999819431314951,0.999818899317263,0.999818428983437,0.999818018125253,0.999817664663722,0.999817366620858,0.999817122112241,0.999816929340282,0.999816786588148,0.999816692214213,0.999816644647029,0.999816642380713,0.99981668397076,0.999816768030186,0.999816893225994,0.999817058275924,0.99981726194547,0.999817503045111,0.999817780427776,0.999818092986462,0.999818439652077,0.999818819391392,0.999819231205165,0.999819674126385,0.999820147218629,0.99982064957456,0.99982118031448,0.999821738585007,0.999822323557828,0.999822934428538,0.999823570415524,0.999824230758955,0.999824914719798,0.999825621578915,0.999826350636205,0.999827101209785,0.999827872635223,0.999828664264834,0.999829475466969,0.99983030562539,0.999831154138641,0.999832020419476,0.999832903894299,0.999833804002638,0.999834720196655,0.99983565194066,0.999836598710666,0.999837559993944,0.99983853528863,0.999839524103311,0.999840525956664,0.999841540377082,0.999842566902337,0.999843605079245,0.999844654463355,0.999845714618626,0.999846785117149,0.999847865538856,0.99984895547125,0.999850054509134,0.999851162254366,0.999852278315603,0.999853402308062,0.999854533853298,0.999855672578962,0.999856818118591,0.999857970111389,0.999859128202016,0.999860292040392,0.999861461281474,0.999862635585077,0.999863814615673,0.999864998042188,0.999866185537821,0.99986737677985,0.999868571449439,0.999869769231456,0.999870969814267,0.999872172889572,0.999873378152179,0.999874585299839,0.99987579403303,0.999877004054761,0.999878215070369,0.999879426787305,0.999880638914915,0.999881851164219,0.999883063247672,0.999884274878931,0.999885485772588,0.999886695643919,0.999887904208593,0.999889111182382,0.999890316280848,0.999891519219007,0.999892719710975,0.999893917469587,0.999895112205997,0.999896303629224,0.999897491445684,0.999898675358688,0.999899855067857,0.999901030268532,0.999902200651096,0.999903365900256,0.999904525694232,0.999905679703866,0.999906827591654,0.999907969010664,0.999909103603326,0.999910231000091,0.999911350817938,0.999912462658696,0.999913566107155,0.999914660728947,0.999915746068149,0.999916821644569,0.999917886950655,0.999918941447978,0.999919984563215,0.999921015683518,0.999922034151218,0.999923039257679,0.999924030236162,0.999925006253549,0.999925966400653,0.999926909680823,0.999927834996541,0.999928741133514,0.999929626741745,0.999930490312869,0.999931330152883,0.999932144349111,0.999932930729975,0.999933686815621,0.999934409756951,0.99993509625972,0.999935742489241,0.999936343949746,0.99993689533014,0.999937390304737,0.999937821272981,0.999938179015186,0.999938452231124,0.999938626912303,0.999938685473982,0.999938605532887,0.999938358150779,0.999937905251978,0.999937195726814,0.999936159375395,0.999934697167063,0.999932664935361,0.999929844761826,0.999925891810084,0.999920228396776,0.999911813514433,0.999898580476984,0.999875832761633,0.999830494383017,0.999711101332304,0.9990757155112,0.978781203626144,0.999810966988634,0.999975059752524,0.999996525286191,0.999999919255077,0.999999577299316,0.999998426988115,0.999997222228708,0.999996165844102,0.999995299003073,0.999994613309386,0.999994086648361,0.999993695149622,0.999993417024666,0.99999323352646,0.999993128901246,0.999993090024922,0.999993105980992,0.999993167670359,0.999993267478632,0.99999339900241,0.999993556827617,0.999993736351222,0.999993933638007,0.999994145305364,0.999994368430296,0.999994600474086,0.999994839220953,0.999995082727882,0.99999532928335,0.999995577373253,0.999995825652596,0.999996072921867,0.999996318107252,0.999996560243953,0.999996798462098,0.999997031974767,0.999997260067781,0.999997482090967,0.999997697450648,0.999997905603178,0.999998106049332,0.999998298329461,0.999998482019239,0.99999865672599,0.999998822085439,0.999998977758864,0.999999123430615,0.999999258805867,0.9999993836087,0.99999949758034,0.999999600477621,0.999999692071608,0.999999772146367,0.999999840497867,0.999999896932986,0.999999941268631,0.999999973330937,0.999999992954543,0.999999999981939,0.999999994262885,0.99999997565387,0.999999944017626,0.999999899222687,0.999999841142985,0.999999769657489,0.999999684649864,0.999999586008164,0.999999473624546,0.999999347395026,0.999999207219226,0.999999053000167,0.999998884644059,0.99999870206012,0.999998505160407,0.999998293859654,0.999998068075127,0.999997827726486,0.999997572735666,0.999997303026748,0.999997018525863,0.999996719161084,0.999996404862326,0.999996075561279,0.999995731191298,0.999995371687352,0.99999499698593,0.999994607024991,0.999994201743902,0.999993781083357,0.999993344985348,0.999992893393099,0.99999242625102,0.99999194350466,0.999991445100669,0.999990930986751,0.999990401111622,0.999989855424996,0.999989293877515,0.999988716420749,0.999988123007147,0.999987513590016,0.999986888123487,0.999986246562498,0.999985588862761,0.999984914980738,0.999984224873628,0.999983518499334,0.999982795816459,0.999982056784259,0.99998130136266,0.99998052951221,0.999979741194083,0.999978936370049,0.999978115002468,0.999977277054265,0.999976422488937,0.999975551270513,0.99997466336356,0.999973758733163,0.999972837344912,0.999971899164902,0.999970944159702,0.999969972296368,0.999968983542414,0.999967977865816,0.999966955234989,0.999965915618789,0.999964858986506,0.999963785307843,0.999962694552919,0.999961586692261,0.999960461696789,0.999959319537815,0.99995816018704,0.999956983616533,0.999955789798737,0.999954578706463,0.999953350312874,0.999952104591491,0.999950841516176,0.999949561061134,0.999948263200908,0.999946947910369,0.999945615164712,0.999944264939455,0.999942897210433,0.999941511953785
0.999823076498268,0.999821872430954,0.99982075622863,0.99981972420665,0.999818772918993,0.999817899135486,0.9998170998218,0.999816372121853,0.999815713342222,0.999815120938318,0.999814592502088,0.999814125751019,0.999813718518288,0.999813368743932,0.999813074466862,0.999812833817679,0.999812645012164,0.999812506345356,0.999812416186193,0.999812372972598,0.99981237520702,0.999812421452327,0.999812510328066,0.999812640507009,0.999812810711979,0.999813019712935,0.999813266324269,0.999813549402317,0.999813867843043,0.999814220579899,0.999814606581836,0.999815024851465,0.999815474423315,0.999815954362249,0.999816463761943,0.999817001743509,0.999817567454166,0.999818160066029,0.999818778774935,0.999819422799389,0.999820091379528,0.999820783776174,0.999821499269934,0.999822237160349,0.999822996765099,0.999823777419239,0.999824578474488,0.999825399298562,0.999826239274516,0.999827097800147,0.999827974287426,0.999828868161931,0.999829778862346,0.999830705839957,0.999831648558182,0.999832606492126,0.999833579128149,0.999834565963458,0.999835566505722,0.999836580272693,0.999837606791849,0.999838645600053,0.999839696243229,0.99984075827604,0.999841831261588,0.999842914771124,0.999844008383763,0.999845111686226,0.999846224272561,0.999847345743905,0.999848475708235,0.999849613780129,0.999850759580546,0.999851912736592,0.999853072881307,0.999854239653462,0.999855412697342,0.999856591662549,0.999857776203804,0.999858965980755,0.999860160657782,0.999861359903813,0.999862563392138,0.999863770800218,0.999864981809515,0.999866196105296,0.999867413376459,0.999868633315351,0.99986985561758,0.999871079981835,0.999872306109697,0.999873533705455,0.999874762475903,0.999875992130153,0.999877222379428,0.999878452936861,0.999879683517274,0.999880913836954,0.999882143613439,0.999883372565255,0.999884600411685,0.999885826872488,0.999887051667637,0.999888274517005,0.999889495140067,0.999890713255564,0.99989192858114,0.999893140832972,0.999894349725346,0.999895554970229,0.999896756276784,0.999897953350848,0.999899145894377,0.999900333604825,0.999901516174479,0.999902693289705,0.999903864630164,0.999905029867895,0.999906188666341,0.999907340679251,0.999908485549465,0.999909622907561,0.999910752370347,0.999911873539162,0.999912985997976,0.999914089311255,0.999915183021535,0.999916266646688,0.999917339676815,0.999918401570701,0.999919451751755,0.999920489603384,0.999921514463621,0.999922525618986,0.9999235222973,0.999924503659381,0.999925468789316,0.999926416683052,0.99992734623496,0.999928256221915,0.999929145284386,0.999930011903777,0.999930854375234,0.999931670774715,0.999932458918935,0.999933216316294,0.999933940106342,0.999934626984533,0.999935273107916,0.999935873975947,0.999936424278384,0.99993691769922,0.999937346661114,0.999937701988274,0.999937972455791,0.999938144178453,0.999938199768479,0.999938117153969,0.999937867888247,0.999937414676252,0.999936707662933,0.999935678701574,0.999934232204265,0.999932229961693,0.999929464783332,0.999925612156326,0.999920135478828,0.999912084114517,0.999899614111527,0.999878673107479,0.999838557172732,0.999741009214724,0.999331317953642,0.936503279032655,0.999629943354568,0.99995679058065,0.999992960243301,0.999999396868842,0.999999907682394,0.999999016175698,0.999997875105233,0.999996812047604,0.999995913006099,0.999995187114139,0.999994619386197,0.999994188814008,0.999993874637369,0.999993658334556,0.999993524031585,0.999993458347516,0.999993450068672,0.999993489802036,0.99999356966105,0.999993682998298,0.999993824184664,0.999993988429269,0.999994171633515,0.999994370272902,0.999994581301204,0.999994802072536,0.999995030277749,0.999995263892288,0.999995501133248,0.99999574042387,0.999995980363998,0.999996219705442,0.999996457331302,0.99999669223856,0.999996923523334,0.999997150368374,0.999997372032395,0.999997587840931,0.999997797178493,0.999997999481809,0.999998194233958,0.999998380959297,0.999998559219035,0.999998728607377,0.999998888748132,0.999999039291746,0.99999917991269,0.999999310307144,0.999999430190958,0.999999539297837,0.999999637377721,0.999999724195366,0.99999979952904,0.999999863169387,0.999999914918394,0.999999954588463,0.999999982001576,0.999999996988549,0.999999999388349,0.999999989047478,0.999999965819417,0.999999929564125,0.999999880147569,0.999999817441308,0.999999741322116,0.999999651671624,0.999999548376009,0.999999431325693,0.999999300415076,0.999999155542296,0.999998996608989,0.999998823520094,0.999998636183651,0.99999843451062,0.999998218414734,0.999997987812323,0.999997742622187,0.999997482765467,0.999997208165513,0.999996918747781,0.999996614439725,0.999996295170696,0.999995960871851,0.999995611476077,0.999995246917897,0.999994867133411,0.999994472060214,0.999994061637336,0.999993635805183,0.99999319450548,0.999992737681203,0.999992265276559,0.999991777236906,0.999991273508725,0.999990754039577,0.99999021877806,0.999989667673774,0.999989100677282,0.999988517740083,0.999987918814569,0.99998730385401,0.999986672812512,0.999986025644996,0.99998536230718,0.999984682755538,0.999983986947288,0.999983274840372,0.999982546393426,0.999981801565768,0.999981040317379,0.999980262608877,0.999979468401509,0.99997865765713,0.999977830338192,0.999976986407715,0.999976125829294,0.99997524856707,0.999974354585719,0.999973443850442,0.999972516326957,0.999971571981476,0.999970610780706,0.999969632691834,0.999968637682513,0.999967625720853,0.999966596775416,0.999965550815207,0.999964487809657,0.999963407728629,0.999962310542393,0.999961196221628,0.999960064737414,0.999958916061227,0.99995775016492,0.999956567020727,0.99995536660126,0.999954148879488,0.999952913828745,0.999951661422717,0.999950391635434,0.999949104441272,0.999947799814942,0.999946477731482,0.999945138166266,0.999943781094976,0.999942406493622,0.999941014338515
0.999816357755939,0.999815329995658,0.999814382753646,0.999813512848341,0.999812717288267,0.999811993255156,0.999811338089039,0.99981074927495,0.999810224431106,0.999809761298314,0.999809357730471,0.999809011686037,0.999808721220312,0.999808484478478,0.999808299689288,0.999808165159331,0.999808079267806,0.999808040461767,0.999808047251762,0.999808098207847,0.999808191955927,0.999808327174398,0.99980850259104,0.999808716980169,0.999808969159994,0.999809257990173,0.999809582369559,0.999809941234092,0.999810333554847,0.999810758336235,0.999811214614294,0.999811701455118,0.999812217953386,0.999812763230984,0.999813336435716,0.999813936740086,0.99981456334018,0.999815215454588,0.999815892323411,0.999816593207308,0.999817317386622,0.999818064160534,0.99981883284627,0.999819622778362,0.999820433307938,0.999821263802057,0.999822113643065,0.99982298222801,0.999823868968061,0.999824773287974,0.999825694625569,0.999826632431251,0.999827586167536,0.999828555308608,0.999829539339902,0.999830537757687,0.999831550068697,0.999832575789737,0.999833614447355,0.999834665577485,0.999835728725134,0.99983680344406,0.999837889296476,0.999838985852764,0.999840092691197,0.99984120939767,0.99984233556544,0.999843470794887,0.999844614693256,0.999845766874442,0.999846926958752,0.999848094572689,0.99984926934874,0.999850450925168,0.99985163894581,0.999852833059877,0.999854032921761,0.999855238190852,0.999856448531336,0.999857663612037,0.99985888310621,0.999860106691379,0.999861334049155,0.999862564865058,0.99986379882835,0.999865035631853,0.999866274971773,0.999867516547532,0.999868760061588,0.99987000521925,0.999871251728507,0.999872499299836,0.999873747646016,0.999874996481938,0.999876245524405,0.999877494491936,0.999878743104532,0.999879991083488,0.999881238151142,0.999882484030648,0.99988372844572,0.999884971120377,0.999886211778649,0.999887450144302,0.999888685940511,0.999889918889536,0.999891148712353,0.999892375128289,0.999893597854586,0.999894816605981,0.99989603109421,0.999897241027492,0.999898446109951,0.999899646041013,0.999900840514716,0.999902029218966,0.999903211834734,0.999904388035128,0.999905557484431,0.999906719836961,0.999907874735875,0.999909021811783,0.999910160681235,0.999911290945003,0.999912412186172,0.999913523967979,0.999914625831366,0.999915717292238,0.999916797838318,0.999917866925578,0.999918923974176,0.999919968363761,0.999920999428117,0.999922016448954,0.999923018648726,0.999924005182271,0.999924975127068,0.999925927471804,0.999926861102916,0.999927774788668,0.999928667160245,0.999929536689129,0.999930381659974,0.999931200137789,0.999931989928081,0.99993274852807,0.999933473066608,0.999934160229585,0.999934806166621,0.999935406373303,0.999935955541218,0.999936447365011,0.999936874291469,0.999937227189326,0.999937494909073,0.999937663687731,0.999937716331306,0.999937631072179,0.999937379941009,0.999936926395876,0.999936221784118,0.999935199912452,0.999933768441996,0.99993179473318,0.999929081516163,0.999925322823944,0.999920018926407,0.999912298581442,0.999900507961253,0.999881122394743,0.99984526036041,0.999763692661157,0.999475893790644,0.993785442231578,0.999196989111035,0.999926346729559,0.999987187141798,0.999998223915261,0.999999993838858,0.999999500830299,0.999998480385953,0.999997436613223,0.999996518124688,0.999995758603621,0.999995153270873,0.999994685441692,0.999994336123391,0.999994087412757,0.999993923533338,0.999993830971891,0.999993798290635,0.999993815846326,0.999993875506672,0.999993970396393,0.999994094681134,0.999994243388064,0.999994412258661,0.999994597628443,0.999994796328879,0.999995005607239,0.999995223060939,0.999995446583592,0.999995674320488,0.999995904631705,0.999996136061406,0.999996367312185,0.999996597223547,0.999996824753739,0.999997048964405,0.999997269007522,0.999997484114278,0.999997693585535,0.999997896783637,0.999998093125352,0.999998282075756,0.99999846314294,0.999998635873387,0.999998799847942,0.999998954678278,0.999999100003805,0.999999235488932,0.999999360820661,0.999999475706455,0.999999579872347,0.999999673061252,0.999999755031478,0.999999825555382,0.999999884418171,0.999999931416833,0.99999996635917,0.999999989062921,0.999999999354996,0.999999997070752,0.999999982053368,0.999999954153248,0.999999913227503,0.999999859139476,0.999999791758294,0.99999971095848,0.999999616619584,0.999999508625855,0.99999938686593,0.999999251232555,0.999999101622334,0.999998937935492,0.999998760075651,0.999998567949634,0.999998361467282,0.999998140541282,0.999997905087,0.999997655022354,0.999997390267659,0.999997110745506,0.999996816380654,0.999996507099912,0.999996182832036,0.999995843507643,0.999995489059115,0.999995119420524,0.999994734527549,0.999994334317401,0.999993918728768,0.999993487701739,0.999993041177754,0.999992579099543,0.999992101411069,0.999991608057495,0.999991098985122,0.999990574141352,0.999990033474649,0.999989476934487,0.99998890447134,0.999988316036614,0.999987711582644,0.999987091062643,0.999986454430687,0.999985801641671,0.999985132651299,0.999984447416053,0.99998374589316,0.999983028040586,0.999982293817001,0.999981543181771,0.999980776094918,0.999979992517127,0.999979192409713,0.999978375734603,0.999977542454328,0.999976692532005,0.999975825931316,0.9999749426165,0.999974042552345,0.999973125704161,0.999972192037778,0.999971241519531,0.999970274116248,0.999969289795242,0.999968288524297,0.999967270271662,0.999966235006033,0.999965182696559,0.999964113312812,0.999963026824797,0.999961923202935,0.99996080241806,0.999959664441397,0.999958509244579,0.999957336799614,0.999956147078898,0.999954940055199,0.999953715701647,0.999952473991735,0.999951214899316,0.999949938398581,0.999948644464071,0.999947333070662,0.999946004193564,0.999944657808309,0.999943293890753,0.999941912417071,0.999940513363743
0.99980993088069,0.999809064849306,0.999808273048215,0.999807552695589,0.999806901163714,0.999806315966232,0.999805794746746,0.999805335268624,0.999804935405831,0.999804593134679,0.999804306526361,0.999804073740221,0.99980389301761,0.99980376267634,0.9998036811056,0.999803646761315,0.999803658161931,0.9998037138845,0.999803812561128,0.999803952875693,0.999804133560809,0.999804353395039,0.999804611200311,0.999804905839537,0.999805236214376,0.999805601263195,0.999805999959149,0.999806431308393,0.999806894348438,0.999807388146577,0.999807911798454,0.99980846442671,0.999809045179703,0.999809653230321,0.999810287774867,0.999810948032007,0.999811633241792,0.999812342664712,0.999813075580829,0.999813831288955,0.999814609105862,0.999815408365545,0.999816228418534,0.999817068631224,0.999817928385248,0.999818807076894,0.999819704116527,0.999820618928068,0.999821550948469,0.999822499627241,0.999823464425993,0.999824444817978,0.999825440287689,0.999826450330451,0.999827474452039,0.999828512168308,0.999829563004855,0.999830626496669,0.999831702187814,0.999832789631123,0.999833888387898,0.999834998027628,0.999836118127712,0.999837248273187,0.999838388056491,0.999839537077199,0.999840694941798,0.99984186126344,0.999843035661745,0.999844217762561,0.999845407197761,0.999846603605044,0.999847806627731,0.999849015914572,0.999850231119552,0.999851451901719,0.999852677924983,0.999853908857956,0.999855144373761,0.999856384149866,0.999857627867909,0.999858875213533,0.999860125876216,0.999861379549096,0.999862635928814,0.999863894715334,0.999865155611789,0.999866418324299,0.999867682561806,0.999868948035894,0.999870214460625,0.999871481552343,0.999872749029503,0.999874016612479,0.999875284023365,0.999876550985782,0.999877817224657,0.999879082466024,0.999880346436784,0.99988160886447,0.999882869477005,0.999884128002435,0.99988538416865,0.999886637703094,0.999887888332447,0.999889135782293,0.999890379776762,0.999891620038149,0.999892856286488,0.999894088239119,0.999895315610196,0.999896538110162,0.999897755445178,0.999898967316496,0.999900173419778,0.999901373444346,0.999902567072354,0.999903753977882,0.999904933825928,0.999906106271296,0.999907270957357,0.99990842751467,0.999909575559452,0.999910714691838,0.999911844493963,0.999912964527778,0.999914074332597,0.999915173422311,0.999916261282249,0.999917337365564,0.999918401089144,0.999919451828919,0.999920488914439,0.999921511622663,0.999922519170738,0.999923510707617,0.999924485304288,0.999925441942322,0.999926379500393,0.999927296738373,0.999928192278406,0.999929064582361,0.99992991192475,0.999930732360045,0.999931523683019,0.999932283380267,0.999933008570561,0.999933695930947,0.999934341604401,0.999934941083512,0.999935489062612,0.999935979247917,0.999936404111166,0.999936754566183,0.999937019538855,0.999937185387321,0.999937235108223,0.999937147231319,0.999936894250888,0.999936440351988,0.999935738035066,0.999934722967091,0.999933305879056,0.999931359347016,0.999928695293671,0.999925024719917,0.999919881103752,0.999912463283591,0.999901280810186,0.999883245677864,0.999850900181321,0.999781396953562,0.999566984936554,0.997553292235329,0.997855118150393,0.999874144616569,0.999978094786102,0.999996139790957,0.999999747760712,0.999999843728102,0.999999019704163,0.999998029394309,0.999997108243165,0.99999632382595,0.999995685598512,0.999995183092071,0.999994800032325,0.999994519638785,0.999994326511844,0.999994207166282,0.99999415003491,0.999994145281501,0.999994184563275,0.999994260799019,0.999994367962928,0.999994500908889,0.999994655223855,0.999994827106693,0.999995013268543,0.999995210850919,0.999995417358337,0.999995630602733,0.999995848657516,0.999996069819375,0.999996292576484,0.999996515581875,0.999996737631061,0.999996957643183,0.999997174645023,0.999997387757429,0.999997596183706,0.999997799199714,0.999997996145322,0.999998186417044,0.999998369461698,0.999998544770841,0.999998711875999,0.999998870344438,0.999999019775502,0.999999159797371,0.999999290064221,0.999999410253712,0.999999520064777,0.999999619215629,0.999999707442034,0.999999784495732,0.999999850143048,0.999999904163658,0.999999946349445,0.999999976503521,0.999999994439301,0.999999999979702,0.999999992956407,0.999999973209184,0.999999940585302,0.999999894938966,0.999999836130829,0.999999764027537,0.999999678501308,0.999999579429556,0.99999946669456,0.999999340183124,0.999999199786303,0.999999045399126,0.999998876920364,0.999998694252291,0.999998497300482,0.999998285973617,0.999998060183312,0.999997819843946,0.999997564872514,0.999997295188481,0.999997010713663,0.999996711372087,0.999996397089896,0.999996067795233,0.999995723418147,0.999995363890504,0.999994989145895,0.999994599119559,0.999994193748313,0.999993772970478,0.999993336725814,0.999992884955456,0.999992417601868,0.999991934608768,0.999991435921099,0.99999092148497,0.999990391247608,0.999989845157328,0.999989283163474,0.999988705216407,0.999988111267444,0.999987501268839,0.999986875173742,0.999986232936181,0.999985574511025,0.999984899853947,0.999984208921427,0.999983501670694,0.99998277805973,0.999982038047229,0.999981281592583,0.999980508655871,0.99997971919782,0.999978913179806,0.999978090563826,0.999977251312482,0.999976395388972,0.999975522757065,0.999974633381097,0.99997372722595,0.999972804257035,0.999971864440295,0.999970907742178,0.99996993412963,0.999968943570081,0.999967936031445,0.999966911482095,0.999965869890865,0.999964811227029,0.999963735460306,0.999962642560839,0.999961532499191,0.999960405246337,0.999959260773659,0.999958099052932,0.999956920056319,0.999955723756366,0.999954510125996,0.999953279138497,0.999952030767523,0.999950764987075,0.999949481771512,0.999948181095533,0.999946862934176,0.999945527262814,0.999944174057138,0.999942803293173,0.999941414947256,0.999940008996032
0.999803766739167,0.99980305008241,0.999802402206955,0.999801820654076,0.999801303091926,0.999800847305711,0.999800451188835,0.999800112734913,0.99979983003057,0.999799601248887,0.999799424643467,0.999799298543034,0.999799221346484,0.999799191518401,0.999799207584899,0.999799268129856,0.999799371791425,0.999799517258823,0.999799703269379,0.999799928605803,0.999800192093657,0.999800492599007,0.999800829026266,0.99980120031617,0.999801605443886,0.999802043417286,0.999802513275298,0.999803014086391,0.999803544947147,0.999804104980924,0.99980469333662,0.999805309187482,0.999805951730019,0.999806620182965,0.999807313786297,0.999808031800328,0.999808773504835,0.999809538198244,0.999810325196868,0.99981113383416,0.999811963460046,0.999812813440248,0.999813683155683,0.999814572001867,0.999815479388361,0.999816404738237,0.999817347487578,0.999818307084992,0.999819282991169,0.999820274678423,0.999821281630301,0.999822303341162,0.999823339315822,0.999824389069167,0.999825452125824,0.999826528019823,0.999827616294271,0.999828716501055,0.999829828200547,0.999830950961309,0.999832084359846,0.999833227980318,0.999834381414298,0.999835544260541,0.999836716124719,0.999837896619226,0.999839085362935,0.999840281980995,0.999841486104621,0.999842697370889,0.999843915422549,0.999845139907824,0.999846370480229,0.999847606798394,0.99984884852587,0.999850095330972,0.999851346886595,0.999852602870056,0.999853862962911,0.999855126850803,0.999856394223298,0.999857664773719,0.999858938198979,0.999860214199438,0.999861492478718,0.999862772743562,0.999864054703657,0.999865338071473,0.999866622562109,0.9998679078931,0.999869193784265,0.999870479957525,0.999871766136722,0.999873052047426,0.999874337416764,0.999875621973201,0.999876905446338,0.999878187566709,0.999879468065544,0.999880746674542,0.999882023125613,0.999883297150627,0.999884568481132,0.999885836848059,0.999887101981404,0.999888363609905,0.999889621460669,0.999890875258794,0.999892124726946,0.99989336958492,0.999894609549137,0.999895844332128,0.999897073641951,0.999898297181561,0.99989951464812,0.999900725732242,0.999901930117168,0.999903127477829,0.999904317479853,0.999905499778429,0.999906674017059,0.99990783982618,0.99990899682159,0.999910144602728,0.999911282750727,0.999912410826203,0.999913528366795,0.999914634884364,0.999915729861813,0.999916812749469,0.99991788296097,0.999918939868527,0.999919982797501,0.999921011020148,0.999922023748382,0.999923020125359,0.999923999215695,0.999924959993985,0.99992590133132,0.99992682197938,0.999927720551531,0.999928595500313,0.999929445090437,0.999930267366245,0.999931060112234,0.999931820804903,0.999932546553561,0.999933234027081,0.999933879362556,0.999934478050404,0.999935024788559,0.999935513295668,0.999935936069173,0.999936284068481,0.999936546294788,0.999936709226215,0.999936756046878,0.999936665577201,0.999936410761868,0.999935956487991,0.999935256362588,0.999934247825705,0.999932844512289,0.999930923889655,0.999928306414618,0.999924718650719,0.999919724082116,0.999912583679781,0.999901948260191,0.999885094483003,0.999855693637569,0.999795537815977,0.999628795723903,0.998598890028071,0.990375916902206,0.999780220551978,0.999963901604317,0.999992771958806,0.999999051473548,0.999999996978066,0.999999470095228,0.999998577970109,0.999997675998253,0.999996878087163,0.999996213194369,0.999995679509575,0.999995264693647,0.999994953730788,0.999994731953111,0.999994586107258,0.999994504617478,0.99999447752809,0.999994496331509,0.999994553769471,0.999994643643184,0.999994760645172,0.999994900215584,0.999995058421619,0.999995231857273,0.999995417560317,0.999995612943565,0.999995815737972,0.999996023945384,0.999996235799212,0.999996449731577,0.999996664345779,0.99999687839314,0.999997090753432,0.999997300418312,0.999997506477209,0.999997708105289,0.999997904553132,0.999998095137876,0.999998279235542,0.999998456274437,0.999998625729387,0.999998787116749,0.999998939990021,0.999999083936026,0.999999218571553,0.999999343540385,0.9999994585107,0.99999956317275,0.999999657236816,0.999999740431382,0.999999812501514,0.999999873207408,0.999999922323095,0.999999959635276,0.999999984942279,0.999999998053115,0.999999998786639,0.999999986970777,0.999999962441835,0.99999992504387,0.999999874628132,0.999999811052523,0.999999734181154,0.999999643883889,0.999999540035964,0.999999422517638,0.999999291213843,0.999999146013901,0.999998986811232,0.999998813503111,0.999998625990434,0.99999842417749,0.999998207971773,0.999997977283798,0.999997732026922,0.999997472117197,0.999997197473217,0.999996908015981,0.999996603668776,0.999996284357049,0.999995950008313,0.999995600552027,0.999995235919516,0.999994856043872,0.999994460859887,0.999994050303953,0.999993624314012,0.999993182829476,0.999992725791169,0.99999225314126,0.999991764823211,0.99999126078174,0.999990740962739,0.999990205313254,0.999989653781437,0.999989086316491,0.999988502868649,0.999987903389126,0.999987287830082,0.999986656144601,0.999986008286653,0.999985344211055,0.999984663873458,0.999983967230324,0.999983254238871,0.99998252485709,0.999981779043691,0.999981016758092,0.9999802379604,0.999979442611395,0.999978630672498,0.999977802105765,0.999976956873871,0.99997609494008,0.999975216268246,0.99997432082279,0.999973408568684,0.999972479471439,0.999971533497097,0.999970570612212,0.999969590783844,0.999968593979537,0.999967580167327,0.999966549315705,0.999965501393633,0.99996443637052,0.999963354216209,0.999962254900982,0.99996113839554,0.999960004671,0.999958853698885,0.999957685451112,0.999956499899997,0.99995529701823,0.999954076778884,0.9999528391554,0.999951584121582,0.999950311651589,0.999949021719937,0.999947714301478,0.999946389371407,0.999945046905256,0.99994368687888,0.999942309268459,0.999940914050489,0.99993950120178
0.999797840860005,0.999797262980886,0.999796749110025,0.999796297053768,0.999795904724353,0.999795570132192,0.999795291378874,0.99979506665083,0.999794894213571,0.999794772406428,0.999794699637756,0.999794674380548,0.999794695168407,0.999794760591858,0.999794869294945,0.999795019972095,0.999795211365235,0.999795442261117,0.999795711488844,0.999796017917578,0.999796360454408,0.999796738042371,0.99979714965861,0.999797594312661,0.999798071044837,0.999798578924742,0.999799117049868,0.999799684544274,0.999800280557368,0.999800904262742,0.999801554857093,0.999802231559204,0.999802933608974,0.999803660266523,0.999804410811333,0.999805184541444,0.999805980772696,0.999806798837995,0.99980763808665,0.999808497883714,0.999809377609379,0.999810276658381,0.999811194439471,0.999812130374871,0.999813083899784,0.99981405446191,0.99981504152101,0.999816044548454,0.999817063026827,0.999818096449527,0.999819144320382,0.999820206153309,0.999821281471951,0.999822369809355,0.999823470707669,0.999824583717807,0.999825708399189,0.999826844319444,0.999827991054146,0.999829148186556,0.999830315307364,0.999831492014455,0.999832677912677,0.999833872613614,0.999835075735364,0.999836286902334,0.99983750574503,0.999838731899865,0.999839965008962,0.999841204719962,0.999842450685851,0.999843702564763,0.999844960019833,0.999846222718999,0.999847490334848,0.999848762544445,0.999850039029174,0.999851319474572,0.999852603570186,0.999853891009389,0.99985518148925,0.999856474710367,0.999857770376708,0.999859068195463,0.999860367876887,0.999861669134145,0.999862971683146,0.999864275242399,0.999865579532832,0.999866884277638,0.999868189202114,0.999869494033466,0.999870798500657,0.99987210233421,0.999873405266017,0.999874707029157,0.99987600735767,0.999877305986367,0.999878602650596,0.999879897086005,0.999881189028299,0.999882478212976,0.999883764375054,0.99988504724877,0.999886326567267,0.999887602062267,0.999888873463693,0.999890140499296,0.999891402894223,0.999892660370577,0.999893912646915,0.99989515943772,0.999896400452825,0.999897635396762,0.999898863968085,0.999900085858593,0.999901300752495,0.999902508325492,0.999903708243744,0.999904900162741,0.999906083726038,0.999907258563868,0.999908424291556,0.999909580507786,0.999910726792625,0.999911862705323,0.999912987781806,0.999914101531875,0.999915203435999,0.999916292941679,0.999917369459298,0.999918432357379,0.999919480957128,0.999920514526154,0.999921532271205,0.999922533329743,0.99992351676012,0.999924481530098,0.999925426503367,0.99992635042361,0.999927251895667,0.99992812936303,0.999928981080951,0.999929805084026,0.999930599146932,0.999931360736581,0.999932086953392,0.999932774458739,0.999933419384545,0.999934017219835,0.999934562666965,0.999935049457811,0.999935470116204,0.99993581564755,0.999936075128226,0.999936235155117,0.999936279096723,0.99993618605755,0.999935929419993,0.999935474749432,0.999934776715477,0.99993377444962,0.999932384336846,0.999930488438059,0.999927915147353,0.999924405335568,0.999919549683317,0.999912664475147,0.999902523374131,0.999886710129639,0.999859803116259,0.999807048379759,0.999673063804558,0.999045431281543,0.458768795024576,0.999598067358985,0.999941642378016,0.999987578387117,0.99999774532548,0.99999989863778,0.999999802763415,0.999999067115942,0.999998212521669,0.999997415813707,0.999996732333588,0.999996172075106,0.999995728185429,0.999995388226299,0.999995138709133,0.999994966869182,0.999994861274502,0.999994811942976,0.999994810260377,0.999994848828448,0.999994921299427,0.999995022220206,0.999995146894541,0.999995291264884,0.999995451812706,0.999995625475076,0.999995809575119,0.999996001764091,0.999996199973078,0.999996402372664,0.999996607339153,0.999996813426193,0.99999701934087,0.999997223923498,0.999997426130453,0.999997625019581,0.999997819737706,0.999998009509943,0.999998193630488,0.999998371454684,0.999998542392138,0.99999870590076,0.999998861481558,0.999999008674099,0.999999147052539,0.999999276222115,0.99999939581609,0.999999505493017,0.999999604934351,0.999999693842323,0.999999771938025,0.999999838959751,0.999999894661468,0.999999938811477,0.99999997119121,0.999999991594131,0.999999999824776,0.999999995697863,0.9999999790375,0.999999949676462,0.999999907455547,0.999999852222976,0.999999783833867,0.999999702149734,0.999999607038044,0.999999498371814,0.999999376029236,0.999999239893332,0.99999908985165,0.999998925795968,0.999998747622034,0.999998555229326,0.999998348520822,0.999998127402801,0.999997891784644,0.999997641578662,0.999997376699937,0.999997097066162,0.999996802597508,0.999996493216491,0.999996168847847,0.999995829418428,0.999995474857088,0.999995105094593,0.999994720063521,0.999994319698189,0.999993903934557,0.999993472710168,0.999993025964073,0.99999256363676,0.9999920856701,0.999991592007287,0.999991082592782,0.999990557372266,0.999990016292583,0.999989459301709,0.999988886348695,0.999988297383638,0.999987692357633,0.999987071222745,0.999986433931974,0.999985780439217,0.999985110699246,0.999984424667668,0.999983722300914,0.999983003556196,0.999982268391495,0.999981516765525,0.999980748637728,0.999979963968241,0.999979162717867,0.999978344848078,0.999977510320987,0.999976659099318,0.999975791146412,0.999974906426187,0.999974004903148,0.999973086542349,0.999972151309396,0.999971199170425,0.999970230092091,0.999969244041555,0.999968240986481,0.999967220895005,0.999966183735746,0.999965129477781,0.999964058090643,0.999962969544309,0.999961863809187,0.999960740856111,0.999959600656333,0.999958443181515,0.999957268403713,0.999956076295383,0.999954866829362,0.99995363997887,0.999952395717494,0.999951134019185,0.999949854858257,0.999948558209368,0.999947244047534,0.999945912348098,0.999944563086748,0.999943196239493,0.99994181178267,0.999940409692935,0.999938989947255
0.999792132444862,0.999791684157402,0.999791295657661,0.999790964972346,0.999790690217577,0.999790469592765,0.999790301374985,0.999790183913894,0.999790115627048,0.999790094995637,0.999790120560556,0.999790190918806,0.999790304720173,0.999790460664172,0.999790657497214,0.999790894009993,0.999791169035072,0.999791481444623,0.99979183014835,0.99979221409154,0.99979263225326,0.999793083644659,0.999793567307405,0.999794082312204,0.999794627757427,0.999795202767811,0.999795806493253,0.999796438107675,0.999797096807939,0.999797781812866,0.999798492362266,0.999799227716058,0.99979998715342,0.999800769971993,0.999801575487141,0.999802403031215,0.999803251952908,0.999804121616588,0.999805011401716,0.999805920702257,0.999806848926133,0.999807795494714,0.999808759842317,0.999809741415732,0.99981073967378,0.999811754086884,0.999812784136659,0.999813829315521,0.999814889126317,0.99981596308197,0.999817050705136,0.999818151527873,0.999819265091334,0.999820390945464,0.999821528648708,0.99982267776774,0.999823837877186,0.999825008559382,0.999826189404112,0.999827380008374,0.999828579976149,0.999829788918185,0.999831006451771,0.999832232200534,0.999833465794236,0.999834706868581,0.999835955065015,0.999837210030549,0.999838471417582,0.999839738883708,0.999841012091567,0.999842290708654,0.999843574407171,0.99984486286386,0.99984615575984,0.99984745278046,0.999848753615126,0.999850057957178,0.999851365503707,0.999852675955424,0.999853989016509,0.999855304394458,0.999856621799927,0.999857940946603,0.999859261551027,0.999860583332466,0.999861906012746,0.999863229316099,0.999864552969013,0.999865876700054,0.99986720023972,0.999868523320255,0.99986984567549,0.99987116704065,0.999872487152174,0.999873805747518,0.999875122564955,0.999876437343362,0.999877749822,0.999879059740272,0.999880366837492,0.999881670852604,0.999882971523921,0.99988426858882,0.99988556178343,0.999886850842294,0.999888135498008,0.999889415480824,0.999890690518236,0.999891960334518,0.999893224650237,0.999894483181709,0.99989573564041,0.999896981732352,0.999898221157362,0.999899453608325,0.999900678770333,0.999901896319754,0.9999031059232,0.999904307236373,0.999905499902822,0.999906683552497,0.999907857800199,0.999909022243791,0.999910176462243,0.999911320013386,0.999912452431413,0.999913573224043,0.999914681869294,0.999915777811839,0.999916860458829,0.999917929175118,0.999918983277797,0.99992002202988,0.999921044633029,0.999922050219098,0.999923037840297,0.999924006457699,0.999924954927754,0.999925881986367,0.999926786230074,0.999927666093616,0.999928519823108,0.999929345443775,0.999930140720908,0.999930903112334,0.999931629710152,0.999932317168841,0.999932961615863,0.999933558539585,0.999934102647561,0.999934587685628,0.999935006204644,0.999935349256362,0.999935605992133,0.999935763126388,0.999935804208908,0.999935708621908,0.999935450173241,0.999934995083875,0.99993429904442,0.999933302801247,0.999931925346413,0.999930053060744,0.999927521733338,0.999924085417645,0.999919359515807,0.999912709746103,0.999903017169597,0.999888126123744,0.999863352420775,0.999816566669423,0.999706092108069,0.999281873657684,0.984202142139624,0.999200585701918,0.999906149932422,0.999979753917964,0.999995610864984,0.999999468086831,0.999999981472347,0.99999947813486,0.999998707123839,0.999997930386935,0.999997238647455,0.999996657749424,0.999996188298297,0.999995821458258,0.999995545481336,0.999995348412405,0.999995219153663,0.999995147812917,0.999995125742246,0.999995145450175,0.999995200470477,0.999995285224642,0.999995394893586,0.99999552530419,0.999995672831642,0.999995834316584,0.999996006995373,0.999996188441542,0.999996376516753,0.999996569329648,0.999996765201264,0.999996962635942,0.999997160296712,0.99999735698449,0.999997551620375,0.999997743230557,0.999997930933438,0.999998113928537,0.999998291486991,0.999998462943319,0.999998627688287,0.999998785162746,0.999998934852221,0.999999076282216,0.999999209014077,0.999999332641377,0.999999446786725,0.999999551098953,0.999999645250607,0.999999728935757,0.999999801868022,0.999999863778821,0.999999914415807,0.999999953541479,0.999999980931911,0.999999996375641,0.999999999672659,0.99999999063348,0.999999969078333,0.999999934836405,0.999999887745179,0.999999827649807,0.999999754402559,0.999999667862311,0.999999567894094,0.999999454368658,0.999999327162092,0.999999186155472,0.999999031234535,0.999998862289381,0.9999986792142,0.999998481907024,0.999998270269489,0.999998044206626,0.999997803626663,0.999997548440834,0.999997278563232,0.999996993910625,0.999996694402327,0.999996379960066,0.999996050507843,0.999995705971834,0.99999534628027,0.999994971363334,0.999994581153079,0.999994175583324,0.999993754589585,0.99999331810899,0.999992866080209,0.999992398443385,0.999991915140076,0.99999141611319,0.999990901306928,0.999990370666735,0.99998982413925,0.999989261672257,0.999988683214646,0.999988088716362,0.999987478128374,0.999986851402642,0.999986208492065,0.999985549350472,0.999984873932561,0.9999841821939,0.999983474090879,0.999982749580686,0.999982008621289,0.999981251171409,0.999980477190485,0.999979686638677,0.999978879476823,0.999978055666427,0.999977215169644,0.999976357949253,0.999975483968653,0.999974593191832,0.999973685583364,0.999972761108384,0.999971819732582,0.999970861422182,0.999969886143939,0.999968893865109,0.999967884553457,0.999966858177232,0.999965814705169,0.999964754106452,0.999963676350739,0.999962581408124,0.999961469249143,0.999960339844762,0.999959193166361,0.99995802918573,0.99995684787507,0.999955649206969,0.999954433154406,0.999953199690739,0.999951948789702,0.999950680425389,0.99994939457226,0.999948091205124,0.99994677029914,0.999945431829805,0.999944075772959,0.99994270210476,0.999941310801701,0.999939901840586,0.999938475198541
0.999786623634408,0.999786296901572,0.999786026193354,0.999785809721757,0.999785645775121,0.999785532713147,0.999785468962346,0.99978545301189,0.999785483409785,0.999785558759341,0.999785677715946,0.999785838984078,0.999786041314516,0.99978628350181,0.999786564381892,0.999786882829877,0.999787237758018,0.999787628113796,0.999788052878146,0.9997885110638,0.999789001713738,0.999789523899736,0.999790076721018,0.999790659302973,0.999791270795971,0.999791910374233,0.999792577234792,0.999793270596478,0.999793989699008,0.999794733802085,0.999795502184574,0.999796294143717,0.999797108994383,0.999797946068372,0.999798804713751,0.999799684294202,0.999800584188447,0.999801503789669,0.999802442504969,0.999803399754856,0.99980437497275,0.999805367604526,0.999806377108066,0.999807402952831,0.999808444619464,0.999809501599392,0.999810573394472,0.999811659516626,0.999812759487501,0.999813872838165,0.999814999108764,0.999816137848252,0.999817288614093,0.99981845097198,0.999819624495581,0.999820808766283,0.99982200337294,0.999823207911638,0.999824421985472,0.999825645204321,0.999826877184639,0.999828117549235,0.999829365927092,0.999830621953166,0.999831885268186,0.99983315551849,0.999834432355834,0.999835715437225,0.999837004424745,0.999838298985392,0.999839598790919,0.999840903517667,0.999842212846417,0.999843526462234,0.999844844054321,0.999846165315858,0.99984748994387,0.999848817639076,0.999850148105737,0.999851481051517,0.999852816187352,0.99985415322728,0.99985549188832,0.999856831890318,0.999858172955806,0.999859514809846,0.99986085717989,0.999862199795623,0.999863542388809,0.999864884693136,0.999866226444056,0.999867567378604,0.999868907235248,0.999870245753693,0.999871582674698,0.999872917739901,0.999874250691594,0.999875581272528,0.999876909225686,0.999878234294052,0.999879556220361,0.999880874746844,0.999882189614941,0.999883500565011,0.999884807336015,0.999886109665179,0.999887407287618,0.999888699935958,0.999889987339904,0.999891269225783,0.999892545316043,0.999893815328716,0.999895078976828,0.999896335967747,0.99989758600248,0.999898828774905,0.999900063970898,0.999901291267416,0.99990251033144,0.999903720818821,0.999904922373018,0.999906114623652,0.999907297184928,0.999908469653853,0.999909631608249,0.999910782604501,0.999911922175038,0.999913049825476,0.999914165031385,0.999915267234609,0.999916355839077,0.999917430206006,0.999918489648409,0.999919533424769,0.99992056073173,0.999921570695634,0.999922562362665,0.999923534687356,0.999924486519077,0.999925416586158,0.999926323477072,0.999927205618074,0.999928061246465,0.999928888378473,0.999929684770421,0.999930447871528,0.999931174766111,0.999931862102367,0.999932506003949,0.999933101959278,0.999933644681815,0.999934127932062,0.999934544288469,0.999934884849429,0.999935138841023,0.999935293093953,0.999935331336234,0.999935233221558,0.999934972971458,0.999934517440821,0.99993382330188,0.999932832844036,0.999931467533418,0.999929617818713,0.999927126390263,0.999923759473635,0.999919155004658,0.999912723041293,0.999903439002117,0.99988936991072,0.999866437501344,0.999824542598462,0.999731535552876,0.999424384148078,0.99559398822412,0.99814252111828,0.999847887962975,0.999968072957441,0.999992345340504,0.999998599625918,0.999999960426855,0.999999788009469,0.999999146903444,0.999998413943235,0.999997727012172,0.999997133006955,0.999996642493798,0.999996251527587,0.999995950801807,0.999995729569983,0.999995577304508,0.999995484347322,0.999995442107358,0.999995443058122,0.999995480653096,0.99999554921381,0.999995643815561,0.999995760181451,0.999995894588532,0.999996043786699,0.999996204929497,0.999996375515524,0.999996553338965,0.999996736447865,0.999996923108948,0.999997111777865,0.999997301074024,0.999997489759198,0.999997676719359,0.999997860949119,0.99999804153846,0.999998217661289,0.999998388565622,0.999998553565071,0.999998712031491,0.999998863388568,0.999999007106249,0.999999142695868,0.999999269705866,0.999999387718056,0.999999496344295,0.999999595223589,0.999999684019493,0.999999762417839,0.999999830124674,0.999999886864474,0.999999932378503,0.999999966423375,0.999999988769754,0.999999999201183,0.999999997513034,0.999999983511574,0.999999957013093,0.999999917843141,0.999999865835835,0.999999800833206,0.999999722684636,0.999999631246325,0.999999526380818,0.999999407956562,0.999999275847513,0.99999912993276,0.999998970096199,0.999998796226221,0.999998608215426,0.999998405960369,0.99999818936132,0.999997958322035,0.999997712749563,0.999997452554043,0.999997177648542,0.999996887948893,0.999996583373529,0.999996263843369,0.999995929281662,0.999995579613888,0.999995214767633,0.999994834672485,0.999994439259951,0.99999402846334,0.999993602217706,0.999993160459743,0.999992703127736,0.999992230161464,0.999991741502159,0.999991237092425,0.999990716876196,0.99999018079867,0.999989628806265,0.999989060846564,0.999988476868282,0.999987876821208,0.999987260656172,0.999986628325014,0.999985979780533,0.999985314976461,0.999984633867438,0.999983936408965,0.999983222557388,0.999982492269867,0.999981745504347,0.999980982219539,0.999980202374889,0.999979405930563,0.999978592847418,0.999977763086993,0.999976916611476,0.999976053383697,0.999975173367103,0.999974276525746,0.999973362824262,0.999972432227863,0.999971484702315,0.999970520213929,0.999969538729542,0.999968540216511,0.999967524642699,0.999966491976456,0.99996544218662,0.999964375242494,0.999963291113842,0.999962189770881,0.999961071184271,0.999959935325088,0.999958782164848,0.999957611675472,0.999956423829284,0.999955218599012,0.999953995957769,0.999952755879052,0.999951498336729,0.999950223305038,0.999948930758583,0.999947620672315,0.999946293021539,0.999944947781899,0.999943584929378,0.999942204440287,0.999940806291267,0.999939390459272,0.999937956921581
0.999781298953198,0.999781086685205,0.999780927061722,0.999780818452224,0.999780759291955,0.999780748077856,0.99978078336486,0.999780863762436,0.999780987931435,0.999781154581165,0.999781362466683,0.999781610386289,0.999781897179211,0.99978222172343,0.999782582933687,0.999782979759603,0.999783411183938,0.99978387622096,0.999784373914927,0.99978490333866,0.999785463592198,0.999786053801566,0.999786673117581,0.999787320714759,0.999787995790265,0.99978869756295,0.999789425272409,0.999790178178129,0.999790955558648,0.999791756710802,0.999792580948967,0.999793427604382,0.99979429602447,0.999795185572241,0.999796095625667,0.999797025577143,0.999797974832943,0.999798942812708,0.999799928948966,0.999800932686666,0.999801953482746,0.999802990805701,0.999804044135191,0.999805112961654,0.999806196785942,0.99980729511897,0.999808407481379,0.999809533403216,0.999810672423623,0.999811824090545,0.999812987960447,0.999814163598034,0.999815350575997,0.999816548474759,0.999817756882214,0.999818975393527,0.999820203610876,0.99982144114325,0.999822687606232,0.999823942621795,0.999825205818105,0.999826476829332,0.999827755295458,0.999829040862102,0.999830333180338,0.999831631906529,0.999832936702161,0.999834247233673,0.999835563172304,0.999836884193941,0.99983820997895,0.999839540212048,0.999840874582142,0.99984221278218,0.999843554509023,0.999844899463289,0.999846247349222,0.999847597874546,0.999848950750331,0.999850305690848,0.999851662413448,0.999853020638395,0.999854380088759,0.999855740490247,0.99985710157108,0.999858463061846,0.999859824695352,0.999861186206473,0.999862547332006,0.999863907810514,0.999865267382163,0.999866625788565,0.999867982772594,0.999869338078233,0.999870691450364,0.999872042634595,0.999873391377058,0.999874737424189,0.999876080522526,0.999877420418452,0.999878756857966,0.99988008958642,0.999881418348232,0.999882742886596,0.999884062943162,0.999885378257691,0.999886688567698,0.999887993608051,0.999889293110542,0.999890586803432,0.99989187441094,0.999893155652707,0.999894430243196,0.999895697891041,0.999896958298335,0.999898211159853,0.99989945616218,0.99990069298278,0.999901921288925,0.99990314073655,0.999904350968959,0.999905551615387,0.999906742289395,0.999907922587088,0.999909092085097,0.999910250338339,0.999911396877452,0.99991253120594,0.999913652796916,0.9999147610894,0.999915855484116,0.999916935338675,0.99991799996206,0.999919048608279,0.999920080469032,0.999921094665245,0.999922090237196,0.999923066133005,0.99992402119514,0.999924954144552,0.99992586356188,0.999926747865165,0.999927605283205,0.999928433823582,0.999929231234068,0.999929994955732,0.999930722065633,0.999931409206265,0.999932052498101,0.999932647430274,0.999933188722852,0.999933670151634,0.999934084323177,0.99993442238276,0.999934673630874,0.999934825013231,0.999934860433045,0.999934759809434,0.999934497766236,0.999934041771581,0.999933349442017,0.999932364542456,0.999931010889204,0.999929182766286,0.999926729314709,0.999923428021885,0.99991893741666,0.999912707463766,0.99990379686559,0.999890464178692,0.999869133813529,0.999831301885699,0.999751644775776,0.9995180454334,0.997793697264998,0.99397516595737,0.999747914266696,0.999950615072712,0.999987522927481,0.999997153505093,0.999999681460529,0.999999968318592,0.999999516263113,0.99999885713172,0.99999819141649,0.999997593758204,0.999997087856235,0.999996676271858,0.999996353012045,0.999996109032773,0.999995934667672,0.999995820670278,0.99999575861778,0.999995741020347,0.999995761298295,0.999995813704761,0.999995893230904,0.99999599551086,0.999996116733885,0.999996253566407,0.999996403084334,0.999996562715021,0.999996730187821,0.999996903492091,0.999997080841592,0.999997260644274,0.99999744147659,0.999997622061674,0.999997801250686,0.999997978006883,0.999998151391957,0.999998320554277,0.999998484718766,0.999998643178138,0.999998795285287,0.999998940446706,0.999999078116703,0.999999207792381,0.999999329009211,0.999999441337162,0.999999544377285,0.999999637758681,0.999999721135846,0.999999794186294,0.999999856608444,0.999999908119758,0.999999948455047,0.99999997736499,0.999999994614767,0.999999999982874,0.999999993260024,0.999999974248171,0.999999942759625,0.999999898616252,0.999999841648751,0.999999771695998,0.999999688604444,0.999999592227575,0.999999482425418,0.999999359064078,0.999999222015341,0.999999071156279,0.999998906368919,0.999998727539909,0.999998534560239,0.99999832732496,0.99999810573294,0.999997869686648,0.99999761909192,0.999997353857784,0.999997073896265,0.999996779122223,0.99999646945321,0.999996144809303,0.999995805112986,0.999995450289024,0.999995080264342,0.999994694967918,0.999994294330693,0.999993878285457,0.999993446766782,0.999992999710921,0.999992537055751,0.999992058740679,0.999991564706593,0.999991054895793,0.999990529251921,0.999989987719926,0.999989430245987,0.999988856777482,0.99998826726293,0.999987661651963,0.999987039895261,0.999986401944531,0.999985747752461,0.999985077272692,0.999984390459774,0.999983687269149,0.99998296765711,0.999982231580772,0.999981478998059,0.999980709867657,0.999979924149009,0.99997912180229,0.999978302788365,0.999977467068796,0.999976614605809,0.999975745362265,0.99997485930166,0.999973956388099,0.999973036586285,0.999972099861488,0.99997114617955,0.999970175506862,0.999969187810342,0.999968183057439,0.999967161216106,0.999966122254793,0.999965066142437,0.999963992848448,0.999962902342701,0.999961794595525,0.999960669577691,0.999959527260405,0.999958367615295,0.999957190614409,0.999955996230203,0.999954784435526,0.999953555203627,0.999952308508134,0.999951044323056,0.999949762622762,0.999948463381996,0.99994714657585,0.999945812179774,0.999944460169548,0.999943090521302,0.999941703211495,0.999940298216911,0.999938875514651,0.999937435082139
0.999776144882844,0.999776040779487,0.999775986264499,0.999775979842399,0.999776020074871,0.999776105577386,0.999776235016124,0.999776407105115,0.999776620603577,0.999776874313481,0.999777167077262,0.999777497775703,0.999777865325973,0.999778268679776,0.999778706821655,0.999779178767371,0.999779683562428,0.99978022028065,0.999780788022882,0.999781385915751,0.999782013110506,0.999782668781933,0.99978335212733,0.999784062365536,0.999784798736028,0.99978556049806,0.999786346929845,0.999787157327796,0.999787991005792,0.999788847294501,0.999789725540711,0.999790625106738,0.999791545369811,0.999792485721531,0.999793445567337,0.999794424326006,0.999795421429162,0.99979643632083,0.999797468456994,0.999798517305181,0.999799582344063,0.999800663063077,0.999801758962073,0.999802869550942,0.999803994349312,0.999805132886203,0.999806284699742,0.999807449336857,0.999808626352998,0.999809815311872,0.999811015785174,0.999812227352337,0.999813449600304,0.999814682123277,0.999815924522506,0.999817176406061,0.999818437388637,0.999819707091336,0.999820985141487,0.999822271172437,0.999823564823388,0.999824865739202,0.999826173570232,0.99982748797216,0.999828808605821,0.999830135137052,0.999831467236528,0.999832804579615,0.999834146846212,0.999835493720615,0.999836844891367,0.999838200051104,0.999839558896445,0.999840921127819,0.999842286449355,0.999843654568729,0.999845025197043,0.999846398048682,0.99984777284119,0.999849149295119,0.999850527133923,0.999851906083796,0.999853285873556,0.999854666234505,0.999856046900283,0.999857427606736,0.999858808091778,0.99986018809523,0.999861567358692,0.99986294562537,0.999864322639933,0.999865698148345,0.999867071897702,0.99986844363605,0.999869813112209,0.999871180075579,0.999872544275947,0.999873905463268,0.999875263387457,0.999876617798149,0.999877968444451,0.999879315074683,0.999880657436096,0.999881995274578,0.999883328334335,0.999884656357542,0.999885979083982,0.999887296250641,0.99988860759129,0.99988991283601,0.999891211710685,0.99989250393646,0.999893789229147,0.999895067298544,0.999896337847747,0.999897600572344,0.999898855159551,0.999900101287256,0.999901338622968,0.999902566822633,0.999903785529345,0.999904994371896,0.999906192963163,0.999907380898301,0.99990855775273,0.999909723079855,0.999910876408513,0.999912017240083,0.999913145045218,0.99991425926013,0.999915359282357,0.999916444465932,0.999917514115851,0.999918567481703,0.999919603750331,0.999920622037335,0.9999216213772,0.999922600711776,0.999923558876798,0.99992449458602,0.999925406412483,0.999926292766274,0.999927151867986,0.999927981716915,0.999928780052668,0.999929544308619,0.999930271555065,0.999930958429351,0.999931601049366,0.99993219490561,0.999932734725376,0.999933214300366,0.999933626265716,0.999933961813767,0.999934210319086,0.99993435884108,0.999934391455187,0.999934288340041,0.99993402451085,0.999933568029205,0.999932877420602,0.999931897861949,0.99993055540419,0.999928747951795,0.999926330684477,0.999923091529386,0.999918707881405,0.999912665738289,0.999904097630013,0.999891427840748,0.999871501473909,0.999837085748811,0.999767874249836,0.999583526309447,0.998603773554326,0.941600311855809,0.999564760369107,0.99992426475871,0.999980534382393,0.999994943166598,0.999999070265141,0.999999983843938,0.999999796305547,0.9999992488193,0.999998624803687,0.999998035258602,0.999997521036831,0.999997093229307,0.999996750238828,0.999996485332655,0.999996290062852,0.999996155811694,0.999996074460732,0.999996038644351,0.999996041807333,0.999996078173099,0.999996142675089,0.999996230876785,0.999996338892514,0.999996463314366,0.999996601147168,0.999996749751762,0.99999690679611,0.999997070213401,0.999997238166285,0.999997409016351,0.999997581298114,0.999997753696777,0.999997925029226,0.999998094227742,0.999998260325995,0.999998422447008,0.999998579792726,0.999998731635034,0.999998877307925,0.999999016200694,0.999999147752014,0.999999271444733,0.999999386801319,0.999999493379863,0.999999590770554,0.999999678592553,0.999999756491239,0.99999982413576,0.999999881216857,0.999999927444927,0.999999962548279,0.999999986271599,0.999999998374549,0.999999998630525,0.999999986825534,0.999999962757174,0.999999926233732,0.999999877073355,0.999999815103286,0.999999740159204,0.999999652084599,0.999999550730201,0.999999435953487,0.999999307618197,0.99999916559391,0.99999900975566,0.999998839983569,0.999998656162523,0.999998458181864,0.999998245935124,0.999998019319753,0.999997778236893,0.999997522591163,0.999997252290443,0.999996967245704,0.999996667370827,0.999996352582438,0.999996022799774,0.999995677944529,0.99999531794074,0.99999494271465,0.999994552194622,0.999994146311005,0.999993724996062,0.999993288183866,0.999992835810219,0.999992367812574,0.999991884129955,0.9999913847029,0.999990869473381,0.999990338384749,0.99998979138168,0.999989228410113,0.999988649417207,0.999988054351286,0.9999874431618,0.999986815799274,0.999986172215275,0.999985512362376,0.999984836194105,0.999984143664931,0.999983434730216,0.999982709346192,0.99998196746993,0.999981209059312,0.999980434073009,0.999979642470448,0.999978834211795,0.99997800925793,0.999977167570428,0.999976309111536,0.999975433844154,0.999974541731816,0.999973632738676,0.999972706829487,0.999971763969585,0.99997080412488,0.999969827261828,0.999968833347436,0.999967822349228,0.99996679423525,0.999965748974042,0.999964686534639,0.999963606886553,0.999962509999764,0.999961395844708,0.999960264392266,0.999959115613756,0.999957949480932,0.999956765965958,0.999955565041412,0.999954346680269,0.999953110855906,0.99995185754208,0.99995058671293,0.999949298342962,0.999947992407052,0.99994666888043,0.999945327738682,0.99994396895773,0.999942592513844,0.999941198383623,0.999939786543993,0.999938356972205,0.999936909645823
0.999771149528903,0.999771147954688,0.999771193189207,0.999771283853792,0.999771418619818,0.999771596205919,0.999771815375382,0.999772074933751,0.999772373726599,0.999772710637444,0.999773084585813,0.999773494525458,0.999773939442645,0.999774418354598,0.999774930308023,0.999775474377729,0.999776049665328,0.999776655298035,0.99977729042751,0.999777954228794,0.999778645899298,0.999779364657843,0.999780109743779,0.999780880416109,0.999781675952714,0.999782495649583,0.999783338820089,0.999784204794323,0.999785092918443,0.999786002554052,0.999786933077638,0.999787883880004,0.999788854365757,0.999789843952795,0.999790852071844,0.999791878165993,0.999792921690271,0.999793982111235,0.999795058906561,0.999796151564685,0.999797259584436,0.999798382474693,0.999799519754047,0.999800670950496,0.999801835601131,0.999803013251857,0.999804203457104,0.99980540577956,0.999806619789913,0.999807845066606,0.999809081195593,0.999810327770107,0.999811584390445,0.99981285066375,0.999814126203793,0.999815410630792,0.999816703571201,0.999818004657527,0.999819313528155,0.999820629827158,0.999821953204139,0.999823283314051,0.999824619817044,0.999825962378302,0.999827310667893,0.999828664360611,0.99983002313583,0.999831386677371,0.999832754673343,0.999834126816008,0.99983550280166,0.999836882330469,0.999838265106352,0.999839650836859,0.999841039233021,0.999842430009224,0.999843822883096,0.999845217575355,0.999846613809709,0.999848011312689,0.999849409813564,0.999850809044177,0.999852208738827,0.999853608634138,0.99985500846893,0.999856407984063,0.999857806922318,0.99985920502824,0.999860602048004,0.999861997729253,0.999863391820954,0.999864784073234,0.999866174237203,0.999867562064798,0.999868947308589,0.9998703297216,0.99987170905711,0.999873085068427,0.99987445750869,0.999875826130632,0.999877190686321,0.999878550926905,0.999879906602338,0.999881257461071,0.999882603249732,0.999883943712791,0.999885278592185,0.999886607626905,0.999887930552591,0.999889247101036,0.999890556999695,0.999891859971125,0.999893155732382,0.999894443994356,0.999895724461051,0.999896996828798,0.999898260785365,0.999899516009007,0.99990076216739,0.999901998916419,0.999903225898924,0.999904442743208,0.999905649061417,0.999906844447724,0.999908028476297,0.999909200699019,0.999910360642904,0.999911507807199,0.999912641660104,0.999913761635028,0.999914867126338,0.999915957484535,0.999917032010668,0.999918089949971,0.999919130484504,0.999920152724637,0.999921155699177,0.999922138343847,0.999923099487801,0.999924037837795,0.999924951959491,0.999925840255275,0.999926700937844,0.999927531998527,0.999928331169163,0.999929095875859,0.999929823182633,0.999930509722212,0.999931151610484,0.999931744339899,0.999932282645594,0.999932760335725,0.999933170074419,0.999933503101227,0.999933748864403,0.99993389453573,0.999933924359919,0.999933818769395,0.999933553160162,0.999933096168383,0.99993240719493,0.999931432768914,0.999930101067998,0.999928313418233,0.999925930660627,0.999922750417796,0.999918467409123,0.999912600266867,0.999904347231259,0.99989227678445,0.999873588942352,0.999842076392391,0.999781201967021,0.999631471543169,0.998998711801802,0.937934440764603,0.999194549319865,0.999883750328212,0.999970490600012,0.999991716814853,0.999998031282032,0.999999790764739,0.999999964076404,0.999999575730183,0.999999018882273,0.9999984520011,0.999997938188832,0.999997499597568,0.99999714036677,0.999996856823607,0.999996642175336,0.999996488697462,0.999996388741224,0.999996335171465,0.999996321527327,0.999996342049496,0.99999639164583,0.99999646583151,0.999996560661684,0.999996672665368,0.999996798784429,0.999996936319115,0.99999708288035,0.99999723634837,0.999997394837099,0.999997556663568,0.999997720321674,0.999997884459703,0.999998047861022,0.999998209427496,0.999998368165198,0.999998523172105,0.999998673627423,0.999998818782372,0.999998957952148,0.999999090508937,0.999999215875812,0.999999333521397,0.999999442955165,0.999999543723329,0.999999635405199,0.999999717609971,0.999999789973883,0.99999985215769,0.999999903844419,0.999999944737363,0.999999974558296,0.999999993045878,0.999999999954213,0.99999999505156,0.999999978119184,0.999999948950301,0.999999907349135,0.999999853130074,0.999999786116875,0.999999706141995,0.999999613045925,0.99999950667662,0.999999386888971,0.999999253544323,0.999999106510032,0.999998945659056,0.999998770869595,0.999998582024747,0.999998379012189,0.999998161723905,0.999997930055905,0.999997683907994,0.99999742318354,0.999997147789271,0.999996857635075,0.999996552633836,0.999996232701244,0.999995897755677,0.999995547718028,0.999995182511577,0.999994802061891,0.999994406296681,0.99999399514571,0.999993568540684,0.999993126415179,0.999992668704525,0.999992195345738,0.999991706277457,0.999991201439847,0.999990680774547,0.999990144224607,0.999989591734417,0.99998902324967,0.999988438717293,0.999987838085406,0.999987221303265,0.999986588321239,0.999985939090744,0.999985273564219,0.999984591695087,0.999983893437716,0.999983178747386,0.999982447580258,0.999981699893355,0.999980935644512,0.999980154792366,0.999979357296329,0.999978543116557,0.99997771221393,0.999976864550034,0.999976000087129,0.999975118788145,0.999974220616656,0.999973305536851,0.999972373513536,0.999971424512101,0.999970458498517,0.999969475439311,0.99996847530156,0.999967458052868,0.999966423661364,0.999965372095675,0.99996430332493,0.999963217318737,0.999962114047174,0.99996099348078,0.999959855590549,0.999958700347906,0.999957527724718,0.999956337693266,0.999955130226244,0.999953905296753,0.999952662878291,0.999951402944742,0.999950125470371,0.999948830429818,0.999947517798084,0.999946187550538,0.999944839662895,0.999943474111221,0.999942090871916,0.999940689921722,0.999939271237698,0.999937834797243,0.999936380578058
0.999766302357554,0.999766398241549,0.999766538392612,0.99976672153387,0.999766946432579,0.999767211897777,0.999767516778092,0.999767859959712,0.999768240364475,0.999768656948112,0.999769108698581,0.999769594634523,0.999770113803821,0.999770665282232,0.99977124817212,0.999771861601254,0.999772504721688,0.999773176708708,0.999773876759817,0.999774604093813,0.999775357949897,0.999776137586826,0.999776942282134,0.999777771331379,0.999778624047424,0.99977949975978,0.999780397813953,0.999781317570857,0.999782258406221,0.999783219710049,0.999784200886105,0.999785201351417,0.999786220535799,0.999787257881408,0.999788312842312,0.99978938488409,0.999790473483424,0.999791578127739,0.999792698314847,0.999793833552594,0.999794983358538,0.999796147259646,0.999797324791963,0.999798515500367,0.999799718938251,0.999800934667276,0.999802162257114,0.999803401285198,0.999804651336482,0.999805912003223,0.999807182884742,0.999808463587227,0.999809753723519,0.999811052912922,0.999812360780993,0.999813676959378,0.999815001085612,0.999816332802957,0.99981767176022,0.999819017611601,0.999820370016528,0.999821728639496,0.999823093149908,0.999824463221955,0.999825838534432,0.999827218770624,0.999828603618155,0.999829992768857,0.999831385918622,0.99983278276729,0.999834183018512,0.999835586379601,0.999836992561441,0.999838401278327,0.999839812247867,0.999841225190839,0.999842639831073,0.99984405589533,0.999845473113178,0.999846891216864,0.999848309941188,0.999849729023384,0.999851148202983,0.999852567221695,0.999853985823267,0.999855403753354,0.999856820759381,0.99985823659041,0.999859650996983,0.999861063730987,0.999862474545489,0.999863883194584,0.999865289433234,0.999866693017086,0.999868093702296,0.999869491245345,0.999870885402843,0.999872275931309,0.999873662586957,0.999875045125469,0.999876423301742,0.999877796869629,0.999879165581645,0.999880529188681,0.99988188743968,0.999883240081288,0.999884586857476,0.999885927509145,0.999887261773696,0.999888589384541,0.999889910070606,0.999891223555774,0.999892529558259,0.999893827789957,0.999895117955714,0.999896399752518,0.999897672868627,0.999898936982595,0.999900191762188,0.999901436863216,0.999902671928194,0.999903896584893,0.999905110444683,0.999906313100725,0.999907504125913,0.999908683070579,0.999909849459908,0.999911002791015,0.999912142529636,0.999913268106393,0.999914378912523,0.999915474295011,0.999916553551014,0.999917615921475,0.999918660583746,0.999919686643065,0.999920693122669,0.999921678952291,0.999922642954668,0.999923583829741,0.999924500136014,0.999925390268428,0.999926252432056,0.999927084610608,0.999927884528511,0.999928649605031,0.999929376898369,0.999930063037146,0.99993070413579,0.999931295689278,0.999931832441157,0.999932308216547,0.999932715708948,0.999933046205211,0.999933289226859,0.999933432056716,0.999933459105873,0.999933351054944,0.999933083670562,0.99993262614537,0.999931938723754,0.999930969230662,0.999929647869583,0.999927879203812,0.999925529389252,0.999922405068629,0.999918216905801,0.999912513174772,0.999904550823747,0.999893024450271,0.999875435697671,0.999846413856947,0.999792307712786,0.999667856371765,0.999224405926243,0.991136047772565,0.998319484276418,0.999819675893779,0.99995606374209,0.999987130317493,0.999996440700866,0.999999334299622,0.999999991609446,0.999999822003239,0.999999363898443,0.999998837589248,0.999998334891924,0.999997892186135,0.999997521007064,0.999997221660345,0.999996989540942,0.99999681813851,0.999996700473915,0.999996629770647,0.999996599746473,0.999996604715934,0.999996639600081,0.999996699892777,0.999996781609102,0.999996881228668,0.999996995640299,0.999997122090921,0.999997258139794,0.999997401618205,0.999997550594366,0.999997703343016,0.999997858319164,0.999998014135493,0.999998169542854,0.999998323413463,0.999998474726389,0.999998622555011,0.999998766056144,0.999998904460599,0.999999037064972,0.999999163224485,0.999999282346727,0.999999393886166,0.999999497339336,0.999999592240603,0.999999678158421,0.999999754692025,0.999999821468515,0.99999987814024,0.9999999243825,0.99999995989147,0.999999984382373,0.999999997587807,0.999999999256303,0.999999989150959,0.999999967048269,0.999999932737036,0.999999886017403,0.999999826699965,0.999999754604982,0.99999966956165,0.99999957140744,0.999999459987504,0.999999335154128,0.999999196766241,0.999999044688943,0.999998878793109,0.999998698954986,0.999998505055862,0.999998296981739,0.999998074623022,0.999997837874271,0.99999758663393,0.999997320804107,0.99999704029035,0.999996745001459,0.999996434849295,0.999996109748608,0.999995769616891,0.999995414374219,0.99999504394312,0.999994658248451,0.999994257217272,0.999993840778736,0.999993408863995,0.999992961406102,0.999992498339905,0.999992019601987,0.999991525130572,0.999991014865449,0.999990488747917,0.999989946720707,0.999989388727926,0.999988814715004,0.999988224628625,0.999987618416696,0.999986996028278,0.99998635741357,0.999985702523824,0.999985031311352,0.999984343729448,0.99998363973238,0.999982919275336,0.999982182314409,0.999981428806546,0.999980658709546,0.999979871982001,0.999979068583301,0.999978248473582,0.999977411613721,0.999976557965306,0.999975687490614,0.999974800152594,0.999973895914848,0.999972974741601,0.999972036597702,0.999971081448597,0.999970109260307,0.999969119999427,0.999968113633098,0.999967090129002,0.999966049455341,0.999964991580832,0.999963916474687,0.999962824106604,0.999961714446764,0.999960587465802,0.999959443134812,0.99995828142533,0.99995710230933,0.999955905759205,0.999954691747766,0.999953460248231,0.999952211234218,0.999950944679732,0.999949660559163,0.999948358847277,0.999947039519205,0.999945702550445,0.99994434791684,0.99994297559459,0.999941585560234,0.999940177790639,0.999938752263017,0.999937308954888,0.999935847844102
0.999761593984888,0.999761782739548,0.999762013425945,0.999762284856525,0.999762595882905,0.999762945393869,0.999763332313515,0.999763755599502,0.999764214241439,0.999764707259345,0.999765233702247,0.999765792646821,0.999766383196153,0.999767004478555,0.999767655646455,0.999768335875355,0.999769044362854,0.999769780327701,0.999770543008942,0.999771331665082,0.999772145573298,0.999772984028709,0.999773846343667,0.999774731847091,0.999775639883848,0.999776569814137,0.999777521012932,0.999778492869437,0.999779484786578,0.999780496180495,0.999781526480095,0.9997825751266,0.999783641573115,0.999784725284234,0.99978582573564,0.999786942413747,0.999788074815338,0.999789222447231,0.999790384825943,0.999791561477389,0.999792751936586,0.999793955747354,0.999795172462053,0.999796401641307,0.999797642853755,0.999798895675813,0.999800159691424,0.999801434491843,0.999802719675412,0.999804014847346,0.999805319619537,0.999806633610349,0.999807956444435,0.999809287752542,0.999810627171337,0.999811974343237,0.999813328916239,0.999814690543752,0.999816058884448,0.999817433602086,0.999818814365388,0.999820200847877,0.999821592727738,0.999822989687673,0.999824391414768,0.999825797600356,0.999827207939892,0.999828622132812,0.999830039882413,0.999831460895728,0.999832884883396,0.999834311559546,0.999835740641667,0.999837171850502,0.99983860490991,0.999840039546754,0.999841475490789,0.999842912474531,0.999844350233145,0.999845788504315,0.999847227028136,0.999848665546982,0.999850103805383,0.999851541549898,0.999852978528992,0.999854414492896,0.999855849193485,0.999857282384118,0.99985871381953,0.999860143255651,0.999861570449477,0.9998629951589,0.999864417142554,0.999865836159638,0.999867251969739,0.999868664332643,0.999870073008139,0.999871477755812,0.999872878334819,0.999874274503661,0.999875666019929,0.999877052640049,0.999878434118989,0.999879810209964,0.999881180664113,0.999882545230147,0.999883903653979,0.999885255678311,0.999886601042209,0.999887939480617,0.999889270723844,0.999890594497005,0.999891910519396,0.999893218503851,0.999894518155971,0.999895809173345,0.99989709124465,0.999898364048676,0.999899627253244,0.999900880514006,0.999902123473126,0.999903355757789,0.999904576978567,0.999905786727574,0.999906984576405,0.99990817007383,0.999909342743187,0.99991050207945,0.999911647545916,0.999912778570429,0.999913894541113,0.999914994801479,0.999916078644844,0.999917145307917,0.999918193963419,0.999919223711552,0.999920233570104,0.99992122246294,0.999922189206545,0.999923132494234,0.999924050877554,0.99992494274425,0.999925806292059,0.99992663949738,0.999927440077597,0.999928205445531,0.999928932654018,0.999929618328061,0.999930258581147,0.999930848911328,0.999931384071087,0.999931857902988,0.999932263130234,0.99993259108703,0.999932831367722,0.999932971364835,0.999932995652971,0.999932885155506,0.999932615999879,0.999932157917911,0.999931471967206,0.999930507215391,0.999929195797325,0.999927445342443,0.999925127003049,0.999922055827767,0.99991795718608,0.999912406348953,0.999904712904224,0.99989368228273,0.999877074212423,0.99985020744476,0.999801677483924,0.999696265304423,0.999367289661111,0.996343390725486,0.995583626296687,0.999714160885269,0.999935216215263,0.999980706568202,0.999994136743311,0.999998545599706,0.999999844714684,0.9999999686459,0.999999648361518,0.999999184586821,0.999998706063964,0.99999826736158,0.999997889461836,0.999997577774209,0.999997330529113,0.999997142818617,0.999997008574106,0.999996921531691,0.999996875688783,0.999996865501583,0.999996885950735,0.999996932541162,0.999997001270763,0.999997088586202,0.999997191335226,0.999997306720234,0.999997432255358,0.999997565727839,0.999997705163879,0.999997848798737,0.999997995050702,0.999998142498508,0.999998289861776,0.999998435984073,0.999998579818238,0.999998720413662,0.999998856905234,0.999998988503731,0.999999114487439,0.999999234194837,0.999999347018197,0.999999452397975,0.999999549817859,0.999999638800446,0.999999718903388,0.999999789716006,0.999999850856278,0.99999990196817,0.999999942719262,0.999999972798609,0.999999991914874,0.999999999794607,0.999999996180731,0.999999980831184,0.999999953517668,0.999999914024564,0.999999862147904,0.999999797694489,0.999999720481047,0.999999630333499,0.999999527086282,0.999999410581723,0.999999280669488,0.999999137206062,0.999998980054282,0.999998809082911,0.999998624166233,0.999998425183714,0.999998212019643,0.999997984562853,0.999997742706425,0.999997486347433,0.9999972153867,0.999996929728591,0.999996629280797,0.999996313954141,0.999995983662421,0.999995638322235,0.999995277852827,0.999994902175956,0.999994511215761,0.999994104898633,0.999993683153116,0.999993245909782,0.999992793101157,0.999992324661602,0.999991840527246,0.999991340635892,0.999990824926953,0.999990293341366,0.999989745821542,0.99998918231129,0.999988602755766,0.999988007101414,0.999987395295908,0.99998676728812,0.99998612302805,0.999985462466805,0.999984785556537,0.999984092250422,0.999983382502611,0.999982656268199,0.999981913503194,0.999981154164483,0.999980378209794,0.999979585597691,0.99997877628752,0.9999779502394,0.999977107414199,0.9999762477735,0.999975371279588,0.999974477895424,0.999973567584637,0.999972640311487,0.999971696040859,0.999970734738242,0.999969756369713,0.999968760901921,0.99996774830207,0.999966718537914,0.99996567157773,0.999964607390312,0.999963525944955,0.999962427211447,0.999961311160058,0.999960177761521,0.999959026987025,0.999957858808216,0.999956673197167,0.99995547012638,0.999954249568781,0.999953011497699,0.999951755886871,0.999950482710417,0.99994919194285,0.999947883559058,0.9999465575343,0.999945213844194,0.99994385246472,0.999942473372201,0.999941076543307,0.999939661955043,0.999938229584748,0.999936779410081,0.999935311409023
0.999757016006536,0.99975729346125,0.999757610692484,0.999757966591563,0.999758360084783,0.999758790131689,0.999759255723493,0.999759755881558,0.999760289656023,0.999760856124452,0.999761454390635,0.999762083583398,0.999762742855528,0.999763431382731,0.999764148362677,0.999764893014069,0.999765664575781,0.999766462306053,0.999767285481705,0.999768133397409,0.999769005364996,0.999769900712797,0.999770818785021,0.999771758941163,0.999772720555437,0.999773703016241,0.999774705725652,0.999775728098932,0.999776769564076,0.999777829561363,0.999778907542936,0.999780002972398,0.999781115324434,0.999782244084441,0.999783388748171,0.9997845488214,0.999785723819605,0.999786913267657,0.999788116699512,0.999789333657946,0.999790563694267,0.999791806368054,0.999793061246912,0.99979432790622,0.999795605928904,0.999796894905205,0.999798194432464,0.999799504114921,0.999800823563491,0.999802152395593,0.999803490234937,0.999804836711365,0.999806191460654,0.999807554124354,0.999808924349616,0.999810301789034,0.999811686100485,0.999813076946982,0.999814473996511,0.999815876921904,0.999817285400681,0.999818699114927,0.99982011775114,0.999821541000111,0.999822968556791,0.999824400120163,0.999825835393114,0.999827274082323,0.999828715898117,0.999830160554381,0.999831607768412,0.999833057260819,0.999834508755399,0.999835961979022,0.999837416661515,0.999838872535559,0.999840329336541,0.999841786802483,0.999843244673887,0.999844702693643,0.99984616060689,0.999847618160923,0.999849075105039,0.999850531190449,0.999851986170116,0.999853439798655,0.999854891832184,0.999856342028196,0.999857790145415,0.999859235943652,0.999860679183657,0.999862119626959,0.999863557035706,0.999864991172494,0.999866421800189,0.999867848681739,0.999869271579981,0.999870690257424,0.999872104476038,0.999873513997017,0.999874918580529,0.999876317985455,0.999877711969097,0.999879100286888,0.999880482692054,0.999881858935278,0.999883228764306,0.999884591923557,0.999885948153668,0.999887297191019,0.999888638767224,0.999889972608555,0.999891298435321,0.999892615961199,0.999893924892496,0.999895224927332,0.999896515754742,0.999897797053698,0.99989906849202,0.999900329725163,0.999901580394882,0.999902820127758,0.99990404853352,0.999905265203209,0.999906469707102,0.999907661592391,0.99990884038056,0.99991000556445,0.999911156604915,0.999912292927045,0.999913413915874,0.99991451891148,0.999915607203386,0.999916678024134,0.999917730541893,0.999918763851918,0.999919776966662,0.999920768804261,0.999921738175094,0.999922683766033,0.999923604121881,0.999924497623423,0.999925362461329,0.999926196605005,0.999926997765135,0.999927763348488,0.999928490402967,0.999929175550413,0.999929814903883,0.999930403965013,0.999930937495719,0.999931409356452,0.999931812300416,0.999932137709188,0.999932375249451,0.999932512422082,0.999932533962392,0.999932421031217,0.999932150107336,0.999931691445162,0.999931006886737,0.999930046692154,0.999928744839133,0.999927011864195,0.999924723622686,0.999921703009384,0.999917688984289,0.999912281470229,0.999904837412803,0.999894260085658,0.999878531431144,0.999853543645076,0.999809667237363,0.999718965412762,0.999464444547469,0.997895001454675,0.979337473086439,0.999530158135813,0.999904719079628,0.999971773187786,0.999990905991896,0.999997337616701,0.999999481429938,0.999999992856998,0.999999858711344,0.999999484338985,0.999999045857668,0.99999862098421,0.999998242683384,0.999997922845805,0.999997663323945,0.999997461280845,0.999997311847761,0.999997209457716,0.99999714850835,0.999997123678311,0.999997130063103,0.999997163217203,0.999997219148617,0.999997294290676,0.999997385464325,0.99999748983798,0.999997604888491,0.999997728364957,0.999997858256056,0.999997992761,0.999998130263991,0.999998269311873,0.99999840859463,0.999998546928431,0.999998683240877,0.999998816558137,0.999998945993801,0.999999070739093,0.999999190054377,0.9999993032617,0.999999409738271,0.999999508910716,0.999999600250041,0.999999683267188,0.999999757509107,0.999999822555273,0.999999878014605,0.999999923522727,0.999999958739527,0.999999983346971,0.999999997047174,0.999999999560635,0.999999990624695,0.999999969992109,0.999999937429799,0.999999892717705,0.999999835647756,0.999999766022934,0.999999683656435,0.999999588370892,0.999999479997689,0.99999935837632,0.999999223353815,0.999999074784207,0.999998912528049,0.999998736451979,0.999998546428311,0.999998342334664,0.999998124053617,0.999997891472401,0.999997644482613,0.999997382979938,0.999997106863913,0.999996816037695,0.999996510407856,0.999996189884178,0.999995854379487,0.999995503809475,0.999995138092547,0.999994757149677,0.999994360904278,0.999993949282064,0.999993522210953,0.999993079620941,0.999992621444006,0.99999214761401,0.999991658066624,0.999991152739227,0.999990631570829,0.999990094502013,0.999989541474858,0.999988972432866,0.999988387320912,0.999987786085187,0.999987168673137,0.999986535033417,0.999985885115842,0.999985218871347,0.999984536251938,0.999983837210654,0.999983121701525,0.999982389679548,0.999981641100636,0.999980875921604,0.999980094100124,0.999979295594702,0.999978480364654,0.999977648370065,0.999976799571789,0.999975933931398,0.999975051411186,0.999974151974121,0.99997323558385,0.999972302204662,0.999971351801472,0.999970384339812,0.999969399785805,0.999968398106156,0.999967379268129,0.999966343239538,0.999965289988732,0.999964219484579,0.999963131696455,0.999962026594231,0.999960904148268,0.999959764329381,0.999958607108865,0.999957432458459,0.99995624035034,0.999955030757117,0.999953803651816,0.999952559007887,0.999951296799168,0.999950016999905,0.999948719584728,0.999947404528638,0.999946071807019,0.999944721395612,0.999943353270525,0.999941967408204,0.999940563785444,0.99993914237939,0.999937703167503,0.999936246127574,0.999934771237722
0.999752560858553,0.999752923204721,0.999753323330412,0.999753760197015,0.9997542327973,0.999754740153947,0.999755281318159,0.999755855368377,0.999756461409057,0.999757098569532,0.999757766002917,0.99975846288512,0.999759188413858,0.999759941807775,0.999760722305572,0.999761529165214,0.999762361663149,0.999763219093602,0.999764100767878,0.999765006013713,0.999765934174657,0.999766884609498,0.999767856691679,0.999768849808796,0.999769863362076,0.999770896765899,0.999771949447345,0.999773020845747,0.999774110412279,0.999775217609561,0.999776341911268,0.999777482801778,0.999778639775811,0.999779812338099,0.999781000003072,0.999782202294543,0.999783418745418,0.999784648897411,0.999785892300773,0.999787148514037,0.999788417103752,0.999789697644267,0.999790989717467,0.999792292912573,0.999793606825919,0.999794931060738,0.999796265226972,0.999797608941066,0.999798961825785,0.999800323510038,0.999801693628689,0.999803071822397,0.999804457737453,0.999805851025604,0.999807251343915,0.999808658354607,0.999810071724911,0.999811491126925,0.999812916237479,0.999814346737989,0.999815782314336,0.999817222656711,0.999818667459526,0.999820116421253,0.999821569244314,0.999823025634969,0.999824485303183,0.999825947962515,0.999827413330001,0.999828881126045,0.999830351074293,0.999831822901529,0.99983329633757,0.999834771115135,0.999836246969754,0.999837723639635,0.999839200865581,0.999840678390847,0.999842155961051,0.999843633324046,0.99984511022981,0.999846586430332,0.99984806167948,0.999849535732903,0.999851008347879,0.999852479283217,0.9998539482991,0.999855415156971,0.999856879619379,0.999858341449854,0.999859800412735,0.999861256273033,0.999862708796264,0.999864157748275,0.999865602895074,0.999867044002632,0.999868480836702,0.999869913162594,0.999871340744968,0.999872763347591,0.999874180733092,0.999875592662694,0.999876998895932,0.999878399190352,0.999879793301166,0.99988118098093,0.999882561979138,0.999883936041827,0.999885302911121,0.999886662324768,0.999888014015598,0.999889357710961,0.999890693132108,0.999892019993505,0.999893338002087,0.999894646856444,0.999895946245921,0.999897235849619,0.999898515335301,0.999899784358185,0.999901042559588,0.999902289565435,0.999903524984591,0.999904748407001,0.999905959401606,0.999907157514006,0.999908342263828,0.999909513141777,0.999910669606275,0.99991181107968,0.999912936943963,0.999914046535811,0.999915139141,0.999916213987968,0.999917270240411,0.999918306988733,0.99991932324016,0.999920317907226,0.999921289794365,0.999922237582182,0.999923159808935,0.999924054848683,0.999924920885305,0.999925755881498,0.999926557541596,0.999927323266687,0.999928050100152,0.999928734661131,0.999929373062714,0.999929960810611,0.999930492676646,0.999930962539556,0.999931363182805,0.999931686035325,0.999931920835632,0.999932055191614,0.999932073996506,0.999931958643463,0.999931685953465,0.999931226687641,0.999930543445057,0.99992958763084,0.99992829498252,0.999926578795664,0.999924319358023,0.999921346899344,0.999917412963929,0.99991214004043,0.999904927815987,0.999894766304442,0.999879829891299,0.999856491742845,0.999816543217362,0.9997374536705,0.999534070674961,0.998574871649071,0.479740203172789,0.999181572594872,0.999859254021479,0.999959364605497,0.999986463860162,0.999995599551665,0.999998850027911,0.999999867182506,0.999999978913697,0.999999726759018,0.99999934753931,0.999998948334736,0.999998577227503,0.999998254274041,0.999997985902841,0.999997771912379,0.99999760898046,0.999997492456924,0.999997417283058,0.999997378455817,0.999997371251032,0.99999739131832,0.999997434708072,0.999997497863497,0.999997577595676,0.999997671051532,0.999997775679966,0.999997889198974,0.999998009565069,0.999998134945532,0.99999826369367,0.999998394326908,0.999998525507543,0.999998656025883,0.999998784785496,0.999998910790314,0.999999033133385,0.999999150987013,0.999999263594138,0.999999370260778,0.99999947034939,0.999999563273044,0.999999648490278,0.999999725500553,0.999999793840249,0.99999985307911,0.999999902817086,0.999999942681531,0.999999972324697,0.999999991421507,0.999999999667558,0.99999999677733,0.999999982482591,0.999999956530943,0.999999918684528,0.999999868718857,0.999999806421749,0.999999731592371,0.999999644040384,0.999999543585128,0.999999430054934,0.999999303286451,0.999999163124067,0.999999009419349,0.999998842030566,0.999998660822218,0.999998465664635,0.999998256433583,0.99999803300992,0.99999779527927,0.999997543131726,0.999997276461582,0.999996995167072,0.99999669915014,0.999996388316225,0.999996062574064,0.999995721835494,0.999995366015293,0.999994995031019,0.999994608802852,0.999994207253471,0.999993790307904,0.999993357893429,0.99999290993946,0.999992446377416,0.999991967140662,0.999991472164394,0.999990961385554,0.999990434742755,0.99998989217621,0.99998933362766,0.999988759040286,0.999988168358686,0.999987561528783,0.999986938497789,0.99998629921414,0.999985643627457,0.999984971688502,0.999984283349114,0.999983578562199,0.999982857281659,0.999982119462383,0.999981365060195,0.999980594031822,0.999979806334873,0.999979001927798,0.999978180769867,0.999977342821136,0.999976488042436,0.999975616395329,0.999974727842102,0.999973822345733,0.999972899869879,0.99997196037885,0.999971003837595,0.999970030211681,0.999969039467271,0.999968031571122,0.999967006490553,0.999965964193438,0.999964904648188,0.999963827823746,0.999962733689565,0.999961622215592,0.999960493372271,0.999959347130509,0.999958183461698,0.999957002337657,0.999955803730672,0.99995458761345,0.999953353959127,0.999952102741252,0.999950833933779,0.999949547511065,0.999948243447848,0.999946921719256,0.999945582300783,0.999944225168297,0.999942850298022,0.99994145766653,0.999940047250747,0.999938619027934,0.999937172975687,0.999935709071928,0.999934227294899
0.999748221702801,0.999748665448095,0.999749145115697,0.999749659729564,0.999750208341945,0.99975079003212,0.9997514039052,0.999752049090985,0.999752724742922,0.999753430037088,0.999754164171244,0.999754926363964,0.99975571585376,0.999756531898314,0.999757373773705,0.999758240773696,0.999759132209062,0.999760047406936,0.999760985710216,0.999761946476966,0.99976292907987,0.999763932905711,0.999764957354865,0.999766001840825,0.999767065789754,0.99976814864004,0.999769249841889,0.999770368856926,0.999771505157826,0.999772658227934,0.999773827560938,0.999775012660527,0.999776213040072,0.999777428222327,0.999778657739145,0.999779901131171,0.999781157947595,0.999782427745888,0.999783710091553,0.999785004557879,0.999786310725714,0.999787628183249,0.999788956525791,0.99979029535557,0.999791644281525,0.999793002919122,0.999794370890159,0.999795747822597,0.999797133350371,0.999798527113235,0.999799928756587,0.999801337931309,0.999802754293631,0.999804177504952,0.999805607231719,0.999807043145274,0.999808484921715,0.999809932241757,0.999811384790619,0.999812842257868,0.999814304337318,0.999815770726887,0.999817241128487,0.999818715247903,0.999820192794676,0.999821673481989,0.999823157026547,0.999824643148469,0.999826131571186,0.999827622021318,0.999829114228574,0.999830607925629,0.999832102848044,0.999833598734126,0.999835095324851,0.999836592363729,0.99983808959671,0.99983958677208,0.999841083640336,0.999842579954088,0.99984407546794,0.999845569938372,0.999847063123638,0.99984855478363,0.999850044679766,0.999851532574859,0.999853018233002,0.999854501419407,0.999855981900305,0.999857459442774,0.999858933814602,0.999860404784138,0.999861872120118,0.99986333559151,0.999864794967324,0.999866250016435,0.999867700507383,0.999869146208162,0.999870586886002,0.999872022307135,0.999873452236541,0.999874876437685,0.999876294672227,0.999877706699726,0.999879112277299,0.999880511159273,0.999881903096803,0.999883287837461,0.999884665124786,0.999886034697802,0.999887396290489,0.999888749631208,0.99989009444208,0.999891430438292,0.999892757327355,0.999894074808274,0.999895382570641,0.99989668029364,0.999897967644941,0.999899244279473,0.999900509838082,0.99990176394601,0.999903006211229,0.999904236222566,0.999905453547607,0.99990665773035,0.999907848288571,0.999909024710832,0.999910186453147,0.999911332935148,0.999912463535784,0.999913577588384,0.999914674375031,0.999915753120126,0.999916812982962,0.999917853049188,0.999918872320913,0.999919869705204,0.999920844000699,0.999921793881895,0.999922717880723,0.999923614364739,0.999924481511278,0.999925317276637,0.999926119359118,0.999926885154493,0.999927611702015,0.999928295618555,0.999928933017695,0.999929519409674,0.999930049576664,0.99993051741606,0.999930915741815,0.999931236030174,0.999931468090948,0.999931599637683,0.999931615718823,0.999931497954835,0.999931223500066,0.999930763607149,0.999930081606074,0.999929130002138,0.999927846214677,0.999926146160332,0.99992391430918,0.999920987758212,0.999917129725845,0.999911983405363,0.999904987175307,0.999895208252158,0.999880988583358,0.999859107860398,0.9998225082638,0.999752754574108,0.999586015508261,0.998938837988396,0.978438024186401,0.99843268889555,0.999789639027393,0.99994206372625,0.999980426221219,0.999993189314134,0.999997886431182,0.999999558456902,0.999999989965921,0.999999900073004,0.999999603345962,0.999999244029115,0.999998889199957,0.999998569140916,0.999998296012501,0.999998072927591,0.999997898525129,0.999997769333488,0.999997681007667,0.999997628976269,0.999997608772716,0.999997616195462,0.999997647375281,0.999997698792578,0.999997767268497,0.999997849943181,0.999997944248588,0.999998047879935,0.9999981587679,0.999998275052726,0.999998395060603,0.999998517282506,0.999998640355385,0.999998763045525,0.999998884233936,0.99999900290349,0.999999118127648,0.999999229060549,0.999999334928336,0.999999435021501,0.999999528688169,0.999999615328193,0.999999694387902,0.999999765355514,0.999999827757027,0.999999881152606,0.999999925133355,0.999999959318463,0.999999983352629,0.999999996903803,0.999999999661123,0.999999991333097,0.999999971645952,0.999999940342166,0.999999897179122,0.999999841927924,0.999999774372292,0.999999694307594,0.999999601539953,0.999999495885426,0.999999377169289,0.99999924522535,0.999999099895345,0.999998941028385,0.999998768480443,0.999998582113877,0.999998381797031,0.999998167403809,0.99999793881334,0.999997695909631,0.999997438581276,0.999997166721162,0.999996880226211,0.999996578997151,0.999996262938282,0.999995931957276,0.999995585964987,0.999995224875267,0.999994848604819,0.99999445707302,0.999994050201803,0.999993627915511,0.999993190140773,0.999992736806403,0.999992267843271,0.999991783184224,0.999991282763978,0.99999076651904,0.99999023438761,0.999989686309527,0.999989122226179,0.999988542080442,0.999987945816607,0.999987333380336,0.999986704718595,0.999986059779597,0.999985398512765,0.999984720868675,0.999984026799003,0.999983316256505,0.999982589194963,0.999981845569144,0.999981085334774,0.999980308448498,0.999979514867846,0.999978704551212,0.999977877457818,0.999977033547685,0.999976172781611,0.999975295121146,0.999974400528568,0.999973488966854,0.999972560399673,0.999971614791354,0.99997065210687,0.999969672311815,0.999968675372399,0.999967661255419,0.999966629928244,0.999965581358809,0.999964515515584,0.999963432367582,0.999962331884323,0.999961214035835,0.999960078792635,0.999958926125728,0.999957756006576,0.999956568407107,0.999955363299694,0.999954140657142,0.999952900452688,0.999951642659989,0.9999503672531,0.999949074206492,0.999947763495013,0.999946435093903,0.999945088978777,0.99994372512561,0.999942343510754,0.999940944110899,0.999939526903098,0.999938091864727,0.999936638973512,0.999935168207506,0.999933679545073
0.999743992331772,0.999744514261729,0.999745070380934,0.999745659769483,0.999746281533103,0.999746934802065,0.999747618730108,0.999748332493476,0.999749075289959,0.999749846338047,0.999750644876061,0.999751470161386,0.999752321469719,0.999753198094363,0.999754099345556,0.999755024549831,0.99975597304942,0.999756944201664,0.999757937378484,0.999758951965846,0.999759987363276,0.999761042983381,0.9997621182514,0.999763212604775,0.999764325492744,0.999765456375935,0.999766604726013,0.999767770025295,0.999768951766435,0.999770149452069,0.999771362594512,0.999772590715463,0.999773833345693,0.999775090024794,0.999776360300883,0.999777643730366,0.999778939877683,0.999780248315066,0.999781568622317,0.999782900386581,0.999784243202133,0.999785596670187,0.999786960398666,0.999788334002046,0.999789717101149,0.999791109322964,0.999792510300486,0.99979391967254,0.999795337083614,0.999796762183714,0.999798194628196,0.999799634077626,0.999801080197639,0.999802532658784,0.999803991136401,0.999805455310485,0.999806924865544,0.999808399490486,0.999809878878493,0.999811362726885,0.999812850737016,0.999814342614155,0.999815838067363,0.999817336809387,0.999818838556545,0.999820343028618,0.999821849948744,0.999823359043305,0.999824870041827,0.999826382676867,0.99982789668392,0.9998294118013,0.999830927770051,0.999832444333828,0.999833961238806,0.99983547823357,0.999836995069006,0.999838511498203,0.999840027276335,0.999841542160567,0.999843055909931,0.99984456828522,0.999846079048879,0.999847587964871,0.99984909479858,0.999850599316666,0.999852101286953,0.999853600478294,0.999855096660425,0.999856589603841,0.999858079079636,0.999859564859349,0.999861046714816,0.99986252441799,0.999863997740763,0.999865466454791,0.999866930331285,0.999868389140809,0.999869842653054,0.999871290636611,0.999872732858706,0.999874169084949,0.999875599079034,0.999877022602436,0.999878439414083,0.999879849269995,0.999881251922905,0.999882647121841,0.999884034611675,0.999885414132637,0.999886785419787,0.999888148202432,0.999889502203496,0.999890847138833,0.99989218271647,0.999893508635769,0.999894824586528,0.999896130247968,0.999897425287616,0.999898709360086,0.999899982105707,0.999901243149016,0.999902492097068,0.999903728537549,0.999904952036681,0.999906162136856,0.999907358353982,0.999908540174505,0.999909707052026,0.999910858403484,0.999911993604832,0.999913111986082,0.999914212825677,0.999915295344041,0.999916358696148,0.999917401962981,0.999918424141641,0.999919424133854,0.999920400732605,0.999921352606472,0.999922278281231,0.999923176118169,0.999924044288333,0.999924880741892,0.999925683171437,0.999926448967775,0.999927175166419,0.999927858382376,0.999928494730154,0.999929079724955,0.999929608159717,0.999930073950834,0.999930469942936,0.999930787659512,0.999931016981116,0.999931145725607,0.999931159093959,0.999931038929068,0.999930762710142,0.999930302166714,0.99992962133484,0.999928673777508,0.999927398522537,0.999925713978873,0.999923508567494,0.999920625823862,0.999916839815307,0.999911812774344,0.999905018204396,0.999895592292164,0.999882023617967,0.999861437917635,0.999827719443396,0.999765590775499,0.999626016740849,0.99915925149798,0.993481099711746,0.996450267962573,0.999679065386401,0.999917737436441,0.999972267415652,0.999989923154335,0.999996510830969,0.999999026467485,0.999999869290073,0.999999990513104,0.999999804316923,0.999999501919464,0.999999174194898,0.999998864171471,0.999998591141816,0.999998362349102,0.9999981788884,0.999998038777476,0.999997938586211,0.999997874308487,0.999997841826139,0.999997837149488,0.999997856534229,0.999997896529949,0.999997953991172,0.999998026068504,0.999998110189841,0.999998204037356,0.999998305523352,0.999998412766765,0.999998524071143,0.999998637904506,0.999998752881206,0.999998867745712,0.999998981358236,0.999999092681992,0.999999200771992,0.999999304765152,0.999999403871558,0.999999497366796,0.999999584585176,0.999999664913734,0.999999737786964,0.999999802682106,0.999999859115021,0.99999990663649,0.999999944828944,0.999999973303532,0.999999991697531,0.999999999671997,0.999999996909698,0.999999983113231,0.999999958003347,0.999999921317433,0.999999872808162,0.999999812242252,0.999999739399355,0.999999654071059,0.999999556059963,0.999999445178858,0.999999321249972,0.999999184104275,0.999999033580866,0.999998869526395,0.999998691794538,0.999998500245527,0.999998294745696,0.999998075167107,0.999997841387143,0.999997593288202,0.999997330757366,0.999997053686109,0.99999676197005,0.999996455508683,0.999996134205166,0.999995797966107,0.99999544670136,0.999995080323859,0.99999469874943,0.999994301896657,0.999993889686715,0.99999346204325,0.999993018892244,0.999992560161902,0.999992085782536,0.999991595686473,0.999991089807945,0.999990568083007,0.999990030449454,0.999989476846738,0.999988907215894,0.99998832149947,0.999987719641468,0.99998710158727,0.999986467283592,0.999985816678421,0.999985149720972,0.999984466361632,0.999983766551913,0.999983050244416,0.99998231739279,0.999981567951681,0.999980801876713,0.999980019124439,0.999979219652313,0.999978403418664,0.999977570382661,0.999976720504283,0.999975853744296,0.99997497006423,0.999974069426349,0.999973151793631,0.99997221712975,0.999971265399044,0.99997029656651,0.999969310597774,0.999968307459074,0.999967287117252,0.999966249539726,0.999965194694476,0.999964122550043,0.999963033075494,0.999961926240419,0.999960802014919,0.999959660369593,0.999958501275519,0.999957324704252,0.999956130627803,0.999954919018634,0.999953689849654,0.999952443094193,0.999951178726008,0.999949896719265,0.999948597048533,0.99994727968877,0.999945944615328,0.999944591803933,0.999943221230682,0.999941832872037,0.999940426704808,0.999939002706162,0.999937560853607,0.999936101124989,0.999934623498474,0.999933127952566
0.99973986708894,0.99974046423451,0.999741093947074,0.999741755357326,0.999742447619301,0.999743169909384,0.999743921425391,0.999744701385706,0.999745509028449,0.999746343610709,0.999747204407795,0.999748090712538,0.99974900183464,0.99974993710002,0.999750895850243,0.999751877441935,0.999752881246239,0.999753906648311,0.999754953046819,0.999756019853482,0.999757106492616,0.999758212400716,0.999759337026041,0.999760479828232,0.999761640277937,0.999762817856451,0.999764012055376,0.999765222376303,0.999766448330487,0.99976768943856,0.999768945230224,0.999770215243995,0.999771499026922,0.999772796134338,0.999774106129617,0.999775428583924,0.999776763076007,0.999778109191961,0.99977946652502,0.99978083467536,0.999782213249898,0.999783601862091,0.999785000131774,0.999786407684958,0.999787824153678,0.999789249175814,0.999790682394933,0.999792123460129,0.999793572025884,0.999795027751899,0.99979649030297,0.999797959348836,0.999799434564054,0.999800915627854,0.999802402224019,0.999803894040757,0.999805390770582,0.999806892110181,0.999808397760309,0.999809907425672,0.999811420814805,0.999812937639976,0.999814457617057,0.999815980465435,0.999817505907892,0.999819033670513,0.999820563482565,0.999822095076419,0.999823628187417,0.999825162553799,0.999826697916588,0.999828234019489,0.999829770608791,0.999831307433269,0.99983284424408,0.999834380794658,0.999835916840623,0.999837452139661,0.999838986451436,0.99984051953747,0.999842051161046,0.999843581087088,0.999845109082057,0.999846634913833,0.999848158351595,0.999849679165697,0.999851197127547,0.999852712009481,0.999854223584606,0.999855731626695,0.999857235910009,0.999858736209159,0.999860232298944,0.999861723954186,0.999863210949543,0.999864693059331,0.999866170057329,0.999867641716558,0.999869107809071,0.999870568105714,0.999872022375869,0.99987347038719,0.999874911905314,0.999876346693551,0.999877774512551,0.999879195119951,0.999880608269976,0.999882013713038,0.99988341119527,0.999884800458043,0.999886181237429,0.999887553263615,0.999888916260276,0.999890269943867,0.999891614022879,0.99989294819699,0.999894272156153,0.999895585579577,0.999896888134616,0.999898179475524,0.999899459242096,0.999900727058131,0.999901982529738,0.999903225243458,0.99990445476413,0.999905670632531,0.999906872362712,0.999908059438999,0.999909231312603,0.999910387397793,0.999911527067552,0.999912649648621,0.999913754415855,0.99991484058576,0.999915907309074,0.999916953662201,0.999917978637343,0.999918981131016,0.99991995993069,0.999920913699186,0.999921840956335,0.999922740057351,0.999923609167249,0.99992444623034,0.999925248933817,0.999926014663849,0.999926740452588,0.999927422913569,0.999928058162634,0.999928641720368,0.999929168390851,0.999929632109799,0.999930025752684,0.99993034089013,0.999930567472866,0.999930693421723,0.999930704087576,0.999930581531004,0.99993030354785,0.999929842330545,0.999929162597504,0.999928218929161,0.999926951892817,0.999925282269425,0.99992310221636,0.999920261313794,0.999916543728154,0.999911629236884,0.999905023316703,0.999895923986543,0.999882948748635,0.999863519832394,0.999832300150004,0.999776485358032,0.999657617978141,0.999304360162919,0.996699164802541,0.988537909888842,0.999494375981995,0.999883077772756,0.999961256789884,0.99998556121969,0.999994623224193,0.999998222258096,0.999999589984204,0.999999981947596,0.999999940094078,0.999999714978444,0.999999427223952,0.999999135688147,0.999998868491291,0.999998637986557,0.999998448315447,0.999998299353755,0.99999818882369,0.999998113441554,0.999998069544106,0.999998053427243,0.99999806152358,0.999998090489196,0.999998137239165,0.999998198954613,0.999998273074395,0.999998357278985,0.999998449470994,0.999998547754744,0.999998650416353,0.999998755904986,0.999998862815642,0.999998969873551,0.99999907592018,0.999999179900768,0.999999280853234,0.999999377898353,0.999999470231072,0.999999557112814,0.999999637864674,0.9999997118614,0.999999778526046,0.999999837325247,0.999999887765012,0.999999929386993,0.999999961765143,0.99999998450276,0.99999999722983,0.999999999600656,0.999999991291732,0.99999997199983,0.9999999414403,0.999999899345512,0.999999845463473,0.999999779556559,0.999999701400401,0.999999610782825,0.999999507502945,0.9999993913703,0.99999926220409,0.999999119832467,0.999998964091902,0.99999879482659,0.999998611887925,0.999998415134003,0.999998204429178,0.999997979643647,0.999997740653064,0.999997487338213,0.999997219584658,0.999996937282478,0.999996640325963,0.99999632861339,0.999996002046766,0.999995660531627,0.999995303976834,0.999994932294385,0.999994545399242,0.999994143209174,0.999993725644606,0.99999329262848,0.999992844086124,0.999992379945133,0.999991900135255,0.999991404588289,0.999990893237982,0.999990366019932,0.999989822871523,0.999989263731815,0.999988688541483,0.999988097242752,0.999987489779314,0.99998686609628,0.999986226140107,0.999985569858551,0.999984897200615,0.999984208116491,0.999983502557524,0.999982780476155,0.999982041825893,0.999981286561262,0.999980514637778,0.999979726011898,0.999978920640998,0.999978098483336,0.99997725949802,0.999976403644988,0.999975530884973,0.999974641179473,0.999973734490744,0.999972810781751,0.999971870016169,0.999970912158353,0.99996993717331,0.999968945026697,0.999967935684778,0.999966909114435,0.99996586528313,0.999964804158894,0.999963725710318,0.999962629906535,0.999961516717194,0.999960386112474,0.999959238063041,0.999958072540056,0.999956889515147,0.99995568896042,0.999954470848425,0.999953235152158,0.999951981845047,0.999950710900949,0.999949422294129,0.999948115999257,0.999946791991403,0.999945450246022,0.999944090738953,0.999942713446405,0.999941318344948,0.999939905411516,0.99993847462339,0.999937025958198,0.999935559393904,0.999934074908799,0.999932572481504
0.999735840801659,0.999736510411581,0.999737211065577,0.999737941940165,0.999738702233171,0.999739491162863,0.999740307967156,0.999741151902826,0.999742022244791,0.999742918285407,0.999743839333828,0.999744784715366,0.999745753770911,0.999746745856365,0.999747760342099,0.999748796612449,0.999749854065231,0.999750932111268,0.999752030173955,0.999753147688839,0.9997542841032,0.999755438875684,0.999756611475925,0.999757801384186,0.999759008091029,0.999760231096988,0.999761469912259,0.999762724056399,0.999763993058045,0.99976527645463,0.999766573792127,0.999767884624795,0.999769208514933,0.999770545032642,0.999771893755596,0.99977325426884,0.999774626164557,0.999776009041884,0.999777402506705,0.999778806171467,0.999780219654993,0.99978164258231,0.999783074584476,0.999784515298412,0.999785964366748,0.999787421437654,0.999788886164708,0.999790358206734,0.999791837227668,0.999793322896419,0.999794814886725,0.999796312877035,0.999797816550376,0.999799325594228,0.999800839700399,0.999802358564913,0.999803881887888,0.999805409373428,0.999806940729502,0.999808475667845,0.999810013903846,0.999811555156439,0.999813099148004,0.999814645604257,0.999816194254161,0.999817744829814,0.999819297066352,0.999820850701857,0.999822405477246,0.999823961136188,0.999825517424997,0.999827074092536,0.999828630890125,0.999830187571435,0.999831743892395,0.999833299611099,0.999834854487687,0.999836408284267,0.999837960764798,0.999839511694992,0.999841060842205,0.999842607975326,0.999844152864674,0.999845695281881,0.999847234999775,0.999848771792252,0.999850305434167,0.99985183570119,0.999853362369678,0.999854885216544,0.999856404019092,0.999857918554881,0.999859428601559,0.999860933936695,0.999862434337607,0.999863929581165,0.9998654194436,0.999866903700303,0.999868382125584,0.99986985449245,0.999871320572342,0.99987278013488,0.999874232947551,0.999875678775418,0.999877117380777,0.999878548522794,0.99987997195713,0.999881387435495,0.999882794705226,0.999884193508762,0.999885583583127,0.999886964659328,0.999888336461731,0.999889698707348,0.99989105110508,0.999892393354872,0.999893725146788,0.999895046159989,0.999896356061617,0.999897654505543,0.999898941130984,0.999900215560981,0.999901477400689,0.999902726235476,0.999903961628795,0.999905183119806,0.999906390220702,0.999907582413696,0.99990875914763,0.999909919834122,0.999911063843218,0.999912190498434,0.999913299071083,0.999914388773826,0.999915458753231,0.999916508081227,0.999917535745214,0.999918540636615,0.999919521537544,0.999920477105221,0.999921405853707,0.999922306132375,0.999923176100428,0.999924013696606,0.999924816602973,0.999925582201417,0.999926307521057,0.999926989174346,0.999927623278852,0.99992820536093,0.999928730236173,0.999929191859893,0.999929583138554,0.999929895689773,0.999930119533888,0.999930242693346,0.999930250666344,0.999930125726539,0.999929845978453,0.999929384063967,0.999928705361258,0.999927765430041,0.999926506312091,0.999924851047843,0.999922695331987,0.999919894427162,0.999916241916137,0.999911433776996,0.999905004665579,0.999896208217694,0.999883775785072,0.999865385178109,0.999836348586304,0.999785825507806,0.99968311316044,0.999405825914058,0.997919938236233,0.883730577560012,0.999163387526067,0.999832769933093,0.999946360512233,0.999979787140006,0.999992097464972,0.99999708595964,0.999999119893801,0.999999855432859,0.99999999868469,0.999999875164023,0.999999642634319,0.999999379558632,0.99999912493842,0.999998897412822,0.999998704873105,0.999998549489671,0.999998430416872,0.999998345277844,0.999998290988828,0.999998264217287,0.99999826163328,0.999998280042712,0.999998316452748,0.999998368098301,0.999998432446568,0.999998507189493,0.999998590230038,0.999998679665688,0.99999877377118,0.99999887098158,0.999998969876299,0.999999069164329,0.99999916767082,0.999999264324971,0.999999358149194,0.999999448249425,0.999999533806534,0.999999614068657,0.999999688344403,0.99999975599683,0.999999816438066,0.999999869124561,0.99999991355283,0.999999949255685,0.999999975798872,0.999999992778041,0.999999999816074,0.99999999656067,0.999999982682186,0.999999957871685,0.999999921839212,0.999999874312193,0.999999815034041,0.999999743762864,0.999999660270309,0.99999956434049,0.999999455769072,0.999999334362377,0.999999199936603,0.999999052317105,0.999998891337743,0.99999871684028,0.999998528673839,0.999998326694394,0.999998110764318,0.999997880751963,0.999997636531257,0.999997377981368,0.999997104986359,0.999996817434897,0.999996515219968,0.999996198238608,0.999995866391688,0.999995519583673,0.999995157722423,0.999994780719003,0.999994388487504,0.999993980944886,0.999993558010818,0.99999311960753,0.999992665659698,0.999992196094306,0.999991710840529,0.999991209829639,0.99999069299489,0.999990160271431,0.999989611596212,0.999989046907911,0.99998846614684,0.99998786925489,0.999987256175448,0.999986626853337,0.999985981234759,0.999985319267239,0.999984640899554,0.99998394608171,0.999983234764869,0.999982506901313,0.999981762444411,0.999981001348557,0.999980223569154,0.999979429062562,0.999978617786072,0.999977789697867,0.999976944756999,0.999976082923357,0.999975204157627,0.999974308421286,0.999973395676569,0.999972465886429,0.999971519014545,0.99997055502527,0.999969573883631,0.999968575555301,0.999967560006578,0.999966527204376,0.999965477116198,0.999964409710121,0.999963324954789,0.999962222819388,0.99996110327364,0.999959966287774,0.999958811832541,0.999957639879167,0.999956450399371,0.99995524336533,0.999954018749687,0.999952776525525,0.999951516666369,0.999950239146161,0.999948943939275,0.999947631020475,0.999946300364939,0.999944951948227,0.999943585746283,0.999942201735423,0.999940799892338,0.999939380194067,0.999937942618009,0.999936487141911,0.999935013743849,0.999933522402237,0.999932013095821
0.999731908724257,0.999732648241415,0.999733417369174,0.999734215325688,0.999735041348649,0.999735894694516,0.999736774637803,0.999737680470391,0.999738611500883,0.999739567053971,0.999740546469878,0.999741549103773,0.999742574325252,0.999743621517835,0.999744690078474,0.999745779417103,0.999746888956193,0.999748018130335,0.999749166385839,0.999750333180354,0.999751517982486,0.999752720271479,0.999753939536845,0.999755175278061,0.999756427004259,0.999757694233924,0.999758976494616,0.999760273322691,0.999761584263041,0.999762908868842,0.999764246701317,0.999765597329491,0.999766960329967,0.999768335286728,0.9997697217909,0.99977111944057,0.999772527840587,0.99977394660237,0.999775375343728,0.999776813688686,0.999778261267315,0.999779717715565,0.99978118267511,0.999782655793186,0.99978413672245,0.99978562512083,0.99978712065138,0.999788622982154,0.99979013178606,0.99979164674074,0.999793167528432,0.999794693835862,0.99979622535411,0.999797761778501,0.999799302808481,0.999800848147517,0.999802397502976,0.999803950586022,0.999805507111507,0.999807066797875,0.999808629367047,0.999810194544331,0.999811762058313,0.99981333164077,0.99981490302656,0.999816475953538,0.999818050162446,0.999819625396839,0.99982120140297,0.999822777929701,0.999824354728418,0.999825931552928,0.999827508159365,0.9998290843061,0.99983065975364,0.999832234264537,0.999833807603285,0.999835379536221,0.999836949831434,0.999838518258653,0.999840084589143,0.999841648595607,0.99984321005207,0.999844768733763,0.999846324417017,0.999847876879142,0.999849425898292,0.999850971253354,0.9998525127238,0.999854050089559,0.99985558313086,0.999857111628095,0.999858635361649,0.999860154111729,0.999861667658205,0.999863175780397,0.999864678256904,0.999866174865371,0.999867665382282,0.999869149582715,0.999870627240086,0.999872098125888,0.999873562009383,0.99987501865731,0.999876467833531,0.999877909298676,0.999879342809757,0.999880768119737,0.999882184977071,0.999883593125213,0.999884992302081,0.999886382239447,0.999887762662315,0.999889133288203,0.999890493826372,0.999891843976992,0.9998931834302,0.999894511865073,0.999895828948501,0.999897134333942,0.999898427660015,0.999899708548979,0.999900976605017,0.999902231412311,0.999903472532919,0.999904699504383,0.999905911837044,0.999907109011011,0.99990829047277,0.999909455631318,0.9999106038538,0.999911734460537,0.999912846719368,0.999913939839164,0.999915012962403,0.999916065156619,0.999917095404528,0.999918102592578,0.999919085497662,0.999920042771562,0.999920972922756,0.999921874294971,0.999922745041841,0.999923583096778,0.999924386137027,0.999925151540489,0.999925876333604,0.999926557128095,0.99992719004364,0.999927770612728,0.9999282936628,0.999928753169031,0.999929142068983,0.999929452027122,0.999929673132791,0.999929793508727,0.99992979879791,0.999929671482581,0.999929389968263,0.999928927333391,0.999928249594293,0.999927313253786,0.99992606176681,0.999924420327911,0.99992228798407,0.999919525346583,0.999915934791606,0.999911227285489,0.999904964178153,0.999896449288466,0.999884514922874,0.999867060448065,0.99983994382255,0.999793903469348,0.999704046004445,0.999480073478769,0.998521912369129,0.92323644440333,0.998506001572163,0.99975790205016,0.999926085580078,0.999972178708473,0.99998877325134,0.999995543994416,0.999998420453637,0.99999958866843,0.999999966178566,0.999999973260812,0.999999814013977,0.999999591136234,0.999999356998494,0.999999137937225,0.999998946431025,0.999998787461428,0.999998661944203,0.999998568625364,0.999998505146025,0.999998468645276,0.999998456100859,0.999998464518727,0.999998491034586,0.999998532964026,0.999998587822656,0.999998653329062,0.99999872739816,0.999998808129551,0.99999889379358,0.999998982816698,0.999999073767081,0.999999165340958,0.99999925634995,0.999999345709488,0.999999432428306,0.999999515599023,0.999999594389659,0.999999668036088,0.999999735835297,0.999999797139351,0.999999851350058,0.999999897914177,0.999999936319157,0.999999966089331,0.999999986782526,0.999999997987011,0.99999999931879,0.999999990419142,0.999999970952445,0.999999940604197,0.999999899079249,0.999999846100199,0.99999978140595,0.999999704750414,0.999999615901316,0.999999514639129,0.999999400756114,0.999999274055411,0.999999134350258,0.999998981463244,0.999998815225651,0.999998635476828,0.999998442063645,0.999998234839978,0.999998013666234,0.999997778408926,0.999997528940272,0.99999726513783,0.999996986884171,0.999996694066562,0.999996386576671,0.999996064310324,0.999995727167239,0.999995375050819,0.999995007867924,0.999994625528688,0.999994227946334,0.999993815037004,0.999993386719614,0.999992942915688,0.999992483549242,0.999992008546645,0.999991517836507,0.999991011349563,0.999990489018575,0.999989950778234,0.99998939656507,0.999988826317357,0.999988239975054,0.999987637479708,0.999987018774397,0.999986383803663,0.999985732513447,0.999985064851028,0.999984380764972,0.999983680205078,0.999982963122331,0.999982229468855,0.999981479197864,0.999980712263629,0.999979928621435,0.999979128227541,0.999978311039145,0.99997747701436,0.999976626112173,0.999975758292416,0.999974873515739,0.999973971743587,0.999973052938164,0.999972117062422,0.999971164080026,0.999970193955337,0.999969206653392,0.999968202139881,0.99996718038113,0.999966141344083,0.999965084996277,0.999964011305839,0.99996292024146,0.999961811772377,0.999960685868374,0.999959542499748,0.999958381637308,0.999957203252364,0.999956007316703,0.999954793802587,0.999953562682737,0.999952313930327,0.999951047518973,0.999949763422711,0.999948461616005,0.999947142073722,0.999945804771139,0.999944449683918,0.999943076788112,0.999941686060144,0.999940277476808,0.999938851015264,0.999937406653018,0.999935944367929,0.999934464138193,0.999932965942342,0.999931449759235
0.999728066489511,0.999728873530583,0.999729708829629,0.999730571642786,0.999731461244159,0.999732376925145,0.999733317993789,0.999734283774171,0.999735273605826,0.999736286843201,0.999737322855112,0.999738381024255,0.999739460746724,0.999740561431562,0.99974168250031,0.999742823386606,0.999743983535787,0.999745162404495,0.999746359460328,0.999747574181489,0.999748806056447,0.999750054583623,0.999751319271077,0.999752599636226,0.999753895205546,0.99975520551431,0.999756530106329,0.999757868533697,0.999759220356549,0.99976058514283,0.999761962468074,0.999763351915186,0.999764753074237,0.999766165542255,0.999767588923041,0.99976902282698,0.999770466870859,0.99977192067769,0.999773383876545,0.999774856102391,0.999776336995934,0.999777826203461,0.999779323376691,0.999780828172641,0.999782340253466,0.999783859286352,0.999785384943346,0.999786916901261,0.999788454841535,0.999789998450109,0.999791547417304,0.999793101437717,0.9997946602101,0.999796223437246,0.999797790825881,0.999799362086567,0.999800936933584,0.999802515084831,0.999804096261736,0.999805680189143,0.999807266595215,0.999808855211352,0.999810445772077,0.999812038014955,0.999813631680494,0.999815226512051,0.999816822255751,0.999818418660373,0.999820015477284,0.999821612460334,0.999823209365766,0.999824805952123,0.999826401980166,0.999827997212769,0.999829591414831,0.99983118435319,0.99983277579651,0.999834365515202,0.999835953281314,0.999837538868435,0.999839122051592,0.999840702607145,0.99984228031268,0.999843854946895,0.999845426289488,0.999846994121045,0.999848558222899,0.999850118377023,0.999851674365886,0.999853225972316,0.99985477297936,0.999856315170126,0.999857852327632,0.999859384234625,0.999860910673417,0.999862431425695,0.999863946272315,0.999865454993101,0.999866957366614,0.999868453169919,0.999869942178326,0.999871424165122,0.999872898901268,0.999874366155102,0.999875825691976,0.999877277273925,0.999878720659243,0.99988015560207,0.999881581851935,0.999882999153246,0.99988440724475,0.999885805858938,0.999887194721401,0.999888573550111,0.999889942054654,0.99989129993538,0.999892646882457,0.999893982574844,0.999895306679155,0.999896618848398,0.999897918720575,0.999899205917149,0.9999004800413,0.999901740676024,0.999902987381981,0.999904219695089,0.999905437123838,0.999906639146253,0.99990782520648,0.999908994710917,0.999910147023842,0.999911281462436,0.999912397291097,0.999913493714982,0.999914569872552,0.999915624827037,0.999916657556568,0.999917666942742,0.999918651757363,0.999919610646939,0.999920542114533,0.999921444498438,0.999922315946935,0.999923154388369,0.999923957495434,0.999924722642345,0.999925446853203,0.999926126739344,0.999926758422901,0.99992733744286,0.99992785863882,0.999928316006056,0.999928702513312,0.999929009871745,0.999929228239078,0.999929345837023,0.99992934845085,0.999929218767011,0.999928935484618,0.999928472106241,0.999927795265766,0.999926862374712,0.999925618243356,0.999923990121553,0.999921880236383,0.999919154239721,0.999915622731606,0.999911010570619,0.999904903584029,0.999896651005169,0.999885175008568,0.999868568030559,0.999843150198803,0.999800943651424,0.999721489730047,0.999536363497937,0.998867423806241,0.98700103188519,0.996972250662051,0.999642725589261,0.999898224351429,0.999962165023599,0.9999844452053,0.999993505444282,0.999997445234644,0.999999155331128,0.999999826409611,0.999999998693403,0.999999934081725,0.999999765191472,0.999999560780072,0.999999356575473,0.999999170640658,0.999999011378973,0.999998881854661,0.99999878218937,0.999998710918496,0.999998665768936,0.999998644107475,0.999998643198102,0.999998660347135,0.99999869298178,0.999998738689145,0.999998795231899,0.99999886055023,0.999998932756143,0.999999010123596,0.99999909107674,0.999999174177503,0.999999258113352,0.999999341685597,0.999999423798486,0.99999950344922,0.999999579718815,0.999999651763889,0.999999718809244,0.999999780141222,0.999999835101735,0.999999883082959,0.999999923522543,0.999999955899364,0.9999999797297,0.999999994563818,0.999999999982913,0.999999995596362,0.999999981039259,0.999999955970192,0.999999920069262,0.999999873036271,0.999999814589107,0.999999744462286,0.999999662405601,0.999999568182951,0.999999461571232,0.99999934235936,0.999999210347355,0.999999065345539,0.999998907173781,0.999998735660808,0.999998550643598,0.999998351966798,0.999998139482198,0.999997913048267,0.999997672529699,0.99999741779701,0.999997148726176,0.999996865198274,0.999996567099181,0.999996254319269,0.999995926753147,0.999995584299397,0.999995226860358,0.999994854341892,0.999994466653213,0.99999406370667,0.999993645417604,0.999993211704164,0.999992762487178,0.999992297689997,0.99999181723838,0.999991321060365,0.999990809086158,0.999990281248023,0.999989737480196,0.999989177718772,0.99998860190164,0.999988009968388,0.999987401860225,0.999986777519923,0.999986136891733,0.999985479921329,0.999984806555749,0.999984116743341,0.999983410433703,0.999982687577634,0.999981948127094,0.99998119203515,0.999980419255938,0.999979629744624,0.999978823457361,0.999978000351262,0.999977160384357,0.999976303515569,0.999975429704673,0.999974538912274,0.999973631099783,0.99997270622938,0.999971764264,0.999970805167299,0.999969828903641,0.999968835438075,0.999967824736298,0.999966796764666,0.999965751490144,0.999964688880312,0.999963608903335,0.99996251152795,0.999961396723447,0.999960264459667,0.999959114706964,0.999957947436221,0.999956762618809,0.999955560226591,0.999954340231914,0.999953102607574,0.999951847326832,0.999950574363385,0.999949283691369,0.999947975285337,0.999946649120252,0.99994530517149,0.999943943414814,0.999942563826379,0.999941166382717,0.999939751060727,0.999938317837676,0.99993686669118,0.999935397599216,0.999933910540089,0.999932405492448,0.999930882435266
0.999724310067019,0.999725182404867,0.999726081721405,0.999727007307541,0.999727958470756,0.999728934534508,0.999729934837657,0.999730958733908,0.999732005591301,0.999733074791712,0.999734165730374,0.999735277815424,0.999736410467489,0.999737563119248,0.999738735215055,0.999739926210557,0.999741135572337,0.999742362777555,0.999743607313637,0.999744868677943,0.999746146377468,0.999747439928547,0.999748748856578,0.99975007269575,0.999751410988786,0.999752763286688,0.999754129148512,0.999755508141115,0.999756899838952,0.999758303823852,0.999759719684813,0.999761147017807,0.99976258542558,0.999764034517475,0.999765493909242,0.999766963222879,0.999768442086444,0.999769930133913,0.999771427005009,0.999772932345056,0.999774445804828,0.999775967040407,0.999777495713048,0.999779031489027,0.999780574039534,0.999782123040528,0.999783678172617,0.999785239120939,0.999786805575036,0.99978837722875,0.999789953780107,0.999791534931199,0.999793120388086,0.999794709860682,0.999796303062661,0.999797899711353,0.999799499527636,0.999801102235852,0.9998027075637,0.999804315242148,0.99980592500533,0.999807536590474,0.999809149737782,0.999810764190363,0.99981237969413,0.999813995997721,0.999815612852402,0.99981723001198,0.999818847232721,0.999820464273251,0.999822080894475,0.99982369685949,0.99982531193349,0.999826925883675,0.999828538479167,0.999830149490916,0.999831758691601,0.999833365855534,0.999834970758577,0.99983657317803,0.999838172892536,0.999839769681975,0.999841363327356,0.999842953610711,0.99984454031498,0.99984612322389,0.999847702121842,0.999849276793777,0.999850847025045,0.999852412601268,0.999853973308197,0.999855528931557,0.999857079256894,0.9998586240694,0.999860163153737,0.999861696293859,0.999863223272797,0.999864743872464,0.999866257873419,0.99986776505463,0.999869265193222,0.9998707580642,0.999872243440155,0.999873721090945,0.999875190783363,0.999876652280761,0.999878105342664,0.999879549724331,0.999880985176299,0.999882411443876,0.999883828266593,0.999885235377606,0.99988663250304,0.999888019361287,0.999889395662208,0.9998907611063,0.999892115383721,0.999893458173284,0.999894789141294,0.999896107940289,0.999897414207631,0.999898707563959,0.999899987611453,0.999901253931905,0.999902506084569,0.999903743603742,0.999904965996074,0.999906172737516,0.999907363269889,0.999908536997026,0.99990969328037,0.999910831433996,0.999911950718932,0.999913050336668,0.999914129421732,0.999915187033136,0.999916222144525,0.999917233632765,0.999918220264708,0.999919180681734,0.999920113381677,0.999921016697577,0.999921888772591,0.999922727530233,0.99992353063892,0.999924295469477,0.999925019043974,0.999925697973694,0.99992632838357,0.999926905819406,0.999927425133257,0.999927880340712,0.999928264441768,0.999928569194064,0.999928784823113,0.999928899648258,0.999928899594636,0.999928767548648,0.999928482495816,0.999928018350938,0.999927342345743,0.999926412767797,0.999925175728063,0.999923560438996,0.999921472147321,0.99991878126071,0.999915306081468,0.999910784367294,0.99990482443976,0.999896816746772,0.999885763754316,0.999869926968914,0.999846020573217,0.999807121022094,0.99973621141404,0.999580265982001,0.99908641466418,0.99453957147944,0.99221313983983,0.999457514129897,0.9998594212907,0.999948962594273,0.999978847803228,0.999990857291142,0.999996138109016,0.999998524257508,0.999999560549309,0.99999993930609,0.999999994559289,0.99999989583351,0.999999731934401,0.999999550015742,0.999999374911745,0.999999219169204,0.999999088455474,0.999998984563178,0.999998907119082,0.999998854572606,0.999998824773572,0.999998815310886,0.999998823709839,0.999998847544788,0.99999888450082,0.999998932404643,0.999998989236975,0.999999053133974,0.999999122382383,0.999999195411246,0.999999270781966,0.999999347177809,0.999999423393439,0.999999498324921,0.999999570960328,0.999999640371087,0.999999705704051,0.999999766174313,0.999999821058705,0.999999869689945,0.999999911451366,0.999999945772198,0.99999997212331,0.999999990013412,0.99999999898563,0.999999998614438,0.999999988502899,0.999999968280175,0.999999937599302,0.999999896135174,0.999999843582719,0.999999779655265,0.999999704083051,0.999999616611894,0.999999517001949,0.999999405026625,0.999999280471565,0.999999143133741,0.999998992820616,0.999998829349383,0.99999865254627,0.999998462245921,0.999998258290785,0.999998040530614,0.999997808821954,0.999997563027706,0.99999730301671,0.999997028663368,0.999996739847292,0.999996436452977,0.999996118369511,0.999995785490293,0.999995437712785,0.999995074938264,0.999994697071618,0.999994304021124,0.99999389569828,0.999993472017615,0.999993032896527,0.999992578255143,0.999992108016158,0.999991622104721,0.999991120448296,0.99999060297656,0.999990069621289,0.999989520316249,0.999988954997122,0.999988373601391,0.999987776068281,0.999987162338665,0.999986532355,0.999985886061248,0.999985223402817,0.999984544326508,0.99998384878044,0.999983136714009,0.999982408077832,0.999981662823698,0.999980900904525,0.999980122274316,0.999979326888112,0.999978514701967,0.999977685672895,0.999976839758846,0.999975976918674,0.9999750971121,0.999974200299677,0.999973286442785,0.99997235550357,0.999971407444953,0.999970442230583,0.999969459824817,0.999968460192707,0.999967443299975,0.999966409112984,0.999965357598737,0.999964288724839,0.9999632024595,0.999962098771493,0.999960977630165,0.999959839005406,0.999958682867634,0.999957509187793,0.999956317937322,0.999955109088157,0.999953882612715,0.999952638483881,0.999951376674988,0.999950097159826,0.999948799912616,0.999947484908,0.999946152121043,0.999944801527209,0.999943433102367,0.999942046822766,0.999940642665045,0.99993922060621,0.999937780623629,0.999936322695036,0.999934846798507,0.999933352912469,0.999931841015678,0.999930311087226
0.999720635727302,0.999721571275661,0.999722532590196,0.999723518993741,0.999724529824469,0.999725564435355,0.999726622193651,0.999727702480408,0.999728804690001,0.99972992822967,0.999731072519107,0.999732236990042,0.999733421085849,0.999734624261172,0.999735845981575,0.999737085723184,0.999738342972377,0.999739617225451,0.999740907988333,0.999742214776279,0.9997435371136,0.999744874533404,0.999746226577321,0.999747592795267,0.999748972745196,0.99975036599289,0.99975177211171,0.999753190682413,0.999754621292918,0.999756063538132,0.999757517019739,0.999758981346032,0.999760456131723,0.999761940997775,0.999763435571237,0.999764939485071,0.999766452378019,0.999767973894425,0.9997695036841,0.999771041402186,0.999772586709008,0.999774139269942,0.999775698755283,0.999777264840124,0.999778837204226,0.999780415531901,0.999781999511891,0.999783588837262,0.999785183205284,0.999786782317323,0.999788385878738,0.999789993598777,0.999791605190471,0.999793220370539,0.999794838859283,0.999796460380498,0.999798084661374,0.999799711432408,0.999801340427298,0.999802971382872,0.999804604038987,0.999806238138437,0.999807873426873,0.999809509652715,0.999811146567061,0.999812783923607,0.999814421478554,0.999816058990532,0.999817696220503,0.999819332931685,0.999820968889463,0.999822603861297,0.999824237616644,0.999825869926872,0.999827500565145,0.999829129306376,0.999830755927096,0.999832380205386,0.999834001920762,0.9998356208541,0.999837236787523,0.999838849504292,0.999840458788714,0.999842064426029,0.999843666202296,0.999845263904277,0.999846857319317,0.999848446235212,0.999850030440086,0.999851609722255,0.999853183870068,0.999854752671771,0.999856315915345,0.999857873388327,0.999859424877647,0.999860970169432,0.99986250904881,0.999864041299698,0.99986556670457,0.999867085044227,0.99986859609753,0.999870099641136,0.999871595449187,0.999873083293007,0.999874562940747,0.999876034157034,0.999877496702551,0.999878950333625,0.999880394801746,0.999881829853069,0.999883255227858,0.999884670659886,0.999886075875774,0.999887470594283,0.999888854525517,0.999890227370072,0.99989158881808,0.999892938548168,0.999894276226308,0.999895601504539,0.999896914019567,0.999898213391195,0.99989949922058,0.999900771088311,0.999902028552229,0.99990327114502,0.999904498371495,0.999905709705541,0.999906904586685,0.999908082416212,0.999909242552766,0.999910384307368,0.999911506937716,0.999912609641711,0.999913691550009,0.999914751717494,0.999915789113429,0.999916802610065,0.999917790969431,0.999918752827928,0.999919686678334,0.999920590848627,0.999921463477048,0.999922302482522,0.999923105529446,0.99992386998554,0.999924592871138,0.999925270797797,0.999925899893565,0.999926475711379,0.999926993116023,0.9999274461436,0.999927827825395,0.999928129965334,0.999928342856068,0.999928454913296,0.999928452199598,0.999928317797198,0.999928030971092,0.999927566036843,0.999926890805173,0.999925964408648,0.999924734207253,0.999923131288945,0.999921063770393,0.99991840655142,0.999914985157992,0.999910549345082,0.999904728149783,0.99989694952286,0.999886287913043,0.999871153559532,0.999848598752632,0.999812573872892,0.999748772555405,0.999615308747035,0.999235255436552,0.996865627794322,0.964060320076835,0.999141161522911,0.999804407684539,0.999931477957893,0.999971634290915,0.999987458120777,0.99999443091741,0.999997658434829,0.99999914661642,0.999999781102054,0.999999986022178,0.999999976419678,0.999999865597763,0.999999714580403,0.999999556385988,0.999999408557331,0.999999279898546,0.999999174218032,0.999999092462995,0.999999033961286,0.99999899715423,0.999998980032582,0.99999898039612,0.999998996007057,0.999999024678723,0.999999064324679,0.999999112983553,0.999999168829058,0.999999230171167,0.999999295452011,0.999999363238977,0.999999432216313,0.999999501176236,0.999999569010003,0.999999634699342,0.999999697308349,0.999999755975992,0.999999809909214,0.999999858376637,0.999999900702867,0.99999993626332,0.999999964479572,0.99999998481515,0.999999996771752,0.999999999885845,0.999999993725594,0.999999977888094,0.999999951996891,0.999999915699727,0.999999868666518,0.999999810587519,0.999999741171672,0.999999660145103,0.999999567249759,0.999999462242188,0.999999344892409,0.999999214982887,0.999999072307616,0.999998916671277,0.999998747888448,0.999998565782918,0.999998370187034,0.999998160941102,0.999997937892863,0.999997700896982,0.999997449814594,0.999997184512892,0.999996904864727,0.99999661074826,0.999996302046631,0.999995978647657,0.99999564044355,0.999995287330651,0.9999949192092,0.999994535983101,0.999994137559728,0.999993723849715,0.999993294766797,0.99999285022763,0.999992390151634,0.999991914460858,0.999991423079844,0.999990915935489,0.999990392956943,0.999989854075484,0.999989299224427,0.999988728339027,0.999988141356376,0.999987538215332,0.999986918856425,0.999986283221802,0.999985631255137,0.999984962901578,0.999984278107671,0.999983576821324,0.999982858991721,0.999982124569296,0.999981373505667,0.999980605753604,0.99997982126697,0.999979020000689,0.999978201910701,0.99997736695393,0.999976515088244,0.999975646272423,0.999974760466128,0.999973857629871,0.999972937724983,0.999972000713592,0.999971046558587,0.999970075223613,0.999969086673021,0.999968080871872,0.99996705778589,0.999966017381463,0.999964959625615,0.999963884485987,0.999962791930817,0.999961681928931,0.999960554449718,0.999959409463116,0.999958246939609,0.999957066850195,0.999955869166381,0.999954653860177,0.999953420904068,0.999952170271015,0.99995090193444,0.99994961586821,0.99994831204663,0.999946990444437,0.999945651036787,0.999944293799237,0.999942918707753,0.999941525738686,0.999940114868774,0.999938686075124,0.999937239335213,0.99993577462688,0.99993429192831,0.99993279121804,0.999931272474939,0.999929735678208
0.999717040010731,0.99971803681083,0.999719058225576,0.999720103607203,0.999721172322184,0.999722263750743,0.999723377286384,0.999724512335455,0.999725668316719,0.999726844660951,0.999728040810542,0.999729256219135,0.999730490351275,0.999731742682051,0.999733012696791,0.999734299890731,0.999735603768723,0.999736923844946,0.999738259642631,0.99973961069379,0.999740976538962,0.99974235672697,0.999743750814681,0.999745158366776,0.999746578955536,0.999748012160628,0.999749457568895,0.999750914774168,0.99975238337707,0.999753862984837,0.999755353211128,0.999756853675874,0.999758364005094,0.999759883830743,0.999761412790558,0.999762950527894,0.9997644966916,0.999766050935854,0.999767612920043,0.999769182308622,0.999770758770984,0.999772341981334,0.99977393161857,0.999775527366159,0.999777128912024,0.999778735948431,0.999780348171872,0.999781965282963,0.999783586986341,0.999785212990553,0.999786843007959,0.999788476754636,0.999790113950275,0.99979175431809,0.999793397584726,0.999795043480162,0.999796691737622,0.999798342093492,0.999799994287225,0.999801648061253,0.999803303160911,0.999804959334338,0.999806616332408,0.999808273908626,0.999809931819074,0.999811589822295,0.999813247679235,0.999814905153145,0.999816562009508,0.99981821801595,0.999819872942156,0.999821526559788,0.999823178642404,0.99982482896536,0.999826477305734,0.999828123442235,0.999829767155111,0.999831408226055,0.999833046438119,0.999834681575612,0.999836313424,0.99983794176981,0.99983956640053,0.999841187104478,0.999842803670728,0.999844415888949,0.999846023549333,0.999847626442427,0.99984922435903,0.99985081709004,0.999852404426318,0.999853986158533,0.999855562077007,0.999857131971545,0.99985869563125,0.999860252844346,0.999861803397969,0.999863347077968,0.999864883668657,0.999866412952596,0.999867934710313,0.999869448720044,0.999870954757423,0.999872452595166,0.999873942002735,0.999875422745962,0.999876894586641,0.9998783572821,0.999879810584743,0.999881254241514,0.999882687993366,0.999884111574642,0.999885524712423,0.999886927125793,0.999888318525066,0.999889698610905,0.999891067073378,0.999892423590901,0.999893767829086,0.999895099439459,0.999896418058044,0.999897723303792,0.999899014776839,0.999900292056552,0.999901554699366,0.99990280223635,0.999904034170488,0.999905249973622,0.999906449083002,0.999907630897395,0.999908794772684,0.99990994001687,0.999911065884384,0.999912171569589,0.999913256199356,0.999914318824523,0.999915358410065,0.999916373823732,0.999917363822859,0.999918327039027,0.999919261960102,0.999920166909203,0.999921040019859,0.999921879206629,0.999922682130146,0.999923446155293,0.999924168300965,0.999924845179289,0.999925472921748,0.999926047088694,0.999926562557907,0.999927013386156,0.999927392636057,0.99992769215759,0.99992790230992,0.99992801160379,0.999928006236891,0.999927869483235,0.999927580880572,0.999927115134213,0.999926440615857,0.999925517273487,0.999924293667265,0.999922702678719,0.999920655154629,0.999918030242567,0.999914660252243,0.99991030611522,0.999904615984381,0.99989705202245,0.999886753422212,0.999872261826706,0.999850921334741,0.999817412853304,0.999759592791285,0.99964382259618,0.999341792773603,0.997896230750929,0.535035528738664,0.998552780489758,0.999724583377559,0.999908155525004,0.999962346731414,0.999983129708563,0.999992240481458,0.999996513748963,0.999998558883206,0.999999507933559,0.999999897725283,0.999999999451074,0.999999956325698,0.999999846182763,0.999999711907566,0.999999577046108,0.999999454165438,0.999999349492017,0.999999265559407,0.999999202754173,0.999999160234097,0.999999136480126,0.999999129630142,0.999999137680727,0.999999158607985,0.999999190438316,0.999999231288028,0.99999927938363,0.999999333070158,0.999999390812151,0.999999451190337,0.999999512895854,0.9999995747232,0.999999635562674,0.999999694392793,0.9999997502729,0.999999802336203,0.999999849783264,0.999999891875967,0.999999927932044,0.999999957320043,0.999999979454759,0.99999999379313,0.999999999830486,0.999999997097179,0.999999985155532,0.999999963597086,0.999999932040114,0.999999890127368,0.999999837524054,0.999999773915984,0.999999699007913,0.999999612522025,0.99999951419657,0.999999403784608,0.999999281052887,0.999999145780807,0.999998997759483,0.999998836790883,0.999998662687055,0.999998475269403,0.999998274368043,0.999998059821191,0.999997831474619,0.999997589181151,0.999997332800199,0.999997062197331,0.999996777243882,0.999996477816592,0.999996163797269,0.999995835072473,0.999995491533248,0.999995133074839,0.999994759596453,0.999994371001036,0.999993967195054,0.999993548088304,0.99999311359373,0.999992663627245,0.999992198107583,0.999991716956152,0.999991220096883,0.999990707456117,0.999990178962478,0.999989634546762,0.999989074141826,0.9999884976825,0.999987905105485,0.999987296349274,0.99998667135407,0.9999860300617,0.999985372415552,0.999984698360506,0.999984007842874,0.999983300810329,0.99998257721186,0.999981836997711,0.999981080119339,0.999980306529348,0.999979516181474,0.999978709030517,0.999977885032305,0.999977044143669,0.999976186322392,0.999975311527185,0.999974419717648,0.999973510854241,0.999972584898254,0.999971641811786,0.999970681557711,0.999969704099647,0.999968709401952,0.999967697429682,0.999966668148574,0.999965621525035,0.99996455752611,0.999963476119465,0.999962377273377,0.999961260956709,0.999960127138899,0.99995897578994,0.999957806880362,0.999956620381228,0.999955416264112,0.999954194501084,0.999952955064707,0.999951697928016,0.999950423064507,0.999949130448136,0.99994782005329,0.999946491854793,0.99994514582789,0.999943781948234,0.999942400191881,0.999941000535287,0.999939582955282,0.999938147429081,0.999936693934263,0.99993522244877,0.999933732950896,0.999932225419282,0.99993069983291,0.999929156171093
0.999713519700467,0.999714575909301,0.999715655637112,0.99971675826329,0.99971788318048,0.99971902979413,0.999720197522071,0.999721385794116,0.999722594051685,0.999723821747417,0.999725068344831,0.999726333317986,0.999727616151153,0.999728916338507,0.99973023338383,0.999731566800219,0.999732916109818,0.999734280843547,0.999735660540851,0.999737054749463,0.999738463025147,0.999739884931492,0.999741320039692,0.999742767928319,0.999744228183138,0.999745700396898,0.999747184169155,0.999748679106079,0.999750184820279,0.999751700930642,0.999753227062151,0.999754762845743,0.999756307918136,0.999757861921701,0.999759424504298,0.999760995319142,0.999762574024662,0.999764160284387,0.999765753766784,0.999767354145163,0.999768961097541,0.999770574306524,0.999772193459196,0.999773818246999,0.999775448365633,0.999777083514944,0.99977872339881,0.999780367725061,0.99978201620536,0.999783668555111,0.999785324493361,0.999786983742716,0.999788646029234,0.999790311082347,0.999791978634761,0.999793648422379,0.999795320184201,0.999796993662262,0.999798668601516,0.999800344749777,0.999802021857632,0.999803699678351,0.99980537796781,0.99980705648441,0.999808734989003,0.999810413244798,0.999812091017291,0.999813768074185,0.999815444185296,0.999817119122496,0.999818792659608,0.999820464572328,0.999822134638162,0.999823802636312,0.999825468347612,0.999827131554433,0.999828792040596,0.999830449591284,0.999832103992941,0.99983375503319,0.99983540250072,0.999837046185207,0.999838685877185,0.999840321367966,0.999841952449499,0.999843578914291,0.99984520055525,0.999846817165584,0.999848428538662,0.999850034467883,0.999851634746518,0.999853229167579,0.999854817523639,0.99985639960668,0.999857975207904,0.999859544117554,0.999861106124701,0.999862661017042,0.999864208580668,0.999865748599821,0.999867280856632,0.999868805130858,0.999870321199552,0.999871828836774,0.999873327813229,0.999874817895898,0.999876298847632,0.999877770426721,0.999879232386414,0.999880684474415,0.999882126432311,0.999883557994978,0.99988497888991,0.999886388836483,0.999887787545186,0.999889174716716,0.999890550041048,0.999891913196362,0.999893263847885,0.999894601646608,0.999895926227859,0.99989723720973,0.999898534191315,0.999899816750761,0.999901084443093,0.999902336797774,0.999903573315971,0.999904793467489,0.999905996687327,0.999907182371758,0.999908349873942,0.999909498498909,0.999910627497869,0.999911736061712,0.999912823313595,0.999913888300393,0.999914929982897,0.999915947224463,0.999916938777862,0.999917903269989,0.999918839183978,0.999919744838248,0.999920618361828,0.999921457665137,0.999922260405278,0.999923023944567,0.999923745300737,0.999924421086781,0.99992504743789,0.999925619922136,0.999926133430504,0.999926582040602,0.999926958846386,0.999927255743642,0.999927463157402,0.999927569692184,0.999927561678478,0.999927422578158,0.999927132195245,0.999926665614184,0.999925991750392,0.999925071339139,0.999923854094464,0.999922274614379,0.999920246345004,0.999917652454737,0.999914331632035,0.999910055236706,0.999904489095181,0.999897126655295,0.999887165522592,0.999873263902714,0.999853019120705,0.999821727480354,0.999768991505971,0.999667402658983,0.999421150088767,0.998449853642937,0.968654138679939,0.997309911738483,0.999605232682373,0.999876733032861,0.999950372738195,0.99997764564969,0.999989464747853,0.999995037421613,0.999997767153053,0.999999101132604,0.999999717398384,0.999999956451761,0.999999998017773,0.999999940278085,0.999999837989996,0.999999721892694,0.999999609050761,0.99999950857781,0.999999424902267,0.99999935967761,0.999999312921881,0.999999283707545,0.999999270583318,0.99999927183324,0.999999285635508,0.999999310158867,0.999999343619764,0.999999384314771,0.999999430637385,0.999999481085089,0.999999534260292,0.999999588867669,0.999999643709352,0.999999697679028,0.999999749755537,0.999999798996383,0.99999984453142,0.999999885556813,0.999999921329386,0.999999951161394,0.999999974415681,0.999999990501281,0.999999998869384,0.999999999009672,0.999999990447006,0.999999972738404,0.999999945470309,0.999999908256123,0.999999860733959,0.999999802564608,0.999999733429704,0.999999653030044,0.999999561084077,0.999999457326524,0.999999341507124,0.999999213389492,0.999999072750081,0.999998919377226,0.999998753070297,0.999998573638887,0.999998380902095,0.999998174687872,0.999997954832399,0.999997721179544,0.999997473580332,0.999997211892496,0.999996935980018,0.999996645712758,0.999996340966059,0.999996021620419,0.999995687561184,0.999995338678242,0.99999497486576,0.999994596021934,0.99999420204877,0.999993792851844,0.999993368340124,0.99999292842577,0.999992473023975,0.999992002052791,0.999991515432985,0.999991013087899,0.999990494943319,0.999989960927349,0.999989410970302,0.999988845004587,0.999988262964619,0.999987664786709,0.999987050408988,0.999986419771326,0.999985772815239,0.999985109483833,0.999984429721723,0.99998373347498,0.999983020691055,0.999982291318733,0.999981545308073,0.999980782610361,0.999980003178059,0.999979206964757,0.999978393925132,0.999977564014907,0.999976717190814,0.999975853410556,0.999974972632769,0.99997407481699,0.999973159923635,0.999972227913947,0.999971278749995,0.999970312394629,0.999969328811457,0.999968327964828,0.999967309819795,0.999966274342113,0.999965221498195,0.999964151255111,0.999963063580558,0.999961958442843,0.999960835810872,0.999959695654124,0.999958537942638,0.999957362647004,0.99995616973834,0.999954959188282,0.999953730968971,0.999952485053034,0.999951221413585,0.999949940024194,0.999948640858896,0.999947323892163,0.999945989098911,0.999944636454464,0.99994326593457,0.999941877515383,0.999940471173447,0.999939046885696,0.999937604629443,0.999936144382369,0.999934666122517,0.999933169828294,0.99993165547844,0.999930123052049,0.999928572528543
0.999710071798821,0.99971118567881,0.999712322033422,0.999713480267207,0.999714659797059,0.999715860051846,0.999717080471994,0.999718320509146,0.999719579625797,0.99972085729497,0.999722152999886,0.999723466233656,0.999724796498983,0.999726143307889,0.999727506181428,0.99972888464943,0.999730278250243,0.999731686530497,0.999733109044864,0.999734545355841,0.999735995033513,0.999737457655372,0.999738932806092,0.999740420077341,0.999741919067602,0.999743429381973,0.999744950632005,0.999746482435534,0.999748024416507,0.999749576204825,0.999751137436196,0.999752707751982,0.999754286799049,0.999755874229638,0.999757469701217,0.999759072876362,0.999760683422617,0.999762301012376,0.999763925322758,0.999765556035496,0.999767192836812,0.999768835417319,0.999770483471895,0.999772136699591,0.999773794803524,0.999775457490767,0.999777124472265,0.999778795462722,0.999780470180519,0.999782148347617,0.999783829689459,0.999785513934895,0.999787200816078,0.999788890068389,0.999790581430343,0.999792274643519,0.999793969452457,0.999795665604598,0.999797362850185,0.999799060942192,0.99980075963624,0.999802458690529,0.999804157865743,0.999805856924981,0.99980755563368,0.999809253759536,0.999810951072424,0.999812647344313,0.99981434234921,0.999816035863052,0.99981772766365,0.999819417530596,0.999821105245178,0.999822790590314,0.999824473350456,0.999826153311498,0.999827830260708,0.999829503986621,0.999831174278967,0.999832840928547,0.999834503727173,0.999836162467542,0.999837816943141,0.999839466948151,0.999841112277318,0.999842752725853,0.999844388089305,0.999846018163445,0.99984764274412,0.999849261627134,0.999850874608092,0.999852481482249,0.999854082044359,0.999855676088501,0.999857263407898,0.99985884379473,0.999860417039936,0.999861982932995,0.999863541261696,0.99986509181191,0.999866634367304,0.99986816870908,0.99986969461567,0.999871211862408,0.999872720221192,0.999874219460099,0.999875709342987,0.999877189629053,0.999878660072351,0.999880120421294,0.999881570418068,0.99988300979804,0.999884438289076,0.999885855610816,0.99988726147388,0.999888655578982,0.999890037615965,0.999891407262754,0.999892764184172,0.999894108030656,0.999895438436821,0.999896755019882,0.999898057377889,0.999899345087776,0.999900617703146,0.999901874751863,0.999903115733287,0.999904340115211,0.99990554733039,0.999906736772646,0.999907907792446,0.999909059691892,0.999910191719022,0.999911303061325,0.999912392838306,0.999913460092968,0.999914503782007,0.999915522764499,0.999916515788776,0.999917481477184,0.999918418308276,0.999919324595966,0.999920198464965,0.999921037821766,0.999921840320185,0.99992260332022,0.999923323838706,0.999923998489781,0.999924623412639,0.999925194183309,0.999925705706221,0.99992615207995,0.999926526429765,0.999926820697019,0.999927025371984,0.999927129151657,0.999927118497076,0.999926977054163,0.999926684886919,0.999926217448714,0.999925544182159,0.999924626582994,0.999923415475276,0.999921847100853,0.999919837382755,0.999917273299273,0.999913999544133,0.999909797221692,0.999904348528557,0.99989717558697,0.999887528856941,0.999874170334452,0.999854918210183,0.999825590905081,0.99977721573334,0.99968717360542,0.999482157172365,0.998785194221198,0.990245070400424,0.994075178062775,0.999419661179536,0.999833835581556,0.999934881802723,0.999970715809927,0.999985977769634,0.999993166047675,0.999996735877507,0.999998539068992,0.999999431005602,0.999999837828739,0.999999983831391,0.999999991808023,0.999999930778894,0.999999840082848,0.999999742143754,0.999999649509206,0.999999568860192,0.999999503357406,0.999999454044397,0.999999420701246,0.999999402370561,0.999999397684304,0.999999405067448,0.999999422864584,0.999999449417708,0.999999483112958,0.999999522407472,0.99999956584353,0.999999612054621,0.999999659766456,0.999999707794837,0.999999755041708,0.999999800490229,0.99999984319933,0.999999882298212,0.99999991698089,0.999999946501005,0.999999970166898,0.999999987337055,0.999999997415854,0.999999999849701,0.999999994123452,0.999999979757173,0.99999995630318,0.99999992334334,0.999999880486638,0.999999827366934,0.99999976364095,0.999999688986436,0.999999603100496,0.999999505698074,0.999999396510567,0.999999275284563,0.999999141780708,0.999998995772647,0.999998837046065,0.999998665397835,0.999998480635194,0.999998282575031,0.999998071043204,0.999997845873937,0.999997606909245,0.999997353998423,0.999997086997567,0.999996805769128,0.999996510181519,0.999996200108732,0.999995875429992,0.99999553602945,0.999995181795868,0.999994812622365,0.999994428406153,0.999994029048304,0.999993614453527,0.999993184529977,0.999992739189052,0.999992278345232,0.999991801915896,0.999991309821192,0.999990801983874,0.99999027832918,0.999989738784708,0.999989183280295,0.999988611747907,0.999988024121545,0.99998742033714,0.999986800332467,0.999986164047059,0.999985511422137,0.99998484240052,0.999984156926564,0.999983454946095,0.999982736406353,0.999982001255917,0.99998124944466,0.999980480923709,0.999979695645365,0.999978893563088,0.999978074631431,0.999977238806013,0.999976386043466,0.999975516301408,0.999974629538405,0.999973725713935,0.999972804788355,0.999971866722875,0.999970911479531,0.999969939021146,0.999968949311314,0.999967942314378,0.999966917995393,0.999965876320117,0.999964817254985,0.999963740767081,0.999962646824129,0.999961535394475,0.999960406447053,0.999959259951394,0.999958095877582,0.999956914196258,0.999955714878599,0.999954497896302,0.999953263221572,0.999952010827109,0.999950740686091,0.999949452772171,0.999948147059461,0.999946823522517,0.999945482136332,0.999944122876326,0.999942745718336,0.999941350638604,0.999939937613772,0.99993850662087,0.999937057637305,0.999935590640865,0.999934105609695,0.999932602522299,0.999931081357529,0.999929542094585,0.999927984712993
0.999706693506512,0.999707863416366,0.999709054803762,0.999710267096603,0.999711499734336,0.999712752167602,0.999714023857874,0.999715314277134,0.999716622907554,0.999717949241179,0.999719292779642,0.999720653033878,0.999722029523857,0.99972342177831,0.999724829334491,0.99972625173793,0.9997276885422,0.999729139308695,0.999730603606412,0.99973208101174,0.999733571108261,0.999735073486565,0.999736587744051,0.999738113484743,0.999739650319133,0.999741197863998,0.999742755742232,0.999744323582714,0.999745901020116,0.999747487694793,0.999749083252607,0.999750687344813,0.999752299627908,0.999753919763509,0.999755547418217,0.999757182263504,0.999758823975576,0.999760472235276,0.999762126727958,0.999763787143373,0.999765453175577,0.9997671245228,0.999768800887368,0.999770481975593,0.999772167497668,0.999773857167581,0.999775550703017,0.999777247825262,0.999778948259122,0.999780651732827,0.99978235797795,0.999784066729312,0.999785777724908,0.999787490705824,0.999789205416143,0.999790921602885,0.999792639015904,0.999794357407832,0.999796076533984,0.999797796152291,0.999799516023219,0.999801235909693,0.999802955577023,0.999804674792824,0.999806393326948,0.999808110951398,0.999809827440262,0.999811542569627,0.99981325611752,0.999814967863809,0.999816677590133,0.999818385079831,0.999820090117853,0.999821792490687,0.999823491986268,0.999825188393895,0.99982688150416,0.99982857110883,0.999830257000788,0.999831938973928,0.999833616823049,0.999835290343777,0.999836959332445,0.999838623585998,0.999840282901878,0.999841937077917,0.999843585912207,0.999845229202982,0.999846866748492,0.999848498346857,0.999850123795926,0.999851742893129,0.999853355435317,0.999854961218588,0.999856560038116,0.999858151687947,0.999859735960816,0.999861312647916,0.999862881538682,0.999864442420532,0.999865995078619,0.999867539295534,0.999869074851021,0.999870601521643,0.999872119080434,0.999873627296518,0.99987512593471,0.999876614755068,0.999878093512412,0.999879561955814,0.999881019828025,0.999882466864859,0.999883902794523,0.999885327336889,0.999886740202676,0.999888141092582,0.999889529696302,0.999890905691476,0.999892268742505,0.99989361849925,0.999894954595607,0.999896276647905,0.999897584253147,0.999898876987029,0.999900154401758,0.999901416023598,0.999902661350109,0.999903889847089,0.999905100945086,0.999906294035482,0.999907468466094,0.99990862353614,0.999909758490541,0.999910872513439,0.999911964720764,0.999913034151726,0.999914079759026,0.999915100397558,0.999916094811343,0.999917061618313,0.999917999292603,0.999918906143779,0.99991978029243,0.999920619641335,0.999921421841243,0.999922184250081,0.999922903884052,0.999923577358698,0.999924200817476,0.999924769844626,0.999925279358218,0.999925723477916,0.999926095360285,0.999926386991978,0.999926588927841,0.999926689956111,0.999926676666149,0.99992653288421,0.999926238928197,0.999925770610569,0.99992509788529,0.999924182983003,0.999922977796195,0.999921420142039,0.999919428305724,0.999916892879097,0.999913664216211,0.99990953254018,0.999904195237264,0.999897200768818,0.999887847552429,0.999874990332569,0.999856640858604,0.999829063453988,0.999784459311615,0.999703948911643,0.999530272373743,0.999005686191653,0.995074271060095,0.981469861275076,0.999115713037681,0.999774275994444,0.999914729630103,0.999961964779527,0.999981623114743,0.999990823114176,0.999995423071651,0.999997796619433,0.999999022461592,0.999999632709076,0.999999906082788,0.999999995137476,0.999999986010032,0.999999928302072,0.99999985080785,0.999999770146273,0.999999695665451,0.99999963231043,0.999999582340084,0.999999546374922,0.999999524046217,0.999999514402615,0.999999516166582,0.999999527896461,0.999999548088536,0.999999575240544,0.999999607890323,0.999999644638324,0.999999684159684,0.999999725209565,0.999999766624203,0.999999807319293,0.999999846286772,0.999999882590667,0.999999915362551,0.99999994379681,0.999999967145996,0.999999984716312,0.999999995863357,0.999999999988129,0.999999996533314,0.999999984979857,0.99999996484382,0.999999935673492,0.999999897046755,0.999999848568672,0.999999789869297,0.999999720601668,0.999999640439991,0.999999549077973,0.999999446227303,0.999999331616285,0.999999204988568,0.999999066101996,0.999998914727569,0.999998750648465,0.999998573659186,0.999998383564723,0.999998180179854,0.999997963328437,0.999997732842818,0.999997488563234,0.99999723033731,0.999996958019565,0.999996671470971,0.999996370558547,0.999996055154969,0.999995725138235,0.999995380391332,0.99999502080193,0.999994646262131,0.999994256668178,0.999993851920242,0.99999343192219,0.999992996581379,0.999992545808462,0.999992079517217,0.999991597624377,0.999991100049471,0.999990586714685,0.999990057544721,0.999989512466679,0.999988951409924,0.999988374305997,0.999987781088483,0.999987171692944,0.999986546056802,0.999985904119271,0.999985245821264,0.999984571105326,0.999983879915558,0.99998317219755,0.999982447898319,0.999981706966253,0.999980949351044,0.999980175003647,0.999979383876221,0.999978575922086,0.999977751095677,0.999976909352505,0.999976050649111,0.999975174943025,0.999974282192743,0.999973372357681,0.999972445398149,0.999971501275316,0.99997053995118,0.999969561388545,0.999968565550992,0.999967552402851,0.999966521909182,0.999965474035747,0.999964408748995,0.999963326016033,0.99996222580461,0.999961108083101,0.999959972820484,0.999958819986323,0.999957649550756,0.999956461484474,0.999955255758708,0.999954032345217,0.999952791216272,0.999951532344636,0.999950255703564,0.999948961266783,0.99994764900848,0.99994631890329,0.999944970926296,0.999943605052998,0.999942221259326,0.999940819521609,0.999939399816585,0.999937962121381,0.9999365064135,0.999935032670828,0.99993354087161,0.999932030994456,0.999930503018324,0.999928956922512,0.999927392686662
0.999703382204402,0.999704606591007,0.999705851501732,0.999707116386213,0.999708400704902,0.999709703928744,0.999711025538854,0.999712365026218,0.999713721891392,0.999715095644231,0.999716485803606,0.999717891897166,0.999719313461058,0.999720750039713,0.999722201185606,0.999723666459028,0.999725145427869,0.99972663766743,0.9997281427602,0.999729660295675,0.99973118987017,0.999732731086639,0.999734283554498,0.999735846889466,0.999737420713387,0.999739004654093,0.999740598345228,0.999742201426121,0.999743813541636,0.999745434342027,0.999747063482808,0.999748700624629,0.999750345433142,0.999751997578877,0.999753656737121,0.999755322587813,0.999756994815419,0.999758673108825,0.999760357161233,0.999762046670049,0.999763741336791,0.999765440866974,0.999767144970035,0.999768853359216,0.999770565751479,0.999772281867422,0.999774001431181,0.999775724170338,0.999777449815852,0.999779178101961,0.999780908766104,0.99978264154883,0.999784376193738,0.99978611244738,0.999787850059186,0.999789588781394,0.999791328368965,0.999793068579515,0.999794809173234,0.999796549912818,0.999798290563383,0.999800030892408,0.999801770669644,0.999803509667057,0.999805247658739,0.999806984420852,0.999808719731534,0.999810453370843,0.99981218512067,0.999813914764669,0.999815642088179,0.999817366878149,0.999819088923055,0.999820808012828,0.999822523938765,0.999824236493452,0.999825945470671,0.999827650665327,0.999829351873347,0.999831048891589,0.999832741517754,0.999834429550286,0.999836112788265,0.99983779103131,0.999839464079466,0.999841131733084,0.999842793792721,0.999844450058991,0.999846100332452,0.999847744413465,0.999849382102047,0.999851013197724,0.99985263749937,0.99985425480503,0.999855864911754,0.999857467615399,0.999859062710416,0.99986064998966,0.999862229244135,0.999863800262764,0.999865362832114,0.99986691673612,0.999868461755779,0.999869997668831,0.999871524249394,0.999873041267597,0.999874548489162,0.999876045674963,0.999877532580546,0.999879008955602,0.999880474543404,0.999881929080186,0.999883372294458,0.99988480390629,0.999886223626476,0.999887631155668,0.999889026183392,0.999890408386978,0.999891777430389,0.9998931329629,0.99989447461767,0.999895802010133,0.999897114736233,0.999898412370447,0.999899694463567,0.999900960540273,0.999902210096343,0.999903442595592,0.999904657466374,0.999905854097682,0.999907031834703,0.999908189973816,0.999909327756885,0.999910444364762,0.999911538909867,0.999912610427702,0.999913657867065,0.999914680078778,0.999915675802663,0.99991664365238,0.99991758209779,0.999918489444274,0.999919363808494,0.999920203089708,0.999921004935826,0.999921766702936,0.99992248540685,0.999923157664781,0.999923779624689,0.999924346879262,0.999924854360398,0.99992529620895,0.999925665612739,0.999925954603443,0.999926153799831,0.999926252080133,0.999926236159869,0.999926090042004,0.999925794292449,0.999925325073274,0.999924652834626,0.999923740517658,0.999922541043807,0.999920993740898,0.999919019148628,0.999916511289419,0.9999133258586,0.999909261624205,0.999904030090558,0.999897203963622,0.999888125289851,0.999875731975285,0.999858206154555,0.999832195295642,0.999790876310193,0.999718330133465,0.999569029738203,0.999159561674748,0.996924071871884,0.836820248345614,0.998581040162836,0.999689795020843,0.999888311024409,0.999950901584645,0.999976205124124,0.999987915841725,0.99999377897464,0.9999968445272,0.999998473295575,0.999999328750103,0.999999756133112,0.9999999439827,0.999999998962023,0.999999982903356,0.999999932157961,0.999999868158931,0.999999803401807,0.999999744935463,0.999999696451949,0.999999659564063,0.999999634599705,0.999999621102352,0.999999618149419,0.999999624555883,0.999999639004731,0.999999660130108,0.999999686569752,0.999999716997309,0.999999750141408,0.999999784796104,0.999999819825653,0.999999854165625,0.99999988682173,0.999999916867198,0.999999943439354,0.999999965735771,0.999999983010251,0.999999994568829,0.999999999765883,0.999999998000434,0.999999988712648,0.999999971380584,0.999999945517177,0.999999910667447,0.99999986640594,0.999999812334372,0.999999748079481,0.999999673291055,0.999999587640126,0.999999490817334,0.999999382531414,0.999999262507829,0.999999130487511,0.999998986225713,0.999998829490959,0.999998660064085,0.999998477737358,0.999998282313659,0.999998073605762,0.999997851435632,0.999997615633818,0.99999736603887,0.999997102496814,0.999996824860661,0.99999653298996,0.999996226750395,0.999995906013375,0.999995570655709,0.999995220559264,0.999994855610662,0.999994475701009,0.999994080725619,0.999993670583787,0.999993245178559,0.999992804416521,0.9999923482076,0.999991876464897,0.999991389104507,0.999990886045363,0.999990367209092,0.999989832519878,0.999989281904328,0.999988715291357,0.999988132612076,0.999987533799681,0.999986918789359,0.999986287518196,0.999985639925081,0.99998497595064,0.999984295537141,0.999983598628434,0.999982885169882,0.999982155108289,0.999981408391844,0.999980644970062,0.999979864793738,0.999979067814884,0.999978253986688,0.99997742326347,0.999976575600628,0.999975710954615,0.999974829282879,0.999973930543844,0.999973014696869,0.999972081702212,0.999971131521,0.999970164115203,0.9999691794476,0.999968177481758,0.999967158181999,0.999966121513386,0.999965067441685,0.999963995933362,0.999962906955538,0.999961800475993,0.999960676463132,0.999959534885971,0.999958375714113,0.999957198917744,0.999956004467608,0.999954792334988,0.999953562491705,0.999952314910094,0.999951049562983,0.9999497664237,0.999948465466042,0.999947146664276,0.999945809993117,0.999944455427725,0.999943082943694,0.999941692517036,0.999940284124175,0.999938857741938,0.999937413347542,0.999935950918595,0.999934470433074,0.999932971869331,0.999931455206072,0.999929920422358,0.999928367497596,0.999926796411529
0.999700135437345,0.999701412828547,0.999702709830864,0.999704025914201,0.999705360558619,0.999706713254037,0.999708083499943,0.999709470805102,0.999710874687299,0.999712294673081,0.999713730297501,0.999715181103892,0.999716646643619,0.999718126475867,0.99971962016744,0.999721127292521,0.999722647432513,0.999724180175818,0.999725725117664,0.999727281859926,0.999728850010944,0.999730429185373,0.999732019004003,0.999733619093609,0.999735229086806,0.999736848621895,0.999738477342722,0.999740114898537,0.999741760943869,0.999743415138389,0.999745077146783,0.999746746638633,0.999748423288305,0.999750106774808,0.999751796781714,0.999753492997032,0.999755195113091,0.999756902826457,0.99975861583782,0.999760333851898,0.999762056577332,0.999763783726607,0.999765515015943,0.999767250165224,0.999768988897887,0.999770730940852,0.999772476024434,0.999774223882251,0.999775974251155,0.999777726871141,0.999779481485272,0.999781237839604,0.999782995683103,0.999784754767572,0.999786514847574,0.999788275680364,0.999790037025806,0.999791798646315,0.999793560306757,0.999795321774415,0.999797082818886,0.999798843212016,0.99980060272785,0.999802361142527,0.999804118234239,0.999805873783137,0.999807627571276,0.999809379382528,0.999811129002516,0.999812876218549,0.999814620819526,0.999816362595882,0.999818101339495,0.999819836843616,0.999821568902788,0.999823297312765,0.999825021870423,0.999826742373677,0.999828458621397,0.999830170413315,0.999831877549927,0.999833579832397,0.999835277062463,0.999836969042324,0.999838655574533,0.999840336461889,0.999842011507311,0.999843680513721,0.999845343283908,0.999846999620396,0.99984864932529,0.999850292200143,0.999851928045779,0.999853556662126,0.99985517784804,0.999856791401117,0.999858397117479,0.999859994791567,0.999861584215904,0.999863165180854,0.999864737474348,0.999866300881607,0.999867855184839,0.9998694001629,0.999870935590953,0.99987246124008,0.99987397687687,0.999875482262971,0.999876977154612,0.99987846130207,0.999879934449104,0.999881396332327,0.999882846680531,0.999884285213943,0.999885711643413,0.99988712566952,0.999888526981597,0.99988991525665,0.999891290158178,0.999892651334861,0.999893998419107,0.999895331025452,0.999896648748781,0.999897951162334,0.999899237815514,0.999900508231411,0.999901761904037,0.999902998295239,0.999904216831212,0.999905416898572,0.999906597839927,0.999907758948856,0.999908899464213,0.999910018563621,0.999911115356069,0.999912188873425,0.999913238060668,0.999914261764661,0.999915258721139,0.999916227539622,0.999917166685837,0.999918074461162,0.999918948978489,0.999919788133764,0.999920589572266,0.999921350648469,0.99992206837804,0.999922739380091,0.999923359807344,0.999923925261136,0.999924430687368,0.999924870248179,0.999925237162585,0.999925523507001,0.99992571996347,0.999925815498985,0.999925796953095,0.99992564850195,0.999925350953764,0.999924880811098,0.999924209005707,0.999923299165974,0.999922105204788,0.999920567899548,0.999918609943337,0.99991612861841,0.999912984665848,0.999908984871513,0.999903853883045,0.999897186767665,0.999888365362024,0.999876402376158,0.999859630559621,0.999835028473116,0.999796590619055,0.999730770811068,0.999600806671984,0.999271907251455,0.997837629951559,0.891514434295131,0.99753885444509,0.999566671693282,0.999853327621608,0.9999368764288,0.999969477194631,0.999984331133108,0.999991744386248,0.999995648626321,0.999997762252225,0.999998911917474,0.999999524256985,0.999999831329305,0.99999996440288,0.999999999871,0.999999983035251,0.999999941008824,0.999999889991179,0.99999983950317,0.999999794919901,0.999999759019962,0.999999732950794,0.999999716839394,0.999999710183158,0.999999712102117,0.99999972150248,0.99999973718271,0.999999757902013,0.999999782424053,0.999999809544228,0.999999838106045,0.999999867010242,0.999999895219116,0.999999921757733,0.999999945713083,0.999999966232025,0.999999982518438,0.999999993829997,0.999999999474757,0.999999998807724,0.999999991227508,0.999999976173087,0.99999995312078,0.999999921581368,0.999999881097444,0.999999831240948,0.999999771610881,0.999999701831215,0.999999621548964,0.999999530432413,0.999999428169497,0.999999314466325,0.999999189045806,0.99999905164641,0.999998902021023,0.999998739935895,0.999998565169697,0.999998377512617,0.99999817676557,0.999997962739451,0.99999773525445,0.999997494139421,0.99999723923132,0.999996970374655,0.999996687421008,0.999996390228576,0.999996078661755,0.999995752590755,0.999995411891245,0.999995056444023,0.999994686134694,0.999994300853412,0.999993900494597,0.999993484956704,0.999993054141974,0.999992607956257,0.999992146308781,0.999991669111984,0.999991176281349,0.999990667735232,0.999990143394716,0.999989603183481,0.999989047027654,0.999988474855719,0.999987886598364,0.999987282188405,0.999986661560671,0.999986024651912,0.999985371400713,0.999984701747408,0.999984015634001,0.999983313004099,0.99998259380284,0.999981857976815,0.999981105474026,0.999980336243821,0.999979550236829,0.999978747404922,0.999977927701161,0.999977091079749,0.999976237495981,0.999975366906215,0.999974479267829,0.999973574539174,0.999972652679546,0.999971713649161,0.999970757409102,0.999969783921314,0.99996879314855,0.999967785054366,0.999966759603075,0.999965716759742,0.999964656490139,0.999963578760747,0.999962483538709,0.999961370791829,0.999960240488542,0.999959092597899,0.999957927089552,0.999956743933731,0.999955543101226,0.99995432456338,0.999953088292074,0.999951834259696,0.999950562439153,0.999949272803837,0.999947965327618,0.999946639984838,0.999945296750297,0.999943935599234,0.999942556507326,0.999941159450672,0.999939744405786,0.999938311349585,0.999936860259384,0.999935391112884,0.99993390388816,0.99993239856366,0.999930875118189,0.999929333530919,0.999927773781355,0.999926195849347
0.999696950899872,0.999698279898033,0.999699627631797,0.999700993590021,0.999702377271113,0.999703778182756,0.999705195841651,0.999706629773238,0.999708079511481,0.999709544598599,0.999711024584856,0.99971251902834,0.999714027494739,0.999715549557146,0.999717084795859,0.999718632798186,0.999720193158268,0.999721765476892,0.999723349361327,0.999724944425152,0.999726550288098,0.999728166575889,0.999729792920094,0.999731428957981,0.999733074332374,0.999734728691519,0.999736391688938,0.99973806298332,0.999739742238386,0.999741429122752,0.999743123309841,0.999744824477745,0.999746532309117,0.999748246491069,0.99974996671506,0.999751692676797,0.999753424076123,0.999755160616935,0.999756902007075,0.999758647958247,0.999760398185911,0.999762152409207,0.999763910350865,0.99976567173711,0.999767436297588,0.999769203765277,0.999770973876411,0.999772746370398,0.999774520989741,0.999776297479959,0.999778075589521,0.999779855069759,0.999781635674798,0.999783417161487,0.999785199289326,0.999786981820388,0.999788764519258,0.999790547152956,0.999792329490863,0.999794111304667,0.999795892368277,0.999797672457762,0.999799451351278,0.999801228829008,0.999803004673077,0.999804778667497,0.999806550598085,0.999808320252401,0.999810087419672,0.99981185189072,0.99981361345789,0.999815371914976,0.999817127057141,0.999818878680844,0.999820626583763,0.999822370564705,0.999824110423533,0.999825845961085,0.999827576979064,0.999829303279976,0.999831024667021,0.999832740943991,0.999834451915191,0.999836157385312,0.999837857159332,0.999839551042419,0.999841238839773,0.999842920356545,0.999844595397677,0.999846263767781,0.99984792527099,0.999849579710802,0.999851226889928,0.999852866610112,0.999854498671958,0.999856122874736,0.999857739016174,0.999859346892248,0.999860946296942,0.999862537022005,0.999864118856683,0.999865691587432,0.999867254997612,0.999868808867162,0.99987035297224,0.999871887084835,0.999873410972359,0.999874924397203,0.999876427116237,0.999877918880282,0.999879399433554,0.999880868513014,0.999882325847706,0.999883771157985,0.99988520415473,0.999886624538427,0.999888031998189,0.999889426210687,0.999890806838942,0.999892173531016,0.999893525918566,0.999894863615218,0.999896186214789,0.999897493289301,0.999898784386758,0.999900059028667,0.999901316707299,0.999902556882543,0.999903778978458,0.999904982379318,0.999906166425186,0.99990733040689,0.999908473560313,0.999909595059917,0.999910694011326,0.999911769442848,0.999912820295746,0.999913845413014,0.999914843526416,0.999915813241462,0.99991675301989,0.999917661159226,0.999918535768774,0.999919374741352,0.999920175719814,0.999920936057239,0.999921652769378,0.99992232247748,0.999922941339245,0.999923504964874,0.999924008314425,0.99992444557139,0.999924809985918,0.999925093678873,0.999925287394908,0.999925380188568,0.999925359021344,0.999925208239143,0.999924908886953,0.999924437799016,0.999923766374731,0.999922858907466,0.999921670265932,0.999920142619335,0.999918200719089,0.999915744947782,0.999912640818114,0.999908702648823,0.99990366734244,0.999897150629788,0.999888570723278,0.999877007823015,0.999860928342041,0.999837598470594,0.999801702913891,0.999741618779481,0.999627254793163,0.999356883440778,0.99836127982693,0.980378816015923,0.995158315267134,0.999380896468403,0.99980641002187,0.999919017818189,0.999961125893183,0.999979930334545,0.999989248588681,0.999994168897436,0.999996864815896,0.999998366224989,0.999999199490507,0.999999649338508,0.999999876529498,0.999999974780055,0.999999999978977,0.999999985929271,0.999999953178989,0.999999914145138,0.999999876172402,0.999999843403247,0.999999817944506,0.999999800607243,0.999999791382381,0.999999789749608,0.999999794879459,0.999999805766055,0.999999821314236,0.999999840396534,0.999999861889952,0.999999884699232,0.999999907771044,0.999999930102036,0.99999995074283,0.999999968799272,0.999999983431942,0.999999993854505,0.999999999331404,0.999999999175156,0.999999992743446,0.999999979436209,0.999999958692716,0.999999929988807,0.999999892834194,0.999999846769986,0.999999791366312,0.999999726220171,0.999999650953366,0.999999565210682,0.999999468658114,0.999999360981315,0.999999241884118,0.999999111087198,0.999998968326846,0.99999881335383,0.999998645932353,0.999998465839112,0.999998272862404,0.999998066801328,0.999997847465048,0.9999976146721,0.999997368249768,0.999997108033505,0.999996833866406,0.9999965455987,0.999996243087306,0.999995926195415,0.999995594792093,0.999995248751928,0.999994887954688,0.999994512285028,0.999994121632182,0.999993715889721,0.999993294955284,0.999992858730359,0.999992407120078,0.999991940032994,0.999991457380919,0.999990959078738,0.999990445044251,0.999989915198021,0.999989369463236,0.999988807765577,0.999988230033085,0.999987636196058,0.99998702618694,0.999986399940209,0.999985757392295,0.999985098481486,0.999984423147833,0.999983731333091,0.999983022980624,0.99998229803535,0.999981556443663,0.99998079815338,0.999980023113683,0.999979231275042,0.999978422589198,0.999977597009085,0.999976754488788,0.999975894983509,0.999975018449522,0.999974124844119,0.999973214125591,0.999972286253177,0.999971341187045,0.999970378888244,0.999969399318689,0.999968402441112,0.999967388219051,0.999966356616825,0.999965307599491,0.999964241132836,0.99996315718335,0.999962055718202,0.999960936705217,0.999959800112867,0.99995864591024,0.999957474067023,0.999956284553496,0.999955077340502,0.999953852399438,0.999952609702243,0.99995134922137,0.99995007092979,0.999948774800964,0.999947460808839,0.999946128927831,0.999944779132815,0.999943411399116,0.999942025702491,0.999940622019128,0.999939200325629,0.999937760599006,0.999936302816662,0.99993482695639,0.999933332996367,0.999931820915137,0.999930290691613,0.999928742305051,0.999927175735075,0.999925590961632
0.99969382642346,0.999695205699666,0.99969660287084,0.999698017443577,0.999699448933489,0.999700896864925,0.999702360770739,0.99970384019205,0.999705334678022,0.999706843785627,0.999708367079457,0.999709904131497,0.999711454520945,0.999713017834014,0.99971459366375,0.999716181609855,0.999717781278515,0.999719392282241,0.999721014239689,0.999722646775535,0.999724289520294,0.999725942110197,0.999727604187046,0.999729275398056,0.999730955395759,0.999732643837847,0.999734340387055,0.999736044711041,0.999737756482273,0.999739475377905,0.99974120107967,0.999742933273772,0.99974467165078,0.999746415905531,0.999748165737011,0.99974992084828,0.999751680946368,0.999753445742171,0.999755214950379,0.999756988289373,0.999758765481145,0.999760546251208,0.999762330328517,0.999764117445387,0.999765907337408,0.999767699743373,0.999769494405191,0.999771291067827,0.999773089479207,0.999774889390163,0.999776690554346,0.999778492728164,0.999780295670701,0.999782099143664,0.999783902911288,0.999785706740295,0.999787510399802,0.999789313661272,0.999791116298427,0.999792918087204,0.999794718805667,0.999796518233944,0.999798316154169,0.999800112350412,0.9998019066086,0.999803698716458,0.999805488463446,0.999807275640677,0.999809060040852,0.999810841458193,0.999812619688369,0.999814394528413,0.999816165776668,0.99981793323269,0.999819696697179,0.999821455971904,0.999823210859613,0.999824961163959,0.999826706689389,0.999828447241095,0.999830182624881,0.999831912647087,0.999833637114498,0.999835355834215,0.999837068613569,0.999838775259994,0.999840475580917,0.999842169383636,0.999843856475176,0.999845536662168,0.999847209750695,0.999848875546149,0.999850533853055,0.99985218447491,0.999853827214006,0.99985546187123,0.999857088245862,0.999858706135349,0.999860315335089,0.999861915638164,0.99986350683508,0.999865088713483,0.999866661057845,0.999868223649131,0.999869776264455,0.999871318676676,0.99987285065399,0.999874371959485,0.999875882350638,0.999877381578787,0.999878869388568,0.99988034551726,0.999881809694122,0.999883261639628,0.99988470106465,0.99988612766956,0.999887541143239,0.999888941161996,0.999890327388362,0.999891699469779,0.999893057037131,0.999894399703137,0.999895727060548,0.999897038680154,0.999898334108571,0.99989961286575,0.999900874442205,0.999902118295913,0.999903343848806,0.999904550482852,0.999905737535601,0.999906904295169,0.999908049994533,0.999909173805045,0.999910274829025,0.999911352091313,0.999912404529529,0.999913430982901,0.999914430179347,0.999915400720473,0.999916341064176,0.999917249504285,0.999918124146683,0.999918962881248,0.999919763348599,0.999920522900643,0.999921238553424,0.999921906930555,0.999922524194922,0.999923085965788,0.999923587217511,0.999924022155002,0.999924384059461,0.999924665095889,0.999924856070906,0.999924946125404,0.999924922340777,0.999924769229336,0.999924468067494,0.999923996012688,0.999923324918537,0.999922419722146,0.999921236214151,0.999919717900909,0.999917791502721,0.999915360353323,0.999912294482427,0.999908415294741,0.999903471136365,0.999897096867894,0.999888744031583,0.999877553893672,0.999862111927673,0.999839935433388,0.999806295792921,0.999751144884496,0.999649553419771,0.999423009010956,0.998692350439556,0.991798367421063,0.987993422069747,0.999087635542629,0.99974248148308,0.999896139377764,0.999950749148104,0.999974542402701,0.999986206733679,0.999992358313156,0.999995752641185,0.999997673428584,0.999998769455066,0.999999389239775,0.999999728899073,0.999999902750706,0.999999979195142,0.999999999903021,0.999999990517993,0.999999966841874,0.999999938517352,0.999999911276864,0.9999998883456,0.999999871332652,0.999999860805539,0.999999856665119,0.999999858392471,0.999999865212512,0.999999876202789,0.99999989036576,0.999999906676583,0.999999924114385,0.999999941682268,0.999999958419725,0.999999973409828,0.999999985782919,0.999999994717948,0.999999999442228,0.999999999230186,0.999999993401488,0.999999981318775,0.999999962385228,0.999999936042057,0.999999901766006,0.99999985906693,0.999999807485476,0.999999746590874,0.999999675978872,0.999999595269803,0.999999504106791,0.999999402154071,0.99999928909546,0.999999164632916,0.999999028485242,0.999998880386851,0.999998720086672,0.999998547347113,0.999998361943113,0.999998163661274,0.99999795229906,0.999997727664054,0.999997489573288,0.999997237852597,0.999996972336055,0.999996692865435,0.999996399289716,0.999996091464629,0.999995769252227,0.999995432520507,0.999995081143033,0.999994714998619,0.999994333971002,0.999993937948563,0.999993526824052,0.999993100494343,0.999992658860207,0.999992201826085,0.999991729299895,0.999991241192843,0.999990737419246,0.999990217896378,0.999989682544297,0.999989131285723,0.9999885640459,0.999987980752459,0.999987381335314,0.999986765726552,0.999986133860319,0.999985485672735,0.999984821101794,0.99998414008729,0.999983442570722,0.999982728495233,0.999981997805523,0.999981250447802,0.999980486369705,0.999979705520247,0.999978907849762,0.999978093309853,0.99997726185333,0.999976413434179,0.999975548007504,0.999974665529491,0.999973765957361,0.999972849249343,0.999971915364629,0.999970964263333,0.999969995906477,0.999969010255943,0.99996800727445,0.999966986925525,0.999965949173482,0.999964893983377,0.999963821321015,0.999962731152895,0.999961623446208,0.999960498168811,0.999959355289205,0.999958194776514,0.999957016600474,0.999955820731404,0.999954607140205,0.999953375798327,0.999952126677763,0.999950859751037,0.999949574991179,0.999948272371725,0.999946951866692,0.999945613450572,0.999944257098318,0.999942882785339,0.999941490487475,0.999940080180996,0.999938651842598,0.999937205449379,0.999935740978834,0.999934258408856,0.999932757717713,0.999931238884049,0.999929701886872,0.999928146705548,0.999926573319792,0.999924981709663
0.999690759965154,0.999692188254034,0.999693633629734,0.999695095615509,0.999696573743106,0.999698067552548,0.999699576591885,0.999701100416989,0.99970263859134,0.999704190685823,0.999705756278529,0.999707334954574,0.999708926305909,0.999710529931148,0.999712145435391,0.999713772430071,0.999715410532782,0.999717059367126,0.999718718562578,0.99972038775432,0.99972206658312,0.999723754695171,0.999725451741996,0.99972715738028,0.999728871271779,0.999730593083176,0.999732322485975,0.999734059156386,0.999735802775209,0.999737553027731,0.999739309603624,0.999741072196833,0.999742840505483,0.999744614231784,0.999746393081925,0.999748176765998,0.999749964997893,0.999751757495221,0.999753553979214,0.999755354174654,0.99975715780979,0.999758964616243,0.999760774328939,0.999762586686028,0.999764401428811,0.999766218301651,0.999768037051921,0.999769857429908,0.999771679188763,0.99977350208441,0.999775325875495,0.999777150323296,0.999778975191684,0.999780800247021,0.999782625258117,0.99978444999616,0.999786274234637,0.999788097749288,0.999789920318026,0.999791741720872,0.9997935617399,0.999795380159159,0.999797196764614,0.999799011344083,0.999800823687167,0.999802633585179,0.999804440831087,0.999806245219437,0.999808046546289,0.999809844609147,0.99981163920689,0.999813430139688,0.999815217208947,0.999817000217217,0.999818778968132,0.999820553266313,0.999822322917302,0.999824087727465,0.99982584750392,0.99982760205444,0.99982935118736,0.999831094711484,0.999832832435983,0.999834564170304,0.999836289724038,0.99983800890683,0.999839721528249,0.999841427397668,0.999843126324132,0.99984481811622,0.999846502581909,0.999848179528403,0.999849848761995,0.999851510087876,0.999853163309962,0.999854808230701,0.999856444650868,0.999858072369339,0.999859691182868,0.999861300885816,0.999862901269912,0.999864492123934,0.999866073233427,0.999867644380347,0.99986920534271,0.99987075589421,0.999872295803793,0.999873824835201,0.999875342746489,0.999876849289483,0.999878344209197,0.999879827243211,0.99988129812097,0.999882756563032,0.999884202280251,0.999885634972863,0.999887054329491,0.999888460026076,0.999889851724638,0.999891229071989,0.999892591698243,0.999893939215194,0.99989527121453,0.999896587265819,0.999897886914287,0.999899169678334,0.999900435046747,0.999901682475594,0.999902911384717,0.9999041211538,0.999905311117921,0.999906480562528,0.999907628717733,0.999908754751841,0.999909857763944,0.999910936775473,0.999911990720505,0.999913018434598,0.999914018641922,0.999914989940318,0.999915930783971,0.999916839463154,0.999917714080503,0.999918552523126,0.99991935242961,0.999920111150882,0.999920825703498,0.999921492713639,0.999922108349592,0.999922668239853,0.999923167373216,0.999923599976053,0.999923959360525,0.999924237735473,0.999924425968821,0.999924513286616,0.999924486888159,0.999924331448917,0.999924028471526,0.999923555428431,0.99992288461458,0.999921981590503,0.999920803036489,0.999919293744294,0.999917382318852,0.99991497490538,0.999911945813804,0.999908123122326,0.999903265878347,0.99989702668328,0.999888887684571,0.999878045552759,0.999863192186012,0.999842065127208,0.999810437618353,0.999759562905444,0.999668564798275,0.999475677056853,0.998916704604615,0.995344325870163,0.948835571782885,0.998595861695846,0.99965364260002,0.999866598705797,0.999937825897789,0.999967954908614,0.999982516535068,0.999990161418695,0.999994392868763,0.999996812665286,0.999998220152494,0.999999041207522,0.999999514351185,0.999999778396945,0.999999916521458,0.999999979637624,0.999999999350489,0.999999995409633,0.999999980132159,0.999999961098421,0.999999942832625,0.999999927870896,0.999999917451143,0.999999911964642,0.999999911254897,0.999999914817016,0.999999921931504,0.999999931754256,0.999999943377046,0.99999995586799,0.999999968298328,0.999999979759803,0.999999989375583,0.999999996306763,0.999999999755815,0.99999999896796,0.999999993231168,0.999999981875232,0.999999964270253,0.99999993982479,0.999999907983785,0.999999868226447,0.999999820064086,0.999999763038026,0.999999696717581,0.999999620698114,0.999999534599221,0.999999438063021,0.999999330752555,0.999999212350302,0.999999082556794,0.999998941089333,0.999998787680822,0.999998622078645,0.999998444043684,0.999998253349368,0.999998049780823,0.999997833134066,0.999997603215285,0.999997359840151,0.999997102833196,0.999996832027244,0.999996547262865,0.99999624838789,0.999995935256951,0.999995607731056,0.999995265677205,0.999994908968019,0.999994537481411,0.999994151100268,0.99999374971216,0.999993333209077,0.999992901487174,0.999992454446535,0.99999199199096,0.999991514027761,0.999991020467572,0.999990511224176,0.999989986214334,0.999989445357636,0.999988888576356,0.999988315795315,0.999987726941762,0.999987121945241,0.999986500737497,0.999985863252361,0.999985209425658,0.999984539195105,0.999983852500243,0.999983149282332,0.999982429484297,0.999981693050645,0.999980939927391,0.999980170062009,0.999979383403358,0.999978579901632,0.999977759508304,0.999976922176076,0.999976067858829,0.999975196511574,0.999974308090426,0.999973402552534,0.999972479856064,0.999971539960161,0.999970582824905,0.999969608411277,0.999968616681141,0.999967607597199,0.999966581122968,0.999965537222758,0.99996447586164,0.999963397005419,0.999962300620619,0.999961186674452,0.999960055134804,0.999958905970205,0.999957739149823,0.999956554643437,0.999955352421414,0.999954132454701,0.99995289471481,0.999951639173792,0.999950365804232,0.999949074579231,0.999947765472393,0.999946438457806,0.999945093510037,0.999943730604126,0.999942349715551,0.999940950820244,0.999939533894559,0.999938098915278,0.999936645859589,0.999935174705084,0.999933685429745,0.999932178011938,0.999930652430402,0.99992910866425,0.999927546692941,0.999925966496295,0.999924368054473
0.999687749597399,0.999689225692448,0.999690718096502,0.99969222634847,0.999693749995297,0.999695288591749,0.999696841700198,0.999698408890422,0.999699989739411,0.999701583831178,0.999703190756577,0.999704810113127,0.99970644150485,0.999708084542092,0.999709738841372,0.999711404025236,0.999713079722095,0.999714765566083,0.99971646119693,0.999718166259809,0.999719880405215,0.999721603288837,0.999723334571428,0.999725073918694,0.99972682100117,0.999728575494112,0.999730337077378,0.999732105435331,0.999733880256726,0.999735661234618,0.999737448066249,0.999739240452967,0.999741038100118,0.999742840716962,0.99974464801658,0.999746459715794,0.999748275535065,0.999750095198426,0.999751918433389,0.99975374497087,0.999755574545111,0.999757406893592,0.999759241756979,0.999761078879016,0.999762918006487,0.999764758889116,0.999766601279512,0.999768444933094,0.999770289608022,0.999772135065129,0.999773981067858,0.999775827382189,0.999777673776579,0.999779520021894,0.999781365891339,0.999783211160409,0.999785055606807,0.999786899010395,0.999788741153116,0.999790581818943,0.999792420793818,0.999794257865566,0.999796092823856,0.999797925460128,0.999799755567519,0.999801582940818,0.999803407376374,0.999805228672057,0.999807046627173,0.999808861042394,0.999810671719696,0.999812478462295,0.999814281074551,0.999816079361917,0.999817873130855,0.999819662188751,0.999821446343842,0.999823225405137,0.99982499918232,0.999826767485668,0.999828530125964,0.999830286914395,0.999832037662454,0.999833782181837,0.999835520284339,0.999837251781738,0.999838976485673,0.999840694207531,0.999842404758304,0.999844107948466,0.999845803587807,0.999847491485307,0.999849171448952,0.999850843285571,0.999852506800652,0.999854161798154,0.999855808080289,0.999857445447314,0.999859073697282,0.999860692625806,0.999862302025772,0.999863901687062,0.999865491396237,0.999867070936206,0.99986864008586,0.99987019861968,0.999871746307323,0.999873282913164,0.999874808195792,0.999876321907486,0.999877823793625,0.999879313592047,0.999880791032368,0.999882255835204,0.999883707711369,0.999885146360938,0.999886571472272,0.999887982720917,0.999889379768381,0.999890762260829,0.999892129827591,0.999893482079551,0.99989481860732,0.999896138979251,0.99989744273919,0.999898729403991,0.999899998460733,0.999901249363592,0.999902481530343,0.99990369433842,0.999904887120461,0.999906059159292,0.999907209682213,0.999908337854533,0.99990944277218,0.999910523453261,0.999911578828386,0.999912607729541,0.999913608877256,0.999914580865723,0.999915522145549,0.999916431003598,0.999917305539419,0.999918143637523,0.999918942934647,0.999919700780934,0.999920414193655,0.999921079801765,0.999921693779139,0.999922251763677,0.999922748758729,0.999923179012165,0.999923535867011,0.999923811575618,0.999923997066569,0.999924081649905,0.999924052640861,0.999923894874886,0.999923590075821,0.99992311602319,0.999922445440908,0.999921544493473,0.999920370720121,0.999918870148937,0.999916973190067,0.999914588669296,0.99991159495627,0.999907826421411,0.999903052133114,0.999896941173159,0.99988900385044,0.999878487233239,0.999864178664806,0.999844009699105,0.999814185425858,0.999767043651788,0.999684932489857,0.999518447711246,0.999076799184245,0.996912362257309,0.529851694239122,0.997698865117276,0.999527121914166,0.999828078275038,0.999921673212382,0.999959902073666,0.999978054051651,0.999987512577682,0.999992747299814,0.999995760025792,0.999997535726348,0.999998594219323,0.999999224919109,0.999999595768697,0.999999807388158,0.999999921538064,0.999999976788664,0.999999997485979,0.999999999052908,0.99999999121192,0.999999979991449,0.999999969000687,0.999999960253704,0.999999954710105,0.999999952634021,0.999999953834839,0.999999957829826,0.999999963954527,0.999999971437863,0.999999979453199,0.999999987152872,0.999999993691313,0.999999998240266,0.999999999998489,0.999999998197669,0.999999992105642,0.999999981027845,0.99999996430748,0.999999941324884,0.99999991149632,0.999999874272462,0.999999829136671,0.999999775603172,0.999999713215231,0.999999641543315,0.999999560183344,0.999999468754998,0.999999366900106,0.999999254281139,0.99999913057979,0.99999899549564,0.999998848744936,0.999998690059427,0.999998519185306,0.999998335882221,0.999998139922364,0.999997931089617,0.999997709178768,0.999997473994795,0.999997225352194,0.999996963074342,0.999996686992955,0.999996396947528,0.999996092784852,0.999995774358573,0.999995441528744,0.999995094161458,0.999994732128466,0.999994355306859,0.999993963578734,0.999993556830916,0.999993134954685,0.999992697845522,0.999992245402879,0.999991777529955,0.999991294133492,0.999990795123591,0.999990280413527,0.999989749919588,0.999989203560918,0.99998864125937,0.999988062939373,0.999987468527806,0.99998685795387,0.999986231148986,0.999985588046687,0.999984928582515,0.999984252693932,0.999983560320231,0.999982851402454,0.999982125883322,0.999981383707146,0.999980624819771,0.999979849168509,0.999979056702075,0.999978247370534,0.999977421125234,0.999976577918776,0.999975717704943,0.999974840438664,0.999973946075977,0.999973034573969,0.999972105890757,0.999971159985434,0.999970196818044,0.999969216349545,0.999968218541777,0.999967203357432,0.999966170760019,0.999965120713851,0.999964053184004,0.999962968136298,0.999961865537279,0.999960745354181,0.999959607554919,0.999958452108067,0.999957278982823,0.99995608814901,0.999954879577049,0.999953653237943,0.999952409103254,0.999951147145098,0.999949867336121,0.999948569649491,0.999947254058884,0.99994592053846,0.999944569062866,0.999943199607214,0.99994181214707,0.999940406658444,0.999938983117783,0.999937541501949,0.999936081788227,0.999934603954296,0.999933107978237,0.999931593838506,0.999930061513944,0.999928510983757,0.999926942227512,0.999925355225123,0.999923749956859
0.999684793498918,0.999686316248266,0.999687854557173,0.999689407979298,0.999690976075902,0.999692558415655,0.999694154574445,0.999695764135178,0.999697386687615,0.999699021828179,0.999700669159799,0.999702328291745,0.999703998839457,0.999705680424412,0.999707372673958,0.999709075221183,0.999710787704768,0.999712509768859,0.999714241062922,0.99971598124164,0.999717729964764,0.999719486897014,0.999721251707946,0.999723024071853,0.999724803667646,0.999726590178749,0.999728383293002,0.99973018270255,0.999731988103747,0.999733799197062,0.999735615686987,0.999737437281939,0.999739263694182,0.99974109463972,0.999742929838235,0.999744769012994,0.999746611890755,0.999748458201714,0.999750307679398,0.99975216006061,0.999754015085348,0.999755872496723,0.999757732040893,0.999759593466999,0.999761456527084,0.999763320976024,0.999765186571469,0.99976705307377,0.999768920245914,0.999770787853457,0.999772655664461,0.999774523449431,0.999776390981251,0.999778258035115,0.999780124388477,0.999781989820979,0.999783854114389,0.999785717052545,0.999787578421287,0.9997894380084,0.999791295603548,0.999793150998216,0.999795003985646,0.999796854360771,0.999798701920161,0.999800546461942,0.999802387785751,0.999804225692664,0.999806059985117,0.999807890466854,0.999809716942857,0.999811539219265,0.999813357103318,0.999815170403265,0.999816978928305,0.999818782488504,0.999820580894712,0.999822373958484,0.999824161491997,0.999825943307954,0.999827719219503,0.99982948904014,0.9998312525836,0.99983300966377,0.999834760094564,0.999836503689834,0.999838240263221,0.999839969628061,0.999841691597234,0.999843405983035,0.999845112597028,0.999846811249892,0.999848501751259,0.999850183909542,0.999851857531748,0.999853522423294,0.999855178387783,0.999856825226797,0.999858462739652,0.999860090723155,0.999861708971316,0.999863317275073,0.99986491542197,0.999866503195824,0.999868080376361,0.999869646738816,0.999871202053527,0.999872746085462,0.99987427859372,0.999875799331004,0.999877308043022,0.999878804467852,0.99988028833525,0.999881759365874,0.999883217270473,0.999884661748953,0.999886092489383,0.999887509166911,0.999888911442517,0.999890298961715,0.999891671353048,0.999893028226472,0.999894369171536,0.999895693755373,0.99989700152046,0.99989829198212,0.999899564625731,0.999900818903602,0.999902054231468,0.999903269984539,0.999904465493051,0.999905640037247,0.999906792841665,0.999907923068681,0.999909029811119,0.999910112083833,0.999911168814051,0.999912198830284,0.999913200849521,0.999914173462429,0.999915115116159,0.999916024094311,0.999916898493499,0.999917736195806,0.999918534836299,0.999919291764526,0.999920003998661,0.999920668170634,0.999921280460087,0.999921836514482,0.999922331351833,0.999922759241532,0.999923113557366,0.999923386594867,0.999923569342629,0.999923651193528,0.99992361957682,0.99992345948484,0.999923152857743,0.999922677774523,0.999922007376138,0.999921108412453,0.999919939252363,0.999918447113769,0.999916564137074,0.999914201705815,0.999911242043771,0.999907525460659,0.999902830421291,0.999896841341579,0.999889094494569,0.999878882905271,0.999865079783691,0.999845788286088,0.999817587153944,0.999773725115165,0.999699145623763,0.999553754636019,0.99919568832782,0.997751430047721,0.951800901743326,0.995846898087836,0.999341291730262,0.999777235741603,0.9999013847087,0.99995004868364,0.999972668268493,0.999984333791567,0.999990771395461,0.999994488046688,0.999996698182848,0.999998035892295,0.999998851728701,0.999999348286451,0.999999646774132,0.999999821676317,0.999999919692896,0.999999970513929,0.999999993162488,0.99999999983871,0.999999998308288,0.999999993418659,0.99999998807934,0.999999983905821,0.999999981648117,0.999999981479203,0.999999983190826,0.999999986327368,0.999999990277744,0.999999994338593,0.999999997757733,0.99999999976384,0.999999999586589,0.999999996470052,0.999999989681395,0.99999997851628,0.999999962301917,0.999999940398545,0.999999912199765,0.999999877132131,0.999999834654222,0.999999784255422,0.999999725454476,0.999999657797952,0.999999580858672,0.999999494234144,0.999999397545019,0.999999290433628,0.999999172562555,0.999999043613308,0.999998903285056,0.999998751293443,0.999998587369494,0.999998411258576,0.999998222719434,0.999998021523309,0.999997807453105,0.999997580302618,0.999997339875828,0.999997085986234,0.999996818456247,0.999996537116613,0.999996241805896,0.999995932369984,0.999995608661638,0.999995270540067,0.99999491787055,0.999994550524061,0.999994168376935,0.99999377131056,0.999993359211079,0.999992931969125,0.999992489479562,0.999992031641256,0.99999155835685,0.999991069532566,0.999990565078007,0.999990044905977,0.999989508932326,0.999988957075783,0.999988389257808,0.999987805402464,0.999987205436283,0.999986589288151,0.999985956889179,0.999985308172626,0.999984643073769,0.999983961529824,0.999983263479867,0.999982548864726,0.999981817626928,0.999981069710604,0.999980305061444,0.999979523626607,0.999978725354675,0.999977910195586,0.999977078100584,0.999976229022165,0.999975362914027,0.999974479731023,0.999973579429122,0.999972661965355,0.999971727297788,0.999970775385476,0.999969806188432,0.99996881966759,0.999967815784774,0.999966794502665,0.999965755784773,0.999964699595414,0.999963625899675,0.999962534663394,0.999961425853135,0.99996029943616,0.999959155380421,0.999957993654524,0.999956814227713,0.999955617069856,0.999954402151423,0.999953169443472,0.999951918917623,0.999950650546054,0.999949364301475,0.999948060157123,0.999946738086744,0.999945398064576,0.999944040065338,0.999942664064224,0.999941270036877,0.999939857959398,0.999938427808315,0.999936979560585,0.999935513193577,0.999934028685065,0.99993252601322,0.9999310051566,0.999929466094141,0.999927908805144,0.999926333269278,0.999924739466562,0.99992312737736
0.999681889946495,0.99968345824908,0.999685041388369,0.999686638931921,0.999688250454516,0.999689875537963,0.999691513770915,0.999693164748706,0.999694828073168,0.999696503352486,0.999698190201029,0.999699888239193,0.999701597093267,0.999703316395283,0.999705045782874,0.999706784899149,0.999708533392549,0.999710290916736,0.99971205713046,0.99971383169744,0.999715614286257,0.999717404570228,0.99971920222731,0.999721006939987,0.999722818395162,0.99972463628407,0.999726460302162,0.999728290149022,0.999730125528274,0.999731966147482,0.999733811718072,0.999735661955229,0.999737516577837,0.999739375308373,0.999741237872839,0.999743104000679,0.999744973424702,0.999746845881001,0.999748721108895,0.999750598850833,0.999752478852333,0.999754360861925,0.999756244631057,0.999758129914037,0.99976001646798,0.999761904052722,0.999763792430757,0.999765681367192,0.999767570629654,0.999769459988251,0.999771349215499,0.999773238086262,0.999775126377692,0.999777013869164,0.999778900342222,0.999780785580511,0.999782669369725,0.99978455149754,0.999786431753557,0.999788309929236,0.999790185817853,0.999792059214418,0.999793929915626,0.999795797719796,0.999797662426797,0.999799523838005,0.999801381756221,0.999803235985622,0.999805086331684,0.999806932601119,0.999808774601807,0.999810612142735,0.999812445033912,0.999814273086305,0.999816096111766,0.999817913922949,0.999819726333232,0.999821533156643,0.999823334207769,0.999825129301664,0.999826918253769,0.99982870087981,0.999830476995703,0.999832246417446,0.999834008961022,0.999835764442272,0.999837512676791,0.999839253479792,0.999840986665985,0.999842712049436,0.999844429443415,0.999846138660256,0.999847839511177,0.99984953180612,0.999851215353569,0.999852889960339,0.999854555431384,0.999856211569566,0.999857858175417,0.999859495046893,0.999861121979089,0.999862738763959,0.99986434518999,0.999865941041869,0.999867526100122,0.999869100140708,0.999870662934607,0.999872214247349,0.999873753838516,0.999875281461209,0.999876796861436,0.999878299777493,0.999879789939251,0.999881267067392,0.999882730872577,0.999884181054526,0.999885617301011,0.999887039286754,0.999888446672211,0.999889839102225,0.999891216204558,0.999892577588233,0.999893922841735,0.999895251530983,0.999896563197092,0.999897857353865,0.999899133484996,0.999900391040952,0.999901629435444,0.999902848041489,0.999904046186967,0.999905223149567,0.999906378151125,0.999907510351131,0.999908618839368,0.999909702627519,0.999910760639505,0.999911791700454,0.999912794523921,0.999913767697152,0.999914709663976,0.999915618704865,0.999916492913647,0.999917330170138,0.999918128107911,0.999918884076095,0.999919595093966,0.999920257796593,0.999920868369576,0.999921422470079,0.999921915130877,0.999922340642903,0.999922692410577,0.999922962772297,0.999923142776008,0.99992322189629,0.999923187674526,0.999923025256938,0.999922716795259,0.999922240660576,0.999921570399441,0.999920673329264,0.999919508620682,0.999918024637252,0.99991615517886,0.999913814071428,0.999910887200997,0.999907220489421,0.999902601223545,0.999896728109026,0.999889161402536,0.999879236134708,0.999865902994909,0.999847417505647,0.999820683370692,0.999779719898437,0.999711581976101,0.999583311424029,0.999286820649699,0.998257468529695,0.98514796327566,0.991178616603267,0.999057372136947,0.999709127800276,0.999875740462683,0.999937968202172,0.999966174076109,0.999980531972298,0.999988413058328,0.999992965104953,0.999995687063687,0.999997352293985,0.999998384882831,0.999999028667306,0.999999429157688,0.999999675757482,0.999999824647745,0.99999991172449,0.999999960177652,0.999999985067688,0.999999996162122,0.999999999733455,0.999999999721068,0.999999998494705,0.999999997363379,0.999999996918738,0.999999997269078,0.999999998200107,0.999999999286086,0.999999999966933,0.999999999601857,0.999999997506562,0.999999992978993,0.999999985316957,0.999999973830026,0.999999957847391,0.999999936722805,0.999999909837508,0.999999876601705,0.999999836455061,0.999999788866468,0.999999733333373,0.999999669380788,0.999999596560094,0.999999514447773,0.999999422644039,0.999999320771511,0.999999208473865,0.999999085414554,0.999998951275557,0.999998805756212,0.999998648572083,0.999998479453915,0.999998298146651,0.999998104408495,0.99999789801006,0.999997678733555,0.999997446372042,0.999997200728734,0.999996941616343,0.999996668856492,0.999996382279132,0.999996081722052,0.999995767030369,0.999995438056089,0.999995094657693,0.999994736699748,0.999994364052536,0.999993976591738,0.999993574198105,0.999993156757171,0.999992724158987,0.999992276297863,0.999991813072131,0.999991334383939,0.999990840139024,0.999990330246542,0.999989804618868,0.999989263171446,0.999988705822621,0.9999881324935,0.999987543107806,0.999986937591753,0.999986315873927,0.999985677885168,0.999985023558471,0.999984352828871,0.999983665633366,0.999982961910812,0.999982241601854,0.999981504648835,0.999980750995732,0.999979980588074,0.999979193372889,0.999978389298632,0.999977568315134,0.999976730373534,0.99997587542624,0.999975003426869,0.999974114330206,0.999973208092159,0.99997228466971,0.999971344020882,0.999970386104698,0.999969410881139,0.999968418311127,0.999967408356471,0.999966380979851,0.999965336144778,0.999964273815572,0.999963193957339,0.999962096535934,0.999960981517945,0.999959848870673,0.999958698562094,0.999957530560857,0.999956344836255,0.999955141358197,0.999953920097212,0.999952681024408,0.999951424111468,0.999950149330632,0.999948856654679,0.999947546056913,0.999946217511149,0.999944870991706,0.999943506473379,0.999942123931438,0.999940723341615,0.999939304680094,0.999937867923488,0.99993641304884,0.999934940033616,0.999933448855677,0.999931939493295,0.999930411925117,0.99992886613018,0.999927302087882,0.999925719777993,0.999924119180636,0.999922500276273
0.999679037307571,0.999680650109668,0.99968227705056,0.999683917710953,0.999685571678397,0.999687238547128,0.999688917917891,0.999690609397777,0.999692312600073,0.999694027144105,0.999695752655096,0.999697488764015,0.999699235107448,0.999700991327459,0.999702757071458,0.999704531992089,0.999706315747086,0.999708107999173,0.999709908415938,0.999711716669724,0.999713532437522,0.999715355400869,0.999717185245727,0.999719021662405,0.999720864345448,0.999722712993548,0.999724567309441,0.999726426999833,0.999728291775295,0.999730161350192,0.999732035442584,0.999733913774151,0.999735796070121,0.999737682059174,0.999739571473377,0.999741464048106,0.999743359521971,0.999745257636742,0.999747158137286,0.999749060771484,0.999750965290174,0.999752871447078,0.999754778998739,0.99975668770445,0.999758597326196,0.999760507628584,0.999762418378786,0.999764329346481,0.999766240303774,0.999768151025161,0.999770061287453,0.999771970869716,0.999773879553222,0.999775787121378,0.999777693359676,0.999779598055629,0.999781500998721,0.999783401980336,0.999785300793701,0.999787197233847,0.999789091097521,0.999790982183149,0.999792870290768,0.999794755221961,0.999796636779804,0.999798514768802,0.999800388994829,0.999802259265063,0.999804125387914,0.999805987172969,0.999807844430923,0.999809696973509,0.999811544613429,0.999813387164277,0.99981522444047,0.999817056257178,0.999818882430225,0.999820702776038,0.999822517111529,0.999824325254043,0.999826127021232,0.999827922230993,0.999829710701347,0.999831492250348,0.999833266695965,0.999835033855987,0.999836793547886,0.999838545588709,0.999840289794927,0.999842025982323,0.999843753965824,0.999845473559354,0.999847184575682,0.999848886826221,0.999850580120879,0.999852264267832,0.999853939073332,0.99985560434148,0.999857259873981,0.999858905469899,0.999860540925374,0.999862166033338,0.999863780583178,0.999865384360428,0.999866977146372,0.999868558717659,0.999870128845883,0.999871687297109,0.999873233831371,0.999874768202132,0.999876290155688,0.999877799430527,0.999879295756614,0.99988077885463,0.999882248435139,0.999883704197653,0.99988514582963,0.999886573005366,0.999887985384769,0.999889382612023,0.999890764314082,0.999892130099054,0.999893479554354,0.999894812244694,0.999896127709832,0.999897425462064,0.999898704983421,0.999899965722536,0.999901207091132,0.999902428460065,0.999903629154882,0.999904808450776,0.999905965566913,0.999907099659959,0.999908209816727,0.999909295045783,0.99991035426784,0.999911386304718,0.999912389866643,0.999913363537552,0.999914305758073,0.999915214805687,0.999916088771578,0.999916925533455,0.99991772272356,0.999918477690783,0.999919187455671,0.999919848656624,0.999920457485348,0.999921009608852,0.999921500074765,0.999921923195558,0.999922272406157,0.999922540087495,0.999922717346229,0.999922793737506,0.99992275691301,0.999922592169898,0.999922281866894,0.999921804660057,0.99992113449052,0.999920239226152,0.999919078812696,0.999917602717423,0.999915746332806,0.999913425818717,0.99991053054413,0.99990691173938,0.999902364984307,0.999896602320842,0.99988920620007,0.999879550132956,0.999866654917461,0.999848911853985,0.999823508624452,0.999785120731601,0.999722537531264,0.999608355696271,0.999358499105748,0.998588754823365,0.992620245525878,0.974090606180468,0.998600614514156,0.999616225459672,0.999843072512938,0.99992311260376,0.999958343092167,0.999975995508936,0.999985611141477,0.999991154693115,0.999994479061238,0.999996527723144,0.99999781332905,0.999998628841149,0.999999148461275,0.99999947908202,0.999999687935382,0.999999818117485,0.999999897634815,0.999999944844579,0.99999997181648,0.999999986459307,0.999999993893729,0.999999997354203,0.999999998790598,0.999999999274778,0.999999999278437,0.999999998864727,0.999999997821398,0.999999995753803,0.999999992150148,0.999999986427272,0.999999977962788,0.999999966117523,0.999999950251077,0.99999992973245,0.999999903947149,0.999999872301778,0.999999834226819,0.999999789178137,0.999999736637556,0.999999676112833,0.999999607137152,0.999999529268369,0.999999442088031,0.999999345200313,0.999999238230852,0.999999120825619,0.999998992649746,0.999998853386412,0.999998702735749,0.999998540413798,0.999998366151529,0.999998179693894,0.999997980798953,0.999997769237034,0.999997544789969,0.999997307250361,0.999997056420906,0.999996792113765,0.999996514149965,0.999996222358864,0.999995916577624,0.999995596650747,0.999995262429626,0.999994913772135,0.99999455054224,0.999994172609647,0.999993779849466,0.999993372141898,0.999992949371951,0.999992511429164,0.999992058207357,0.999991589604402,0.999991105521993,0.999990605865445,0.999990090543505,0.999989559468169,0.999989012554513,0.999988449720544,0.999987870887039,0.999987275977415,0.999986664917607,0.999986037635922,0.999985394062956,0.999984734131462,0.999984057776258,0.999983364934138,0.999982655543768,0.999981929545618,0.999981186881874,0.999980427496357,0.999979651334467,0.999978858343107,0.99997804847062,0.999977221666736,0.999976377882503,0.999975517070251,0.999974639183532,0.999973744177064,0.999972832006703,0.99997190262939,0.999970956003114,0.999969992086869,0.999969010840619,0.999968012225271,0.999966996202628,0.999965962735372,0.999964911787019,0.999963843321903,0.999962757305147,0.999961653702632,0.999960532480974,0.999959393607502,0.999958237050241,0.999957062777873,0.999955870759743,0.999954660965809,0.999953433366655,0.999952187933445,0.999950924637928,0.999949643452403,0.999948344349722,0.999947027303257,0.999945692286903,0.999944339275044,0.999942968242561,0.999941579164806,0.999940172017594,0.999938746777191,0.999937303420301,0.999935841924058,0.999934362266013,0.999932864424127,0.999931348376765,0.999929814102669,0.999928261580973,0.999926690791177,0.999925101713149,0.999923494327112,0.999921868613633
0.999676234033546,0.9996778903256,0.999679560082006,0.999681242895895,0.999682938366916,0.999684646101076,0.999686365710576,0.99968809681367,0.999689839034503,0.999691592002986,0.999693355354651,0.999695128730515,0.99969691177696,0.999698704145594,0.99970050549314,0.999702315481315,0.999704133776714,0.999705960050699,0.999707793979291,0.999709635243065,0.999711483527039,0.999713338520591,0.999715199917349,0.999717067415098,0.999718940715691,0.999720819524951,0.999722703552596,0.999724592512145,0.999726486120827,0.999728384099524,0.999730286172661,0.999732192068144,0.999734101517287,0.999736014254724,0.999737930018348,0.999739848549231,0.999741769591558,0.999743692892553,0.999745618202421,0.99974754527427,0.999749473864046,0.999751403730481,0.999753334635014,0.999755266341736,0.999757198617332,0.999759131231003,0.999761063954434,0.999762996561703,0.999764928829244,0.999766860535778,0.999768791462261,0.999770721391819,0.999772650109697,0.9997745774032,0.99977650306163,0.999778426876244,0.999780348640175,0.999782268148395,0.999784185197653,0.999786099586409,0.999788011114781,0.999789919584498,0.999791824798825,0.999793726562506,0.999795624681725,0.999797518964016,0.999799409218221,0.999801295254425,0.999803176883886,0.999805053918975,0.999806926173112,0.99980879346069,0.999810655597018,0.999812512398236,0.999814363681256,0.99981620926367,0.999818048963691,0.999819882600055,0.999821709991945,0.999823530958909,0.999825345320758,0.999827152897484,0.999828953509151,0.999830746975805,0.999832533117346,0.999834311753448,0.999836082703402,0.999837845786027,0.999839600819509,0.999841347621289,0.9998430860079,0.999844815794813,0.999846536796278,0.999848248825158,0.999849951692722,0.999851645208468,0.999853329179901,0.999855003412316,0.999856667708554,0.999858321868747,0.999859965690047,0.999861598966313,0.999863221487812,0.999864833040881,0.999866433407531,0.999868022365075,0.999869599685689,0.99987116513594,0.999872718476289,0.999874259460546,0.999875787835264,0.999877303339091,0.999878805702078,0.99988029464489,0.999881769877964,0.9998832311006,0.999884677999922,0.999886110249796,0.999887527509572,0.999888929422758,0.99989031561552,0.999891685695029,0.999893039247638,0.99989437583686,0.999895695001107,0.999896996251178,0.999898279067452,0.99989954289676,0.999900787148851,0.999902011192455,0.999903214350818,0.999904395896678,0.99990555504659,0.999906690954438,0.999907802704126,0.999908889301187,0.999909949663184,0.999910982608734,0.999911986844825,0.999912960952196,0.99991390336839,0.999914812368025,0.999915686039788,0.99991652225943,0.999917318658023,0.999918072584393,0.999918781060517,0.999919440728304,0.999920047785716,0.999920597909741,0.999921086162922,0.999921506879283,0.999921853524116,0.999922118520549,0.999922293033307,0.999922366697007,0.999922327271812,0.999922160202962,0.999921848051717,0.999921369752223,0.999920699629586,0.999919806085764,0.999918649816176,0.999917181351939,0.999915337614836,0.999913036996642,0.99991017218152,0.999906599426061,0.999902122115044,0.999896464754674,0.999889230370417,0.999879827799688,0.999867341449643,0.99985028403145,0.999826092510164,0.999790004621794,0.999732247192063,0.999629801230548,0.999416091195528,0.99881898852892,0.995459124158573,0.823510954479957,0.997812671279537,0.99948665729277,0.999801059422285,0.999904770199756,0.999948891546703,0.999970589915201,0.999982293614069,0.999989014548004,0.999993047564501,0.999995544454904,0.999997124707699,0.999998139855471,0.999998797989251,0.999999226503589,0.999999505506124,0.999999686440381,0.999999802874512,0.999999876960271,0.99999992341052,0.999999952009099,0.999999969228507,0.999999979291915,0.999999984881648,0.999999987618461,0.999999988389631,0.999999987575872,0.999999985209626,0.999999981086207,0.999999974842259,0.999999966011323,0.999999954063253,0.999999938432107,0.999999918535871,0.999999893790262,0.999999863618266,0.999999827456629,0.999999784760121,0.999999735004186,0.99999967768646,0.999999612327442,0.999999538470596,0.999999455682043,0.999999363549954,0.999999261683793,0.999999149713399,0.999999027288052,0.999998894075459,0.999998749760776,0.999998594045622,0.999998426647126,0.999998247297017,0.999998055740739,0.999997851736626,0.999997635055114,0.999997405477989,0.999997162797704,0.999996906816711,0.99999663734686,0.999996354208814,0.999996057231527,0.999995746251725,0.999995421113456,0.99999508166765,0.999994727771707,0.999994359289119,0.999993976089127,0.999993578046371,0.9999931650406,0.999992736956379,0.999992293682818,0.999991835113323,0.999991361145359,0.999990871680239,0.999990366622911,0.999989845881762,0.99998930936846,0.99998875699776,0.99998818868736,0.999987604357759,0.999987003932104,0.999986387336064,0.999985754497725,0.999985105347442,0.999984439817766,0.999983757843325,0.999983059360719,0.99998234430846,0.999981612626852,0.999980864257937,0.999980099145415,0.999979317234561,0.999978518472169,0.999977702806484,0.999976870187147,0.999976020565136,0.999975153892705,0.999974270123346,0.99997336921173,0.99997245111367,0.999971515786074,0.9999705631869,0.999969593275125,0.999968606010698,0.999967601354525,0.999966579268406,0.999965539715027,0.999964482657918,0.999963408061434,0.999962315890718,0.99996120611168,0.999960078690966,0.999958933595947,0.999957770794682,0.999956590255911,0.999955391949016,0.999954175844019,0.999952941911554,0.999951690122848,0.999950420449718,0.999949132864528,0.999947827340194,0.999946503850171,0.999945162368417,0.999943802869404,0.999942425328091,0.999941029719913,0.999939616020767,0.999938184207009,0.999936734255429,0.999935266143253,0.999933779848124,0.999932275348101,0.999930752621634,0.999929211647574,0.999927652405144,0.999926074873949,0.999924479033958,0.999922864865491,0.999921232349224
0.999673478653711,0.999675177467463,0.999676889093209,0.999678613135859,0.999680349206526,0.99968209692239,0.999683855906523,0.999685625787769,0.999687406200606,0.999689196785003,0.999690997186298,0.999692807055074,0.999694626047029,0.999696453822875,0.999698290048206,0.999700134393395,0.999701986533485,0.999703846148089,0.999705712921272,0.999707586541477,0.999709466701401,0.999711353097917,0.99971324543198,0.999715143408533,0.99971704673642,0.999718955128305,0.99972086830059,0.999722785973319,0.99972470787012,0.99972663371811,0.999728563247832,0.999730496193166,0.999732432291268,0.999734371282498,0.999736312910342,0.99973825692135,0.999740203065065,0.999742151093966,0.999744100763385,0.999746051831462,0.999748004059069,0.999749957209755,0.999751911049683,0.999753865347564,0.999755819874612,0.999757774404468,0.999759728713153,0.999761682579003,0.999763635782625,0.999765588106819,0.999767539336541,0.999769489258843,0.999771437662805,0.999773384339495,0.999775329081906,0.999777271684898,0.999779211945152,0.999781149661106,0.999783084632901,0.999785016662326,0.999786945552766,0.999788871109133,0.999790793137828,0.999792711446658,0.999794625844804,0.999796536142741,0.99979844215219,0.999800343686046,0.999802240558327,0.999804132584105,0.999806019579432,0.999807901361296,0.999809777747521,0.999811648556721,0.999813513608218,0.999815372721969,0.999817225718487,0.999819072418757,0.999820912644161,0.999822746216386,0.999824572957333,0.999826392689028,0.99982820523352,0.999830010412778,0.999831808048586,0.999833597962433,0.999835379975386,0.999837153907972,0.99983891958005,0.999840676810661,0.999842425417892,0.999844165218714,0.999845896028826,0.99984761766247,0.999849329932246,0.999851032648928,0.999852725621235,0.999854408655614,0.999856081556005,0.999857744123569,0.999859396156422,0.999861037449335,0.999862667793415,0.999864286975759,0.999865894779087,0.999867490981339,0.999869075355242,0.999870647667844,0.999872207680013,0.999873755145869,0.999875289812201,0.999876811417811,0.999878319692801,0.999879814357801,0.999881295123121,0.999882761687822,0.999884213738693,0.999885650949149,0.999887072977981,0.999888479468018,0.999889870044623,0.999891244314042,0.999892601861569,0.99989394224952,0.99989526501497,0.999896569667231,0.999897855685052,0.99989912251348,0.999900369560314,0.99990159619219,0.999902801730088,0.999903985444338,0.999905146548911,0.999906284194983,0.999907397463606,0.999908485357335,0.99990954679068,0.999910580579126,0.999911585426523,0.999912559910522,0.99991350246569,0.999914411363916,0.99991528469152,0.999916120322452,0.999916915886759,0.999917668733367,0.999918375885857,0.999919033989794,0.999919639249552,0.999920187352203,0.999920673375295,0.999921091674367,0.999921435744949,0.999921698052028,0.999921869817747,0.999921940755104,0.999921898730978,0.999921729335895,0.999921415329331,0.999920935916858,0.999920265797349,0.999919373891147,0.99991822161905,0.999916760538111,0.999914929039508,0.999912647650825,0.999909812214302,0.999906283750161,0.999901872997238,0.999896316127048,0.999889235269514,0.999880071759513,0.999867967863889,0.999851545210211,0.999828460518359,0.99979443601379,0.999740899560812,0.999648335851831,0.999463201534697,0.998986425075808,0.996850000956228,0.832524051845413,0.996311984736794,0.999300912301082,0.999746404281502,0.999882005752295,0.999937464123777,0.999964152270745,0.999978375292176,0.999986495598994,0.999991362121497,0.99999438244381,0.99999630517719,0.999997551767067,0.999998370357758,0.999998912381913,0.999999272945726,0.999999513164965,0.999999673024337,0.99999977903809,0.999999848949337,0.999999894686872,0.999999924267054,0.999999943040898,0.999999954525678,0.999999960967648,0.999999963727722,0.99999996354873,0.99999996074238,0.99999995532105,0.999999947091307,0.999999935720552,0.999999920784696,0.999999901802266,0.999999878258823,0.999999849624358,0.999999815365611,0.999999774954706,0.999999727875076,0.999999673625456,0.999999611722414,0.999999541701872,0.99999946311985,0.999999375552691,0.999999278596883,0.999999171868646,0.999999055003296,0.999998927654516,0.999998789493571,0.999998640208443,0.99999847950298,0.99999830709607,0.999998122720782,0.999997926123576,0.999997717063523,0.99999749531157,0.999997260649836,0.999997012870947,0.999996751777413,0.999996477181041,0.999996188902369,0.999995886770158,0.999995570620908,0.999995240298386,0.999994895653216,0.999994536542474,0.999994162829319,0.999993774382637,0.99999337107672,0.999992952790966,0.99999251940959,0.999992070821357,0.999991606919336,0.999991127600664,0.999990632766336,0.999990122320989,0.999989596172723,0.999989054232911,0.999988496416045,0.999987922639568,0.999987332823727,0.999986726891439,0.999986104768157,0.999985466381758,0.999984811662408,0.999984140542474,0.999983452956412,0.999982748840674,0.999982028133618,0.999981290775421,0.999980536708,0.999979765874939,0.999978978221417,0.999978173694128,0.999977352241245,0.999976513812326,0.999975658358289,0.999974785831332,0.999973896184898,0.99997298937362,0.999972065353278,0.999971124080753,0.999970165513988,0.999969189611945,0.999968196334575,0.999967185642778,0.999966157498363,0.999965111864031,0.999964048703331,0.999962967980638,0.999961869661127,0.999960753710737,0.999959620096153,0.999958468784788,0.999957299744747,0.99995611294482,0.999954908354442,0.999953685943692,0.999952445683266,0.999951187544455,0.999949911499136,0.999948617519747,0.999947305579284,0.999945975651263,0.99994462770973,0.999943261729233,0.999941877684814,0.99994047555199,0.99993905530675,0.999937616925529,0.999936160385215,0.999934685663124,0.999933192736993,0.999931681584972,0.999930152185612,0.999928604517857,0.999927038561036,0.999925454294848,0.999923851699365,0.999922230755012,0.999920591442564
0.999670769769738,0.99967251017559,0.9996742627619,0.99967602714476,0.999677802946174,0.999679589793917,0.999681387321404,0.999683195167559,0.999685012976672,0.999686840398291,0.999688677087097,0.99969052270278,0.999692376909933,0.999694239377935,0.999696109780855,0.99969798779732,0.999699873110455,0.999701765407744,0.999703664380953,0.999705569726038,0.999707481143047,0.999709398336026,0.999711321012947,0.999713248885609,0.99971518166956,0.999717119084019,0.999719060851789,0.999721006699192,0.999722956355981,0.999724909555272,0.999726866033473,0.999728825530208,0.999730787788257,0.999732752553467,0.999734719574716,0.999736688603822,0.999738659395487,0.999740631707236,0.999742605299354,0.999744579934821,0.999746555379255,0.999748531400851,0.999750507770323,0.999752484260841,0.999754460647986,0.999756436709679,0.999758412226134,0.999760386979797,0.999762360755296,0.999764333339381,0.999766304520871,0.999768274090604,0.999770241841375,0.99977220756789,0.999774171066706,0.999776132136179,0.99977809057641,0.999780046189193,0.999781998777957,0.999783948147715,0.999785894105006,0.999787836457836,0.99978977501563,0.999791709589175,0.999793639990548,0.999795566033076,0.999797487531267,0.999799404300747,0.99980131615821,0.999803222921335,0.999805124408744,0.99980702043992,0.999808910835143,0.999810795415419,0.999812674002415,0.999814546418374,0.999816412486042,0.999818272028589,0.999820124869532,0.999821970832627,0.999823809741808,0.999825641421073,0.999827465694395,0.999829282385615,0.999831091318336,0.999832892315815,0.999834685200836,0.999836469795591,0.999838245921551,0.999840013399311,0.999841772048468,0.999843521687451,0.999845262133349,0.999846993201746,0.999848714706539,0.999850426459728,0.999852128271205,0.999853819948537,0.999855501296717,0.999857172117904,0.999858832211149,0.999860481372088,0.999862119392642,0.999863746060644,0.999865361159481,0.999866964467698,0.999868555758548,0.999870134799535,0.999871701351897,0.999873255170059,0.999874796001015,0.999876323583698,0.999877837648253,0.999879337915256,0.999880824094863,0.999882295885896,0.999883752974796,0.999885195034514,0.999886621723279,0.999888032683236,0.999889427538945,0.999890805895724,0.999892167337812,0.999893511426333,0.999894837697033,0.999896145657758,0.99989743478564,0.999898704523954,0.999899954278592,0.999901183414106,0.999902391249263,0.999903577052006,0.999904740033785,0.999905879343116,0.999906994058253,0.999908083178851,0.99990914561643,0.999910180183437,0.999911185580677,0.999912160382807,0.999913103021544,0.999914011766162,0.999914884700749,0.999915719697592,0.999916514385881,0.999917266114774,0.999917971909629,0.999918628419816,0.999919231856255,0.999919777916222,0.999920261692314,0.999920677561577,0.999921019049628,0.999921278662958,0.999921447680513,0.999921515892584,0.999921471271032,0.999921299548954,0.999920983679837,0.999920503134252,0.999919832974998,0.999918942625726,0.999917794209405,0.999916340272928,0.999914520620131,0.999912257823791,0.999909450736953,0.999905964898778,0.999901617984992,0.999896157099179,0.999889222139232,0.999880284393651,0.999868538887119,0.999852705255693,0.999830634716559,0.999798469223901,0.999748647667082,0.99966448620632,0.999502329755811,0.999112608850509,0.997641591735183,0.969363525592679,0.992990223069683,0.999025262221768,0.999674315008386,0.999853573961714,0.999923612165416,0.999956484065157,0.999973755014989,0.99998354069255,0.999989387800428,0.999993018976657,0.999995339212489,0.999996853518556,0.999997857415547,0.999998530530017,0.999998985439039,0.999999294461582,0.999999504980231,0.999999648519879,0.999999746293427,0.9999998126797,0.999999857455113,0.999999887254632,0.999999906545069,0.999999918283615,0.999999924369396,0.999999925956786,0.999999923675038,0.999999917783563,0.999999908282529,0.999999894992102,0.999999877609454,0.999999855749909,0.99999982897668,0.999999796822322,0.999999758804194,0.999999714435507,0.999999663233159,0.999999604723204,0.999999538444567,0.999999463951494,0.999999380815048,0.999999288623926,0.999999186984779,0.999999075522171,0.999998953878263,0.999998821712371,0.999998678700347,0.999998524533931,0.999998358920027,0.999998181579978,0.999997992248843,0.999997790674652,0.999997576617718,0.999997349849951,0.999997110154197,0.999996857323614,0.999996591161099,0.999996311478691,0.999996018097074,0.999995710845055,0.999995389559106,0.999995054082916,0.999994704266982,0.999994339968215,0.999993961049575,0.999993567379737,0.999993158832764,0.999992735287816,0.999992296628851,0.99999184274439,0.999991373527247,0.999990888874313,0.99999038868633,0.999989872867703,0.999989341326296,0.999988793973252,0.999988230722848,0.999987651492316,0.999987056201703,0.999986444773739,0.999985817133695,0.999985173209277,0.999984512930496,0.999983836229564,0.999983143040799,0.999982433300525,0.999981706946978,0.999980963920223,0.999980204162082,0.999979427616042,0.999978634227198,0.999977823942178,0.999976996709078,0.999976152477406,0.999975291198028,0.999974412823097,0.999973517306023,0.999972604601415,0.999971674665025,0.999970727453726,0.999969762925447,0.999968781039154,0.999967781754799,0.99996676503329,0.999965730836456,0.999964679127008,0.999963609868531,0.999962523025425,0.999961418562895,0.999960296446926,0.999959156644242,0.999957999122303,0.999956823849267,0.999955630793972,0.999954419925918,0.99995319121524,0.999951944632697,0.99995068014965,0.999949397738046,0.999948097370396,0.999946779019764,0.999945442659753,0.999944088264486,0.999942715808593,0.999941325267197,0.999939916615906,0.999938489830792,0.999937044888385,0.999935581765664,0.999934100440034,0.999932600889332,0.999931083091801,0.999929547026091,0.999927992671245,0.99992642000669,0.999924829012232,0.999923219668037,0.999921591954636,0.999919945852914
0.999668106050676,0.999669887155271,0.999671679828459,0.999673483696955,0.999675298393105,0.999677123554777,0.999678958825222,0.999680803852946,0.999682658291605,0.999684521799869,0.999686394041322,0.999688274684348,0.999690163402025,0.999692059872011,0.999693963776459,0.999695874801905,0.999697792639176,0.999699716983301,0.999701647533409,0.999703583992651,0.999705526068111,0.999707473470714,0.999709425915148,0.99971138311979,0.999713344806618,0.999715310701139,0.999717280532305,0.99971925403246,0.999721230937245,0.999723210985538,0.999725193919387,0.99972717948394,0.999729167427374,0.999731157500835,0.99973314945838,0.999735143056896,0.999737138056061,0.999739134218263,0.999741131308553,0.999743129094578,0.999745127346537,0.999747125837098,0.999749124341373,0.999751122636832,0.999753120503272,0.999755117722748,0.999757114079523,0.999759109360011,0.999761103352728,0.999763095848241,0.999765086639103,0.999767075519817,0.999769062286766,0.999771046738176,0.999773028674052,0.999775007896134,0.999776984207838,0.999778957414205,0.999780927321845,0.999782893738897,0.999784856474949,0.999786815341011,0.999788770149446,0.999790720713908,0.999792666849301,0.999794608371709,0.999796545098341,0.999798476847477,0.999800403438397,0.999802324691322,0.999804240427355,0.999806150468405,0.999808054637134,0.999809952756874,0.999811844651558,0.999813730145655,0.999815609064079,0.999817481232121,0.999819346475357,0.999821204619568,0.999823055490656,0.999824898914533,0.999826734717034,0.999828562723827,0.999830382760275,0.99983219465135,0.999833998221502,0.999835793294538,0.999837579693495,0.999839357240478,0.999841125756547,0.999842885061532,0.999844634973883,0.999846375310487,0.999848105886482,0.999849826515064,0.999851537007262,0.999853237171723,0.999854926814454,0.999856605738582,0.999858273744055,0.999859930627352,0.999861576181164,0.999863210194033,0.999864832449994,0.999866442728161,0.99986804080229,0.999869626440316,0.999871199403827,0.999872759447519,0.999874306318588,0.999875839756073,0.999877359490138,0.999878865241293,0.999880356719539,0.999881833623429,0.99988329563905,0.999884742438888,0.999886173680599,0.99988758900564,0.999888988037767,0.999890370381369,0.999891735619637,0.999893083312512,0.999894412994418,0.999895724171748,0.99989701632003,0.999898288880796,0.999899541258046,0.999900772814293,0.999901982866106,0.999903170679096,0.999904335462234,0.99990547636142,0.999906592452178,0.99990768273133,0.999908746107476,0.999909781390108,0.999910787277077,0.999911762340144,0.99991270500829,0.999913613548291,0.999914486042142,0.999915320360597,0.999916114132122,0.999916864706282,0.999917569110346,0.999918223997636,0.999918825585752,0.999919369582271,0.999919851094894,0.999920264522145,0.99992060341957,0.999920860334827,0.999921026603024,0.999921092090691,0.999921044872969,0.99992087082288,0.999920553083834,0.99992007138519,0.999919401144177,0.999918512273303,0.999917367575489,0.999915920553115,0.99991411236885,0.999911867555205,0.999909087837801,0.999905643046493,0.999901357407422,0.999895988282166,0.999889192119055,0.999880467867304,0.999869058769044,0.999853772910825,0.999832634300199,0.999802150333708,0.999755616872796,0.999678661691168,0.999535257346362,0.999210469310429,0.998138911193282,0.987525205372229,0.983510031898124,0.998597618124594,0.99957763685535,0.999817792079481,0.999906763907379,0.999947341906611,0.99996831210881,0.999980083038056,0.999987084427695,0.999991428265461,0.999994209372199,0.999996032797317,0.999997250154417,0.999998074155058,0.99999863772955,0.999999026170648,0.999999295385893,0.999999482650799,0.99999961314722,0.999999704048884,0.999999767135673,0.999999810501573,0.999999839691072,0.999999858467531,0.999999869340068,0.999999873929429,0.999999873224763,0.999999867765613,0.99999985777186,0.999999843237222,0.999999823996848,0.999999799776388,0.999999770227745,0.999999734955112,0.999999693533967,0.99999964552486,0.999999590483372,0.999999527967285,0.999999457541594,0.999999378782039,0.99999929127743,0.999999194631138,0.999999088461968,0.999998972404552,0.999998846109412,0.999998709242784,0.999998561486266,0.999998402536347,0.999998232103866,0.999998049913409,0.999997855702698,0.999997649221954,0.999997430233271,0.999997198510003,0.999996953836157,0.999996696005818,0.999996424822596,0.999996140099102,0.999995841656429,0.999995529323693,0.999995202937567,0.999994862341872,0.999994507387162,0.999994137930356,0.99999375383438,0.99999335496784,0.999992941204695,0.999992512423982,0.999992068509527,0.999991609349697,0.99999113483715,0.999990644868608,0.99999013934465,0.99998961816951,0.999989081250882,0.999988528499752,0.999987959830229,0.999987375159392,0.999986774407137,0.999986157496047,0.999985524351259,0.999984874900344,0.999984209073191,0.999983526801899,0.999982828020676,0.999982112665743,0.999981380675247,0.999980631989167,0.999979866549244,0.999979084298903,0.999978285183171,0.999977469148622,0.999976636143304,0.99997578611669,0.999974919019601,0.999974034804175,0.999973133423792,0.999972214833048,0.999971278987691,0.999970325844586,0.999969355361668,0.999968367497911,0.999967362213277,0.999966339468694,0.999965299226014,0.999964241447981,0.999963166098208,0.99996207314113,0.999960962541996,0.999959834266832,0.999958688282419,0.99995752455626,0.999956343056571,0.999955143752251,0.99995392661286,0.999952691608599,0.999951438710299,0.999950167889386,0.999948879117882,0.999947572368372,0.999946247614006,0.999944904828458,0.999943543985938,0.999942165061161,0.999940768029337,0.999939352866161,0.999937919547795,0.999936468050865,0.999934998352438,0.999933510430021,0.99993200426154,0.999930479825337,0.999928937100165,0.999927376065163,0.999925796699865,0.999924198984173,0.999922582898357,0.999920948423058,0.999919295539261
0.999665486228364,0.999667307172381,0.999669139091728,0.999670981623217,0.999672834409046,0.999674697096685,0.999676569338755,0.999678450792908,0.999680341121715,0.999682239992558,0.999684147077519,0.99968606205328,0.999687984601025,0.999689914406329,0.999691851159078,0.99969379455336,0.999695744287392,0.999697700063412,0.999699661587604,0.999701628570019,0.999703600724477,0.999705577768502,0.999707559423232,0.999709545413347,0.999711535467004,0.999713529315742,0.999715526694432,0.999717527341193,0.999719530997329,0.999721537407262,0.999723546318468,0.999725557481401,0.999727570649447,0.999729585578847,0.999731602028642,0.999733619760617,0.999735638539229,0.999737658131563,0.999739678307266,0.99974169883849,0.99974371949984,0.999745740068324,0.999747760323281,0.999749780046343,0.999751799021376,0.999753817034429,0.999755833873678,0.999757849329372,0.999759863193794,0.999761875261189,0.999763885327732,0.999765893191465,0.999767898652251,0.999769901511716,0.999771901573212,0.999773898641748,0.99977589252395,0.999777883028007,0.999779869963616,0.999781853141932,0.999783832375518,0.999785807478281,0.999787778265429,0.999789744553412,0.999791706159863,0.999793662903544,0.99979561460429,0.999797561082945,0.999799502161304,0.999801437662053,0.999803367408704,0.99980529122553,0.999807208937491,0.999809120370181,0.99981102534974,0.999812923702788,0.999814815256352,0.999816699837774,0.999818577274641,0.999820447394696,0.999822310025745,0.999824164995566,0.999826012131805,0.999827851261891,0.999829682212904,0.999831504811484,0.999833318883696,0.999835124254913,0.999836920749686,0.999838708191595,0.999840486403113,0.999842255205434,0.999844014418324,0.999845763859929,0.999847503346597,0.999849232692678,0.9998509517103,0.999852660209154,0.999854357996232,0.999856044875591,0.999857720648046,0.999859385110886,0.999861038057544,0.999862679277248,0.999864308554642,0.999865925669391,0.999867530395731,0.999869122501996,0.999870701750108,0.999872267895019,0.999873820684098,0.999875359856472,0.999876885142316,0.999878396262057,0.999879892925518,0.999881374830986,0.999882841664177,0.999884293097106,0.999885728786849,0.999887148374173,0.999888551482029,0.999889937713888,0.999891306651881,0.999892657854777,0.999893990855698,0.999895305159584,0.999896600240391,0.999897875537919,0.999899130454301,0.999900364350039,0.999901576539546,0.999902766286135,0.999903932796344,0.999905075213508,0.999906192610484,0.99990728398131,0.999908348231759,0.999909384168435,0.999910390486327,0.999911365754405,0.999912308399014,0.999913216684556,0.999914088691043,0.999914922287841,0.999915715102835,0.999916464486134,0.999917167467063,0.999917820703038,0.999918420418462,0.999918962331304,0.999919441564412,0.999919852537752,0.999920188836638,0.999920443049553,0.99992060656713,0.999920669331108,0.999920619518235,0.999920443138869,0.999920123522399,0.999919640650922,0.999918970286987,0.999918082818037,0.999916941705715,0.999915501375127,0.999913704296741,0.999911476882065,0.999908723599486,0.999905318356384,0.999901091570768,0.999895810241577,0.999889146256321,0.999880624153463,0.999869531340535,0.999854755950126,0.99983447604118,0.999805518677605,0.999761910778474,0.999691184906723,0.999563284344128,0.999288171716021,0.9984740294026,0.993059879079574,0.938327755357073,0.99789411019156,0.999445346794211,0.999772348294597,0.999886183285217,0.999936425346597,0.999961901929469,0.99997604430444,0.999984405675369,0.999989580968675,0.999992896028541,0.999995075873971,0.999996538607731,0.999997535791869,0.999998224074315,0.99999870377113,0.999999040610137,0.999999278462674,0.999999447046588,0.999999566720425,0.999999651541543,0.999999711259326,0.999999752639158,0.999999780356683,0.999999797610805,0.999999806549399,0.999999808568379,0.999999804523923,0.999999794884408,0.999999779839971,0.999999759382077,0.999999733361543,0.99999970153104,0.999999663576331,0.999999619139204,0.999999567834355,0.999999509261758,0.999999443015701,0.999999368691312,0.99999928588926,0.999999194219028,0.999999093301193,0.999998982768875,0.999998862268652,0.999998731461021,0.999998590020564,0.999998437635853,0.999998274009213,0.999998098856368,0.999997911905991,0.99999771289921,0.999997501589092,0.999997277740103,0.999997041127558,0.999996791537096,0.999996528764142,0.999996252613407,0.999995962898393,0.999995659440918,0.999995342070678,0.999995010624799,0.999994664947454,0.999994304889463,0.999993930307939,0.999993541065942,0.999993137032156,0.99999271808059,0.999992284090282,0.999991834945044,0.999991370533199,0.999990890747341,0.999990395484128,0.999989884644054,0.999989358131254,0.999988815853338,0.999988257721189,0.999987683648815,0.999987093553195,0.999986487354132,0.99998586497411,0.999985226338175,0.999984571373808,0.999983900010811,0.999983212181209,0.999982507819133,0.999981786860737,0.999981049244102,0.999980294909154,0.999979523797582,0.999978735852761,0.99997793101968,0.999977109244882,0.999976270476387,0.999975414663641,0.999974541757454,0.999973651709948,0.999972744474503,0.999971820005711,0.999970878259323,0.999969919192217,0.999968942762345,0.999967948928693,0.999966937651252,0.999965908890979,0.999964862609755,0.999963798770363,0.999962717336456,0.999961618272514,0.999960501543834,0.999959367116492,0.999958214957323,0.999957045033894,0.999955857314479,0.999954651768039,0.999953428364203,0.999952187073244,0.99995092786606,0.99994965071416,0.999948355589634,0.999947042465157,0.999945711313952,0.999944362109781,0.999942994826941,0.999941609440229,0.99994020592495,0.999938784256889,0.9999373444123,0.999935886367903,0.999934410100862,0.999932915588777,0.999931402809677,0.999929871742005,0.999928322364608,0.999926754656733,0.999925168598011,0.999923564168452,0.999921941348432,0.999920300118693,0.999918640460326
0.999662909093271,0.999664769049392,0.999666639405191,0.999668519807093,0.999670409906682,0.999672309360586,0.999674217830365,0.999676134982386,0.999678060487743,0.999679994022132,0.99968193526576,0.999683883903241,0.999685839623506,0.999687802119706,0.99968977108913,0.9996917462331,0.999693727256903,0.999695713869691,0.999697705784418,0.999699702717741,0.999701704389955,0.999703710524903,0.999705720849925,0.999707735095757,0.999709752996482,0.99971177428945,0.99971379871521,0.999715826017444,0.999717855942904,0.999719888241348,0.999721922665466,0.999723958970843,0.999725996915864,0.999728036261688,0.999730076772162,0.999732118213786,0.999734160355635,0.99973620296932,0.999738245828922,0.999740288710943,0.999742331394256,0.999744373660035,0.999746415291721,0.999748456074961,0.999750495797555,0.999752534249412,0.999754571222493,0.99975660651076,0.999758639910128,0.999760671218416,0.999762700235298,0.999764726762243,0.999766750602478,0.999768771560934,0.999770789444192,0.999772804060432,0.999774815219396,0.99977682273232,0.999778826411895,0.999780826072202,0.999782821528679,0.999784812598054,0.999786799098292,0.999788780848551,0.999790757669117,0.999792729381347,0.999794695807624,0.999796656771285,0.999798612096568,0.999800561608548,0.999802505133077,0.999804442496716,0.999806373526672,0.999808298050728,0.999810215897162,0.999812126894694,0.999814030872395,0.999815927659606,0.999817817085864,0.999819698980816,0.999821573174119,0.999823439495366,0.999825297773958,0.999827147839041,0.99982898951936,0.99983082264317,0.999832647038107,0.999834462531067,0.999836268948073,0.999838066114128,0.99983985385308,0.999841631987448,0.999843400338272,0.999845158724918,0.999846906964914,0.999848644873718,0.999850372264526,0.999852088948036,0.999853794732199,0.999855489421962,0.999857172818982,0.999858844721327,0.999860504923143,0.999862153214314,0.999863789380074,0.999865413200612,0.999867024450614,0.999868622898798,0.999870208307397,0.999871780431599,0.999873339018922,0.999874883808577,0.999876414530723,0.999877930905693,0.999879432643125,0.999880919441026,0.999882390984729,0.999883846945778,0.999885286980657,0.999886710729448,0.999888117814293,0.999889507837736,0.999890880380875,0.999892235001303,0.999893571230845,0.999894888573012,0.999896186500191,0.999897464450486,0.999898721824183,0.999899957979804,0.99990117222963,0.999902363834723,0.999903531999231,0.999904675863983,0.999905794499205,0.999906886896242,0.999907951958082,0.999908988488544,0.999909995179832,0.999910970598223,0.999911913167522,0.999912821149876,0.999913692623444,0.99991452545632,0.999915317275953,0.999916065433129,0.999916766959371,0.999917418516319,0.999918016335289,0.999918556144736,0.999919033082688,0.999919441590509,0.999919775283118,0.999920026789471,0.999920187555113,0.999920247595948,0.999920195188713,0.999920016478579,0.999919694977055,0.999919210913168,0.99991854038595,0.999917654244438,0.999916516588652,0.999915082735204,0.999913296413883,0.999911085838919,0.999908358099383,0.999904990980909,0.99990082076031,0.999895623501584,0.999889085515273,0.999880755053622,0.99986996006364,0.999855661309228,0.999836174655449,0.999808608021692,0.999767615692281,0.999702313183298,0.999587379213607,0.999351092897826,0.998711953384753,0.995471652171878,0.5442414622702,0.99663980043119,0.999259818023583,0.999714006530088,0.999860912077659,0.999923360766576,0.999954350202783,0.999971332276549,0.999981297963865,0.999987443626176,0.999991377053552,0.999993967417032,0.999995711735221,0.999996907228207,0.999997738193637,0.99999832234559,0.99999873672197,0.999999032755771,0.999999245345241,0.999999398474648,0.999999508787344,0.999999587908343,0.999999643983988,0.999999682720443,0.99999970809503,0.999999722850093,0.999999728840111,0.999999727278197,0.99999971891288,0.999999704155867,0.999999683175065,0.999999655962701,0.999999622385454,0.999999582221479,0.999999535187829,0.999999480960773,0.999999419190881,0.999999349514158,0.999999271560268,0.999999184958545,0.999999089342344,0.999998984352156,0.999998869637776,0.999998744859753,0.999998609690326,0.999998463813941,0.999998306927487,0.9999981387403,0.999997958974012,0.999997767362288,0.999997563650473,0.999997347595184,0.999997118963891,0.99999687753444,0.999996623094596,0.999996355441582,0.99999607438161,0.999995779729438,0.999995471307941,0.999995148947679,0.999994812486507,0.999994461769194,0.999994096647042,0.99999371697756,0.999993322624124,0.999992913455666,0.999992489346386,0.999992050175477,0.999991595826852,0.999991126188909,0.999990641154299,0.999990140619696,0.999989624485606,0.999989092656162,0.999988545038949,0.999987981544826,0.999987402087769,0.99998680658472,0.999986194955433,0.999985567122359,0.999984923010495,0.999984262547279,0.999983585662476,0.999982892288064,0.999982182358143,0.999981455808827,0.999980712578171,0.99997995260607,0.99997917583419,0.999978382205889,0.99997757166614,0.999976744161472,0.999975899639901,0.999975038050871,0.999974159345193,0.999973263474997,0.999972350393672,0.999971420055826,0.99997047241723,0.999969507434785,0.999968525066469,0.999967525271302,0.999966508009311,0.999965473241488,0.999964420929761,0.999963351036957,0.999962263526777,0.999961158363755,0.999960035513246,0.999958894941384,0.999957736615068,0.999956560501921,0.999955366570294,0.999954154789219,0.999952925128392,0.999951677558164,0.999950412049507,0.999949128574014,0.99994782710386,0.999946507611792,0.999945170071128,0.999943814455718,0.999942440739945,0.999941048898696,0.999939638907372,0.999938210741848,0.999936764378479,0.999935299794077,0.999933816965904,0.999932315871664,0.999930796489484,0.999929258797905,0.999927702775885,0.999926128402765,0.999924535658287,0.999922924522563,0.999921294976076,0.999919646999673,0.999917980574558
0.999660373490658,0.9996622716617,0.999664179673457,0.999666097181526,0.999668023846444,0.999669959333578,0.999671903313014,0.999673855459465,0.999675815452152,0.999677782974725,0.999679757715159,0.99968173936566,0.999683727622581,0.999685722186324,0.999687722761266,0.999689729055668,0.999691740781596,0.999693757654835,0.999695779394826,0.999697805724577,0.999699836370589,0.999701871062793,0.999703909534471,0.999705951522188,0.999707996765729,0.999710045008025,0.999712095995093,0.999714149475973,0.999716205202657,0.999718262930041,0.999720322415853,0.999722383420597,0.999724445707504,0.999726509042456,0.999728573193945,0.999730637933018,0.999732703033208,0.999734768270494,0.999736833423242,0.999738898272156,0.999740962600217,0.999743026192649,0.99974508883684,0.999747150322329,0.999749210440717,0.999751268985649,0.999753325752745,0.999755380539558,0.999757433145532,0.999759483371932,0.99976153102182,0.999763575899995,0.999765617812941,0.99976765656878,0.999769691977235,0.999771723849561,0.999773751998511,0.999775776238281,0.999777796384458,0.999779812253978,0.999781823665053,0.999783830437154,0.999785832390922,0.999787829348142,0.999789821131675,0.999791807565402,0.999793788474177,0.999795763683756,0.999797733020747,0.999799696312552,0.999801653387294,0.999803604073759,0.999805548201332,0.999807485599919,0.999809416099892,0.999811339531996,0.999813255727293,0.999815164517066,0.999817065732751,0.999818959205837,0.999820844767794,0.999822722249961,0.999824591483461,0.999826452299093,0.999828304527227,0.999830147997688,0.99983198253964,0.999833807981455,0.999835624150583,0.999837430873413,0.999839227975126,0.999841015279528,0.999842792608892,0.999844559783776,0.999846316622832,0.99984806294261,0.999849798557334,0.999851523278678,0.999853236915515,0.999854939273658,0.999856630155574,0.99985830936008,0.999859976682009,0.999861631911879,0.999863274835486,0.999864905233511,0.999866522881082,0.999868127547272,0.999869718994607,0.999871296978484,0.99987286124657,0.999874411538126,0.999875947583294,0.999877469102293,0.999878975804566,0.999880467387825,0.999881943537026,0.999883403923218,0.999884848202309,0.999886276013677,0.999887686978657,0.999889080698884,0.999890456754405,0.999891814701659,0.999893154071182,0.999894474365074,0.999895775054168,0.999897055574885,0.999898315325697,0.999899553663162,0.999900769897486,0.999901963287505,0.999903133035017,0.999904278278397,0.999905398085307,0.999906491444443,0.999907557256096,0.999908594321363,0.999909601329754,0.999910576844945,0.999911519288311,0.999912426919842,0.999913297815963,0.999914129843631,0.99991492062998,0.999915667526608,0.999916367567369,0.999917017418256,0.999917613317607,0.999918151004432,0.999918625631977,0.999919031662952,0.999919362741707,0.99991961153733,0.999919769549655,0.999919826867739,0.999919771866713,0.999919590824096,0.999919267429785,0.999918782154084,0.999918111424009,0.999917226537356,0.999916092213039,0.999914664629381,0.99991288872944,0.999910694458021,0.999907991409993,0.99990466106274,0.999900545242107,0.999895428548611,0.999889010785074,0.9998808622159,0.999870348074646,0.999856495194268,0.999837743106093,0.999811447505685,0.999772804051066,0.999712254068836,0.99960827662065,0.999402899424471,0.998887832829047,0.996747655019762,0.921601743262898,0.994126734650206,0.99899157169591,0.999638139165345,0.999829687322675,0.999907679822805,0.999945445783984,0.999965837953047,0.999977699136554,0.999984977990076,0.999989627453316,0.999992690279694,0.999994757291912,0.999996179420532,0.999997173214863,0.999997876541446,0.999998379463078,0.999998742078813,0.999999005199876,0.999999196934972,0.999999336860849,0.999999438725152,0.999999512234051,0.999999564255942,0.999999599645009,0.999999621812677,0.999999633129215,0.999999635209109,0.999999629115898,0.999999615510461,0.999999594759226,0.999999567013629,0.99999953226881,0.999999490407155,0.999999441230729,0.999999384485471,0.999999319879289,0.999999247095583,0.999999165803323,0.999999075664565,0.999998976339991,0.999998867492968,0.999998748792506,0.999998619915318,0.99999848054728,0.999998330384369,0.999998169133226,0.999997996511459,0.999997812247729,0.999997616081658,0.999997407763679,0.999997187054732,0.999996953725962,0.999996707558356,0.999996448342351,0.999996175877443,0.999995889971788,0.99999559044179,0.999995277111727,0.999994949813354,0.999994608385533,0.999994252673887,0.999993882530444,0.999993497813321,0.999993098386404,0.999992684119055,0.999992254885833,0.999991810566221,0.999991351044382,0.999990876208918,0.999990385952636,0.999989880172348,0.999989358768663,0.999988821645798,0.999988268711405,0.999987699876392,0.999987115054773,0.999986514163517,0.999985897122401,0.999985263853887,0.99998461428298,0.999983948337128,0.999983265946096,0.99998256704187,0.999981851558545,0.99998111943224,0.999980370601017,0.999979605004773,0.999978822585177,0.999978023285598,0.999977207051023,0.999976373827994,0.99997552356454,0.999974656210128,0.99997377171559,0.99997287003308,0.999971951116022,0.999971014919046,0.999970061397969,0.99996909050972,0.999968102212326,0.999967096464847,0.999966073227362,0.99996503246091,0.999963974127474,0.999962898189938,0.99996180461206,0.999960693358441,0.999959564394495,0.999958417686428,0.999957253201202,0.999956070906524,0.99995487077081,0.999953652763167,0.999952416853375,0.999951163011866,0.999949891209698,0.99994860141854,0.999947293610654,0.999945967758888,0.999944623836636,0.999943261817847,0.999941881676993,0.999940483389064,0.999939066929546,0.999937632274422,0.999936179400137,0.999934708283602,0.999933218902191,0.999931711233699,0.999930185256357,0.999928640948817,0.999927078290135,0.99992549725976,0.99992389783754,0.999922280003694,0.999920643738813,0.999918989023854,0.999917315840126
0.999657878317091,0.999659813934273,0.999661758849054,0.999663712725783,0.999665675233546,0.999667646046059,0.999669624841566,0.999671611302741,0.999673605116598,0.999675605974392,0.999677613571538,0.999679627607509,0.999681647785768,0.999683673813675,0.9996857054024,0.999687742266862,0.999689784125625,0.999691830700854,0.999693881718213,0.999695936906806,0.999697995999115,0.999700058730904,0.999702124841184,0.999704194072121,0.999706266168987,0.999708340880087,0.999710417956707,0.999712497153039,0.999714578226134,0.999716660935833,0.999718745044721,0.999720830318058,0.99972291652373,0.999725003432197,0.999727090816422,0.999729178451843,0.999731266116299,0.999733353589993,0.999735440655428,0.999737527097366,0.99973961270277,0.999741697260764,0.999743780562572,0.99974586240148,0.999747942572782,0.999750020873731,0.999752097103492,0.9997541710631,0.999756242555402,0.999758311385016,0.999760377358284,0.999762440283227,0.999764499969485,0.999766556228284,0.999768608872381,0.99977065771602,0.999772702574874,0.999774743266012,0.999776779607835,0.99977881142003,0.999780838523529,0.99978286074045,0.999784877894031,0.999786889808619,0.999788896309562,0.999790897223201,0.999792892376785,0.999794881598423,0.999796864717035,0.99979884156227,0.999800811964461,0.999802775754559,0.999804732764066,0.999806682824955,0.999808625769621,0.999810561430792,0.999812489641454,0.99981441023479,0.99981632304407,0.999818227902584,0.999820124643553,0.999822013100024,0.999823893104787,0.999825764490255,0.99982762708837,0.999829480730491,0.999831325247254,0.999833160468472,0.999834986222986,0.999836802338525,0.999838608641567,0.999840404957163,0.999842191108789,0.999843966918152,0.999845732205003,0.999847486786942,0.999849230479194,0.999850963094373,0.999852684442245,0.999854394329466,0.999856092559276,0.999857778931217,0.999859453240788,0.999861115279107,0.999862764832508,0.999864401682158,0.999866025603583,0.999867636366205,0.999869233732819,0.999870817459021,0.999872387292596,0.999873942972854,0.999875484229893,0.999877010783817,0.999878522343856,0.999880018607428,0.999881499259088,0.999882963969403,0.999884412393683,0.999885844170614,0.999887258920728,0.999888656244732,0.999890035721653,0.999891396906769,0.999892739329344,0.99989406249007,0.999895365858256,0.99989664886866,0.999897910917958,0.999899151360781,0.999900369505285,0.999901564608116,0.999902735868782,0.999903882423231,0.999905003336628,0.999906097595084,0.999907164096255,0.999908201638591,0.999909208908998,0.999910184468635,0.999911126736545,0.999912033970673,0.999912904245825,0.999913735427938,0.999914525143958,0.999915270746429,0.999915969271657,0.999916617390103,0.999917211347236,0.999917746892689,0.999918219194949,0.999918622738019,0.999918951195505,0.999919197276271,0.999919352533834,0.999919407129411,0.999919349534949,0.999919166157927,0.999918840862989,0.999918354356255,0.999917683384515,0.999916799681969,0.99991566856777,0.999914247053506,0.999912481251722,0.999910302769497,0.999907623599287,0.999904328735501,0.999900265264538,0.999895225834646,0.999888922886916,0.999880947150897,0.999870698221271,0.999857263174667,0.999839192854654,0.999814062401382,0.999777537067352,0.999721176650559,0.99962654290985,0.99944616681521,0.999022091759792,0.997510190832462,0.976825622955287,0.988078813263236,0.998588520644069,0.999537964186873,0.999790821311156,0.999888790273848,0.999934931318487,0.99995943193095,0.999973536851456,0.999982140229339,0.999987618940388,0.999991225253979,0.999993661678731,0.999995342398912,0.99999652160943,0.999997360527873,0.999997964217482,0.99999840270703,0.999998723553955,0.999998959555681,0.999999133613601,0.999999261875033,0.999999355805874,0.99999942358345,0.999999471048121,0.999999502363012,0.999999520477421,0.999999527456188,0.999999524716196,0.999999513197818,0.999999493490189,0.999999465923427,0.999999430636928,0.999999387630225,0.999999336801025,0.999999277973737,0.999999210920954,0.999999135379616,0.999999051063195,0.999998957670864,0.999998854894365,0.999998742423149,0.999998619948183,0.999998487164724,0.999998343774339,0.999998189486312,0.999998024018598,0.999997847098444,0.999997658462725,0.999997457858096,0.999997245040988,0.999997019777494,0.999996781843168,0.999996531022791,0.999996267110053,0.99999598990725,0.999995699224937,0.999995394881598,0.999995076703282,0.999994744523281,0.99999439818178,0.999994037525533,0.999993662407543,0.999993272686771,0.999992868227824,0.999992448900683,0.999992014580437,0.999991565147032,0.999991100485019,0.999990620483333,0.999990125035072,0.999989614037292,0.999989087390815,0.999988545000038,0.999987986772766,0.999987412620042,0.999986822455994,0.999986216197686,0.999985593764987,0.999984955080425,0.999984300069078,0.999983628658449,0.999982940778358,0.999982236360834,0.999981515340022,0.999980777652085,0.999980023235117,0.999979252029058,0.999978463975622,0.999977659018211,0.999976837101847,0.999975998173118,0.999975142180096,0.999974269072285,0.999973378800565,0.999972471317137,0.999971546575466,0.999970604530246,0.999969645137331,0.999968668353715,0.999967674137476,0.999966662447737,0.999965633244631,0.999964586489267,0.999963522143691,0.999962440170856,0.999961340534588,0.99996022319956,0.999959088131263,0.999957935295974,0.99995676466074,0.999955576193342,0.99995436986228,0.999953145636745,0.999951903486605,0.999950643382374,0.999949365295201,0.999948069196848,0.999946755059669,0.999945422856604,0.99994407256114,0.999942704147324,0.999941317589725,0.99993991286343,0.999938489944032,0.999937048807602,0.9999355894307,0.999934111790338,0.999932615863983,0.999931101629545,0.999929569065359,0.999928018150183,0.999926448863176,0.999924861183903,0.999923255092314,0.999921630568738,0.999919987593879,0.999918326148801,0.999916646214922
0.999655422517213,0.99965739483857,0.99965937592946,0.999661365462604,0.999663363115257,0.999665368569124,0.999667381510245,0.999669401628925,0.999671428619629,0.999673462180903,0.999675502015289,0.999677547829234,0.999679599333014,0.999681656240661,0.999683718269875,0.999685785141953,0.99968785658172,0.99968993231745,0.999692012080803,0.999694095606742,0.99969618263349,0.999698272902438,0.999700366158102,0.999702462148045,0.999704560622821,0.999706661335914,0.999708764043681,0.99971086850529,0.99971297448266,0.999715081740415,0.999717190045812,0.999719299168707,0.999721408881484,0.999723518959006,0.999725629178579,0.999727739319867,0.999729849164879,0.999731958497894,0.999734067105416,0.999736174776132,0.999738281300859,0.999740386472496,0.999742490085971,0.999744591938209,0.999746691828068,0.999748789556301,0.999750884925509,0.999752977740091,0.999755067806202,0.999757154931707,0.999759238926127,0.999761319600602,0.999763396767844,0.999765470242079,0.999767539839017,0.999769605375792,0.999771666670919,0.999773723544249,0.999775775816915,0.999777823311288,0.999779865850923,0.999781903260513,0.999783935365835,0.999785961993698,0.999787982971892,0.999789998129132,0.999792007295004,0.9997940102999,0.999796006974979,0.999797997152085,0.999799980663701,0.999801957342879,0.99980392702317,0.999805889538573,0.999807844723441,0.99980979241243,0.999811732440408,0.999813664642387,0.999815588853435,0.999817504908589,0.999819412642772,0.999821311890697,0.999823202486762,0.999825084264966,0.999826957058773,0.99982882070102,0.999830675023797,0.999832519858304,0.999834355034736,0.999836180382124,0.999837995728203,0.999839800899238,0.99984159571987,0.999843380012917,0.999845153599205,0.999846916297343,0.999848667923528,0.999850408291289,0.999852137211257,0.99985385449089,0.999855559934185,0.999857253341381,0.999858934508616,0.999860603227583,0.999862259285143,0.999863902462908,0.999865532536797,0.999867149276554,0.999868752445227,0.999870341798592,0.999871917084541,0.999873478042408,0.999875024402253,0.999876555884036,0.99987807219677,0.99987957303757,0.999881058090588,0.999882527025895,0.99988397949821,0.999885415145515,0.999886833587544,0.999888234424089,0.999889617233147,0.999890981568858,0.999892326959212,0.999893652903522,0.999894958869575,0.999896244290491,0.999897508561179,0.999898751034372,0.999899971016198,0.999901167761169,0.999902340466522,0.999903488265854,0.999904610221864,0.999905705318147,0.99990677244979,0.999907810412675,0.999908817891173,0.999909793444023,0.999910735488033,0.999911642279207,0.999912511890843,0.999913342187966,0.999914130797468,0.999914875072956,0.99991557205331,0.999916218413571,0.999916810406433,0.999917343792229,0.999917813754688,0.999918214799044,0.999918540627996,0.999918783989824,0.999918936491122,0.999918988364279,0.999918928176543,0.999918742462989,0.999918415259492,0.999917927502679,0.999917256251202,0.999916373663783,0.999915245641907,0.999913830003274,0.999912073988248,0.999909910801499,0.999907254731047,0.999903994124449,0.999899981059725,0.999895015780178,0.999888822580316,0.999881011245655,0.99987101309489,0.999857970262198,0.999840534070715,0.999816474727736,0.999781866797749,0.999729219951918,0.999642620981614,0.999482750842118,0.999127293429653,0.998005584823178,0.988826593452621,0.967903143799646,0.997952047371439,0.99940325473757,0.999742023699165,0.999865935995267,0.999922491089618,0.999951959872513,0.999968726620131,0.999978879980682,0.999985319432385,0.999989550786546,0.99999240977187,0.999994385159522,0.999995775122348,0.999996767947892,0.999997485977999,0.999998010618071,0.999998397119992,0.999998683608622,0.999998896750749,0.999999055404145,0.999999173017812,0.999999259241398,0.99999932102282,0.999999363368376,0.999999389876246,0.999999403115576,0.999999404898762,0.999999396478931,0.999999378694433,0.999999352075357,0.999999316922613,0.999999273366959,0.999999221413313,0.999999160974139,0.999999091894686,0.999999013972111,0.999998926970015,0.999998830629445,0.999998724677257,0.999998608832446,0.999998482810907,0.999998346329002,0.9999981991062,0.99999804086702,0.999997871342415,0.999997690270732,0.999997497398353,0.999997292480089,0.99999707527938,0.999996845568354,0.999996603127776,0.999996347746902,0.999996079223308,0.999995797362647,0.999995501978384,0.999995192891517,0.999994869930294,0.999994532929894,0.999994181732158,0.999993816185273,0.999993436143493,0.999993041466866,0.999992632020941,0.999992207676527,0.999991768309438,0.999991313800242,0.999990844034044,0.999990358900253,0.999989858292393,0.999989342107886,0.999988810247876,0.999988262617043,0.999987699123443,0.999987119678341,0.999986524196061,0.999985912593842,0.999985284791707,0.999984640712322,0.999983980280898,0.999983303425047,0.999982610074693,0.999981900161965,0.999981173621096,0.999980430388336,0.999979670401858,0.999978893601677,0.99997809992958,0.999977289329042,0.999976461745156,0.999975617124576,0.999974755415441,0.999973876567325,0.999972980531177,0.999972067259261,0.999971136705119,0.999970188823503,0.999969223570349,0.999968240902716,0.999967240778756,0.999966223157668,0.999965187999657,0.999964135265913,0.999963064918556,0.999961976920622,0.999960871236017,0.999959747829498,0.999958606666636,0.999957447713801,0.999956270938121,0.999955076307469,0.999953863790432,0.999952633356298,0.999951384975023,0.999950118617214,0.999948834254122,0.999947531857598,0.999946211400098,0.999944872854658,0.999943516194872,0.99994214139488,0.999940748429357,0.999939337273493,0.999937907902983,0.999936460294009,0.999934994423226,0.999933510267762,0.999932007805189,0.999930487013522,0.99992894787121,0.999927390357111,0.999925814450505,0.999924220131061,0.999922607378839,0.999920976174284,0.999919326498207,0.999917658331791,0.999915971656558
0.999653005080787,0.999655013389682,0.999657029954378,0.999659054455591,0.999661086578397,0.999663126012141,0.999665172450338,0.999667225590597,0.999669285134532,0.999671350787678,0.999673422259409,0.999675499262861,0.999677581514863,0.999679668735843,0.999681760649768,0.999683856984081,0.999685957469608,0.999688061840511,0.999690169834208,0.999692281191308,0.999694395655555,0.999696512973758,0.999698632895738,0.999700755174253,0.999702879564951,0.999705005826311,0.999707133719577,0.999709263008715,0.999711393460348,0.999713524843704,0.999715656930564,0.999717789495216,0.999719922314387,0.999722055167205,0.999724187835155,0.999726320102004,0.99972845175378,0.999730582578711,0.999732712367172,0.999734840911648,0.999736968006682,0.99973909344883,0.999741217036613,0.99974333857047,0.999745457852715,0.999747574687497,0.99974968888074,0.999751800240111,0.999753908574968,0.999756013696323,0.999758115416784,0.999760213550519,0.99976230791321,0.999764398322005,0.999766484595473,0.999768566553561,0.999770644017536,0.999772716809957,0.999774784754606,0.99977684767646,0.999778905401626,0.999780957757302,0.999783004571719,0.999785045674097,0.999787080894584,0.999789110064209,0.999791133014826,0.999793149579059,0.999795159590232,0.999797162882327,0.999799159289918,0.999801148648097,0.999803130792422,0.999805105558842,0.999807072783632,0.999809032303315,0.99981098395459,0.999812927574253,0.999814862999116,0.999816790065916,0.999818708611239,0.999820618471407,0.999822519482398,0.999824411479731,0.999826294298368,0.999828167772587,0.999830031735874,0.999831886020792,0.999833730458839,0.999835564880326,0.999837389114201,0.99983920298791,0.999841006327222,0.999842798956041,0.999844580696226,0.999846351367376,0.99984811078662,0.999849858768374,0.999851595124108,0.999853319662057,0.999855032186949,0.999856732499692,0.999858420397043,0.999860095671249,0.999861758109662,0.999863407494333,0.999865043601549,0.99986666620136,0.999868275057045,0.999869869924546,0.999871450551847,0.999873016678299,0.999874568033896,0.999876104338458,0.999877625300771,0.999879130617625,0.999880619972778,0.999882093035794,0.999883549460797,0.999884988885071,0.999886410927549,0.999887815187108,0.99988920124073,0.99989056864141,0.999891916915894,0.999893245562115,0.999894554046367,0.999895841800148,0.999897108216618,0.999898352646649,0.999899574394376,0.999900772712199,0.999901946795145,0.999903095774489,0.999904218710534,0.999905314584403,0.999906382288689,0.999907420616773,0.999908428250574,0.9999094037465,0.999910345519213,0.999911251822878,0.999912120729385,0.99991295010298,0.999913737570599,0.999914480487032,0.999915175893861,0.999915820470811,0.999916410477884,0.999916941686167,0.999917409294658,0.999917807829748,0.99991813102304,0.999918371661885,0.999918521405353,0.999918570556045,0.999918507774989,0.999918319722593,0.999917990602511,0.999917501576758,0.999916830008185,0.99991594846861,0.999914823424677,0.999913413474233,0.999911666945804,0.999909518580338,0.999906884865144,0.999903657347091,0.999899692844809,0.999894798776878,0.999888710568767,0.999881055775941,0.999871295058559,0.999858620978584,0.99984177580751,0.999818703753036,0.999785837774163,0.999736499243214,0.999656861692567,0.999514018547529,0.999211531519662,0.998347609688767,0.993270984669282,0.83570582376523,0.99687796956334,0.999218063945912,0.999680131894188,0.999838141409311,0.999907735055998,0.99994323678257,0.999963169403906,0.999975139211539,0.999982692462113,0.999987642649271,0.999990984727394,0.999993295542833,0.999994924692977,0.999996091864995,0.99999693930912,0.999997561465481,0.99999802236017,0.999998366168736,0.999998623820047,0.999998817230998,0.99999896208337,0.999999069681077,0.999999148214374,0.999999203633991,0.999999240264112,0.999999261237643,0.999999268808821,0.999999264580034,0.999999249667852,0.999999224825627,0.999999190534602,0.999999147072107,0.999999094562871,0.999999033017821,0.999998962363518,0.999998882464588,0.999998793140842,0.999998694180357,0.99999858534949,0.999998466400512,0.999998337077458,0.999998197120549,0.999998046269559,0.999997884266312,0.999997710856557,0.999997525791323,0.999997328827889,0.999997119730441,0.999996898270507,0.999996664227199,0.999996417387324,0.999996157545387,0.999995884503513,0.999995598071311,0.999995298065685,0.99999498431065,0.999994656637062,0.999994314882401,0.999993958890507,0.999993588511328,0.999993203600656,0.999992804019885,0.999992389635762,0.999991960320136,0.99999151594974,0.999991056405957,0.999990581574605,0.999990091345731,0.999989585613418,0.999989064275592,0.99998852723383,0.999987974393219,0.999987405662159,0.999986820952231,0.999986220178043,0.999985603257092,0.999984970109628,0.99998432065853,0.999983654829193,0.999982972549411,0.999982273749265,0.999981558361038,0.999980826319098,0.999980077559821,0.999979312021509,0.999978529644289,0.99997773037006,0.999976914142404,0.999976080906514,0.999975230609143,0.999974363198527,0.999973478624335,0.999972576837608,0.999971657790706,0.999970721437253,0.999969767732099,0.999968796631268,0.99996780809191,0.999966802072264,0.999965778531617,0.999964737430279,0.999963678729518,0.99996260239155,0.999961508379501,0.999960396657379,0.999959267190024,0.999958119943113,0.999956954883104,0.999955771977227,0.99995457119345,0.999953352500462,0.999952115867645,0.99995086126506,0.999949588663417,0.999948298034064,0.99994698934896,0.999945662580667,0.999944317702318,0.999942954687617,0.999941573510813,0.999940174146686,0.999938756570535,0.999937320758162,0.999935866685856,0.999934394330387,0.99993290366899,0.999931394679349,0.999929867339591,0.999928321628275,0.999926757524377,0.999925175007282,0.999923574056774,0.999921954653033,0.99992031677661,0.999918660408436,0.999916985529805,0.999915292122355
0.999650625039966,0.999652668643745,0.999654720003227,0.999656778806789,0.999658844746999,0.999660917520521,0.999662996828036,0.999665082374161,0.999667173867362,0.999669271019877,0.999671373547648,0.999673481170235,0.999675593610747,0.999677710595777,0.999679831855319,0.999681957122711,0.999684086134565,0.999686218630699,0.999688354354078,0.999690493050748,0.999692634469773,0.999694778363184,0.99969692448591,0.999699072595719,0.999701222453174,0.99970337382157,0.999705526466873,0.999707680157673,0.999709834665139,0.999711989762945,0.999714145227244,0.9997163008366,0.999718456371946,0.999720611616529,0.999722766355875,0.999724920377722,0.999727073471985,0.999729225430714,0.999731376048032,0.999733525120101,0.999735672445071,0.999737817823041,0.999739961056009,0.999742101947826,0.999744240304157,0.999746375932436,0.999748508641809,0.99975063824312,0.999752764548833,0.999754887373005,0.999757006531244,0.999759121840657,0.999761233119814,0.999763340188693,0.999765442868644,0.999767540982337,0.999769634353725,0.999771722807986,0.999773806171486,0.999775884271729,0.999777956937306,0.999780023997844,0.999782085283962,0.999784140627223,0.999786189860073,0.999788232815791,0.999790269328434,0.999792299232787,0.999794322364298,0.999796338559021,0.999798347653563,0.999800349485005,0.999802343890852,0.999804330708955,0.99980630977746,0.999808280934704,0.999810244019165,0.999812198869381,0.999814145323859,0.999816083220996,0.999818012398983,0.999819932695721,0.999821843948716,0.999823745994979,0.999825638670911,0.999827521812204,0.999829395253699,0.999831258829284,0.999833112371732,0.999834955712579,0.999836788681968,0.999838611108493,0.99984042281901,0.99984222363848,0.999844013389767,0.999845791893425,0.999847558967494,0.999849314427248,0.999851058084962,0.999852789749629,0.999854509226681,0.999856216317671,0.999857910819946,0.999859592526292,0.999861261224535,0.999862916697138,0.999864558720738,0.999866187065674,0.99986780149544,0.999869401766132,0.999870987625806,0.99987255881382,0.999874115060089,0.999875656084281,0.999877181594946,0.999878691288557,0.999880184848448,0.999881661943691,0.9998831222278,0.99988456533737,0.999885990890526,0.999887398485247,0.999888787697489,0.99989015807913,0.99989150915567,0.999892840423676,0.999894151347972,0.999895441358448,0.999896709846554,0.999897956161311,0.999899179604902,0.999900379427653,0.999901554822415,0.999902704918195,0.999903828772944,0.999904925365386,0.99990599358567,0.999907032224749,0.999908039962174,0.999909015352094,0.999909956807124,0.999910862579688,0.999911730740374,0.999912559152756,0.999913345443925,0.999914086969977,0.999914780775296,0.999915423544397,0.999916011544674,0.999916540558026,0.99991700579871,0.999917401814211,0.999917722364853,0.999917960276711,0.999918107260731,0.999918153688766,0.999918088314167,0.999917897920433,0.999917566875661,0.999917076562282,0.99991640463995,0.999915524082562,0.99991440190546,0.999912997461796,0.999911260130507,0.999909126130614,0.999906514057818,0.99990331851376,0.999899400823117,0.999894575189966,0.999888587504744,0.999881081917108,0.999871546271452,0.999859219413585,0.999842926149858,0.999820766407497,0.999789488301195,0.999743110842066,0.999669546237705,0.999540996645483,0.999280223847111,0.998594918993261,0.995409990778727,0.733096600701069,0.994889415284937,0.99895651307159,0.999600692063657,0.999804133072258,0.999890177669089,0.999933039731249,0.999956748651435,0.999970850852012,0.999979696481268,0.999985473556355,0.999989367757077,0.999992060095356,0.99999396036596,0.999995324703563,0.999996318305889,0.999997050549522,0.999997595465098,0.999998004098284,0.9999983121999,0.999998545137262,0.999998721103989,0.999998853260927,0.99999895119027,0.999999021899292,0.999999070523309,0.999999100824457,0.999999115549736,0.999999116690815,0.999999105674257,0.999999083502097,0.999999050856454,0.999999008177949,0.999998955724824,0.999998893617774,0.999998821874071,0.999998740433656,0.999998649179154,0.999998547951243,0.999998436560508,0.99999831479654,0.99999818243497,0.999998039242863,0.999997884982858,0.999997719416325,0.999997542305755,0.999997353416559,0.999997152518395,0.999996939386138,0.999996713800553,0.999996475548761,0.999996224424525,0.999995960228392,0.999995682767759,0.999995391856834,0.999995087316549,0.999994768974425,0.999994436664418,0.999994090226713,0.999993729507537,0.999993354358933,0.999992964638548,0.999992560209411,0.999992140939708,0.999991706702575,0.999991257375876,0.999990792842002,0.999990312987671,0.999989817703729,0.999989306884967,0.999988780429948,0.99998823824083,0.999987680223199,0.999987106285924,0.999986516341003,0.999985910303419,0.999985288091007,0.999984649624333,0.999983994826557,0.999983323623338,0.999982635942701,0.999981931714957,0.999981210872584,0.999980473350146,0.999979719084202,0.999978948013211,0.999978160077465,0.999977355219011,0.999976533381574,0.999975694510486,0.999974838552627,0.999973965456365,0.999973075171489,0.99997216764916,0.999971242841854,0.999970300703314,0.999969341188501,0.999968364253547,0.999967369855711,0.999966357953346,0.99996532850585,0.999964281473629,0.999963216818064,0.999962134501483,0.999961034487115,0.999959916739066,0.999958781222297,0.999957627902584,0.999956456746495,0.999955267721361,0.999954060795268,0.999952835937006,0.999951593116072,0.99995033230263,0.999949053467503,0.999947756582145,0.999946441618633,0.999945108549629,0.99994375734839,0.999942387988723,0.999941000444992,0.999939594692089,0.999938170705426,0.999936728460918,0.999935267934972,0.999933789104469,0.999932291946757,0.999930776439639,0.999929242561357,0.999927690290581,0.999926119606406,0.999924530488334,0.999922922916264,0.999921296870491,0.999919652331689,0.999917989280899,0.999916307699532,0.999914607569349
0.999648281466786,0.99965035969549,0.999652445192806,0.999654537654453,0.999656636780174,0.999658742273658,0.99966085384246,0.99966297119792,0.999665094055083,0.999667222132633,0.999669355152816,0.999671492841365,0.999673634927435,0.99967578114354,0.999677931225472,0.999680084912248,0.999682241946046,0.999684402072139,0.999686565038832,0.999688730597407,0.99969089850206,0.999693068509852,0.999695240380644,0.99969741387704,0.999699588764343,0.999701764810493,0.999703941786018,0.999706119463985,0.999708297619935,0.999710476031858,0.999712654480119,0.999714832747428,0.999717010618776,0.999719187881402,0.999721364324738,0.999723539740365,0.999725713921967,0.999727886665285,0.999730057768078,0.999732227030067,0.999734394252902,0.999736559240115,0.99973872179707,0.999740881730927,0.999743038850603,0.999745192966715,0.999747343891548,0.999749491439006,0.999751635424576,0.999753775665281,0.999755911979634,0.999758044187597,0.999760172110539,0.999762295571193,0.99976441439361,0.999766528403109,0.999768637426243,0.999770741290748,0.999772839825492,0.999774932860438,0.99977702022659,0.999779101755942,0.999781177281442,0.999783246636921,0.999785309657057,0.999787366177324,0.999789416033928,0.999791459063754,0.99979349510431,0.999795523993672,0.999797545570423,0.999799559673581,0.999801566142546,0.999803564817031,0.999805555536977,0.99980753814251,0.999809512473842,0.999811478371191,0.999813435674723,0.999815384224445,0.99981732386012,0.999819254421178,0.999821175746617,0.999823087674894,0.999824990043823,0.999826882690456,0.999828765450967,0.999830638160518,0.99983250065313,0.999834352761539,0.999836194317041,0.999838025149335,0.999839845086351,0.99984165395407,0.999843451576326,0.999845237774609,0.999847012367835,0.999848775172112,0.999850526000494,0.99985226466271,0.999853990964864,0.999855704709137,0.999857405693448,0.999859093711094,0.999860768550355,0.99986242999409,0.999864077819271,0.999865711796499,0.999867331689478,0.999868937254433,0.999870528239489,0.99987210438399,0.999873665417769,0.999875211060329,0.999876741019975,0.999878254992848,0.999879752661873,0.999881233695603,0.999882697746962,0.99988414445184,0.999885573427566,0.999886984271216,0.99988837655774,0.999889749837895,0.999891103635945,0.999892437447122,0.999893750734779,0.999895042927238,0.999896313414237,0.999897561542995,0.999898786613766,0.999899987874839,0.999901164516931,0.999902315666828,0.999903440380182,0.999904537633361,0.999905606314148,0.999906645211131,0.999907653001566,0.999908628237431,0.999909569329385,0.999910474528194,0.99991134190326,0.999912169317574,0.999912954398509,0.999913694503565,0.999914386680033,0.999915027617319,0.99991561359029,0.999916140391696,0.999916603251058,0.999916996736879,0.999917314638016,0.999917549818912,0.999917694041803,0.999917737746862,0.99991766977831,0.999917477040566,0.99991714406293,0.999916652443412,0.999915980131329,0.999915100492054,0.999913981073799,0.999912581961285,0.999910853547831,0.999908733475324,0.999906142361933,0.999902977728123,0.999899105185203,0.999894345360387,0.999888453994206,0.999881090753705,0.999871768710245,0.999859769275004,0.99984399233928,0.999822677624296,0.999792851496301,0.999749135806031,0.999680902373601,0.999564469553053,0.999337115907486,0.99878034971926,0.996611294041398,0.950156269274227,0.990664386760475,0.99857452542754,0.999497289260888,0.999762227161048,0.999869209452152,0.99992109852734,0.999949326626461,0.999965937141583,0.999976284035576,0.999983012718027,0.999987537870536,0.999990663912382,0.999992871190871,0.999994458182331,0.999995616548292,0.999996472785001,0.999997112330563,0.999997594029646,0.999997959086399,0.999998236757808,0.999998448061302,0.9999986082404,0.999998728435319,0.999998816833951,0.999998879476729,0.999998920827096,0.999998944180771,0.999998951962558,0.999998945943771,0.999998927402915,0.999998897245386,0.999998856093283,0.999998804353266,0.999998742268076,0.999998669955882,0.999998587440443,0.999998494674341,0.999998391556876,0.999998277947971,0.999998153678892,0.999998018560599,0.99999787239021,0.999997714956,0.999997546041283,0.999997365427381,0.999997172895911,0.999996968230514,0.999996751218151,0.999996521650072,0.999996279322494,0.999996024037104,0.999995755601367,0.999995473828717,0.999995178538645,0.999994869556719,0.999994546714541,0.999994209849641,0.999993858805372,0.999993493430745,0.99999311358027,0.999992719113777,0.999992309896234,0.999991885797544,0.999991446692377,0.999990992459957,0.999990522983895,0.999990038151993,0.999989537856074,0.999989021991805,0.999988490458532,0.999987943159118,0.999987379999795,0.999986800890004,0.999986205742267,0.999985594472044,0.999984966997603,0.999984323239905,0.999983663122476,0.999982986571303,0.999982293514724,0.999981583883332,0.99998085760987,0.999980114629147,0.999979354877949,0.999978578294956,0.999977784820663,0.999976974397306,0.99997614696879,0.999975302480624,0.999974440879858,0.999973562115014,0.999972666136037,0.999971752894236,0.99997082234223,0.999969874433902,0.999968909124351,0.999967926369843,0.999966926127765,0.999965908356604,0.999964873015879,0.999963820066122,0.999962749468845,0.999961661186486,0.999960555182408,0.999959431420833,0.999958289866842,0.999957130486329,0.999955953245981,0.999954758113255,0.999953545056344,0.999952314044167,0.999951065046334,0.999949798033128,0.999948512975488,0.99994720984499,0.999945888613823,0.999944549254779,0.999943191741221,0.999941816047082,0.999940422146838,0.999939010015507,0.999937579628616,0.999936130962201,0.999934663992783,0.999933178697369,0.999931675053421,0.999930153038865,0.999928612632058,0.999927053811795,0.999925476557287,0.999923880848154,0.99992226666442,0.999920633986496,0.999918982795176,0.99991731307162,0.999915624797362,0.999913917954283
0.999645973470831,0.999648085676033,0.999650204675166,0.999652330170983,0.999654461870122,0.999656599483015,0.999658742723814,0.999660891310313,0.99966304496389,0.999665203409416,0.999667366375202,0.999669533592919,0.99967170479754,0.999673879727275,0.999676058123502,0.999678239730711,0.999680424296438,0.999682611571209,0.999684801308484,0.999686993264595,0.999689187198686,0.999691382872672,0.99969358005117,0.999695778501459,0.999697977993415,0.999700178299472,0.999702379194562,0.999704580456069,0.999706781863781,0.999708983199843,0.999711184248708,0.999713384797082,0.999715584633896,0.999717783550246,0.999719981339352,0.999722177796512,0.999724372719057,0.999726565906316,0.999728757159557,0.999730946281963,0.999733133078568,0.999735317356232,0.999737498923593,0.999739677591016,0.99974185317057,0.999744025475966,0.999746194322526,0.999748359527141,0.999750520908224,0.999752678285675,0.999754831480831,0.999756980316428,0.999759124616558,0.999761264206628,0.99976339891331,0.999765528564503,0.999767652989291,0.999769772017889,0.999771885481603,0.99977399321279,0.999776095044795,0.999778190811922,0.999780280349371,0.999782363493194,0.999784440080242,0.999786509948117,0.999788572935116,0.999790628880169,0.999792677622797,0.999794719003042,0.999796752861405,0.999798779038793,0.999800797376457,0.999802807715904,0.999804809898855,0.999806803767151,0.999808789162695,0.999810765927358,0.999812733902909,0.999814692930923,0.999816642852699,0.999818583509151,0.99982051474073,0.999822436387304,0.999824348288059,0.999826250281377,0.99982814220472,0.9998300238945,0.999831895185947,0.999833755912959,0.999835605907959,0.999837445001723,0.99983927302322,0.999841089799419,0.999842895155108,0.999844688912674,0.999846470891882,0.999848240909656,0.999849998779801,0.999851744312751,0.999853477315272,0.999855197590145,0.999856904935836,0.999858599146136,0.99986028000976,0.999861947309946,0.999863600823979,0.999865240322713,0.999866865570041,0.999868476322307,0.999870072327685,0.999871653325503,0.999873219045495,0.999874769206992,0.999876303518048,0.999877821674465,0.999879323358749,0.999880808238944,0.999882275967367,0.999883726179214,0.999885158491016,0.999886572498951,0.999887967776967,0.999889343874714,0.999890700315233,0.999892036592431,0.999893352168211,0.999894646469335,0.99989591888387,0.999897168757253,0.999898395387835,0.999899598021915,0.999900775848111,0.999901927991026,0.999903053504068,0.999904151361308,0.999905220448223,0.999906259551101,0.999907267344977,0.999908242379743,0.999909183064175,0.999910087647493,0.999910954197996,0.999911780578202,0.999912564415867,0.999913303070002,0.99991399359091,0.999914632672969,0.999915216598601,0.999915741171443,0.999916201636277,0.999916592582544,0.99991690782744,0.999917140273432,0.999917281733459,0.99991732271509,0.999917252152011,0.999917057067428,0.999916722148673,0.999916229204675,0.999915556467506,0.999914677683779,0.999913560919396,0.999912166967903,0.999910447202667,0.999908340635983,0.999905769827206,0.99990263508765,0.99989880610983,0.99989410960677,0.999888310600632,0.999881083288022,0.999871964187865,0.999860273931983,0.999844980880343,0.999824450622988,0.999795956129879,0.999754642802395,0.999691116357348,0.999585045763542,0.999384869354837,0.99892350559446,0.997358147615647,0.980642111618508,0.979430606347844,0.997992405431546,0.99936044110962,0.999710165006282,0.999844058407321,0.999907083664728,0.999940739827671,0.99996030762157,0.999972400783985,0.999980225318752,0.999985471577925,0.999989090458759,0.999991645108967,0.999993483239928,0.999994827050596,0.99999582266576,0.999996568531984,0.999997132346535,0.999997561479222,0.999997889569944,0.999998140808782,0.999998332773386,0.999998478346399,0.999998587033651,0.999998665884415,0.999998720142813,0.9999987537147,0.99999876950612,0.999998769671155,0.999998755795104,0.999998729031046,0.999998690202374,0.99999863988035,0.999998578443092,0.999998506120705,0.999998423029978,0.999998329201153,0.999998224598677,0.99999810913732,0.99999798269472,0.999997845121188,0.999997696247342,0.999997535890078,0.999997363857233,0.999997179951206,0.999996983971779,0.999996775718284,0.999996554991283,0.999996321593826,0.999996075332416,0.999995816017696,0.999995543464967,0.999995257494521,0.999994957931877,0.999994644607899,0.999994317358845,0.999993976026369,0.999993620457458,0.999993250504344,0.999992866024396,0.999992466879978,0.999992052938318,0.999991624071335,0.999991180155492,0.999990721071626,0.99999024670478,0.999989756944055,0.999989251682434,0.999988730816624,0.99998819424692,0.999987641877038,0.999987073613979,0.999986489367889,0.999985889051927,0.999985272582132,0.999984639877306,0.999983990858894,0.999983325450873,0.999982643579639,0.999981945173912,0.999981230164633,0.999980498484878,0.999979750069757,0.999978984856341,0.999978202783577,0.999977403792213,0.999976587824719,0.99997575482523,0.99997490473946,0.999974037514669,0.999973153099569,0.999972251444291,0.999971332500326,0.999970396220464,0.999969442558756,0.999968471470461,0.999967482912,0.999966476840924,0.999965453215859,0.999964411996478,0.999963353143451,0.999962276618435,0.999961182384012,0.99996007040367,0.999958940641781,0.999957793063552,0.999956627635013,0.999955444322982,0.999954243095047,0.999953023919531,0.999951786765483,0.999950531602635,0.999949258401409,0.999947967132866,0.99994665776871,0.999945330281255,0.999943984643415,0.999942620828688,0.999941238811126,0.999939838565335,0.999938420066451,0.999936983290135,0.99993552821254,0.999934054810315,0.999932563060589,0.999931052940955,0.999929524429453,0.999927977504571,0.999926412145224,0.999924828330749,0.999923226040892,0.999921605255796,0.999919965955996,0.999918308122408,0.999916631736321,0.999914936779383,0.999913223233602
0.999643700197086,0.999645845750792,0.99964799763559,0.999650155561007,0.999652319240289,0.999654488390345,0.99965666273167,0.999658841988271,0.999661025887605,0.999663214160498,0.9996654065411,0.999667602766793,0.999669802578159,0.999672005718894,0.999674211935757,0.999676420978509,0.999678632599857,0.999680846555395,0.999683062603552,0.999685280505529,0.999687500025255,0.999689720929327,0.999691942986962,0.999694165969947,0.999696389652581,0.999698613811636,0.999700838226309,0.99970306267816,0.999705286951079,0.999707510831235,0.999709734107032,0.999711956569058,0.999714178010046,0.999716398224834,0.999718617010303,0.999720834165357,0.999723049490869,0.999725262789629,0.999727473866331,0.999729682527494,0.999731888581443,0.999734091838269,0.999736292109781,0.999738489209459,0.999740682952429,0.999742873155405,0.999745059636661,0.999747242215986,0.999749420714638,0.999751594955312,0.999753764762087,0.999755929960397,0.999758090376981,0.999760245839841,0.999762396178207,0.99976454122248,0.999766680804205,0.999768814756009,0.999770942911571,0.999773065105575,0.999775181173653,0.999777290952345,0.999779394279052,0.999781490991979,0.999783580930101,0.999785663933091,0.999787739841276,0.999789808495586,0.999791869737492,0.999793923408951,0.999795969352343,0.999798007410413,0.999800037426198,0.999802059242981,0.99980407270419,0.999806077653355,0.999808073934018,0.999810061389658,0.99981203986361,0.99981400919898,0.999815969238553,0.999817919824698,0.999819860799275,0.999821792003535,0.999823713277987,0.999825624462315,0.999827525395238,0.999829415914378,0.999831295856148,0.999833165055572,0.99983502334617,0.999836870559767,0.99983870652634,0.999840531073824,0.999842344027924,0.999844145211899,0.999845934446349,0.999847711548974,0.999849476334315,0.999851228613489,0.999852968193896,0.999854694878899,0.99985640846749,0.999858108753934,0.999859795527368,0.999861468571384,0.999863127663567,0.999864772575009,0.999866403069776,0.999868018904318,0.99986961982685,0.999871205576664,0.999872775883394,0.999874330466187,0.999875869032838,0.999877391278803,0.999878896886168,0.999880385522461,0.999881856839397,0.999883310471476,0.999884746034435,0.999886163123557,0.999887561311795,0.999888940147699,0.999890299153108,0.9998916378206,0.999892955610662,0.999894251948511,0.99989552622057,0.999896777770511,0.999898005894827,0.999899209837849,0.99990038878614,0.999901541862166,0.99990266811714,0.999903766522895,0.999904835962643,0.999905875220463,0.999906882969229,0.999907857756823,0.999908797990227,0.999909701917199,0.999910567605033,0.999911392915876,0.999912175477963,0.999912912651923,0.999913601491163,0.999914238695125,0.999914820553843,0.999915342881887,0.999915800939287,0.999916189336333,0.999916501918375,0.999916731625547,0.999916870320919,0.999916908578548,0.99991683542019,0.999916637985779,0.999916301117598,0.999915806830953,0.999915133633989,0.999914255644714,0.999913141432113,0.999911752476785,0.999910041099373,0.999907947632708,0.999905396500414,0.999902290684075,0.999898503764822,0.999893868227175,0.999888157848628,0.999881060447667,0.999872134369998,0.999860736452539,0.999845897631385,0.99982609714633,0.999798827308544,0.999759690359827,0.999700341854939,0.999603203780107,0.999425421153359,0.999036708928907,0.99785710052417,0.989553644280357,0.934076242235951,0.997054706846448,0.999175700875749,0.99964486766328,0.999813736921412,0.999890590604118,0.999930793238592,0.99995385668537,0.999967984327918,0.99997707190523,0.999983142546229,0.999987321364176,0.999990268825156,0.99999238995141,0.999993942204994,0.999995094225464,0.99999595929639,0.999996615163492,0.999997116166331,0.999997500881766,0.999997797062722,0.999998024901138,0.999998199226826,0.999998331015542,0.999998428439875,0.999998497611973,0.999998543115314,0.999998568389863,0.999998576014034,0.999998567913033,0.999998545514223,0.99999850986384,0.999998461715331,0.999998401596644,0.99999832986179,0.999998246730536,0.999998152319145,0.999998046664222,0.99999792974134,0.999997801479574,0.999997661772906,0.99999751048917,0.999997347477091,0.999997172571798,0.999996985599174,0.999996786379267,0.999996574728943,0.999996350463973,0.999996113400637,0.999995863356963,0.999995600153675,0.999995323614892,0.999995033568652,0.999994729847279,0.999994412287632,0.99999408073127,0.999993735024523,0.999993375018527,0.999993000569196,0.999992611537174,0.999992207787744,0.999991789190729,0.999991355620377,0.999990906955233,0.999990443077997,0.999989963875395,0.999989469238032,0.999988959060247,0.999988433239988,0.999987891678652,0.999987334280964,0.999986760954841,0.999986171611261,0.999985566164142,0.99998494453022,0.999984306628929,0.999983652382298,0.99998298171484,0.999982294553445,0.999981590827295,0.999980870467752,0.999980133408286,0.999979379584371,0.99997860893343,0.999977821394725,0.999977016909305,0.999976195419929,0.999975356870994,0.999974501208482,0.999973628379882,0.999972738334144,0.999971831021617,0.999970906394003,0.9999699644043,0.999969005006747,0.999968028156796,0.999967033811053,0.999966021927245,0.999964992464169,0.999963945381665,0.999962880640574,0.999961798202707,0.999960698030806,0.999959580088514,0.999958444340354,0.99995729075168,0.999956119288675,0.999954929918299,0.999953722608284,0.999952497327096,0.999951254043922,0.999949992728643,0.999948713351805,0.999947415884615,0.999946100298912,0.999944766567146,0.999943414662365,0.999942044558198,0.999940656228834,0.999939249649012,0.999937824793996,0.999936381639579,0.999934920162046,0.99993344033818,0.999931942145238,0.999930425560938,0.999928890563452,0.999927337131397,0.99992576524382,0.999924174880181,0.999922566020355,0.999920938644612,0.999919292733615,0.999917628268407,0.999915945230401,0.999914243601373,0.99991252336346
0.999641460823947,0.999643639117564,0.999645823290777,0.9996480130596,0.999650208143645,0.999652408266045,0.999654613153399,0.999656822535683,0.999659036146205,0.999661253721537,0.999663475001438,0.999665699728804,0.999667927649613,0.999670158512852,0.999672392070468,0.999674628077306,0.999676866291063,0.999679106472228,0.999681348384018,0.999683591792347,0.999685836465754,0.999688082175369,0.999690328694848,0.999692575800333,0.999694823270412,0.999697070886048,0.999699318430558,0.999701565689545,0.999703812450872,0.999706058504606,0.999708303642971,0.999710547660318,0.999712790353063,0.999715031519663,0.999717270960562,0.999719508478152,0.999721743876734,0.999723976962473,0.999726207543361,0.99972843542917,0.999730660431419,0.999732882363331,0.99973510103979,0.999737316277309,0.999739527893975,0.999741735709424,0.999743939544797,0.999746139222698,0.999748334567147,0.999750525403558,0.999752711558681,0.999754892860567,0.999757069138527,0.999759240223096,0.999761405945979,0.999763566140022,0.999765720639157,0.999767869278368,0.999770011893639,0.999772148321917,0.999774278401056,0.999776401969779,0.999778518867628,0.999780628934914,0.999782732012661,0.99978482794257,0.99978691656695,0.999788997728673,0.999791071271112,0.999793137038091,0.999795194873818,0.999797244622822,0.999799286129901,0.99980131924004,0.999803343798357,0.999805359650012,0.99980736664015,0.999809364613813,0.999811353415869,0.999813332890909,0.999815302883166,0.999817263236433,0.999819213793943,0.999821154398278,0.999823084891257,0.999825005113821,0.999826914905913,0.999828814106342,0.999830702552656,0.999832580080992,0.999834446525925,0.999836301720313,0.9998381454951,0.999839977679163,0.9998417980991,0.999843606579025,0.999845402940332,0.999847187001483,0.999848958577731,0.999850717480854,0.999852463518862,0.99985419649568,0.999855916210814,0.999857622458977,0.999859315029708,0.99986099370694,0.999862658268547,0.999864308485836,0.999865944123035,0.99986756493669,0.999869170675042,0.999870761077342,0.999872335873105,0.999873894781293,0.99987543750943,0.999876963752635,0.999878473192554,0.999879965496204,0.999881440314696,0.999882897281832,0.999884336012557,0.999885756101274,0.999887157119945,0.999888538616024,0.999889900110155,0.999891241093621,0.999892561025491,0.999893859329463,0.999895135390338,0.999896388550056,0.999897618103273,0.999898823292394,0.999900003301964,0.999901157252357,0.999902284192637,0.999903383092446,0.999904452832809,0.999905492195635,0.999906499851725,0.999907474347018,0.999908414086792,0.999909317317426,0.9999101821053,0.999911006312285,0.999911787567199,0.999912523232378,0.999913210364427,0.999913845667937,0.999914425440615,0.999914945507998,0.999915401145343,0.999915786983703,0.999916096896386,0.999916323860849,0.999916459789722,0.999916495322649,0.999916419568112,0.999916219780733,0.999915880954756,0.999915385307465,0.999914711616615,0.999913834362103,0.999912722601964,0.999911338482981,0.999909635241795,0.999907554484325,0.999905022425602,0.999901944603763,0.999898198307886,0.99989362150072,0.999887996227199,0.999881023092361,0.999872280789628,0.999861159636246,0.999846747882234,0.99982762765916,0.999801487034465,0.99976432865072,0.999708706673062,0.999619324533081,0.999460210437545,0.99912803950031,0.998208773744417,0.993330162631112,0.616466769790282,0.995426569335498,0.998920259226225,0.999562061090076,0.999776967670536,0.999871119076394,0.999919253058175,0.999946460573236,0.99996296280798,0.999973507666304,0.99998052120085,0.999985336188822,0.999988727662952,0.99999116743458,0.999992953718853,0.999994280994192,0.999995279471575,0.99999603830345,0.99999661970727,0.999997067819519,0.999997414392495,0.999997682544666,0.999997889280329,0.999998047213409,0.999998165766143,0.999998252014862,0.999998311294741,0.999998347637399,0.999998364091016,0.999998362956843,0.999998345965501,0.999998314409493,0.999998269243551,0.999998211161131,0.999998140653101,0.999998058052983,0.999997963572066,0.999997857326704,0.999997739359686,0.99999760965697,0.999997468160869,0.999997314780428,0.999997149399632,0.999996971883889,0.999996782085148,0.999996579845968,0.999996365002726,0.999996137388124,0.999995896833194,0.999995643168835,0.999995376227035,0.99999509584179,0.99999480184982,0.999994494091092,0.999994172409217,0.999993836651712,0.999993486670201,0.999993122320508,0.999992743462724,0.999992349961207,0.999991941684559,0.999991518505571,0.999991080301148,0.999990626952215,0.999990158343619,0.999989674364011,0.999989174905738,0.999988659864713,0.999988129140301,0.999987582635192,0.999987020255283,0.999986441909557,0.999985847509967,0.999985236971312,0.999984610211142,0.999983967149645,0.999983307709532,0.99998263181594,0.999981939396354,0.999981230380486,0.999980504700205,0.99997976228944,0.99997900308411,0.999978227022027,0.999977434042846,0.999976624087963,0.99997579710048,0.999974953025106,0.999974091808121,0.999973213397301,0.999972317741861,0.999971404792415,0.999970474500906,0.999969526820566,0.999968561705863,0.999967579112471,0.999966578997198,0.999965561317977,0.999964526033799,0.999963473104701,0.999962402491707,0.999961314156807,0.999960208062918,0.999959084173863,0.999957942454325,0.999956782869831,0.999955605386724,0.999954409972123,0.999953196593916,0.999951965220728,0.999950715821899,0.999949448367455,0.9999481628281,0.999946859175184,0.999945537380692,0.999944197417219,0.999942839257959,0.999941462876681,0.999940068247715,0.99993865534594,0.999937224146765,0.999935774626115,0.999934306760416,0.999932820526585,0.999931315902016,0.999929792864558,0.999928251392528,0.999926691464672,0.999925113060165,0.999923516158605,0.999921900739998,0.999920266784747,0.999918614273645,0.999916943187867,0.999915253508951,0.999913545218808,0.9999118182997
0.999639254561367,0.999641465004762,0.999643680887101,0.999645901930641,0.999648127861107,0.999650358407628,0.999652593302669,0.999654832281965,0.999657075084462,0.999659321452249,0.99966157113051,0.999663823867447,0.999666079414242,0.999668337524989,0.999670597956639,0.999672860468948,0.999675124824429,0.999677390788288,0.999679658128383,0.99968192661517,0.999684196021652,0.999686466123335,0.999688736698167,0.999691007526517,0.9996932783911,0.999695549076948,0.999697819371365,0.999700089063871,0.999702357946169,0.999704625812103,0.999706892457607,0.999709157680664,0.999711421281274,0.999713683061399,0.999715942824933,0.999718200377655,0.999720455527192,0.999722708082979,0.999724957856215,0.999727204659828,0.999729448308437,0.999731688618303,0.999733925407306,0.999736158494892,0.999738387702035,0.99974061285121,0.999742833766342,0.999745050272767,0.999747262197202,0.999749469367694,0.999751671613592,0.999753868765495,0.999756060655222,0.999758247115759,0.999760427981234,0.999762603086862,0.999764772268905,0.999766935364637,0.999769092212286,0.999771242651003,0.999773386520809,0.999775523662555,0.999777653917864,0.999779777129092,0.999781893139276,0.99978400179208,0.999786102931747,0.999788196403039,0.999790282051187,0.999792359721834,0.999794429260965,0.999796490514859,0.999798543330014,0.999800587553093,0.999802623030838,0.999804649610018,0.999806667137335,0.999808675459357,0.999810674422433,0.999812663872614,0.999814643655549,0.999816613616401,0.999818573599752,0.999820523449486,0.999822463008691,0.999824392119534,0.999826310623151,0.999828218359504,0.999830115167254,0.999832000883611,0.999833875344191,0.999835738382831,0.999837589831444,0.999839429519813,0.999841257275402,0.999843072923148,0.99984487628523,0.999846667180842,0.999848445425925,0.999850210832901,0.999851963210363,0.999853702362789,0.999855428090165,0.99985714018765,0.99985883844516,0.999860522646955,0.999862192571174,0.99986384798934,0.999865488665821,0.999867114357247,0.999868724811877,0.999870319768909,0.999871898957731,0.999873462097113,0.999875008894303,0.99987653904407,0.999878052227625,0.999879548111472,0.999881026346116,0.99988248656466,0.999883928381269,0.999885351389455,0.999886755160204,0.999888139239888,0.99988950314797,0.999890846374438,0.99989216837697,0.999893468577771,0.999894746360032,0.99989600106399,0.999897231982501,0.999898438356068,0.99989961936726,0.999900774134408,0.999901901704461,0.999903001044936,0.999904071034718,0.999905110453616,0.999906117970422,0.999907092129211,0.999908031333632,0.999908933828769,0.999909797680181,0.999910620749557,0.999911400666387,0.999912134794807,0.999912820194714,0.99991345357592,0.999914031243866,0.999914549035077,0.999915002240021,0.999915385510422,0.999915692747355,0.999915916965246,0.99991605012572,0.999916082933132,0.999916004581357,0.999915802437724,0.999915461645532,0.999914964619765,0.999914290401532,0.999913413823457,0.999912304419119,0.999910924981491,0.999909229633307,0.999907161208443,0.999904647644241,0.999901596928093,0.999897889887336,0.999893369689025,0.999887826192668,0.999880972019965,0.999872404859909,0.999861546042775,0.999847536421051,0.999829051516157,0.999803954666049,0.999768600913712,0.999716317905527,0.999633714665209,0.999490326162473,0.999202985595895,0.998467111508689,0.995289862945021,0.865667038164724,0.992281601020918,0.998556532117624,0.999455688569943,0.999732078580942,0.999848045544553,0.999905837441884,0.999937973665113,0.999957253214731,0.999969481582689,0.999977574262533,0.99998311215449,0.999987005399896,0.999989803744663,0.999991852544699,0.999993375950407,0.999994523492181,0.999995397273169,0.999996068415017,0.999996587313898,0.999996990210069,0.999997303496536,0.999997546604574,0.999997733972492,0.999997876411606,0.99999798206825,0.999998057110629,0.999998106225241,0.999998132979722,0.999998140090769,0.999998129623814,0.999998103143105,0.99999806182539,0.99999800654662,0.999997937948533,0.99999785649007,0.999997762487266,0.99999765614441,0.999997537578408,0.999997406837978,0.999997263918768,0.999997108775326,0.999996941330592,0.999996761483439,0.999996569114656,0.999996364091732,0.999996146272652,0.999995915508905,0.999995671647893,0.99999541453483,0.999995144014232,0.999994859931097,0.999994562131832,0.999994250464939,0.999993924781577,0.999993584935949,0.999993230785604,0.99999286219164,0.999992479018842,0.999992081135757,0.999991668414736,0.999991240731927,0.999990797967238,0.999990340004303,0.999989866730404,0.999989378036391,0.999988873816592,0.999988353968719,0.99998781839376,0.999987266995894,0.999986699682357,0.999986116363358,0.999985516951969,0.999984901364023,0.999984269518003,0.999983621334959,0.999982956738396,0.999982275654191,0.999981578010497,0.999980863737657,0.99998013276812,0.999979385036354,0.999978620478783,0.999977839033694,0.999977040641175,0.999976225243044,0.999975392782782,0.999974543205473,0.99997367645774,0.999972792487687,0.999971891244842,0.999970972680112,0.999970036745725,0.99996908339518,0.999968112583208,0.999967124265725,0.999966118399788,0.999965094943546,0.999964053856226,0.999962995098067,0.99996191863031,0.999960824415145,0.999959712415688,0.999958582595949,0.999957434920801,0.999956269355954,0.999955085867924,0.999953884424016,0.999952664992286,0.999951427541525,0.999950172041238,0.999948898461618,0.999947606773532,0.999946296948486,0.999944968958619,0.999943622776688,0.999942258376034,0.999940875730583,0.999939474814811,0.999938055603745,0.999936618072943,0.999935162198473,0.999933687956913,0.999932195325314,0.999930684281216,0.999929154802615,0.999927606867961,0.99992604045614,0.999924455546472,0.999922852118688,0.99992123015293,0.999919589629739,0.999917930530043,0.99991625283515,0.999914556526737,0.999912841586844,0.999911107997865
0.999637080649139,0.999639322669754,0.999641569699038,0.999643821465264,0.999646077700046,0.999648338138279,0.99965060251809,0.999652870580749,0.99965514207064,0.999657416735181,0.999659694324773,0.999661974592749,0.999664257295307,0.999666542191471,0.999668829043025,0.999671117614469,0.999673407672962,0.99967569898828,0.999677991332759,0.999680284481246,0.999682578211062,0.999684872301943,0.999687166536006,0.999689460697686,0.999691754573714,0.999694047953052,0.999696340626865,0.999698632388469,0.999700923033291,0.999703212358835,0.999705500164624,0.999707786252175,0.999710070424951,0.999712352488324,0.999714632249528,0.999716909517633,0.999719184103492,0.999721455819715,0.999723724480616,0.999725989902189,0.999728251902055,0.999730510299443,0.999732764915128,0.999735015571417,0.999737262092087,0.999739504302372,0.999741742028901,0.999743975099673,0.999746203344025,0.999748426592569,0.999750644677178,0.999752857430934,0.999755064688088,0.999757266284029,0.999759462055227,0.999761651839211,0.999763835474512,0.999766012800628,0.999768183657981,0.999770347887865,0.999772505332418,0.999774655834551,0.999776799237923,0.999778935386884,0.999781064126429,0.999783185302141,0.99978529876014,0.999787404347039,0.999789501909876,0.999791591296061,0.999793672353321,0.999795744929636,0.999797808873167,0.999799864032205,0.999801910255086,0.999803947390137,0.999805975285583,0.999807993789477,0.999810002749626,0.999812002013486,0.999813991428092,0.999815970839953,0.999817940094953,0.99981989903825,0.999821847514167,0.999823785366073,0.999825712436255,0.999827628565808,0.999829533594469,0.999831427360504,0.999833309700526,0.999835180449349,0.999837039439805,0.999838886502566,0.999840721465939,0.999842544155661,0.999844354394673,0.999846152002877,0.999847936796881,0.999849708589729,0.99985146719059,0.999853212404457,0.999854944031792,0.999856661868172,0.999858365703881,0.99986005532349,0.999861730505392,0.999863391021304,0.999865036635726,0.999866667105362,0.999868282178473,0.999869881594198,0.999871465081792,0.99987303235982,0.999874583135256,0.99987611710251,0.999877633942355,0.99987913332078,0.999880614887681,0.999882078275472,0.999883523097534,0.999884948946502,0.999886355392385,0.999887741980484,0.999889108229091,0.999890453626921,0.999891777630274,0.999893079659877,0.999894359097338,0.999895615281221,0.9998968475026,0.999898055000122,0.999899236954418,0.9999003924818,0.999901520627171,0.999902620355958,0.999903690544969,0.999904729971979,0.999905737303827,0.999906711082801,0.999907649711,0.999908551432298,0.999909414311514,0.999910236210247,0.999911014758746,0.999911747323043,0.999912430966408,0.999913062403942,0.999913637948875,0.999914153448752,0.999914604209214,0.999914984902575,0.999915289457464,0.999915510924944,0.999915641315064,0.999915671396038,0.999915590445813,0.999915385942511,0.999915043175637,0.999914544753725,0.999913869975192,0.999912994016538,0.999911886873899,0.999910511967248,0.999908824276857,0.999906767821538,0.999904272195424,0.999901247733803,0.999897578642754,0.999893113037541,0.999887648171345,0.999880907971909,0.999872507885568,0.999861898016882,0.999848267591984,0.999830377104052,0.999806247299599,0.99977254459773,0.999723265910078,0.999646623526323,0.999516605760002,0.999265388471279,0.998663232627292,0.996444172736872,0.962623215924515,0.985134912392027,0.998019281546626,0.999316961857745,0.999676851321748,0.999820586145217,0.999890204614432,0.999928223880421,0.999950759345995,0.999964935419431,0.999974264207496,0.999980623835336,0.999985084080348,0.999988285755648,0.999990628802029,0.999992371467631,0.999993685342292,0.999994687236326,0.999995458336176,0.99999605608519,0.999996521758628,0.999996885412075,0.999997169184228,0.999997389543954,0.999997558845518,0.999997686421737,0.999997779363128,0.99999784308032,0.999997881714689,0.99999789844137,0.99999789569496,0.999997875339137,0.999997838795156,0.999997787139873,0.999997721181078,0.999997641515698,0.99999754857504,0.999997442660128,0.999997323969443,0.999997192620766,0.999997048668463,0.999996892117197,0.999996722932824,0.999996541051106,0.99999634638464,0.999996138828428,0.999995918264313,0.999995684564555,0.999995437594662,0.999995177215686,0.999994903286035,0.99999461566291,0.999994314203468,0.999993998765705,0.999993669209177,0.999993325395529,0.999992967188927,0.999992594456359,0.999992207067861,0.999991804896672,0.99999138781934,0.999990955715784,0.999990508469294,0.999990045966555,0.999989568097591,0.999989074755734,0.999988565837559,0.999988041242807,0.999987500874323,0.999986944637952,0.999986372442472,0.999985784199484,0.999985179823339,0.999984559231037,0.99998392234214,0.999983269078678,0.999982599365072,0.999981913128033,0.999981210296491,0.999980490801511,0.999979754576204,0.999979001555664,0.999978231676889,0.999977444878707,0.999976641101712,0.999975820288196,0.999974982382089,0.99997412732889,0.999973255075619,0.999972365570756,0.999971458764181,0.999970534607145,0.999969593052191,0.999968634053127,0.999967657564975,0.999966663543935,0.999965651947323,0.999964622733559,0.999963575862113,0.999962511293466,0.99996142898909,0.999960328911398,0.99995921102373,0.999958075290304,0.999956921676199,0.999955750147328,0.999954560670403,0.999953353212919,0.999952127743118,0.999950884229981,0.999949622643187,0.999948342953111,0.999947045130786,0.999945729147894,0.999944394976745,0.999943042590255,0.999941671961934,0.999940283065861,0.999938875876681,0.999937450369575,0.999936006520255,0.999934544304943,0.999933063700366,0.999931564683733,0.999930047232729,0.999928511325499,0.999926956940636,0.999925384057179,0.999923792654584,0.999922182712728,0.999920554211899,0.999918907132774,0.999917241456426,0.999915557164297,0.999913854238203,0.999912132660326,0.999910392413191
