0,0,0,0,0,0,0,0,0,0,0,0,0,0,0,0,0,0,0,0,0,0,0,0,0,0,0,0,0,0,0,0,0,0,0,0,0,0,0,0,0,0,0,0,0,0,0,0,0,0,0,0,0,0,0,0,0,0,0,0,0,0,0,0,0,0,0,0,0,0,0,0,0,0,0,0,0,0,0,0,0,0,0,0,0,0,0,0,0,0,0,0,0,0,0,0,0,0,0,0,0,0,0,0,0,0,0,0,0,0,0,0,0,0,0,0,0,0,0,0,0,0,0,0,0,0,0,0,0,0,0,0,0,0,0,0,0,0,0,0,0,0,0,0,0,0,0,0,0,0,0,0,0,0,0,0,0,0,0,0,0,0,0,0,0,0,0,0,0,0,0,0,0,0,0,0,0,0,0,0,0,0,0,0,0,0,0,0,0,0,0,0,0,0,0,0,0,0,0,0,0,0,0,0,0,0,0,0,0,0,0,0,0,0,0,0,0,0,0,0,0,0,0,0,0,0,0,0,0,0,0,0,0,0,0,0,0,0,0,0,0,0,0,0,0,0,0,0,0,0,0,0,0,0,0,0,0,0,0,0,0,0,0,0,0,0,0,0,0,0,0,0,0,0,0,0,0,0,0,0,0,0,0,0,0,0,0,0,0,0,0,0,0,0,0,0,0,0,0,0,0,0,0,0,0,0,0,0,0,0,0,0,0,0,0,0,0,0,0,0,0
0,0,0,0,0,0,0,0,0,0,0,0,0,0,0,0,0,0,0,0,0,0,0,0,0,0,0,0,0,0,0,0,0,0,0,0,0,0,0,0,0,0,0,0,0,0,0,0,0,0,0,0,0,0,0,0,0,0,0,0,0,0,0,0,0,0,0,0,0,0,0,0,0,0,0,0,0,0,0,0,0,0,0,0,0,0,0,0,0,0,0,0,0,0,0,0,0,0,0,0,0,0,0,0,0,0,0,0,0,0,0,0,0,0,0,0,0,0,0,0,0,0,0,0,0,0,0,0,0,0,0,0,0,0,0,0,0,0,0,0,0,0,0,0,0,0,0,0,0,0,0,0,0,0,0,0,0,0,0,0,0,0,0,0,0,0,0,0,0,0,0,0,0,0,0,0,0,0,0,0,0,0,0,0,0,0,0,0,0,0,0,0,0,0,0,0,0,0,0,0,0,0,0,0,0,0,0,0,0,0,0,0,0,0,0,0,0,0,0,0,0,0,0,0,0,0,0,0,0,0,0,0,0,0,0,0,0,0,0,0,0,0,0,0,0,0,0,0,0,0,0,0,0,0,0,0,0,0,0,0,0,0,0,0,0,0,0,0,0,0,0,0,0,0,0,0,0,0,0,0,0,0,0,0,0,0,0,0,0,0,0,0,0,0,0,0,0,0,0,0,0,0,0,0,0,0,0,0,0,0,0,0,0,0,0,0,0,0,0,0,0
0,0,0,0,0,0,0,0,0,0,0,0,0,0,0,0,0,0,0,0,0,0,0,0,0,0,0,0,0,0,0,0,0,0,0,0,0,0,0,0,0,0,0,0,0,0,0,0,0,0,0,0,0,0,0,0,0,0,0,0,0,0,0,0,0,0,0,0,0,0,0,0,0,0,0,0,0,0,0,0,0,0,0,0,0,0,0,0,0,0,0,0,0,0,0,0,0,0,0,0,0,0,0,0,0,0,0,0,0,0,0,0,0,0,0,0,0,0,0,0,0,0,0,0,0,0,0,0,0,0,0,0,0,0,0,0,0,0,0,0,0,0,0,0,0,0,0,0,0,0,0,0,0,0,0,0,0,0,0,0,0,0,0,0,0,0,0,0,0,0,0,0,0,0,0,0,0,0,0,0,0,0,0,0,0,0,0,0,0,0,0,0,0,0,0,0,0,0,0,0,0,0,0,0,0,0,0,0,0,0,0,0,0,0,0,0,0,0,0,0,0,0,0,0,0,0,0,0,0,0,0,0,0,0,0,0,0,0,0,0,0,0,0,0,0,0,0,0,0,0,0,0,0,0,0,0,0,0,0,0,0,0,0,0,0,0,0,0,0,0,0,0,0,0,0,0,0,0,0,0,0,0,0,0,0,0,0,0,0,0,0,0,0,0,0,0,0,0,0,0,0,0,0,0,0,0,0,0,0,0,0,0,0,0,0,0,0,0,0,0,0
0,0,0,0,0,0,0,0,0,0,0,0,0,0,0,0,0,0,0,0,0,0,0,0,0,0,0,0,0,0,0,0,0,0,0,0,0,0,0,0,0,0,0,0,0,0,0,0,0,0,0,0,0,0,0,0,0,0,0,0,0,0,0,0,0,0,0,0,0,0,0,0,0,0,0,0,0,0,0,0,0,0,0,0,0,0,0,0,0,0,0,0,0,0,0,0,0,0,0,0,0,0,0,0,0,0,0,0,0,0,0,0,0,0,0,0,0,0,0,0,0,0,0,0,0,0,0,0,0,0,0,0,0,0,0,0,0,0,0,0,0,0,0,0,0,0,0,0,0,0,0,0,0,0,0,0,0,0,0,0,0,0,0,0,0,0,0,0,0,0,0,0,0,0,0,0,0,0,0,0,0,0,0,0,0,0,0,0,0,0,0,0,0,0,0,0,0,0,0,0,0,0,0,0,0,0,0,0,0,0,0,0,0,0,0,0,0,0,0,0,0,0,0,0,0,0,0,0,0,0,0,0,0,0,0,0,0,0,0,0,0,0,0,0,0,0,0,0,0,0,0,0,0,0,0,0,0,0,0,0,0,0,0,0,0,0,0,0,0,0,0,0,0,0,0,0,0,0,0,0,0,0,0,0,0,0,0,0,0,0,0,0,0,0,0,0,0,0,0,0,0,0,0,0,0,0,0,0,0,0,0,0,0,0,0,0,0,0,0,0,0
0,0,0,0,0,0,0,0,0,0,0,0,0,0,0,0,0,0,0,0,0,0,0,0,0,0,0,0,0,0,0,0,0,0,0,0,0,0,0,0,0,0,0,0,0,0,0,0,0,0,0,0,0,0,0,0,0,0,0,0,0,0,0,0,0,0,0,0,0,0,0,0,0,0,0,0,0,0,0,0,0,0,0,0,0,0,0,0,0,0,0,0,0,0,0,0,0,0,0,0,0,0,0,0,0,0,0,0,0,0,0,0,0,0,0,0,0,0,0,0,0,0,0,0,0,0,0,0,0,0,0,0,0,0,0,0,0,0,0,0,0,0,0,0,0,0,0,0,0,0,0,0,0,0,0,0,0,0,0,0,0,0,0,0,0,0,0,0,0,0,0,0,0,0,0,0,0,0,0,0,0,0,0,0,0,0,0,0,0,0,0,0,0,0,0,0,0,0,0,0,0,0,0,0,0,0,0,0,0,0,0,0,0,0,0,0,0,0,0,0,0,0,0,0,0,0,0,0,0,0,0,0,0,0,0,0,0,0,0,0,0,0,0,0,0,0,0,0,0,0,0,0,0,0,0,0,0,0,0,0,0,0,0,0,0,0,0,0,0,0,0,0,0,0,0,0,0,0,0,0,0,0,0,0,0,0,0,0,0,0,0,0,0,0,0,0,0,0,0,0,0,0,0,0,0,0,0,0,0,0,0,0,0,0,0,0,0,0,0,0,0
0,0,0,0,0,0,0,0,0,0,0,0,0,0,0,0,0,0,0,0,0,0,0,0,0,0,0,0,0,0,0,0,0,0,0,0,0,0,0,0,0,0,0,0,0,0,0,0,0,0,0,0,0,0,0,0,0,0,0,0,0,0,0,0,0,0,0,0,0,0,0,0,0,0,0,0,0,0,0,0,0,0,0,0,0,0,0,0,0,0,0,0,0,0,0,0,0,0,0,0,0,0,0,0,0,0,0,0,0,0,0,0,0,0,0,0,0,0,0,0,0,0,0,0,0,0,0,0,0,0,0,0,0,0,0,0,0,0,0,0,0,0,0,0,0,0,0,0,0,0,0,0,0,0,0,0,0,0,0,0,0,0,0,0,0,0,0,0,0,0,0,0,0,0,0,0,0,0,0,0,0,0,0,0,0,0,0,0,0,0,0,0,0,0,0,0,0,0,0,0,0,0,0,0,0,0,0,0,0,0,0,0,0,0,0,0,0,0,0,0,0,0,0,0,0,0,0,0,0,0,0,0,0,0,0,0,0,0,0,0,0,0,0,0,0,0,0,0,0,0,0,0,0,0,0,0,0,0,0,0,0,0,0,0,0,0,0,0,0,0,0,0,0,0,0,0,0,0,0,0,0,0,0,0,0,0,0,0,0,0,0,0,0,0,0,0,0,0,0,0,0,0,0,0,0,0,0,0,0,0,0,0,0,0,0,0,0,0,0,0,0
0,0,0,0,0,0,0,0,0,0,0,0,0,0,0,0,0,0,0,0,0,0,0,0,0,0,0,0,0,0,0,0,0,0,0,0,0,0,0,0,0,0,0,0,0,0,0,0,0,0,0,0,0,0,0,0,0,0,0,0,0,0,0,0,0,0,0,0,0,0,0,0,0,0,0,0,0,0,0,0,0,0,0,0,0,0,0,0,0,0,0,0,0,0,0,0,0,0,0,0,0,0,0,0,0,0,0,0,0,0,0,0,0,0,0,0,0,0,0,0,0,0,0,0,0,0,0,0,0,0,0,0,0,0,0,0,0,0,0,0,0,0,0,0,0,0,0,0,0,0,0,0,0,0,0,0,0,0,0,0,0,0,0,0,0,0,0,0,0,0,0,0,0,0,0,0,0,0,0,0,0,0,0,0,0,0,0,0,0,0,0,0,0,0,0,0,0,0,0,0,0,0,0,0,0,0,0,0,0,0,0,0,0,0,0,0,0,0,0,0,0,0,0,0,0,0,0,0,0,0,0,0,0,0,0,0,0,0,0,0,0,0,0,0,0,0,0,0,0,0,0,0,0,0,0,0,0,0,0,0,0,0,0,0,0,0,0,0,0,0,0,0,0,0,0,0,0,0,0,0,0,0,0,0,0,0,0,0,0,0,0,0,0,0,0,0,0,0,0,0,0,0,0,0,0,0,0,0,0,0,0,0,0,0,0,0,0,0,0,0,0
0,0,0,0,0,0,0,0,0,0,0,0,0,0,0,0,0,0,0,0,0,0,0,0,0,0,0,0,0,0,0,0,0,0,0,0,0,0,0,0,0,0,0,0,0,0,0,0,0,0,0,0,0,0,0,0,0,0,0,0,0,0,0,0,0,0,0,0,0,0,0,0,0,0,0,0,0,0,0,0,0,0,0,0,0,0,0,0,0,0,0,0,0,0,0,0,0,0,0,0,0,0,0,0,0,0,0,0,0,0,0,0,0,0,0,0,0,0,0,0,0,0,0,0,0,0,0,0,0,0,0,0,0,0,0,0,0,0,0,0,0,0,0,0,0,0,0,0,0,0,0,0,0,0,0,0,0,0,0,0,0,0,0,0,0,0,0,0,0,0,0,0,0,0,0,0,0,0,0,0,0,0,0,0,0,0,0,0,0,0,0,0,0,0,0,0,0,0,0,0,0,0,0,0,0,0,0,0,0,0,0,0,0,0,0,0,0,0,0,0,0,0,0,0,0,0,0,0,0,0,0,0,0,0,0,0,0,0,0,0,0,0,0,0,0,0,0,0,0,0,0,0,0,0,0,0,0,0,0,0,0,0,0,0,0,0,0,0,0,0,0,0,0,0,0,0,0,0,0,0,0,0,0,0,0,0,0,0,0,0,0,0,0,0,0,0,0,0,0,0,0,0,0,0,0,0,0,0,0,0,0,0,0,0,0,0,0,0,0,0,0
0,0,0,0,0,0,0,0,0,0,0,0,0,0,0,0,0,0,0,0,0,0,0,0,0,0,0,0,0,0,0,0,0,0,0,0,0,0,0,0,0,0,0,0,0,0,0,0,0,0,0,0,0,0,0,0,0,0,0,0,0,0,0,0,0,0,0,0,0,0,0,0,0,0,0,0,0,0,0,0,0,0,0,0,0,0,0,0,0,0,0,0,0,0,0,0,0,0,0,0,0,0,0,0,0,0,0,0,0,0,0,0,0,0,0,0,0,0,0,0,0,0,0,0,0,0,0,0,0,0,0,0,0,0,0,0,0,0,0,0,0,0,0,0,0,0,0,0,0,0,0,0,0,0,0,0,0,0,0,0,0,0,0,0,0,0,0,0,0,0,0,0,0,0,0,0,0,0,0,0,0,0,0,0,0,0,0,0,0,0,0,0,0,0,0,0,0,0,0,0,0,0,0,0,0,0,0,0,0,0,0,0,0,0,0,0,0,0,0,0,0,0,0,0,0,0,0,0,0,0,0,0,0,0,0,0,0,0,0,0,0,0,0,0,0,0,0,0,0,0,0,0,0,0,0,0,0,0,0,0,0,0,0,0,0,0,0,0,0,0,0,0,0,0,0,0,0,0,0,0,0,0,0,0,0,0,0,0,0,0,0,0,0,0,0,0,0,0,0,0,0,0,0,0,0,0,0,0,0,0,0,0,0,0,0,0,0,0,0,0,0
0,0,0,0,0,0,0,0,0,0,0,0,0,0,0,0,0,0,0,0,0,0,0,0,0,0,0,0,0,0,0,0,0,0,0,0,0,0,0,0,0,0,0,0,0,0,0,0,0,0,0,0,0,0,0,0,0,0,0,0,0,0,0,0,0,0,0,0,0,0,0,0,0,0,0,0,0,0,0,0,0,0,0,0,0,0,0,0,0,0,0,0,0,0,0,0,0,0,0,0,0,0,0,0,0,0,0,0,0,0,0,0,0,0,0,0,0,0,0,0,0,0,0,0,0,0,0,0,0,0,0,0,0,0,0,0,0,0,0,0,0,0,0,0,0,0,0,0,0,0,0,0,0,0,0,0,0,0,0,0,0,0,0,0,0,0,0,0,0,0,0,0,0,0,0,0,0,0,0,0,0,0,0,0,0,0,0,0,0,0,0,0,0,0,0,0,0,0,0,0,0,0,0,0,0,0,0,0,0,0,0,0,0,0,0,0,0,0,0,0,0,0,0,0,0,0,0,0,0,0,0,0,0,0,0,0,0,0,0,0,0,0,0,0,0,0,0,0,0,0,0,0,0,0,0,0,0,0,0,0,0,0,0,0,0,0,0,0,0,0,0,0,0,0,0,0,0,0,0,0,0,0,0,0,0,0,0,0,0,0,0,0,0,0,0,0,0,0,0,0,0,0,0,0,0,0,0,0,0,0,0,0,0,0,0,0,0,0,0,0,0
0,0,0,0,0,0,0,0,0,0,0,0,0,0,0,0,0,0,0,0,0,0,0,0,0,0,0,0,0,0,0,0,0,0,0,0,0,0,0,0,0,0,0,0,0,0,0,0,0,0,0,0,0,0,0,0,0,0,0,0,0,0,0,0,0,0,0,0,0,0,0,0,0,0,0,0,0,0,0,0,0,0,0,0,0,0,0,0,0,0,0,0,0,0,0,0,0,0,0,0,0,0,0,0,0,0,0,0,0,0,0,0,0,0,0,0,0,0,0,0,0,0,0,0,0,0,0,0,0,0,0,0,0,0,0,0,0,0,0,0,0,0,0,0,0,0,0,0,0,0,0,0,0,0,0,0,0,0,0,0,0,0,0,0,0,0,0,0,0,0,0,0,0,0,0,0,0,0,0,0,0,0,0,0,0,0,0,0,0,0,0,0,0,0,0,0,0,0,0,0,0,0,0,0,0,0,0,0,0,0,0,0,0,0,0,0,0,0,0,0,0,0,0,0,0,0,0,0,0,0,0,0,0,0,0,0,0,0,0,0,0,0,0,0,0,0,0,0,0,0,0,0,0,0,0,0,0,0,0,0,0,0,0,0,0,0,0,0,0,0,0,0,0,0,0,0,0,0,0,0,0,0,0,0,0,0,0,0,0,0,0,0,0,0,0,0,0,0,0,0,0,0,0,0,0,0,0,0,0,0,0,0,0,0,0,0,0,0,0,0,0
0,0,0,0,0,0,0,0,0,0,0,0,0,0,0,0,0,0,0,0,0,0,0,0,0,0,0,0,0,0,0,0,0,0,0,0,0,0,0,0,0,0,0,0,0,0,0,0,0,0,0,0,0,0,0,0,0,0,0,0,0,0,0,0,0,0,0,0,0,0,0,0,0,0,0,0,0,0,0,0,0,0,0,0,0,0,0,0,0,0,0,0,0,0,0,0,0,0,0,0,0,0,0,0,0,0,0,0,0,0,0,0,0,0,0,0,0,0,0,0,0,0,0,0,0,0,0,0,0,0,0,0,0,0,0,0,0,0,0,0,0,0,0,0,0,0,0,0,0,0,0,0,0,0,0,0,0,0,0,0,0,0,0,0,0,0,0,0,0,0,0,0,0,0,0,0,0,0,0,0,0,0,0,0,0,0,0,0,0,0,0,0,0,0,0,0,0,0,0,0,0,0,0,0,0,0,0,0,0,0,0,0,0,0,0,0,0,0,0,0,0,0,0,0,0,0,0,0,0,0,0,0,0,0,0,0,0,0,0,0,0,0,0,0,0,0,0,0,0,0,0,0,0,0,0,0,0,0,0,0,0,0,0,0,0,0,0,0,0,0,0,0,0,0,0,0,0,0,0,0,0,0,0,0,0,0,0,0,0,0,0,0,0,0,0,0,0,0,0,0,0,0,0,0,0,0,0,0,0,0,0,0,0,0,0,0,0,0,0,0,0
0,0,0,0,0,0,0,0,0,0,0,0,0,0,0,0,0,0,0,0,0,0,0,0,0,0,0,0,0,0,0,0,0,0,0,0,0,0,0,0,0,0,0,0,0,0,0,0,0,0,0,0,0,0,0,0,0,0,0,0,0,0,0,0,0,0,0,0,0,0,0,0,0,0,0,0,0,0,0,0,0,0,0,0,0,0,0,0,0,0,0,0,0,0,0,0,0,0,0,0,0,0,0,0,0,0,0,0,0,0,0,0,0,0,0,0,0,0,0,0,0,0,0,0,0,0,0,0,0,0,0,0,0,0,0,0,0,0,0,0,0,0,0,0,0,0,0,0,0,0,0,0,0,0,0,0,0,0,0,0,0,0,0,0,0,0,0,0,0,0,0,0,0,0,0,0,0,0,0,0,0,0,0,0,0,0,0,0,0,0,0,0,0,0,0,0,0,0,0,0,0,0,0,0,0,0,0,0,0,0,0,0,0,0,0,0,0,0,0,0,0,0,0,0,0,0,0,0,0,0,0,0,0,0,0,0,0,0,0,0,0,0,0,0,0,0,0,0,0,0,0,0,0,0,0,0,0,0,0,0,0,0,0,0,0,0,0,0,0,0,0,0,0,0,0,0,0,0,0,0,0,0,0,0,0,0,0,0,0,0,0,0,0,0,0,0,0,0,0,0,0,0,0,0,0,0,0,0,0,0,0,0,0,0,0,0,0,0,0,0,0
0,0,0,0,0,0,0,0,0,0,0,0,0,0,0,0,0,0,0,0,0,0,0,0,0,0,0,0,0,0,0,0,0,0,0,0,0,0,0,0,0,0,0,0,0,0,0,0,0,0,0,0,0,0,0,0,0,0,0,0,0,0,0,0,0,0,0,0,0,0,0,0,0,0,0,0,0,0,0,0,0,0,0,0,0,0,0,0,0,0,0,0,0,0,0,0,0,0,0,0,0,0,0,0,0,0,0,0,0,0,0,0,0,0,0,0,0,0,0,0,0,0,0,0,0,0,0,0,0,0,0,0,0,0,0,0,0,0,0,0,0,0,0,0,0,0,0,0,0,0,0,0,0,0,0,0,0,0,0,0,0,0,0,0,0,0,0,0,0,0,0,0,0,0,0,0,0,0,0,0,0,0,0,0,0,0,0,0,0,0,0,0,0,0,0,0,0,0,0,0,0,0,0,0,0,0,0,0,0,0,0,0,0,0,0,0,0,0,0,0,0,0,0,0,0,0,0,0,0,0,0,0,0,0,0,0,0,0,0,0,0,0,0,0,0,0,0,0,0,0,0,0,0,0,0,0,0,0,0,0,0,0,0,0,0,0,0,0,0,0,0,0,0,0,0,0,0,0,0,0,0,0,0,0,0,0,0,0,0,0,0,0,0,0,0,0,0,0,0,0,0,0,0,0,0,0,0,0,0,0,0,0,0,0,0,0,0,0,0,0,0
0,0,0,0,0,0,0,0,0,0,0,0,0,0,0,0,0,0,0,0,0,0,0,0,0,0,0,0,0,0,0,0,0,0,0,0,0,0,0,0,0,0,0,0,0,0,0,0,0,0,0,0,0,0,0,0,0,0,0,0,0,0,0,0,0,0,0,0,0,0,0,0,0,0,0,0,0,0,0,0,0,0,0,0,0,0,0,0,0,0,0,0,0,0,0,0,0,0,0,0,0,0,0,0,0,0,0,0,0,0,0,0,0,0,0,0,0,0,0,0,0,0,0,0,0,0,0,0,0,0,0,0,0,0,0,0,0,0,0,0,0,0,0,0,0,0,0,0,0,0,0,0,0,0,0,0,0,0,0,0,0,0,0,0,0,0,0,0,0,0,0,0,0,0,0,0,0,0,0,0,0,0,0,0,0,0,0,0,0,0,0,0,0,0,0,0,0,0,0,0,0,0,0,0,0,0,0,0,0,0,0,0,0,0,0,0,0,0,0,0,0,0,0,0,0,0,0,0,0,0,0,0,0,0,0,0,0,0,0,0,0,0,0,0,0,0,0,0,0,0,0,0,0,0,0,0,0,0,0,0,0,0,0,0,0,0,0,0,0,0,0,0,0,0,0,0,0,0,0,0,0,0,0,0,0,0,0,0,0,0,0,0,0,0,0,0,0,0,0,0,0,0,0,0,0,0,0,0,0,0,0,0,0,0,0,0,0,0,0,0,0
0,0,0,0,0,0,0,0,0,0,0,0,0,0,0,0,0,0,0,0,0,0,0,0,0,0,0,0,0,0,0,0,0,0,0,0,0,0,0,0,0,0,0,0,0,0,0,0,0,0,0,0,0,0,0,0,0,0,0,0,0,0,0,0,0,0,0,0,0,0,0,0,0,0,0,0,0,0,0,0,0,0,0,0,0,0,0,0,0,0,0,0,0,0,0,0,0,0,0,0,0,0,0,0,0,0,0,0,0,0,0,0,0,0,0,0,0,0,0,0,0,0,0,0,0,0,0,0,0,0,0,0,0,0,0,0,0,0,0,0,0,0,0,0,0,0,0,0,0,0,0,0,0,0,0,0,0,0,0,0,0,0,0,0,0,0,0,0,0,0,0,0,0,0,0,0,0,0,0,0,0,0,0,0,0,0,0,0,0,0,0,0,0,0,0,0,0,0,0,0,0,0,0,0,0,0,0,0,0,0,0,0,0,0,0,0,0,0,0,0,0,0,0,0,0,0,0,0,0,0,0,0,0,0,0,0,0,0,0,0,0,0,0,0,0,0,0,0,0,0,0,0,0,0,0,0,0,0,0,0,0,0,0,0,0,0,0,0,0,0,0,0,0,0,0,0,0,0,0,0,0,0,0,0,0,0,0,0,0,0,0,0,0,0,0,0,0,0,0,0,0,0,0,0,0,0,0,0,0,0,0,0,0,0,0,0,0,0,0,0,0
0,0,0,0,0,0,0,0,0,0,0,0,0,0,0,0,0,0,0,0,0,0,0,0,0,0,0,0,0,0,0,0,0,0,0,0,0,0,0,0,0,0,0,0,0,0,0,0,0,0,0,0,0,0,0,0,0,0,0,0,0,0,0,0,0,0,0,0,0,0,0,0,0,0,0,0,0,0,0,0,0,0,0,0,0,0,0,0,0,0,0,0,0,0,0,0,0,0,0,0,0,0,0,0,0,0,0,0,0,0,0,0,0,0,0,0,0,0,0,0,0,0,0,0,0,0,0,0,0,0,0,0,0,0,0,0,0,0,0,0,0,0,0,0,0,0,0,0,0,0,0,0,0,0,0,0,0,0,0,0,0,0,0,0,0,0,0,0,0,0,0,0,0,0,0,0,0,0,0,0,0,0,0,0,0,0,0,0,0,0,0,0,0,0,0,0,0,0,0,0,0,0,0,0,0,0,0,0,0,0,0,0,0,0,0,0,0,0,0,0,0,0,0,0,0,0,0,0,0,0,0,0,0,0,0,0,0,0,0,0,0,0,0,0,0,0,0,0,0,0,0,0,0,0,0,0,0,0,0,0,0,0,0,0,0,0,0,0,0,0,0,0,0,0,0,0,0,0,0,0,0,0,0,0,0,0,0,0,0,0,0,0,0,0,0,0,0,0,0,0,0,0,0,0,0,0,0,0,0,0,0,0,0,0,0,0,0,0,0,0,0
0,0,0,0,0,0,0,0,0,0,0,0,0,0,0,0,0,0,0,0,0,0,0,0,0,0,0,0,0,0,0,0,0,0,0,0,0,0,0,0,0,0,0,0,0,0,0,0,0,0,0,0,0,0,0,0,0,0,0,0,0,0,0,0,0,0,0,0,0,0,0,0,0,0,0,0,0,0,0,0,0,0,0,0,0,0,0,0,0,0,0,0,0,0,0,0,0,0,0,0,0,0,0,0,0,0,0,0,0,0,0,0,0,0,0,0,0,0,0,0,0,0,0,0,0,0,0,0,0,0,0,0,0,0,0,0,0,0,0,0,0,0,0,0,0,0,0,0,0,0,0,0,0,0,0,0,0,0,0,0,0,0,0,0,0,0,0,0,0,0,0,0,0,0,0,0,0,0,0,0,0,0,0,0,0,0,0,0,0,0,0,0,0,0,0,0,0,0,0,0,0,0,0,0,0,0,0,0,0,0,0,0,0,0,0,0,0,0,0,0,0,0,0,0,0,0,0,0,0,0,0,0,0,0,0,0,0,0,0,0,0,0,0,0,0,0,0,0,0,0,0,0,0,0,0,0,0,0,0,0,0,0,0,0,0,0,0,0,0,0,0,0,0,0,0,0,0,0,0,0,0,0,0,0,0,0,0,0,0,0,0,0,0,0,0,0,0,0,0,0,0,0,0,0,0,0,0,0,0,0,0,0,0,0,0,0,0,0,0,0,0
0,0,0,0,0,0,0,0,0,0,0,0,0,0,0,0,0,0,0,0,0,0,0,0,0,0,0,0,0,0,0,0,0,0,0,0,0,0,0,0,0,0,0,0,0,0,0,0,0,0,0,0,0,0,0,0,0,0,0,0,0,0,0,0,0,0,0,0,0,0,0,0,0,0,0,0,0,0,0,0,0,0,0,0,0,0,0,0,0,0,0,0,0,0,0,0,0,0,0,0,0,0,0,0,0,0,0,0,0,0,0,0,0,0,0,0,0,0,0,0,0,0,0,0,0,0,0,0,0,0,0,0,0,0,0,0,0,0,0,0,0,0,0,0,0,0,0,0,0,0,0,0,0,0,0,0,0,0,0,0,0,0,0,0,0,0,0,0,0,0,0,0,0,0,0,0,0,0,0,0,0,0,0,0,0,0,0,0,0,0,0,0,0,0,0,0,0,0,0,0,0,0,0,0,0,0,0,0,0,0,0,0,0,0,0,0,0,0,0,0,0,0,0,0,0,0,0,0,0,0,0,0,0,0,0,0,0,0,0,0,0,0,0,0,0,0,0,0,0,0,0,0,0,0,0,0,0,0,0,0,0,0,0,0,0,0,0,0,0,0,0,0,0,0,0,0,0,0,0,0,0,0,0,0,0,0,0,0,0,0,0,0,0,0,0,0,0,0,0,0,0,0,0,0,0,0,0,0,0,0,0,0,0,0,0,0,0,0,0,0,0
0,0,0,0,0,0,0,0,0,0,0,0,0,0,0,0,0,0,0,0,0,0,0,0,0,0,0,0,0,0,0,0,0,0,0,0,0,0,0,0,0,0,0,0,0,0,0,0,0,0,0,0,0,0,0,0,0,0,0,0,0,0,0,0,0,0,0,0,0,0,0,0,0,0,0,0,0,0,0,0,0,0,0,0,0,0,0,0,0,0,0,0,0,0,0,0,0,0,0,0,0,0,0,0,0,0,0,0,0,0,0,0,0,0,0,0,0,0,0,0,0,0,0,0,0,0,0,0,0,0,0,0,0,0,0,0,0,0,0,0,0,0,0,0,0,0,0,0,0,0,0,0,0,0,0,0,0,0,0,0,0,0,0,0,0,0,0,0,0,0,0,0,0,0,0,0,0,0,0,0,0,0,0,0,0,0,0,0,0,0,0,0,0,0,0,0,0,0,0,0,0,0,0,0,0,0,0,0,0,0,0,0,0,0,0,0,0,0,0,0,0,0,0,0,0,0,0,0,0,0,0,0,0,0,0,0,0,0,0,0,0,0,0,0,0,0,0,0,0,0,0,0,0,0,0,0,0,0,0,0,0,0,0,0,0,0,0,0,0,0,0,0,0,0,0,0,0,0,0,0,0,0,0,0,0,0,0,0,0,0,0,0,0,0,0,0,0,0,0,0,0,0,0,0,0,0,0,0,0,0,0,0,0,0,0,0,0,0,0,0,0
0,0,0,0,0,0,0,0,0,0,0,0,0,0,0,0,0,0,0,0,0,0,0,0,0,0,0,0,0,0,0,0,0,0,0,0,0,0,0,0,0,0,0,0,0,0,0,0,0,0,0,0,0,0,0,0,0,0,0,0,0,0,0,0,0,0,0,0,0,0,0,0,0,0,0,0,0,0,0,0,0,0,0,0,0,0,0,0,0,0,0,0,0,0,0,0,0,0,0,0,0,0,0,0,0,0,0,0,0,0,0,0,0,0,0,0,0,0,0,0,0,0,0,0,0,0,0,0,0,0,0,0,0,0,0,0,0,0,0,0,0,0,0,0,0,0,0,0,0,0,0,0,0,0,0,0,0,0,0,0,0,0,0,0,0,0,0,0,0,0,0,0,0,0,0,0,0,0,0,0,0,0,0,0,0,0,0,0,0,0,0,0,0,0,0,0,0,0,0,0,0,0,0,0,0,0,0,0,0,0,0,0,0,0,0,0,0,0,0,0,0,0,0,0,0,0,0,0,0,0,0,0,0,0,0,0,0,0,0,0,0,0,0,0,0,0,0,0,0,0,0,0,0,0,0,0,0,0,0,0,0,0,0,0,0,0,0,0,0,0,0,0,0,0,0,0,0,0,0,0,0,0,0,0,0,0,0,0,0,0,0,0,0,0,0,0,0,0,0,0,0,0,0,0,0,0,0,0,0,0,0,0,0,0,0,0,0,0,0,0,0
0,0,0,0,0,0,0,0,0,0,0,0,0,0,0,0,0,0,0,0,0,0,0,0,0,0,0,0,0,0,0,0,0,0,0,0,0,0,0,0,0,0,0,0,0,0,0,0,0,0,0,0,0,0,0,0,0,0,0,0,0,0,0,0,0,0,0,0,0,0,0,0,0,0,0,0,0,0,0,0,0,0,0,0,0,0,0,0,0,0,0,0,0,0,0,0,0,0,0,0,0,0,0,0,0,0,0,0,0,0,0,0,0,0,0,0,0,0,0,0,0,0,0,0,0,0,0,0,0,0,0,0,0,0,0,0,0,0,0,0,0,0,0,0,0,0,0,0,0,0,0,0,0,0,0,0,0,0,0,0,0,0,0,0,0,0,0,0,0,0,0,0,0,0,0,0,0,0,0,0,0,0,0,0,0,0,0,0,0,0,0,0,0,0,0,0,0,0,0,0,0,0,0,0,0,0,0,0,0,0,0,0,0,0,0,0,0,0,0,0,0,0,0,0,0,0,0,0,0,0,0,0,0,0,0,0,0,0,0,0,0,0,0,0,0,0,0,0,0,0,0,0,0,0,0,0,0,0,0,0,0,0,0,0,0,0,0,0,0,0,0,0,0,0,0,0,0,0,0,0,0,0,0,0,0,0,0,0,0,0,0,0,0,0,0,0,0,0,0,0,0,0,0,0,0,0,0,0,0,0,0,0,0,0,0,0,0,0,0,0,0
0,0,0,0,0,0,0,0,0,0,0,0,0,0,0,0,0,0,0,0,0,0,0,0,0,0,0,0,0,0,0,0,0,0,0,0,0,0,0,0,0,0,0,0,0,0,0,0,0,0,0,0,0,0,0,0,0,0,0,0,0,0,0,0,0,0,0,0,0,0,0,0,0,0,0,0,0,0,0,0,0,0,0,0,0,0,0,0,0,0,0,0,0,0,0,0,0,0,0,0,0,0,0,0,0,0,0,0,0,0,0,0,0,0,0,0,0,0,0,0,0,0,0,0,0,0,0,0,0,0,0,0,0,0,0,0,0,0,0,0,0,0,0,0,0,0,0,0,0,0,0,0,0,0,0,0,0,0,0,0,0,0,0,0,0,0,0,0,0,0,0,0,0,0,0,0,0,0,0,0,0,0,0,0,0,0,0,0,0,0,0,0,0,0,0,0,0,0,0,0,0,0,0,0,0,0,0,0,0,0,0,0,0,0,0,0,0,0,0,0,0,0,0,0,0,0,0,0,0,0,0,0,0,0,0,0,0,0,0,0,0,0,0,0,0,0,0,0,0,0,0,0,0,0,0,0,0,0,0,0,0,0,0,0,0,0,0,0,0,0,0,0,0,0,0,0,0,0,0,0,0,0,0,0,0,0,0,0,0,0,0,0,0,0,0,0,0,0,0,0,0,0,0,0,0,0,0,0,0,0,0,0,0,0,0,0,0,0,0,0,0
0,0,0,0,0,0,0,0,0,0,0,0,0,0,0,0,0,0,0,0,0,0,0,0,0,0,0,0,0,0,0,0,0,0,0,0,0,0,0,0,0,0,0,0,0,0,0,0,0,0,0,0,0,0,0,0,0,0,0,0,0,0,0,0,0,0,0,0,0,0,0,0,0,0,0,0,0,0,0,0,0,0,0,0,0,0,0,0,0,0,0,0,0,0,0,0,0,0,0,0,0,0,0,0,0,0,0,0,0,0,0,0,0,0,0,0,0,0,0,0,0,0,0,0,0,0,0,0,0,0,0,0,0,0,0,0,0,0,0,0,0,0,0,0,0,0,0,0,0,0,0,0,0,0,0,0,0,0,0,0,0,0,0,0,0,0,0,0,0,0,0,0,0,0,0,0,0,0,0,0,0,0,0,0,0,0,0,0,0,0,0,0,0,0,0,0,0,0,0,0,0,0,0,0,0,0,0,0,0,0,0,0,0,0,0,0,0,0,0,0,0,0,0,0,0,0,0,0,0,0,0,0,0,0,0,0,0,0,0,0,0,0,0,0,0,0,0,0,0,0,0,0,0,0,0,0,0,0,0,0,0,0,0,0,0,0,0,0,0,0,0,0,0,0,0,0,0,0,0,0,0,0,0,0,0,0,0,0,0,0,0,0,0,0,0,0,0,0,0,0,0,0,0,0,0,0,0,0,0,0,0,0,0,0,0,0,0,0,0,0,0
0,0,0,0,0,0,0,0,0,0,0,0,0,0,0,0,0,0,0,0,0,0,0,0,0,0,0,0,0,0,0,0,0,0,0,0,0,0,0,0,0,0,0,0,0,0,0,0,0,0,0,0,0,0,0,0,0,0,0,0,0,0,0,0,0,0,0,0,0,0,0,0,0,0,0,0,0,0,0,0,0,0,0,0,0,0,0,0,0,0,0,0,0,0,0,0,0,0,0,0,0,0,0,0,0,0,0,0,0,0,0,0,0,0,0,0,0,0,0,0,0,0,0,0,0,0,0,0,0,0,0,0,0,0,0,0,0,0,0,0,0,0,0,0,0,0,0,0,0,0,0,0,0,0,0,0,0,0,0,0,0,0,0,0,0,0,0,0,0,0,0,0,0,0,0,0,0,0,0,0,0,0,0,0,0,0,0,0,0,0,0,0,0,0,0,0,0,0,0,0,0,0,0,0,0,0,0,0,0,0,0,0,0,0,0,0,0,0,0,0,0,0,0,0,0,0,0,0,0,0,0,0,0,0,0,0,0,0,0,0,0,0,0,0,0,0,0,0,0,0,0,0,0,0,0,0,0,0,0,0,0,0,0,0,0,0,0,0,0,0,0,0,0,0,0,0,0,0,0,0,0,0,0,0,0,0,0,0,0,0,0,0,0,0,0,0,0,0,0,0,0,0,0,0,0,0,0,0,0,0,0,0,0,0,0,0,0,0,0,0,0
0,0,0,0,0,0,0,0,0,0,0,0,0,0,0,0,0,0,0,0,0,0,0,0,0,0,0,0,0,0,0,0,0,0,0,0,0,0,0,0,0,0,0,0,0,0,0,0,0,0,0,0,0,0,0,0,0,0,0,0,0,0,0,0,0,0,0,0,0,0,0,0,0,0,0,0,0,0,0,0,0,0,0,0,0,0,0,0,0,0,0,0,0,0,0,0,0,0,0,0,0,0,0,0,0,0,0,0,0,0,0,0,0,0,0,0,0,0,0,0,0,0,0,0,0,0,0,0,0,0,0,0,0,0,0,0,0,0,0,0,0,0,0,0,0,0,0,0,0,0,0,0,0,0,0,0,0,0,0,0,0,0,0,0,0,0,0,0,0,0,0,0,0,0,0,0,0,0,0,0,0,0,0,0,0,0,0,0,0,0,0,0,0,0,0,0,0,0,0,0,0,0,0,0,0,0,0,0,0,0,0,0,0,0,0,0,0,0,0,0,0,0,0,0,0,0,0,0,0,0,0,0,0,0,0,0,0,0,0,0,0,0,0,0,0,0,0,0,0,0,0,0,0,0,0,0,0,0,0,0,0,0,0,0,0,0,0,0,0,0,0,0,0,0,0,0,0,0,0,0,0,0,0,0,0,0,0,0,0,0,0,0,0,0,0,0,0,0,0,0,0,0,0,0,0,0,0,0,0,0,0,0,0,0,0,0,0,0,0,0,0
0,0,0,0,0,0,0,0,0,0,0,0,0,0,0,0,0,0,0,0,0,0,0,0,0,0,0,0,0,0,0,0,0,0,0,0,0,0,0,0,0,0,0,0,0,0,0,0,0,0,0,0,0,0,0,0,0,0,0,0,0,0,0,0,0,0,0,0,0,0,0,0,0,0,0,0,0,0,0,0,0,0,0,0,0,0,0,0,0,0,0,0,0,0,0,0,0,0,0,0,0,0,0,0,0,0,0,0,0,0,0,0,0,0,0,0,0,0,0,0,0,0,0,0,0,0,0,0,0,0,0,0,0,0,0,0,0,0,0,0,0,0,0,0,0,0,0,0,0,0,0,0,0,0,0,0,0,0,0,0,0,0,0,0,0,0,0,0,0,0,0,0,0,0,0,0,0,0,0,0,0,0,0,0,0,0,0,0,0,0,0,0,0,0,0,0,0,0,0,0,0,0,0,0,0,0,0,0,0,0,0,0,0,0,0,0,0,0,0,0,0,0,0,0,0,0,0,0,0,0,0,0,0,0,0,0,0,0,0,0,0,0,0,0,0,0,0,0,0,0,0,0,0,0,0,0,0,0,0,0,0,0,0,0,0,0,0,0,0,0,0,0,0,0,0,0,0,0,0,0,0,0,0,0,0,0,0,0,0,0,0,0,0,0,0,0,0,0,0,0,0,0,0,0,0,0,0,0,0,0,0,0,0,0,0,0,0,0,0,0,0
0,0,0,0,0,0,0,0,0,0,0,0,0,0,0,0,0,0,0,0,0,0,0,0,0,0,0,0,0,0,0,0,0,0,0,0,0,0,0,0,0,0,0,0,0,0,0,0,0,0,0,0,0,0,0,0,0,0,0,0,0,0,0,0,0,0,0,0,0,0,0,0,0,0,0,0,0,0,0,0,0,0,0,0,0,0,0,0,0,0,0,0,0,0,0,0,0,0,0,0,0,0,0,0,0,0,0,0,0,0,0,0,0,0,0,0,0,0,0,0,0,0,0,0,0,0,0,0,0,0,0,0,0,0,0,0,0,0,0,0,0,0,0,0,0,0,0,0,0,0,0,0,0,0,0,0,0,0,0,0,0,0,0,0,0,0,0,0,0,0,0,0,0,0,0,0,0,0,0,0,0,0,0,0,0,0,0,0,0,0,0,0,0,0,0,0,0,0,0,0,0,0,0,0,0,0,0,0,0,0,0,0,0,0,0,0,0,0,0,0,0,0,0,0,0,0,0,0,0,0,0,0,0,0,0,0,0,0,0,0,0,0,0,0,0,0,0,0,0,0,0,0,0,0,0,0,0,0,0,0,0,0,0,0,0,0,0,0,0,0,0,0,0,0,0,0,0,0,0,0,0,0,0,0,0,0,0,0,0,0,0,0,0,0,0,0,0,0,0,0,0,0,0,0,0,0,0,0,0,0,0,0,0,0,0,0,0,0,0,0,0
0,0,0,0,0,0,0,0,0,0,0,0,0,0,0,0,0,0,0,0,0,0,0,0,0,0,0,0,0,0,0,0,0,0,0,0,0,0,0,0,0,0,0,0,0,0,0,0,0,0,0,0,0,0,0,0,0,0,0,0,0,0,0,0,0,0,0,0,0,0,0,0,0,0,0,0,0,0,0,0,0,0,0,0,0,0,0,0,0,0,0,0,0,0,0,0,0,0,0,0,0,0,0,0,0,0,0,0,0,0,0,0,0,0,0,0,0,0,0,0,0,0,0,0,0,0,0,0,0,0,0,0,0,0,0,0,0,0,0,0,0,0,0,0,0,0,0,0,0,0,0,0,0,0,0,0,0,0,0,0,0,0,0,0,0,0,0,0,0,0,0,0,0,0,0,0,0,0,0,0,0,0,0,0,0,0,0,0,0,0,0,0,0,0,0,0,0,0,0,0,0,0,0,0,0,0,0,0,0,0,0,0,0,0,0,0,0,0,0,0,0,0,0,0,0,0,0,0,0,0,0,0,0,0,0,0,0,0,0,0,0,0,0,0,0,0,0,0,0,0,0,0,0,0,0,0,0,0,0,0,0,0,0,0,0,0,0,0,0,0,0,0,0,0,0,0,0,0,0,0,0,0,0,0,0,0,0,0,0,0,0,0,0,0,0,0,0,0,0,0,0,0,0,0,0,0,0,0,0,0,0,0,0,0,0,0,0,0,0,0,0
0,0,0,0,0,0,0,0,0,0,0,0,0,0,0,0,0,0,0,0,0,0,0,0,0,0,0,0,0,0,0,0,0,0,0,0,0,0,0,0,0,0,0,0,0,0,0,0,0,0,0,0,0,0,0,0,0,0,0,0,0,0,0,0,0,0,0,0,0,0,0,0,0,0,0,0,0,0,0,0,0,0,0,0,0,0,0,0,0,0,0,0,0,0,0,0,0,0,0,0,0,0,0,0,0,0,0,0,0,0,0,0,0,0,0,0,0,0,0,0,0,0,0,0,0,0,0,0,0,0,0,0,0,0,0,0,0,0,0,0,0,0,0,0,0,0,0,0,0,0,0,0,0,0,0,0,0,0,0,0,0,0,0,0,0,0,0,0,0,0,0,0,0,0,0,0,0,0,0,0,0,0,0,0,0,0,0,0,0,0,0,0,0,0,0,0,0,0,0,0,0,0,0,0,0,0,0,0,0,0,0,0,0,0,0,0,0,0,0,0,0,0,0,0,0,0,0,0,0,0,0,0,0,0,0,0,0,0,0,0,0,0,0,0,0,0,0,0,0,0,0,0,0,0,0,0,0,0,0,0,0,0,0,0,0,0,0,0,0,0,0,0,0,0,0,0,0,0,0,0,0,0,0,0,0,0,0,0,0,0,0,0,0,0,0,0,0,0,0,0,0,0,0,0,0,0,0,0,0,0,0,0,0,0,0,0,0,0,0,0,0
0,0,0,0,0,0,0,0,0,0,0,0,0,0,0,0,0,0,0,0,0,0,0,0,0,0,0,0,0,0,0,0,0,0,0,0,0,0,0,0,0,0,0,0,0,0,0,0,0,0,0,0,0,0,0,0,0,0,0,0,0,0,0,0,0,0,0,0,0,0,0,0,0,0,0,0,0,0,0,0,0,0,0,0,0,0,0,0,0,0,0,0,0,0,0,0,0,0,0,0,0,0,0,0,0,0,0,0,0,0,0,0,0,0,0,0,0,0,0,0,0,0,0,0,0,0,0,0,0,0,0,0,0,0,0,0,0,0,0,0,0,0,0,0,0,0,0,0,0,0,0,0,0,0,0,0,0,0,0,0,0,0,0,0,0,0,0,0,0,0,0,0,0,0,0,0,0,0,0,0,0,0,0,0,0,0,0,0,0,0,0,0,0,0,0,0,0,0,0,0,0,0,0,0,0,0,0,0,0,0,0,0,0,0,0,0,0,0,0,0,0,0,0,0,0,0,0,0,0,0,0,0,0,0,0,0,0,0,0,0,0,0,0,0,0,0,0,0,0,0,0,0,0,0,0,0,0,0,0,0,0,0,0,0,0,0,0,0,0,0,0,0,0,0,0,0,0,0,0,0,0,0,0,0,0,0,0,0,0,0,0,0,0,0,0,0,0,0,0,0,0,0,0,0,0,0,0,0,0,0,0,0,0,0,0,0,0,0,0,0,0
0,0,0,0,0,0,0,0,0,0,0,0,0,0,0,0,0,0,0,0,0,0,0,0,0,0,0,0,0,0,0,0,0,0,0,0,0,0,0,0,0,0,0,0,0,0,0,0,0,0,0,0,0,0,0,0,0,0,0,0,0,0,0,0,0,0,0,0,0,0,0,0,0,0,0,0,0,0,0,0,0,0,0,0,0,0,0,0,0,0,0,0,0,0,0,0,0,0,0,0,0,0,0,0,0,0,0,0,0,0,0,0,0,0,0,0,0,0,0,0,0,0,0,0,0,0,0,0,0,0,0,0,0,0,0,0,0,0,0,0,0,0,0,0,0,0,0,0,0,0,0,0,0,0,0,0,0,0,0,0,0,0,0,0,0,0,0,0,0,0,0,0,0,0,0,0,0,0,0,0,0,0,0,0,0,0,0,0,0,0,0,0,0,0,0,0,0,0,0,0,0,0,0,0,0,0,0,0,0,0,0,0,0,0,0,0,0,0,0,0,0,0,0,0,0,0,0,0,0,0,0,0,0,0,0,0,0,0,0,0,0,0,0,0,0,0,0,0,0,0,0,0,0,0,0,0,0,0,0,0,0,0,0,0,0,0,0,0,0,0,0,0,0,0,0,0,0,0,0,0,0,0,0,0,0,0,0,0,0,0,0,0,0,0,0,0,0,0,0,0,0,0,0,0,0,0,0,0,0,0,0,0,0,0,0,0,0,0,0,0,0
0,0,0,0,0,0,0,0,0,0,0,0,0,0,0,0,0,0,0,0,0,0,0,0,0,0,0,0,0,0,0,0,0,0,0,0,0,0,0,0,0,0,0,0,0,0,0,0,0,0,0,0,0,0,0,0,0,0,0,0,0,0,0,0,0,0,0,0,0,0,0,0,0,0,0,0,0,0,0,0,0,0,0,0,0,0,0,0,0,0,0,0,0,0,0,0,0,0,0,0,0,0,0,0,0,0,0,0,0,0,0,0,0,0,0,0,0,0,0,0,0,0,0,0,0,0,0,0,0,0,0,0,0,0,0,0,0,0,0,0,0,0,0,0,0,0,0,0,0,0,0,0,0,0,0,0,0,0,0,0,0,0,0,0,0,0,0,0,0,0,0,0,0,0,0,0,0,0,0,0,0,0,0,0,0,0,0,0,0,0,0,0,0,0,0,0,0,0,0,0,0,0,0,0,0,0,0,0,0,0,0,0,0,0,0,0,0,0,0,0,0,0,0,0,0,0,0,0,0,0,0,0,0,0,0,0,0,0,0,0,0,0,0,0,0,0,0,0,0,0,0,0,0,0,0,0,0,0,0,0,0,0,0,0,0,0,0,0,0,0,0,0,0,0,0,0,0,0,0,0,0,0,0,0,0,0,0,0,0,0,0,0,0,0,0,0,0,0,0,0,0,0,0,0,0,0,0,0,0,0,0,0,0,0,0,0,0,0,0,0,0
0,0,0,0,0,0,0,0,0,0,0,0,0,0,0,0,0,0,0,0,0,0,0,0,0,0,0,0,0,0,0,0,0,0,0,0,0,0,0,0,0,0,0,0,0,0,0,0,0,0,0,0,0,0,0,0,0,0,0,0,0,0,0,0,0,0,0,0,0,0,0,0,0,0,0,0,0,0,0,0,0,0,0,0,0,0,0,0,0,0,0,0,0,0,0,0,0,0,0,0,0,0,0,0,0,0,0,0,0,0,0,0,0,0,0,0,0,0,0,0,0,0,0,0,0,0,0,0,0,0,0,0,0,0,0,0,0,0,0,0,0,0,0,0,0,0,0,0,0,0,0,0,0,0,0,0,0,0,0,0,0,0,0,0,0,0,0,0,0,0,0,0,0,0,0,0,0,0,0,0,0,0,0,0,0,0,0,0,0,0,0,0,0,0,0,0,0,0,0,0,0,0,0,0,0,0,0,0,0,0,0,0,0,0,0,0,0,0,0,0,0,0,0,0,0,0,0,0,0,0,0,0,0,0,0,0,0,0,0,0,0,0,0,0,0,0,0,0,0,0,0,0,0,0,0,0,0,0,0,0,0,0,0,0,0,0,0,0,0,0,0,0,0,0,0,0,0,0,0,0,0,0,0,0,0,0,0,0,0,0,0,0,0,0,0,0,0,0,0,0,0,0,0,0,0,0,0,0,0,0,0,0,0,0,0,0,0,0,0,0,0
0,0,0,0,0,0,0,0,0,0,0,0,0,0,0,0,0,0,0,0,0,0,0,0,0,0,0,0,0,0,0,0,0,0,0,0,0,0,0,0,0,0,0,0,0,0,0,0,0,0,0,0,0,0,0,0,0,0,0,0,0,0,0,0,0,0,0,0,0,0,0,0,0,0,0,0,0,0,0,0,0,0,0,0,0,0,0,0,0,0,0,0,0,0,0,0,0,0,0,0,0,0,0,0,0,0,0,0,0,0,0,0,0,0,0,0,0,0,0,0,0,0,0,0,0,0,0,0,0,0,0,0,0,0,0,0,0,0,0,0,0,0,0,0,0,0,0,0,0,0,0,0,0,0,0,0,0,0,0,0,0,0,0,0,0,0,0,0,0,0,0,0,0,0,0,0,0,0,0,0,0,0,0,0,0,0,0,0,0,0,0,0,0,0,0,0,0,0,0,0,0,0,0,0,0,0,0,0,0,0,0,0,0,0,0,0,0,0,0,0,0,0,0,0,0,0,0,0,0,0,0,0,0,0,0,0,0,0,0,0,0,0,0,0,0,0,0,0,0,0,0,0,0,0,0,0,0,0,0,0,0,0,0,0,0,0,0,0,0,0,0,0,0,0,0,0,0,0,0,0,0,0,0,0,0,0,0,0,0,0,0,0,0,0,0,0,0,0,0,0,0,0,0,0,0,0,0,0,0,0,0,0,0,0,0,0,0,0,0,0,0
0,0,0,0,0,0,0,0,0,0,0,0,0,0,0,0,0,0,0,0,0,0,0,0,0,0,0,0,0,0,0,0,0,0,0,0,0,0,0,0,0,0,0,0,0,0,0,0,0,0,0,0,0,0,0,0,0,0,0,0,0,0,0,0,0,0,0,0,0,0,0,0,0,0,0,0,0,0,0,0,0,0,0,0,0,0,0,0,0,0,0,0,0,0,0,0,0,0,0,0,0,0,0,0,0,0,0,0,0,0,0,0,0,0,0,0,0,0,0,0,0,0,0,0,0,0,0,0,0,0,0,0,0,0,0,0,0,0,0,0,0,0,0,0,0,0,0,0,0,0,0,0,0,0,0,0,0,0,0,0,0,0,0,0,0,0,0,0,0,0,0,0,0,0,0,0,0,0,0,0,0,0,0,0,0,0,0,0,0,0,0,0,0,0,0,0,0,0,0,0,0,0,0,0,0,0,0,0,0,0,0,0,0,0,0,0,0,0,0,0,0,0,0,0,0,0,0,0,0,0,0,0,0,0,0,0,0,0,0,0,0,0,0,0,0,0,0,0,0,0,0,0,0,0,0,0,0,0,0,0,0,0,0,0,0,0,0,0,0,0,0,0,0,0,0,0,0,0,0,0,0,0,0,0,0,0,0,0,0,0,0,0,0,0,0,0,0,0,0,0,0,0,0,0,0,0,0,0,0,0,0,0,0,0,0,0,0,0,0,0,0
0,0,0,0,0,0,0,0,0,0,0,0,0,0,0,0,0,0,0,0,0,0,0,0,0,0,0,0,0,0,0,0,0,0,0,0,0,0,0,0,0,0,0,0,0,0,0,0,0,0,0,0,0,0,0,0,0,0,0,0,0,0,0,0,0,0,0,0,0,0,0,0,0,0,0,0,0,0,0,0,0,0,0,0,0,0,0,0,0,0,0,0,0,0,0,0,0,0,0,0,0,0,0,0,0,0,0,0,0,0,0,0,0,0,0,0,0,0,0,0,0,0,0,0,0,0,0,0,0,0,0,0,0,0,0,0,0,0,0,0,0,0,0,0,0,0,0,0,0,0,0,0,0,0,0,0,0,0,0,0,0,0,0,0,0,0,0,0,0,0,0,0,0,0,0,0,0,0,0,0,0,0,0,0,0,0,0,0,0,0,0,0,0,0,0,0,0,0,0,0,0,0,0,0,0,0,0,0,0,0,0,0,0,0,0,0,0,0,0,0,0,0,0,0,0,0,0,0,0,0,0,0,0,0,0,0,0,0,0,0,0,0,0,0,0,0,0,0,0,0,0,0,0,0,0,0,0,0,0,0,0,0,0,0,0,0,0,0,0,0,0,0,0,0,0,0,0,0,0,0,0,0,0,0,0,0,0,0,0,0,0,0,0,0,0,0,0,0,0,0,0,0,0,0,0,0,0,0,0,0,0,0,0,0,0,0,0,0,0,0,0
0,0,0,0,0,0,0,0,0,0,0,0,0,0,0,0,0,0,0,0,0,0,0,0,0,0,0,0,0,0,0,0,0,0,0,0,0,0,0,0,0,0,0,0,0,0,0,0,0,0,0,0,0,0,0,0,0,0,0,0,0,0,0,0,0,0,0,0,0,0,0,0,0,0,0,0,0,0,0,0,0,0,0,0,0,0,0,0,0,0,0,0,0,0,0,0,0,0,0,0,0,0,0,0,0,0,0,0,0,0,0,0,0,0,0,0,0,0,0,0,0,0,0,0,0,0,0,0,0,0,0,0,0,0,0,0,0,0,0,0,0,0,0,0,0,0,0,0,0,0,0,0,0,0,0,0,0,0,0,0,0,0,0,0,0,0,0,0,0,0,0,0,0,0,0,0,0,0,0,0,0,0,0,0,0,0,0,0,0,0,0,0,0,0,0,0,0,0,0,0,0,0,0,0,0,0,0,0,0,0,0,0,0,0,0,0,0,0,0,0,0,0,0,0,0,0,0,0,0,0,0,0,0,0,0,0,0,0,0,0,0,0,0,0,0,0,0,0,0,0,0,0,0,0,0,0,0,0,0,0,0,0,0,0,0,0,0,0,0,0,0,0,0,0,0,0,0,0,0,0,0,0,0,0,0,0,0,0,0,0,0,0,0,0,0,0,0,0,0,0,0,0,0,0,0,0,0,0,0,0,0,0,0,0,0,0,0,0,0,0,0
0,0,0,0,0,0,0,0,0,0,0,0,0,0,0,0,0,0,0,0,0,0,0,0,0,0,0,0,0,0,0,0,0,0,0,0,0,0,0,0,0,0,0,0,0,0,0,0,0,0,0,0,0,0,0,0,0,0,0,0,0,0,0,0,0,0,0,0,0,0,0,0,0,0,0,0,0,0,0,0,0,0,0,0,0,0,0,0,0,0,0,0,0,0,0,0,0,0,0,0,0,0,0,0,0,0,0,0,0,0,0,0,0,0,0,0,0,0,0,0,0,0,0,0,0,0,0,0,0,0,0,0,0,0,0,0,0,0,0,0,0,0,0,0,0,0,0,0,0,0,0,0,0,0,0,0,0,0,0,0,0,0,0,0,0,0,0,0,0,0,0,0,0,0,0,0,0,0,0,0,0,0,0,0,0,0,0,0,0,0,0,0,0,0,0,0,0,0,0,0,0,0,0,0,0,0,0,0,0,0,0,0,0,0,0,0,0,0,0,0,0,0,0,0,0,0,0,0,0,0,0,0,0,0,0,0,0,0,0,0,0,0,0,0,0,0,0,0,0,0,0,0,0,0,0,0,0,0,0,0,0,0,0,0,0,0,0,0,0,0,0,0,0,0,0,0,0,0,0,0,0,0,0,0,0,0,0,0,0,0,0,0,0,0,0,0,0,0,0,0,0,0,0,0,0,0,0,0,0,0,0,0,0,0,0,0,0,0,0,0,0
0,0,0,0,0,0,0,0,0,0,0,0,0,0,0,0,0,0,0,0,0,0,0,0,0,0,0,0,0,0,0,0,0,0,0,0,0,0,0,0,0,0,0,0,0,0,0,0,0,0,0,0,0,0,0,0,0,0,0,0,0,0,0,0,0,0,0,0,0,0,0,0,0,0,0,0,0,0,0,0,0,0,0,0,0,0,0,0,0,0,0,0,0,0,0,0,0,0,0,0,0,0,0,0,0,0,0,0,0,0,0,0,0,0,0,0,0,0,0,0,0,0,0,0,0,0,0,0,0,0,0,0,0,0,0,0,0,0,0,0,0,0,0,0,0,0,0,0,0,0,0,0,0,0,0,0,0,0,0,0,0,0,0,0,0,0,0,0,0,0,0,0,0,0,0,0,0,0,0,0,0,0,0,0,0,0,0,0,0,0,0,0,0,0,0,0,0,0,0,0,0,0,0,0,0,0,0,0,0,0,0,0,0,0,0,0,0,0,0,0,0,0,0,0,0,0,0,0,0,0,0,0,0,0,0,0,0,0,0,0,0,0,0,0,0,0,0,0,0,0,0,0,0,0,0,0,0,0,0,0,0,0,0,0,0,0,0,0,0,0,0,0,0,0,0,0,0,0,0,0,0,0,0,0,0,0,0,0,0,0,0,0,0,0,0,0,0,0,0,0,0,0,0,0,0,0,0,0,0,0,0,0,0,0,0,0,0,0,0,0,0
0,0,0,0,0,0,0,0,0,0,0,0,0,0,0,0,0,0,0,0,0,0,0,0,0,0,0,0,0,0,0,0,0,0,0,0,0,0,0,0,0,0,0,0,0,0,0,0,0,0,0,0,0,0,0,0,0,0,0,0,0,0,0,0,0,0,0,0,0,0,0,0,0,0,0,0,0,0,0,0,0,0,0,0,0,0,0,0,0,0,0,0,0,0,0,0,0,0,0,0,0,0,0,0,0,0,0,0,0,0,0,0,0,0,0,0,0,0,0,0,0,0,0,0,0,0,0,0,0,0,0,0,0,0,0,0,0,0,0,0,0,0,0,0,0,0,0,0,0,0,0,0,0,0,0,0,0,0,0,0,0,0,0,0,0,0,0,0,0,0,0,0,0,0,0,0,0,0,0,0,0,0,0,0,0,0,0,0,0,0,0,0,0,0,0,0,0,0,0,0,0,0,0,0,0,0,0,0,0,0,0,0,0,0,0,0,0,0,0,0,0,0,0,0,0,0,0,0,0,0,0,0,0,0,0,0,0,0,0,0,0,0,0,0,0,0,0,0,0,0,0,0,0,0,0,0,0,0,0,0,0,0,0,0,0,0,0,0,0,0,0,0,0,0,0,0,0,0,0,0,0,0,0,0,0,0,0,0,0,0,0,0,0,0,0,0,0,0,0,0,0,0,0,0,0,0,0,0,0,0,0,0,0,0,0,0,0,0,0,0,0
0,0,0,0,0,0,0,0,0,0,0,0,0,0,0,0,0,0,0,0,0,0,0,0,0,0,0,0,0,0,0,0,0,0,0,0,0,0,0,0,0,0,0,0,0,0,0,0,0,0,0,0,0,0,0,0,0,0,0,0,0,0,0,0,0,0,0,0,0,0,0,0,0,0,0,0,0,0,0,0,0,0,0,0,0,0,0,0,0,0,0,0,0,0,0,0,0,0,0,0,0,0,0,0,0,0,0,0,0,0,0,0,0,0,0,0,0,0,0,0,0,0,0,0,0,0,0,0,0,0,0,0,0,0,0,0,0,0,0,0,0,0,0,0,0,0,0,0,0,0,0,0,0,0,0,0,0,0,0,0,0,0,0,0,0,0,0,0,0,0,0,0,0,0,0,0,0,0,0,0,0,0,0,0,0,0,0,0,0,0,0,0,0,0,0,0,0,0,0,0,0,0,0,0,0,0,0,0,0,0,0,0,0,0,0,0,0,0,0,0,0,0,0,0,0,0,0,0,0,0,0,0,0,0,0,0,0,0,0,0,0,0,0,0,0,0,0,0,0,0,0,0,0,0,0,0,0,0,0,0,0,0,0,0,0,0,0,0,0,0,0,0,0,0,0,0,0,0,0,0,0,0,0,0,0,0,0,0,0,0,0,0,0,0,0,0,0,0,0,0,0,0,0,0,0,0,0,0,0,0,0,0,0,0,0,0,0,0,0,0,0
0,0,0,0,0,0,0,0,0,0,0,0,0,0,0,0,0,0,0,0,0,0,0,0,0,0,0,0,0,0,0,0,0,0,0,0,0,0,0,0,0,0,0,0,0,0,0,0,0,0,0,0,0,0,0,0,0,0,0,0,0,0,0,0,0,0,0,0,0,0,0,0,0,0,0,0,0,0,0,0,0,0,0,0,0,0,0,0,0,0,0,0,0,0,0,0,0,0,0,0,0,0,0,0,0,0,0,0,0,0,0,0,0,0,0,0,0,0,0,0,0,0,0,0,0,0,0,0,0,0,0,0,0,0,0,0,0,0,0,0,0,0,0,0,0,0,0,0,0,0,0,0,0,0,0,0,0,0,0,0,0,0,0,0,0,0,0,0,0,0,0,0,0,0,0,0,0,0,0,0,0,0,0,0,0,0,0,0,0,0,0,0,0,0,0,0,0,0,0,0,0,0,0,0,0,0,0,0,0,0,0,0,0,0,0,0,0,0,0,0,0,0,0,0,0,0,0,0,0,0,0,0,0,0,0,0,0,0,0,0,0,0,0,0,0,0,0,0,0,0,0,0,0,0,0,0,0,0,0,0,0,0,0,0,0,0,0,0,0,0,0,0,0,0,0,0,0,0,0,0,0,0,0,0,0,0,0,0,0,0,0,0,0,0,0,0,0,0,0,0,0,0,0,0,0,0,0,0,0,0,0,0,0,0,0,0,0,0,0,0,0
0,0,0,0,0,0,0,0,0,0,0,0,0,0,0,0,0,0,0,0,0,0,0,0,0,0,0,0,0,0,0,0,0,0,0,0,0,0,0,0,0,0,0,0,0,0,0,0,0,0,0,0,0,0,0,0,0,0,0,0,0,0,0,0,0,0,0,0,0,0,0,0,0,0,0,0,0,0,0,0,0,0,0,0,0,0,0,0,0,0,0,0,0,0,0,0,0,0,0,0,0,0,0,0,0,0,0,0,0,0,0,0,0,0,0,0,0,0,0,0,0,0,0,0,0,0,0,0,0,0,0,0,0,0,0,0,0,0,0,0,0,0,0,0,0,0,0,0,0,0,0,0,0,0,0,0,0,0,0,0,0,0,0,0,0,0,0,0,0,0,0,0,0,0,0,0,0,0,0,0,0,0,0,0,0,0,0,0,0,0,0,0,0,0,0,0,0,0,0,0,0,0,0,0,0,0,0,0,0,0,0,0,0,0,0,0,0,0,0,0,0,0,0,0,0,0,0,0,0,0,0,0,0,0,0,0,0,0,0,0,0,0,0,0,0,0,0,0,0,0,0,0,0,0,0,0,0,0,0,0,0,0,0,0,0,0,0,0,0,0,0,0,0,0,0,0,0,0,0,0,0,0,0,0,0,0,0,0,0,0,0,0,0,0,0,0,0,0,0,0,0,0,0,0,0,0,0,0,0,0,0,0,0,0,0,0,0,0,0,0,0
0,0,0,0,0,0,0,0,0,0,0,0,0,0,0,0,0,0,0,0,0,0,0,0,0,0,0,0,0,0,0,0,0,0,0,0,0,0,0,0,0,0,0,0,0,0,0,0,0,0,0,0,0,0,0,0,0,0,0,0,0,0,0,0,0,0,0,0,0,0,0,0,0,0,0,0,0,0,0,0,0,0,0,0,0,0,0,0,0,0,0,0,0,0,0,0,0,0,0,0,0,0,0,0,0,0,0,0,0,0,0,0,0,0,0,0,0,0,0,0,0,0,0,0,0,0,0,0,0,0,0,0,0,0,0,0,0,0,0,0,0,0,0,0,0,0,0,0,0,0,0,0,0,0,0,0,0,0,0,0,0,0,0,0,0,0,0,0,0,0,0,0,0,0,0,0,0,0,0,0,0,0,0,0,0,0,0,0,0,0,0,0,0,0,0,0,0,0,0,0,0,0,0,0,0,0,0,0,0,0,0,0,0,0,0,0,0,0,0,0,0,0,0,0,0,0,0,0,0,0,0,0,0,0,0,0,0,0,0,0,0,0,0,0,0,0,0,0,0,0,0,0,0,0,0,0,0,0,0,0,0,0,0,0,0,0,0,0,0,0,0,0,0,0,0,0,0,0,0,0,0,0,0,0,0,0,0,0,0,0,0,0,0,0,0,0,0,0,0,0,0,0,0,0,0,0,0,0,0,0,0,0,0,0,0,0,0,0,0,0,0
0,0,0,0,0,0,0,0,0,0,0,0,0,0,0,0,0,0,0,0,0,0,0,0,0,0,0,0,0,0,0,0,0,0,0,0,0,0,0,0,0,0,0,0,0,0,0,0,0,0,0,0,0,0,0,0,0,0,0,0,0,0,0,0,0,0,0,0,0,0,0,0,0,0,0,0,0,0,0,0,0,0,0,0,0,0,0,0,0,0,0,0,0,0,0,0,0,0,0,0,0,0,0,0,0,0,0,0,0,0,0,0,0,0,0,0,0,0,0,0,0,0,0,0,0,0,0,0,0,0,0,0,0,0,0,0,0,0,0,0,0,0,0,0,0,0,0,0,0,0,0,0,0,0,0,0,0,0,0,0,0,0,0,0,0,0,0,0,0,0,0,0,0,0,0,0,0,0,0,0,0,0,0,0,0,0,0,0,0,0,0,0,0,0,0,0,0,0,0,0,0,0,0,0,0,0,0,0,0,0,0,0,0,0,0,0,0,0,0,0,0,0,0,0,0,0,0,0,0,0,0,0,0,0,0,0,0,0,0,0,0,0,0,0,0,0,0,0,0,0,0,0,0,0,0,0,0,0,0,0,0,0,0,0,0,0,0,0,0,0,0,0,0,0,0,0,0,0,0,0,0,0,0,0,0,0,0,0,0,0,0,0,0,0,0,0,0,0,0,0,0,0,0,0,0,0,0,0,0,0,0,0,0,0,0,0,0,0,0,0,0
0,0,0,0,0,0,0,0,0,0,0,0,0,0,0,0,0,0,0,0,0,0,0,0,0,0,0,0,0,0,0,0,0,0,0,0,0,0,0,0,0,0,0,0,0,0,0,0,0,0,0,0,0,0,0,0,0,0,0,0,0,0,0,0,0,0,0,0,0,0,0,0,0,0,0,0,0,0,0,0,0,0,0,0,0,0,0,0,0,0,0,0,0,0,0,0,0,0,0,0,0,0,0,0,0,0,0,0,0,0,0,0,0,0,0,0,0,0,0,0,0,0,0,0,0,0,0,0,0,0,0,0,0,0,0,0,0,0,0,0,0,0,0,0,0,0,0,0,0,0,0,0,0,0,0,0,0,0,0,0,0,0,0,0,0,0,0,0,0,0,0,0,0,0,0,0,0,0,0,0,0,0,0,0,0,0,0,0,0,0,0,0,0,0,0,0,0,0,0,0,0,0,0,0,0,0,0,0,0,0,0,0,0,0,0,0,0,0,0,0,0,0,0,0,0,0,0,0,0,0,0,0,0,0,0,0,0,0,0,0,0,0,0,0,0,0,0,0,0,0,0,0,0,0,0,0,0,0,0,0,0,0,0,0,0,0,0,0,0,0,0,0,0,0,0,0,0,0,0,0,0,0,0,0,0,0,0,0,0,0,0,0,0,0,0,0,0,0,0,0,0,0,0,0,0,0,0,0,0,0,0,0,0,0,0,0,0,0,0,0,0
0,0,0,0,0,0,0,0,0,0,0,0,0,0,0,0,0,0,0,0,0,0,0,0,0,0,0,0,0,0,0,0,0,0,0,0,0,0,0,0,0,0,0,0,0,0,0,0,0,0,0,0,0,0,0,0,0,0,0,0,0,0,0,0,0,0,0,0,0,0,0,0,0,0,0,0,0,0,0,0,0,0,0,0,0,0,0,0,0,0,0,0,0,0,0,0,0,0,0,0,0,0,0,0,0,0,0,0,0,0,0,0,0,0,0,0,0,0,0,0,0,0,0,0,0,0,0,0,0,0,0,0,0,0,0,0,0,0,0,0,0,0,0,0,0,0,0,0,0,0,0,0,0,0,0,0,0,0,0,0,0,0,0,0,0,0,0,0,0,0,0,0,0,0,0,0,0,0,0,0,0,0,0,0,0,0,0,0,0,0,0,0,0,0,0,0,0,0,0,0,0,0,0,0,0,0,0,0,0,0,0,0,0,0,0,0,0,0,0,0,0,0,0,0,0,0,0,0,0,0,0,0,0,0,0,0,0,0,0,0,0,0,0,0,0,0,0,0,0,0,0,0,0,0,0,0,0,0,0,0,0,0,0,0,0,0,0,0,0,0,0,0,0,0,0,0,0,0,0,0,0,0,0,0,0,0,0,0,0,0,0,0,0,0,0,0,0,0,0,0,0,0,0,0,0,0,0,0,0,0,0,0,0,0,0,0,0,0,0,0,0
0,0,0,0,0,0,0,0,0,0,0,0,0,0,0,0,0,0,0,0,0,0,0,0,0,0,0,0,0,0,0,0,0,0,0,0,0,0,0,0,0,0,0,0,0,0,0,0,0,0,0,0,0,0,0,0,0,0,0,0,0,0,0,0,0,0,0,0,0,0,0,0,0,0,0,0,0,0,0,0,0,0,0,0,0,0,0,0,0,0,0,0,0,0,0,0,0,0,0,0,0,0,0,0,0,0,0,0,0,0,0,0,0,0,0,0,0,0,0,0,0,0,0,0,0,0,0,0,0,0,0,0,0,0,0,0,0,0,0,0,0,0,0,0,0,0,0,0,0,0,0,0,0,0,0,0,0,0,0,0,0,0,0,0,0,0,0,0,0,0,0,0,0,0,0,0,0,0,0,0,0,0,0,0,0,0,0,0,0,0,0,0,0,0,0,0,0,0,0,0,0,0,0,0,0,0,0,0,0,0,0,0,0,0,0,0,0,0,0,0,0,0,0,0,0,0,0,0,0,0,0,0,0,0,0,0,0,0,0,0,0,0,0,0,0,0,0,0,0,0,0,0,0,0,0,0,0,0,0,0,0,0,0,0,0,0,0,0,0,0,0,0,0,0,0,0,0,0,0,0,0,0,0,0,0,0,0,0,0,0,0,0,0,0,0,0,0,0,0,0,0,0,0,0,0,0,0,0,0,0,0,0,0,0,0,0,0,0,0,0,0
0,0,0,0,0,0,0,0,0,0,0,0,0,0,0,0,0,0,0,0,0,0,0,0,0,0,0,0,0,0,0,0,0,0,0,0,0,0,0,0,0,0,0,0,0,0,0,0,0,0,0,0,0,0,0,0,0,0,0,0,0,0,0,0,0,0,0,0,0,0,0,0,0,0,0,0,0,0,0,0,0,0,0,0,0,0,0,0,0,0,0,0,0,0,0,0,0,0,0,0,0,0,0,0,0,0,0,0,0,0,0,0,0,0,0,0,0,0,0,0,0,0,0,0,0,0,0,0,0,0,0,0,0,0,0,0,0,0,0,0,0,0,0,0,0,0,0,0,0,0,0,0,0,0,0,0,0,0,0,0,0,0,0,0,0,0,0,0,0,0,0,0,0,0,0,0,0,0,0,0,0,0,0,0,0,0,0,0,0,0,0,0,0,0,0,0,0,0,0,0,0,0,0,0,0,0,0,0,0,0,0,0,0,0,0,0,0,0,0,0,0,0,0,0,0,0,0,0,0,0,0,0,0,0,0,0,0,0,0,0,0,0,0,0,0,0,0,0,0,0,0,0,0,0,0,0,0,0,0,0,0,0,0,0,0,0,0,0,0,0,0,0,0,0,0,0,0,0,0,0,0,0,0,0,0,0,0,0,0,0,0,0,0,0,0,0,0,0,0,0,0,0,0,0,0,0,0,0,0,0,0,0,0,0,0,0,0,0,0,0,0
0,0,0,0,0,0,0,0,0,0,0,0,0,0,0,0,0,0,0,0,0,0,0,0,0,0,0,0,0,0,0,0,0,0,0,0,0,0,0,0,0,0,0,0,0,0,0,0,0,0,0,0,0,0,0,0,0,0,0,0,0,0,0,0,0,0,0,0,0,0,0,0,0,0,0,0,0,0,0,0,0,0,0,0,0,0,0,0,0,0,0,0,0,0,0,0,0,0,0,0,0,0,0,0,0,0,0,0,0,0,0,0,0,0,0,0,0,0,0,0,0,0,0,0,0,0,0,0,0,0,0,0,0,0,0,0,0,0,0,0,0,0,0,0,0,0,0,0,0,0,0,0,0,0,0,0,0,0,0,0,0,0,0,0,0,0,0,0,0,0,0,0,0,0,0,0,0,0,0,0,0,0,0,0,0,0,0,0,0,0,0,0,0,0,0,0,0,0,0,0,0,0,0,0,0,0,0,0,0,0,0,0,0,0,0,0,0,0,0,0,0,0,0,0,0,0,0,0,0,0,0,0,0,0,0,0,0,0,0,0,0,0,0,0,0,0,0,0,0,0,0,0,0,0,0,0,0,0,0,0,0,0,0,0,0,0,0,0,0,0,0,0,0,0,0,0,0,0,0,0,0,0,0,0,0,0,0,0,0,0,0,0,0,0,0,0,0,0,0,0,0,0,0,0,0,0,0,0,0,0,0,0,0,0,0,0,0,0,0,0,0
0,0,0,0,0,0,0,0,0,0,0,0,0,0,0,0,0,0,0,0,0,0,0,0,0,0,0,0,0,0,0,0,0,0,0,0,0,0,0,0,0,0,0,0,0,0,0,0,0,0,0,0,0,0,0,0,0,0,0,0,0,0,0,0,0,0,0,0,0,0,0,0,0,0,0,0,0,0,0,0,0,0,0,0,0,0,0,0,0,0,0,0,0,0,0,0,0,0,0,0,0,0,0,0,0,0,0,0,0,0,0,0,0,0,0,0,0,0,0,0,0,0,0,0,0,0,0,0,0,0,0,0,0,0,0,0,0,0,0,0,0,0,0,0,0,0,0,0,0,0,0,0,0,0,0,0,0,0,0,0,0,0,0,0,0,0,0,0,0,0,0,0,0,0,0,0,0,0,0,0,0,0,0,0,0,0,0,0,0,0,0,0,0,0,0,0,0,0,0,0,0,0,0,0,0,0,0,0,0,0,0,0,0,0,0,0,0,0,0,0,0,0,0,0,0,0,0,0,0,0,0,0,0,0,0,0,0,0,0,0,0,0,0,0,0,0,0,0,0,0,0,0,0,0,0,0,0,0,0,0,0,0,0,0,0,0,0,0,0,0,0,0,0,0,0,0,0,0,0,0,0,0,0,0,0,0,0,0,0,0,0,0,0,0,0,0,0,0,0,0,0,0,0,0,0,0,0,0,0,0,0,0,0,0,0,0,0,0,0,0,0
0,0,0,0,0,0,0,0,0,0,0,0,0,0,0,0,0,0,0,0,0,0,0,0,0,0,0,0,0,0,0,0,0,0,0,0,0,0,0,0,0,0,0,0,0,0,0,0,0,0,0,0,0,0,0,0,0,0,0,0,0,0,0,0,0,0,0,0,0,0,0,0,0,0,0,0,0,0,0,0,0,0,0,0,0,0,0,0,0,0,0,0,0,0,0,0,0,0,0,0,0,0,0,0,0,0,0,0,0,0,0,0,0,0,0,0,0,0,0,0,0,0,0,0,0,0,0,0,0,0,0,0,0,0,0,0,0,0,0,0,0,0,0,0,0,0,0,0,0,0,0,0,0,0,0,0,0,0,0,0,0,0,0,0,0,0,0,0,0,0,0,0,0,0,0,0,0,0,0,0,0,0,0,0,0,0,0,0,0,0,0,0,0,0,0,0,0,0,0,0,0,0,0,0,0,0,0,0,0,0,0,0,0,0,0,0,0,0,0,0,0,0,0,0,0,0,0,0,0,0,0,0,0,0,0,0,0,0,0,0,0,0,0,0,0,0,0,0,0,0,0,0,0,0,0,0,0,0,0,0,0,0,0,0,0,0,0,0,0,0,0,0,0,0,0,0,0,0,0,0,0,0,0,0,0,0,0,0,0,0,0,0,0,0,0,0,0,0,0,0,0,0,0,0,0,0,0,0,0,0,0,0,0,0,0,0,0,0,5.85197934794594e-07,1.87805617426511e-06,2.66850257430976e-06
0,0,0,0,0,0,0,0,0,0,0,0,0,0,0,0,0,0,0,0,0,0,0,0,0,0,0,0,0,0,0,0,0,0,0,0,0,0,0,0,0,0,0,0,0,0,0,0,0,0,0,0,0,0,0,0,0,0,0,0,0,0,0,0,0,0,0,0,0,0,0,0,0,0,0,0,0,0,0,0,0,0,0,0,0,0,0,0,0,0,0,0,0,0,0,0,0,0,0,0,0,0,0,0,0,0,0,0,0,0,0,0,0,0,0,0,0,0,0,0,0,0,0,0,0,0,0,0,0,0,0,0,0,0,0,0,0,0,0,0,0,0,0,0,0,0,0,0,0,0,0,0,0,0,0,0,0,0,0,0,0,0,0,0,0,0,0,0,0,0,0,0,0,0,0,0,0,0,0,0,0,0,0,0,0,0,0,0,0,0,0,0,0,0,0,0,0,0,0,0,0,0,0,0,0,0,0,0,0,0,0,0,0,0,0,0,0,0,0,0,0,0,0,0,0,0,0,0,0,0,0,0,0,0,0,0,0,0,0,0,0,0,0,0,0,0,0,0,0,0,0,0,0,0,0,0,0,0,0,0,0,0,0,0,0,0,0,0,0,0,0,0,0,0,0,0,0,0,0,0,0,0,0,0,0,0,0,0,0,0,0,0,0,0,0,0,0,0,0,0,0,0,0,0,0,0,0,0,0,0,0,0,0,0,0,0,1.35672180725443e-06,2.18265628142357e-06,2.84017238042648e-06,3.43158045808119e-06,3.98997039300358e-06
0,0,0,0,0,0,0,0,0,0,0,0,0,0,0,0,0,0,0,0,0,0,0,0,0,0,0,0,0,0,0,0,0,0,0,0,0,0,0,0,0,0,0,0,0,0,0,0,0,0,0,0,0,0,0,0,0,0,0,0,0,0,0,0,0,0,0,0,0,0,0,0,0,0,0,0,0,0,0,0,0,0,0,0,0,0,0,0,0,0,0,0,0,0,0,0,0,0,0,0,0,0,0,0,0,0,0,0,0,0,0,0,0,0,0,0,0,0,0,0,0,0,0,0,0,0,0,0,0,0,0,0,0,0,0,0,0,0,0,0,0,0,0,0,0,0,0,0,0,0,0,0,0,0,0,0,0,0,0,0,0,0,0,0,0,0,0,0,0,0,0,0,0,0,0,0,0,0,0,0,0,0,0,0,0,0,0,0,0,0,0,0,0,0,0,0,0,0,0,0,0,0,0,0,0,0,0,0,0,0,0,0,0,0,0,0,0,0,0,0,0,0,0,0,0,0,0,0,0,0,0,0,0,0,0,0,0,0,0,0,0,0,0,0,0,0,0,0,0,0,0,0,0,0,0,0,0,0,0,0,0,0,0,0,0,0,0,0,0,0,0,0,0,0,0,0,0,0,0,0,0,0,0,0,0,0,0,0,0,0,0,0,0,0,0,0,0,0,0,0,0,0,0,0,0,0,0,0,0,0,0,0,0,7.88081314573705e-07,1.72346546329084e-06,2.37604490336171e-06,2.94476860062666e-06,3.47482836950489e-06,3.98507933707487e-06,4.48541962229514e-06,4.98176579603741e-06
0,0,0,0,0,0,0,0,0,0,0,0,0,0,0,0,0,0,0,0,0,0,0,0,0,0,0,0,0,0,0,0,0,0,0,0,0,0,0,0,0,0,0,0,0,0,0,0,0,0,0,0,0,0,0,0,0,0,0,0,0,0,0,0,0,0,0,0,0,0,0,0,0,0,0,0,0,0,0,0,0,0,0,0,0,0,0,0,0,0,0,0,0,0,0,0,0,0,0,0,0,0,0,0,0,0,0,0,0,0,0,0,0,0,0,0,0,0,0,0,0,0,0,0,0,0,0,0,0,0,0,0,0,0,0,0,0,0,0,0,0,0,0,0,0,0,0,0,0,0,0,0,0,0,0,0,0,0,0,0,0,0,0,0,0,0,0,0,0,0,0,0,0,0,0,0,0,0,0,0,0,0,0,0,0,0,0,0,0,0,0,0,0,0,0,0,0,0,0,0,0,0,0,0,0,0,0,0,0,0,0,0,0,0,0,0,0,0,0,0,0,0,0,0,0,0,0,0,0,0,0,0,0,0,0,0,0,0,0,0,0,0,0,0,0,0,0,0,0,0,0,0,0,0,0,0,0,0,0,0,0,0,0,0,0,0,0,0,0,0,0,0,0,0,0,0,0,0,0,0,0,0,0,0,0,0,0,0,0,0,0,0,0,0,0,0,0,0,0,0,0,0,0,0,0,0,0,0,0,0,0,1.28179620939057e-06,1.94502435546068e-06,2.49468713080182e-06,2.9979182859437e-06,3.47847450771476e-06,3.94789098733257e-06,4.41274579587567e-06,4.87718716612879e-06,5.34402074287652e-06,5.8152456548818e-06
0,0,0,0,0,0,0,0,0,0,0,0,0,0,0,0,0,0,0,0,0,0,0,0,0,0,0,0,0,0,0,0,0,0,0,0,0,0,0,0,0,0,0,0,0,0,0,0,0,0,0,0,0,0,0,0,0,0,0,0,0,0,0,0,0,0,0,0,0,0,0,0,0,0,0,0,0,0,0,0,0,0,0,0,0,0,0,0,0,0,0,0,0,0,0,0,0,0,0,0,0,0,0,0,0,0,0,0,0,0,0,0,0,0,0,0,0,0,0,0,0,0,0,0,0,0,0,0,0,0,0,0,0,0,0,0,0,0,0,0,0,0,0,0,0,0,0,0,0,0,0,0,0,0,0,0,0,0,0,0,0,0,0,0,0,0,0,0,0,0,0,0,0,0,0,0,0,0,0,0,0,0,0,0,0,0,0,0,0,0,0,0,0,0,0,0,0,0,0,0,0,0,0,0,0,0,0,0,0,0,0,0,0,0,0,0,0,0,0,0,0,0,0,0,0,0,0,0,0,0,0,0,0,0,0,0,0,0,0,0,0,0,0,0,0,0,0,0,0,0,0,0,0,0,0,0,0,0,0,0,0,0,0,0,0,0,0,0,0,0,0,0,0,0,0,0,0,0,0,0,0,0,0,0,0,0,0,0,0,0,0,0,0,0,0,0,0,0,0,0,0,0,0,0,0,0,0,0,8.34156978480508e-07,1.54396597448118e-06,2.08000729058414e-06,2.55827986319673e-06,3.01016584376035e-06,3.44942286062796e-06,3.88346005848481e-06,4.31677914446984e-06,4.75234601567709e-06,5.19223333629049e-06,5.63795666922196e-06,6.0906651001472e-06,6.55125625881285e-06
0,0,0,0,0,0,0,0,0,0,0,0,0,0,0,0,0,0,0,0,0,0,0,0,0,0,0,0,0,0,0,0,0,0,0,0,0,0,0,0,0,0,0,0,0,0,0,0,0,0,0,0,0,0,0,0,0,0,0,0,0,0,0,0,0,0,0,0,0,0,0,0,0,0,0,0,0,0,0,0,0,0,0,0,0,0,0,0,0,0,0,0,0,0,0,0,0,0,0,0,0,0,0,0,0,0,0,0,0,0,0,0,0,0,0,0,0,0,0,0,0,0,0,0,0,0,0,0,0,0,0,0,0,0,0,0,0,0,0,0,0,0,0,0,0,0,0,0,0,0,0,0,0,0,0,0,0,0,0,0,0,0,0,0,0,0,0,0,0,0,0,0,0,0,0,0,0,0,0,0,0,0,0,0,0,0,0,0,0,0,0,0,0,0,0,0,0,0,0,0,0,0,0,0,0,0,0,0,0,0,0,0,0,0,0,0,0,0,0,0,0,0,0,0,0,0,0,0,0,0,0,0,0,0,0,0,0,0,0,0,0,0,0,0,0,0,0,0,0,0,0,0,0,0,0,0,0,0,0,0,0,0,0,0,0,0,0,0,0,0,0,0,0,0,0,0,0,0,0,0,0,0,0,0,0,0,0,0,0,0,0,0,0,0,0,0,0,0,0,0,0,0,0,0,0,2.29900172264307e-07,1.16749557676147e-06,1.69909209866159e-06,2.15486440022954e-06,2.57925467034433e-06,2.98917215634741e-06,3.39309661859622e-06,3.79595801301755e-06,4.20090783037873e-06,4.61010073109959e-06,5.02508651980291e-06,5.44702551562242e-06,5.87681533022393e-06,6.31516963912225e-06,6.76266930599144e-06,7.21979677917655e-06
0,0,0,0,0,0,0,0,0,0,0,0,0,0,0,0,0,0,0,0,0,0,0,0,0,0,0,0,0,0,0,0,0,0,0,0,0,0,0,0,0,0,0,0,0,0,0,0,0,0,0,0,0,0,0,0,0,0,0,0,0,0,0,0,0,0,0,0,0,0,0,0,0,0,0,0,0,0,0,0,0,0,0,0,0,0,0,0,0,0,0,0,0,0,0,0,0,0,0,0,0,0,0,0,0,0,0,0,0,0,0,0,0,0,0,0,0,0,0,0,0,0,0,0,0,0,0,0,0,0,0,0,0,0,0,0,0,0,0,0,0,0,0,0,0,0,0,0,0,0,0,0,0,0,0,0,0,0,0,0,0,0,0,0,0,0,0,0,0,0,0,0,0,0,0,0,0,0,0,0,0,0,0,0,0,0,0,0,0,0,0,0,0,0,0,0,0,0,0,0,0,0,0,0,0,0,0,0,0,0,0,0,0,0,0,0,0,0,0,0,0,0,0,0,0,0,0,0,0,0,0,0,0,0,0,0,0,0,0,0,0,0,0,0,0,0,0,0,0,0,0,0,0,0,0,0,0,0,0,0,0,0,0,0,0,0,0,0,0,0,0,0,0,0,0,0,0,0,0,0,0,0,0,0,0,0,0,0,0,0,0,0,0,0,0,0,0,0,0,0,0,0,0,8.03883241410567e-07,1.34975090070916e-06,1.78650098886041e-06,2.18478699692477e-06,2.56625482902199e-06,2.94080677517837e-06,3.31390153545956e-06,3.6889081861619e-06,4.06807353033839e-06,4.4529842200904e-06,4.84481178882186e-06,5.24445298957818e-06,5.65261510639969e-06,6.06987034084369e-06,6.49669185961541e-06,6.93347847593926e-06,7.38057202076027e-06,7.83826986213237e-06
0,0,0,0,0,0,0,0,0,0,0,0,0,0,0,0,0,0,0,0,0,0,0,0,0,0,0,0,0,0,0,0,0,0,0,0,0,0,0,0,0,0,0,0,0,0,0,0,0,0,0,0,0,0,0,0,0,0,0,0,0,0,0,0,0,0,0,0,0,0,0,0,0,0,0,0,0,0,0,0,0,0,0,0,0,0,0,0,0,0,0,0,0,0,0,0,0,0,0,0,0,0,0,0,0,0,0,0,0,0,0,0,0,0,0,0,0,0,0,0,0,0,0,0,0,0,0,0,0,0,0,0,0,0,0,0,0,0,0,0,0,0,0,0,0,0,0,0,0,0,0,0,0,0,0,0,0,0,0,0,0,0,0,0,0,0,0,0,0,0,0,0,0,0,0,0,0,0,0,0,0,0,0,0,0,0,0,0,0,0,0,0,0,0,0,0,0,0,0,0,0,0,0,0,0,0,0,0,0,0,0,0,0,0,0,0,0,0,0,0,0,0,0,0,0,0,0,0,0,0,0,0,0,0,0,0,0,0,0,0,0,0,0,0,0,0,0,0,0,0,0,0,0,0,0,0,0,0,0,0,0,0,0,0,0,0,0,0,0,0,0,0,0,0,0,0,0,0,0,0,0,0,0,0,0,0,0,0,0,0,0,0,0,0,0,0,0,0,0,0,4.10419589654578e-07,1.02864775596975e-06,1.45183540375272e-06,1.82574200556932e-06,2.179741595692e-06,2.52570215398591e-06,2.86975024031708e-06,3.21551369592753e-06,3.56534379533378e-06,3.92086700741717e-06,4.28326597365431e-06,4.65343558968404e-06,5.03207563074405e-06,5.41974865955024e-06,5.8169177911374e-06,6.22397219836002e-06,6.64124485349336e-06,7.06902518486047e-06,7.5075683056221e-06,7.95710187331369e-06,8.41783127547954e-06
0,0,0,0,0,0,0,0,0,0,0,0,0,0,0,0,0,0,0,0,0,0,0,0,0,0,0,0,0,0,0,0,0,0,0,0,0,0,0,0,0,0,0,0,0,0,0,0,0,0,0,0,0,0,0,0,0,0,0,0,0,0,0,0,0,0,0,0,0,0,0,0,0,0,0,0,0,0,0,0,0,0,0,0,0,0,0,0,0,0,0,0,0,0,0,0,0,0,0,0,0,0,0,0,0,0,0,0,0,0,0,0,0,0,0,0,0,0,0,0,0,0,0,0,0,0,0,0,0,0,0,0,0,0,0,0,0,0,0,0,0,0,0,0,0,0,0,0,0,0,0,0,0,0,0,0,0,0,0,0,0,0,0,0,0,0,0,0,0,0,0,0,0,0,0,0,0,0,0,0,0,0,0,0,0,0,0,0,0,0,0,0,0,0,0,0,0,0,0,0,0,0,0,0,0,0,0,0,0,0,0,0,0,0,0,0,0,0,0,0,0,0,0,0,0,0,0,0,0,0,0,0,0,0,0,0,0,0,0,0,0,0,0,0,0,0,0,0,0,0,0,0,0,0,0,0,0,0,0,0,0,0,0,0,0,0,0,0,0,0,0,0,0,0,0,0,0,0,0,0,0,0,0,0,0,0,0,0,0,0,0,0,0,0,0,0,0,0,7.29529989130839e-07,1.14920811719478e-06,1.50101400859945e-06,1.82865248893893e-06,2.14685129931078e-06,2.46260450103282e-06,2.7798529287916e-06,3.10106753764722e-06,3.42791802618104e-06,3.76159792307523e-06,4.10299907846731e-06,4.45281249294465e-06,4.81159002120599e-06,5.17978391069506e-06,5.55777311358743e-06,5.94588136025935e-06,6.34438991303086e-06,6.75354677778858e-06,7.17357349364385e-06,7.60467022777717e-06,8.04701965989001e-06,8.5007899863398e-06,8.96613727360178e-06
0,0,0,0,0,0,0,0,0,0,0,0,0,0,0,0,0,0,0,0,0,0,0,0,0,0,0,0,0,0,0,0,0,0,0,0,0,0,0,0,0,0,0,0,0,0,0,0,0,0,0,0,0,0,0,0,0,0,0,0,0,0,0,0,0,0,0,0,0,0,0,0,0,0,0,0,0,0,0,0,0,0,0,0,0,0,0,0,0,0,0,0,0,0,0,0,0,0,0,0,0,0,0,0,0,0,0,0,0,0,0,0,0,0,0,0,0,0,0,0,0,0,0,0,0,0,0,0,0,0,0,0,0,0,0,0,0,0,0,0,0,0,0,0,0,0,0,0,0,0,0,0,0,0,0,0,0,0,0,0,0,0,0,0,0,0,0,0,0,0,0,0,0,0,0,0,0,0,0,0,0,0,0,0,0,0,0,0,0,0,0,0,0,0,0,0,0,0,0,0,0,0,0,0,0,0,0,0,0,0,0,0,0,0,0,0,0,0,0,0,0,0,0,0,0,0,0,0,0,0,0,0,0,0,0,0,0,0,0,0,0,0,0,0,0,0,0,0,0,0,0,0,0,0,0,0,0,0,0,0,0,0,0,0,0,0,0,0,0,0,0,0,0,0,0,0,0,0,0,0,0,0,0,0,0,0,0,0,0,0,0,0,0,0,0,4.35296406452307e-07,8.76377099259048e-07,1.20938174981235e-06,1.51194959738208e-06,1.80327566251281e-06,2.09152118750361e-06,2.38101338228117e-06,2.67436197741205e-06,2.97328386347282e-06,3.27898308414182e-06,3.59234702884496e-06,3.91405648936261e-06,4.24465144553468e-06,4.5845724190584e-06,4.934187557139e-06,5.29381098561672e-06,5.66371561006528e-06,6.0441422684337e-06,6.43530641760169e-06,6.837403111672e-06,7.25061077121273e-06,7.67509408027913e-06,8.11100624342691e-06,8.55849076587884e-06,9.01768287343584e-06,9.48871065678608e-06
0,0,0,0,0,0,0,0,0,0,0,0,0,0,0,0,0,0,0,0,0,0,0,0,0,0,0,0,0,0,0,0,0,0,0,0,0,0,0,0,0,0,0,0,0,0,0,0,0,0,0,0,0,0,0,0,0,0,0,0,0,0,0,0,0,0,0,0,0,0,0,0,0,0,0,0,0,0,0,0,0,0,0,0,0,0,0,0,0,0,0,0,0,0,0,0,0,0,0,0,0,0,0,0,0,0,0,0,0,0,0,0,0,0,0,0,0,0,0,0,0,0,0,0,0,0,0,0,0,0,0,0,0,0,0,0,0,0,0,0,0,0,0,0,0,0,0,0,0,0,0,0,0,0,0,0,0,0,0,0,0,0,0,0,0,0,0,0,0,0,0,0,0,0,0,0,0,0,0,0,0,0,0,0,0,0,0,0,0,0,0,0,0,0,0,0,0,0,0,0,0,0,0,0,0,0,0,0,0,0,0,0,0,0,0,0,0,0,0,0,0,0,0,0,0,0,0,0,0,0,0,0,0,0,0,0,0,0,0,0,0,0,0,0,0,0,0,0,0,0,0,0,0,0,0,0,0,0,0,0,0,0,0,0,0,0,0,0,0,0,0,0,0,0,0,0,0,0,0,0,0,0,0,0,0,0,0,0,0,0,0,0,0,6.29759058256236e-07,9.49450678828141e-07,1.22852679126153e-06,1.49394479309958e-06,1.75550979164924e-06,2.01803800532245e-06,2.28430241488111e-06,2.55607175718506e-06,2.83456001857919e-06,3.1206484392069e-06,3.41500597800298e-06,3.71815947213825e-06,4.03053682432955e-06,4.35249480072586e-06,4.68433759469981e-06,5.02632961406629e-06,5.37870452555129e-06,5.7416718002819e-06,6.11542154684603e-06,6.50012814388549e-06,6.89595301405316e-06,7.30304677274886e-06,7.72155091427275e-06,8.15159915066964e-06,8.59331848643842e-06,9.04683008989234e-06,9.51225000626617e-06,9.98968974638031e-06
0,0,0,0,0,0,0,0,0,0,0,0,0,0,0,0,0,0,0,0,0,0,0,0,0,0,0,0,0,0,0,0,0,0,0,0,0,0,0,0,0,0,0,0,0,0,0,0,0,0,0,0,0,0,0,0,0,0,0,0,0,0,0,0,0,0,0,0,0,0,0,0,0,0,0,0,0,0,0,0,0,0,0,0,0,0,0,0,0,0,0,0,0,0,0,0,0,0,0,0,0,0,0,0,0,0,0,0,0,0,0,0,0,0,0,0,0,0,0,0,0,0,0,0,0,0,0,0,0,0,0,0,0,0,0,0,0,0,0,0,0,0,0,0,0,0,0,0,0,0,0,0,0,0,0,0,0,0,0,0,0,0,0,0,0,0,0,0,0,0,0,0,0,0,0,0,0,0,0,0,0,0,0,0,0,0,0,0,0,0,0,0,0,0,0,0,0,0,0,0,0,0,0,0,0,0,0,0,0,0,0,0,0,0,0,0,0,0,0,0,0,0,0,0,0,0,0,0,0,0,0,0,0,0,0,0,0,0,0,0,0,0,0,0,0,0,0,0,0,0,0,0,0,0,0,0,0,0,0,0,0,0,0,0,0,0,0,0,0,0,0,0,0,0,0,0,0,0,0,0,0,0,0,0,0,0,0,0,0,0,4.01595549671508e-07,7.19529829748407e-07,9.77193993183267e-07,1.21777043130596e-06,1.45352789786195e-06,1.6899211697976e-06,1.92991863178246e-06,2.17534641074422e-06,2.42742759752663e-06,2.68703526463215e-06,2.95482470146458e-06,3.23130823394488e-06,3.5169002297417e-06,3.81194552355005e-06,4.11673810192899e-06,4.43153380211363e-06,4.75655919073705e-06,5.09201792528464e-06,5.43809541027446e-06,5.79496227011811e-06,6.16277698323205e-06,6.54168791035424e-06,6.9318348779003e-06,7.33335042946305e-06,7.74636082642554e-06,8.17098685650155e-06,8.60734449350002e-06,9.05554544066224e-06,9.51569758198523e-06,9.98790536015999e-06,1.04722700954495e-05
0,0,0,0,0,0,0,0,0,0,0,0,0,0,0,0,0,0,0,0,0,0,0,0,0,0,0,0,0,0,0,0,0,0,0,0,0,0,0,0,0,0,0,0,0,0,0,0,0,0,0,0,0,0,0,0,0,0,0,0,0,0,0,0,0,0,0,0,0,0,0,0,0,0,0,0,0,0,0,0,0,0,0,0,0,0,0,0,0,0,0,0,0,0,0,0,0,0,0,0,0,0,0,0,0,0,0,0,0,0,0,0,0,0,0,0,0,0,0,0,0,0,0,0,0,0,0,0,0,0,0,0,0,0,0,0,0,0,0,0,0,0,0,0,0,0,0,0,0,0,0,0,0,0,0,0,0,0,0,0,0,0,0,0,0,0,0,0,0,0,0,0,0,0,0,0,0,0,0,0,0,0,0,0,0,0,0,0,0,0,0,0,0,0,0,0,0,0,0,0,0,0,0,0,0,0,0,0,0,0,0,0,0,0,0,0,0,0,0,0,0,0,0,0,0,0,0,0,0,0,0,0,0,0,0,0,0,0,0,0,0,0,0,0,0,0,0,0,0,0,0,0,0,0,0,0,0,0,0,0,0,0,0,0,0,0,0,0,0,0,0,0,0,0,0,0,0,0,0,0,0,0,0,0,0,0,0,1.56929713128922e-07,5.17320579805623e-07,7.5665052700753e-07,9.73599002288201e-07,1.18447582372921e-06,1.39560395604918e-06,1.61019071420781e-06,1.83012633016652e-06,2.05664180604717e-06,2.29059962971737e-06,2.53263934915417e-06,2.78325731572393e-06,3.04285344293835e-06,3.31176013412059e-06,3.59026097365963e-06,3.87860324742089e-06,4.17700658905224e-06,4.48566910914427e-06,4.80477184007e-06,5.13448202458237e-06,5.47495559275299e-06,5.82633905761845e-06,6.18877098718732e-06,6.56238316265274e-06,6.94730150086414e-06,7.34364679731813e-06,7.75153533085572e-06,8.17107936062939e-06,8.60238753829509e-06,9.04556525280251e-06,9.50071492119327e-06,9.96793623574205e-06,1.04473263755355e-05,1.09389801888544e-05
0,0,0,0,0,0,0,0,0,0,0,0,0,0,0,0,0,0,0,0,0,0,0,0,0,0,0,0,0,0,0,0,0,0,0,0,0,0,0,0,0,0,0,0,0,0,0,0,0,0,0,0,0,0,0,0,0,0,0,0,0,0,0,0,0,0,0,0,0,0,0,0,0,0,0,0,0,0,0,0,0,0,0,0,0,0,0,0,0,0,0,0,0,0,0,0,0,0,0,0,0,0,0,0,0,0,0,0,0,0,0,0,0,0,0,0,0,0,0,0,0,0,0,0,0,0,0,0,0,0,0,0,0,0,0,0,0,0,0,0,0,0,0,0,0,0,0,0,0,0,0,0,0,0,0,0,0,0,0,0,0,0,0,0,0,0,0,0,0,0,0,0,0,0,0,0,0,0,0,0,0,0,0,0,0,0,0,0,0,0,0,0,0,0,0,0,0,0,0,0,0,0,0,0,0,0,0,0,0,0,0,0,0,0,0,0,0,0,0,0,0,0,0,0,0,0,0,0,0,0,0,0,0,0,0,0,0,0,0,0,0,0,0,0,0,0,0,0,0,0,0,0,0,0,0,0,0,0,0,0,0,0,0,0,0,0,0,0,0,0,0,0,0,0,0,0,0,0,0,0,0,0,0,0,0,3.3889738604508e-07,5.65433675709221e-07,7.60201606966195e-07,9.47190188125108e-07,1.1339685719026e-06,1.32404415411092e-06,1.51937957451403e-06,1.72121207567199e-06,1.93039066177154e-06,2.1475368124972e-06,2.37312936241657e-06,2.60755287955131e-06,2.85112692143209e-06,3.10412458795081e-06,3.36678475587619e-06,3.63932041624179e-06,3.92192451779572e-06,4.21477416344933e-06,4.51803368913098e-06,4.8318569660029e-06,5.15638915155353e-06,5.49176804220169e-06,5.83812513293651e-06,6.19558645822232e-06,6.56427326738312e-06,6.94430257310011e-06,7.3357876015189e-06,7.73883816524981e-06,8.15356097529302e-06,8.58005990420175e-06,9.01843620990825e-06,9.46878872759902e-06,9.93121403540083e-06,1.0405806598492e-05,1.08926588952686e-05,1.13918615284952e-05
0,0,0,0,0,0,0,0,0,0,0,0,0,0,0,0,0,0,0,0,0,0,0,0,0,0,0,0,0,0,0,0,0,0,0,0,0,0,0,0,0,0,0,0,0,0,0,0,0,0,0,0,0,0,0,0,0,0,0,0,0,0,0,0,0,0,0,0,0,0,0,0,0,0,0,0,0,0,0,0,0,0,0,0,0,0,0,0,0,0,0,0,0,0,0,0,0,0,0,0,0,0,0,0,0,0,0,0,0,0,0,0,0,0,0,0,0,0,0,0,0,0,0,0,0,0,0,0,0,0,0,0,0,0,0,0,0,0,0,0,0,0,0,0,0,0,0,0,0,0,0,0,0,0,0,0,0,0,0,0,0,0,0,0,0,0,0,0,0,0,0,0,0,0,0,0,0,0,0,0,0,0,0,0,0,0,0,0,0,0,0,0,0,0,0,0,0,0,0,0,0,0,0,0,0,0,0,0,0,0,0,0,0,0,0,0,0,0,0,0,0,0,0,0,0,0,0,0,0,0,0,0,0,0,0,0,0,0,0,0,0,0,0,0,0,0,0,0,0,0,0,0,0,0,0,0,0,0,0,0,0,0,0,0,0,0,0,0,0,0,0,0,0,0,0,0,0,0,0,0,0,0,1.73144481138949e-07,4.01800947579939e-07,5.76259685887789e-07,7.4043605714297e-07,9.03831657991144e-07,1.07034403725661e-06,1.24201877648689e-06,1.4200970399702e-06,1.60541086727046e-06,1.79856107600073e-06,2.00000739431297e-06,2.21011822834199e-06,2.42920001018771e-06,2.65751543174889e-06,2.89529526638502e-06,3.14274631088665e-06,3.40005688498397e-06,3.66740074053028e-06,3.94493990472965e-06,4.23282679062776e-06,4.53120579254222e-06,4.8402145122699e-06,5.15998471582209e-06,5.4906430903639e-06,5.83231185080506e-06,6.18510923177034e-06,6.54914989108001e-06,6.92454524415097e-06,7.31140374389857e-06,7.70983111720603e-06,8.11993056647616e-06,8.54180294284626e-06,8.97554689623117e-06,9.42125900628075e-06,9.87903389746563e-06,1.03489643409022e-05,1.08311413450186e-05,1.13256542367719e-05,1.1832590734767e-05
0,0,0,0,0,0,0,0,0,0,0,0,0,0,0,0,0,0,0,0,0,0,0,0,0,0,0,0,0,0,0,0,0,0,0,0,0,0,0,0,0,0,0,0,0,0,0,0,0,0,0,0,0,0,0,0,0,0,0,0,0,0,0,0,0,0,0,0,0,0,0,0,0,0,0,0,0,0,0,0,0,0,0,0,0,0,0,0,0,0,0,0,0,0,0,0,0,0,0,0,0,0,0,0,0,0,0,0,0,0,0,0,0,0,0,0,0,0,0,0,0,0,0,0,0,0,0,0,0,0,0,0,0,0,0,0,0,0,0,0,0,0,0,0,0,0,0,0,0,0,0,0,0,0,0,0,0,0,0,0,0,0,0,0,0,0,0,0,0,0,0,0,0,0,0,0,0,0,0,0,0,0,0,0,0,0,0,0,0,0,0,0,0,0,0,0,0,0,0,0,0,0,0,0,0,0,0,0,0,0,0,0,0,0,0,0,0,0,0,0,0,0,0,0,0,0,0,0,0,0,0,0,0,0,0,0,0,0,0,0,0,0,0,0,0,0,0,0,0,0,0,0,0,0,0,0,0,0,0,0,0,0,0,0,0,0,0,0,0,0,0,0,0,0,0,0,0,0,0,0,2.63388002383066e-07,4.20342156678701e-07,5.62897141525216e-07,7.039361324825e-07,8.47888053598277e-07,9.96895241564793e-07,1.15219957620938e-06,1.31461195329943e-06,1.48470967273723e-06,1.66293177638675e-06,1.84962983837898e-06,2.04509708995981e-06,2.24958611210904e-06,2.46332009668163e-06,2.6865002968863e-06,2.91931112097364e-06,3.16192371452467e-06,3.41449854297172e-06,3.67718729470558e-06,3.950134311405e-06,4.23347768239818e-06,4.52735009575968e-06,4.83187951019877e-06,5.14718969293266e-06,5.4734006558714e-06,5.81062901364931e-06,6.15898828084189e-06,6.51858912137353e-06,6.88953955986995e-06,7.27194516249592e-06,7.66590919303221e-06,8.07153274873173e-06,8.48891487949106e-06,8.9181526931608e-06,9.35934144924545e-06,9.81257464283856e-06,1.02779440802261e-05,1.07555399473941e-05,1.12454508724298e-05,1.17477639826496e-05,1.22625649570934e-05
0,0,0,0,0,0,0,0,0,0,0,0,0,0,0,0,0,0,0,0,0,0,0,0,0,0,0,0,0,0,0,0,0,0,0,0,0,0,0,0,0,0,0,0,0,0,0,0,0,0,0,0,0,0,0,0,0,0,0,0,0,0,0,0,0,0,0,0,0,0,0,0,0,0,0,0,0,0,0,0,0,0,0,0,0,0,0,0,0,0,0,0,0,0,0,0,0,0,0,0,0,0,0,0,0,0,0,0,0,0,0,0,0,0,0,0,0,0,0,0,0,0,0,0,0,0,0,0,0,0,0,0,0,0,0,0,0,0,0,0,0,0,0,0,0,0,0,0,0,0,0,0,0,0,0,0,0,0,0,0,0,0,0,0,0,0,0,0,0,0,0,0,0,0,0,0,0,0,0,0,0,0,0,0,0,0,0,0,0,0,0,0,0,0,0,0,0,0,0,0,0,0,0,0,0,0,0,0,0,0,0,0,0,0,0,0,0,0,0,0,0,0,0,0,0,0,0,0,0,0,0,0,0,0,0,0,0,0,0,0,0,0,0,0,0,0,0,0,0,0,0,0,0,0,0,0,0,0,0,0,0,0,0,0,0,0,0,0,0,0,0,0,0,0,0,0,0,1.45726525104023e-07,2.90862563635269e-07,4.13163201764138e-07,5.32941074127519e-07,6.55397958446449e-07,7.82791864244369e-07,9.16360951774082e-07,1.05688996714984e-06,1.20492961407611e-06,1.36089677642192e-06,1.52512577998261e-06,1.69789688199417e-06,1.87945315379282e-06,2.07001101314065e-06,2.26976707942832e-06,2.47890279804997e-06,2.69758765745832e-06,2.92598148826108e-06,3.16423614604513e-06,3.41249676982141e-06,3.67090274160878e-06,3.93958843128818e-06,4.21868378432966e-06,4.50831479262705e-06,4.80860387707711e-06,5.11967020252667e-06,5.44162994028368e-06,5.77459648942752e-06,6.11868066539841e-06,6.47399086231807e-06,6.84063319402907e-06,7.21871161767591e-06,7.60832804290194e-06,8.00958242903947e-06,8.42257287222873e-06,8.84739568400227e-06,9.28414546259452e-06,9.73291515800642e-06,1.01937961316736e-05,1.06668782114461e-05,1.1152249742432e-05,1.16499976342452e-05,1.21602074050594e-05,1.26829632227749e-05
0,0,0,0,0,0,0,0,0,0,0,0,0,0,0,0,0,0,0,0,0,0,0,0,0,0,0,0,0,0,0,0,0,0,0,0,0,0,0,0,0,0,0,0,0,0,0,0,0,0,0,0,0,0,0,0,0,0,0,0,0,0,0,0,0,0,0,0,0,0,0,0,0,0,0,0,0,0,0,0,0,0,0,0,0,0,0,0,0,0,0,0,0,0,0,0,0,0,0,0,0,0,0,0,0,0,0,0,0,0,0,0,0,0,0,0,0,0,0,0,0,0,0,0,0,0,0,0,0,0,0,0,0,0,0,0,0,0,0,0,0,0,0,0,0,0,0,0,0,0,0,0,0,0,0,0,0,0,0,0,0,0,0,0,0,0,0,0,0,0,0,0,0,0,0,0,0,0,0,0,0,0,0,0,0,0,0,0,0,0,0,0,0,0,0,0,0,0,0,0,0,0,0,0,0,0,0,0,0,0,0,0,0,0,0,0,0,0,0,0,0,0,0,0,0,0,0,0,0,0,0,0,0,0,0,0,0,0,0,0,0,0,0,0,0,0,0,0,0,0,0,0,0,0,0,0,0,0,0,0,0,0,0,0,0,0,0,0,0,0,0,0,0,0,1.27886525245242e-08,1.85976876730629e-07,2.89713178473238e-07,3.89408894897468e-07,4.91508945796858e-07,5.98414496434378e-07,7.11353830731774e-07,8.31079587986726e-07,9.58112678440677e-07,1.09284663017659e-06,1.23559852012069e-06,1.38663629975424e-06,1.54619455007442e-06,1.71448409917399e-06,1.89169817462012e-06,2.07801649724945e-06,2.273608098976e-06,2.47863332065201e-06,2.69324526635137e-06,2.91759088732691e-06,3.15181180748036e-06,3.3960449644887e-06,3.65042311680833e-06,3.91507525138624e-06,4.19012691662105e-06,4.47570049818132e-06,4.77191545053981e-06,5.0788884937279e-06,5.39673378241518e-06,5.72556305274526e-06,6.06548575106407e-06,6.41660914777316e-06,6.77903843882403e-06,7.15287683689475e-06,7.53822565380349e-06,7.93518437549062e-06,8.3438507306051e-06,8.76432075355901e-06,9.19668884277524e-06,9.64104781469631e-06,1.00974889540784e-05,1.05661020609838e-05,1.10469754948279e-05,1.15401962157648e-05,1.20458498237089e-05,1.25640205952106e-05,1.30947915183437e-05
0,0,0,0,0,0,0,0,0,0,0,0,0,0,0,0,0,0,0,0,0,0,0,0,0,0,0,0,0,0,0,0,0,0,0,0,0,0,0,0,0,0,0,0,0,0,0,0,0,0,0,0,0,0,0,0,0,0,0,0,0,0,0,0,0,0,0,0,0,0,0,0,0,0,0,0,0,0,0,0,0,0,0,0,0,0,0,0,0,0,0,0,0,0,0,0,0,0,0,0,0,0,0,0,0,0,0,0,0,0,0,0,0,0,0,0,0,0,0,0,0,0,0,0,0,0,0,0,0,0,0,0,0,0,0,0,0,0,0,0,0,0,0,0,0,0,0,0,0,0,0,0,0,0,0,0,0,0,0,0,0,0,0,0,0,0,0,0,0,0,0,0,0,0,0,0,0,0,0,0,0,0,0,0,0,0,0,0,0,0,0,0,0,0,0,0,0,0,0,0,0,0,0,0,0,0,0,0,0,0,0,0,0,0,0,0,0,0,0,0,0,0,0,0,0,0,0,0,0,0,0,0,0,0,0,0,0,0,0,0,0,0,0,0,0,0,0,0,0,0,0,0,0,0,0,0,0,0,0,0,0,0,0,0,0,0,0,0,0,0,0,0,1.03229118283409e-07,1.90891051786259e-07,2.71788636325909e-07,3.54756126320828e-07,4.42381245081067e-07,5.35873804020505e-07,6.3594734956826e-07,7.43089909993437e-07,8.57671010170163e-07,9.79991138697043e-07,1.11030724960941e-06,1.24884702693847e-06,1.39581739201291e-06,1.55140984955472e-06,1.71580399809835e-06,1.88916992380265e-06,2.07166988776835e-06,2.26345955095111e-06,2.46468888723943e-06,2.67550288065373e-06,2.89604206947949e-06,3.12644297953543e-06,3.36683847551317e-06,3.61735805071575e-06,3.87812806963942e-06,4.14927197393248e-06,4.43091045947505e-06,4.72316163037344e-06,5.02614113426733e-06,5.33996228233764e-06,5.66473615661814e-06,6.00057170670443e-06,6.34757583748055e-06,6.70585348918371e-06,7.0755077108757e-06,7.45663972821689e-06,7.84934900621221e-06,8.25373330758671e-06,8.66988874725931e-06,9.09790984334244e-06,9.53788956505021e-06,9.98991937779003e-06,1.0454089285733e-05,1.09304878720942e-05,1.14192023373084e-05,1.19203185352793e-05,1.24339210078732e-05,1.29600930178012e-05,1.34989165799631e-05
0,0,0,0,0,0,0,0,0,0,0,0,0,0,0,0,0,0,0,0,0,0,0,0,0,0,0,0,0,0,0,0,0,0,0,0,0,0,0,0,0,0,0,0,0,0,0,0,0,0,0,0,0,0,0,0,0,0,0,0,0,0,0,0,0,0,0,0,0,0,0,0,0,0,0,0,0,0,0,0,0,0,0,0,0,0,0,0,0,0,0,0,0,0,0,0,0,0,0,0,0,0,0,0,0,0,0,0,0,0,0,0,0,0,0,0,0,0,0,0,0,0,0,0,0,0,0,0,0,0,0,0,0,0,0,0,0,0,0,0,0,0,0,0,0,0,0,0,0,0,0,0,0,0,0,0,0,0,0,0,0,0,0,0,0,0,0,0,0,0,0,0,0,0,0,0,0,0,0,0,0,0,0,0,0,0,0,0,0,0,0,0,0,0,0,0,0,0,0,0,0,0,0,0,0,0,0,0,0,0,0,0,0,0,0,0,0,0,0,0,0,0,0,0,0,0,0,0,0,0,0,0,0,0,0,0,0,0,0,0,0,0,0,0,0,0,0,0,0,0,0,0,0,0,0,0,0,0,0,0,0,0,0,0,0,0,0,0,0,3.6877847579549e-08,1.14866862931125e-07,1.78393479327777e-07,2.43556848542226e-07,3.13208926527298e-07,3.88528969336846e-07,4.70183494690326e-07,5.58625131501858e-07,6.54199765796881e-07,7.57192993534865e-07,8.67853005741811e-07,9.8640297235405e-07,1.11304825178765e-06,1.24798084530031e-06,1.39138229011483e-06,1.54342562116658e-06,1.70427675252322e-06,1.8740954833554e-06,2.05303625283456e-06,2.24124872211964e-06,2.43887823408382e-06,2.64606618444242e-06,2.86295032728335e-06,3.08966503100425e-06,3.32634149606638e-06,3.57310794280048e-06,3.83008977540914e-06,4.09740972666837e-06,4.37518798686943e-06,4.66354231964389e-06,4.96258816678841e-06,5.27243874374887e-06,5.59320512710389e-06,5.92499633511541e-06,6.26791940224537e-06,6.62207944836367e-06,6.98757974326155e-06,7.36452176696796e-06,7.75300526635098e-06,8.15312830830479e-06,8.56498732992868e-06,8.98867718589423e-06,9.42429119331343e-06,9.87192117428093e-06,1.03316574962706e-05,1.08035891105921e-05,1.12878035890291e-05,1.17843871587929e-05,1.22934247359069e-05,1.28149999571503e-05,1.33491952106487e-05,1.38960916651598e-05
0,0,0,0,0,0,0,0,0,0,0,0,0,0,0,0,0,0,0,0,0,0,0,0,0,0,0,0,0,0,0,0,0,0,0,0,0,0,0,0,0,0,0,0,0,0,0,0,0,0,0,0,0,0,0,0,0,0,0,0,0,0,0,0,0,0,0,0,0,0,0,0,0,0,0,0,0,0,0,0,0,0,0,0,0,0,0,0,0,0,0,0,0,0,0,0,0,0,0,0,0,0,0,0,0,0,0,0,0,0,0,0,0,0,0,0,0,0,0,0,0,0,0,0,0,0,0,0,0,0,0,0,0,0,0,0,0,0,0,0,0,0,0,0,0,0,0,0,0,0,0,0,0,0,0,0,0,0,0,0,0,0,0,0,0,0,0,0,0,0,0,0,0,0,0,0,0,0,0,0,0,0,0,0,0,0,0,0,0,0,0,0,0,0,0,0,0,0,0,0,0,0,0,0,0,0,0,0,0,0,0,0,0,0,0,0,0,0,0,0,0,0,0,0,0,0,0,0,0,0,0,0,0,0,0,0,0,0,0,0,0,0,0,0,0,0,0,0,0,0,0,0,0,0,0,0,0,0,0,0,0,0,0,0,0,0,0,5.95554402425631e-08,1.07369127918465e-07,1.56186790729879e-07,2.09295494478716e-07,2.67826875563265e-07,3.32392047642148e-07,4.03407210379778e-07,4.81196763304065e-07,5.66034717437045e-07,6.58164077427404e-07,7.57806971694249e-07,8.65170419430866e-07,9.80449850144036e-07,1.10383138103151e-06,1.2354933667423e-06,1.37560750131094e-06,1.5243396324429e-06,1.68185038386923e-06,1.84829564527841e-06,2.02382696802333e-06,2.20859189194183e-06,2.40273422048384e-06,2.60639425622491e-06,2.81970900530821e-06,3.04281235711807e-06,3.2758352438272e-06,3.51890578337796e-06,3.77214940857897e-06,4.03568898450198e-06,4.30964491582829e-06,4.59413524553066e-06,4.88927574599747e-06,5.19518000352005e-06,5.5119594968849e-06,5.83972367075053e-06,6.17858000431111e-06,6.52863407575274e-06,6.88998962287817e-06,7.26274860025554e-06,7.64701123319851e-06,8.04287606885556e-06,8.45044002461511e-06,8.86979843407818e-06,9.30104509074769e-06,9.74427228962492e-06,1.01995708668659e-05,1.06670302376143e-05,1.11467384321363e-05,1.16387821304152e-05,1.21432466952284e-05,1.26602162038696e-05,1.31897734785647e-05,1.37320001156755e-05,1.42869765137366e-05
0,0,0,0,0,0,0,0,0,0,0,0,0,0,0,0,0,0,0,0,0,0,0,0,0,0,0,0,0,0,0,0,0,0,0,0,0,0,0,0,0,0,0,0,0,0,0,0,0,0,0,0,0,0,0,0,0,0,0,0,0,0,0,0,0,0,0,0,0,0,0,0,0,0,0,0,0,0,0,0,0,0,0,0,0,0,0,0,0,0,0,0,0,0,0,0,0,0,0,0,0,0,0,0,0,0,0,0,0,0,0,0,0,0,0,0,0,0,0,0,0,0,0,0,0,0,0,0,0,0,0,0,0,0,0,0,0,0,0,0,0,0,0,0,0,0,0,0,0,0,0,0,0,0,0,0,0,0,0,0,0,0,0,0,0,0,0,0,0,0,0,0,0,0,0,0,0,0,0,0,0,0,0,0,0,0,0,0,0,0,0,0,0,0,0,0,0,0,0,0,0,0,0,0,0,0,0,0,0,0,0,0,0,0,0,0,0,0,0,0,0,0,0,0,0,0,0,0,0,0,0,0,0,0,0,0,0,0,0,0,0,0,0,0,0,0,0,0,0,0,0,0,0,0,0,0,0,0,0,0,0,0,0,0,2.23002861620778e-08,5.66467045619694e-08,9.07461954172431e-08,1.28896549725895e-07,1.72157810256898e-07,2.21078519754908e-07,2.76040723589199e-07,3.3735260034737e-07,4.05282397963733e-07,4.80073466179605e-07,5.61951876753633e-07,6.51130710767023e-07,7.47812683984258e-07,8.52191872165454e-07,9.64454914310428e-07,1.08478189486495e-06,1.2133470181488e-06,1.35031914219668e-06,1.4958622135984e-06,1.65013563018947e-06,1.81329454948906e-06,1.98549015523315e-06,2.16686989078438e-06,2.35757766580179e-06,2.55775404091675e-06,2.76753639409653e-06,2.9870590714764e-06,3.2164535249237e-06,3.4558484381251e-06,3.70536984266348e-06,3.96514122528609e-06,4.23528362739829e-06,4.51591573759784e-06,4.80715397801212e-06,5.109112585034e-06,5.42190368501365e-06,5.74563736534805e-06,6.08042174142014e-06,6.42636301969301e-06,6.78356555733318e-06,7.15213191860773e-06,7.53216292832338e-06,7.92375772252417e-06,8.32701379668069e-06,8.74202705149965e-06,9.16889183658682e-06,9.60770099204258e-06,1.00585458881991e-05,1.05215164635683e-05,1.09967012611298e-05,1.14841874630732e-05,1.19840609241001e-05,1.24964062033297e-05,1.30213065949447e-05,1.35588441575982e-05,1.41090997427202e-05,1.46721530216835e-05
0,0,0,0,0,0,0,0,0,0,0,0,0,0,0,0,0,0,0,0,0,0,0,0,0,0,0,0,0,0,0,0,0,0,0,0,0,0,0,0,0,0,0,0,0,0,0,0,0,0,0,0,0,0,0,0,0,0,0,0,0,0,0,0,0,0,0,0,0,0,0,0,0,0,0,0,0,0,0,0,0,0,0,0,0,0,0,0,0,0,0,0,0,0,0,0,0,0,0,0,0,0,0,0,0,0,0,0,0,0,0,0,0,0,0,0,0,0,0,0,0,0,0,0,0,0,0,0,0,0,0,0,0,0,0,0,0,0,0,0,0,0,0,0,0,0,0,0,0,0,0,0,0,0,0,0,0,0,0,0,0,0,0,0,0,0,0,0,0,0,0,0,0,0,0,0,0,0,0,0,0,0,0,0,0,0,0,0,0,0,0,0,0,0,0,0,0,0,0,0,0,0,0,0,0,0,0,0,0,0,0,0,0,0,0,0,0,0,0,0,0,0,0,0,0,0,0,0,0,0,0,0,0,0,0,0,0,0,0,0,0,0,0,0,0,0,0,0,0,0,0,0,0,0,0,0,0,0,0,0,0,0,2.38664770111791e-08,4.5109348135756e-08,7.00927427595517e-08,9.97728517121258e-08,1.34634399180466e-07,1.75034530946726e-07,2.21275894371712e-07,2.73630746321534e-07,3.32351182922482e-07,3.97674318335474e-07,4.69825282485836e-07,5.49019146855343e-07,6.35462265765754e-07,7.29353270384217e-07,8.30883841054924e-07,9.40239329414855e-07,1.05759927350626e-06,1.18313783350948e-06,1.31702416653575e-06,1.4594227533623e-06,1.61049368635832e-06,1.77039292551883e-06,1.9392725278477e-06,2.11728085418964e-06,2.30456275677172e-06,2.50125975007946e-06,2.70751016720964e-06,2.92344930351099e-06,3.14920954897283e-06,3.38492051065161e-06,3.63070912619488e-06,3.88669976940746e-06,4.1530143486282e-06,4.42977239865432e-06,4.71709116677881e-06,5.01508569349803e-06,5.32386888836571e-06,5.64355160139076e-06,5.9742426903553e-06,6.31604908440942e-06,6.6690758441887e-06,7.03342621877223e-06,7.40920169969047e-06,7.79650207220707e-06,8.19542546406569e-06,8.60606839189892e-06,9.02852580542323e-06,9.46289112961761e-06,9.90925630497001e-06,1.03677118259554e-05,1.08383467778338e-05,1.1321248871879e-05,1.18165044791228e-05,1.23241986627493e-05,1.28444152091449e-05,1.33772366577388e-05,1.39227443296824e-05,1.44810183554368e-05,1.50521377013128e-05
0,0,0,0,0,0,0,0,0,0,0,0,0,0,0,0,0,0,0,0,0,0,0,0,0,0,0,0,0,0,0,0,0,0,0,0,0,0,0,0,0,0,0,0,0,0,0,0,0,0,0,0,0,0,0,0,0,0,0,0,0,0,0,0,0,0,0,0,0,0,0,0,0,0,0,0,0,0,0,0,0,0,0,0,0,0,0,0,0,0,0,0,0,0,0,0,0,0,0,0,0,0,0,0,0,0,0,0,0,0,0,0,0,0,0,0,0,0,0,0,0,0,0,0,0,0,0,0,0,0,0,0,0,0,0,0,0,0,0,0,0,0,0,0,0,0,0,0,0,0,0,0,0,0,0,0,0,0,0,0,0,0,0,0,0,0,0,0,0,0,0,0,0,0,0,0,0,0,0,0,0,0,0,0,0,0,0,0,0,0,0,0,0,0,0,0,0,0,0,0,0,0,0,0,0,0,0,0,0,0,0,0,0,0,0,0,0,0,0,0,0,0,0,0,0,0,0,0,0,0,0,0,0,0,0,0,0,0,0,0,0,0,0,0,0,0,0,0,0,0,0,0,0,0,0,0,0,0,0,6.23682669149619e-09,1.68426213906447e-08,3.07423291083199e-08,4.87541396272544e-08,7.13171554381412e-08,9.87875624777152e-08,1.31482736471551e-07,1.69695000875575e-07,2.13697859012559e-07,2.63749549554439e-07,3.20095390901081e-07,3.82969474541329e-07,4.52595962289595e-07,5.29190120121445e-07,6.12959165383453e-07,7.04102975502566e-07,8.02814690330136e-07,9.09281230620046e-07,1.02368374902379e-06,1.14619802583818e-06,1.27699481895234e-06,1.41624017532609e-06,1.56409570988932e-06,1.72071885655929e-06,1.88626309525788e-06,2.06087815809837e-06,2.24471021739495e-06,2.43790205771593e-06,2.64059323386643e-06,2.8529202163857e-06,3.07501652595872e-06,3.30701285788324e-06,3.54903719764942e-06,3.80121492849652e-06,4.06366893174562e-06,4.33651968055176e-06,4.6198853277305e-06,4.91388178813834e-06,5.218622816098e-06,5.53422007830486e-06,5.86078322255251e-06,6.19841994263361e-06,6.54723603972729e-06,6.9073354805083e-06,7.27882045226061e-06,7.66179141519129e-06,8.05634715215108e-06,8.4625848159464e-06,8.88059997441431e-06,9.31048665338051e-06,9.75233737768958e-06,1.02062432103911e-05,1.06722937902063e-05,1.11505773674103e-05,1.1641180838177e-05,1.21441897775204e-05,1.26596884709046e-05,1.31877599445878e-05,1.37284859947777e-05,1.4281947215672e-05,1.48482230264491e-05,1.54273916972201e-05
0,0,0,0,0,0,0,0,0,0,0,0,0,0,0,0,0,0,0,0,0,0,0,0,0,0,0,0,0,0,0,0,0,0,0,0,0,0,0,0,0,0,0,0,0,0,0,0,0,0,0,0,0,0,0,0,0,0,0,0,0,0,0,0,0,0,0,0,0,0,0,0,0,0,0,0,0,0,0,0,0,0,0,0,0,0,0,0,0,0,0,0,0,0,0,0,0,0,0,0,0,0,0,0,0,0,0,0,0,0,0,0,0,0,0,0,0,0,0,0,0,0,0,0,0,0,0,0,0,0,0,0,0,0,0,0,0,0,0,0,0,0,0,0,0,0,0,0,0,0,0,0,0,0,0,0,0,0,0,0,0,0,0,0,0,0,0,0,0,0,0,0,0,0,0,0,0,0,0,0,0,0,0,0,0,0,0,0,0,0,0,0,0,0,0,0,0,0,0,0,0,0,0,0,0,0,0,0,0,0,0,0,0,0,0,0,0,0,0,0,0,0,0,0,0,0,0,0,0,0,0,0,0,0,0,0,0,0,0,0,0,0,0,0,0,0,0,0,0,0,0,0,0,0,0,0,1.68238469377482e-10,3.05428112705119e-09,8.40763399418604e-09,1.69730401433523e-08,2.92237923874748e-08,4.55708115188188e-08,6.63837453163198e-08,9.2001225666289e-08,1.22737235662022e-07,1.58885477068216e-07,2.00722545289717e-07,2.48510331710039e-07,3.02497896967572e-07,3.62922966899889e-07,4.3001315063517e-07,5.03986948723686e-07,5.85054599128442e-07,6.73418795698228e-07,7.69275304733668e-07,8.72813498982118e-07,9.84216823904303e-07,1.10366320779591e-06,1.23132542487514e-06,1.36737141867026e-06,1.51196459158064e-06,1.66526406546105e-06,1.8274249171509e-06,1.99859839228713e-06,2.17893210011419e-06,2.36857019163675e-06,2.56765352305781e-06,2.77631980620289e-06,2.99470374733183e-06,3.22293717561976e-06,3.46114916233285e-06,3.70946613167291e-06,3.96801196406773e-06,4.23690809266015e-06,4.51627359358027e-06,4.8062252706087e-06,5.10687773467191e-06,5.41834347864084e-06,5.74073294782394e-06,6.07415460647926e-06,6.41871500068002e-06,6.77451881782174e-06,7.14166894299755e-06,7.5202665125025e-06,7.91041096465622e-06,8.3122000881447e-06,8.72573006803011e-06,9.15109552963056e-06,9.58838958035332e-06,1.00377038496777e-05,1.04991285273478e-05,1.09727523999285e-05,1.14586628858124e-05,1.19569460687497e-05,1.24676867300264e-05,1.29909683793517e-05,1.35268732845167e-05,1.40754824999056e-05,1.4636875893923e-05,1.52111321754218e-05,1.57983289190937e-05
0,0,0,0,0,0,0,0,0,0,0,0,0,0,0,0,0,0,0,0,0,0,0,0,0,0,0,0,0,0,0,0,0,0,0,0,0,0,0,0,0,0,0,0,0,0,0,0,0,0,0,0,0,0,0,0,0,0,0,0,0,0,0,0,0,0,0,0,0,0,0,0,0,0,0,0,0,0,0,0,0,0,0,0,0,0,0,0,0,0,0,0,0,0,0,0,0,0,0,0,0,0,0,0,0,0,0,0,0,0,0,0,0,0,0,0,0,0,0,0,0,0,0,0,0,0,0,0,0,0,0,0,0,0,0,0,0,0,0,0,0,0,0,0,0,0,0,0,0,0,0,0,0,0,0,0,0,0,0,0,0,0,0,0,0,0,0,0,0,0,0,0,0,0,0,0,0,0,0,0,0,0,0,0,0,0,0,0,0,0,0,0,0,0,0,0,0,0,0,0,0,0,0,0,0,0,0,0,0,0,0,0,0,0,0,0,0,0,0,0,0,0,0,0,0,0,0,0,0,0,0,0,0,0,0,0,0,0,0,0,0,0,0,0,0,0,0,0,0,0,0,0,0,0,5.52912830797388e-11,2.30771276726545e-10,2.02837633824061e-09,6.25477496117158e-09,1.35040258913833e-08,2.42679211152911e-08,3.89745429447702e-08,5.80072487250584e-08,8.1715697409834e-08,1.1042293282273e-07,1.44430256921199e-07,1.84020754350197e-07,2.29461940535348e-07,2.81007811983326e-07,3.38900472841837e-07,4.03371451539375e-07,4.74642784738399e-07,5.52927922716548e-07,6.38432495065497e-07,7.31354965350117e-07,8.31887196205517e-07,9.4021494128523e-07,1.05651827678097e-06,1.18097198254248e-06,1.31374588073225e-06,1.45500513846387e-06,1.60491053960948e-06,1.76361873008605e-06,1.9312824401253e-06,2.10805068652557e-06,2.2940689573269e-06,2.48947938103528e-06,2.69442088216454e-06,2.90902932463979e-06,3.13343764434719e-06,3.36777597200242e-06,3.61217174729222e-06,3.86674982516938e-06,4.13163257503584e-06,4.40693997350433e-06,4.69278969127614e-06,4.98929717471659e-06,5.29657572251651e-06,5.61473655791091e-06,5.94388889677947e-06,6.2841400119759e-06,6.63559529417401e-06,6.99835830950512e-06,7.37253085420342e-06,7.758213006513e-06,8.15550317601904e-06,8.5644981506e-06,8.98529314114876e-06,9.41798182424813e-06,9.86265638287434e-06,1.0319407545327e-05,1.07883246224326e-05,1.12694955431685e-05,1.17630068888036e-05,1.2268943925608e-05,1.27873906362474e-05,1.33184297499561e-05,1.38621427714977e-05,1.44186100090302e-05,1.49879106009221e-05,1.55701225415832e-05,1.61653227063245e-05
0,0,0,0,0,0,0,0,0,0,0,0,0,0,0,0,0,0,0,0,0,0,0,0,0,0,0,0,0,0,0,0,0,0,0,0,0,0,0,0,0,0,0,0,0,0,0,0,0,0,0,0,0,0,0,0,0,0,0,0,0,0,0,0,0,0,0,0,0,0,0,0,0,0,0,0,0,0,0,0,0,0,0,0,0,0,0,0,0,0,0,0,0,0,0,0,0,0,0,0,0,0,0,0,0,0,0,0,0,0,0,0,0,0,0,0,0,0,0,0,0,0,0,0,0,0,0,0,0,0,0,0,0,0,0,0,0,0,0,0,0,0,0,0,0,0,0,0,0,0,0,0,0,0,0,0,0,0,0,0,0,0,0,0,0,0,0,0,0,0,0,0,0,0,0,0,0,0,0,0,0,0,0,0,0,0,0,0,0,0,0,0,0,0,0,0,0,0,0,0,0,0,0,0,0,0,0,0,0,0,0,0,0,0,0,0,0,0,0,0,0,0,0,0,0,0,0,0,0,0,0,0,0,0,0,0,0,0,0,0,0,0,0,0,0,0,0,0,0,0,0,2.11197604837482e-09,2.69517401659068e-09,1.14935519363882e-09,6.294245277068e-11,5.24764923516643e-10,3.28213919922174e-09,8.92466211118902e-09,1.79493313694922e-08,3.07913016248459e-08,4.78409594346416e-08,6.94544532742477e-08,9.59606859657847e-08,1.27666220004871e-07,1.64858867466847e-07,2.07810406939663e-07,2.5677869659218e-07,3.12009355091898e-07,3.73737124343731e-07,4.42186992276349e-07,5.17575130887475e-07,6.00109689506009e-07,6.89991472775972e-07,7.87414525612681e-07,8.92566642124405e-07,1.00562981173798e-06,1.12678061291664e-06,1.25619056278946e-06,1.39402642933083e-06,1.54045051156595e-06,1.69562089221872e-06,1.85969166652799e-06,2.03281315027141e-06,2.2151320696169e-06,2.40679173495273e-06,2.60793220057571e-06,2.81869041181049e-06,3.03920034094093e-06,3.26959311310125e-06,3.50999712320241e-06,3.76053814472455e-06,4.02133943121532e-06,4.2925218111214e-06,4.57420377662732e-06,4.86650156695411e-06,5.16952924668794e-06,5.48339877946875e-06,5.80822009748139e-06,6.14410116707656e-06,6.4911480507941e-06,6.84946496610262e-06,7.21915434108008e-06,7.60031686726292e-06,7.99305154987366e-06,8.39745575560075e-06,8.8136252581126e-06,9.24165428143342e-06,9.68163554135915e-06,1.01336602850003e-05,1.05978183286085e-05,1.10741980937557e-05,1.15628866420034e-05,1.20639697081292e-05,1.25775317319939e-05,1.31036558891404e-05,1.36424241201991e-05,1.41939171591519e-05,1.47582145605196e-05,1.53353947255434e-05,1.59255349274184e-05,1.65287113355806e-05
0,0,0,0,0,0,0,0,0,0,0,0,0,0,0,0,0,0,0,0,0,0,0,0,0,0,0,0,0,0,0,0,0,0,0,0,0,0,0,0,0,0,0,0,0,0,0,0,0,0,0,0,0,0,0,0,0,0,0,0,0,0,0,0,0,0,0,0,0,0,0,0,0,0,0,0,0,0,0,0,0,0,0,0,0,0,0,0,0,0,0,0,0,0,0,0,0,0,0,0,0,0,0,0,0,0,0,0,0,0,0,0,0,0,0,0,0,0,0,0,0,0,0,0,0,0,0,0,0,0,0,0,0,0,0,0,0,0,0,0,0,0,0,0,0,0,0,0,0,0,0,0,0,0,0,0,0,0,0,0,0,0,0,0,0,0,0,0,0,0,0,0,0,0,0,0,0,0,0,0,0,0,0,0,0,0,0,0,0,0,0,0,0,0,0,0,0,0,0,0,0,0,0,0,0,0,0,0,0,0,0,0,0,0,0,0,0,0,0,0,0,0,0,0,0,0,0,0,0,0,0,0,0,0,0,0,0,0,0,0,0,0,0,0,0,0,0,0,0,1.10634166922252e-08,1.10296357453091e-08,7.97769247558604e-09,4.34606761000424e-09,1.40455171483622e-09,2.78041994488863e-11,8.95422881540142e-10,4.57113731870094e-09,1.15417075556581e-08,2.22387916468354e-08,3.70524390311896e-08,5.63400050593886e-08,8.04323559416227e-08,1.09638369006151e-07,1.4424830677096e-07,1.845364167273e-07,2.30762980831652e-07,2.83175962789818e-07,3.42012354259296e-07,4.07499290950526e-07,4.79854989682962e-07,5.59289543886592e-07,6.46005605617846e-07,7.40198975422727e-07,8.42059116560289e-07,9.51769606464036e-07,1.06950853568663e-06,1.19544886249684e-06,1.32975872977889e-06,1.47260174960741e-06,1.62413725999593e-06,1.78452055747306e-06,1.95390310861881e-06,2.13243274311404e-06,2.32025383056041e-06,2.51750744289314e-06,2.72433150403606e-06,2.94086092814938e-06,3.16722774769725e-06,3.40356123233019e-06,3.6499879995495e-06,3.90663211788488e-06,4.17361520332691e-06,4.45105650960747e-06,4.73907301289683e-06,5.03777949135502e-06,5.34728860004173e-06,5.66771094148693e-06,5.99915513234053e-06,6.34172786636287e-06,6.69553397406407e-06,7.06067647921589e-06,7.43725665250032e-06,7.82537406247214e-06,8.22512662403487e-06,8.63661064461021e-06,9.05992086813274e-06,9.4951505170356e-06,9.94239133236121e-06,1.04017336120725e-05,1.08732662477542e-05,1.13570767597176e-05,1.18532513306732e-05,1.23618748380129e-05,1.28830308848051e-05,1.34168018295555e-05,1.3963268814838e-05,1.45225117948098e-05,1.50946095617217e-05,1.56796397714286e-05,1.62776789680085e-05,1.68888026074527e-05
0,0,0,0,0,0,0,0,0,0,0,0,0,0,0,0,0,0,0,0,0,0,0,0,0,0,0,0,0,0,0,0,0,0,0,0,0,0,0,0,0,0,0,0,0,0,0,0,0,0,0,0,0,0,0,0,0,0,0,0,0,0,0,0,0,0,0,0,0,0,0,0,0,0,0,0,0,0,0,0,0,0,0,0,0,0,0,0,0,0,0,0,0,0,0,0,0,0,0,0,0,0,0,0,0,0,0,0,0,0,0,0,0,0,0,0,0,0,0,0,0,0,0,0,0,0,0,0,0,0,0,0,0,0,0,0,0,0,0,0,0,0,0,0,0,0,0,0,0,0,0,0,0,0,0,0,0,0,0,0,0,0,0,0,0,0,0,0,0,0,0,0,0,0,0,0,0,0,0,0,0,0,0,0,0,0,0,0,0,0,0,0,0,0,0,0,0,0,0,0,0,0,0,0,0,0,0,0,0,0,0,0,0,0,0,0,0,0,0,0,0,0,0,0,0,0,0,0,0,0,0,0,0,0,0,0,0,0,0,0,0,0,0,0,0,0,1.73732549605559e-08,2.75076826809489e-08,2.68855221980415e-08,2.23963923314815e-08,1.6409227707246e-08,1.03037181996927e-08,5.05197685913607e-09,1.4101140165832e-09,2.05300661719284e-12,1.36285830601074e-09,5.9637820263756e-09,1.42279567036991e-08,2.65408448667882e-08,4.32575368080662e-08,6.47080460364716e-08,9.12012742881422e-08,1.23028059068256e-07,1.60463568428845e-07,2.03769218769888e-07,2.53194236024586e-07,3.08976944819203e-07,3.71345846465974e-07,4.40520530456944e-07,5.16712452858052e-07,6.00125606963771e-07,6.90957105777273e-07,7.89397691573975e-07,8.95632184634382e-07,1.00983988077981e-06,1.13219490550245e-06,1.26286653101481e-06,1.40201946145668e-06,1.54981409052142e-06,1.70640673514838e-06,1.87194984825225e-06,2.04659221307023e-06,2.23047912126505e-06,2.42375253666033e-06,2.62655124616947e-06,2.83901099930662e-06,3.06126463745594e-06,3.29344221394775e-06,3.53567110581543e-06,3.78807611806801e-06,4.05077958112943e-06,4.32390144210524e-06,4.60755935038224e-06,4.90186873808695e-06,5.20694289578943e-06,5.52289304390227e-06,5.84982840004986e-06,6.18785624277623e-06,6.53708197185648e-06,6.89760916544919e-06,7.26953963433883e-06,7.65297347348429e-06,8.04800911102243e-06,8.45474335496333e-06,8.87327143766724e-06,9.30368705830603e-06,9.7460824233954e-06,1.02005482855536e-05,1.0667173980569e-05,1.11460474629133e-05,1.16372553397547e-05,1.21408829035913e-05,1.26570141635799e-05,1.31857318756055e-05,1.37271175711964e-05,1.42812515853504e-05,1.48482130832927e-05,1.54280800862611e-05,1.60209294963462e-05,1.66268371204694e-05,1.7245877693476e-05
0,0,0,0,0,0,0,0,0,0,0,0,0,0,0,0,0,0,0,0,0,0,0,0,0,0,0,0,0,0,0,0,0,0,0,0,0,0,0,0,0,0,0,0,0,0,0,0,0,0,0,0,0,0,0,0,0,0,0,0,0,0,0,0,0,0,0,0,0,0,0,0,0,0,0,0,0,0,0,0,0,0,0,0,0,0,0,0,0,0,0,0,0,0,0,0,0,0,0,0,0,0,0,0,0,0,0,0,0,0,0,0,0,0,0,0,0,0,0,0,0,0,0,0,0,0,0,0,0,0,0,0,0,0,0,0,0,0,0,0,0,0,0,0,0,0,0,0,0,0,0,0,0,0,0,0,0,0,0,0,0,0,0,0,0,0,0,0,0,0,0,0,0,0,0,0,0,0,0,0,0,0,0,0,0,0,0,0,0,0,0,0,0,0,0,0,0,0,0,0,0,0,0,0,0,0,0,0,0,0,0,0,0,0,0,0,0,0,0,0,0,0,0,0,0,0,0,0,0,0,0,0,0,0,0,0,0,0,0,0,0,0,0,0,4.48259773930073e-08,5.3026282179035e-08,5.17304868322108e-08,4.58177544084504e-08,3.75858500711857e-08,2.84799724680747e-08,1.95449912460681e-08,1.16001031312883e-08,5.32183186303709e-09,1.28908424967692e-09,1.00081475958314e-11,1.93915816078193e-09,7.48907531120784e-09,1.70384421623975e-08,3.09380314848816e-08,4.95151739202638e-08,7.30771969337639e-08,1.01914128116258e-07,1.36300859076878e-07,1.76498905129936e-07,2.22757856254055e-07,2.753165882598e-07,3.34404284884479e-07,4.00241308809791e-07,4.73039950483564e-07,5.53005077035613e-07,6.40334698689083e-07,7.35220466428441e-07,8.37848111901187e-07,9.48397838427632e-07,1.06704467031709e-06,1.19395876641882e-06,1.32930570278135e-06,1.47324672852615e-06,1.62593899831175e-06,1.78753578430763e-06,1.95818667008898e-06,2.13803772857105e-06,2.32723168573092e-06,2.52590807170805e-06,2.73420336056109e-06,2.95225109988998e-06,3.18018203129356e-06,3.4181242025934e-06,3.66620307253932e-06,3.92454160876208e-06,4.19326037951417e-06,4.47247763977574e-06,4.76230941219357e-06,5.06286956329226e-06,5.37426987532404e-06,5.69662011413481e-06,6.03002809330898e-06,6.37459973493081e-06,6.73043912716148e-06,7.09764857891059e-06,7.47632867176274e-06,7.8665783093918e-06,8.26849476460594e-06,8.68217372420467e-06,9.1077093317653e-06,9.54519422852644e-06,9.9947195924423e-06,1.04563751755835e-05,1.09302493399157e-05,1.14164290916181e-05,1.19150001139781e-05,1.24260467989712e-05,1.29496522776029e-05,1.34858984490515e-05,1.40348660087106e-05,1.45966344751982e-05,1.5171282216332e-05,1.5758886474188e-05,1.63595233892481e-05,1.6973268023729e-05,1.76001943840462e-05
0,0,0,0,0,0,0,0,0,0,0,0,0,0,0,0,0,0,0,0,0,0,0,0,0,0,0,0,0,0,0,0,0,0,0,0,0,0,0,0,0,0,0,0,0,0,0,0,0,0,0,0,0,0,0,0,0,0,0,0,0,0,0,0,0,0,0,0,0,0,0,0,0,0,0,0,0,0,0,0,0,0,0,0,0,0,0,0,0,0,0,0,0,0,0,0,0,0,0,0,0,0,0,0,0,0,0,0,0,0,0,0,0,0,0,0,0,0,0,0,0,0,0,0,0,0,0,0,0,0,0,0,0,0,0,0,0,0,0,0,0,0,0,0,0,0,0,0,0,0,0,0,0,0,0,0,0,0,0,0,0,0,0,0,0,0,0,0,0,0,0,0,0,0,0,0,0,0,0,0,0,0,0,0,0,0,0,0,0,0,0,0,0,0,0,0,0,0,0,0,0,0,0,0,0,0,0,0,0,0,0,0,0,0,0,0,0,0,0,0,0,0,0,0,0,0,0,0,0,0,0,0,0,0,0,0,0,0,0,0,0,5.32289392936807e-08,8.16052761560259e-08,8.88893880340492e-08,8.6830628336622e-08,7.94816875677563e-08,6.90694910481924e-08,5.70768767432858e-08,4.46025066732723e-08,3.25169115330444e-08,2.15418687889326e-08,1.22954242671476e-08,5.3195390260452e-09,1.09812967051256e-09,6.9418667831147e-11,2.63472442171899e-09,9.16492164239907e-09,2.00053193117991e-08,3.5479429395797e-08,5.58919366859358e-08,8.1531079680977e-08,1.12670588287327e-07,1.49571281962915e-07,1.92482403501756e-07,2.41642744030359e-07,2.97281600980781e-07,3.59619600875916e-07,4.28869411551028e-07,5.05236363054418e-07,5.88918992487072e-07,6.8010952493742e-07,7.78994300367308e-07,8.85754154430014e-07,1.00056475980254e-06,1.12359693345757e-06,1.25501691439447e-06,1.39498661561813e-06,1.5436638535738e-06,1.70120255772363e-06,1.86775296259838e-06,2.04346178428768e-06,2.22847238308972e-06,2.42292491376405e-06,2.62695646471287e-06,2.84070118715926e-06,3.06429041533716e-06,3.297852778524e-06,3.54151430570126e-06,3.79539852346738e-06,4.05962654786079e-06,4.33431717054823e-06,4.6195869399166e-06,4.9155502374334e-06,5.22231934970643e-06,5.54000453652526e-06,5.8687140952542e-06,6.20855442179478e-06,6.55963006840671e-06,6.92204379860567e-06,7.29589663933422e-06,7.68128793059947e-06,8.07831537276937e-06,8.48707507163679e-06,8.90766158145333e-06,9.34016794602396e-06,9.7846857379962e-06,1.02413050964478e-05,1.07101147629093e-05,1.11912021158567e-05,1.16846532038179e-05,1.219055277715e-05,1.27089843185453e-05,1.32400300723916e-05,1.37837710729718e-05,1.43402871716261e-05,1.49096570629287e-05,1.54919583098859e-05,1.60872673682474e-05,1.66956596099634e-05,1.73172093458375e-05,1.79519898473849e-05
0,0,0,0,0,0,0,0,0,0,0,0,0,0,0,0,0,0,0,0,0,0,0,0,0,0,0,0,0,0,0,0,0,0,0,0,0,0,0,0,0,0,0,0,0,0,0,0,0,0,0,0,0,0,0,0,0,0,0,0,0,0,0,0,0,0,0,0,0,0,0,0,0,0,0,0,0,0,0,0,0,0,0,0,0,0,0,0,0,0,0,0,0,0,0,0,0,0,0,0,0,0,0,0,0,0,0,0,0,0,0,0,0,0,0,0,0,0,0,0,0,0,0,0,0,0,0,0,0,0,0,0,0,0,0,0,0,0,0,0,0,0,0,0,0,0,0,0,0,0,0,0,0,0,0,0,0,0,0,0,0,0,0,0,0,0,0,0,0,0,0,0,0,0,0,0,0,0,0,0,0,0,0,0,0,0,0,0,0,0,0,0,0,0,0,0,0,0,0,0,0,0,0,0,0,0,0,0,0,0,0,0,0,0,0,0,0,0,0,0,0,0,0,0,0,0,0,0,0,0,0,0,0,0,0,0,0,0,1.21922564867353e-08,1.05923127919173e-07,1.29663612091878e-07,1.36225733854143e-07,1.333185395784e-07,1.24506727687588e-07,1.11949348378846e-07,9.71490279960703e-08,8.12439325559754e-08,6.51461083480483e-08,4.96159570609339e-08,3.53061431969718e-08,2.27893099737927e-08,1.2576532946607e-08,5.13014441075423e-09,8.72964764201664e-10,1.95145676174998e-10,3.45937087688015e-09,1.10048941698507e-08,2.31507333124879e-08,4.01982375437245e-08,6.24331813339168e-08,9.01274936065569e-08,1.23540702197025e-07,1.6292115280534e-07,2.08507047157849e-07,2.60527334600461e-07,3.19202483660956e-07,3.84745154385141e-07,4.57360787961276e-07,5.3724812683433e-07,6.24599676005508e-07,7.19602114206975e-07,8.22436662114309e-07,9.33279413500824e-07,1.05230163427266e-06,1.17967003351038e-06,1.31554701000515e-06,1.46009087723508e-06,1.61345606932741e-06,1.77579333012715e-06,1.94724988726927e-06,2.12796961282927e-06,2.3180931719801e-06,2.51775816082791e-06,2.72709923454292e-06,2.9462482266734e-06,3.17533426049772e-06,3.41448385311952e-06,3.6638210129784e-06,3.92346733130624e-06,4.19354206810299e-06,4.4741622330192e-06,4.76544266161648e-06,5.06749608733145e-06,5.38043320950889e-06,5.70436275775935e-06,6.03939155297866e-06,6.38562456519499e-06,6.74316496854099e-06,7.11211419350408e-06,7.49257197666331e-06,7.88463640806891e-06,8.28840397645122e-06,8.70396961233194e-06,9.13142672926506e-06,9.57086726324009e-06,1.00223817104108e-05,1.0486059163213e-05,1.09619873450241e-05,1.14502526433703e-05,1.19509401418382e-05,1.24641336507187e-05,1.29899157364651e-05,1.35283677500545e-05,1.40795698542483e-05,1.46436010498747e-05,1.52205392011753e-05,1.58104610602188e-05,1.64134422904661e-05,1.70295574895254e-05,1.76588802111498e-05,1.83014829864524e-05
0,0,0,0,0,0,0,0,0,0,0,0,0,0,0,0,0,0,0,0,0,0,0,0,0,0,0,0,0,0,0,0,0,0,0,0,0,0,0,0,0,0,0,0,0,0,0,0,0,0,0,0,0,0,0,0,0,0,0,0,0,0,0,0,0,0,0,0,0,0,0,0,0,0,0,0,0,0,0,0,0,0,0,0,0,0,0,0,0,0,0,0,0,0,0,0,0,0,0,0,0,0,0,0,0,0,0,0,0,0,0,0,0,0,0,0,0,0,0,0,0,0,0,0,0,0,0,0,0,0,0,0,0,0,0,0,0,0,0,0,0,0,0,0,0,0,0,0,0,0,0,0,0,0,0,0,0,0,0,0,0,0,0,0,0,0,0,0,0,0,0,0,0,0,0,0,0,0,0,0,0,0,0,0,0,0,0,0,0,0,0,0,0,0,0,0,0,0,0,0,0,0,0,0,0,0,0,0,0,0,0,0,0,0,0,0,0,0,0,0,0,0,0,0,0,0,0,0,0,0,0,0,0,0,0,0,1.14797927422953e-07,1.68650111356308e-07,1.90199835789522e-07,1.9606686305076e-07,1.92230183355666e-07,1.81920637205339e-07,1.67233550384293e-07,1.49679685165772e-07,1.30425966117707e-07,1.10417904538884e-07,9.04487331038011e-08,7.12015777939856e-08,5.3276756438233e-08,3.72103034977234e-08,2.34870336979337e-08,1.25500533621184e-08,4.80787449501107e-09,6.39859785265168e-10,4.00473917576655e-10,4.42266105297713e-09,1.30205694211992e-08,2.6491779216626e-08,4.51191464966735e-08,6.91723459090443e-08,9.89091741216563e-08,1.34576660874084e-07,1.76412023709508e-07,2.24643494444453e-07,2.79491039446294e-07,3.41166991279674e-07,4.0987660579451e-07,4.85818556079384e-07,5.69185372573511e-07,6.60163837014247e-07,7.58935336552052e-07,8.65676183336299e-07,9.80557904000167e-07,1.10374750280482e-06,1.23540770161278e-06,1.37569715941101e-06,1.52477067369448e-06,1.6827793657406e-06,1.84987085146663e-06,2.02618939941128e-06,2.2118760771161e-06,2.40706888709416e-06,2.61190289333678e-06,2.82651033930747e-06,3.05102075816067e-06,3.28556107589492e-06,3.53025570805931e-06,3.78522665057845e-06,4.05059356513958e-06,4.32647385965361e-06,4.61298276412227e-06,4.91023340230154e-06,5.21833685947924e-06,5.53740224665888e-06,5.86753676138702e-06,6.2088457455224e-06,6.56143274009599e-06,6.92539953750554e-06,7.30084623122386e-06,7.68787126316211e-06,8.08657146885608e-06,8.49704212062779e-06,8.9193769688181e-06,9.35366828123929e-06,9.80000688094755e-06,1.02584821824231e-05,1.07291822262539e-05,1.121219371244e-05,1.17076020323513e-05,1.22154912994436e-05,1.27359443787921e-05,1.32690429155065e-05,1.38148673621018e-05,1.43734970048323e-05,1.49450099891065e-05,1.55294833439934e-05,1.61269930058634e-05,1.67376138412135e-05,1.73614196687263e-05,1.79984832805957e-05,1.8648876463121e-05
0,0,0,0,0,0,0,0,0,0,0,0,0,0,0,0,0,0,0,0,0,0,0,0,0,0,0,0,0,0,0,0,0,0,0,0,0,0,0,0,0,0,0,0,0,0,0,0,0,0,0,0,0,0,0,0,0,0,0,0,0,0,0,0,0,0,0,0,0,0,0,0,0,0,0,0,0,0,0,0,0,0,0,0,0,0,0,0,0,0,0,0,0,0,0,0,0,0,0,0,0,0,0,0,0,0,0,0,0,0,0,0,0,0,0,0,0,0,0,0,0,0,0,0,0,0,0,0,0,0,0,0,0,0,0,0,0,0,0,0,0,0,0,0,0,0,0,0,0,0,0,0,0,0,0,0,0,0,0,0,0,0,0,0,0,0,0,0,0,0,0,0,0,0,0,0,0,0,0,0,0,0,0,0,0,0,0,0,0,0,0,0,0,0,0,0,0,0,0,0,0,0,0,0,0,0,0,0,0,0,0,0,0,0,0,0,0,0,0,0,0,0,0,0,0,0,0,0,0,0,0,0,0,7.76952557560556e-08,1.98292998652275e-07,2.44103382272597e-07,2.64227315731287e-07,2.69370887128915e-07,2.64527565675954e-07,2.52680337160213e-07,2.35865284861882e-07,2.15593592190274e-07,1.93052827398426e-07,1.69215411126161e-07,1.44902424111235e-07,1.20823719258174e-07,9.76044868823858e-08,7.5803604119427e-08,5.59267567809243e-08,3.84361000011502e-08,2.37575489759562e-08,1.2286399759245e-08,4.39174376144757e-09,4.19991748070947e-10,6.97727777261128e-10,5.53405030828191e-09,1.52225148182641e-08,3.00427625176041e-08,5.02618987299786e-08,7.61356693819982e-08,1.07909473002542e-07,1.45819237440252e-07,1.90092184368371e-07,2.40947499964568e-07,2.98596926565677e-07,3.63245287315242e-07,4.35090953621964e-07,5.14326263538843e-07,6.01137897763759e-07,6.95707218892672e-07,7.98210578620668e-07,9.0881959688922e-07,1.02770141634118e-06,1.15501893499653e-06,1.29093101960237e-06,1.4355927018049e-06,1.58915535897085e-06,1.75176688129884e-06,1.92357182656469e-06,2.10471156377759e-06,2.29532440677484e-06,2.4955457387493e-06,2.70550812848914e-06,2.92534143913397e-06,3.15517293005273e-06,3.39512735246295e-06,3.64532703930536e-06,3.90589198985126e-06,4.17693994944341e-06,4.45858648479703e-06,4.75094505514339e-06,5.05412707958623e-06,5.36824200089594e-06,5.69339734606218e-06,6.02969878375437e-06,6.37725017899809e-06,6.73615364516509e-06,7.1065095935256e-06,7.48841678050068e-06,7.8819723527378e-06,8.28727189019134e-06,8.70440944729873e-06,9.13347759238407e-06,9.57456744539446e-06,1.0027768714063e-05,1.04931697285976e-05,1.0970857474957e-05,1.1460917626841e-05,1.19634345764061e-05,1.2478491463828e-05,1.30061702057398e-05,1.3546551522616e-05,1.40997149651786e-05,1.46657389398149e-05,1.52447007331259e-05,1.58366765356245e-05,1.6441741464594e-05,1.70599695861909e-05,1.76914339368104e-05,1.83362065437553e-05,1.89943584452013e-05
0,0,0,0,0,0,0,0,0,0,0,0,0,0,0,0,0,0,0,0,0,0,0,0,0,0,0,0,0,0,0,0,0,0,0,0,0,0,0,0,0,0,0,0,0,0,0,0,0,0,0,0,0,0,0,0,0,0,0,0,0,0,0,0,0,0,0,0,0,0,0,0,0,0,0,0,0,0,0,0,0,0,0,0,0,0,0,0,0,0,0,0,0,0,0,0,0,0,0,0,0,0,0,0,0,0,0,0,0,0,0,0,0,0,0,0,0,0,0,0,0,0,0,0,0,0,0,0,0,0,0,0,0,0,0,0,0,0,0,0,0,0,0,0,0,0,0,0,0,0,0,0,0,0,0,0,0,0,0,0,0,0,0,0,0,0,0,0,0,0,0,0,0,0,0,0,0,0,0,0,0,0,0,0,0,0,0,0,0,0,0,0,0,0,0,0,0,0,0,0,0,0,0,0,0,0,0,0,0,0,0,0,0,0,0,0,0,0,0,0,0,0,0,0,0,0,0,0,0,0,0,2.06255039616876e-07,2.91953768461687e-07,3.33655716246905e-07,3.52668151302868e-07,3.57037736565836e-07,3.51113871721711e-07,3.37685699146304e-07,3.18734459083685e-07,2.95766606572054e-07,2.69984187816939e-07,2.42381201917883e-07,2.13802324829906e-07,1.84980825251737e-07,1.56564201613105e-07,1.29132183274036e-07,1.03209774062327e-07,7.92769585142429e-08,5.7776091473109e-08,3.91176363952742e-08,2.36846991962299e-08,1.18366655817442e-08,3.91215901672316e-09,2.31475583315538e-10,1.09861023179331e-09,6.80295970361077e-09,1.76207665913389e-08,3.38163539220392e-08,5.56431885619955e-08,8.33448034835073e-08,1.17155602693694e-07,1.57301567867835e-07,2.040008820529e-07,2.57464482949487e-07,3.17896556015199e-07,3.8549497586761e-07,4.60451703009082e-07,5.4295314177274e-07,6.33180464426218e-07,7.31309905636865e-07,8.37513030846533e-07,9.51956981608622e-07,1.07480470049077e-06,1.20621513780718e-06,1.34634344211924e-06,1.49534113620462e-06,1.65335627996887e-06,1.82053362160979e-06,1.99701473814149e-06,2.18293816631416e-06,2.37843952478924e-06,2.58365162837575e-06,2.7987045950025e-06,3.02372594607986e-06,3.25884070077763e-06,3.50417146473982e-06,3.75983851366432e-06,4.02595987218666e-06,4.30265138836624e-06,4.59002680419286e-06,4.88819782232587e-06,5.19727416939551e-06,5.51736365608162e-06,5.84857223421769e-06,6.19100405108127e-06,6.54476150113486e-06,6.90994527529576e-06,7.28665440796103e-06,7.67498632191449e-06,8.07503687122427e-06,8.48690038228563e-06,8.91066969311335e-06,9.34643619095554e-06,9.79428984839293e-06,1.02543192579455e-05,1.07266116653057e-05,1.12112530012577e-05,1.17083279123958e-05,1.22179197906179e-05,1.2740110801575e-05,1.32749819120347e-05,1.38226129162659e-05,1.4383082461488e-05,1.49564680724046e-05,1.55428461748993e-05,1.61422921189261e-05,1.67548802006276e-05,1.7380683683701e-05,1.80197748200903e-05,1.86722248700032e-05,1.933810412127e-05
0,0,0,0,0,0,0,0,0,0,0,0,0,0,0,0,0,0,0,0,0,0,0,0,0,0,0,0,0,0,0,0,0,0,0,0,0,0,0,0,0,0,0,0,0,0,0,0,0,0,0,0,0,0,0,0,0,0,0,0,0,0,0,0,0,0,0,0,0,0,0,0,0,0,0,0,0,0,0,0,0,0,0,0,0,0,0,0,0,0,0,0,0,0,0,0,0,0,0,0,0,0,0,0,0,0,0,0,0,0,0,0,0,0,0,0,0,0,0,0,0,0,0,0,0,0,0,0,0,0,0,0,0,0,0,0,0,0,0,0,0,0,0,0,0,0,0,0,0,0,0,0,0,0,0,0,0,0,0,0,0,0,0,0,0,0,0,0,0,0,0,0,0,0,0,0,0,0,0,0,0,0,0,0,0,0,0,0,0,0,0,0,0,0,0,0,0,0,0,0,0,0,0,0,0,0,0,0,0,0,0,0,0,0,0,0,0,0,0,0,0,0,0,0,0,0,0,0,1.63765518644834e-07,3.25416857732099e-07,3.99273662353164e-07,4.38346127477524e-07,4.56384462428481e-07,4.59919809369359e-07,4.52844179500774e-07,4.37789541223716e-07,4.16686427752897e-07,3.91033124977334e-07,3.62041442879176e-07,3.307226186568e-07,2.97941306139961e-07,2.6445127581731e-07,2.30920012964002e-07,1.97946253327817e-07,1.660728474191e-07,1.35796431371832e-07,1.07574852179107e-07,8.18329746297371e-08,5.89672967738148e-08,3.93496713866618e-08,2.33303452644775e-08,1.12404700769736e-08,3.39419828058709e-09,9.04491835508873e-11,1.61440986792877e-09,8.23882079394845e-09,2.02250849086255e-08,3.78242308334094e-08,6.12777544447484e-08,9.08183583688244e-08,1.26670605186475e-07,1.69051497240555e-07,2.18170993636843e-07,2.74232473209902e-07,3.37433150747979e-07,4.07964452604304e-07,4.86012356839472e-07,5.71757702273727e-07,6.65376470153595e-07,7.67040041628311e-07,8.76915433755801e-07,9.95165516411351e-07,1.12194921212436e-06,1.25742168064281e-06,1.40173448976058e-06,1.55503577377559e-06,1.71747038076315e-06,1.88918000974778e-06,2.07030333865712e-06,2.26097614393476e-06,2.46133141250794e-06,2.67149944680058e-06,2.8916079633341e-06,3.12178218549256e-06,3.36214493088353e-06,3.6128166937392e-06,3.87391572273336e-06,4.14555809457344e-06,4.42785778365752e-06,4.72092672811618e-06,5.02487489245611e-06,5.33981032709245e-06,5.6658392249233e-06,6.00306597521992e-06,6.35159321492637e-06,6.71152187762347e-06,7.0829512402303e-06,7.46597896763164e-06,7.86070115535887e-06,8.26721237040684e-06,8.68560569033525e-06,9.11597274074821e-06,9.55840373121841e-06,1.00129874897845e-05,1.04798114960765e-05,1.09589619131492e-05,1.14505236180859e-05,1.19545802314708e-05,1.24712141457359e-05,1.30005065525024e-05,1.35425374689095e-05,1.40973857630311e-05,1.46651291783832e-05,1.52458443576088e-05,1.58396068653251e-05,1.64464912102493e-05,1.70665708665627e-05,1.76999182945767e-05,1.8346604960759e-05,1.90067013571135e-05,1.96802770199375e-05
0,0,0,0,0,0,0,0,0,0,0,0,0,0,0,0,0,0,0,0,0,0,0,0,0,0,0,0,0,0,0,0,0,0,0,0,0,0,0,0,0,0,0,0,0,0,0,0,0,0,0,0,0,0,0,0,0,0,0,0,0,0,0,0,0,0,0,0,0,0,0,0,0,0,0,0,0,0,0,0,0,0,0,0,0,0,0,0,0,0,0,0,0,0,0,0,0,0,0,0,0,0,0,0,0,0,0,0,0,0,0,0,0,0,0,0,0,0,0,0,0,0,0,0,0,0,0,0,0,0,0,0,0,0,0,0,0,0,0,0,0,0,0,0,0,0,0,0,0,0,0,0,0,0,0,0,0,0,0,0,0,0,0,0,0,0,0,0,0,0,0,0,0,0,0,0,0,0,0,0,0,0,0,0,0,0,0,0,0,0,0,0,0,0,0,0,0,0,0,0,0,0,0,0,0,0,0,0,0,0,0,0,0,0,0,0,0,0,0,0,0,0,0,0,0,0,3.3119589678568e-07,4.54547483392769e-07,5.2192403347455e-07,5.59075419711112e-07,5.76193311046073e-07,5.78829811300644e-07,5.70533386965937e-07,5.53805145026177e-07,5.30528718433424e-07,5.021919430416e-07,4.70012768012316e-07,4.35016125968208e-07,3.98083574896662e-07,3.59986832999381e-07,3.21411285365745e-07,2.82972978084349e-07,2.45231230358019e-07,2.08698207746148e-07,1.73846332334014e-07,1.41114117819791e-07,1.10910834525801e-07,8.36202896279733e-08,5.96039276846533e-08,3.92034015112027e-08,2.27427249996617e-08,1.05300920911979e-08,2.85942630643759e-09,1.17106780235739e-11,2.25613710904146e-09,9.85110601394752e-09,2.30451008768391e-08,4.20774575681362e-08,6.71790445268777e-08,9.85728669913776e-08,1.36474606134365e-07,1.8109310211157e-07,2.32630788540251e-07,2.91284084719303e-07,3.57243750913241e-07,4.30695211226888e-07,5.11818847914132e-07,6.00790270435768e-07,6.97780562088296e-07,8.02956506674763e-07,9.16480797328997e-07,1.03851222936639e-06,1.16920587875105e-06,1.30871326762908e-06,1.45718251815594e-06,1.61475849572425e-06,1.78158294256245e-06,1.95779460259193e-06,2.14352933826577e-06,2.33892024012911e-06,2.54409772966902e-06,2.75918965604519e-06,2.98432138715292e-06,3.2196158955034e-06,3.46519383929955e-06,3.72117363907583e-06,3.98767155023867e-06,4.26480173180026e-06,4.55267631156668e-06,4.85140544806506e-06,5.16109738938321e-06,5.48185852918129e-06,5.81379346001857e-06,6.15700502421345e-06,6.51159436234512e-06,6.87766095961018e-06,7.25530269009289e-06,7.64461585913555e-06,8.04569524389774e-06,8.45863413221429e-06,8.88352435983701e-06,9.32045634619468e-06,9.76951912868906e-06,1.02308003956828e-05,1.07043865181867e-05,1.11903625803513e-05,1.16888124088142e-05,1.21998186009697e-05,1.27234625522052e-05,1.325982448217e-05,1.38089834601202e-05,1.43710174293635e-05,1.49460032309045e-05,1.5534016626249e-05,1.61351323194738e-05,1.67494239785678e-05,1.73769642561009e-05,1.80178248091755e-05,1.86720763188163e-05,1.93397885087257e-05,2.00210301634491e-05
0,0,0,0,0,0,0,0,0,0,0,0,0,0,0,0,0,0,0,0,0,0,0,0,0,0,0,0,0,0,0,0,0,0,0,0,0,0,0,0,0,0,0,0,0,0,0,0,0,0,0,0,0,0,0,0,0,0,0,0,0,0,0,0,0,0,0,0,0,0,0,0,0,0,0,0,0,0,0,0,0,0,0,0,0,0,0,0,0,0,0,0,0,0,0,0,0,0,0,0,0,0,0,0,0,0,0,0,0,0,0,0,0,0,0,0,0,0,0,0,0,0,0,0,0,0,0,0,0,0,0,0,0,0,0,0,0,0,0,0,0,0,0,0,0,0,0,0,0,0,0,0,0,0,0,0,0,0,0,0,0,0,0,0,0,0,0,0,0,0,0,0,0,0,0,0,0,0,0,0,0,0,0,0,0,0,0,0,0,0,0,0,0,0,0,0,0,0,0,0,0,0,0,0,0,0,0,0,0,0,0,0,0,0,0,0,0,0,0,0,0,0,0,2.81277668526061e-07,4.90431997222499e-07,5.97906188992502e-07,6.6105956056461e-07,6.96668932272327e-07,7.12875566284513e-07,7.14546756572167e-07,7.04962287609247e-07,6.86512083426238e-07,6.61036343963861e-07,6.30010973971572e-07,5.94657262344244e-07,5.56010936994618e-07,5.14967847340592e-07,4.7231542525789e-07,4.2875508702591e-07,3.84918640108199e-07,3.41380591903694e-07,2.98667578336941e-07,2.57265718809142e-07,2.17626446264952e-07,1.80171194757645e-07,1.45295216635724e-07,1.13370726700552e-07,8.47495188817108e-08,5.97651644514575e-08,3.87348745482882e-08,2.19610906803638e-08,9.73285273194129e-09,2.32698342649535e-09,9.12016807084545e-12,3.03461904762628e-09,1.16493510404195e-08,2.60904067062804e-08,4.65867227768045e-08,7.33596416821752e-08,1.06623413211106e-07,1.46585645990675e-07,1.93447715250039e-07,2.4740513233756e-07,3.08647880640626e-07,3.77360721866196e-07,4.53723476101965e-07,5.37911278572932e-07,6.30094815645713e-07,7.30440542264194e-07,8.39110882758353e-07,9.56264416680923e-07,1.0820560511622e-06,1.21663718106541e-06,1.36015583810142e-06,1.51275682990347e-06,1.67458186996517e-06,1.84576969923959e-06,2.02645620013697e-06,2.2167745035137e-06,2.41685508928187e-06,2.62682588110375e-06,2.84681233568518e-06,3.07693752703408e-06,3.3173222261203e-06,3.56808497622454e-06,3.82934216433638e-06,4.1012080888539e-06,4.38379502386621e-06,4.67721328022188e-06,4.98157126365238e-06,5.2969755300894e-06,5.62353083840403e-06,5.96134020070461e-06,6.31050493037546e-06,6.67112468794823e-06,7.0432975250165e-06,7.42711992621292e-06,7.82268684945858e-06,8.23009176451846e-06,8.64942668999082e-06,9.08078222879905e-06,9.52424760231071e-06,9.9799106830906e-06,1.04478580264306e-05,1.09281749006809e-05,1.14209453164537e-05,1.19262520547532e-05,1.24441766941075e-05,1.29747996367288e-05,1.35182001337486e-05,1.40744563096037e-05,1.46436451855832e-05,1.52258427025765e-05,1.58211237430842e-05,1.64295621524952e-05,1.70512307597016e-05,1.76862013970405e-05,1.83345449196085e-05,1.89963312239875e-05,1.96716292664287e-05,2.03605070804047e-05
0,0,0,0,0,0,0,0,0,0,0,0,0,0,0,0,0,0,0,0,0,0,0,0,0,0,0,0,0,0,0,0,0,0,0,0,0,0,0,0,0,0,0,0,0,0,0,0,0,0,0,0,0,0,0,0,0,0,0,0,0,0,0,0,0,0,0,0,0,0,0,0,0,0,0,0,0,0,0,0,0,0,0,0,0,0,0,0,0,0,0,0,0,0,0,0,0,0,0,0,0,0,0,0,0,0,0,0,0,0,0,0,0,0,0,0,0,0,0,0,0,0,0,0,0,0,0,0,0,0,0,0,0,0,0,0,0,0,0,0,0,0,0,0,0,0,0,0,0,0,0,0,0,0,0,0,0,0,0,0,0,0,0,0,0,0,0,0,0,0,0,0,0,0,0,0,0,0,0,0,0,0,0,0,0,0,0,0,0,0,0,0,0,0,0,0,0,0,0,0,0,0,0,0,0,0,0,0,0,0,0,0,0,0,0,0,0,0,0,0,0,4.92812379131675e-07,6.59234088478337e-07,7.5752418546707e-07,8.17622610216438e-07,8.51902923878497e-07,8.671819376728e-07,8.67820704724255e-07,8.56882365039356e-07,8.36660857171272e-07,8.08956091103485e-07,7.75231118017785e-07,7.36708397614507e-07,6.94432071880215e-07,6.49310058324914e-07,6.02143549917887e-07,5.53648325213926e-07,5.04470544090917e-07,4.5519871868053e-07,4.06372962485049e-07,3.58492258729509e-07,3.12020258502051e-07,2.67389968374459e-07,2.25007585942394e-07,1.85255672320398e-07,1.4849580207352e-07,1.15070796521887e-07,8.53066213358495e-08,5.95140110225591e-08,3.79898692189995e-08,2.10184834521905e-08,8.87258517550812e-09,1.81427987305132e-09,9.58673239804941e-11,3.9605684506291e-09,1.36431722574713e-08,2.93706140507478e-08,5.13624942629152e-08,7.98315456969568e-08,1.14984055778513e-07,1.57020249397538e-07,2.06134637086175e-07,2.62516332603047e-07,3.26349343410115e-07,3.9781283704896e-07,4.77081386037159e-07,5.64325193533621e-07,6.59710301769741e-07,7.63398784956701e-07,8.75548928207902e-07,9.96315393800132e-07,1.12584937597243e-06,1.26429874529147e-06,1.41180818353332e-06,1.56851930990292e-06,1.73457079933351e-06,1.91009849351835e-06,2.09523550530702e-06,2.29011231694421e-06,2.49485687268986e-06,2.70959466621196e-06,2.9344488231906e-06,3.16954017943055e-06,3.41498735488385e-06,3.6709068237977e-06,3.93741298132581e-06,4.21461820680355e-06,4.50263292393372e-06,4.80156565806982e-06,5.11152309082801e-06,5.4326101121371e-06,5.76492986994787e-06,6.1085838177032e-06,6.46367175975012e-06,6.83029189475086e-06,7.20854085730256e-06,7.59851375777794e-06,8.00030422055271e-06,8.41400442068752e-06,8.83970511914923e-06,9.27749569664555e-06,9.72746418618264e-06,1.01896973043519e-05,1.06642804814875e-05,1.1151297890678e-05,1.16508324757623e-05,1.21629659782807e-05,1.26877789635349e-05,1.32253508456856e-05,1.37757599120336e-05,1.43390833464581e-05,1.49153972520824e-05,1.55047766732094e-05,1.6107295616518e-05,1.67230270715925e-05,1.73520430308296e-05,1.79944145086907e-05,1.86502115603738e-05,1.93195032999262e-05,2.0002357917827e-05,2.06988426979932e-05
0,0,0,0,0,0,0,0,0,0,0,0,0,0,0,0,0,0,0,0,0,0,0,0,0,0,0,0,0,0,0,0,0,0,0,0,0,0,0,0,0,0,0,0,0,0,0,0,0,0,0,0,0,0,0,0,0,0,0,0,0,0,0,0,0,0,0,0,0,0,0,0,0,0,0,0,0,0,0,0,0,0,0,0,0,0,0,0,0,0,0,0,0,0,0,0,0,0,0,0,0,0,0,0,0,0,0,0,0,0,0,0,0,0,0,0,0,0,0,0,0,0,0,0,0,0,0,0,0,0,0,0,0,0,0,0,0,0,0,0,0,0,0,0,0,0,0,0,0,0,0,0,0,0,0,0,0,0,0,0,0,0,0,0,0,0,0,0,0,0,0,0,0,0,0,0,0,0,0,0,0,0,0,0,0,0,0,0,0,0,0,0,0,0,0,0,0,0,0,0,0,0,0,0,0,0,0,0,0,0,0,0,0,0,0,0,0,0,4.34073129686024e-07,6.9620739734684e-07,8.42567394040377e-07,9.34729689519151e-07,9.9244695489864e-07,1.02551798612992e-06,1.03983745123126e-06,1.03937659928092e-06,1.02701967350821e-06,1.00497666932745e-06,9.75010051610527e-07,9.38569489557188e-07,8.96876930716953e-07,8.50982970618459e-07,8.01805700085104e-07,7.50158366588664e-07,6.9676962246161e-07,6.42298701745945e-07,5.87347031640159e-07,5.32467277047515e-07,4.78170498170233e-07,4.24931895144241e-07,3.73195477109032e-07,3.23377900362504e-07,2.75871656010063e-07,2.31047742158427e-07,1.89257923151136e-07,1.50836654620474e-07,1.16102735595081e-07,8.53607357667057e-08,5.89022360974601e-08,3.70069133095491e-08,1.99434929329654e-08,7.9705909706602e-09,1.33746063295246e-09,2.84657704017176e-10,5.04463581156613e-09,1.58422810097366e-08,3.28953935820473e-08,5.64151237437562e-08,8.6606366907738e-08,1.236681233523e-07,1.67793826427926e-07,2.19171642866499e-07,2.77984748271656e-07,3.44411580457505e-07,4.1862607295467e-07,5.00797870719856e-07,5.9109252981574e-07,6.89671702635725e-07,7.96693310036026e-07,9.1231170160989e-07,1.03667780516736e-06,1.16993926639798e-06,1.31224057955561e-06,1.46372320994396e-06,1.62452570888296e-06,1.79478382176917e-06,1.97463058978152e-06,2.16419644575343e-06,2.36360930461779e-06,2.57299464888638e-06,2.79247560948552e-06,3.02217304233151e-06,3.26220560089243e-06,3.51268980508946e-06,3.7737401067223e-06,4.04546895169768e-06,4.32798683925829e-06,4.62140237841436e-06,4.92582234173544e-06,5.241351716713e-06,5.56809375480045e-06,5.90615001829897e-06,6.25562042520654e-06,6.61660329217143e-06,6.98919537560924e-06,7.3734919111818e-06,7.76958665161294e-06,8.1775719030333e-06,8.59753855989146e-06,9.02957613850263e-06,9.47377280931856e-06,9.93021542800756e-06,1.0398989565352e-05,1.08801795360842e-05,1.13738684266768e-05,1.18801381221507e-05,1.23990693319291e-05,1.29307416148441e-05,1.34752334032475e-05,1.40326220263464e-05,1.46029837327584e-05,1.51863937123236e-05,1.5782926117238e-05,1.63926540824914e-05,1.70156497456617e-05,1.76519842661366e-05,1.83017278437132e-05,1.89649497366309e-05,1.96417182790954e-05,2.03321008982889e-05,2.10361641308314e-05
0,0,0,0,0,0,0,0,0,0,0,0,0,0,0,0,0,0,0,0,0,0,0,0,0,0,0,0,0,0,0,0,0,0,0,0,0,0,0,0,0,0,0,0,0,0,0,0,0,0,0,0,0,0,0,0,0,0,0,0,0,0,0,0,0,0,0,0,0,0,0,0,0,0,0,0,0,0,0,0,0,0,0,0,0,0,0,0,0,0,0,0,0,0,0,0,0,0,0,0,0,0,0,0,0,0,0,0,0,0,0,0,0,0,0,0,0,0,0,0,0,0,0,0,0,0,0,0,0,0,0,0,0,0,0,0,0,0,0,0,0,0,0,0,0,0,0,0,0,0,0,0,0,0,0,0,0,0,0,0,0,0,0,0,0,0,0,0,0,0,0,0,0,0,0,0,0,0,0,0,0,0,0,0,0,0,0,0,0,0,0,0,0,0,0,0,0,0,0,0,0,0,0,0,0,0,0,0,0,0,0,0,0,0,0,2.09728098521213e-07,6.93995729838528e-07,9.08629035417547e-07,1.04285019073851e-06,1.13055203342744e-06,1.18630177352744e-06,1.21822693132096e-06,1.23154496984977e-06,1.2299174526703e-06,1.21607805122981e-06,1.19216256302236e-06,1.15989858371445e-06,1.12072215208141e-06,1.07585339819091e-06,1.02634775315151e-06,9.73131863711564e-07,9.17029539536297e-07,8.58780979981969e-07,7.99057335514394e-07,7.38471947698244e-07,6.77589171788883e-07,6.16931405331515e-07,5.56984762180226e-07,4.98203707771965e-07,4.41014886679937e-07,3.85820314124251e-07,3.33000060850484e-07,2.82914530221546e-07,2.35906403908603e-07,1.92302315878326e-07,1.52414301790932e-07,1.16541061355729e-07,8.49690638038358e-08,5.79735209331277e-08,3.58192476663096e-08,1.87614265284756e-08,7.04628960802198e-09,9.11729303406257e-10,5.87847309686073e-10,6.29744981233258e-09,1.82564956267782e-08,3.66745030153173e-08,6.17549200791377e-08,9.36954629250715e-08,1.32688425229288e-07,1.78920962329317e-07,2.32575352562117e-07,2.93829238218843e-07,3.62855848190762e-07,4.39824204114746e-07,5.24899311630589e-07,6.18242338147606e-07,7.20010778384111e-07,8.3035860877257e-07,9.49436431733728e-07,1.07739161068172e-06,1.21436839656774e-06,1.36050804664342e-06,1.51594893610151e-06,1.68082666314798e-06,1.85527414802646e-06,2.03942172645336e-06,2.23339723790497e-06,2.43732610910457e-06,2.65133143309465e-06,2.87553404417497e-06,3.11005258903728e-06,3.35500359429809e-06,3.61050153075162e-06,3.87665887448281e-06,4.1535861651048e-06,4.44139206126906e-06,4.74018339364974e-06,5.05006521551624e-06,5.37114085110743e-06,5.70351194186681e-06,6.04727849072561e-06,6.40253890449489e-06,6.76939003454789e-06,7.147927215785e-06,7.53824430409617e-06,7.94043371230316e-06,8.35458644472016e-06,8.78079213039174e-06,9.21913905508017e-06,9.6697141920467e-06,1.01326032317359e-05,1.06078906103546e-05,1.10956595374615e-05,1.15959920225829e-05,1.2108968900898e-05,1.26346698580453e-05,1.31731734541268e-05,1.37245571468689e-05,1.42888973140562e-05,1.4866269275241e-05,1.54567473127296e-05,1.60604046919579e-05,1.66773136811771e-05,1.7307545570575e-05,1.79511706908059e-05,1.8608258430966e-05,1.92788772560229e-05,1.99630947237541e-05,2.06609775012114e-05,2.1372591380658e-05
0,0,0,0,0,0,0,0,0,0,0,0,0,0,0,0,0,0,0,0,0,0,0,0,0,0,0,0,0,0,0,0,0,0,0,0,0,0,0,0,0,0,0,0,0,0,0,0,0,0,0,0,0,0,0,0,0,0,0,0,0,0,0,0,0,0,0,0,0,0,0,0,0,0,0,0,0,0,0,0,0,0,0,0,0,0,0,0,0,0,0,0,0,0,0,0,0,0,0,0,0,0,0,0,0,0,0,0,0,0,0,0,0,0,0,0,0,0,0,0,0,0,0,0,0,0,0,0,0,0,0,0,0,0,0,0,0,0,0,0,0,0,0,0,0,0,0,0,0,0,0,0,0,0,0,0,0,0,0,0,0,0,0,0,0,0,0,0,0,0,0,0,0,0,0,0,0,0,0,0,0,0,0,0,0,0,0,0,0,0,0,0,0,0,0,0,0,0,0,0,0,0,0,0,0,0,0,0,0,0,0,0,0,6.25198401901616e-07,9.45399230964752e-07,1.13568611761727e-06,1.26162163838921e-06,1.34586848601183e-06,1.39991342219423e-06,1.43071999763312e-06,1.4429880838327e-06,1.44012704834268e-06,1.42474183936636e-06,1.39890208271891e-06,1.36430284077606e-06,1.32236647326294e-06,1.27431028307364e-06,1.22119319920432e-06,1.16394904151343e-06,1.10341087591401e-06,1.04032926634729e-06,9.75386232120975e-07,9.09206111768816e-07,8.42364152366516e-07,7.75393395720712e-07,7.08790268402147e-07,6.43019170860115e-07,5.78516283356623e-07,5.1569275172491e-07,4.54937376651472e-07,3.96618901527929e-07,3.41087972725007e-07,2.88678830305239e-07,2.39710775153221e-07,1.94489449331884e-07,1.53307959341196e-07,1.16447866422779e-07,8.41800636619722e-08,5.67655561957908e-08,3.44561580326572e-08,1.74951167779803e-08,6.11767572849136e-09,5.5158133400981e-10,1.01754279764369e-09,7.72964959242598e-09,2.08957518342207e-08,4.07178077592145e-08,6.73922019718147e-08,1.01110037635938e-07,1.42057405374276e-07,1.9041563127994e-07,2.46361506153274e-07,3.1006749781155e-07,3.81701948107372e-07,4.61429256090145e-07,5.49410048594371e-07,6.45801339382314e-07,7.50756677858243e-07,8.64426288242788e-07,9.86957200032852e-07,1.11849337045013e-06,1.25917579954734e-06,1.40914263853942e-06,1.56852929190445e-06,1.73746851372777e-06,1.91609049871461e-06,2.10452296826731e-06,2.30289125200783e-06,2.51131836502083e-06,2.72992508117635e-06,2.95883000274654e-06,3.19814962661125e-06,3.44799840724212e-06,3.70848881671078e-06,3.97973140187929e-06,4.26183483897329e-06,4.55490598569368e-06,4.85904993101877e-06,5.17437004282171e-06,5.50096801346779e-06,5.83894390346413e-06,6.18839618331673e-06,6.54942177365191e-06,6.92211608376439e-06,7.30657304858044e-06,7.70288516423818e-06,8.11114352226084e-06,8.53143784244736e-06,8.96385650454399e-06,9.40848657874863e-06,9.86541385508764e-06,1.03347228717887e-05,1.0816496942603e-05,1.13108181832195e-05,1.18177675367483e-05,1.23374247983651e-05,1.28698686390972e-05,1.34151766288803e-05,1.3973425258808e-05,1.45446899627162e-05,1.51290451380575e-05,1.57265641661257e-05,1.63373194316823e-05,1.69613823419376e-05,1.75988233449915e-05,1.82497119477412e-05,1.89141167332226e-05,1.95921053774731e-05,2.02837446659034e-05,2.09891005092238e-05,2.17082379588844e-05
0,0,0,0,0,0,0,0,0,0,0,0,0,0,0,0,0,0,0,0,0,0,0,0,0,0,0,0,0,0,0,0,0,0,0,0,0,0,0,0,0,0,0,0,0,0,0,0,0,0,0,0,0,0,0,0,0,0,0,0,0,0,0,0,0,0,0,0,0,0,0,0,0,0,0,0,0,0,0,0,0,0,0,0,0,0,0,0,0,0,0,0,0,0,0,0,0,0,0,0,0,0,0,0,0,0,0,0,0,0,0,0,0,0,0,0,0,0,0,0,0,0,0,0,0,0,0,0,0,0,0,0,0,0,0,0,0,0,0,0,0,0,0,0,0,0,0,0,0,0,0,0,0,0,0,0,0,0,0,0,0,0,0,0,0,0,0,0,0,0,0,0,0,0,0,0,0,0,0,0,0,0,0,0,0,0,0,0,0,0,0,0,0,0,0,0,0,0,0,0,0,0,0,0,0,0,0,0,0,0,4.10548211997059e-07,9.37406359724202e-07,1.20519565989398e-06,1.38019295124316e-06,1.50003141510531e-06,1.5814686906457e-06,1.63397759367466e-06,1.66366861766386e-06,1.67483356921926e-06,1.67067228471555e-06,1.65367823254477e-06,1.62586157690245e-06,1.58888696981664e-06,1.54416318612233e-06,1.49290392490392e-06,1.43617050572793e-06,1.37490273753014e-06,1.30994179855247e-06,1.24204756324816e-06,1.17191197228519e-06,1.1001695210564e-06,1.0274056091567e-06,9.54163274650584e-07,8.80948689869226e-07,8.08235694449287e-07,7.36469570544361e-07,6.66070214706143e-07,5.9743482443971e-07,5.30940190618701e-07,4.66944666991986e-07,4.0578987300783e-07,3.47802174710803e-07,2.93293979687245e-07,2.42564875173736e-07,1.95902633089532e-07,1.53584101504173e-07,1.15875998687969e-07,8.30356231551838e-08,5.53114909530504e-08,3.29439096314924e-08,1.61654968974712e-08,5.20165073864469e-09,2.70976819091215e-10,1.58567811399189e-09,9.35191106516374e-09,2.3770111955339e-08,4.50352967100054e-08,7.33373369217551e-08,1.08861214535506e-07,1.51787257336028e-07,2.02291357117502e-07,2.60545172193151e-07,3.26716315710942e-07,4.00968531080356e-07,4.83461855654313e-07,5.74352773715099e-07,6.73794359662793e-07,7.81936412254726e-07,8.98925580610432e-07,1.02490548267131e-06,1.16001681669502e-06,1.30439746634301e-06,1.45818259983356e-06,1.62150476362424e-06,1.79449397101241e-06,1.97727778602669e-06,2.16998140293698e-06,2.37272772171306e-06,2.58563741966707e-06,2.80882901958274e-06,3.04241895452597e-06,3.28652162959364e-06,3.54124948073927e-06,3.80671303093237e-06,4.08302094374956e-06,4.37028007460211e-06,4.66859551971286e-06,4.97807066300413e-06,5.29880722096716e-06,5.63090528571394e-06,5.97446336621624e-06,6.32957842790814e-06,6.69634593070947e-06,7.07485986556098e-06,7.46521278953448e-06,7.86749585965154e-06,8.28179886538579e-06,8.708210259998e-06,9.14681719072708e-06,9.59770552789095e-06,1.00609598929566e-05,1.05366636856544e-05,1.10248991101196e-05,1.15257472001835e-05,1.20392878438093e-05,1.25655998067022e-05,1.31047607551633e-05,1.36568472782249e-05,1.42219349090344e-05,1.48000981456219e-05,1.5391410470988e-05,1.59959443725882e-05,1.66137713612391e-05,1.72449619894314e-05,1.78895858691282e-05,1.85477116890309e-05,1.92194072313619e-05,1.9904739388151e-05,2.06037741770623e-05,2.13165767568235e-05,2.20432114421481e-05
0,0,0,0,0,0,0,0,0,0,0,0,0,0,0,0,0,0,0,0,0,0,0,0,0,0,0,0,0,0,0,0,0,0,0,0,0,0,0,0,0,0,0,0,0,0,0,0,0,0,0,0,0,0,0,0,0,0,0,0,0,0,0,0,0,0,0,0,0,0,0,0,0,0,0,0,0,0,0,0,0,0,0,0,0,0,0,0,0,0,0,0,0,0,0,0,0,0,0,0,0,0,0,0,0,0,0,0,0,0,0,0,0,0,0,0,0,0,0,0,0,0,0,0,0,0,0,0,0,0,0,0,0,0,0,0,0,0,0,0,0,0,0,0,0,0,0,0,0,0,0,0,0,0,0,0,0,0,0,0,0,0,0,0,0,0,0,0,0,0,0,0,0,0,0,0,0,0,0,0,0,0,0,0,0,0,0,0,0,0,0,0,0,0,0,0,0,0,0,0,0,0,0,0,0,0,0,0,8.5734902325273e-07,1.24049610419689e-06,1.47958097138146e-06,1.6439241108998e-06,1.75902812508287e-06,1.83808698300954e-06,1.88916684882814e-06,1.91772836228352e-06,1.92773354573309e-06,1.9222052559009e-06,1.9035393563707e-06,1.87369223223372e-06,1.8343000595712e-06,1.78675822429768e-06,1.73227622988551e-06,1.67191686935876e-06,1.6066249255515e-06,1.53724868600419e-06,1.46455639556227e-06,1.38924905934629e-06,1.31197056071025e-06,1.23331576802689e-06,1.15383711067822e-06,1.07404997295862e-06,9.94437163198142e-07,9.15452650791803e-07,8.37524717395146e-07,7.61058634649548e-07,6.86438955778533e-07,6.14031489619677e-07,5.44185011451495e-07,4.77232754095105e-07,4.13493714359008e-07,3.53273803310879e-07,2.96866863713124e-07,2.4455557383588e-07,1.96612253586951e-07,1.53299586254948e-07,1.14871267022229e-07,8.15725876430765e-08,5.36409652702156e-08,3.13064222060307e-08,1.47920223891896e-08,4.31426959709651e-09,8.34716692556618e-11,2.30407446679e-09,1.1174968806161e-08,2.68897731834833e-08,4.96370947567522e-08,7.96007707491021e-08,1.16960092177088e-07,1.61890011586131e-07,2.14561336281296e-07,2.75140908374402e-07,3.4379177281864e-07,4.20673334490739e-07,5.05941505239402e-07,5.99748841761591e-07,7.02244675041212e-07,8.13575232046807e-07,9.33883750285542e-07,1.06331058577963e-06,1.20199331495536e-06,1.3500668309115e-06,1.50766343446335e-06,1.67491292035731e-06,1.85194265898479e-06,2.03887767391478e-06,2.23584071551964e-06,2.4429523309939e-06,2.66033093093856e-06,2.88809285280753e-06,3.12635242136033e-06,3.37522200635292e-06,3.63481207758702e-06,3.90523125754622e-06,4.18658637169767e-06,4.47898249664167e-06,4.78252300621185e-06,5.09730961566965e-06,5.42344242405072e-06,5.76101995483379e-06,6.11013919496723e-06,6.47089563237044e-06,6.8433832919865e-06,7.22769477047005e-06,7.6239212695421e-06,8.03215262815743e-06,8.45247735346116e-06,8.884982650643e-06,9.32975445174062e-06,9.78687744342676e-06,1.02564350938342e-05,1.07385096784808e-05,1.1233182305306e-05,1.17405329388907e-05,1.22606404238792e-05,1.2793582507652e-05,1.33394358622454e-05,1.38982761056345e-05,1.44701778222932e-05,1.50552145831661e-05,1.56534589650196e-05,1.62649825692075e-05,1.6889856039892e-05,1.75281490817187e-05,1.81799304769802e-05,1.88452681023014e-05,1.95242289448541e-05,2.02168791180869e-05,2.09232838770552e-05,2.16435076333307e-05,2.23776139694704e-05
0,0,0,0,0,0,0,0,0,0,0,0,0,0,0,0,0,0,0,0,0,0,0,0,0,0,0,0,0,0,0,0,0,0,0,0,0,0,0,0,0,0,0,0,0,0,0,0,0,0,0,0,0,0,0,0,0,0,0,0,0,0,0,0,0,0,0,0,0,0,0,0,0,0,0,0,0,0,0,0,0,0,0,0,0,0,0,0,0,0,0,0,0,0,0,0,0,0,0,0,0,0,0,0,0,0,0,0,0,0,0,0,0,0,0,0,0,0,0,0,0,0,0,0,0,0,0,0,0,0,0,0,0,0,0,0,0,0,0,0,0,0,0,0,0,0,0,0,0,0,0,0,0,0,0,0,0,0,0,0,0,0,0,0,0,0,0,0,0,0,0,0,0,0,0,0,0,0,0,0,0,0,0,0,0,0,0,0,0,0,0,0,0,0,0,0,0,0,0,0,0,0,0,0,0,6.37536118080731e-07,1.22552818444496e-06,1.55127922513037e-06,1.77176525352258e-06,1.92817494098141e-06,2.03944506116651e-06,2.11642040430862e-06,2.16613573891511e-06,2.19354139337225e-06,2.20232743049959e-06,2.19536514521432e-06,2.17496414774219e-06,2.14303191087754e-06,2.10117790232991e-06,2.05078438711444e-06,1.99305622864445e-06,1.92905693396551e-06,1.85973538837859e-06,1.78594610824579e-06,1.7084648696912e-06,1.62800096704662e-06,1.54520696797816e-06,1.46068657759823e-06,1.37500105237026e-06,1.28867448658986e-06,1.20219821151496e-06,1.11603448818949e-06,1.0306196322684e-06,9.46366677737591e-07,8.63667663039601e-07,7.82895605503718e-07,7.04406216543314e-07,6.28539399771942e-07,5.55620566150713e-07,4.85961793988017e-07,4.19862856645954e-07,3.57612136828309e-07,2.994874431653e-07,2.45756742223845e-07,1.9667881699152e-07,1.5250386116437e-07,1.13474017179184e-07,7.98238647349275e-08,5.17808656214137e-08,2.95657698242864e-08,1.3392987224719e-08,3.47092862320449e-09,2.31934038154459e-12,3.1844882286731e-09,1.320963458199e-08,3.0265075125507e-08,5.45334730089342e-08,8.61930505051842e-08,1.25417786916734e-07,1.72377603033411e-07,2.27238533328752e-07,2.90162886961226e-07,3.61309398532689e-07,4.40833369458944e-07,5.28886800715191e-07,6.25618517656314e-07,7.31174287525059e-07,8.45696930227557e-07,9.69326422864505e-07,1.10219999850962e-06,1.24445223963102e-06,1.39621516656235e-06,1.55761832134886e-06,1.72878884731477e-06,1.90985156462632e-06,2.10092904212859e-06,2.30214166568516e-06,2.51360770328572e-06,2.73544336707409e-06,2.96776287254162e-06,3.21067849502333e-06,3.4643006236938e-06,3.72873781317279e-06,4.00409683293014e-06,4.29048271457204e-06,4.58799879716425e-06,4.896746770688e-06,5.21682671773118e-06,5.54833715351229e-06,5.89137506434721e-06,6.24603594460432e-06,6.61241383226836e-06,6.99060134314528e-06,7.38068970382378e-06,7.78276878339871e-06,8.19692712409308e-06,8.62325197074374e-06,9.06182929928855e-06,9.51274384424939e-06,9.97607912528922e-06,1.04519174728492e-05,1.09403400529722e-05,1.14414268912693e-05,1.19552568961334e-05,1.24819078812158e-05,1.30214565871744e-05,1.35739787027403e-05,1.41395488851621e-05,1.47182407799869e-05,1.53101270402929e-05,1.59152793453071e-05,1.65337684184967e-05,1.71656640451433e-05,1.78110350893875e-05,1.84699495107956e-05,1.91424743804931e-05,1.98286758968061e-05,2.05286194004955e-05,2.12423693895702e-05,2.19699895337273e-05,2.27115426883599e-05
0,0,0,0,0,0,0,0,0,0,0,0,0,0,0,0,0,0,0,0,0,0,0,0,0,0,0,0,0,0,0,0,0,0,0,0,0,0,0,0,0,0,0,0,0,0,0,0,0,0,0,0,0,0,0,0,0,0,0,0,0,0,0,0,0,0,0,0,0,0,0,0,0,0,0,0,0,0,0,0,0,0,0,0,0,0,0,0,0,0,0,0,0,0,0,0,0,0,0,0,0,0,0,0,0,0,0,0,0,0,0,0,0,0,0,0,0,0,0,0,0,0,0,0,0,0,0,0,0,0,0,0,0,0,0,0,0,0,0,0,0,0,0,0,0,0,0,0,0,0,0,0,0,0,0,0,0,0,0,0,0,0,0,0,0,0,0,0,0,0,0,0,0,0,0,0,0,0,0,0,0,0,0,0,0,0,0,0,0,0,0,0,0,0,0,0,0,0,0,0,0,0,0,1.13300517952481e-06,1.58386142878754e-06,1.8764911161003e-06,2.08377520676542e-06,2.23398840978514e-06,2.3420442468701e-06,2.41713971258678e-06,2.46552461023014e-06,2.49173862749832e-06,2.4992437641092e-06,2.49077999593663e-06,2.46858010149739e-06,2.43450685108139e-06,2.39014462380785e-06,2.3368628820639e-06,2.2758615227002e-06,2.2082041384797e-06,2.1348429683285e-06,2.05663798357911e-06,1.97437174190951e-06,1.88876112501477e-06,1.80046674070175e-06,1.71010054655974e-06,1.61823209999528e-06,1.52539373354421e-06,1.43208487940956e-06,1.33877571326831e-06,1.24591024805458e-06,1.15390897930254e-06,1.06317116180529e-06,9.74076780845473e-07,8.86988268559432e-07,8.02252006223501e-07,7.20199645595212e-07,6.4114927642627e-07,5.65406462489075e-07,4.93265164629277e-07,4.25008566295845e-07,3.60909814487031e-07,3.01232687035108e-07,2.46232195472425e-07,1.96155131347152e-07,1.51240562715978e-07,1.11720286593157e-07,7.78192423204996e-08,4.97558901819296e-08,2.77425589851694e-08,1.19857658814818e-08,2.68651126298059e-09,4.05512422287782e-11,4.23864990633585e-09,1.54668132875701e-08,3.39065067640807e-08,5.97348574114938e-08,9.31248426604458e-08,1.34245466461848e-07,1.83261924042378e-07,2.40335756211643e-07,3.0562499408898e-07,3.79284295028591e-07,4.61465070447283e-07,5.52315606181698e-07,6.51981175961885e-07,7.60604148506316e-07,8.78324088725817e-07,1.0052778534488e-06,1.14159968207949e-06,1.28742128252403e-06,1.44287191273615e-06,1.60807845814985e-06,1.7831655053091e-06,1.96825541191349e-06,2.16346837353556e-06,2.36892248719639e-06,2.58473381204115e-06,2.81101642722232e-06,3.04788248724694e-06,3.29544227485955e-06,3.553804251672e-06,3.82307510660815e-06,4.10335980235808e-06,4.39476161988987e-06,4.69738220116881e-06,5.01132159016696e-06,5.33667827225954e-06,5.67354921207914e-06,6.02202988994417e-06,6.38221433689849e-06,6.75419516845043e-06,7.13806361707633e-06,7.53390956356026e-06,7.94182156718168e-06,8.36188689490072e-06,8.79419154946474e-06,9.23882029659532e-06,9.69585669125164e-06,1.01653831029986e-05,1.06474807405525e-05,1.11422296755393e-05,1.16497088654613e-05,1.21699961759616e-05,1.27031684023831e-05,1.32493012906623e-05,1.38084695575631e-05,1.43807469103425e-05,1.49662060657856e-05,1.55649187687091e-05,1.61769558099035e-05,1.6802387043583e-05,1.74412814043159e-05,1.80937069234874e-05,1.87597307452899e-05,1.94394191423072e-05,2.01328375306383e-05,2.08400504846274e-05,2.15611217511929e-05,2.2296114263813e-05,2.30450901560912e-05
0,0,0,0,0,0,0,0,0,0,0,0,0,0,0,0,0,0,0,0,0,0,0,0,0,0,0,0,0,0,0,0,0,0,0,0,0,0,0,0,0,0,0,0,0,0,0,0,0,0,0,0,0,0,0,0,0,0,0,0,0,0,0,0,0,0,0,0,0,0,0,0,0,0,0,0,0,0,0,0,0,0,0,0,0,0,0,0,0,0,0,0,0,0,0,0,0,0,0,0,0,0,0,0,0,0,0,0,0,0,0,0,0,0,0,0,0,0,0,0,0,0,0,0,0,0,0,0,0,0,0,0,0,0,0,0,0,0,0,0,0,0,0,0,0,0,0,0,0,0,0,0,0,0,0,0,0,0,0,0,0,0,0,0,0,0,0,0,0,0,0,0,0,0,0,0,0,0,0,0,0,0,0,0,0,0,0,0,0,0,0,0,0,0,0,0,0,0,0,0,9.02046103965068e-07,1.56071879832323e-06,1.94914513713847e-06,2.21973379891872e-06,2.41707228597979e-06,2.56226202887505e-06,2.66754135600788e-06,2.74089673633499e-06,2.78796267997147e-06,2.81294174814534e-06,2.8191019759388e-06,2.80906841790639e-06,2.78500494022432e-06,2.74873328438466e-06,2.70181422946389e-06,2.64560478755186e-06,2.58129965702649e-06,2.50996199734429e-06,2.43254675684641e-06,2.34991868068149e-06,2.262866437296e-06,2.17211385960954e-06,2.07832900532483e-06,1.98213154405207e-06,1.88409884334385e-06,1.78477103052487e-06,1.68465523928976e-06,1.58422920073586e-06,1.48394430230259e-06,1.38422821106651e-06,1.28548713753773e-06,1.18810780056871e-06,1.09245914206734e-06,9.98893830929339e-07,9.07749588325388e-07,8.19350360724644e-07,7.34007362470631e-07,6.5202000602468e-07,5.73676735048045e-07,4.99255773051093e-07,4.29025798389812e-07,3.63246554732494e-07,3.02169404807886e-07,2.46037834098106e-07,1.95087910225392e-07,1.49548702987252e-07,1.09642669338501e-07,7.558600704866e-08,4.75889803078574e-08,2.58562201221224e-08,1.05870020134866e-08,1.97550322531313e-09,2.11041389340093e-10,5.47829637417583e-09,1.79575168527417e-08,3.78247129515104e-08,6.52518361990853e-08,1.00406947865186e-07,1.43454376661259e-07,1.94554866686315e-07,2.53865716401895e-07,3.21540909350267e-07,3.97731237258285e-07,4.82584416112992e-07,5.76245195727998e-07,6.78855463294541e-07,7.90554341338481e-07,9.11478280496572e-07,1.04176114746123e-06,1.18153430844026e-06,1.33092670842146e-06,1.49006494653807e-06,1.65907334776888e-06,1.83807403123673e-06,2.02718697529996e-06,2.22653007964402e-06,2.43621922455646e-06,2.65636832757681e-06,2.88708939763149e-06,3.12849258685657e-06,3.38068624019451e-06,3.64377694294483e-06,3.91786956631141e-06,4.20306731114041e-06,4.49947174988244e-06,4.80718286691378e-06,5.12629909727335e-06,5.45691736395014e-06,5.79913311371211e-06,6.15304035165286e-06,6.51873167443388e-06,6.89629830233863e-06,7.28583011017616e-06,7.68741565710585e-06,8.10114221539939e-06,8.52709579825479e-06,8.96536118662797e-06,9.41602195519844e-06,9.87916049745268e-06,1.0354858049977e-05,1.08431947159393e-05,1.13442494878486e-05,1.18581002695805e-05,1.23848238977352e-05,1.29244961623341e-05,1.34771918268862e-05,1.4042984647855e-05,1.46219473935594e-05,1.52141518625018e-05,1.58196689011875e-05,1.64385684214224e-05,1.7070919417124e-05,1.77167899806662e-05,1.83762473187697e-05,1.90493577679418e-05,1.97361868095378e-05,2.04367990843816e-05,2.1151258407006e-05,2.18796277795439e-05,2.26219694052398e-05,2.33783447015998e-05
0,0,0,0,0,0,0,0,0,0,0,0,0,0,0,0,0,0,0,0,0,0,0,0,0,0,0,0,0,0,0,0,0,0,0,0,0,0,0,0,0,0,0,0,0,0,0,0,0,0,0,0,0,0,0,0,0,0,0,0,0,0,0,0,0,0,0,0,0,0,0,0,0,0,0,0,0,0,0,0,0,0,0,0,0,0,0,0,0,0,0,0,0,0,0,0,0,0,0,0,0,0,0,0,0,0,0,0,0,0,0,0,0,0,0,0,0,0,0,0,0,0,0,0,0,0,0,0,0,0,0,0,0,0,0,0,0,0,0,0,0,0,0,0,0,0,0,0,0,0,0,0,0,0,0,0,0,0,0,0,0,0,0,0,0,0,0,0,0,0,0,0,0,0,0,0,0,0,0,0,0,0,0,0,0,0,0,0,0,0,0,0,0,0,0,0,0,8.75892512714846e-08,1.4545106462174e-06,1.97778086151135e-06,2.3286164437476e-06,2.58329906699116e-06,2.77281436333079e-06,2.91380422114517e-06,3.01662110002262e-06,3.08832975227885e-06,3.13407073480974e-06,3.15776517370686e-06,3.16251415301626e-06,3.15084128733288e-06,3.12484826183054e-06,3.08631902031848e-06,3.03679211334985e-06,2.9776124768762e-06,2.90996945467621e-06,2.83492534494072e-06,2.75343725042135e-06,2.6663740893387e-06,2.57453003958378e-06,2.47863530768669e-06,2.37936485954241e-06,2.27734557617707e-06,2.17316217691015e-06,2.06736216660015e-06,1.9604600020033e-06,1.85294062716995e-06,1.74526249447922e-06,1.6378601628705e-06,1.53114654587632e-06,1.42551486752498e-06,1.32134037294519e-06,1.21898183170697e-06,1.11878286504304e-06,1.02107312258592e-06,9.26169329873324e-07,8.3437622435558e-07,7.45987394739555e-07,6.61286036206925e-07,5.80545632095882e-07,5.04030571069494e-07,4.31996707483692e-07,3.64691871555769e-07,3.02356335050082e-07,2.45223237391645e-07,1.93518976502566e-07,1.47463568071638e-07,1.07270976528206e-07,7.31494205583039e-08,4.53016556899057e-08,2.39252361454817e-08,9.21275792825123e-09,1.35208487109269e-09,5.26559194729328e-10,6.91519794521526e-09,2.06928765403107e-08,4.20305005222159e-08,7.10951665016299e-08,1.08050313181864e-07,1.53055863255628e-07,2.06268356899989e-07,2.67841077519118e-07,3.37924170323032e-07,4.16664754281794e-07,5.0420702793817e-07,6.00692369522697e-07,7.0625943178034e-07,8.21044231867639e-07,9.45180236674675e-07,1.0787984438612e-06,1.22202745890809e-06,1.37499356843689e-06,1.53782081004124e-06,1.71063103883959e-06,1.89354399097683e-06,2.08667734424263e-06,2.29014677598298e-06,2.50406601847123e-06,2.72854691190247e-06,2.96369945510659e-06,3.20963185416427e-06,3.4664505689944e-06,3.7342603580741e-06,4.01316432133057e-06,4.3032639413817e-06,4.60465912314265e-06,4.91744823192749e-06,5.24172813010116e-06,5.57759421238397e-06,5.9251404398254e-06,6.28445937258501e-06,6.65564220150461e-06,7.0387787785945e-06,7.43395764642883e-06,7.84126606657208e-06,8.26079004698218e-06,8.69261436855884e-06,9.13682261076518e-06,9.59349717643254e-06,1.00627193157703e-05,1.05445691495964e-05,1.10391256918453e-05,1.15464668713788e-05,1.20666695531069e-05,1.25998095585007e-05,1.31459616854566e-05,1.37051997276027e-05,1.42775964929962e-05,1.48632238223336e-05,1.54621526065839e-05,1.60744528041644e-05,1.67001934576134e-05,1.73394427098034e-05,1.79922678197187e-05,1.86587351777908e-05,1.93389103208263e-05,2.00328579465493e-05,2.07406419277556e-05,2.14623253260815e-05,2.21979704054426e-05,2.29476386451354e-05,2.371139075256e-05
0,0,0,0,0,0,0,0,0,0,0,0,0,0,0,0,0,0,0,0,0,0,0,0,0,0,0,0,0,0,0,0,0,0,0,0,0,0,0,0,0,0,0,0,0,0,0,0,0,0,0,0,0,0,0,0,0,0,0,0,0,0,0,0,0,0,0,0,0,0,0,0,0,0,0,0,0,0,0,0,0,0,0,0,0,0,0,0,0,0,0,0,0,0,0,0,0,0,0,0,0,0,0,0,0,0,0,0,0,0,0,0,0,0,0,0,0,0,0,0,0,0,0,0,0,0,0,0,0,0,0,0,0,0,0,0,0,0,0,0,0,0,0,0,0,0,0,0,0,0,0,0,0,0,0,0,0,0,0,0,0,0,0,0,0,0,0,0,0,0,0,0,0,0,0,0,0,0,0,0,0,0,0,0,0,0,0,0,0,0,0,0,0,0,0,1.20882052936148e-06,1.94526669646593e-06,2.40102983682403e-06,2.72626608985828e-06,2.96883313784366e-06,3.15198318274115e-06,3.28936693643576e-06,3.3899476053932e-06,3.46006781431676e-06,3.50446368952713e-06,3.52681807773324e-06,3.53008688023309e-06,3.51670350065354e-06,3.48871322158425e-06,3.44786505070304e-06,3.39567657650348e-06,3.3334810452464e-06,3.26246235028852e-06,3.18368157618441e-06,3.09809750084943e-06,3.00658268423219e-06,2.90993627305006e-06,2.80889432154137e-06,2.7041382053929e-06,2.59630155224637e-06,2.48597600415129e-06,2.37371605010949e-06,2.26004311075429e-06,2.14544901602094e-06,2.03039898587744e-06,1.91533420100579e-06,1.80067403264962e-06,1.6868179872049e-06,1.57414741056922e-06,1.46302698892937e-06,1.35380607612015e-06,1.24681987245527e-06,1.14239047570912e-06,1.04082782155946e-06,9.42430528031449e-07,8.47486656219277e-07,7.56274397713238e-07,6.69062697617903e-07,5.86111820778503e-07,5.07673867746684e-07,4.33993246149915e-07,3.65307102336266e-07,3.01845717568919e-07,2.43832872462627e-07,1.91486182921838e-07,1.45017410420423e-07,1.04632749141323e-07,7.05330921788181e-08,4.29142787786329e-08,2.19673243431943e-08,7.87863475900871e-09,8.30206421827839e-10,9.99813198487233e-10,8.5611814274933e-09,2.36841539540604e-08,4.65348440925857e-08,7.72757803203587e-08,1.16066042434421e-07,1.63061389822736e-07,2.18414382454551e-07,2.82274495126522e-07,3.54788225458745e-07,4.36099196091427e-07,5.26348251492326e-07,6.25673549744686e-07,7.34210649665546e-07,8.52092593564037e-07,9.79449985933082e-07,1.11641106832771e-06,1.26310179069438e-06,1.41964587935383e-06,1.5861649018653e-06,1.76277832894137e-06,1.9496035936166e-06,2.14675614781645e-06,2.35434951647763e-06,2.57249534936841e-06,2.80130347075309e-06,3.04088192697929e-06,3.29133703215836e-06,3.55277341199127e-06,3.82529404589629e-06,4.10900030745032e-06,4.40399200332634e-06,4.71036741072584e-06,5.02822331342749e-06,5.35765503650468e-06,5.69875647979153e-06,6.05162015012684e-06,6.41633719249353e-06,6.79299742003402e-06,7.1816893430699e-06,7.582500197092e-06,7.99551596985994e-06,8.42082142755394e-06,8.85850014011641e-06,9.30863450574392e-06,9.77130577459956e-06,1.02465940718001e-05,1.07345784196623e-05,1.12353367592676e-05,1.17489459713898e-05,1.22754818967637e-05,1.2815019355775e-05,1.33676321675687e-05,1.39333931685878e-05,1.45123742305843e-05,1.51046462781363e-05,1.57102793056424e-05,1.63293423938722e-05,1.69619037260396e-05,1.76080306034553e-05,1.8267789460751e-05,1.89412458806972e-05,1.96284646086192e-05,2.03295095664631e-05,2.10444438664877e-05,2.17733298245852e-05,2.25162289732942e-05,2.32732020744859e-05,2.40443091317002e-05
0,0,0,0,0,0,0,0,0,0,0,0,0,0,0,0,0,0,0,0,0,0,0,0,0,0,0,0,0,0,0,0,0,0,0,0,0,0,0,0,0,0,0,0,0,0,0,0,0,0,0,0,0,0,0,0,0,0,0,0,0,0,0,0,0,0,0,0,0,0,0,0,0,0,0,0,0,0,0,0,0,0,0,0,0,0,0,0,0,0,0,0,0,0,0,0,0,0,0,0,0,0,0,0,0,0,0,0,0,0,0,0,0,0,0,0,0,0,0,0,0,0,0,0,0,0,0,0,0,0,0,0,0,0,0,0,0,0,0,0,0,0,0,0,0,0,0,0,0,0,0,0,0,0,0,0,0,0,0,0,0,0,0,0,0,0,0,0,0,0,0,0,0,0,0,0,0,0,0,0,0,0,0,0,0,0,0,0,0,0,0,0,6.08784651626797e-07,1.82414838017444e-06,2.42452705718761e-06,2.83817840044696e-06,3.14466416636018e-06,3.37762969445582e-06,3.55545346095485e-06,3.68966626512951e-06,3.78817212325167e-06,3.85673460228383e-06,3.89975319297717e-06,3.92070656105542e-06,3.92242322940739e-06,3.90725585175891e-06,3.87719831197321e-06,3.83396723095749e-06,3.77906040629018e-06,3.71379978539444e-06,3.63936376254387e-06,3.55681191837943e-06,3.46710429044336e-06,3.37111660834322e-06,3.26965249947842e-06,3.16345338499834e-06,3.0532065900046e-06,2.93955205559473e-06,2.82308794357679e-06,2.70437535494317e-06,2.58394233219956e-06,2.4622872778565e-06,2.33988189301271e-06,2.21717371849039e-06,2.09458834447396e-06,1.9725313418242e-06,1.85138995831546e-06,1.73153461513284e-06,1.6133202327887e-06,1.49708741057894e-06,1.38316347972234e-06,1.27186344704779e-06,1.1634908434465e-06,1.05833848912282e-06,9.56689185885405e-07,8.58816345227933e-07,7.64984559693452e-07,6.75450123996319e-07,5.90461511490661e-07,5.10259810826347e-07,4.35079127027248e-07,3.65146950665305e-07,3.00684498378246e-07,2.41907027560614e-07,1.89024127739016e-07,1.42239990839323e-07,1.01753662316444e-07,6.7759274876508e-08,4.04462663579757e-08,1.99995831471867e-08,6.59987037368671e-09,4.23649993991615e-10,1.643487767365e-09,1.04281500185246e-08,2.69427510025324e-08,5.13488916037312e-08,8.38047900336005e-08,1.24465405132475e-07,1.73482552816156e-07,2.31005016176103e-07,2.9717864967751e-07,3.72146477877535e-07,4.56048789037036e-07,5.49023223983974e-07,6.51204860527174e-07,7.62726293738586e-07,8.83717712349809e-07,1.01430697153013e-06,1.15461966225488e-06,1.30477917749427e-06,1.4649067754018e-06,1.63512163969672e-06,1.8155409373877e-06,2.00627987401695e-06,2.20745174654907e-06,2.41916799404887e-06,2.64153824625649e-06,2.87467037021401e-06,3.1186705149909e-06,3.37364315467176e-06,3.63969112964498e-06,3.91691568634073e-06,4.20541651541645e-06,4.50529178856638e-06,4.81663819394097e-06,5.13955097029148e-06,5.47412393988988e-06,5.8204495402944e-06,6.17861885497323e-06,6.54872164291715e-06,6.93084636720549e-06,7.32508022263721e-06,7.73150916242691e-06,8.15021792405196e-06,8.58129005422117e-06,9.02480793309373e-06,9.48085279769621e-06,9.94950476461966e-06,1.04308428520274e-05,1.09249450009767e-05,1.14318880961028e-05,1.19517479856932e-05,1.24845995011542e-05,1.30305164759323e-05,1.35895717638738e-05,1.41618372570794e-05,1.47473839032169e-05,1.53462817224108e-05,1.59585998236086e-05,1.65844064205393e-05,1.72237688472242e-05,1.78767535730821e-05,1.85434262176189e-05,1.92238515647676e-05,1.99180935767964e-05,2.06262154079399e-05,2.13482794176169e-05,2.20843471833448e-05,2.28344795133351e-05,2.35987364587804e-05,2.43771773258131e-05
0,0,0,0,0,0,0,0,0,0,0,0,0,0,0,0,0,0,0,0,0,0,0,0,0,0,0,0,0,0,0,0,0,0,0,0,0,0,0,0,0,0,0,0,0,0,0,0,0,0,0,0,0,0,0,0,0,0,0,0,0,0,0,0,0,0,0,0,0,0,0,0,0,0,0,0,0,0,0,0,0,0,0,0,0,0,0,0,0,0,0,0,0,0,0,0,0,0,0,0,0,0,0,0,0,0,0,0,0,0,0,0,0,0,0,0,0,0,0,0,0,0,0,0,0,0,0,0,0,0,0,0,0,0,0,0,0,0,0,0,0,0,0,0,0,0,0,0,0,0,0,0,0,0,0,0,0,0,0,0,0,0,0,0,0,0,0,0,0,0,0,0,0,0,0,0,0,0,0,0,0,0,0,0,0,0,0,0,0,0,1.56110810985355e-06,2.38147298273256e-06,2.90922077948931e-06,3.29360805499775e-06,3.58566252478344e-06,3.81077732762108e-06,3.98403404568722e-06,4.11539676718504e-06,4.21193941192783e-06,4.27895219232471e-06,4.32055045696166e-06,4.34003609083133e-06,4.340124991982e-06,4.32309711667816e-06,4.2908993159509e-06,4.24521810595899e-06,4.18753257658136e-06,4.11915376456427e-06,4.04125455184203e-06,3.9548927747037e-06,3.86102936729863e-06,3.76054280648177e-06,3.65424075660755e-06,3.54286956339896e-06,3.42712207360592e-06,3.30764413583751e-06,3.18504005110183e-06,3.05987717851497e-06,2.93268985519781e-06,2.80398275466848e-06,2.67423378192853e-06,2.54389658346838e-06,2.41340273501902e-06,2.28316365793267e-06,2.15357230569356e-06,2.02500465461821e-06,1.89782102689686e-06,1.77236726937921e-06,1.64897580767186e-06,1.5279665919684e-06,1.4096479485173e-06,1.29431734850026e-06,1.18226210436476e-06,1.07376000221641e-06,9.69079877656957e-07,8.68482141450526e-07,7.72219260538779e-07,6.80536199204751e-07,5.93670824581203e-07,5.11854280152168e-07,4.35311330477304e-07,3.6426067995025e-07,2.9891526810355e-07,2.39482543658316e-07,1.86164719284449e-07,1.39159008808942e-07,9.86578484370956e-08,6.48491033585269e-08,3.79162610010694e-08,1.80386120333087e-08,5.39142012930015e-09,1.46081394659798e-10,2.47027427509324e-09,1.25281006827247e-08,3.04802190119706e-08,5.64839696519015e-08,9.06934935472946e-08,1.33259844314166e-07,1.84331094363436e-07,2.44052435458534e-07,3.12566274086736e-07,3.90012321996175e-07,4.76527682221299e-07,5.72246930896458e-07,6.7730219512075e-07,7.9182322713947e-07,9.15937475056249e-07,1.04977015031216e-06,1.19344429210153e-06,1.3470808289362e-06,1.51079863750109e-06,1.6847145989855e-06,1.86894365300483e-06,2.06359884927987e-06,2.26879139717635e-06,2.48463071323897e-06,2.71122446680234e-06,2.94867862383444e-06,3.19709748903879e-06,3.45658374636e-06,3.72723849794577e-06,4.00916130167237e-06,4.30245020725314e-06,4.60720179106581e-06,4.92351118972376e-06,5.25147213244272e-06,5.59117697228938e-06,5.94271671636207e-06,6.30618105491217e-06,6.68165838952082e-06,7.0692358603166e-06,7.46899937230538e-06,7.88103362085416e-06,8.30542211635224e-06,8.74224720808333e-06,9.19159010737957e-06,9.65353091002843e-06,1.01281486180086e-05,1.06155211605787e-05,1.11157254147238e-05,1.1628837224998e-05,1.21549314228006e-05,1.2694081845085e-05,1.32463613525263e-05,1.38118418472142e-05,1.43905942898003e-05,1.4982688716201e-05,1.55881942538483e-05,1.62071791374794e-05,1.68397107245276e-05,1.74858555100848e-05,1.81456791414837e-05,1.88192464325153e-05,1.95066213772393e-05,2.02078671634753e-05,2.09230461859639e-05,2.16522200591699e-05,2.23954496297838e-05,2.31527949889151e-05,2.39243154840138e-05,2.47100697304509e-05
0,0,0,0,0,0,0,0,0,0,0,0,0,0,0,0,0,0,0,0,0,0,0,0,0,0,0,0,0,0,0,0,0,0,0,0,0,0,0,0,0,0,0,0,0,0,0,0,0,0,0,0,0,0,0,0,0,0,0,0,0,0,0,0,0,0,0,0,0,0,0,0,0,0,0,0,0,0,0,0,0,0,0,0,0,0,0,0,0,0,0,0,0,0,0,0,0,0,0,0,0,0,0,0,0,0,0,0,0,0,0,0,0,0,0,0,0,0,0,0,0,0,0,0,0,0,0,0,0,0,0,0,0,0,0,0,0,0,0,0,0,0,0,0,0,0,0,0,0,0,0,0,0,0,0,0,0,0,0,0,0,0,0,0,0,0,0,0,0,0,0,0,0,0,0,0,0,0,0,0,0,0,0,0,0,0,0,9.95088509867028e-07,2.24424663447358e-06,2.92646609891563e-06,3.40752525811223e-06,3.77018629113645e-06,4.05071662904945e-06,4.26924207557356e-06,4.43849491487597e-06,4.56724259634454e-06,4.66189366575267e-06,4.72734508865794e-06,4.76746950091658e-06,4.78541435085115e-06,4.78379527750617e-06,4.76482645309203e-06,4.73041152850002e-06,4.68220896425513e-06,4.62168014243053e-06,4.55012556729292e-06,4.46871261934265e-06,4.3784971881129e-06,4.28044078292231e-06,4.17542424548351e-06,4.0642588695674e-06,3.94769551464275e-06,3.82643214810431e-06,3.70112014243319e-06,3.57236957559918e-06,3.4407537258078e-06,3.30681290934613e-06,3.17105777844211e-06,3.0339721719026e-06,2.89601559273477e-06,2.75762537265295e-06,2.61921857211835e-06,2.48119365573316e-06,2.34393197580405e-06,2.20779909125664e-06,2.07314594456857e-06,1.94030991572428e-06,1.80961576919519e-06,1.68137650749915e-06,1.55589414285874e-06,1.43346039680921e-06,1.3143573362076e-06,1.19885795289982e-06,1.08722669334902e-06,9.79719943673987e-07,8.7658647484016e-07,7.78067852158762e-07,6.84398812716456e-07,5.95807613941524e-07,5.12516356099867e-07,4.3474128122821e-07,3.62693050686279e-07,2.96577003297019e-07,2.36593395810786e-07,1.82937627248868e-07,1.35800448513516e-07,9.53681585184345e-08,6.18227879443378e-08,3.53422716458615e-08,1.61006106011993e-08,4.26802423675169e-09,1.10938628263978e-11,3.49289789987513e-09,1.48731395022409e-08,3.43082671399909e-08,6.19515886432227e-08,9.79533791751957e-08,1.42460983555237e-07,1.9561891331799e-07,2.57568938868245e-07,3.28450177053086e-07,4.08399174452949e-07,4.9754998666852e-07,5.96034253856019e-07,7.0398127274163e-07,8.21518065342525e-07,9.48769444581698e-07,1.08585807699424e-06,1.2329045426824e-06,1.39002739269721e-06,1.55734320397503e-06,1.73496663199034e-06,1.92301046121779e-06,2.12158565356671e-06,2.33080139486284e-06,2.55076513950207e-06,2.78158265335168e-06,3.02335805503798e-06,3.27619385562577e-06,3.54019099685476e-06,3.8154488879405e-06,4.1020654410626e-06,4.40013710554431e-06,4.70975890085657e-06,5.03102444844938e-06,5.36402600248621e-06,5.70885447953251e-06,6.06559948725148e-06,6.43434935212599e-06,6.81519114629791e-06,7.20821071351178e-06,7.61349269424821e-06,8.03112055003157e-06,8.4611765870237e-06,8.90374197882729e-06,9.35889678865439e-06,9.82671999077638e-06,1.03072894913581e-05,1.08006821486665e-05,1.13069737926999e-05,1.18262392442319e-05,1.23585523333337e-05,1.29039859173427e-05,1.3462611898363e-05,1.40345012402612e-05,1.46197239851972e-05,1.52183492697089e-05,1.58304453403758e-05,1.64560795690488e-05,1.70953184676959e-05,1.7748227702854e-05,1.84148721097068e-05,1.9095315705823e-05,1.97896217045164e-05,2.04978525278829e-05,2.12200698195407e-05,2.19563344570312e-05,2.27067065639027e-05,2.34712455215603e-05,2.42500099807874e-05,2.50430578729919e-05
0,0,0,0,0,0,0,0,0,0,0,0,0,0,0,0,0,0,0,0,0,0,0,0,0,0,0,0,0,0,0,0,0,0,0,0,0,0,0,0,0,0,0,0,0,0,0,0,0,0,0,0,0,0,0,0,0,0,0,0,0,0,0,0,0,0,0,0,0,0,0,0,0,0,0,0,0,0,0,0,0,0,0,0,0,0,0,0,0,0,0,0,0,0,0,0,0,0,0,0,0,0,0,0,0,0,0,0,0,0,0,0,0,0,0,0,0,0,0,0,0,0,0,0,0,0,0,0,0,0,0,0,0,0,0,0,0,0,0,0,0,0,0,0,0,0,0,0,0,0,0,0,0,0,0,0,0,0,0,0,0,0,0,0,0,0,0,0,0,0,0,0,0,0,0,0,0,0,0,0,0,0,0,0,0,1.96174300579032e-06,2.87179408438082e-06,3.47620200566016e-06,3.92422794381279e-06,4.27000087771995e-06,4.54105328419334e-06,4.75391862156509e-06,4.91958699337475e-06,5.04588729822091e-06,5.13868466883884e-06,5.20254486469971e-06,5.24113105124112e-06,5.25745469490109e-06,5.25404164170908e-06,5.23304625726038e-06,5.19633237115576e-06,5.14553222933628e-06,5.08209042382585e-06,5.00729728609963e-06,4.92231471847184e-06,4.82819648709766e-06,4.72590438514622e-06,4.61632126661302e-06,4.50026167440225e-06,4.3784805947155e-06,4.25168073474635e-06,4.12051862387981e-06,3.9856097682812e-06,3.84753303686079e-06,3.70683441787085e-06,3.56403025613364e-06,3.41961005858855e-06,3.2740389386001e-06,3.1277597560974e-06,2.98119500007269e-06,2.83474845165555e-06,2.68880665935829e-06,2.5437402527275e-06,2.39990511635208e-06,2.25764344268396e-06,2.11728467922805e-06,1.97914638333554e-06,1.84353499584995e-06,1.71074654327441e-06,1.58106727671267e-06,1.45477425477351e-06,1.33213587659688e-06,1.21341237040466e-06,1.09885624225357e-06,9.88712689098863e-07,8.83219979766029e-07,7.82609806998413e-07,6.87107613368776e-07,5.96932893536396e-07,5.12299475032627e-07,4.33415779530512e-07,3.6048506633067e-07,2.93705659620071e-07,2.33271160889369e-07,1.79370647758393e-07,1.32188860326745e-07,9.19063760672382e-08,5.86997741576166e-08,3.27417900954294e-08,1.42014613232093e-08,3.24426455400803e-09,3.22454051155414e-11,4.7241409057271e-09,1.74754953852926e-08,3.84387702115257e-08,6.77634478044311e-08,1.05596130315253e-07,1.52080633333742e-07,2.07358074944557e-07,2.71566960444637e-07,3.44843262993594e-07,4.27320500457065e-07,5.19129808678442e-07,6.20400011402518e-07,7.31257687043432e-07,8.51827232500053e-07,9.82230924173576e-07,1.12258897637367e-06,1.27301959723321e-06,1.43363904230009e-06,1.60456166591375e-06,1.78589997050644e-06,1.97776465391632e-06,2.18026465485286e-06,2.39350719658161e-06,2.6175978289385e-06,2.85264046873891e-06,3.09873743871316e-06,3.35598950495978e-06,3.62449591308214e-06,3.90435442298917e-06,4.19566134250407e-06,4.49851155975105e-06,4.81299857446815e-06,5.13921452822041e-06,5.47725023361089e-06,5.82719520251676e-06,6.18913767340396e-06,6.56316463772875e-06,6.94936186554117e-06,7.34781393022612e-06,7.75860423249504e-06,8.18181502363773e-06,8.61752742805793e-06,9.06582146510857e-06,9.52677607030901e-06,1.00004691159086e-05,1.04869774308498e-05,1.09863768201706e-05,1.14987420838385e-05,1.20241470350421e-05,1.25626645180025e-05,1.31143664252495e-05,1.36793237144611e-05,1.42576064248228e-05,1.48492836929599e-05,1.54544237684306e-05,1.60730940288413e-05,1.67053609945274e-05,1.73512903428936e-05,1.80109469223689e-05,1.86843947659995e-05,1.93716971047382e-05,2.0072916380364e-05,2.07881142580837e-05,2.1517351638881e-05,2.22606886715074e-05,2.3018184764211e-05,2.37898985961817e-05,2.45758881287649e-05,2.53762106163403e-05
0,0,0,0,0,0,0,0,0,0,0,0,0,0,0,0,0,0,0,0,0,0,0,0,0,0,0,0,0,0,0,0,0,0,0,0,0,0,0,0,0,0,0,0,0,0,0,0,0,0,0,0,0,0,0,0,0,0,0,0,0,0,0,0,0,0,0,0,0,0,0,0,0,0,0,0,0,0,0,0,0,0,0,0,0,0,0,0,0,0,0,0,0,0,0,0,0,0,0,0,0,0,0,0,0,0,0,0,0,0,0,0,0,0,0,0,0,0,0,0,0,0,0,0,0,0,0,0,0,0,0,0,0,0,0,0,0,0,0,0,0,0,0,0,0,0,0,0,0,0,0,0,0,0,0,0,0,0,0,0,0,0,0,0,0,0,0,0,0,0,0,0,0,0,0,0,0,0,0,0,0,0,1.40041289305235e-06,2.71737377891882e-06,3.48626294243019e-06,4.03933817109531e-06,4.46253009709317e-06,4.7947100249518e-06,5.05776865211658e-06,5.26566598645457e-06,5.42805879391163e-06,5.55202364708901e-06,5.64297482531925e-06,5.70519583174948e-06,5.74216741568748e-06,5.75678046884866e-06,5.75147997104679e-06,5.72836567398559e-06,5.68926456846187e-06,5.6357843339484e-06,5.56935360441785e-06,5.49125286848055e-06,5.40263857206889e-06,5.30456219324689e-06,5.19798553487707e-06,5.0837931287815e-06,4.96280240366817e-06,4.83577210026459e-06,4.70340929702976e-06,4.56637532310197e-06,4.42529077161537e-06,4.28073977930397e-06,4.13327370290421e-06,3.98341429593803e-06,3.8316564687909e-06,3.67847069897746e-06,3.52430514597952e-06,3.36958751518026e-06,3.21472670755916e-06,3.06011428554265e-06,2.90612578035863e-06,2.75312186214174e-06,2.60144939067609e-06,2.45144236192275e-06,2.30342276323407e-06,2.15770134823975e-06,2.01457834085855e-06,1.8743440765508e-06,1.7372795878547e-06,1.60365714027188e-06,1.47374072383565e-06,1.34778650496338e-06,1.22604324267205e-06,1.10875267269713e-06,9.96149862675014e-07,8.88463541144902e-07,7.85916402831685e-07,6.88725392389233e-07,5.97101968548272e-07,5.11252350390691e-07,4.31377747315698e-07,3.57674574060171e-07,2.90334652045506e-07,2.29545398150983e-07,1.75490001937712e-07,1.28347592227891e-07,8.8293393871077e-08,5.54988754383461e-08,3.0131888535524e-08,1.23567993416286e-08,2.33461294551347e-09,2.23090986989668e-10,6.17686307802584e-09,2.0347532429198e-08,4.28837760771587e-08,7.39314400741083e-08,1.13633629970069e-07,1.62130796895486e-07,2.19560819521926e-07,2.86059082163358e-07,3.61758549257723e-07,4.46789836444503e-07,5.41281278451717e-07,6.45358993978656e-07,7.5914694774091e-07,8.82767009862768e-07,1.01633901274285e-06,1.15998080555957e-06,1.31380830652467e-06,1.47793555302441e-06,1.65247474975562e-06,1.83753631496933e-06,2.0332289249018e-06,2.23965955652295e-06,2.45693352865119e-06,2.68515454154347e-06,2.92442471501511e-06,3.1748446251971e-06,3.43651333994638e-06,3.70952845302376e-06,3.99398611705878e-06,4.289981075406e-06,4.59760669286764e-06,4.91695498543097e-06,5.2481166489803e-06,5.5911810870899e-06,5.94623643788944e-06,6.31336960010212e-06,6.69266625821001e-06,7.08421090687911e-06,7.48808687459632e-06,7.90437634659074e-06,8.33316038706144e-06,8.77451896074795e-06,9.22853095383672e-06,9.69527419430052e-06,1.01748254715912e-05,1.0667260555815e-05,1.11726542163505e-05,1.16910802399316e-05,1.22226114482394e-05,1.27673197150248e-05,1.33252759827295e-05,1.38965502786997e-05,1.4481211730943e-05,1.50793285834905e-05,1.56909682113216e-05,1.63161971349514e-05,1.69550810346014e-05,1.76076847640561e-05,1.82740723641171e-05,1.89543070757779e-05,1.96484513530404e-05,2.03565668754308e-05,2.10787145601973e-05,2.18149545742588e-05,2.25653463458142e-05,2.33299485757233e-05,2.41088192485902e-05,2.49020156436382e-05,2.5709594345272e-05
0,0,0,0,0,0,0,0,0,0,0,0,0,0,0,0,0,0,0,0,0,0,0,0,0,0,0,0,0,0,0,0,0,0,0,0,0,0,0,0,0,0,0,0,0,0,0,0,0,0,0,0,0,0,0,0,0,0,0,0,0,0,0,0,0,0,0,0,0,0,0,0,0,0,0,0,0,0,0,0,0,0,0,0,0,0,0,0,0,0,0,0,0,0,0,0,0,0,0,0,0,0,0,0,0,0,0,0,0,0,0,0,0,0,0,0,0,0,0,0,0,0,0,0,0,0,0,0,0,0,0,0,0,0,0,0,0,0,0,0,0,0,0,0,0,0,0,0,0,0,0,0,0,0,0,0,0,0,0,0,0,0,0,0,0,0,0,0,0,0,0,0,0,0,0,0,0,0,0,0,2.41369566319401e-06,3.41913775548825e-06,4.10495747422587e-06,4.62111494565252e-06,5.02481180432923e-06,5.34573342844712e-06,5.60189319614229e-06,5.80533626990421e-06,5.96467263303258e-06,6.0863647658989e-06,6.17544782689578e-06,6.23596229669668e-06,6.27122878611336e-06,6.28403058124669e-06,6.276739446491e-06,6.25140503532465e-06,6.20982012222281e-06,6.15356927913037e-06,6.08406591764628e-06,6.00258096746738e-06,5.91026542083322e-06,5.8081682977176e-06,5.69725113776613e-06,5.57839981998162e-06,5.4524342997857e-06,5.32011670380823e-06,5.18215811570494e-06,5.03922430843512e-06,4.89194062084011e-06,4.74089613344096e-06,4.58664726587642e-06,4.42972089357184e-06,4.27061706212521e-06,4.10981136293463e-06,3.94775702195266e-06,3.78488674412082e-06,3.62161434870442e-06,3.45833622476486e-06,3.29543263125086e-06,3.13326886224976e-06,2.97219629475557e-06,2.81255333370608e-06,2.65466626681865e-06,2.49885003997517e-06,2.34540896240852e-06,2.19463734962528e-06,2.0468201109917e-06,1.90223328793982e-06,1.76114454805742e-06,1.62381363958279e-06,1.49049281034627e-06,1.36142719466e-06,1.23685517126964e-06,1.11700869511718e-06,1.00211360535275e-06,8.92389911755075e-07,7.88052061500928e-07,6.89309187993636e-07,5.96365343311066e-07,5.09419715635345e-07,4.28666832932415e-07,3.54296753974473e-07,2.86495247739923e-07,2.2544396208734e-07,1.71320582539811e-07,1.24298981922499e-07,8.4549361546845e-08,5.2238384542584e-08,2.75293019241084e-08,1.05820718918639e-08,1.55347284807567e-09,5.97210555184964e-10,7.86401983624881e-09,2.35017611778199e-08,4.76555125712095e-08,8.04676568992062e-08,1.22077965150535e-07,1.72623675729142e-07,2.32239570088012e-07,3.01058044924488e-07,3.79209181137039e-07,4.66820809730982e-07,5.6401857486217e-07,6.70925994174412e-07,7.87664516585225e-07,9.14353577669857e-07,1.05111065276179e-06,1.19805130792053e-06,1.35528924884466e-06,1.52293636787436e-06,1.7011027891622e-06,1.88989691211895e-06,2.08942545320671e-06,2.29979348618314e-06,2.52110448086764e-06,2.75346034048817e-06,2.99696143768671e-06,3.25170664927799e-06,3.51779338974881e-06,3.79531764364336e-06,4.08437399681201e-06,4.38505566663642e-06,4.69745453121506e-06,5.0216611576266e-06,5.35776482924579e-06,5.70585357219642e-06,6.06601418096607e-06,6.43833224321483e-06,6.82289216380281e-06,7.21977718811578e-06,7.62906942464006e-06,8.05084986689775e-06,8.48519841470429e-06,8.9321938948367e-06,9.39191408104765e-06,9.86443571358526e-06,1.03498345180723e-05,1.08481852239243e-05,1.13595615822188e-05,1.18840363830909e-05,1.24216814726398e-05,1.29725677693962e-05,1.3536765280343e-05,1.4114343116509e-05,1.47053695081733e-05,1.53099118196599e-05,1.59280365637433e-05,1.65598094157283e-05,1.72052952271287e-05,1.7864558039044e-05,1.85376610951873e-05,1.92246668545875e-05,1.99256370040251e-05,2.06406324701102e-05,2.13697134311093e-05,2.21129393285189e-05,2.2870368878302e-05,2.36420600819216e-05,2.44280702371038e-05,2.52284559483604e-05,2.60432731372536e-05
0,0,0,0,0,0,0,0,0,0,0,0,0,0,0,0,0,0,0,0,0,0,0,0,0,0,0,0,0,0,0,0,0,0,0,0,0,0,0,0,0,0,0,0,0,0,0,0,0,0,0,0,0,0,0,0,0,0,0,0,0,0,0,0,0,0,0,0,0,0,0,0,0,0,0,0,0,0,0,0,0,0,0,0,0,0,0,0,0,0,0,0,0,0,0,0,0,0,0,0,0,0,0,0,0,0,0,0,0,0,0,0,0,0,0,0,0,0,0,0,0,0,0,0,0,0,0,0,0,0,0,0,0,0,0,0,0,0,0,0,0,0,0,0,0,0,0,0,0,0,0,0,0,0,0,0,0,0,0,0,0,0,0,0,0,0,0,0,0,0,0,0,0,0,0,0,0,1.8439438895749e-06,3.24677527916411e-06,4.1073421500938e-06,4.73708882331124e-06,5.22515045872193e-06,5.61301564864676e-06,5.92437219045991e-06,6.17444204881765e-06,6.37380202051604e-06,6.53022283786258e-06,6.64965795661428e-06,6.73681998230342e-06,6.79553821807927e-06,6.82899163576737e-06,6.83986688034908e-06,6.83046905717516e-06,6.802801626193e-06,6.75862542076872e-06,6.69950316376592e-06,6.6268336624002e-06,6.54187850084229e-06,6.44578317669567e-06,6.33959405348299e-06,6.22427211497535e-06,6.10070424173337e-06,5.96971254438719e-06,5.8320621557326e-06,5.6884677881093e-06,5.53959929219887e-06,5.38608640127074e-06,5.22852280567589e-06,5.06746967252426e-06,4.90345870261887e-06,4.73699479896292e-06,4.5685584072081e-06,4.398607577547e-06,4.22757978876396e-06,4.05589356825492e-06,3.88394993615573e-06,3.71213369719421e-06,3.54081460016247e-06,3.37034838182995e-06,3.20107770962673e-06,3.03333303530921e-06,2.86743337011829e-06,2.70368699043155e-06,2.5423920817228e-06,2.38383732759828e-06,2.22830244978512e-06,2.07605870421632e-06,1.92736933771523e-06,1.78249000922652e-06,1.64166917906929e-06,1.50514846930133e-06,1.3731629979017e-06,1.24594168919275e-06,1.12370756265469e-06,1.0066780020435e-06,8.9506500653914e-07,7.89075425437145e-07,6.88911177785814e-07,5.94769458195893e-07,5.06842929938828e-07,4.2531990635601e-07,3.50384521470142e-07,2.82216890648617e-07,2.20993262051079e-07,1.66886159557933e-07,1.20064517787216e-07,8.06938097842173e-08,4.89361678800272e-08,2.49504982146744e-08,8.89258934111775e-09,9.1521531852831e-10,1.16823365468004e-09,9.79867843742583e-09,2.69508489615376e-08,5.27663941382322e-08,8.73843929498361e-08,1.3094143119258e-07,1.83571674736037e-07,2.45406939498991e-07,3.16576758348175e-07,3.97208445086386e-07,4.87427155705002e-07,5.87355947050361e-07,6.97115833059076e-07,8.16825838674441e-07,9.466030515979e-07,1.08656267196794e-06,1.23681806009436e-06,1.39748078233169e-06,1.56866065520869e-06,1.75046578788009e-06,1.94300262301242e-06,2.14637597614335e-06,2.36068907363953e-06,2.58604358927446e-06,2.82253967952162e-06,3.07027601760326e-06,3.32934982639068e-06,3.59985691014484e-06,3.88189168522829e-06,4.1755472097583e-06,4.48091521232358e-06,4.79808611973075e-06,5.12714908389101e-06,5.46819200783236e-06,5.82130157091542e-06,6.18656325324178e-06,6.56406135935546e-06,6.95387904116879e-06,7.35609832026353e-06,7.77080010948021e-06,8.19806423390604e-06,8.63796945123601e-06,9.09059347156796e-06,9.55601297661162e-06,1.00343036383877e-05,1.05255401373778e-05,1.10297961801964e-05,1.1547144516773e-05,1.20776569570801e-05,1.26214043873899e-05,1.31784567861407e-05,1.37488832393546e-05,1.43327519556693e-05,1.49301302809941e-05,1.55410847127843e-05,1.61656809139383e-05,1.68039837263937e-05,1.74560571843399e-05,1.81219645271466e-05,1.88017682119486e-05,1.94955299259495e-05,2.02033105984342e-05,2.09251704124811e-05,2.16611688163986e-05,2.24113645349402e-05,2.31758155802047e-05,2.3954579262324e-05,2.47477121999007e-05,2.55552703302318e-05,2.63773089192469e-05
0,0,0,0,0,0,0,0,0,0,0,0,0,0,0,0,0,0,0,0,0,0,0,0,0,0,0,0,0,0,0,0,0,0,0,0,0,0,0,0,0,0,0,0,0,0,0,0,0,0,0,0,0,0,0,0,0,0,0,0,0,0,0,0,0,0,0,0,0,0,0,0,0,0,0,0,0,0,0,0,0,0,0,0,0,0,0,0,0,0,0,0,0,0,0,0,0,0,0,0,0,0,0,0,0,0,0,0,0,0,0,0,0,0,0,0,0,0,0,0,0,0,0,0,0,0,0,0,0,0,0,0,0,0,0,0,0,0,0,0,0,0,0,0,0,0,0,0,0,0,0,0,0,0,0,0,0,0,0,0,0,0,0,0,0,0,0,0,0,0,0,0,0,0,0,2.92083836468611e-06,4.0275882995461e-06,4.79970106275404e-06,5.38848393479733e-06,5.8542473859402e-06,6.22887321232734e-06,6.53189865947108e-06,6.77646229362838e-06,6.97198701899383e-06,7.12555870583857e-06,7.24270318759097e-06,7.32785571988067e-06,7.38466048445669e-06,7.4161702211482e-06,7.42498417819713e-06,7.41334636648674e-06,7.38321736537531e-06,7.33632797686636e-06,7.27422009894963e-06,7.19827839609119e-06,7.1097552112103e-06,7.00979042646845e-06,6.89942748928551e-06,6.7796264857226e-06,6.65127491122769e-06,6.51519662472619e-06,6.37215935419599e-06,6.22288103599301e-06,6.0680352067462e-06,5.90825561925534e-06,5.74414021785267e-06,5.5762545813419e-06,5.40513492041721e-06,5.23129069996028e-06,5.0552069436714e-06,4.87734626826016e-06,4.6981506861377e-06,4.51804320910219e-06,4.33742928007996e-06,4.15669805574339e-06,3.97622355919958e-06,3.7963657191097e-06,3.61747130913118e-06,3.43987479958518e-06,3.26389913158819e-06,3.08985642244486e-06,2.91804860997514e-06,2.74876804236662e-06,2.58229801935846e-06,2.41891328980057e-06,2.25888051001685e-06,2.10245866686912e-06,1.94989946895791e-06,1.80144770900727e-06,1.65734160009918e-06,1.51781308818655e-06,1.38308814298418e-06,1.25338702916514e-06,1.12892455954639e-06,1.00991033180537e-06,8.96548950084635e-07,7.89040232735746e-07,6.87579407298893e-07,5.92357293738333e-07,5.03560476835349e-07,4.21371468575389e-07,3.45968861264281e-07,2.7752747207039e-07,2.1621847960753e-07,1.62209553127478e-07,1.15664974839729e-07,7.67457558397069e-08,4.56097460661382e-08,2.24117387053014e-08,7.30356939310602e-09,4.34210562950189e-10,1.94986124374386e-09,1.19940325998862e-08,3.07076294743803e-08,5.82290281818706e-08,9.46941507772632e-08,1.40236536010312e-07,1.94987407162359e-07,2.59075736940365e-07,3.32628309604563e-07,4.1576978047986e-07,5.08622732996336e-07,6.11307733400534e-07,7.23943383258597e-07,8.46646369863586e-07,9.79531514678413e-07,1.12271181988859e-06,1.27629851318964e-06,1.440401090873e-06,1.6151273593225e-06,1.8005834749749e-06,1.99687398284363e-06,2.20410185364821e-06,2.42236851964802e-06,2.65177390921397e-06,2.89241648021574e-06,3.14439325225498e-06,3.40779983785227e-06,3.68273047254302e-06,3.96927804404328e-06,4.26753412041067e-06,4.57758897736359e-06,4.89953162466972e-06,5.2334498317676e-06,5.57943015254325e-06,5.93755794938715e-06,6.30791741649487e-06,6.6905916024915e-06,7.08566243235567e-06,7.49321072874451e-06,7.91331623265356e-06,8.34605762351651e-06,8.79151253871767e-06,9.24975759257406e-06,9.72086839475454e-06,1.02049195682438e-05,1.07019847667705e-05,1.12121366917801e-05,1.17354471089799e-05,1.22719868644081e-05,1.2821825900103e-05,1.33850332693693e-05,1.39616771516437e-05,1.45518248669811e-05,1.51555428901973e-05,1.577289686463e-05,1.64039516155676e-05,1.70487711633853e-05,1.77074187362954e-05,1.83799567828549e-05,1.90664469841436e-05,1.97669502656583e-05,2.04815268089395e-05,2.1210236062923e-05,2.1953136755008e-05,2.27102869019261e-05,2.34817438203201e-05,2.42675641370905e-05,2.50678037995383e-05,2.58825180852756e-05,2.67117616118844e-05
0,0,0,0,0,0,0,0,0,0,0,0,0,0,0,0,0,0,0,0,0,0,0,0,0,0,0,0,0,0,0,0,0,0,0,0,0,0,0,0,0,0,0,0,0,0,0,0,0,0,0,0,0,0,0,0,0,0,0,0,0,0,0,0,0,0,0,0,0,0,0,0,0,0,0,0,0,0,0,0,0,0,0,0,0,0,0,0,0,0,0,0,0,0,0,0,0,0,0,0,0,0,0,0,0,0,0,0,0,0,0,0,0,0,0,0,0,0,0,0,0,0,0,0,0,0,0,0,0,0,0,0,0,0,0,0,0,0,0,0,0,0,0,0,0,0,0,0,0,0,0,0,0,0,0,0,0,0,0,0,0,0,0,0,0,0,0,0,0,0,0,0,2.33556895355508e-06,3.83756358519756e-06,4.79510994393435e-06,5.50622131236035e-06,6.06340242390426e-06,6.51083535531271e-06,6.87406932046854e-06,7.16964046541752e-06,7.40908691453012e-06,7.60090603289564e-06,7.75161609075733e-06,7.86637920293149e-06,7.94938962837182e-06,8.00412773738291e-06,8.03353276515483e-06,8.0401242215618e-06,8.02608960544647e-06,7.99334929272175e-06,7.94360553362019e-06,7.87838012158812e-06,7.79904381621632e-06,7.70683965219475e-06,7.60290163979355e-06,7.48826994002736e-06,7.36390330688411e-06,7.23068938507693e-06,7.08945330651637e-06,6.94096492331691e-06,6.78594493795818e-06,6.6250701337244e-06,6.45897786533864e-06,6.28826993672141e-06,6.11351596767376e-06,5.93525633153628e-06,5.75400473061708e-06,5.57025046406361e-06,5.38446043320444e-06,5.19708092171589e-06,5.00853918174814e-06,4.81924485207748e-06,4.62959123029722e-06,4.4399564176166e-06,4.2507043521235e-06,4.06218574397754e-06,3.87473892414188e-06,3.68869061661681e-06,3.50435664277737e-06,3.32204256529747e-06,3.14204427813405e-06,2.96464854826979e-06,2.79013351414888e-06,2.61876914517194e-06,2.45081766610101e-06,2.28653394973773e-06,2.12616588089606e-06,1.96995469430481e-06,1.81813528884553e-06,1.67093652018329e-06,1.52858147373169e-06,1.39128771959981e-06,1.2592675510578e-06,1.13272820787588e-06,1.01187208576986e-06,8.96896933059755e-07,7.87996035541064e-07,6.85358390476317e-07,5.89168870540637e-07,4.99608378455874e-07,4.16853993006434e-07,3.41079107050786e-07,2.7245355810167e-07,2.11143751988875e-07,1.57312780084787e-07,1.11120530523305e-07,7.27237938191525e-08,4.22763632443844e-08,1.99291303138922e-08,5.83017568156369e-09,1.24855739985991e-10,2.9558851878417e-09,1.44634158124712e-08,3.47851117136048e-08,6.40562211807759e-08,1.02409645419225e-07,1.49976004305633e-07,2.06883699348039e-07,2.73258973994801e-07,3.49225971456039e-07,4.34906790159663e-07,5.30421536976887e-07,6.35888378334431e-07,7.51423589327297e-07,8.77141600927718e-07,1.0131550453998e-06,1.15957480000157e-06,1.31651002906775e-06,1.4840682245429e-06,1.6623552450542e-06,1.85147535358084e-06,2.05153125380334e-06,2.26262412517147e-06,2.48485365677899e-06,2.71831808007572e-06,2.96311420049082e-06,3.2193374279831e-06,3.48708180662932e-06,3.76644004320325e-06,4.05750353488381e-06,4.36036239604758e-06,4.67510548426026e-06,5.00182042541541e-06,5.34059363815779e-06,5.69151035751625e-06,6.05465465786562e-06,6.43010947518443e-06,6.8179566286838e-06,7.21827684177458e-06,7.63114976247296e-06,8.056653983194e-06,8.49486706001647e-06,8.94586553137823e-06,9.4097249363003e-06,9.88651983206667e-06,1.03763238114783e-05,1.08792095195983e-05,1.13952486700915e-05,1.19245120611089e-05,1.24670695907911e-05,1.30229902723338e-05,1.35923422487183e-05,1.4175192807017e-05,1.47716083923927e-05,1.53816546217217e-05,1.60053962969024e-05,1.66428974178058e-05,1.72942211949719e-05,1.79594300619453e-05,1.86385856873613e-05,1.93317489867269e-05,2.00389801339364e-05,2.07603385725411e-05,2.14958830267167e-05,2.2245671512015e-05,2.30097613458874e-05,2.37882091579453e-05,2.45810708999958e-05,2.53884018558875e-05,2.62102566511365e-05,2.70466892622925e-05
0,0,0,0,0,0,0,0,0,0,0,0,0,0,0,0,0,0,0,0,0,0,0,0,0,0,0,0,0,0,0,0,0,0,0,0,0,0,0,0,0,0,0,0,0,0,0,0,0,0,0,0,0,0,0,0,0,0,0,0,0,0,0,0,0,0,0,0,0,0,0,0,0,0,0,0,0,0,0,0,0,0,0,0,0,0,0,0,0,0,0,0,0,0,0,0,0,0,0,0,0,0,0,0,0,0,0,0,0,0,0,0,0,0,0,0,0,0,0,0,0,0,0,0,0,0,0,0,0,0,0,0,0,0,0,0,0,0,0,0,0,0,0,0,0,0,0,0,0,0,0,0,0,0,0,0,0,0,0,0,0,0,0,0,0,0,0,0,0,1.03369321975513e-06,3.49003407899341e-06,4.70457841962462e-06,5.5679839593318e-06,6.23374071113614e-06,6.76544353551623e-06,7.19728210145072e-06,7.55039738394322e-06,7.839079521726e-06,8.0736072061344e-06,8.26172170999069e-06,8.40946378894181e-06,8.52168210126803e-06,8.60235890996878e-06,8.65482786412774e-06,8.68192485712168e-06,8.68609567521148e-06,8.669474781055e-06,8.63394424483391e-06,8.58117867291626e-06,8.5126800400306e-06,8.42980509832739e-06,8.33378723366724e-06,8.22575410338583e-06,8.10674202423076e-06,7.97770782489206e-06,7.83953869768285e-06,7.69306045454873e-06,7.5390444982125e-06,7.37821374954858e-06,7.21124772001621e-06,7.03878687853405e-06,6.86143643190729e-06,6.67976961465164e-06,6.49433056578979e-06,6.30563685601103e-06,6.11418171718458e-06,5.92043601722541e-06,5.72485001607803e-06,5.52785493265638e-06,5.32986434785883e-06,5.13127546487057e-06,4.9324702446835e-06,4.7338164321944e-06,4.53566848595531e-06,4.33836842286234e-06,4.14224658744925e-06,3.94762235422383e-06,3.75480477030744e-06,3.56409314476691e-06,3.37577759015185e-06,3.19013952113473e-06,3.00745211452444e-06,2.8279807344231e-06,2.65198332586368e-06,2.47971077988235e-06,2.31140727265189e-06,2.14731058101768e-06,1.98765237650909e-06,1.83265849972042e-06,1.68254921669314e-06,1.53753945884489e-06,1.39783904776884e-06,1.26365290613295e-06,1.13518125577744e-06,1.01261980401407e-06,8.96159919021938e-07,7.85988795164888e-07,6.82289608973816e-07,5.85241666481688e-07,4.95020542515879e-07,4.1179821253478e-07,3.35743177504293e-07,2.67020582309165e-07,2.05792328123745e-07,1.52217179141895e-07,1.06450864040875e-07,6.86461725161228e-08,3.89530471902705e-08,1.75186712015851e-08,4.48755172367092e-09,1.59967181621984e-12,4.20020582013313e-09,1.72203135442516e-08,3.91964883846155e-08,7.02609846127382e-08,1.10543808972211e-07,1.60172781750008e-07,2.19273595330121e-07,2.87969870357437e-07,3.66383209654497e-07,4.54633249996735e-07,5.52837711866607e-07,6.61112447288688e-07,7.79571485850045e-07,9.08327078978443e-07,1.04748974259672e-06,1.19716829819981e-06,1.35746991246304e-06,1.52850013541841e-06,1.71036293730489e-06,1.90316074412097e-06,2.10699447196536e-06,2.32196356019797e-06,2.54816600350545e-06,2.7856983828868e-06,3.0346558956343e-06,3.29513238433117e-06,3.5672203649409e-06,3.85101105398371e-06,4.14659439487615e-06,4.4540590834507e-06,4.77349259270807e-06,5.10498119678551e-06,5.44860999425157e-06,5.80446293067535e-06,6.17262282055919e-06,6.55317136861208e-06,6.94618919044585e-06,7.35175583264022e-06,7.76994979228698e-06,8.20084853596339e-06,8.6445285181973e-06,9.10106519941467e-06,9.57053306343118e-06,1.00530056344348e-05,1.05485554935632e-05,1.10572542950206e-05,1.15791727817797e-05,1.21143808008903e-05,1.2662947318398e-05,1.32249404338659e-05,1.38004273945707e-05,1.43894746093055e-05,1.49921476618919e-05,1.56085113243194e-05,1.62386295696039e-05,1.68825655843062e-05,1.75403817808012e-05,1.82121398092014e-05,1.88979005690626e-05,1.95977242207669e-05,2.03116701966937e-05,2.10397972121201e-05,2.17821632758566e-05,2.25388257006561e-05,2.330984111343e-05,2.40952654652046e-05,2.48951540408503e-05,2.57095614686377e-05,2.65385417295859e-05,2.73821481665746e-05
0,0,0,0,0,0,0,0,0,0,0,0,0,0,0,0,0,0,0,0,0,0,0,0,0,0,0,0,0,0,0,0,0,0,0,0,0,0,0,0,0,0,0,0,0,0,0,0,0,0,0,0,0,0,0,0,0,0,0,0,0,0,0,0,0,0,0,0,0,0,0,0,0,0,0,0,0,0,0,0,0,0,0,0,0,0,0,0,0,0,0,0,0,0,0,0,0,0,0,0,0,0,0,0,0,0,0,0,0,0,0,0,0,0,0,0,0,0,0,0,0,0,0,0,0,0,0,0,0,0,0,0,0,0,0,0,0,0,0,0,0,0,0,0,0,0,0,0,0,0,0,0,0,0,0,0,0,0,0,0,0,0,0,0,0,0,0,2.88722423653376e-06,4.50088571555939e-06,5.56102353223297e-06,6.35790913299098e-06,6.98792124116466e-06,7.49816721315203e-06,7.91619763580011e-06,8.25995304391636e-06,8.54199293468476e-06,8.77158222910835e-06,8.95583246431903e-06,9.1003754021407e-06,9.20978474725984e-06,9.28785285941458e-06,9.33777942456821e-06,9.36230428087492e-06,9.36380349994135e-06,9.34436052591655e-06,9.30581992352026e-06,9.2498287133206e-06,9.17786866357513e-06,9.0912818723495e-06,8.99129128975294e-06,8.87901736833324e-06,8.75549171138027e-06,8.62166836540308e-06,8.4784332436446e-06,8.3266120519097e-06,8.16697700315336e-06,8.00025254411505e-06,7.82712026973546e-06,7.64822316498641e-06,7.46416928588168e-06,7.2755349699342e-06,7.08286764939929e-06,6.88668832740939e-06,6.68749376639625e-06,6.48575842990123e-06,6.28193621187251e-06,6.0764619821164e-06,5.86975297203148e-06,5.66221002100255e-06,5.45421870081539e-06,5.24615033292061e-06,5.03836291118694e-06,4.83120194112292e-06,4.62500120496051e-06,4.42008346080129e-06,4.2167610829101e-06,4.01533664938994e-06,3.81610348263769e-06,3.61934614737255e-06,3.4253409104119e-06,3.2343561659015e-06,3.04665282928748e-06,2.86248470292823e-06,2.6820988159218e-06,2.50573574047742e-06,2.33362988686264e-06,2.16600977879118e-06,2.00309831088731e-06,1.8451129897311e-06,1.69226615980319e-06,1.54476521555745e-06,1.40281280069603e-06,1.26660699564843e-06,1.13634149414644e-06,1.01220576970987e-06,8.94385232790312e-07,7.8306137923967e-07,6.78411930728554e-07,5.80610967681381e-07,4.89829055230437e-07,4.06233362685694e-07,3.2998777692825e-07,2.61253010151322e-07,2.00186702300274e-07,1.46943518557012e-07,1.01675242181542e-07,6.4530862999533e-08,3.56566617970603e-08,1.51962908791289e-08,3.29085101319309e-09,7.89649734499028e-11,5.69684788203698e-09,2.02783745311643e-08,4.39551438559114e-08,7.68565407166219e-08,1.19109795139281e-07,1.70840039150771e-07,2.32170361340765e-07,3.0322185926505e-07,3.84113689810568e-07,4.74963117620072e-07,5.75885561680658e-07,6.86994640166069e-07,8.08402213622221e-07,9.40218426570339e-07,1.08255174761791e-06,1.23550900812914e-06,1.3991954395538e-06,1.57371470943488e-06,1.75916895620567e-06,1.95565882278341e-06,2.16328348905717e-06,2.38214070328147e-06,2.61232681245909e-06,2.85393679172949e-06,3.10706427282189e-06,3.3718015715997e-06,3.64823971476987e-06,3.93646846572805e-06,4.23657634964681e-06,4.5486506777828e-06,4.87277757107998e-06,5.20904198303647e-06,5.55752772195327e-06,5.91831747249167e-06,6.29149281663731e-06,6.67713425406623e-06,7.07532122194358e-06,7.4861321141469e-06,7.90964430000275e-06,8.34593414247492e-06,8.79507701588559e-06,9.25714732314943e-06,9.73221851257148e-06,1.02203630941683e-05,1.07216526556243e-05,1.12361578777762e-05,1.1763948549744e-05,1.23050935836663e-05,1.28596610290863e-05,1.34277180869362e-05,1.40093311232434e-05,1.46045656824439e-05,1.52134865004147e-05,1.58361575171901e-05,1.64726418893601e-05,1.71230020021863e-05,1.77872994814552e-05,1.84655952050282e-05,1.91579493141494e-05,1.98644212244915e-05,2.05850696369575e-05,2.13199525482403e-05,2.20691272611426e-05,2.28326503946732e-05,2.36105778939446e-05,2.44029650398299e-05,2.52098664584238e-05,2.60313361303106e-05,2.6867427399644e-05,2.77181929830002e-05
0,0,0,0,0,0,0,0,0,0,0,0,0,0,0,0,0,0,0,0,0,0,0,0,0,0,0,0,0,0,0,0,0,0,0,0,0,0,0,0,0,0,0,0,0,0,0,0,0,0,0,0,0,0,0,0,0,0,0,0,0,0,0,0,0,0,0,0,0,0,0,0,0,0,0,0,0,0,0,0,0,0,0,0,0,0,0,0,0,0,0,0,0,0,0,0,0,0,0,0,0,0,0,0,0,0,0,0,0,0,0,0,0,0,0,0,0,0,0,0,0,0,0,0,0,0,0,0,0,0,0,0,0,0,0,0,0,0,0,0,0,0,0,0,0,0,0,0,0,0,0,0,0,0,0,0,0,0,0,0,0,0,0,0,1.69621404382639e-06,4.14001857543614e-06,5.4696568565049e-06,6.42866472146767e-06,7.17449058068794e-06,7.77459053428154e-06,8.26574441138324e-06,8.67084974969044e-06,9.00543449106414e-06,9.28068267737773e-06,9.50501956570849e-06,9.68501711404744e-06,9.82594634512944e-06,9.93213218457149e-06,1.000719115768e-05,1.00541962318517e-05,1.00757945209967e-05,1.00742934545574e-05,1.0051725236133e-05,1.00098959796791e-05,9.95042379364225e-06,9.87476873837531e-06,9.78425670459519e-06,9.68009867426266e-06,9.56340642503843e-06,9.43520546098822e-06,9.29644575505973e-06,9.14801074716248e-06,8.99072493814131e-06,8.82536034360222e-06,8.65264201423447e-06,8.4732527860581e-06,8.28783739088522e-06,8.09700603171111e-06,7.90133750791727e-06,7.70138195944595e-06,7.497663286771e-06,7.29068129359137e-06,7.08091359128855e-06,6.86881729767165e-06,6.6548305574503e-06,6.43937390750058e-06,6.22285150650452e-06,6.00565224570432e-06,5.78815075497785e-06,5.57070831652415e-06,5.35367369674395e-06,5.13738390539712e-06,4.92216489003236e-06,4.70833217254213e-06,4.49619143394816e-06,4.28603905263257e-06,4.07816260072669e-06,3.87284130272348e-06,3.67034645994923e-06,3.47094184410051e-06,3.27488406268653e-06,3.08242289894034e-06,2.8938016284368e-06,2.70925731445227e-06,2.52902108388746e-06,2.35331838536926e-06,2.18236923101238e-06,2.01638842314847e-06,1.85558576723013e-06,1.70016627198062e-06,1.55033033776824e-06,1.40627393410198e-06,1.26818876704861e-06,1.13626243730834e-06,1.01067858962478e-06,8.91617054140974e-07,7.79253980257384e-07,6.73761963508401e-07,5.7531016593547e-07,4.84064430377076e-07,4.00187389088356e-07,3.23838567039841e-07,2.55174480249286e-07,1.94348729449485e-07,1.41512089380693e-07,9.68125939781436e-08,6.03956177006765e-08,3.2403953222233e-08,1.29778857109488e-08,2.25526388217273e-09,3.71568015176521e-10,7.45997510113054e-09,2.36514212831448e-08,4.90746617357236e-08,8.38563281224359e-08,1.28120983759879e-07,1.8199117661143e-07,2.45587490221771e-07,3.19028592695865e-07,4.02431283827973e-07,4.95910540467371e-07,5.99579560210442e-07,7.13549803502818e-07,8.37931034227838e-07,9.72831358847055e-07,1.1183572641769e-06,1.27461365384332e-06,1.4417038835039e-06,1.61972979485864e-06,1.80879174854157e-06,2.00898865591073e-06,2.2204180098121e-06,2.4431759143343e-06,2.67735711362791e-06,2.92305501981081e-06,3.18036173999804e-06,3.4493681024909e-06,3.73016368219688e-06,4.02283682523466e-06,4.32747467284987e-06,4.64416318458887e-06,4.97298716082527e-06,5.3140302645985e-06,5.66737504286646e-06,6.03310294712266e-06,6.41129435345766e-06,6.80202858205306e-06,7.2053839161455e-06,7.62143762045639e-06,8.05026595915799e-06,8.49194421333317e-06,8.94654669798695e-06,9.41414677859551e-06,9.89481688726901e-06,1.03886285384306e-05,1.08956523441757e-05,1.14159580291846e-05,1.19496144452835e-05,1.24966895856636e-05,1.30572505987145e-05,1.36313638015519e-05,1.42190946932195e-05,1.48205079675444e-05,1.54356675257349e-05,1.60646364886487e-05,1.67074772087991e-05,1.73642512820478e-05,1.80350195590934e-05,1.87198421566263e-05,1.9418778468308e-05,2.01318871754404e-05,2.08592262574382e-05,2.16008530020771e-05,2.23568240154855e-05,2.31271952319394e-05,2.39120219234747e-05,2.47113587092485e-05,2.55252595647394e-05,2.63537778307327e-05,2.71969662221534e-05,2.80548768366639e-05
0,0,0,0,0,0,0,0,0,0,0,0,0,0,0,0,0,0,0,0,0,0,0,0,0,0,0,0,0,0,0,0,0,0,0,0,0,0,0,0,0,0,0,0,0,0,0,0,0,0,0,0,0,0,0,0,0,0,0,0,0,0,0,0,0,0,0,0,0,0,0,0,0,0,0,0,0,0,0,0,0,0,0,0,0,0,0,0,0,0,0,0,0,0,0,0,0,0,0,0,0,0,0,0,0,0,0,0,0,0,0,0,0,0,0,0,0,0,0,0,0,0,0,0,0,0,0,0,0,0,0,0,0,0,0,0,0,0,0,0,0,0,0,0,0,0,0,0,0,0,0,0,0,0,0,0,0,0,0,0,0,0,3.53649689598238e-06,5.27620663314159e-06,6.44228815955049e-06,7.32573489541348e-06,8.02852946070074e-06,8.60134203521627e-06,9.0739817481397e-06,9.46589278735888e-06,9.79068543718552e-06,1.0058390386011e-05,1.02766973549161e-05,1.04516878849673e-05,1.05882945116786e-05,1.06906020677343e-05,1.07620530272853e-05,1.08055919637879e-05,1.08237699538039e-05,1.08188218065924e-05,1.07927243598539e-05,1.07472412727645e-05,1.06839579900554e-05,1.06043094199113e-05,1.05096021220234e-05,1.04010322981614e-05,1.02797005306735e-05,1.01466239708201e-05,1.00027465052388e-05,9.8489473032183e-06,9.68604805511669e-06,9.51481914375063e-06,9.33598493895315e-06,9.15022836628951e-06,8.95819487079744e-06,8.76049587325326e-06,8.55771179822523e-06,8.35039473870083e-06,8.13907081076848e-06,7.92424224251095e-06,7.70638923403321e-06,7.48597161945505e-06,7.26343035692752e-06,7.03918886859083e-06,6.81365424924037e-06,6.587218359616e-06,6.36025881798503e-06,6.13313990180934e-06,5.90621336963855e-06,5.67981921202311e-06,5.45428633914743e-06,5.22993321180022e-06,5.00706842158638e-06,4.78599122546485e-06,4.56699203916798e-06,4.35035289345096e-06,4.13634785672504e-06,3.92524342718304e-06,3.71729889722796e-06,3.51276669264376e-06,3.31189268875984e-06,3.11491650557602e-06,2.92207178363405e-06,2.73358644221587e-06,2.54968292134425e-06,2.37057840885268e-06,2.19648505371699e-06,2.02761016670776e-06,1.86415640933256e-06,1.70632197193795e-06,1.55430074177564e-06,1.40828246176262e-06,1.26845288058586e-06,1.13499389477616e-06,1.00808368329432e-06,8.87896835146707e-07,7.74604470489271e-07,6.68374355660577e-07,5.69371012526996e-07,4.77755822515624e-07,3.93687125667184e-07,3.17320315012068e-07,2.48807926569566e-07,1.88299725223465e-07,1.35942786728786e-07,9.18815760721453e-08,5.62580224045382e-08,2.92115907309905e-08,1.08793505565253e-08,1.39604164496292e-09,8.94137057624e-10,9.50390361690525e-09,2.73534599338797e-08,5.45688321300104e-08,9.12740073718158e-08,1.37590985335151e-07,1.93639827699532e-07,2.5953870578193e-07,3.35403946387696e-07,4.21350075983826e-07,5.17489863263199e-07,6.23934360184286e-07,7.4079294155399e-07,8.68173343234332e-07,1.00618169901185e-06,1.15492257622609e-06,1.3144990101762e-06,1.4850125374014e-06,1.66656322784105e-06,1.85924971596294e-06,2.06316923087952e-06,2.27841762551092e-06,2.50508940482093e-06,2.74327775317971e-06,2.99307456088236e-06,3.25457044985921e-06,3.5278547985969e-06,3.8130157663512e-06,4.11014031660157e-06,4.41931423985577e-06,4.74062217577142e-06,5.07414763467041e-06,5.41997301840654e-06,5.77817964069322e-06,6.14884774683233e-06,6.53205653291806e-06,6.92788416451391e-06,7.33640779483728e-06,7.75770358242987e-06,8.19184670840838e-06,8.63891139321643e-06,9.09897091297872e-06,9.57209761541148e-06,1.00583629353532e-05,1.05578374098661e-05,1.10705906930143e-05,1.15966915702299e-05,1.21362079723468e-05,1.26892069892934e-05,1.32557548834718e-05,1.38359171027689e-05,1.44297582933304e-05,1.50373423119632e-05,1.56587322383149e-05,1.62939903867264e-05,1.69431783178403e-05,1.76063568499317e-05,1.82835860699935e-05,1.89749253445717e-05,1.96804333303657e-05,2.04001679845919e-05,2.1134186575123e-05,2.18825456904193e-05,2.26453012492319e-05,2.34225085100999e-05,2.42142220806736e-05,2.50204959268176e-05,2.58413833815341e-05,2.66769371536911e-05,2.75272093366295e-05,2.83922514164924e-05
0,0,0,0,0,0,0,0,0,0,0,0,0,0,0,0,0,0,0,0,0,0,0,0,0,0,0,0,0,0,0,0,0,0,0,0,0,0,0,0,0,0,0,0,0,0,0,0,0,0,0,0,0,0,0,0,0,0,0,0,0,0,0,0,0,0,0,0,0,0,0,0,0,0,0,0,0,0,0,0,0,0,0,0,0,0,0,0,0,0,0,0,0,0,0,0,0,0,0,0,0,0,0,0,0,0,0,0,0,0,0,0,0,0,0,0,0,0,0,0,0,0,0,0,0,0,0,0,0,0,0,0,0,0,0,0,0,0,0,0,0,0,0,0,0,0,0,0,0,0,0,0,0,0,0,0,0,0,0,2.43913434534024e-06,4.97776725220866e-06,6.41750563735619e-06,7.46138974733266e-06,8.27706236234746e-06,8.9370190338918e-06,9.48067708792156e-06,9.93246648141858e-06,1.03088909586947e-05,1.06218043956438e-05,1.08801203819079e-05,1.10907842643512e-05,1.12593634792532e-05,1.13904253101724e-05,1.14877891249691e-05,1.15547008545745e-05,1.159395733402e-05,1.16079971987788e-05,1.15989688115939e-05,1.15687820094112e-05,1.15191481974122e-05,1.14516118842519e-05,1.13675758204434e-05,1.12683212803658e-05,1.11550246051488e-05,1.10287708297121e-05,1.08905650094441e-05,1.07413417127798e-05,1.0581973037135e-05,1.04132754253527e-05,1.02360154996735e-05,1.00509150848632e-05,9.85865555731903e-06,9.65988163024344e-06,9.45520466400526e-06,9.24520557445543e-06,9.03043739896293e-06,8.81142756955318e-06,8.58867993417453e-06,8.36267656049528e-06,8.13387935100556e-06,7.90273149382003e-06,7.66965876982878e-06,7.43507073384731e-06,7.19936178475717e-06,6.96291213770086e-06,6.72608870938296e-06,6.48924592621518e-06,6.25272646369371e-06,6.01686192428594e-06,5.78197346026215e-06,5.54837234707477e-06,5.316360512175e-06,5.08623102368069e-06,4.85826854266256e-06,4.63274974254011e-06,4.40994369852913e-06,4.19011224989686e-06,3.97351033740937e-06,3.76038631812137e-06,3.55098225944329e-06,3.34553421421189e-06,3.14427247834158e-06,2.94742183245012e-06,2.75520176871573e-06,2.56782670415556e-06,2.38550618132769e-06,2.20844505743014e-06,2.03684368263641e-06,1.87089806848568e-06,1.71080004699652e-06,1.55673742120332e-06,1.40889410768337e-06,1.26745027163443e-06,1.13258245500861e-06,1.00446369815604e-06,8.83263655409065e-07,7.69148704998162e-07,6.62282053653459e-07,5.62823836236774e-07,4.70931210697613e-07,3.86758448657908e-07,3.10457021858762e-07,2.42175684748936e-07,1.82060553412199e-07,1.30255181063533e-07,8.69006302984736e-08,5.21355422882159e-08,2.60962030767865e-08,8.91660715503073e-09,7.28518444404686e-10,1.66152883924697e-09,1.184311443005e-08,3.13986895320927e-08,6.04516586312102e-08,9.91234663525008e-08,1.4753364555206e-07,2.05799863623662e-07,2.74037967113226e-07,3.52362024710043e-07,4.40884368712435e-07,5.39715635021722e-07,6.48964801743541e-07,7.68739226458557e-07,8.99144682228539e-07,1.0402853923778e-06,1.19226406413362e-06,1.35518192114399e-06,1.52913873495684e-06,1.71423285546452e-06,1.91056124040458e-06,2.11821948391187e-06,2.33730184420093e-06,2.56790127037915e-06,2.81010942846372e-06,3.06401672659863e-06,3.32971233953637e-06,3.60728423237418e-06,3.89681918363954e-06,4.19840280765879e-06,4.51211957633406e-06,4.83805284026438e-06,5.17628484932093e-06,5.5268967725976e-06,5.88996871786658e-06,6.26557975047368e-06,6.65380791173376e-06,7.05473023684086e-06,7.4684227723133e-06,7.89496059294657e-06,8.33441781838382e-06,8.7868676292168e-06,9.25238228269874e-06,9.73103312804683e-06,1.02228906213992e-05,1.07280243403413e-05,1.1246502998149e-05,1.17783944576275e-05,1.23237657446427e-05,1.28826830613396e-05,1.34552117990306e-05,1.40414165507826e-05,1.4641361123734e-05,1.525510855109e-05,1.5882721103891e-05,1.65242603024799e-05,1.71797869277254e-05,1.78493610319849e-05,1.85330419498577e-05,1.92308883086496e-05,1.99429580386641e-05,2.06693083832405e-05,2.14099959085881e-05,2.21650765134102e-05,2.29346054383259e-05,2.37186372750924e-05,2.451722597564e-05,2.53304248609354e-05,2.61582866296228e-05,2.70008633665429e-05,2.78582065510618e-05,2.87303670651957e-05
0,0,0,0,0,0,0,0,0,0,0,0,0,0,0,0,0,0,0,0,0,0,0,0,0,0,0,0,0,0,0,0,0,0,0,0,0,0,0,0,0,0,0,0,0,0,0,0,0,0,0,0,0,0,0,0,0,0,0,0,0,0,0,0,0,0,0,0,0,0,0,0,0,0,0,0,0,0,0,0,0,0,0,0,0,0,0,0,0,0,0,0,0,0,0,0,0,0,0,0,0,0,0,0,0,0,0,0,0,0,0,0,0,0,0,0,0,0,0,0,0,0,0,0,0,0,0,0,0,0,0,0,0,0,0,0,0,0,0,0,0,0,0,0,0,0,0,0,0,0,0,0,0,0,0,0,0,5.03444894154132e-06,6.60706098890644e-06,7.73240278419255e-06,8.61709772246193e-06,9.33833601215209e-06,9.93705778275129e-06,1.0438594340046e-05,1.08601239320853e-05,1.12140430743146e-05,1.1509713018935e-05,1.1754453076391e-05,1.19541459381871e-05,1.21136268058807e-05,1.22369444782209e-05,1.23275427933231e-05,1.23883904867231e-05,1.24220764862335e-05,1.24308813677688e-05,1.24168319522625e-05,1.23817437165912e-05,1.2327254224873e-05,1.2254849828604e-05,1.21658872433002e-05,1.20616111711253e-05,1.19431688337898e-05,1.18116220634891e-05,1.16679574437718e-05,1.15130948782043e-05,1.13478948803795e-05,1.11731648155295e-05,1.09896642760744e-05,1.07981097367395e-05,1.05991786064616e-05,1.03935127721713e-05,1.01817217121189e-05,9.9643852425641e-06,9.74205595065399e-06,9.51526135741529e-06,9.28450584759572e-06,9.05027239728066e-06,8.81302412531073e-06,8.57320569076968e-06,8.33124455529557e-06,8.08755212648069e-06,7.84252479618525e-06,7.59654488579593e-06,7.34998150873874e-06,7.10319135933174e-06,6.85651943575041e-06,6.61029970402326e-06,6.36485570905686e-06,6.12050113797041e-06,5.87754034041881e-06,5.63626881002858e-06,5.39697363058516e-06,5.15993389023879e-06,4.92542106660047e-06,4.6936993853379e-06,4.46502615453867e-06,4.23965207694145e-06,4.01782154188657e-06,3.79977289865223e-06,3.58573871268404e-06,3.37594600608024e-06,3.17061648357747e-06,2.96996674513139e-06,2.77420848611798e-06,2.58354868608469e-06,2.39818978687362e-06,2.21832986089792e-06,2.04416277025815e-06,1.87587831735327e-06,1.71366238755403e-06,1.55769708449435e-06,1.40816085845727e-06,1.26522862832738e-06,1.12907189750658e-06,9.99858864200648e-07,8.7775452641348e-07,7.6292078198856e-07,6.55516523996258e-07,5.55697731751724e-07,4.63617557715035e-07,3.79426410535308e-07,3.0327203443594e-07,2.35299585174326e-07,1.75651702754272e-07,1.24468581081037e-07,8.18880347218066e-08,4.80455629356727e-08,2.30744111092674e-08,7.1056297492998e-09,2.68131147669365e-10,2.68874384787407e-09,1.44922650210649e-08,3.58015108589552e-08,6.67373650824698e-08,1.07418825659064e-07,1.57963049816012e-07,2.1848539743112e-07,2.89099472883151e-07,3.69917165423101e-07,4.61048688151405e-07,5.62602615649672e-07,6.74685920341061e-07,7.97404007624373e-07,9.30860749854505e-07,1.07515851919363e-06,1.23039821941128e-06,1.39667931665638e-06,1.57409986926291e-06,1.76275655660868e-06,1.96274470709436e-06,2.17415832524964e-06,2.39709011803492e-06,2.63163152032741e-06,2.8778727196801e-06,3.13590268033328e-06,3.40580916653464e-06,3.68767876517842e-06,3.9815969078254e-06,4.28764789206675e-06,4.60591490232052e-06,4.93648003003381e-06,5.2794242933517e-06,5.63482765622286e-06,6.00276904703203e-06,6.38332637670043e-06,6.77657655633426e-06,7.18259551439669e-06,7.60145821345829e-06,8.03323866648117e-06,8.47800995274069e-06,8.93584423329929e-06,9.40681276612732e-06,9.89098592083414e-06,1.03884331930514e-05,1.08992232184511e-05,1.14234237864476e-05,1.19611018535611e-05,1.25123235564615e-05,1.30771542247224e-05,1.36556583932703e-05,1.42478998145397e-05,1.48539414703718e-05,1.54738455836207e-05,1.61076736295161e-05,1.67554863467729e-05,1.74173437484531e-05,1.80933051325646e-05,1.87834290924942e-05,1.9487773527139e-05,2.02063956508752e-05,2.09393520033051e-05,2.1686698458777e-05,2.24484902357408e-05,2.32247819058893e-05,2.40156274030908e-05,2.48210800321939e-05,2.5641192477626e-05,2.64760168117859e-05,2.7325604503326e-05,2.81900064252588e-05,2.90692728628521e-05
0,0,0,0,0,0,0,0,0,0,0,0,0,0,0,0,0,0,0,0,0,0,0,0,0,0,0,0,0,0,0,0,0,0,0,0,0,0,0,0,0,0,0,0,0,0,0,0,0,0,0,0,0,0,0,0,0,0,0,0,0,0,0,0,0,0,0,0,0,0,0,0,0,0,0,0,0,0,0,0,0,0,0,0,0,0,0,0,0,0,0,0,0,0,0,0,0,0,0,0,0,0,0,0,0,0,0,0,0,0,0,0,0,0,0,0,0,0,0,0,0,0,0,0,0,0,0,0,0,0,0,0,0,0,0,0,0,0,0,0,0,0,0,0,0,0,0,0,0,0,0,0,0,0,2.52925356592641e-06,4.13474331760867e-06,8.98344019282938e-07,1.08060042167886e-05,1.03867136817524e-05,1.0726839945401e-05,1.11469304508132e-05,1.15466529178196e-05,1.19034530494779e-05,1.22131893831787e-05,1.24771144800032e-05,1.26981108079415e-05,1.28794342130529e-05,1.30242695667278e-05,1.31355798090256e-05,1.32160674831613e-05,1.32681798481038e-05,1.32941297978271e-05,1.32959210970371e-05,1.32753732311296e-05,1.32341440891682e-05,1.31737499674624e-05,1.30955829204174e-05,1.30009256959938e-05,1.28909645564237e-05,1.27668002836334e-05,1.26294576417972e-05,1.24798935344631e-05,1.23190040585576e-05,1.21476306255889e-05,1.19665652926433e-05,1.17765554221817e-05,1.15783077700192e-05,1.13724920844963e-05,1.11597442863912e-05,1.09406692879241e-05,1.07158435000201e-05,1.04858170693669e-05,1.02511158804329e-05,1.00122433523922e-05,9.76968205650385e-06,9.5238951757919e-06,9.27532782585736e-06,9.02440825290691e-06,8.77154892313006e-06,8.51714751545451e-06,8.26158782827002e-06,8.00524060932168e-06,7.74846431686748e-06,7.49160581906771e-06,7.23500103793005e-06,6.97897554321333e-06,6.72384510113829e-06,6.4699161822454e-06,6.21748643213363e-06,5.96684510852474e-06,5.71827348766949e-06,5.47204524276653e-06,5.22842679684782e-06,4.98767765228678e-06,4.75005069889286e-06,4.51579250232958e-06,4.28514357447392e-06,4.05833862711748e-06,3.83560681034679e-06,3.61717193674373e-06,3.403252692498e-06,3.19406283640684e-06,2.98981138763534e-06,2.79070280305452e-06,2.59693714490048e-06,2.40871023942249e-06,2.22621382715016e-06,2.04963570533254e-06,1.87915986310067e-06,1.7149666097937e-06,1.55723269693126e-06,1.40613143420953e-06,1.26183279991731e-06,1.12450354610658e-06,9.94307298849872e-07,8.71404653873944e-07,7.55953267852713e-07,6.48107945604798e-07,5.48020723452572e-07,4.55840948939817e-07,3.71715357138471e-07,2.95788143711322e-07,2.28201034933386e-07,1.69093354817459e-07,1.18602089516734e-07,7.68619491347844e-08,4.40054270946832e-08,2.01628571767846e-08,5.46246836217978e-09,3.04375799650385e-11,3.99094047038577e-09,1.74662002604187e-08,4.05765348433564e-08,7.34404021519903e-08,1.16174443903173e-07,1.68893527795744e-07,2.31710788228543e-07,3.0473766561553e-07,3.88083944349296e-07,4.81857789489724e-07,5.86165782222691e-07,7.01112954148439e-07,8.26802820450805e-07,9.63337411999466e-07,1.11081730641721e-06,1.26934165817903e-06,1.43900822775749e-06,1.61991340988333e-06,1.81215226092435e-06,2.01581852545383e-06,2.23100466200539e-06,2.45780186808943e-06,2.69630010444941e-06,2.94658811863274e-06,3.20875346787953e-06,3.4828825413654e-06,3.7690605817989e-06,4.06737170645598e-06,4.37789892758924e-06,4.70072417231737e-06,5.03592830194483e-06,5.3835911308048e-06,5.74379144454397e-06,6.11660701799357e-06,6.50211463252161e-06,6.90039009296132e-06,7.31150824411146e-06,7.73554298681003e-06,8.17256729359156e-06,8.62265322399572e-06,9.08587193944987e-06,9.56229371783245e-06,1.00519879676364e-05,1.05550232418581e-05,1.10714672514715e-05,1.16013868786784e-05,1.21448481897661e-05,1.27019164477181e-05,1.32726561245231e-05,1.38571309131973e-05,1.44554037395307e-05,1.50675367735951e-05,1.56935914409604e-05,1.63336284336943e-05,1.69877077211167e-05,1.76558885603034e-05,1.8338229506371e-05,1.90347884225681e-05,1.97456224901081e-05,2.04707882178282e-05,2.12103414516421e-05,2.1964337383783e-05,2.27328305618842e-05,2.35158748978411e-05,2.43135236765117e-05,2.51258295642427e-05,2.59528446172401e-05,2.67946202897329e-05,2.76512074420188e-05,2.85226563483454e-05,2.94090167046049e-05
0,0,0,0,0,0,0,0,0,0,0,0,0,0,0,0,0,0,0,0,0,0,0,0,0,0,0,0,0,0,0,0,0,0,0,0,0,0,0,0,0,0,0,0,0,0,0,0,0,0,0,0,0,0,0,0,0,0,0,0,0,0,0,0,0,0,0,0,0,0,0,0,0,0,0,0,0,0,0,0,0,0,0,0,0,0,0,0,0,0,0,0,0,0,0,0,0,0,0,0,0,0,0,0,0,0,0,0,0,0,0,0,0,0,0,0,0,0,0,0,0,0,0,0,0,0,0,0,0,0,0,0,0,0,0,0,0,0,0,0,0,0,0,0,0,0,0,0,0,0,0,0,4.40521086203188e-06,6.09287311464418e-06,7.06802692428324e-06,7.24395820365666e-06,3.31959857665944e-06,1.58764472844833e-05,1.33405843617267e-05,1.31198891292285e-05,1.32228905692515e-05,1.33990017336732e-05,1.35821646374634e-05,1.3749828242458e-05,1.38936431391525e-05,1.40107904474726e-05,1.41008343916381e-05,1.41644184314106e-05,1.42026746451129e-05,1.42169396916342e-05,1.42086131653734e-05,1.41790860089322e-05,1.41297048785787e-05,1.40617555015876e-05,1.3976456228704e-05,1.38749570681744e-05,1.37583416137887e-05,1.36276304233602e-05,1.3483785036172e-05,1.33277121747568e-05,1.31602678806876e-05,1.29822614524683e-05,1.27944591221822e-05,1.25975874473085e-05,1.23923364166035e-05,1.21793622813026e-05,1.1959290129214e-05,1.17327162219736e-05,1.15002101163556e-05,1.12623165900317e-05,1.10195573908901e-05,1.07724328276861e-05,1.05214232180691e-05,1.02669902085911e-05,1.00095779797328e-05,9.74961434761636e-06,9.48751177287856e-06,9.22366828589514e-06,8.95846833673426e-06,8.69228357710894e-06,8.42547358093231e-06,8.15838650929894e-06,7.89135972513883e-06,7.62472036213504e-06,7.35878585213995e-06,7.09386441477919e-06,6.83025551255775e-06,6.56825027454655e-06,6.30813189125255e-06,6.05017598316159e-06,5.79465094513316e-06,5.54181826858637e-06,5.29193284331415e-06,5.04524324049485e-06,4.80199197841903e-06,4.56241577220604e-06,4.32674576876867e-06,4.09520776809602e-06,3.86802243188795e-06,3.64540548042764e-06,3.4275678785505e-06,3.21471601147983e-06,3.00705185121772e-06,2.80477311413829e-06,2.60807341040106e-06,2.41714238568508e-06,2.23216585578491e-06,2.05332593451022e-06,1.88080115532669e-06,1.71476658711605e-06,1.55539394444241e-06,1.40285169263965e-06,1.25730514804738e-06,1.11891657367829e-06,9.87845270589485e-07,8.64247665202862e-07,7.48277392813297e-07,6.40085377489869e-07,5.39819908591425e-07,4.47626714055595e-07,3.63649030671198e-07,2.88027671461489e-07,2.20901090362463e-07,1.62405444318844e-07,1.1267465294158e-07,7.18404558480742e-08,4.00324678081792e-08,1.73782317961136e-08,4.00327006626495e-09,3.11333369464377e-11,5.58344818196736e-09,2.07799627132265e-08,4.57385906353262e-08,8.05754537499416e-08,1.25404922980925e-07,1.80339657988237e-07,2.45490645434774e-07,3.20967235969813e-07,4.06877179977458e-07,5.03326662157811e-07,6.10420334977269e-07,7.28261351049659e-07,8.5695139448316e-07,9.96590711248557e-07,1.14727813859131e-06,1.3091111335521e-06,1.48218580060531e-06,1.66659691848124e-06,1.86243796616821e-06,2.06980114816676e-06,2.28877741899177e-06,2.51945650698012e-06,2.76192693739649e-06,3.01627605490825e-06,3.28259004541453e-06,3.56095395727509e-06,3.85145172194258e-06,4.1541661740637e-06,4.46917907099848e-06,4.7965711118519e-06,5.13642195597064e-06,5.48881024099947e-06,5.85381360040519e-06,6.2315086806167e-06,6.62197115767797e-06,7.02527575350793e-06,7.44149625173769e-06,7.87070551317167e-06,8.31297549084432e-06,8.76837724474135e-06,9.23698095613064e-06,9.71885594158846e-06,1.02140706666412e-05,1.07226927591537e-05,1.12447890223334e-05,1.1780425447494e-05,1.23296672264905e-05,1.2892578763876e-05,1.34692236888012e-05,1.40596648666323e-05,1.46639644103051e-05,1.52821836914574e-05,1.59143833512827e-05,1.65606233111748e-05,1.72209627831338e-05,1.78954602799589e-05,1.85841736251964e-05,1.92871599629296e-05,2.00044757673005e-05,2.07361768519125e-05,2.1482318378957e-05,2.22429548682229e-05,2.30181402058867e-05,2.38079276531389e-05,2.4612369854622e-05,2.5431518846729e-05,2.62654260657283e-05,2.7114142355717e-05,2.79777179764299e-05,2.88562026109214e-05,2.97496453730497e-05
0,0,0,0,0,0,0,0,0,0,0,0,0,0,0,0,0,0,0,0,0,0,0,0,0,0,0,0,0,0,0,0,0,0,0,0,0,0,0,0,0,0,0,0,0,0,0,0,0,0,0,0,0,0,0,0,0,0,0,0,0,0,0,0,0,0,0,0,0,0,0,0,0,0,0,0,0,0,0,0,0,0,0,0,0,0,0,0,0,0,0,0,0,0,0,0,0,0,0,0,0,0,0,0,0,0,0,0,0,0,0,0,0,0,0,0,0,0,0,0,0,0,0,0,0,0,0,0,0,0,0,0,0,0,0,0,0,0,0,0,0,0,0,0,0,0,0,0,0,3.42680550779761e-06,5.90114474816787e-06,7.42737404100516e-06,8.5142949219589e-06,9.28046952452095e-06,9.71019113251093e-06,9.54734756610451e-06,6.76809212019924e-06,2.32922427498831e-05,1.60367647898645e-05,1.52149737010938e-05,1.50370680599782e-05,1.50270636553694e-05,1.506815258877e-05,1.51195267080533e-05,1.51643176011614e-05,1.51950130667933e-05,1.52082820717989e-05,1.52028331546259e-05,1.51784274706024e-05,1.51353868505039e-05,1.50743339026074e-05,1.49960486681908e-05,1.49013870975171e-05,1.47912337682601e-05,1.46664742366502e-05,1.45279789542636e-05,1.43765941398001e-05,1.42131368939289e-05,1.40383929236111e-05,1.38531158726079e-05,1.36580276322922e-05,1.34538192378384e-05,1.32411520986877e-05,1.30206594030714e-05,1.27929475946593e-05,1.25585978569288e-05,1.23181675654972e-05,1.20721916845586e-05,1.18211840941093e-05,1.15656388415123e-05,1.13060313152938e-05,1.10428193419908e-05,1.07764442085011e-05,1.05073316134854e-05,1.02358925519006e-05,9.96252413696181e-06,9.68761036391015e-06,9.41152281974376e-06,9.1346213431049e-06,8.85725463804507e-06,8.5797608453212e-06,8.30246807454626e-06,8.02569490031343e-06,7.74975082506218e-06,7.47493671139144e-06,7.20154518616708e-06,6.92986101861547e-06,6.6601614744403e-06,6.3927166478005e-06,6.12778977279151e-06,5.86563751603984e-06,5.60651025175426e-06,5.3506523205592e-06,5.09830227328527e-06,4.84969310079829e-06,4.60505245085963e-06,4.36460283293016e-06,4.12856181175278e-06,3.89714219049142e-06,3.67055218412386e-06,3.44899558374129e-06,3.23267191237049e-06,3.02177657285318e-06,2.81650098829767e-06,2.61703273559251e-06,2.42355567239571e-06,2.23625005801912e-06,2.05529266857399e-06,1.88085690674133e-06,1.71311290646026e-06,1.55222763286531e-06,1.39836497772815e-06,1.25168585067728e-06,1.11234826642273e-06,9.80507428226476e-07,8.56315807814784e-07,7.39923221933606e-07,6.31476905729185e-07,5.31121583123662e-07,4.38999534343949e-07,3.55250660761251e-07,2.8001254716449e-07,2.13420521618599e-07,1.55607713015596e-07,1.0670510644141e-07,6.68415964634171e-08,3.6144038446545e-08,1.47372979820578e-08,2.74429853448936e-09,2.86067378307975e-10,7.48177991294012e-09,2.44488024277348e-08,5.130273338871e-08,8.81574433158304e-08,1.35125113312085e-07,1.92316272306178e-07,2.59839833064394e-07,3.37803127028595e-07,4.26311938022187e-07,5.25470534885764e-07,6.35381703078016e-07,7.56146775285328e-07,8.87865661086345e-07,1.03063687571462e-06,1.18455756793137e-06,1.34972354708355e-06,1.52622930934034e-06,1.71416806317619e-06,1.91363175409421e-06,2.1247110886528e-06,2.34749555779424e-06,2.58207345953434e-06,2.82853192098681e-06,3.08695691981e-06,3.35743330504846e-06,3.64004481740949e-06,3.93487410899115e-06,4.24200276250966e-06,4.56151130997449e-06,4.89347925092229e-06,5.23798507013822e-06,5.59510625496353e-06,5.96491931211315e-06,6.34749978411885e-06,6.74292226533227e-06,7.15126041753362e-06,7.57258698516584e-06,8.00697381020931e-06,8.45449184664948e-06,8.91521117467633e-06,9.38920101446725e-06,9.87652973970735e-06,1.03772648907508e-05,1.08914731875222e-05,1.14192205420649e-05,1.19605720708712e-05,1.25155921068763e-05,1.30843442112188e-05,1.36668911847323e-05,1.42632950791784e-05,1.48736172082296e-05,1.54979181582518e-05,1.61362577987871e-05,1.6788695292888e-05,1.74552891071802e-05,1.81360970217459e-05,1.88311761397682e-05,1.95405828970119e-05,2.0264373071092e-05,2.10026017905504e-05,2.17553235437633e-05,2.25225921876467e-05,2.33044609562327e-05,2.41009824690133e-05,2.49122087391725e-05,2.57381911816382e-05,2.65789806209838e-05,2.74346272991637e-05,2.83051808831172e-05,2.91906904722497e-05,3.00912046056991e-05
0,0,0,0,0,0,0,0,0,0,0,0,0,0,0,0,0,0,0,0,0,0,0,0,0,0,0,0,0,0,0,0,0,0,0,0,0,0,0,0,0,0,0,0,0,0,0,0,0,0,0,0,0,0,0,0,0,0,0,0,0,0,0,0,0,0,0,0,0,0,0,0,0,0,0,0,0,0,0,0,0,0,0,0,0,0,0,0,0,0,0,0,0,0,0,0,0,0,0,0,0,0,0,0,0,0,0,0,0,0,0,0,0,0,0,0,0,0,0,0,0,0,0,0,0,0,0,0,0,0,0,0,0,0,0,0,0,0,0,0,0,0,0,0,0,0,6.28354989883862e-07,5.27352707191255e-06,7.25454677207749e-06,8.6526318610893e-06,9.72062265508873e-06,1.05526015955044e-05,1.1186369719307e-05,1.16214512623371e-05,1.17999533736187e-05,1.14893630467665e-05,9.36457214963372e-06,4.85550205848629e-05,1.87567988908164e-05,1.71434915918807e-05,1.66785175024311e-05,1.64967771127165e-05,1.64122338067841e-05,1.6362457210459e-05,1.6321500217739e-05,1.62772446600991e-05,1.62236932988904e-05,1.61578559136442e-05,1.60783310775294e-05,1.59846006557123e-05,1.58766545148093e-05,1.57547802486876e-05,1.56194404923699e-05,1.54711990553347e-05,1.53106753790251e-05,1.5138515981031e-05,1.49553763695524e-05,1.4761909558701e-05,1.45587588219764e-05,1.43465532063914e-05,1.41259048640002e-05,1.38974075880678e-05,1.36616361497869e-05,1.34191461657762e-05,1.31704743144106e-05,1.29161387773135e-05,1.26566398215682e-05,1.23924604647359e-05,1.21240671830703e-05,1.185191063592e-05,1.15764263880261e-05,1.12980356176132e-05,1.10171458023929e-05,1.07341513786143e-05,1.04494343704398e-05,1.01633649883108e-05,9.87630219605975e-06,9.58859424708205e-06,9.30057919053708e-06,9.01258534859843e-06,8.72493176616211e-06,8.43792863437069e-06,8.15187768944963e-06,7.86707258822133e-06,7.58379926181498e-06,7.30233624884416e-06,7.02295500939448e-06,6.74592022107234e-06,6.47149005825622e-06,6.19991645564415e-06,5.93144535716845e-06,5.66631695117888e-06,5.4047658928294e-06,5.14702151449197e-06,4.8933080249808e-06,4.64384469829021e-06,4.39884605252917e-06,4.1585220196806e-06,3.92307810676446e-06,3.69271554892054e-06,3.46763145493882e-06,3.24801894568955e-06,3.03406728588665e-06,2.82596200958045e-06,2.6238850397605e-06,2.4280148024217e-06,2.23852633540087e-06,2.05559139229606e-06,1.87937854176068e-06,1.71005326241113e-06,1.54777803361146e-06,1.39271242235901e-06,1.24501316648273e-06,1.10483425435556e-06,9.72327001308918e-07,8.476401229288e-07,7.30919805381105e-07,6.22309772943374e-07,5.21951352871572e-07,4.29983537737997e-07,3.46543045378198e-07,2.71764376553108e-07,2.05779870447078e-07,1.48719758105885e-07,1.00712213914241e-07,6.18834052021521e-08,3.23575400794862e-08,1.22569135660952e-08,1.70195211258192e-09,8.11256573304819e-10,9.70164370848722e-09,2.84881862794358e-08,5.72842517988304e-08,9.62015399979396e-08,1.45350119062723e-07,2.0483846069609e-07,2.74773474053586e-07,3.55260538602625e-07,4.46403535947024e-07,5.48304880663574e-07,6.61065550189143e-07,7.84785113797917e-07,9.19561760702059e-07,1.06549232732348e-06,1.22267232374309e-06,1.39119595939376e-06,1.57115616799754e-06,1.76264463179934e-06,1.96575180509325e-06,2.18056693711378e-06,2.40717809426732e-06,2.6456721817665e-06,2.89613496465495e-06,3.15865108828586e-06,3.4333040982375e-06,3.72017645970577e-06,4.01934957636701e-06,4.33090380879803e-06,4.65491849235815e-06,4.99147195466362e-06,5.34064153258493e-06,5.70250358885111e-06,6.07713352819389e-06,6.46460581314736e-06,6.86499397940983e-06,7.2783706508747e-06,7.70480755426951e-06,8.14437553346858e-06,8.59714456344045e-06,9.06318376390216e-06,9.5425614126294e-06,1.00353449584708e-05,1.05416010340565e-05,1.10613954682382e-05,1.15947932982115e-05,1.21418587814244e-05,1.27026554071618e-05,1.32772459079178e-05,1.38656922704972e-05,1.44680557468994e-05,1.50843968649371e-05,1.57147754386674e-05,1.6359250578558e-05,1.70178807014908e-05,1.76907235405133e-05,1.8377836154424e-05,1.90792749371148e-05,1.97950956267952e-05,2.05253533149518e-05,2.12701024551793e-05,2.20293968718274e-05,2.28032897684585e-05,2.3591833736174e-05,2.4395080761733e-05,2.5213082235539e-05,2.60458889594947e-05,2.689355115467e-05,2.77561184688357e-05,2.86336399838605e-05,2.95261642229972e-05,3.04337391579683e-05
0,0,0,0,0,0,0,0,0,0,0,0,0,0,0,0,0,0,0,0,0,0,0,0,0,0,0,0,0,0,0,0,0,0,0,0,0,0,0,0,0,0,0,0,0,0,0,0,0,0,0,0,0,0,0,0,0,0,0,0,0,0,0,0,0,0,0,0,0,0,0,0,0,0,0,0,0,0,0,0,0,0,0,0,0,0,0,0,0,0,0,0,0,0,0,0,0,0,0,0,0,0,0,0,0,0,0,0,0,0,0,0,0,0,0,0,0,0,0,0,0,0,0,0,0,0,0,0,0,0,0,0,0,0,0,0,0,0,0,0,0,0,0,0,4.171325478046e-06,6.81942596490446e-06,8.54270747235592e-06,9.84307694323258e-06,1.0875250855895e-05,1.17105350397792e-05,1.238652536036e-05,1.29219234043538e-05,1.33199323243631e-05,1.35631305153482e-05,1.35906518120661e-05,1.32057167604652e-05,1.14954150149426e-05,4.46185635846723e-05,2.1813595872459e-05,1.898624264151e-05,1.81981855157146e-05,1.78466184125633e-05,1.76450886123125e-05,1.75037089731583e-05,1.73860345236578e-05,1.72750047879102e-05,1.71619329433115e-05,1.70421997760426e-05,1.691333342619e-05,1.67740665143157e-05,1.6623837907739e-05,1.64625138729237e-05,1.62902247098896e-05,1.61072654627781e-05,1.59140337659078e-05,1.57109900097552e-05,1.54986313399188e-05,1.52774744546749e-05,1.5048044123304e-05,1.4810865493777e-05,1.45664589496239e-05,1.43153367037867e-05,1.40580005880268e-05,1.37949406715083e-05,1.35266344572204e-05,1.32535464819166e-05,1.29761281974023e-05,1.2694818046899e-05,1.24100416751268e-05,1.21222122282775e-05,1.18317307124416e-05,1.15389863879436e-05,1.1244357183392e-05,1.0948210117898e-05,1.06509017232311e-05,1.03527784601793e-05,1.00541771251595e-05,9.75542524434606e-06,9.4568414537377e-06,9.15873586407455e-06,8.86141041016924e-06,8.5651591845085e-06,8.27026875532089e-06,7.97701846936307e-06,7.68568073997011e-06,7.39652132084157e-06,7.10979956618561e-06,6.82576867785297e-06,6.54467594005191e-06,6.26676294229839e-06,5.99226579123087e-06,5.72141531184507e-06,5.45443723876687e-06,5.19155239808615e-06,4.9329768803226e-06,4.67892220495881e-06,4.42959547708057e-06,4.18519953652939e-06,3.94593310001875e-06,3.7119908965894e-06,3.48356379678651e-06,3.26083893592986e-06,3.04399983177859e-06,2.83322649691246e-06,2.62869554613929e-06,2.43058029916929e-06,2.23905087884135e-06,2.054274305129e-06,1.87641458515979e-06,1.70563279944735e-06,1.54208718455187e-06,1.38593321234907e-06,1.23732366607978e-06,1.09640871335048e-06,9.63335976241592e-07,8.3825059866645e-07,7.21295311118264e-07,6.12610492935969e-07,5.1233423221106e-07,4.2060238344897e-07,3.37548623097444e-07,2.63304503035061e-07,1.97999502125294e-07,1.41761075921069e-07,9.47147046100272e-08,5.69839392755893e-08,2.86904465592527e-08,9.95405178322205e-09,8.92780617580952e-10,1.62289934337086e-09,1.22589537807761e-08,3.29138069375848e-08,6.36986754326666e-08,1.04723164748311e-07,1.56095303359716e-07,2.17921575787988e-07,2.90306954622824e-07,3.7335493155814e-07,4.67167547474103e-07,5.7184542161536e-07,6.87487779889485e-07,8.14192482331462e-07,9.52056049754445e-07,1.10117368963776e-06,1.26163932125422e-06,1.43354560009332e-06,1.61698394158399e-06,1.81204454416942e-06,2.01881641172292e-06,2.23738737536421e-06,2.46784411467376e-06,2.71027217834541e-06,2.96475600426706e-06,3.23137893909765e-06,3.5102232573137e-06,3.80137017976502e-06,4.10489989174563e-06,4.42089156063048e-06,4.74942335302442e-06,5.09057245152398e-06,5.44441507102917e-06,5.81102647468136e-06,6.1904809893823e-06,6.58285202096913e-06,6.98821206900014e-06,7.40663274120581e-06,7.83818476758213e-06,8.28293801418193e-06,8.74096149654159e-06,9.21232339285604e-06,9.69709105679367e-06,1.01953310300781e-05,1.07071090547303e-05,1.12324900850989e-05,1.17715382995611e-05,1.23243171120246e-05,1.28908891831397e-05,1.3471316431286e-05,1.4065660043328e-05,1.46739804851283e-05,1.52963375118459e-05,1.59327901780324e-05,1.65833968474772e-05,1.72482152029106e-05,1.7927302255459e-05,1.86207143539336e-05,1.93285071939054e-05,2.00507358266439e-05,2.07874546678211e-05,2.15387175060965e-05,2.23045775115075e-05,2.3085087243679e-05,2.38802986599347e-05,2.46902631231846e-05,2.55150314096898e-05,2.63546537166932e-05,2.72091796699104e-05,2.80786583308305e-05,2.89631382039444e-05,2.98626672438176e-05,3.07772928620115e-05
0,0,0,0,0,0,0,0,0,0,0,0,0,0,0,0,0,0,0,0,0,0,0,0,0,0,0,0,0,0,0,0,0,0,0,0,0,0,0,0,0,0,0,0,0,0,0,0,0,0,0,0,0,0,0,0,0,0,0,0,0,0,0,0,0,0,0,0,0,0,0,0,0,0,0,0,0,0,0,0,0,0,0,0,0,0,0,0,0,0,0,0,0,0,0,0,0,0,0,0,0,0,0,0,0,0,0,0,0,0,0,0,0,0,0,0,0,0,0,0,0,0,0,0,0,0,0,0,0,0,0,0,0,0,0,0,0,0,0,0,0,1.88270261077938e-06,6.09557062168188e-06,8.24397887670656e-06,9.80142680626969e-06,1.10254898807421e-05,1.20216908931831e-05,1.2845466389579e-05,1.35295763445976e-05,1.40941587162258e-05,1.45507649912321e-05,1.4903378640597e-05,1.51467252586513e-05,1.52597862198378e-05,1.51859769140627e-05,1.47618494211462e-05,1.33358129650063e-05,4.02461847401237e-06,2.58233350184881e-05,2.08099197117919e-05,1.96296011315385e-05,1.91012109787991e-05,1.87866352002508e-05,1.85599403973223e-05,1.83720782019248e-05,1.82004476211144e-05,1.80335134961397e-05,1.78650129442578e-05,1.76914373047905e-05,1.7510817679846e-05,1.73220909807153e-05,1.71247478376997e-05,1.69186271064656e-05,1.67037910032543e-05,1.64804466872578e-05,1.62488956590372e-05,1.60095003748568e-05,1.57626618202648e-05,1.55088042305531e-05,1.52483645698848e-05,1.49817852360495e-05,1.47095089856436e-05,1.4431975407768e-05,1.4149618489625e-05,1.3862864959048e-05,1.35721331837057e-05,1.32778324713059e-05,1.29803626595042e-05,1.26801139152721e-05,1.23774666854595e-05,1.207279175587e-05,1.17664503875553e-05,1.14587945071276e-05,1.11501669339621e-05,1.08409016315874e-05,1.05313239738151e-05,1.02217510186721e-05,9.91249178487865e-06,9.60384752726935e-06,9.29611200827088e-06,8.98957176358847e-06,8.68450636069586e-06,8.38118864927178e-06,8.07988500293593e-06,7.78085555206161e-06,7.48435440747457e-06,7.19062987506209e-06,6.89992466144512e-06,6.61247607086475e-06,6.32851619354145e-06,6.04827208582066e-06,5.77196594234648e-06,5.4998152606407e-06,5.23203299837239e-06,4.96882772366872e-06,4.71040375876467e-06,4.45696131731891e-06,4.20869663569348e-06,3.96580209850686e-06,3.72846635872354e-06,3.49687445255522e-06,3.27120790945536e-06,3.05164485742122e-06,2.83836012386914e-06,2.63152533227854e-06,2.43130899484135e-06,2.23787660130381e-06,2.05139070418827e-06,1.87201100059134e-06,1.69989441071073e-06,1.53519515326629e-06,1.37806481798445e-06,1.22865243525421e-06,1.08710454313178e-06,9.53565251792546e-07,8.2817630556478e-07,7.1107714265704e-07,6.02404952685559e-07,5.02294732113417e-07,4.10879337682887e-07,3.28289537951039e-07,2.54654062997192e-07,1.90099652402368e-07,1.34751101563517e-07,8.87313064259017e-08,5.21613066989583e-08,2.51603276258555e-08,7.84582036259168e-09,3.33501035416633e-10,2.73738852553561e-09,1.51698410382559e-08,3.77415915079577e-08,7.05617818841782e-08,1.13737996348856e-07,1.67376293505357e-07,2.31581237582226e-07,3.06455928689971e-07,3.92102032172949e-07,4.88619807082367e-07,5.96108133818229e-07,7.14664540957394e-07,8.44385231315335e-07,9.85365107252977e-07,1.13769779527823e-06,1.30147566994036e-06,1.47678987707935e-06,1.66373035641367e-06,1.8623858635332e-06,2.07284399127899e-06,2.29519119055997e-06,2.52951279061329e-06,2.77589301873657e-06,3.03441501949119e-06,3.30516087342786e-06,3.58821161532072e-06,3.88364725194208e-06,4.19154677938045e-06,4.51198819994857e-06,4.84504853864525e-06,5.19080385923417e-06,5.54932927991982e-06,5.92069898866122e-06,6.30498625808244e-06,6.70226346008485e-06,7.11260208006427e-06,7.53607273082636e-06,7.9727451661679e-06,8.42268829416108e-06,8.88597019009639e-06,9.3626581091992e-06,9.85281849898924e-06,1.0356517011423e-05,1.08738185147244e-05,1.14047871050056e-05,1.19494861175664e-05,1.25079781380347e-05,1.30803250131881e-05,1.36665878616063e-05,1.42668270840666e-05,1.48811023737368e-05,1.55094727261379e-05,1.61519964489342e-05,1.6808731171485e-05,1.74797338542373e-05,1.81650607979025e-05,1.88647676524733e-05,1.95789094260378e-05,2.03075404934394e-05,2.10507146047508e-05,2.18084848935949e-05,2.2580903885315e-05,2.3368023504955e-05,2.4169895085133e-05,2.4986569373712e-05,2.5818096541377e-05,2.66645261890508e-05,2.75259073551592e-05,2.84022885227837e-05,2.92937176266688e-05,3.02002420601336e-05,3.11219086817948e-05
0,0,0,0,0,0,0,0,0,0,0,0,0,0,0,0,0,0,0,0,0,0,0,0,0,0,0,0,0,0,0,0,0,0,0,0,0,0,0,0,0,0,0,0,0,0,0,0,0,0,0,0,0,0,0,0,0,0,0,0,0,0,0,0,0,0,0,0,0,0,0,0,0,0,0,0,0,0,0,0,0,0,0,0,0,0,0,0,0,0,0,0,0,0,0,0,0,0,0,0,0,0,0,0,0,0,0,0,0,0,0,0,0,0,0,0,0,0,0,0,0,0,0,0,0,0,0,0,0,0,0,0,0,0,0,0,0,0,0,4.93885272604021e-06,7.73542364947271e-06,9.61107484487377e-06,1.10505218154003e-05,1.22133870616893e-05,1.31768141643357e-05,1.39851789030196e-05,1.4666615470591e-05,1.52399211641087e-05,1.57177949470679e-05,1.61083418790034e-05,1.64154950781303e-05,1.66383920288387e-05,1.67691006358426e-05,1.67866514457589e-05,1.6640563793632e-05,1.61960730705497e-05,1.49762771259807e-05,9.48515030838605e-06,3.2686742756033e-05,2.26881132751652e-05,2.09976375018347e-05,2.02772750195608e-05,1.98503651064926e-05,1.95426194060344e-05,1.92895665935739e-05,1.90622613895381e-05,1.88460777087301e-05,1.86330487767706e-05,1.84186327710155e-05,1.82001849936171e-05,1.79761723574304e-05,1.77457418800459e-05,1.75084707402367e-05,1.72642151110754e-05,1.70130154171321e-05,1.67550351696092e-05,1.64905204906842e-05,1.621977277141e-05,1.59431298840373e-05,1.56609530921436e-05,1.53736178302169e-05,1.50815071560806e-05,1.47850070769608e-05,1.44845032059289e-05,1.41803783734783e-05,1.38730109312494e-05,1.35627735613385e-05,1.32500324571999e-05,1.29351467790045e-05,1.26184683123422e-05,1.23003412777903e-05,1.19811022523745e-05,1.16610801737652e-05,1.13405964053008e-05,1.10199648453049e-05,1.06994920681676e-05,1.0379477487717e-05,1.00602135355846e-05,9.74198584916484e-06,9.42507346493768e-06,9.10974901403216e-06,8.79627891762679e-06,8.48492358048392e-06,8.17593758119906e-06,7.86956985834678e-06,7.56606389174251e-06,7.26565787841829e-06,6.96858490302071e-06,6.67507310243411e-06,6.38534582460033e-06,6.09962178152641e-06,5.81811519652294e-06,5.54103594581636e-06,5.2685896946335e-06,5.00097802795709e-06,4.73839857606653e-06,4.48104513510074e-06,4.22910778279437e-06,3.98277298959401e-06,3.74222372532831e-06,3.50763956161947e-06,3.27919677024139e-06,3.05706841756831e-06,2.84142445529964e-06,2.63243180764348e-06,2.4302544550889e-06,2.23505351494558e-06,2.04698731878412e-06,1.86621148692894e-06,1.6928790001218e-06,1.52714026850689e-06,1.36914319803822e-06,1.21903325443954e-06,1.07695352482351e-06,9.43044777073013e-07,8.17445517097065e-07,7.00292044032831e-07,5.91718503511206e-07,4.91856939056249e-07,4.00837341699178e-07,3.18787697901817e-07,2.45834035837008e-07,1.82100470120609e-07,1.27709245048271e-07,8.27807764031089e-08,4.74336918966706e-08,2.17848703014702e-08,5.94947932172026e-09,4.10122662354685e-11,4.17132356261447e-09,1.84506631649802e-08,4.29877098991677e-08,7.78896037860259e-08,1.23261977385865e-07,1.79208986202121e-07,2.45833338178175e-07,3.23236322327597e-07,4.11517836528872e-07,5.10776414510573e-07,6.21109252071502e-07,7.42612232549047e-07,8.75379951575554e-07,1.01950574114058e-06,1.17508169299662e-06,1.34219868140774e-06,1.52094638530344e-06,1.71141330981148e-06,1.91368680724455e-06,2.1278530975029e-06,2.35399728797145e-06,2.59220339287659e-06,2.84255435216506e-06,3.10513204987956e-06,3.38001733209162e-06,3.66729002437248e-06,3.96702894883103e-06,4.27931194072575e-06,4.6042158646989e-06,4.9418166305702e-06,5.29218920879717e-06,5.65540764553037e-06,6.03154507735205e-06,6.42067374561467e-06,6.82286501050783e-06,7.23818936475104e-06,7.66671644699912e-06,8.10851505493363e-06,8.56365315807785e-06,9.03219791027887e-06,9.51421566197647e-06,1.00097719721495e-05,1.05189316200272e-05,1.10417586165437e-05,1.15783162155495e-05,1.2128666924755e-05,1.26928725164963e-05,1.32709940382216e-05,1.38630918227902e-05,1.44692254985489e-05,1.50894539992023e-05,1.57238355734755e-05,1.63724277946043e-05,1.70352875695829e-05,1.77124711482974e-05,1.84040341324216e-05,1.91100314841722e-05,1.98305175348585e-05,2.05655459933052e-05,2.13151699540852e-05,2.20794419056047e-05,2.28584137380447e-05,2.36521367511087e-05,2.44606616617171e-05,2.52840386114341e-05,2.6122317173864e-05,2.69755463618582e-05,2.78437746346037e-05,2.87270499045743e-05,2.9625419544364e-05,3.05389303934346e-05,3.14676287646422e-05
0,0,0,0,0,0,0,0,0,0,0,0,0,0,0,0,0,0,0,0,0,0,0,0,0,0,0,0,0,0,0,0,0,0,0,0,0,0,0,0,0,0,0,0,0,0,0,0,0,0,0,0,0,0,0,0,0,0,0,0,0,0,0,0,0,0,0,0,0,0,0,0,0,0,0,0,0,0,0,0,0,0,0,0,0,0,0,0,0,0,0,0,0,0,0,0,0,0,0,0,0,0,0,0,0,0,0,0,0,0,0,0,0,0,0,0,0,0,0,0,0,0,0,0,0,0,0,0,0,0,0,0,0,0,0,0,2.80172740333969e-06,6.95162970477671e-06,9.25462920671964e-06,1.09520441315392e-05,1.23022519589015e-05,1.34148947779328e-05,1.43491947913587e-05,1.51415933758125e-05,1.58163919881451e-05,1.63906397243787e-05,1.68766315371585e-05,1.72832491715577e-05,1.76166465090325e-05,1.78804703389509e-05,1.80756199513701e-05,1.81993408709632e-05,1.82430394245057e-05,1.8187108486503e-05,1.7987444353262e-05,1.75333844497646e-05,1.64695606329716e-05,1.2785973131736e-05,5.38564103530806e-05,2.47265775988491e-05,2.23231817689721e-05,2.13865848280447e-05,2.08455741739135e-05,2.04597587243317e-05,2.01455799347097e-05,1.98667561925768e-05,1.96052716468258e-05,1.93513721161006e-05,1.90994728386843e-05,1.88462693155517e-05,1.8589782542941e-05,1.8328841281863e-05,1.80627850718718e-05,1.77912858810597e-05,1.75142368643364e-05,1.72316807467924e-05,1.69437624726557e-05,1.66506971860539e-05,1.63527481645048e-05,1.60502113673954e-05,1.57434044725451e-05,1.54326590134893e-05,1.51183146933115e-05,1.48007152478989e-05,1.44802054258091e-05,1.41571287815207e-05,1.38318260667926e-05,1.35046340653064e-05,1.31758847581004e-05,1.28459047371923e-05,1.2515014806171e-05,1.21835297221202e-05,1.18517580444354e-05,1.15200020645457e-05,1.11885577967445e-05,1.0857715014939e-05,1.05277573237284e-05,1.01989622547744e-05,9.87160138160929e-06,9.54594044746971e-06,9.22223950200375e-06,8.90075304366386e-06,8.58173016529521e-06,8.26541470095386e-06,7.95204537256907e-06,7.64185593526851e-06,7.33507532052514e-06,7.03192777654176e-06,6.7326330053677e-06,6.43740629643566e-06,6.14645865634469e-06,5.85999693467906e-06,5.57822394585265e-06,5.30133858692997e-06,5.02953595146499e-06,4.76300743937591e-06,4.50194086294925e-06,4.24652054906383e-06,3.99692743771833e-06,3.75333917697931e-06,3.51593021447086e-06,3.28487188551648e-06,3.06033249805081e-06,2.8424774144232e-06,2.63146913021892e-06,2.42746735019725e-06,2.23062906148092e-06,2.04110860409049e-06,1.85905773894975e-06,1.68462571344728e-06,1.51795932466988e-06,1.35920298039971e-06,1.2084987579667e-06,1.06598646104949e-06,9.31803674510614e-07,8.06085817347688e-07,6.88966193835456e-07,5.80576042939012e-07,4.81044586074055e-07,3.90499073269933e-07,3.09064827816185e-07,2.36865289442442e-07,1.74022056102553e-07,1.20654924410387e-07,7.6881928791164e-08,4.2819379389741e-08,1.85818987984938e-08,4.28245763709348e-09,3.24090439630235e-11,5.94152211165242e-09,2.21180143127165e-08,4.86685829550497e-08,8.56984357004034e-08,1.33311320187958e-07,1.91609552791639e-07,2.60694046546468e-07,3.40664338273822e-07,4.31618614940574e-07,5.33653739269097e-07,6.46865274638831e-07,7.71347509294359e-07,9.0719347989468e-07,1.05449499441829e-06,1.21334265445595e-06,1.38382587689821e-06,1.56603291506203e-06,1.76005087925157e-06,1.96596575679395e-06,2.18386243154276e-06,2.41382470290421e-06,2.65593530435823e-06,2.91027592153505e-06,3.17692720981495e-06,3.45596881151989e-06,3.74747937266968e-06,4.05153655932571e-06,4.36821707354699e-06,4.69759666897081e-06,5.03975016600755e-06,5.39475146669245e-06,5.76267356917726e-06,6.14358858190813e-06,6.53756773743578e-06,6.94468140596643e-06,7.36499910855606e-06,7.79858953003746e-06,8.24552053165092e-06,8.7058591633984e-06,9.17967167611087e-06,9.66702353328328e-06,1.01679794226242e-05,1.06826032673771e-05,1.12109582373865e-05,1.17531067599494e-05,1.2309110530407e-05,1.28790305225578e-05,1.34629269988232e-05,1.40608595202113e-05,1.46728869560896e-05,1.52990674937547e-05,1.59394586477893e-05,1.65941172692758e-05,1.72630995547795e-05,1.79464610551936e-05,1.86442566843871e-05,1.93565407277072e-05,2.00833668502828e-05,2.08247881052136e-05,2.15808569415712e-05,2.23516252122509e-05,2.31371441817062e-05,2.39374645334981e-05,2.47526363777451e-05,2.5582709258398e-05,2.64277321604043e-05,2.72877535167456e-05,2.81628212153403e-05,2.90529826058163e-05,2.99582845061741e-05,3.08787732093427e-05,3.18144944895882e-05
0,0,0,0,0,0,0,0,0,0,0,0,0,0,0,0,0,0,0,0,0,0,0,0,0,0,0,0,0,0,0,0,0,0,0,0,0,0,0,0,0,0,0,0,0,0,0,0,0,0,0,0,0,0,0,0,0,0,0,0,0,0,0,0,0,0,0,0,0,0,0,0,0,0,0,0,0,0,0,0,0,0,0,0,0,0,0,0,0,0,0,0,0,0,0,0,0,0,0,0,0,0,0,0,0,0,0,0,0,0,0,0,0,0,0,0,0,0,0,0,0,0,0,0,0,0,0,0,0,0,0,0,0,0,5.74754443968951e-06,8.69296752327467e-06,1.07152993893548e-05,1.22849356202688e-05,1.35648119321155e-05,1.46354442279269e-05,1.55439862621973e-05,1.63210131254296e-05,1.69877285663174e-05,1.75595291720094e-05,1.804794011477e-05,1.84617297955699e-05,1.88075633841572e-05,1.90903627942396e-05,1.93134420098605e-05,1.94784181095898e-05,1.95848209326132e-05,1.96291873310479e-05,1.96031103538632e-05,1.94888559017448e-05,1.92484255493532e-05,1.87912616014292e-05,1.78492189905749e-05,1.51688035002292e-05,0.00446687398351053,2.71156781889159e-05,2.36264226621383e-05,2.24375594909869e-05,2.17785844753155e-05,2.1316903477328e-05,2.09451478946236e-05,2.0618522359752e-05,2.03152860247421e-05,2.00238066800219e-05,1.97374451437909e-05,1.94522518447008e-05,1.91658242816806e-05,1.88766963160453e-05,1.85839917321656e-05,1.82872179702118e-05,1.79861383047861e-05,1.76806899389522e-05,1.7370930015255e-05,1.70569991635505e-05,1.67390963805964e-05,1.64174614146131e-05,1.60923622287701e-05,1.57640859679592e-05,1.54329323829938e-05,1.50992090044712e-05,1.47632275790052e-05,1.44253014268716e-05,1.40857434792741e-05,1.37448648213528e-05,1.34029736146358e-05,1.30603743060156e-05,1.27173670543596e-05,1.23742473232278e-05,1.20313056007621e-05,1.16888272172032e-05,1.13470922374519e-05,1.10063754112753e-05,1.06669461677743e-05,1.03290686435807e-05,9.99300173681425e-06,9.65899918029011e-06,9.32730962910924e-06,8.99817675865729e-06,8.67183937001596e-06,8.34853150026288e-06,8.02848253589936e-06,7.71191732781204e-06,7.39905630665348e-06,7.09011559777082e-06,6.78530713491723e-06,6.48483877226556e-06,6.18891439432619e-06,5.89773402342824e-06,5.61149392460787e-06,5.33038670769728e-06,5.054601426589e-06,4.78432367555546e-06,4.51973568265771e-06,4.26101640021515e-06,4.00834159240057e-06,3.76188391996022e-06,3.52181302214855e-06,3.2882955959352e-06,3.06149547254928e-06,2.8415736914304e-06,2.62868857169139e-06,2.42299578113734e-06,2.22464840295707e-06,2.03379700014085e-06,1.85058967772586e-06,1.67517214292816e-06,1.50768776326262e-06,1.34827762270673e-06,1.19708057598956e-06,1.05423330108095e-06,9.19870349947345e-07,7.94124197640992e-07,6.77125289788488e-07,5.69002088537519e-07,4.6988111702645e-07,3.79887002434746e-07,2.991425176678e-07,2.27768621721026e-07,1.65884498793817e-07,1.13607596180815e-07,7.10536610036835e-08,3.83367758160588e-08,1.55693931366662e-08,2.86236893731361e-09,3.24995139923687e-10,8.06503114907746e-09,2.61887344616576e-08,5.48008903879685e-08,9.40048409132917e-08,1.43902512737489e-07,2.04594444518287e-07,2.76179813348342e-07,3.58756460495086e-07,4.52420916431583e-07,5.57268425174055e-07,6.73392967967453e-07,8.00887286323282e-07,9.39842904450959e-07,1.09035015108509e-06,1.25249818075044e-06,1.42637499445786e-06,1.61206745988093e-06,1.80966133099999e-06,2.01924126726365e-06,2.24089085224989e-06,2.47469261187285e-06,2.7207280321287e-06,2.97907757642129e-06,3.24982070243532e-06,3.53303587863166e-06,3.82880060033099e-06,4.13719140541939e-06,4.45828388966336e-06,4.79215272170953e-06,5.13887165768377e-06,5.49851355549595e-06,5.87115038877747e-06,6.25685326055067e-06,6.65569241653782e-06,7.06773725820755e-06,7.49305635552216e-06,7.93171745939742e-06,8.38378751389354e-06,8.84933266815959e-06,9.32841828807255e-06,9.82110896768979e-06,1.03274685404058e-05,1.08475600899111e-05,1.13814459608856e-05,1.19291877695164e-05,1.24908464137427e-05,1.30664820833459e-05,1.36561542698e-05,1.42599217759234e-05,1.48778427253602e-05,1.55099745718542e-05,1.61563741083354e-05,1.68170974758611e-05,1.74922001723262e-05,1.81817370610587e-05,1.88857623792286e-05,1.96043297460916e-05,2.03374921710748e-05,2.10853020617323e-05,2.18478112315207e-05,2.26250709074533e-05,2.34171317376021e-05,2.42240437984659e-05,2.50458566022151e-05,2.58826191037787e-05,2.67343797078093e-05,2.76011862755552e-05,2.84830861315889e-05,2.93801260703944e-05,3.02923523628653e-05,3.12198107627227e-05,3.21625465127222e-05
0,0,0,0,0,0,0,0,0,0,0,0,0,0,0,0,0,0,0,0,0,0,0,0,0,0,0,0,0,0,0,0,0,0,0,0,0,0,0,0,0,0,0,0,0,0,0,0,0,0,0,0,0,0,0,0,0,0,0,0,0,0,0,0,0,0,0,0,0,0,0,0,0,0,0,0,0,0,0,0,0,0,0,0,0,0,0,0,0,0,0,0,0,0,0,0,0,0,0,0,0,0,0,0,0,0,0,0,0,0,0,0,0,0,0,0,0,0,0,0,0,0,0,0,0,0,0,0,0,0,0,3.67378419528558e-06,7.85578137737912e-06,1.03132057624183e-05,1.21486612705529e-05,1.36212476461031e-05,1.48440059636207e-05,1.58789338390488e-05,1.67646549365007e-05,1.7527287976484e-05,1.81855293395389e-05,1.87533216253387e-05,1.92413736801744e-05,1.96580771855271e-05,2.00100785415914e-05,2.03026366892649e-05,2.05398333859002e-05,2.07246650787187e-05,2.08590171474541e-05,2.09434893728934e-05,2.09769896152635e-05,2.09559064683869e-05,2.08724206814883e-05,2.07108445240012e-05,2.04388155470557e-05,1.99825294689183e-05,1.91380163999643e-05,1.7082271869838e-05,3.99225227580867e-06,3.02811137977426e-05,2.49301844199607e-05,2.34361436493287e-05,2.26534223527674e-05,2.21177093863192e-05,2.16917401095376e-05,2.13208442114952e-05,2.09792047078329e-05,2.06532289432924e-05,2.0335220383878e-05,2.00206047950385e-05,1.97065818079291e-05,1.93914152773028e-05,1.90740356054237e-05,1.87538052449682e-05,1.84303744862612e-05,1.81035895922151e-05,1.77734325120548e-05,1.74399803029267e-05,1.71033772175371e-05,1.67638151434678e-05,1.64215196745792e-05,1.60767400567428e-05,1.57297418460223e-05,1.53808014958086e-05,1.50302023349795e-05,1.46782315616684e-05,1.43251779868577e-05,1.39713303369396e-05,1.3616975976708e-05,1.32623999509528e-05,1.29078842690708e-05,1.25537073762071e-05,1.22001437681395e-05,1.18474637173972e-05,1.14959330857425e-05,1.11458132037714e-05,1.0797360802746e-05,1.04508279870086e-05,1.01064622379714e-05,9.76450644242114e-06,9.42519893958195e-06,9.08877358243484e-06,8.75545980979327e-06,8.42548272625671e-06,8.09906318790453e-06,7.77641789187913e-06,7.45775946848181e-06,7.14329657466628e-06,6.83323398802365e-06,6.52777270057825e-06,6.22711001185301e-06,5.93143962075539e-06,5.64095171598051e-06,5.3558330646641e-06,5.07626709913161e-06,4.80243400157049e-06,4.5345107865671e-06,4.27267138143538e-06,4.01708670432315e-06,3.76792474005475e-06,3.52535061375125e-06,3.28952666224148e-06,3.06061250328393e-06,2.83876510264104e-06,2.62413883907645e-06,2.41688556728794e-06,2.2171546788649e-06,2.02509316130155e-06,1.84084565514409e-06,1.66455450930918e-06,1.49635983465387e-06,1.33639955583606e-06,1.18480946153927e-06,1.04172325310497e-06,9.07272591637737e-07,7.81587143633568e-07,6.6479462518632e-07,5.57020844814809e-07,4.58389744977635e-07,3.69023442302823e-07,2.89042266603921e-07,2.18564798696522e-07,1.57707907089051e-07,1.06586783568854e-07,6.53149777329275e-08,3.40044304983893e-08,1.27655066353491e-08,1.70702634704741e-09,9.3629594501533e-10,1.05591376415622e-08,3.06799184963013e-08,6.14015785471873e-08,1.02825658151548e-07,1.55052324570515e-07,2.18180397818534e-07,2.9230737580763e-07,3.77529458807722e-07,4.73941573252347e-07,5.81637394902662e-07,7.00709371404824e-07,8.31248744248251e-07,9.73345570156856e-07,1.1270887419213e-06,1.29256600870566e-06,1.46986399582461e-06,1.65906822403372e-06,1.86026312832441e-06,2.07353207626726e-06,2.29895738588358e-06,2.53662034309884e-06,2.78660121875619e-06,3.04897928523472e-06,3.32383283265752e-06,3.61123918472156e-06,3.91127471416186e-06,4.22401485784202e-06,4.54953413149101e-06,4.88790614413489e-06,5.23920361215146e-06,5.60349837304774e-06,5.98086139889054e-06,6.37136280948816e-06,6.77507188521364e-06,7.19205707960999e-06,7.62238603167777e-06,8.06612557791874e-06,8.52334176410598e-06,8.99409985682658e-06,9.47846435473242e-06,9.97649899962738e-06,1.04882667872469e-05,1.1013829977869e-05,1.15532501066719e-05,1.21065879939126e-05,1.26739037548558e-05,1.3255256809563e-05,1.38507058924142e-05,1.44603090615061e-05,1.50841237078182e-05,1.5722206564229e-05,1.63746137143287e-05,1.70414006011047e-05,1.77226220354052e-05,1.84183322042779e-05,1.91285846791575e-05,1.98534324238749e-05,2.05929278025031e-05,2.13471225871325e-05,2.21160679653885e-05,2.28998145479188e-05,2.36984123756802e-05,2.45119109271145e-05,2.53403591252037e-05,2.6183805344373e-05,2.70422974172847e-05,2.79158826415278e-05,2.88046077861821e-05,2.97085190982342e-05,3.06276623089341e-05,3.1562082640023e-05,3.25118248098327e-05
0,0,0,0,0,0,0,0,0,0,0,0,0,0,0,0,0,0,0,0,0,0,0,0,0,0,0,0,0,0,0,0,0,0,0,0,0,0,0,0,0,0,0,0,0,0,0,0,0,0,0,0,0,0,0,0,0,0,0,0,0,0,0,0,0,0,0,0,0,0,0,0,0,0,0,0,0,0,0,0,0,0,0,0,0,0,0,0,0,0,0,0,0,0,0,0,0,0,0,0,0,0,0,0,0,0,0,0,0,0,0,0,0,0,0,0,0,0,0,0,0,0,0,0,0,0,0,0,0,6.60324388810904e-06,9.70275607292298e-06,1.18729428082071e-05,1.35729539295862e-05,1.49688394098634e-05,1.61441366341013e-05,1.71483113508876e-05,1.80137249906231e-05,1.87630304468437e-05,1.94128764024153e-05,1.99759516280969e-05,2.04621962194852e-05,2.08795580899587e-05,2.12344834057537e-05,2.15322411566292e-05,2.17771370367718e-05,2.19726466826319e-05,2.21214822696395e-05,2.22255936058949e-05,2.22860906023968e-05,2.23030524512587e-05,2.22751487500244e-05,2.21989128533621e-05,2.20673082759482e-05,2.18667081000176e-05,2.15698592315852e-05,2.11169413092821e-05,2.03521713618128e-05,1.87168687699437e-05,1.1745350921738e-05,3.54803801643707e-05,2.62647863636243e-05,2.43862633405863e-05,2.34721646782492e-05,2.28642750494676e-05,2.23875679406372e-05,2.19759653783994e-05,2.15992346700054e-05,2.1241766310825e-05,2.08948228308785e-05,2.05532381781036e-05,2.02138473919824e-05,1.98746738039334e-05,1.95344794869485e-05,1.91925029364341e-05,1.884829910298e-05,1.85016381789591e-05,1.81524395324491e-05,1.78007274216548e-05,1.74466006243444e-05,1.70902111966424e-05,1.67317493627986e-05,1.63714326080379e-05,1.60094977060708e-05,1.56461948291584e-05,1.52817831578559e-05,1.49165275846562e-05,1.45506962251001e-05,1.41845585309709e-05,1.38183838568017e-05,1.34524403703886e-05,1.30869942263613e-05,1.27223089421851e-05,1.23586449307907e-05,1.19962591549824e-05,1.16354048768977e-05,1.12763314818764e-05,1.09192843607047e-05,1.05645048376662e-05,1.02122301346638e-05,9.86269336352656e-06,9.51612354047785e-06,9.17274561777738e-06,8.83278052877633e-06,8.49644524310537e-06,8.16395282968994e-06,7.83551252547375e-06,7.51132980828024e-06,7.19160647257119e-06,6.87654070702008e-06,6.5663271730867e-06,6.26115708397968e-06,5.96121828341121e-06,5.66669532379254e-06,5.37776954349961e-06,5.0946191429961e-06,4.81741925957793e-06,4.54634204061884e-06,4.2815567151994e-06,4.0232296640576e-06,3.77152448777806e-06,3.5266020732166e-06,3.28862065815519e-06,3.05773589415551e-06,2.83410090764971e-06,2.61786635927611e-06,2.40918050149076e-06,2.2081892344893e-06,2.01503616046814e-06,1.82986263627364e-06,1.65280782446968e-06,1.48400874287649e-06,1.3236003126216e-06,1.17171540474024e-06,1.02848488538001e-06,8.94037659649134e-07,7.68500714150015e-07,6.51999158243262e-07,5.44656264082581e-07,4.46593505467855e-07,3.57930595544514e-07,2.78785523404882e-07,2.09274589611234e-07,1.4951244069279e-07,9.96121026437655e-08,5.9685013459973e-08,2.98410547450362e-08,1.01885824250067e-08,8.34456591010583e-10,1.88407051271521e-09,1.34413788419496e-08,3.56089250385011e-08,6.84878680461002e-08,1.12178008238974e-07,1.66777812671435e-07,2.32384439646465e-07,3.09093762634663e-07,3.97000393554684e-07,4.96197705453321e-07,6.06777854581317e-07,7.2883180191313e-07,8.62449334103138e-07,1.00771908391598e-06,1.16472855013702e-06,1.33356411698999e-06,1.51431107305901e-06,1.70705362975656e-06,1.91187493932986e-06,2.1288571124406e-06,2.35808123530341e-06,2.59962738643112e-06,2.85357465296712e-06,3.12000114665287e-06,3.3989840193903e-06,3.69059947847795e-06,3.9949228014647e-06,4.3120283506953e-06,4.64198958747674e-06,4.98487908599723e-06,5.34076854685298e-06,5.7097288103436e-06,6.09182986941791e-06,6.48714088239584e-06,6.89573018534198e-06,7.31766530424438e-06,7.75301296687663e-06,8.20183911444005e-06,8.66420891294643e-06,9.14018676437171e-06,9.62983631755609e-06,1.01332204789147e-05,1.06504014228853e-05,1.11814406022059e-05,1.17263987579477e-05,1.22853359293769e-05,1.285831146358e-05,1.34453840249596e-05,1.40466116044749e-05,1.46620515287491e-05,1.52917604689763e-05,1.59357944496833e-05,1.6594208857269e-05,1.72670584484549e-05,1.79543973585092e-05,1.86562791093565e-05,1.93727566175298e-05,2.01038822019614e-05,2.08497075916326e-05,2.16102839331039e-05,2.23856617978803e-05,2.31758911896643e-05,2.39810215514682e-05,2.48011017725922e-05,2.56361801955173e-05,2.64863046226128e-05,2.73515223227817e-05,2.82318800379611e-05,2.9127423989535e-05,3.00381998845878e-05,3.09642529221173e-05,3.1905627799105e-05,3.28623687164624e-05
0,0,0,0,0,0,0,0,0,0,0,0,0,0,0,0,0,0,0,0,0,0,0,0,0,0,0,0,0,0,0,0,0,0,0,0,0,0,0,0,0,0,0,0,0,0,0,0,0,0,0,0,0,0,0,0,0,0,0,0,0,0,0,0,0,0,0,0,0,0,0,0,0,0,0,0,0,0,0,0,0,0,0,0,0,0,0,0,0,0,0,0,0,0,0,0,0,0,0,0,0,0,0,0,0,0,0,0,0,0,0,0,0,0,0,0,0,0,0,0,0,0,0,0,0,0,4.54973160197981e-06,8.81281957768914e-06,1.14278692607734e-05,1.34035050609666e-05,1.4999903092318e-05,1.63333743777413e-05,1.74685140217113e-05,1.84458970919952e-05,1.92931448692943e-05,2.00301595766965e-05,2.06718993470497e-05,2.12299757779807e-05,2.17136327847713e-05,2.2130375835075e-05,2.24863914855656e-05,2.27868343960809e-05,2.3036026237546e-05,2.32375925988925e-05,2.33945529147262e-05,2.35093708796212e-05,2.35839665563048e-05,2.3619684593081e-05,2.36172033424332e-05,2.35763531652129e-05,2.34957802033801e-05,2.33723239744165e-05,2.31998199683715e-05,2.29666375737094e-05,2.2650110186028e-05,2.22021229466608e-05,2.15036903638559e-05,2.01675262449677e-05,1.58606169185744e-05,4.88895640917604e-05,2.76772800243134e-05,2.52899695657034e-05,2.42350478670121e-05,2.3557310284468e-05,2.30337638688992e-05,2.2585258488643e-05,2.21768592968586e-05,2.17909329064941e-05,2.14177495501199e-05,2.10516040876684e-05,2.06890124593639e-05,2.03277945135433e-05,1.99665737516389e-05,1.96044886746028e-05,1.92410183517478e-05,1.88758728726599e-05,1.85089222718245e-05,1.81401491166564e-05,1.77696161173734e-05,1.7397443538999e-05,1.70237931657345e-05,1.66488567398013e-05,1.62728475141532e-05,1.58959940090952e-05,1.55185353524904e-05,1.51407177732779e-05,1.47627919453069e-05,1.43850109648496e-05,1.4007628805126e-05,1.36308991329548e-05,1.32550744025716e-05,1.28804051630267e-05,1.25071395311597e-05,1.21355227936514e-05,1.17657971101769e-05,1.13982012959721e-05,1.10329706670754e-05,1.06703369349927e-05,1.03105281405716e-05,9.95376861881679e-06,9.60027898821597e-06,9.25027615939293e-06,8.90397335899482e-06,8.56158016542157e-06,8.22330255384787e-06,7.88934294830859e-06,7.55990027913097e-06,7.23517004436764e-06,6.91534437403082e-06,6.60061209626369e-06,6.29115880469854e-06,5.98716692640444e-06,5.68881578994337e-06,5.39628169316771e-06,5.10973797044789e-06,4.82935505907917e-06,4.55530056469458e-06,4.28773932553135e-06,4.02683347543855e-06,3.7727425055525e-06,3.52562332456114e-06,3.28563031755259e-06,3.05291540339138e-06,2.82762809062633e-06,2.60991553194029e-06,2.3999225771183e-06,2.19779182459729e-06,2.00366367155902e-06,1.8176763626535e-06,1.63996603732445e-06,1.47066677580791e-06,1.30991064381071e-06,1.15782773591781e-06,1.01454621775231e-06,8.8019236693034e-07,7.54890612844487e-07,6.38763575302857e-07,5.31932102068038e-07,4.34515305328098e-07,3.46630597126581e-07,2.68393723796336e-07,1.99918799416148e-07,1.41318338331565e-07,9.27032867676861e-08,5.41830535610481e-08,2.58655400427994e-08,7.85716910292626e-09,2.6291345430732e-10,3.18632313467218e-09,1.67295522625929e-08,4.09933850758501e-08,7.60772612780751e-08,1.22079300709704e-07,1.79096327374913e-07,2.47223892836379e-07,3.26556299006471e-07,4.1718662034767e-07,5.19206725509895e-07,6.32707298411524e-07,7.57777858794514e-07,8.9450678226239e-07,1.04298131981574e-06,1.20328761691367e-06,1.37551073206554e-06,1.55973465496159e-06,1.75604232417927e-06,1.96451564445228e-06,2.18523550354171e-06,2.41828178869362e-06,2.66373340272497e-06,2.92166827972118e-06,3.19216340038667e-06,3.47529480702463e-06,3.7711376181885e-06,4.07976604300235e-06,4.40125339515242e-06,4.73567210656038e-06,5.08309374078543e-06,5.44358900608745e-06,5.81722776824472e-06,6.20407906305726e-06,6.60421110863045e-06,7.01769131732964e-06,7.44458630755119e-06,7.88496191518812e-06,8.33888320489712e-06,8.80641448109994e-06,9.28761929879387e-06,9.78256047409017e-06,1.02913000945971e-05,1.08138995295418e-05,1.13504194397257e-05,1.19009197872547e-05,1.24654598451039e-05,1.30440982064574e-05,1.36368927939128e-05,1.42439008684647e-05,1.48651790383344e-05,1.55007832676372e-05,1.61507688848704e-05,1.68151905912388e-05,1.74941024688518e-05,1.81875579887261e-05,1.88956100186722e-05,1.96183108310338e-05,2.0355712110257e-05,2.11078649603571e-05,2.18748199122369e-05,2.26566269308547e-05,2.34533354222988e-05,2.42649942407161e-05,2.50916516951078e-05,2.59333555560572e-05,2.67901530622655e-05,2.76620909270143e-05,2.85492153445468e-05,2.94515719962806e-05,3.0369206056949e-05,3.13021622006319e-05,3.2250484606706e-05,3.3214216965645e-05
0,0,0,0,0,0,0,0,0,0,0,0,0,0,0,0,0,0,0,0,0,0,0,0,0,0,0,0,0,0,0,0,0,0,0,0,0,0,0,0,0,0,0,0,0,0,0,0,0,0,0,0,0,0,0,0,0,0,0,0,0,0,0,0,0,0,0,0,0,0,0,0,0,0,0,0,0,0,0,0,0,0,0,0,0,0,0,0,0,0,0,0,0,0,0,0,0,0,0,0,0,0,0,0,0,0,0,0,0,0,0,0,0,0,0,0,0,0,0,0,0,0,0,0,7.50877543824588e-06,1.07689482436557e-05,1.30903414119713e-05,1.49234839241056e-05,1.64375763573188e-05,1.77191077667707e-05,1.88197651180091e-05,1.97735775712678e-05,2.06044867077348e-05,2.1330173017552e-05,2.19641835746129e-05,2.25172023605551e-05,2.29978516314476e-05,2.34132199135057e-05,2.37692220787953e-05,2.4070851525834e-05,2.43223601121218e-05,2.45273876500276e-05,2.46890544684612e-05,2.48100251946243e-05,2.48925480895716e-05,2.49384710503315e-05,2.49492319832337e-05,2.49258167012411e-05,2.48686702315839e-05,2.47775343621602e-05,2.46511587249823e-05,2.44867789684741e-05,2.42791332724271e-05,2.40184836439158e-05,2.36862575519972e-05,2.32441709151915e-05,2.26017392459647e-05,2.14874482485561e-05,1.85679634019606e-05,0.000349819736599822,2.92527391188502e-05,2.61472722305192e-05,2.49403679760128e-05,2.4196179938377e-05,2.36304744559426e-05,2.31493292847578e-05,2.2712939616583e-05,2.23017229738657e-05,2.19050546024768e-05,2.15167717737883e-05,2.1133134169934e-05,2.07518059077647e-05,2.03713084287684e-05,1.99907085318475e-05,1.96094316702958e-05,1.92271456279038e-05,1.88436855431019e-05,1.84590041662827e-05,1.80731380281916e-05,1.76861839308728e-05,1.72982823046247e-05,1.69096052335765e-05,1.65203477183771e-05,1.61307212228474e-05,1.57409488575286e-05,1.53512617527538e-05,1.49618963072857e-05,1.4573092088605e-05,1.41850902232983e-05,1.37981321593649e-05,1.34124587131531e-05,1.30283093356935e-05,1.26459215493036e-05,1.22655305170297e-05,1.1887368716369e-05,1.15116656950616e-05,1.11386478918295e-05,1.07685385085629e-05,1.04015574234179e-05,1.00379211364337e-05,9.67784274104171e-06,9.32153191613693e-06,8.969194934528e-06,8.62103468426493e-06,8.27725070017912e-06,7.93803920336165e-06,7.60359314679557e-06,7.27410226569913e-06,6.94975313135402e-06,6.63072920750285e-06,6.31721090851342e-06,6.00937565866105e-06,5.70739795203194e-06,5.41144941263085e-06,5.12169885435802e-06,4.83831234056075e-06,4.56145324298202e-06,4.29128229990634e-06,4.02795767338978e-06,3.77163500545522e-06,3.52246747317557e-06,3.28060584261076e-06,3.04619852152768e-06,2.81939161089265e-06,2.60032895512506e-06,2.3891521910967e-06,2.18600079588324e-06,1.99101213328354e-06,1.80432149910996e-06,1.62606216527284e-06,1.45636542267493e-06,1.2953606229531e-06,1.14317521906822e-06,9.99934804796235e-07,8.65763153125746e-07,7.40782253607744e-07,6.25112348671102e-07,5.18871968942005e-07,4.22177967595017e-07,3.35145553756903e-07,2.57888325005115e-07,1.90518298969132e-07,1.33145944082494e-07,8.58802094953443e-08,4.88285541852692e-08,2.20969752822841e-08,5.79003564222819e-09,1.08906822810047e-11,4.86131451144677e-09,2.04417253718935e-08,4.68512104153704e-08,8.41875498384094e-08,1.32547240390672e-07,1.92025518283017e-07,2.62716381510673e-07,3.44712611610344e-07,4.38105794867617e-07,5.42986343004055e-07,6.59443513332937e-07,7.87565428436417e-07,9.2743909534732e-07,1.07915042427059e-06,1.24278424684959e-06,1.41842433400144e-06,1.6061534133092e-06,1.80605318602763e-06,2.01820434366204e-06,2.24268658419133e-06,2.47957862788274e-06,2.72895823276615e-06,2.9909022097458e-06,3.26548643737146e-06,3.55278587627038e-06,3.85287458326803e-06,4.1658257251862e-06,4.4917115923437e-06,4.83060361173915e-06,5.18257235999804e-06,5.5476875759745e-06,5.92601817313853e-06,6.31763225165793e-06,6.72259711026829e-06,7.14097925783518e-06,7.57284442474031e-06,8.01825757397912e-06,8.47728291206369e-06,8.94998389967393e-06,9.43642326213818e-06,9.93666299963055e-06,1.04507643972548e-05,1.09787880348359e-05,1.1520793796596e-05,1.20768408805737e-05,1.26469878079311e-05,1.32312924319968e-05,1.38298119472215e-05,1.44426028978976e-05,1.50697211867286e-05,1.57112220832697e-05,1.63671602321718e-05,1.70375896612751e-05,1.77225637895814e-05,1.8422135435041e-05,1.91363568222384e-05,1.98652795898984e-05,2.06089547982947e-05,2.13674329364862e-05,2.21407639294657e-05,2.29289971451368e-05,2.37321814012117e-05,2.45503649719606e-05,2.53835955948536e-05,2.62319204770829e-05,2.70953863019953e-05,2.79740392353466e-05,2.88679249315555e-05,2.977708853976e-05,3.07015747098191e-05,3.16414275981886e-05,3.25966908737453e-05,3.35674077234433e-05
0,0,0,0,0,0,0,0,0,0,0,0,0,0,0,0,0,0,0,0,0,0,0,0,0,0,0,0,0,0,0,0,0,0,0,0,0,0,0,0,0,0,0,0,0,0,0,0,0,0,0,0,0,0,0,0,0,0,0,0,0,0,0,0,0,0,0,0,0,0,0,0,0,0,0,0,0,0,0,0,0,0,0,0,0,0,0,0,0,0,0,0,0,0,0,0,0,0,0,0,0,0,0,0,0,0,0,0,0,0,0,0,0,0,0,0,0,0,0,0,0,5.44923119969822e-06,9.82500007838764e-06,1.26021772688409e-05,1.47216006382456e-05,1.64449538797484e-05,1.78918162757042e-05,1.91293479572132e-05,2.02000309810758e-05,2.11329282234873e-05,2.19490636372504e-05,2.26642955735853e-05,2.32909810310218e-05,2.38390013205318e-05,2.43164258951344e-05,2.47299592699752e-05,2.50852517084512e-05,2.53871208697647e-05,2.56397131634379e-05,2.58466228830298e-05,2.60109807293326e-05,2.61355192299273e-05,2.62226197934126e-05,2.6274344092686e-05,2.62924507365122e-05,2.6278396403586e-05,2.62333183598263e-05,2.61579919119785e-05,2.60527506948624e-05,2.59173473780273e-05,2.57507122791773e-05,2.55505255469921e-05,2.53124250047265e-05,2.5028443609439e-05,2.46836515373875e-05,2.42480492006927e-05,2.3653493586644e-05,2.27091822218146e-05,2.06134619250422e-05,5.10243749541889e-06,3.11735647524281e-05,2.69555476686452e-05,2.55841495453921e-05,2.47788367409376e-05,2.41768855307546e-05,2.3668072475425e-05,2.32077782621715e-05,2.27746742569959e-05,2.23574084931295e-05,2.19494820164862e-05,2.15469845245655e-05,2.1147486430691e-05,2.07494525971875e-05,2.0351912192088e-05,1.99542631165209e-05,1.95561511804324e-05,1.91573927731734e-05,1.8757923861117e-05,1.83577654699285e-05,1.79569997969158e-05,1.75557533567852e-05,1.71541848880503e-05,1.67524765472916e-05,1.63508274151816e-05,1.59494486544316e-05,1.55485598651559e-05,1.51483863197055e-05,1.47491568509332e-05,1.43511022311819e-05,1.39544539233092e-05,1.35594431161593e-05,1.31662999792853e-05,1.27752530877353e-05,1.23865289796335e-05,1.20003518179845e-05,1.16169431346754e-05,1.12365216395517e-05,1.08593030811457e-05,1.04855001486268e-05,1.0115322406531e-05,9.74897625574861e-06,9.38666491542779e-06,9.02858842162429e-06,8.67494363919407e-06,8.32592428431124e-06,7.98172095526779e-06,7.64252116981279e-06,7.3085094075725e-06,6.97986715630643e-06,6.65677296107185e-06,6.33940247548461e-06,6.02792851443421e-06,5.72252110771886e-06,5.42334755416211e-06,5.13057247590502e-06,4.84435787252863e-06,4.56486317483155e-06,4.29224529804755e-06,4.02665869438064e-06,3.76825540472629e-06,3.51718510948929e-06,3.2735951784559e-06,3.03763071963675e-06,2.80943462706282e-06,2.58914762751308e-06,2.37690832615026e-06,2.17285325106095e-06,1.97711689670932e-06,1.78983176630598e-06,1.61112841308945e-06,1.44113548055836e-06,1.27997974165485e-06,1.12778613692147e-06,9.8467781165225e-07,8.50776152066469e-07,7.26200820515143e-07,6.11069789761014e-07,5.05499376336115e-07,4.09604273020172e-07,3.2349758045122e-07,2.47290837900697e-07,1.81094053227744e-07,1.2501573204859e-07,7.91629061325624e-08,4.36411610569315e-08,1.8554663135121e-08,4.0061856483811e-09,9.71343932581759e-11,6.9275725740074e-09,2.45962450549439e-08,5.32006019932725e-08,9.28368218750269e-08,1.43599833965851e-07,2.05583340202141e-07,2.78879836534467e-07,3.63580633742593e-07,4.59775877736115e-07,5.67554569364434e-07,6.87004583734747e-07,8.1821268907279e-07,9.61264565125579e-07,1.11624482112719e-06,1.2832370133361e-06,1.46232366216992e-06,1.65358626892086e-06,1.85710533210414e-06,2.07296036341068e-06,2.30122990331506e-06,2.5419915363007e-06,2.79532190577394e-06,3.0612967286143e-06,3.33999080942031e-06,3.63147805442606e-06,3.9358314851245e-06,4.25312325158418e-06,4.58342464548197e-06,4.92680611284669e-06,5.28333726655069e-06,5.65308689850691e-06,6.03612299163839e-06,6.43251273156385e-06,6.84232251808749e-06,7.26561797639104e-06,7.70246396805015e-06,8.15292460179045e-06,8.61706324405262e-06,9.09494252930596e-06,9.58662437021802e-06,1.00921699675425e-05,1.06116398198942e-05,1.11450937332636e-05,1.1692590830388e-05,1.22541895599277e-05,1.28299477054722e-05,1.34199223943493e-05,1.40241701063093e-05,1.46427466820141e-05,1.527570733137e-05,1.59231066417208e-05,1.65849985858805e-05,1.7261436530008e-05,1.79524732413572e-05,1.86581608958717e-05,1.93785510856471e-05,2.0113694826269e-05,2.08636425640092e-05,2.1628444182881e-05,2.24081490116146e-05,2.32028058304442e-05,2.40124628778623e-05,2.48371678571596e-05,2.56769679429444e-05,2.65319097874873e-05,2.74020395269861e-05,2.82874027877065e-05,2.91880446920541e-05,3.01040098645065e-05,3.10353424374691e-05,3.19820860570133e-05,3.29442838885753e-05,3.39219786224795e-05
0,0,0,0,0,0,0,0,0,0,0,0,0,0,0,0,0,0,0,0,0,0,0,0,0,0,0,0,0,0,0,0,0,0,0,0,0,0,0,0,0,0,0,0,0,0,0,0,0,0,0,0,0,0,0,0,0,0,0,0,0,0,0,0,0,0,0,0,0,0,0,0,0,0,0,0,0,0,0,0,0,0,0,0,0,0,0,0,0,0,0,0,0,0,0,0,0,0,0,0,0,0,0,0,0,0,0,0,0,0,0,0,0,0,0,0,0,0,0,8.46580283283719e-06,1.18936395727055e-05,1.43705356275486e-05,1.63405963435535e-05,1.79762797764404e-05,1.93670291191761e-05,2.05667422706303e-05,2.16110973298841e-05,2.25252947981276e-05,2.33280031456721e-05,2.40335661567039e-05,2.46533274245543e-05,2.51964697421351e-05,2.56705708920606e-05,2.60819850822341e-05,2.64361126024842e-05,2.67375952101498e-05,2.69904605911799e-05,2.71982308882996e-05,2.73640051611641e-05,2.7490522377338e-05,2.75802093648949e-05,2.76352166415483e-05,2.7657443890486e-05,2.76485558821291e-05,2.76099886727693e-05,2.75429447542799e-05,2.74483742071675e-05,2.73269363516325e-05,2.71789320101158e-05,2.70041884955717e-05,2.6801863963848e-05,2.65701059670283e-05,2.63054290684199e-05,2.60015093111538e-05,2.56466520411685e-05,2.52178622879971e-05,2.46646898162408e-05,2.38540261232785e-05,2.22917688556981e-05,1.54447934446176e-05,3.39326489776043e-05,2.77081878542629e-05,2.61595035540896e-05,2.53016371909035e-05,2.46711872905854e-05,2.41406889505385e-05,2.36611551412928e-05,2.32099091621318e-05,2.27751394946426e-05,2.23501863880241e-05,2.19310867041147e-05,2.15153976441012e-05,2.11015844450546e-05,2.06886800738058e-05,2.02760857860797e-05,1.98634490044987e-05,1.94505857398045e-05,1.90374297455865e-05,1.86239982904584e-05,1.82103685783723e-05,1.77966611756457e-05,1.73830281577412e-05,1.6969644501923e-05,1.65567017537276e-05,1.61444033129032e-05,1.57329608899639e-05,1.53225918203703e-05,1.49135170145161e-05,1.45059593843774e-05,1.41001426309636e-05,1.36962903072419e-05,1.3294625093227e-05,1.28953682354987e-05,1.24987391150385e-05,1.21049549157644e-05,1.17142303724751e-05,1.13267775816867e-05,1.09428058624017e-05,1.05625216567803e-05,1.01861284625546e-05,9.81382679092412e-06,9.4458141447775e-06,9.08228501324819e-06,8.72343087918486e-06,8.36944023705354e-06,8.02049861900837e-06,7.67678862742116e-06,7.33848997248885e-06,7.00577951370913e-06,6.67883130431216e-06,6.35781663788481e-06,6.04290409652979e-06,5.73425960006791e-06,5.43204645584887e-06,5.13642540885171e-06,4.84755469176156e-06,4.56559007482388e-06,4.29068491528374e-06,4.02299020627709e-06,3.76265462503027e-06,3.50982458030233e-06,3.26464425899742e-06,3.02725567188193e-06,2.79779869836911e-06,2.57641113035849e-06,2.36322871509214e-06,2.15838519703566e-06,1.9620123587637e-06,1.77424006087049e-06,1.59519628089935e-06,1.42500715130031e-06,1.26379699643978e-06,1.11168836867131e-06,9.68802083477587e-07,8.35257253717219e-07,7.11171322988264e-07,5.96660098121335e-07,4.91837780837602e-07,3.96816998583691e-07,3.11708834567034e-07,2.36622857015353e-07,1.71667147676282e-07,1.16948329584814e-07,7.25715941138454e-08,3.86407273327761e-08,1.52581356905878e-08,2.52487104758522e-09,5.40655068489311e-10,9.403903004188e-09,2.92117468735003e-08,6.0060058065583e-08,1.02043469383251e-07,1.55255396536027e-07,2.1978805911042e-07,2.95732501023155e-07,3.83178610479803e-07,4.82215139448409e-07,5.92929722671915e-07,7.15408896215433e-07,8.49738115586621e-07,9.96001773418426e-07,1.15428321674465e-06,1.32466476386856e-06,1.50722772084885e-06,1.7020523975945e-06,1.90921812360725e-06,2.12880326335325e-06,2.36088523130337e-06,2.60554050661972e-06,2.86284464753499e-06,3.13287230539418e-06,3.41569723841478e-06,3.71139232511045e-06,4.0200295774641e-06,4.34168015379042e-06,4.67641437133661e-06,5.02430171860267e-06,5.38541086743004e-06,5.75980968479957e-06,6.14756524442065e-06,6.54874383804698e-06,6.96341098660173e-06,7.39163145102481e-06,7.8334692429492e-06,8.28898763512982e-06,8.75824917168157e-06,9.24131567810294e-06,9.73824827112481e-06,1.02491073683117e-05,1.07739526975595e-05,1.13128433063346e-05,1.18658375707718e-05,1.24329932045888e-05,1.30143672678521e-05,1.36100161755264e-05,1.42199957059341e-05,1.48443610089953e-05,1.54831666143529e-05,1.61364664393333e-05,1.68043137967741e-05,1.74867614026799e-05,1.8183861383786e-05,1.88956652849366e-05,1.96222240763758e-05,2.03635881608873e-05,2.11198073808074e-05,2.189093102491e-05,2.26770078352014e-05,2.34780860135598e-05,2.42942132282816e-05,2.51254366205275e-05,2.59718028106152e-05,2.68333579042731e-05,2.77101474987154e-05,2.86022166886633e-05,2.95096100722588e-05,3.04323717568814e-05,3.13705453648449e-05,3.2324174039026e-05,3.32933004484231e-05,3.42779667935582e-05
0,0,0,0,0,0,0,0,0,0,0,0,0,0,0,0,0,0,0,0,0,0,0,0,0,0,0,0,0,0,0,0,0,0,0,0,0,0,0,0,0,0,0,0,0,0,0,0,0,0,0,0,0,0,0,0,0,0,0,0,0,0,0,0,0,0,0,0,0,0,0,0,0,0,0,0,0,0,0,0,0,0,0,0,0,0,0,0,0,0,0,0,0,0,0,0,0,0,0,0,0,0,0,0,0,0,0,0,0,0,0,0,0,0,0,0,6.38206694680488e-06,1.08936047547018e-05,1.3838053291511e-05,1.61055634765582e-05,1.79597646494697e-05,1.95235483146451e-05,2.08666502209066e-05,2.2033462020847e-05,2.30544839030897e-05,2.39518493060503e-05,2.47422952627149e-05,2.54388916754621e-05,2.60521115263118e-05,2.65905261346371e-05,2.70612750072014e-05,2.74703939065577e-05,2.78230502874805e-05,2.81237162145825e-05,2.83762978701196e-05,2.85842341436131e-05,2.87505726736407e-05,2.88780290616308e-05,2.8969033217888e-05,2.90257655903536e-05,2.90501851574105e-05,2.90440504003579e-05,2.90089339101542e-05,2.89462307425083e-05,2.88571600248731e-05,2.87427585165825e-05,2.86038636344383e-05,2.8441081535703e-05,2.82547325423058e-05,2.80447601740604e-05,2.78105785267803e-05,2.75508093343146e-05,2.72628093913458e-05,2.6941770444626e-05,2.6578868268166e-05,2.61570488630564e-05,2.56399957695627e-05,2.49366769519844e-05,2.37416578082137e-05,2.00356401506173e-05,3.95232872644207e-05,2.83916429339084e-05,2.66555064237013e-05,2.57590147733074e-05,2.51104788087743e-05,2.45656689398042e-05,2.40723401136239e-05,2.36071586442014e-05,2.31582611907132e-05,2.27190751458074e-05,2.2285741837879e-05,2.1855909244633e-05,2.14281143170295e-05,2.10014443890142e-05,2.0575340962634e-05,2.01494806785521e-05,1.97237002939766e-05,1.92979478408018e-05,1.88722499345468e-05,1.84466893647136e-05,1.80213894118499e-05,1.75965026729892e-05,1.71722029737718e-05,1.67486794343782e-05,1.6326132064089e-05,1.5904768457298e-05,1.54848012942704e-05,1.50664464370071e-05,1.46499214702787e-05,1.42354445788956e-05,1.38232336813497e-05,1.34135057604983e-05,1.30064763467905e-05,1.26023591203914e-05,1.22013656064901e-05,1.18037049440403e-05,1.14095837126076e-05,1.10192058053052e-05,1.06327723385492e-05,1.02504815910842e-05,9.87252896650537e-06,9.49910697449963e-06,9.13040522712586e-06,8.76661044700886e-06,8.40790648511907e-06,8.0544743460772e-06,7.70649221941172e-06,7.36413551547697e-06,7.02757690492849e-06,6.69698636093778e-06,6.37253120339462e-06,6.05437614454126e-06,5.74268333555361e-06,5.43761241367285e-06,5.13932054961936e-06,4.84796249495619e-06,4.56369062926115e-06,4.2866550068953e-06,4.01700340327472e-06,3.7548813604867e-06,3.50043223220887e-06,3.25379722785149e-06,3.01511545587114e-06,2.78452396620583e-06,2.56215779184833e-06,2.34814998948478e-06,2.14263167923941e-06,1.94573208347788e-06,1.75757856472124e-06,1.57829666261825e-06,1.40801013003883e-06,1.24684096825938e-06,1.09490946128468e-06,9.52334209297332e-07,8.19232161272163e-07,6.95718646757214e-07,5.81907406852637e-07,4.77910624393714e-07,3.83838953374854e-07,2.99801547614039e-07,2.25906088697296e-07,1.62258813203562e-07,1.08964539247883e-07,6.61266923464044e-08,3.38473306337919e-08,1.22271694442087e-08,1.36560527924086e-09,1.3607391760271e-09,1.23093994972149e-08,3.43071641575619e-08,6.74483823030403e-08,1.1182619546283e-07,1.67532558182232e-07,2.34658258161649e-07,3.13292935906423e-07,4.0352510391046e-07,5.05442165380598e-07,6.19130432523105e-07,7.44675144393637e-07,8.82160484336481e-07,1.03166959701771e-06,1.19328460506394e-06,1.36708662531909e-06,1.5531557847428e-06,1.75157123592484e-06,1.96241117227687e-06,2.18575284286603e-06,2.42167256693903e-06,2.67024574809981e-06,2.93154688820303e-06,3.20564960092777e-06,3.49262662507343e-06,3.79254983754261e-06,4.10549026608909e-06,4.43151810175632e-06,4.77070271108055e-06,5.12311264801253e-06,5.48881566563264e-06,5.86787872758095e-06,6.26036801928035e-06,6.66634895891666e-06,7.085886208215e-06,7.5190436829686e-06,7.96588456339811e-06,8.42647130426791e-06,8.90086564482194e-06,9.38912861852704e-06,9.89132056262476e-06,1.04075011274762e-05,1.09377292857773e-05,1.14820633415385e-05,1.20405609389448e-05,1.26132790710082e-05,1.32002740881102e-05,1.38016017062989e-05,1.44173170155506e-05,1.5047474487766e-05,1.56921279846895e-05,1.63513307656626e-05,1.70251354952505e-05,1.77135942506998e-05,1.84167585293054e-05,1.91346792556132e-05,1.98674067885128e-05,2.0614990928202e-05,2.13774809230572e-05,2.21549254762941e-05,2.29473727526577e-05,2.3754870384848e-05,2.45774654799575e-05,2.5415204625721e-05,2.62681338967094e-05,2.71362988603758e-05,2.8019744583058e-05,2.89185156358079e-05,2.98326561001973e-05,3.07622095739959e-05,3.170721917674e-05,3.26677275552408e-05,3.36437768890153e-05,3.4635408895577e-05
0,0,0,0,0,0,0,0,0,0,0,0,0,0,0,0,0,0,0,0,0,0,0,0,0,0,0,0,0,0,0,0,0,0,0,0,0,0,0,0,0,0,0,0,0,0,0,0,0,0,0,0,0,0,0,0,0,0,0,0,0,0,0,0,0,0,0,0,0,0,0,0,0,0,0,0,0,0,0,0,0,0,0,0,0,0,0,0,0,0,0,0,0,0,0,0,0,0,0,0,0,0,0,0,0,0,0,0,0,0,0,0,0,1.73374944602926e-06,9.47540484086966e-06,1.30780691595572e-05,1.57152761590625e-05,1.78265631780827e-05,1.95877831669292e-05,2.10913649408762e-05,2.23934338237087e-05,2.35313268015752e-05,2.45315073100665e-05,2.54136296360451e-05,2.61928254982784e-05,2.68810820479803e-05,2.74881182744935e-05,2.80219671151207e-05,2.84893761525276e-05,2.88960918078308e-05,2.92470660786735e-05,2.9546610229349e-05,2.97985111937438e-05,3.0006121158032e-05,3.01724274430088e-05,3.03001076288277e-05,3.03915734095405e-05,3.0449005665987e-05,3.04743825394507e-05,3.04695017706763e-05,3.04359981691342e-05,3.03753567446713e-05,3.02889217245666e-05,3.01779013505313e-05,3.00433679472711e-05,2.98862521957207e-05,2.97073296941132e-05,2.95071965048525e-05,2.92862280017854e-05,2.90445110260597e-05,2.87817311857278e-05,2.84969807596996e-05,2.8188417753674e-05,2.78526264809561e-05,2.7483328388348e-05,2.70685227627017e-05,2.65832677169845e-05,2.59677197259829e-05,2.50372392665794e-05,2.28192944735002e-05,7.45792361282244e-05,2.89785270948572e-05,2.70552689188e-05,2.61429593168526e-05,2.54906039125737e-05,2.49407419549466e-05,2.4440085490367e-05,2.39657718905136e-05,2.35064891026785e-05,2.30560962934982e-05,2.26110484094531e-05,2.21692178297784e-05,2.17293023913183e-05,2.12905055523636e-05,2.08523532189622e-05,2.04145837099253e-05,1.99770789753417e-05,1.95398201339069e-05,1.91028578955131e-05,1.86662923953653e-05,1.82302591490637e-05,1.77949190885241e-05,1.736045137883e-05,1.69270481674108e-05,1.64949106995082e-05,1.60642464147303e-05,1.56352667581905e-05,1.52081855185638e-05,1.47832175592361e-05,1.43605778456621e-05,1.39404806980001e-05,1.35231392165401e-05,1.31087648406043e-05,1.26975670112371e-05,1.22897529151314e-05,1.18855272923584e-05,1.14850922945425e-05,1.10886473829089e-05,1.06963892581436e-05,1.03085118154613e-05,9.92520611983843e-06,9.5466603972793e-06,9.17306003891779e-06,8.80458761520328e-06,8.4414228982256e-06,8.08374289032218e-06,7.73172185764548e-06,7.3855313675981e-06,7.04534032913973e-06,6.71131503528371e-06,6.38361920715802e-06,6.06241403911573e-06,5.74785824452143e-06,5.44010810184638e-06,5.13931750085365e-06,4.84563798861091e-06,4.55921881517961e-06,4.28020697882909e-06,4.00874727068726e-06,3.7449823187008e-06,3.48905263086429e-06,3.24109663767356e-06,3.00125073372684e-06,2.76964931848911e-06,2.54642483616519e-06,2.33170781470122e-06,2.12562690388293e-06,1.92830891254824e-06,1.73987884492039e-06,1.56045993604791e-06,1.39017368639404e-06,1.22913989555869e-06,1.07747669517263e-06,9.35300580954694e-07,8.02726443977733e-07,6.79867601135391e-07,5.66835824844318e-07,4.63741371991898e-07,3.70693012155654e-07,2.87798055106624e-07,2.15162377621574e-07,1.5289044961624e-07,1.01085359625649e-07,5.98488396453858e-08,2.92812893513381e-08,9.48179971893871e-09,5.48176058375611e-10,2.57696047889633e-09,1.5663453805159e-08,3.99017369569924e-08,7.53846918087982e-08,1.22204021548398e-07,1.80450270542333e-07,2.50212843728953e-07,3.31580025551235e-07,4.24638998440285e-07,5.29475860865403e-07,6.46175644968398e-07,7.74822333775944e-07,9.15498878030156e-07,1.06828721262314e-06,1.23326827266291e-06,1.41052200917151e-06,1.60012740443902e-06,1.80216248701969e-06,2.01670434641287e-06,2.24382914740445e-06,2.4836121441106e-06,2.7361276936973e-06,3.00144926982275e-06,3.27964947577476e-06,3.57080005734119e-06,3.87497191539332e-06,4.19223511822071e-06,4.52265891359665e-06,4.86631174059956e-06,5.22326124117093e-06,5.59357427148469e-06,5.97731691301984e-06,6.3745544834636e-06,6.7853515473607e-06,7.2097719265805e-06,7.64787871053173e-06,8.09973426623346e-06,8.56540024813499e-06,9.04493760778206e-06,9.53840660327078e-06,1.00458668085545e-05,1.05673771225103e-05,1.11029957779118e-05,1.16527803501709e-05,1.22167877659534e-05,1.27950743115966e-05,1.33876956414345e-05,1.39947067858757e-05,1.4616162159435e-05,1.52521155685474e-05,1.59026202192703e-05,1.65677287248406e-05,1.72474931131103e-05,1.79419648338193e-05,1.8651194765776e-05,1.93752332238868e-05,2.01141299660676e-05,2.08679342000677e-05,2.16366945901164e-05,2.24204592634933e-05,2.32192758170081e-05,2.40331913233144e-05,2.48622523371564e-05,2.57065049015123e-05,2.65659945536143e-05,2.74407663308981e-05,2.83308647768055e-05,2.92363339465518e-05,3.01572174127623e-05,3.10935582710302e-05,3.2045399145368e-05,3.30127821935966e-05,3.39957491126623e-05,3.49943411437965e-05
0,0,0,0,0,0,0,0,0,0,0,0,0,0,0,0,0,0,0,0,0,0,0,0,0,0,0,0,0,0,0,0,0,0,0,0,0,0,0,0,0,0,0,0,0,0,0,0,0,0,0,0,0,0,0,0,0,0,0,0,0,0,0,0,0,0,0,0,0,0,0,0,0,0,0,0,0,0,0,0,0,0,0,0,0,0,0,0,0,0,0,0,0,0,0,0,0,0,0,0,0,0,0,0,0,0,0,0,0,0,0,7.35379507519982e-06,1.20194422363127e-05,1.5136690085868e-05,1.75569851831836e-05,1.95463307757238e-05,2.123099810871e-05,2.26833280276942e-05,2.39496416851858e-05,2.50618905577462e-05,2.60433262975861e-05,2.69115683158075e-05,2.76803981122081e-05,2.83608738707664e-05,2.89620567601859e-05,2.94915030581524e-05,2.99556086146099e-05,3.03598566701811e-05,3.07090003816004e-05,3.10072000116505e-05,3.1258127878856e-05,3.14650498885326e-05,3.16308897257947e-05,3.17582799865104e-05,3.18496033046074e-05,3.19070256948375e-05,3.19325237374344e-05,3.19279068031862e-05,3.18948351988415e-05,3.18348348662224e-05,3.17493090663793e-05,3.16395473003046e-05,3.15067315387882e-05,3.135193963154e-05,3.11761455064954e-05,3.09802154015197e-05,3.07648988047272e-05,3.05308118565968e-05,3.02784093865933e-05,3.00079389239883e-05,2.97193647004408e-05,2.94122391298389e-05,2.90854771263095e-05,2.87369387234732e-05,2.83626027432212e-05,2.79547777825082e-05,2.74977334736338e-05,2.69550495037631e-05,2.62219249580133e-05,2.48323015163276e-05,1.14923445952235e-05,2.94093854739328e-05,2.73325298611059e-05,2.6442212377449e-05,2.58059018891299e-05,2.52627911264071e-05,2.47625993339392e-05,2.42847135793402e-05,2.38192482581421e-05,2.33609675386555e-05,2.29069158420221e-05,2.24553607657376e-05,2.20052721654722e-05,2.15560449645449e-05,2.11073423582772e-05,2.06590025910389e-05,2.02109811922768e-05,1.97633139183708e-05,1.93160922656817e-05,1.88694468759498e-05,1.84235360427927e-05,1.79785376003477e-05,1.75346431053331e-05,1.70920536054862e-05,1.66509765250594e-05,1.62116233494116e-05,1.57742078894714e-05,1.53389449723628e-05,1.49060494488997e-05,1.44757354390526e-05,1.40482157578468e-05,1.36237014791703e-05,1.3202401605763e-05,1.27845228214774e-05,1.23702693076859e-05,1.19598426098482e-05,1.15534415436027e-05,1.11512621318613e-05,1.07534975665908e-05,1.03603381899524e-05,9.97197149086013e-06,9.5885821136534e-06,9.21035187640405e-06,8.83745979665538e-06,8.47008212310508e-06,8.10839237175399e-06,7.75256136551273e-06,7.40275727641832e-06,7.05914566968117e-06,6.72188954903699e-06,6.39114940296946e-06,6.06708325134472e-06,5.74984669223902e-06,5.43959294864879e-06,5.13647291494768e-06,4.84063520287561e-06,4.55222618696708e-06,4.27139004932161e-06,3.99826882362694e-06,3.73300243838422e-06,3.4757287592822e-06,3.22658363071374e-06,2.98570091638876e-06,2.75321253903355e-06,2.5292485191885e-06,2.31393701309384e-06,2.10740434965508e-06,1.90977506651639e-06,1.72117194524882e-06,1.54171604565408e-06,1.37152673921269e-06,1.21072174168936e-06,1.05941714490786e-06,9.17727447722166e-07,7.85765586199853e-07,6.63642963034666e-07,5.51469476211634e-07,4.49353546941462e-07,3.57402146884304e-07,2.75720824688587e-07,2.04413731855322e-07,1.4358364794917e-07,9.33320051807258e-08,5.3758912370343e-08,2.49631783186272e-08,7.04233459445075e-09,9.26577641377529e-11,4.20919107209653e-09,1.94857655944442e-08,4.60150208780853e-08,8.38884250805716e-08,1.33196294630219e-07,1.94027813411022e-07,2.66471051498335e-07,3.50612983449263e-07,4.46539506166968e-07,5.54335456343387e-07,6.74084627511445e-07,8.05869786684882e-07,9.49772690639011e-07,1.10587410180705e-06,1.27425380382649e-06,1.45499061672936e-06,1.64816241181001e-06,1.85384612613774e-06,2.07211777678177e-06,2.30305247469664e-06,2.54672443833412e-06,2.8032070069376e-06,3.07257265356961e-06,3.35489299785068e-06,3.65023881844501e-06,3.95868006525847e-06,4.28028587141355e-06,4.61512456495081e-06,4.96326368031021e-06,5.32476996955041e-06,5.69970941338438e-06,6.0881472319413e-06,6.4901478953578e-06,6.90577513412026e-06,7.33509194924844e-06,7.77816062221826e-06,8.23504272475363e-06,8.70579912838738e-06,9.19049001385124e-06,9.68917488028417e-06,1.02019125542825e-05,1.07287611987332e-05,1.12697783215451e-05,1.18250207841624e-05,1.23945448099527e-05,1.297840599242e-05,1.35766593032959e-05,1.41893591004338e-05,1.48165591356257e-05,1.54583125622208e-05,1.61146719426422e-05,1.67856892557488e-05,1.7471415904107e-05,1.8171902721053e-05,1.88871999777461e-05,1.96173573899889e-05,2.0362424125003e-05,2.11224488080594e-05,2.18974795290137e-05,2.26875638486906e-05,2.34927488052264e-05,2.43130809202268e-05,2.51486062048929e-05,2.59993701660114e-05,2.68654178118326e-05,2.77467936579022e-05,2.86435417327454e-05,2.95557055834687e-05,3.04833282813152e-05,3.14264524270754e-05,3.23851201564405e-05,3.33593731452645e-05,3.43492526147663e-05,3.53547993365883e-05
0,0,0,0,0,0,0,0,0,0,0,0,0,0,0,0,0,0,0,0,0,0,0,0,0,0,0,0,0,0,0,0,0,0,0,0,0,0,0,0,0,0,0,0,0,0,0,0,0,0,0,0,0,0,0,0,0,0,0,0,0,0,0,0,0,0,0,0,0,0,0,0,0,0,0,0,0,0,0,0,0,0,0,0,0,0,0,0,0,0,0,0,0,0,0,0,0,0,0,0,0,0,0,0,0,0,0,0,3.28401388494714e-06,1.05383049190545e-05,1.43230408539952e-05,1.71256975238906e-05,1.93828358682364e-05,2.12738586514935e-05,2.28942281274159e-05,2.43023262176514e-05,2.55371703017483e-05,2.66265027641147e-05,2.75909750309293e-05,2.84465138404518e-05,2.92057530123055e-05,2.9878946965204e-05,3.04745790768404e-05,3.09997813983749e-05,3.14606329447063e-05,3.18623771182084e-05,3.22095836815647e-05,3.25062717331026e-05,3.27560046407543e-05,3.29619644128134e-05,3.3127010721945e-05,3.32537282919206e-05,3.33444653299874e-05,3.34013649746079e-05,3.34263912229112e-05,3.34213504379005e-05,3.33879092673841e-05,3.33276096051203e-05,3.32418810691387e-05,3.31320513471257e-05,3.29993546526781e-05,3.28449384386395e-05,3.26698684140282e-05,3.24751317963783e-05,3.22616385834911e-05,3.20302204185114e-05,3.17816263013218e-05,3.15165138795822e-05,3.12354341704348e-05,3.09388059968867e-05,3.06268735103844e-05,3.02996344771719e-05,2.99567152153595e-05,2.95971419329643e-05,2.92188952912271e-05,2.88179670809346e-05,2.83861258958167e-05,2.7904728508282e-05,2.73230094259265e-05,2.64428490467927e-05,2.30469191405771e-05,2.95337304371321e-05,2.74453658160443e-05,2.66410231061409e-05,2.60488452431606e-05,2.55277262573951e-05,2.50374990149557e-05,2.45625495333148e-05,2.40956728538823e-05,2.36331823140382e-05,2.31730733450368e-05,2.27142261269056e-05,2.22560206076864e-05,2.1798134922054e-05,2.13404328539377e-05,2.08828976626998e-05,2.04255914699834e-05,1.99686294257985e-05,1.95121627715771e-05,1.90563674474575e-05,1.86014362593399e-05,1.81475733920951e-05,1.76949905049916e-05,1.72439039159244e-05,1.67945325486327e-05,1.63470964230689e-05,1.59018155381429e-05,1.5458909041353e-05,1.50185946107631e-05,1.4581087995569e-05,1.41466026762446e-05,1.37153496155326e-05,1.32875370789136e-05,1.28633705084722e-05,1.2443052438055e-05,1.20267824404111e-05,1.16147570992148e-05,1.12071700003557e-05,1.08042117383438e-05,1.04060699343214e-05,1.00129292631137e-05,9.62497148718875e-06,9.24237549592838e-06,8.86531734876541e-06,8.49397032129777e-06,8.12850495342329e-06,7.7690890988522e-06,7.41588797550326e-06,7.06906421630222e-06,6.72877792005678e-06,6.39518670218001e-06,6.06844574497247e-06,5.74870784735181e-06,5.4361234738743e-06,5.13084080296204e-06,4.83300577423897e-06,4.54276213492982e-06,4.26025148528099e-06,3.98561332299412e-06,3.71898508660292e-06,3.46050219784852e-06,3.21029810301732e-06,2.96850431325103e-06,2.7352504438394e-06,2.51066425251735e-06,2.29487167676683e-06,2.08799687015979e-06,1.89016223774086e-06,1.70148847049858e-06,1.52209457891623e-06,1.35209792564681e-06,1.19161425733175e-06,1.04075773557539e-06,8.99640967110677e-07,7.68375033174508e-07,6.47069518116814e-07,5.35832537259254e-07,4.34770764035397e-07,3.43989456430084e-07,2.63592482733644e-07,1.93682346643669e-07,1.34360211720163e-07,8.57259252257616e-08,4.78780413623569e-08,2.09138439278626e-08,4.92936840483516e-09,1.94235065566438e-11,6.277612188507e-09,2.37963521486656e-08,5.26668958287343e-08,9.29793499311198e-08,1.44822694471329e-07,2.08284801369963e-07,2.83452452611612e-07,3.70411357971933e-07,4.69246172331449e-07,5.80040512588403e-07,7.02876974185146e-07,8.37837147246062e-07,9.8500163236131e-07,1.14445005600443e-06,1.31626108561274e-06,1.50051244431968e-06,1.69728092538047e-06,1.90664240625694e-06,2.12867186241778e-06,2.3634433808214e-06,2.61103017312574e-06,2.87150458859976e-06,3.1449381267738e-06,3.43140144981089e-06,3.7309643946397e-06,4.04369598480131e-06,4.36966444209123e-06,4.70893719793032e-06,5.06158090452574e-06,5.42766144577981e-06,5.80724394802352e-06,6.20039279048541e-06,6.6071716155886e-06,7.02764333902187e-06,7.46187015964536e-06,7.90991356915155e-06,8.37183436159731e-06,8.84769264271173e-06,9.3375478390442e-06,9.84145870693266e-06,1.0359483341322e-05,1.08916791843659e-05,1.14381030339459e-05,1.19988110519608e-05,1.25738587725146e-05,1.31633011099076e-05,1.37671923665548e-05,1.43855862406539e-05,1.50185358338445e-05,1.56660936586179e-05,1.63283116456599e-05,1.70052411510488e-05,1.7696932963329e-05,1.84034373104432e-05,1.91248038665806e-05,1.98610817588657e-05,2.06123195739764e-05,2.13785653646112e-05,2.21598666558856e-05,2.29562704515615e-05,2.37678232402576e-05,2.45945710014678e-05,2.54365592115515e-05,2.62938328495822e-05,2.71664364031218e-05,2.80544138738961e-05,2.89578087833815e-05,2.98766641782648e-05,3.08110226359035e-05,3.17609262696022e-05,3.27264167338672e-05,3.37075352295555e-05,3.47043225089641e-05,3.57168188807913e-05
0,0,0,0,0,0,0,0,0,0,0,0,0,0,0,0,0,0,0,0,0,0,0,0,0,0,0,0,0,0,0,0,0,0,0,0,0,0,0,0,0,0,0,0,0,0,0,0,0,0,0,0,0,0,0,0,0,0,0,0,0,0,0,0,0,0,0,0,0,0,0,0,0,0,0,0,0,0,0,0,0,0,0,0,0,0,0,0,0,0,0,0,0,0,0,0,0,0,0,0,0,0,0,0,0,0,8.36781860820192e-06,1.32030433933557e-05,1.64988897601765e-05,1.90769385973532e-05,2.12059828361346e-05,2.30157567184792e-05,2.45812469811799e-05,2.59507329606754e-05,2.71576393583993e-05,2.82263528976816e-05,2.91753880100304e-05,3.00192467829391e-05,3.07695783147527e-05,3.1435936281433e-05,3.20262934253883e-05,3.25474023791157e-05,3.30050557053311e-05,3.34042777352324e-05,3.37494689918853e-05,3.40445168667186e-05,3.42928817756924e-05,3.44976651700367e-05,3.46616638970436e-05,3.47874141403494e-05,3.48772272979777e-05,3.49332195457866e-05,3.49573363990438e-05,3.49513732698113e-05,3.49169927863653e-05,3.48557394685304e-05,3.47690522222308e-05,3.46582750163787e-05,3.45246660267542e-05,3.43694054682408e-05,3.41936022842354e-05,3.39982998155352e-05,3.37844805268451e-05,3.35530698222394e-05,3.33049389257907e-05,3.30409067302972e-05,3.27617404107048e-05,3.24681544322463e-05,3.2160807306783e-05,3.18402949674802e-05,3.1507138746259e-05,3.11617642296179e-05,3.08044637810317e-05,3.04353279160055e-05,3.00541127810662e-05,2.96599643280777e-05,2.92507821928242e-05,2.88215264977023e-05,2.83586418599875e-05,2.7813804709338e-05,2.68229525456771e-05,2.88424173739169e-05,2.7323798261989e-05,2.67171919520841e-05,2.62095203457192e-05,2.57303060583279e-05,2.5261743051796e-05,2.47974208164558e-05,2.43345986402892e-05,2.38720106275999e-05,2.34090747785892e-05,2.29455594061338e-05,2.24814256022386e-05,2.2016746211613e-05,2.15516612806154e-05,2.10863522186905e-05,2.06210261486792e-05,2.01559060854491e-05,1.96912245897858e-05,1.92272195690437e-05,1.87641314447345e-05,1.83022012137002e-05,1.78416691068758e-05,1.73827736557091e-05,1.69257510415108e-05,1.64708346440825e-05,1.60182547325826e-05,1.55682382589038e-05,1.51210087257401e-05,1.46767861093271e-05,1.42357868224412e-05,1.37982237072153e-05,1.33643060498847e-05,1.29342396117872e-05,1.25082266722556e-05,1.20864660801198e-05,1.16691533114129e-05,1.12564805312724e-05,1.08486366587715e-05,1.04458074334131e-05,1.00481754825535e-05,9.65592038904314e-06,9.26921875867193e-06,8.88824428691765e-06,8.51316782486658e-06,8.14415744397692e-06,7.78137849957884e-06,7.42499369301487e-06,7.07516313231248e-06,6.73204439135205e-06,6.39579256753221e-06,6.0665603378637e-06,5.74449801354827e-06,5.42975359302789e-06,5.12247281353252e-06,4.82279920115437e-06,4.53087411946122e-06,4.24683681671587e-06,3.97082447171034e-06,3.70297223826152e-06,3.44341328839389e-06,3.19227885429014e-06,2.94969826898957e-06,2.71579900591167e-06,2.49070671724026e-06,2.27454527119384e-06,2.06743678821482e-06,1.86950167613812e-06,1.68085866435657e-06,1.50162483700472e-06,1.33191566522622e-06,1.17184503852889e-06,1.02152529527225e-06,8.81067252312796e-07,7.50580233836141e-07,6.30172099407512e-07,5.19949271259321e-07,4.20016760847013e-07,3.30478194704795e-07,2.51435839605617e-07,1.82990627074566e-07,1.25242177250175e-07,7.82888221390412e-08,4.2227628268023e-08,1.71544187627854e-08,3.16379486545231e-09,3.49156916192301e-10,8.80272480892623e-09,2.86155579442586e-08,5.98775746929695e-08,1.02677571383922e-07,1.57103240839151e-07,2.23241190456293e-07,3.01176959870403e-07,3.90995038191814e-07,4.92778880844249e-07,6.06610926009638e-07,7.32572610697931e-07,8.70744386441023e-07,1.02120573463689e-06,1.18403518154566e-06,1.35931031294909e-06,1.54710778848308e-06,1.7475033556642e-06,1.96057186358697e-06,2.18638727634811e-06,2.42502268616357e-06,2.67655032621806e-06,2.94104158322567e-06,3.21856700973719e-06,3.50919633618596e-06,3.81299848268917e-06,4.13004157058155e-06,4.46039293374677e-06,4.8041191296919e-06,5.16128595040898e-06,5.53195843300058e-06,5.91620087014071e-06,6.31407682025844e-06,6.72564911758331e-06,7.15097988195088e-06,7.59013052845624e-06,8.04316177686899e-06,8.51013366093922e-06,8.99110553744063e-06,9.48613609512392e-06,9.99528336344662e-06,1.05186047211684e-05,1.10561569047627e-05,1.16079960167015e-05,1.21741775335673e-05,1.2754756314033e-05,1.33497866066624e-05,1.39593220576395e-05,1.4583415718264e-05,1.52221200524187e-05,1.58754869438125e-05,1.65435677031547e-05,1.72264130751818e-05,1.79240732455766e-05,1.86365978477301e-05,1.93640359694535e-05,2.01064361594954e-05,2.08638464340321e-05,2.16363142829797e-05,2.24238866762371e-05,2.32266100698218e-05,2.40445304118949e-05,2.48776931486718e-05,2.57261432302982e-05,2.65899251165489e-05,2.74690827824854e-05,2.83636597240271e-05,2.92736989633939e-05,3.01992430544895e-05,3.11403340882028e-05,3.20970136976256e-05,3.30693230631505e-05,3.40573029175528e-05,3.50609935509661e-05,3.60804348157379e-05
0,0,0,0,0,0,0,0,0,0,0,0,0,0,0,0,0,0,0,0,0,0,0,0,0,0,0,0,0,0,0,0,0,0,0,0,0,0,0,0,0,0,0,0,0,0,0,0,0,0,0,0,0,0,0,0,0,0,0,0,0,0,0,0,0,0,0,0,0,0,0,0,0,0,0,0,0,0,0,0,0,0,0,0,0,0,0,0,0,0,0,0,0,0,0,0,0,0,0,0,0,0,0,4.53028944264797e-06,1.16549792425577e-05,1.56290969937986e-05,1.86025887212507e-05,2.10104276024193e-05,2.30357336429648e-05,2.4777062005201e-05,2.62950883903991e-05,2.76305383344432e-05,2.8812454822998e-05,2.98625034047761e-05,3.07974190247054e-05,3.16304921602535e-05,3.23725198684449e-05,3.30324406762094e-05,3.36177734809643e-05,3.41349300106904e-05,3.4589442917325e-05,3.49861359293144e-05,3.53292532044253e-05,3.56225593174719e-05,3.58694177010804e-05,3.60728530022553e-05,3.6235601246976e-05,3.63601506346632e-05,3.64487750409885e-05,3.65035617821018e-05,3.65264348162406e-05,3.65191742841063e-05,3.64834330867721e-05,3.64207510491192e-05,3.63325671028794e-05,3.62202298373477e-05,3.60850067000133e-05,3.59280920793893e-05,3.57506144647079e-05,3.55536428495027e-05,3.53381925273667e-05,3.51052304178067e-05,3.48556800587723e-05,3.45904264119704e-05,3.43103206517688e-05,3.40161851551554e-05,3.37088189927656e-05,3.33890043630207e-05,3.30575146588161e-05,3.27151252960112e-05,3.23626292426807e-05,3.20008607415733e-05,3.16307338568007e-05,3.1253309218973e-05,3.08699179578391e-05,3.04824114800626e-05,3.00937191346608e-05,2.97092747127437e-05,2.93414509800791e-05,2.90284253756099e-05,2.89872557144768e-05,2.39107960006441e-05,2.68431873114871e-05,2.66389087677185e-05,2.62748814273956e-05,2.58638950114993e-05,2.54315377337235e-05,2.49870056392042e-05,2.45345482401795e-05,2.40764952065044e-05,2.36143000550527e-05,2.31489674995696e-05,2.26812511534291e-05,2.22117538077588e-05,2.17409821100962e-05,2.1269378182895e-05,2.0797338825129e-05,2.03252276708115e-05,1.98533831728688e-05,1.9382124017398e-05,1.89117529033026e-05,1.8442559251536e-05,1.79748211951293e-05,1.75088070744213e-05,1.70447765848224e-05,1.65829816755151e-05,1.61236672666353e-05,1.56670718316851e-05,1.52134278784992e-05,1.47629623525281e-05,1.43158969798822e-05,1.38724485630108e-05,1.34328292386193e-05,1.29972467051226e-05,1.25659044252569e-05,1.21390018081426e-05,1.17167343742485e-05,1.12992939058336e-05,1.08868685851601e-05,1.04796431220595e-05,1.00777988723435e-05,9.68151394816726e-06,9.29096332135123e-06,8.90631892036047e-06,8.52774972172816e-06,8.15542183639284e-06,7.78949859146796e-06,7.43014060788737e-06,7.07750587422415e-06,6.73174981703397e-06,6.39302536802197e-06,6.06148302819778e-06,5.73727092930465e-06,5.42053489267589e-06,5.11141848571499e-06,4.81006307611049e-06,4.51660788397242e-06,4.23119003197971e-06,3.95394459368585e-06,3.68500464004438e-06,3.4245012842892e-06,3.17256372524262e-06,2.92931928913511e-06,2.69489346999614e-06,2.46940996871433e-06,2.25299073081236e-06,2.04575598300085e-06,1.84782426856573e-06,1.65931248164974e-06,1.4803359004734e-06,1.31100821953251e-06,1.15144158083683e-06,1.00174660420408e-06,8.62032416672544e-07,7.32406681054719e-07,6.12975623674254e-07,5.038440613061e-07,4.05115427367632e-07,3.1689179738093e-07,2.3927391372908e-07,1.72361209749539e-07,1.16251833166831e-07,7.10426689107382e-08,3.68293613271902e-08,1.3706335810799e-08,1.76681987745349e-09,1.10286369783225e-09,1.18053601088351e-08,3.39640641228159e-08,6.76676119509847e-08,1.13003539556114e-07,1.70058300754966e-07,2.38917284875989e-07,3.19664833999568e-07,4.12384259783307e-07,5.17157859889865e-07,6.34066934034633e-07,7.63191799656619e-07,9.04611807227992e-07,1.05840535521918e-06,1.22464990472217e-06,1.40342199374094e-06,1.59479725117244e-06,1.79885041047792e-06,2.01565532303774e-06,2.24528497124393e-06,2.48781148128152e-06,2.74330613566415e-06,3.01183938547142e-06,3.29348086236322e-06,3.58829939030927e-06,3.89636299710433e-06,4.2177389256187e-06,4.55249364483956e-06,4.90069286068025e-06,5.26240152657252e-06,5.63768385382809e-06,6.02660332184046e-06,6.42922268803111e-06,6.84560399764192e-06,7.27580859330126e-06,7.7198971244542e-06,8.17792955654215e-06,8.64996518008877e-06,9.13606261953557e-06,9.63627984197188e-06,1.01506741656586e-05,1.06793022684325e-05,1.12222201959122e-05,1.17794833695933e-05,1.23511465947762e-05,1.29372640683472e-05,1.35378893864249e-05,1.41530755518878e-05,1.47828749817221e-05,1.54273395143015e-05,1.60865204164857e-05,1.67604683906181e-05,1.74492335814052e-05,1.81528655826866e-05,1.88714134440421e-05,1.96049256773571e-05,2.03534502632088e-05,2.11170346571893e-05,2.18957257961232e-05,2.26895701041481e-05,2.34986134987213e-05,2.43229013965223e-05,2.51624787192654e-05,2.60173898994e-05,2.68876788857398e-05,2.77733891489706e-05,2.86745636871335e-05,2.95912450309414e-05,3.05234752490529e-05,3.1471295953277e-05,3.24347483036743e-05,3.34138730135682e-05,3.4408710354506e-05,3.54193001611539e-05,3.64456818360529e-05
0,0,0,0,0,0,0,0,0,0,0,0,0,0,0,0,0,0,0,0,0,0,0,0,0,0,0,0,0,0,0,0,0,0,0,0,0,0,0,0,0,0,0,0,0,0,0,0,0,0,0,0,0,0,0,0,0,0,0,0,0,0,0,0,0,0,0,0,0,0,0,0,0,0,0,0,0,0,0,0,0,0,0,0,0,0,0,0,0,0,0,0,0,0,0,0,0,0,0,0,0,9.42630369440883e-06,1.44447488062168e-05,1.79252116572603e-05,2.0666192555639e-05,2.29396789786675e-05,2.4878963868419e-05,2.65617290909363e-05,2.80382466684259e-05,2.93434410431001e-05,3.05028549626014e-05,3.15359145639917e-05,3.24578557832238e-05,3.32809290617272e-05,3.40151886029014e-05,3.46690295256236e-05,3.52495652518946e-05,3.57628998942289e-05,3.6214329465069e-05,3.66084935306915e-05,3.69494915519879e-05,3.72409735418703e-05,3.74862117017842e-05,3.76881577424516e-05,3.78494892732769e-05,3.79726477353623e-05,3.80598697157005e-05,3.81132130257588e-05,3.81345785990818e-05,3.81257290217375e-05,3.808830433108e-05,3.80238355844426e-05,3.79337565985676e-05,3.78194141841288e-05,3.76820771415326e-05,3.75229442406485e-05,3.73431513748068e-05,3.71437780572238e-05,3.69258534143727e-05,3.6690361826309e-05,3.64382483692368e-05,3.6170424233062e-05,3.58877723208876e-05,3.5591153295142e-05,3.52814124299676e-05,3.49593877819638e-05,3.46259204400647e-05,3.42818680264996e-05,3.39281233194077e-05,3.35656410892516e-05,3.31954784606389e-05,3.28188583156333e-05,3.2437273636232e-05,3.20526684169556e-05,3.16677710969842e-05,3.12867565865097e-05,3.09166909131833e-05,3.0571105467623e-05,3.02805605654881e-05,3.01338601106475e-05,3.05508281376613e-05,5.57599774364514e-05,2.57601892902783e-05,2.63594535884722e-05,2.62276673787484e-05,2.59201333710733e-05,2.55422132387299e-05,2.5128467764018e-05,2.46937092628732e-05,2.42454431668444e-05,2.37879534202175e-05,2.33239203263408e-05,2.28551506920647e-05,2.23829409897054e-05,2.19082721571021e-05,2.14319206142579e-05,2.09545247649916e-05,2.04766265355075e-05,1.9998698265043e-05,1.95211606623539e-05,1.90443951277166e-05,1.85687524161471e-05,1.80945588626205e-05,1.76221209450011e-05,1.71517286899712e-05,1.66836582584065e-05,1.62181739389516e-05,1.57555297079283e-05,1.5295970466983e-05,1.48397330379749e-05,1.43870469726837e-05,1.39381352197015e-05,1.34932146798535e-05,1.30524966737608e-05,1.26161873394741e-05,1.2184487973896e-05,1.17575953286683e-05,1.13357018686944e-05,1.09189960000274e-05,1.05076622721333e-05,1.01018815587718e-05,9.70183122078633e-06,9.30768525359378e-06,8.91961442145357e-06,8.53778638047053e-06,8.16236579176384e-06,7.79351442604164e-06,7.43139126070701e-06,7.07615257028339e-06,6.72795201097103e-06,6.38694069995948e-06,6.0532672900242e-06,5.72707803987005e-06,5.4085168806643e-06,5.09772547908174e-06,4.79484329715536e-06,4.50000764923645e-06,4.21335375627969e-06,3.93501479766775e-06,3.66512196075276e-06,3.40380448828885e-06,3.15118972390959e-06,2.90740315577009e-06,2.67256845847024e-06,2.44680753339569e-06,2.23024054753447e-06,2.02298597089397e-06,1.82516061257358e-06,1.63687965559386e-06,1.45825669052024e-06,1.2894037479706e-06,1.13043133005051e-06,9.81448440775813e-07,8.42562615527215e-07,7.13879949589286e-07,5.95505125816658e-07,4.87541441458622e-07,3.90090834188909e-07,3.03253907375508e-07,2.27129954616833e-07,1.61816983583978e-07,1.07411739186873e-07,6.40097261044685e-08,3.17052306940854e-08,1.05913423108727e-08,7.59974057099433e-10,2.30188298470873e-09,1.5306689770351e-08,3.9862897883576e-08,7.60579122671958e-08,1.23978057543768e-07,1.83708595773628e-07,2.55333743766896e-07,3.38936689978953e-07,4.34599610994534e-07,5.42403687616151e-07,6.62429120573513e-07,7.94755145863429e-07,9.39460049730507e-07,1.09662118330492e-06,1.26631497690512e-06,1.44861695401729e-06,1.64360174496004e-06,1.85134310024993e-06,2.07191390366284e-06,2.30538618501963e-06,2.55183113268805e-06,2.81131910582361e-06,3.08391964633913e-06,3.36970149063122e-06,3.66873258105221e-06,3.98108007715846e-06,4.30681036669677e-06,4.64598907640477e-06,4.99868108256025e-06,5.36495052133713e-06,5.7448607989315e-06,6.13847460152783e-06,6.54585390501403e-06,6.96705998455747e-06,7.40215342395088e-06,7.85119412483028e-06,8.31424131564722e-06,8.79135356054012e-06,9.2825887679885e-06,9.78800419933168e-06,1.03076564771102e-05,1.08416015932861e-05,1.1389894917251e-05,1.19525912037632e-05,1.25297446006798e-05,1.31214086565885e-05,1.37276363282689e-05,1.43484799880681e-05,1.49839914310793e-05,1.56342218822754e-05,1.62992220034427e-05,1.6979041900044e-05,1.76737311279404e-05,1.83833387000145e-05,1.91079130926552e-05,1.98475022521605e-05,2.06021536010192e-05,2.13719140440825e-05,2.21568299746516e-05,2.29569472804519e-05,2.37723113494895e-05,2.46029670758677e-05,2.54489588654438e-05,2.63103306414453e-05,2.7187125849967e-05,2.80793874653861e-05,2.89871579957221e-05,2.99104794878448e-05,3.08493935326634e-05,3.18039412702129e-05,3.27741633946708e-05,3.37601001592506e-05,3.47617913810898e-05,3.57792764460365e-05,3.68125943133229e-05
0,0,0,0,0,0,0,0,0,0,0,0,0,0,0,0,0,0,0,0,0,0,0,0,0,0,0,0,0,0,0,0,0,0,0,0,0,0,0,0,0,0,0,0,0,0,0,0,0,0,0,0,0,0,0,0,0,0,0,0,0,0,0,0,0,0,0,0,0,0,0,0,0,0,0,0,0,0,0,0,0,0,0,0,0,0,0,0,0,0,0,0,0,0,0,0,0,0,5.69771650775398e-06,1.2825713559734e-05,1.69965989993954e-05,2.01465165517306e-05,2.2710084092646e-05,2.48743167930328e-05,2.67409318380056e-05,2.83729420896162e-05,2.98128133398318e-05,3.10909142625834e-05,3.22299445593954e-05,3.32474635260373e-05,3.41574313479126e-05,3.49711982410512e-05,3.5698166283432e-05,3.63462478006837e-05,3.69221922108386e-05,3.74318249366019e-05,3.78802258326353e-05,3.82718649647983e-05,3.86107076588121e-05,3.8900296978072e-05,3.9143819338968e-05,3.93441573358311e-05,3.95039327303753e-05,3.96255417845732e-05,3.97111845664804e-05,3.97628894641268e-05,3.97825338549808e-05,3.97718616668047e-05,3.97324984071865e-05,3.96659641201838e-05,3.95736846381982e-05,3.94570014282497e-05,3.93171802794334e-05,3.91554190386702e-05,3.89728545723983e-05,3.87705691110392e-05,3.85495961199912e-05,3.83109258353005e-05,3.80555106046206e-05,3.77842701858083e-05,3.749809717948e-05,3.71978628122678e-05,3.68844233519751e-05,3.65586275363255e-05,3.62213255535364e-05,3.58733803594241e-05,3.5515682509999e-05,3.51491703337212e-05,3.47748583522003e-05,3.43938787385129e-05,3.40075439843298e-05,3.36174452878019e-05,3.32256136594937e-05,3.28347967834896e-05,3.24489628565747e-05,3.20742840568348e-05,3.17212342906931e-05,3.14096190345705e-05,3.11827735247354e-05,3.11589364546601e-05,3.18212121731509e-05,4.02243966991864e-05,2.35324540225714e-05,2.58079081374794e-05,2.60448024059162e-05,2.58884887867614e-05,2.55880617077385e-05,2.52183893836701e-05,2.48099047515639e-05,2.43774132492432e-05,2.39290588195528e-05,2.34697503353414e-05,2.30026687390408e-05,2.25300021176152e-05,2.20533338950418e-05,2.15738612382454e-05,2.10925244641581e-05,2.06100870978035e-05,2.01271872497467e-05,1.96443716454307e-05,1.91621187936089e-05,1.86808551483849e-05,1.82009666305986e-05,1.77228070026583e-05,1.72467040648444e-05,1.67729643144742e-05,1.63018765019258e-05,1.58337143824148e-05,1.53687388731345e-05,1.4907199764816e-05,1.44493370953203e-05,1.39953822640386e-05,1.35455589452819e-05,1.31000838442998e-05,1.26591673289275e-05,1.22230139620373e-05,1.17918229542457e-05,1.13657885519208e-05,1.09451003724306e-05,1.0529943695901e-05,1.01204997209845e-05,9.71694579055073e-06,9.3194555922284e-06,8.92819933753795e-06,8.54334392298731e-06,8.16505307563174e-06,7.79348748530722e-06,7.4288049253684e-06,7.07116036338187e-06,6.72070606308171e-06,6.37759167863839e-06,6.0419643421432e-06,5.71396874507517e-06,5.39374721441007e-06,5.08143978397154e-06,4.77718426143581e-06,4.48111629148941e-06,4.19336941547383e-06,3.91407512783444e-06,3.6433629296701e-06,3.38136037961365e-06,3.12819314228755e-06,2.88398503451136e-06,2.64885806942409e-06,2.42293249870475e-06,2.20632685300132e-06,1.99915798071332e-06,1.80154108521292e-06,1.61358976064788e-06,1.43541602636688e-06,1.26713036009058e-06,1.10884172988616e-06,9.60657625014507e-07,8.22684085719826e-07,6.95025732012963e-07,5.77785791512534e-07,4.71066126378163e-07,3.74967259392576e-07,2.89588399234347e-07,2.15027464974405e-07,1.51381109839305e-07,9.87447442688173e-08,5.72125583079149e-08,2.68775433523507e-08,7.83151328653252e-09,1.65125030266367e-10,3.96789852615649e-09,1.93282361852382e-08,4.63334418156391e-08,8.50697390541106e-08,1.35622289318201e-07,1.98075209301723e-07,2.72511588021627e-07,3.59013503444812e-07,4.57662038701705e-07,5.68537297900099e-07,6.91718421563362e-07,8.2728360169825e-07,9.75310096500152e-07,1.1358742447211e-06,1.30905147970714e-06,1.49491634310237e-06,1.69354249825706e-06,1.90500274332522e-06,2.12936902406797e-06,2.36671244638692e-06,2.61710328856645e-06,2.88061101327409e-06,3.15730427927464e-06,3.44725095292439e-06,3.75051811940097e-06,4.06717209371385e-06,4.3972784314692e-06,4.74090193943608e-06,5.09810668587852e-06,5.46895601069096e-06,5.85351253531438e-06,6.25183817248313e-06,6.66399413574745e-06,7.09004094883523e-06,7.53003845480623e-06,7.98404582507145e-06,8.45212156817897e-06,8.93432353849498e-06,9.43070894467691e-06,9.94133435801517e-06,1.04662557205927e-05,1.10055283533363e-05,1.15592069638576e-05,1.21273456542227e-05,1.2709997928523e-05,1.33072167003471e-05,1.3919054300093e-05,1.45455624821821e-05,1.5186792432096e-05,1.58427947733618e-05,1.65136195743442e-05,1.7199316354965e-05,1.78999340932978e-05,1.8615521232042e-05,1.93461256848863e-05,2.00917948427919e-05,2.08525755801148e-05,2.1628514260706e-05,2.24196567438179e-05,2.32260483900189e-05,2.40477340668921e-05,2.48847581547545e-05,2.5737164552203e-05,2.66049966816174e-05,2.74882974945556e-05,2.8387109477063e-05,2.93014746549233e-05,3.02314345987797e-05,3.1177030429211e-05,3.21383028217367e-05,3.31152920117175e-05,3.41080377991866e-05,3.51165795536265e-05,3.61409562186601e-05,3.71812063166644e-05
0,0,0,0,0,0,0,0,0,0,0,0,0,0,0,0,0,0,0,0,0,0,0,0,0,0,0,0,0,0,0,0,0,0,0,0,0,0,0,0,0,0,0,0,0,0,0,0,0,0,0,0,0,0,0,0,0,0,0,0,0,0,0,0,0,0,0,0,0,0,0,0,0,0,0,0,0,0,0,0,0,0,0,0,0,0,0,0,0,0,0,0,0,0,0,0,1.05306367525397e-05,1.57447519034697e-05,1.9416043669441e-05,2.2325313868812e-05,2.47481413383627e-05,2.68214843480546e-05,2.8625776342647e-05,3.02133211846145e-05,3.16205728851556e-05,3.28742538047693e-05,3.39947207891245e-05,3.49979590951034e-05,3.58968331794089e-05,3.67019081715371e-05,3.7422010079164e-05,3.80646200274204e-05,3.86361592069586e-05,3.91421996111131e-05,3.9587623031843e-05,3.99767431396805e-05,4.03134006854291e-05,4.06010387775115e-05,4.08427631510588e-05,4.10413909683571e-05,4.11994907412887e-05,4.13194153005322e-05,4.1403329261214e-05,4.14532320906461e-05,4.14709776316384e-05,4.14582907472716e-05,4.14167816125429e-05,4.13479580717704e-05,4.12532363993033e-05,4.11339507388317e-05,4.09913614488115e-05,4.08266625448915e-05,4.06409884027079e-05,4.04354198644381e-05,4.02109898787867e-05,3.99686887969574e-05,3.97094694455797e-05,3.94342521033967e-05,3.91439295222923e-05,3.8839372157712e-05,3.85214338128193e-05,3.81909579607607e-05,3.78487851005389e-05,3.74957616400507e-05,3.7132751011557e-05,3.67606480538196e-05,3.63803982171775e-05,3.59930239950012e-05,3.55996623984349e-05,3.52016197220047e-05,3.48004541809454e-05,3.4398105043823e-05,3.39971025377117e-05,3.36009250055082e-05,3.32146405717796e-05,3.28461391426521e-05,3.25087042789625e-05,3.22270028336039e-05,3.20533002385578e-05,3.21223655723174e-05,3.29237628785081e-05,3.87291906550514e-05,1.86857275389931e-05,2.48719699545943e-05,2.56949839212348e-05,2.57556431996763e-05,2.55621267843988e-05,2.52526856174336e-05,2.48805551832488e-05,2.44706984942605e-05,2.40364524458277e-05,2.3585650068762e-05,2.31232411132797e-05,2.26525442513839e-05,2.21758978126477e-05,2.16950211609183e-05,2.1211226500185e-05,2.0725548700515e-05,2.02388279427197e-05,1.9751764063061e-05,1.9264953309622e-05,1.8778913825341e-05,1.82941037070731e-05,1.7810934057111e-05,1.73297785841734e-05,1.68509807805866e-05,1.63748593671847e-05,1.59017124803608e-05,1.54318209326187e-05,1.4965450781508e-05,1.45028553759654e-05,1.40442770033271e-05,1.35899482278703e-05,1.31400929888312e-05,1.26949275090417e-05,1.22546610532263e-05,1.1819496565952e-05,1.13896312124207e-05,1.09652568403939e-05,1.05465603774821e-05,1.0133724175223e-05,9.72692630900159e-06,9.32634084118409e-06,8.93213805325696e-06,8.54448465196083e-06,8.16354395319718e-06,7.78947604705994e-06,7.42243794666395e-06,7.06258372295676e-06,6.71006462744643e-06,6.36502920438393e-06,6.0276233937251e-06,5.69799062599664e-06,5.37627191002147e-06,5.0626059143412e-06,4.75712904299094e-06,4.45997550626292e-06,4.17127738698357e-06,3.89116470273354e-06,3.61976546442001e-06,3.35720573153674e-06,3.10360966443283e-06,2.85909957383298e-06,2.62379596784735e-06,2.39781759670027e-06,2.18128149533101e-06,1.97430302405948e-06,1.77699590743982e-06,1.58947227145753e-06,1.41184267916085e-06,1.2442161648619e-06,1.08670026698214e-06,9.39401059639696e-07,8.02423183055367e-07,6.7586987285152e-07,5.59842988306706e-07,4.5444303962951e-07,3.59769214302217e-07,2.75919402553574e-07,2.02990221995287e-07,1.41077041481706e-07,9.02740042130875e-08,5.06740501392115e-08,2.2368937680414e-08,5.44926481131422e-09,4.48952943685489e-12,6.12294973859617e-09,2.38918825732743e-08,5.33974431878425e-08,9.4724723034628e-08,1.47957767647349e-07,2.13179593961312e-07,2.90472207172227e-07,3.79916617168838e-07,4.8159285454402e-07,5.95579986206191e-07,7.21956130602253e-07,8.60798472574315e-07,1.01218327784872e-06,1.17618590718675e-06,1.35288083019762e-06,1.54234163883425e-06,1.74464106056581e-06,1.95985097127126e-06,2.1880424078157e-06,2.42928558036922e-06,2.68364988443144e-06,2.95120391262208e-06,3.23201546617599e-06,3.52615156623781e-06,3.83367846487081e-06,4.15466165587523e-06,4.48916588534307e-06,4.83725516202781e-06,5.19899276747625e-06,5.57444126597356e-06,5.96366251426408e-06,6.3667176711179e-06,6.78366720665538e-06,7.21457091153898e-06,7.6594879059434e-06,8.11847664839759e-06,8.59159494440058e-06,9.07889995492805e-06,9.58044820474715e-06,1.00962955905813e-05,1.06264973891254e-05,1.11711082649195e-05,1.17301822780558e-05,1.23037728917748e-05,1.28919329799094e-05,1.34947148341942e-05,1.41121701714311e-05,1.47443501405827e-05,1.53913053296484e-05,1.60530857725313e-05,1.67297409556887e-05,1.74213198247187e-05,1.81278707908336e-05,1.88494417372087e-05,1.95860800252206e-05,2.0337832500608e-05,2.11047454994828e-05,2.18868648542977e-05,2.26842358996742e-05,2.34969034781596e-05,2.43249119458557e-05,2.51683051780081e-05,2.60271265744631e-05,2.69014190650569e-05,2.77912251149048e-05,2.86965867296347e-05,2.96175454605179e-05,3.05541424095078e-05,3.15064182342187e-05,3.2474413152841e-05,3.3458166948954e-05,3.44577189762633e-05,3.54731081632888e-05,3.65043730180054e-05,3.75515516323073e-05
0,0,0,0,0,0,0,0,0,0,0,0,0,0,0,0,0,0,0,0,0,0,0,0,0,0,0,0,0,0,0,0,0,0,0,0,0,0,0,0,0,0,0,0,0,0,0,0,0,0,0,0,0,0,0,0,0,0,0,0,0,0,0,0,0,0,0,0,0,0,0,0,0,0,0,0,0,0,0,0,0,0,0,0,0,0,0,0,0,0,0,0,0,6.84527290454791e-06,1.40506355077548e-05,1.84257680763787e-05,2.17578872143777e-05,2.4482367701185e-05,2.6790307579599e-05,2.87866638781443e-05,3.05368354329703e-05,3.20850639660017e-05,3.34630715133658e-05,3.4694614024741e-05,3.57980930912725e-05,3.6788153346247e-05,3.76767103657705e-05,3.84736399256494e-05,3.91872562320642e-05,3.98246534220289e-05,4.03919554994532e-05,4.08945031927547e-05,4.13369962773617e-05,4.17236037716113e-05,4.20580505124695e-05,4.23436860695108e-05,4.25835402509409e-05,4.27803682917925e-05,4.29366880040216e-05,4.30548105946508e-05,4.31368664453387e-05,4.31848268460902e-05,4.32005224532815e-05,4.31856590761378e-05,4.31418312704842e-05,4.30705341228476e-05,4.29731735347916e-05,4.28510752607738e-05,4.27054929090384e-05,4.25376150812031e-05,4.23485718005015e-05,4.21394403591509e-05,4.19112507016255e-05,4.16649904517602e-05,4.14016096876684e-05,4.11220255695553e-05,4.08271269321795e-05,4.05177789675309e-05,4.0194828145975e-05,3.98591075589898e-05,3.95114429189951e-05,3.91526595289917e-05,3.87835906494819e-05,3.84050878617038e-05,3.80180342867333e-05,3.76233619218341e-05,3.72220749884766e-05,3.68152822074799e-05,3.64042426078502e-05,3.59904323627178e-05,3.55756452485778e-05,3.51621487044443e-05,3.47529355219208e-05,3.43521478529706e-05,3.39658295263033e-05,3.36033479292366e-05,3.32803026601407e-05,3.30251184611236e-05,3.2896224421704e-05,3.30368907169426e-05,3.39193416219577e-05,3.85651497513127e-05,6.14378308831607e-06,2.33640478061684e-05,2.51349528337739e-05,2.55046462525133e-05,2.54559301543547e-05,2.5226496777161e-05,2.49026309055736e-05,2.4523304079361e-05,2.41087724740646e-05,2.36706678872464e-05,2.32161938197042e-05,2.27500877520502e-05,2.22756239453912e-05,2.17951628895123e-05,2.13104697865783e-05,2.08229079481569e-05,2.03335609222516e-05,1.98433122367656e-05,1.9352898996844e-05,1.8862948832294e-05,1.83740059434269e-05,1.788654983151e-05,1.74010090119303e-05,1.69177712179554e-05,1.64371911062292e-05,1.59595961548536e-05,1.54852912347771e-05,1.50145621940907e-05,1.45476786988362e-05,1.40848965074248e-05,1.36264593089011e-05,1.3172600222119e-05,1.27235430287739e-05,1.22795031957838e-05,1.18406887295762e-05,1.14073008951283e-05,1.09795348255751e-05,1.05575800424404e-05,1.01416209025738e-05,9.73183698448156e-06,9.32840342435465e-06,8.93149120995913e-06,8.54126743921011e-06,8.15789554883816e-06,7.78153551765841e-06,7.41234404823199e-06,7.05047472989607e-06,6.69607818581968e-06,6.34930220622622e-06,6.01029186955606e-06,5.67918965312995e-06,5.35613553460989e-06,5.04126708537351e-06,4.73471955671133e-06,4.43662595968499e-06,4.14711713935395e-06,3.86632184395308e-06,3.59436678954737e-06,3.33137672062275e-06,3.07747446703136e-06,2.83278099760115e-06,2.59741547074071e-06,2.37149528230756e-06,2.15513611097051e-06,1.94845196128256e-06,1.75155520464712e-06,1.56455661835754e-06,1.38756542283914e-06,1.22068931724436e-06,1.0640345135198e-06,9.17705769041027e-07,7.81806417930152e-07,6.56438401130898e-07,5.41702295332912e-07,4.37697340807895e-07,3.44521468231278e-07,2.62271324549103e-07,1.91042297943471e-07,1.3092854195218e-07,8.20229987820761e-08,4.44174218688612e-08,1.82023977145723e-08,3.46736704650159e-09,3.00645326568893e-10,8.78944264673153e-09,2.90198830371654e-08,6.10770232163037e-08,1.05044870808056e-07,1.61006402047662e-07,2.29043579006543e-07,3.09237366342393e-07,4.01667747611043e-07,5.064137411457e-07,6.23553415528964e-07,7.53163904664595e-07,8.9532142248274e-07,1.05010127726452e-06,1.21757788562945e-06,1.39782478617856e-06,1.59091465281478e-06,1.79691930774701e-06,2.01590973420156e-06,2.2479560888197e-06,2.4931277138006e-06,2.75149314874598e-06,3.02312014226984e-06,3.30807566331705e-06,3.60642591227279e-06,3.91823633180366e-06,4.24357161748775e-06,4.58249572820704e-06,4.93507189633067e-06,5.30136263768418e-06,5.68142976131992e-06,6.07533437906677e-06,6.48313691493259e-06,6.90489711426895e-06,7.34067405279227e-06,7.79052614539371e-06,8.25451115483637e-06,8.73268620019422e-06,9.22510776523055e-06,9.73183170653268e-06,1.02529132615532e-05,1.07884070564634e-05,1.13383671138945e-05,1.19028468604892e-05,1.24818991343788e-05,1.30755761924647e-05,1.36839297176107e-05,1.43070108256755e-05,1.49448700724688e-05,1.5597557460511e-05,1.62651224457564e-05,1.69476139441401e-05,1.76450803380341e-05,1.83575694826006e-05,1.90851287120322e-05,1.98278048456652e-05,2.05856441940293e-05,2.13586925647739e-05,2.21469952684788e-05,2.29505971244213e-05,2.3769542466208e-05,2.46038751472982e-05,2.54536385465111e-05,2.63188755733555e-05,2.71996286733504e-05,2.80959398332143e-05,2.90078505859801e-05,2.99354020160689e-05,3.08786347642189e-05,3.18375890323789e-05,3.28123045885426e-05,3.38028207714719e-05,3.4809176495357e-05,3.58314102544146e-05,3.68695601274483e-05,3.7923663782251e-05
0,0,0,0,0,0,0,0,0,0,0,0,0,0,0,0,0,0,0,0,0,0,0,0,0,0,0,0,0,0,0,0,0,0,0,0,0,0,0,0,0,0,0,0,0,0,0,0,0,0,0,0,0,0,0,0,0,0,0,0,0,0,0,0,0,0,0,0,0,0,0,0,0,0,0,0,0,0,0,0,0,0,0,0,0,0,0,0,0,0,0,1.16816731520454e-05,1.71031217428186e-05,2.09716393446857e-05,2.40547198871952e-05,2.66319254872206e-05,2.88439965824097e-05,3.0774181301053e-05,3.24768586692768e-05,3.39900449024752e-05,3.53416676245815e-05,3.65530350427806e-05,3.76408986334624e-05,3.86187508584587e-05,3.94976794567767e-05,4.02869511441903e-05,4.09944230354636e-05,4.16268404050992e-05,4.21900571457152e-05,4.26892022559051e-05,4.31288077753008e-05,4.35129086204134e-05,4.38451215716042e-05,4.4128708542187e-05,4.43666278272672e-05,4.4561576040822e-05,4.4716022754334e-05,4.48322393542358e-05,4.49123232756296e-05,4.49582185056479e-05,4.49717330532229e-05,4.49545539346436e-05,4.49082601117513e-05,4.48343337339114e-05,4.47341699686405e-05,4.46090856540132e-05,4.44603269661559e-05,4.42890762637431e-05,4.40964582471761e-05,4.3883545551698e-05,4.36513638798309e-05,4.34008967691542e-05,4.31330900855152e-05,4.28488563300937e-05,4.25490788508281e-05,4.22346160557581e-05,4.190630573819e-05,4.15649696438994e-05,4.12114184403934e-05,4.08464572920765e-05,4.04708923089007e-05,4.00855382286891e-05,3.96912278289622e-05,3.92888237656882e-05,3.88792338399893e-05,3.84634311594914e-05,3.80424813905348e-05,3.7617580466405e-05,3.71901080409718e-05,3.67617052377602e-05,3.63343909615249e-05,3.59107414521793e-05,3.54941775878794e-05,3.50894441941231e-05,3.47034503276473e-05,3.43468338009519e-05,3.40371010241597e-05,3.38055664951775e-05,3.37148112863613e-05,3.39115415276529e-05,3.48412086417085e-05,3.87986052829585e-05,0.00138395048017015,2.0949347681423e-05,2.43035635837043e-05,2.51137321777563e-05,2.52591151893619e-05,2.51340533305851e-05,2.48725935280097e-05,2.45329198932877e-05,2.41444459126654e-05,2.37237019103719e-05,2.32807407136869e-05,2.28220659732307e-05,2.23521026874958e-05,2.1873991758869e-05,2.1390045321189e-05,2.09020206042499e-05,2.04112914714206e-05,1.99189596376749e-05,1.94259289581467e-05,1.89329563551587e-05,1.84406875381488e-05,1.79496825720173e-05,1.74604345153392e-05,1.69733832317393e-05,1.64889257783541e-05,1.60074243268053e-05,1.55292122788819e-05,1.50545990432735e-05,1.45838738067269e-05,1.41173085413035e-05,1.36551604249785e-05,1.3197673807344e-05,1.27450818191895e-05,1.22976077009403e-05,1.18554659072921e-05,1.14188630323084e-05,1.0987998589511e-05,1.05630656739979e-05,1.01442515279307e-05,9.73173802645634e-06,9.32570209772543e-06,8.9263160878725e-06,8.5337480800494e-06,8.14816217460327e-06,7.76971873646986e-06,7.39857461465744e-06,7.03488333787107e-06,6.67879528966929e-06,6.33045786600797e-06,5.99001561748707e-06,5.6576103783436e-06,5.33338138386708e-06,5.0174653776886e-06,4.70999671013686e-06,4.41110742875459e-06,4.12092736182739e-06,3.83958419576798e-06,3.56720354693906e-06,3.30390902858163e-06,3.04982231331292e-06,2.80506319163046e-06,2.5697496268377e-06,2.34399780671835e-06,2.12792219223935e-06,1.9216355635904e-06,1.72524906374639e-06,1.53887223980966e-06,1.36261308226622e-06,1.19657806236248e-06,1.04087216773365e-06,8.95598936414118e-07,7.60860489349635e-07,6.36757561529611e-07,5.23389531826054e-07,4.20854451626344e-07,3.29249072344e-07,2.48668871883542e-07,1.79208080113838e-07,1.20959703423962e-07,7.40155484036831e-08,3.84662447098296e-08,1.44012671584423e-08,1.90895708801395e-09,1.07654303227769e-09,1.19901607397994e-08,3.4734872573334e-08,6.93946863190392e-08,1.16052573438331e-07,1.74790486781478e-07,2.45689377802216e-07,3.28829213275361e-07,4.24288991561354e-07,5.32146758423529e-07,6.52479622425081e-07,7.85363769911299e-07,9.30874479619721e-07,1.08908613689976e-06,1.26007224758286e-06,1.44390545150966e-06,1.64065753572077e-06,1.85039944733282e-06,2.07320130611206e-06,2.30913241673796e-06,2.55826128079884e-06,2.82065560849876e-06,3.09638233011747e-06,3.38550760718569e-06,3.68809684344362e-06,4.0042146955364e-06,4.33392508349581e-06,4.67729120098227e-06,5.03437552531664e-06,5.40523982730893e-06,5.78994518087522e-06,6.1885519724446e-06,6.60111991021676e-06,7.02770803317544e-06,7.46837471997197e-06,7.92317769759941e-06,8.39217404993116e-06,8.87542022604444e-06,9.37297204844071e-06,9.88488472106053e-06,1.04112128371811e-05,1.09520103871401e-05,1.15073307659503e-05,1.20772267807203e-05,1.26617506579979e-05,1.32609540509447e-05,1.38748880463837e-05,1.45036031717299e-05,1.5147149401812e-05,1.58055761655271e-05,1.64789323524396e-05,1.71672663192184e-05,1.78706258959838e-05,1.85890583925436e-05,1.93226106045369e-05,2.00713288194277e-05,2.08352588224628e-05,2.16144459024764e-05,2.24089348576294e-05,2.32187700010505e-05,2.40439951663844e-05,2.48846537132191e-05,2.57407885324868e-05,2.66124420517252e-05,2.74996562402757e-05,2.84024726144099e-05,2.9320932242349e-05,3.02550757492465e-05,3.12049433220358e-05,3.2170574714249e-05,3.31520092507493e-05,3.41492858323946e-05,3.51624429406072e-05,3.61915186419027e-05,3.7236550592363e-05,3.82975760419863e-05
0,0,0,0,0,0,0,0,0,0,0,0,0,0,0,0,0,0,0,0,0,0,0,0,0,0,0,0,0,0,0,0,0,0,0,0,0,0,0,0,0,0,0,0,0,0,0,0,0,0,0,0,0,0,0,0,0,0,0,0,0,0,0,0,0,0,0,0,0,0,0,0,0,0,0,0,0,0,0,0,0,0,0,0,0,0,0,0,7.99781319322817e-06,1.53297339291264e-05,1.99167070453961e-05,2.34369792479143e-05,2.63277020481931e-05,2.87842537748344e-05,3.09149173906818e-05,3.27875316256404e-05,3.44481530722861e-05,3.5929887052881e-05,3.72575695349357e-05,3.84504636913716e-05,3.95239144940378e-05,4.0490416127607e-05,4.13603292146041e-05,4.21423792929402e-05,4.2844013275233e-05,4.34716606414035e-05,4.40309289072122e-05,4.45267526318531e-05,4.4963508872908e-05,4.53451079492528e-05,4.56750657244223e-05,4.59565618504467e-05,4.61924871998077e-05,4.6385482868465e-05,4.65379725342715e-05,4.6652189524179e-05,4.67301996288214e-05,4.67739204706487e-05,4.67851380574211e-05,4.67655210214534e-05,4.6716632944179e-05,4.66399430884744e-05,4.65368358007424e-05,4.64086187981429e-05,4.62565305193443e-05,4.60817466884374e-05,4.58853862188831e-05,4.56685165669145e-05,4.54321586302427e-05,4.51772912781455e-05,4.49048555923356e-05,4.46157588943635e-05,4.43108786346861e-05,4.39910662212624e-05,4.36571508719766e-05,4.33099435865376e-05,4.29502413503769e-05,4.25788317085478e-05,4.21964978835826e-05,4.18040246629399e-05,4.14022053554104e-05,4.09918502221709e-05,4.05737969426813e-05,4.01489239036627e-05,3.97181674411504e-05,3.9282544687065e-05,3.88431844840142e-05,3.84013701266787e-05,3.79585998052429e-05,3.75166741898979e-05,3.70778267940112e-05,3.6644923943427e-05,3.62217822662509e-05,3.58136933846083e-05,3.54283332255685e-05,3.50774311098728e-05,3.47800595545106e-05,3.45697356057241e-05,3.45117174456385e-05,3.4752932672495e-05,3.57091790345372e-05,3.91993344068426e-05,8.33296487073045e-05,1.69834951638124e-05,2.31120753347909e-05,2.4554644368303e-05,2.4958980359107e-05,2.49685069630979e-05,2.47863243723857e-05,2.44968872789278e-05,2.41416724321859e-05,2.37434921850715e-05,2.33159800081473e-05,2.28678241253515e-05,2.24048549693019e-05,2.19311568445217e-05,2.14496975034936e-05,2.09627031169209e-05,2.04718911941007e-05,1.99786205210906e-05,1.94839906876311e-05,1.89889099385754e-05,1.84941425284006e-05,1.80003424646894e-05,1.7508078003483e-05,1.70178497307e-05,1.6530104112596e-05,1.60452437915706e-05,1.55636355085057e-05,1.50856162700392e-05,1.46114982015348e-05,1.41415724042147e-05,1.3676112049557e-05,1.32153748835829e-05,1.2759605270351e-05,1.23090358724384e-05,1.18638890431324e-05,1.14243779878328e-05,1.0990707739506e-05,1.05630759831197e-05,1.0141673756733e-05,9.72668605120408e-06,9.31829232612141e-06,8.91666695595249e-06,8.52197961805132e-06,8.13439563165355e-06,7.75407625559405e-06,7.38117895098913e-06,7.01585761406012e-06,6.65826278340356e-06,6.30854182532954e-06,5.96683910023775e-06,5.633296112605e-06,5.30805164668251e-06,4.9912418897718e-06,4.68300054456158e-06,4.38345893190439e-06,4.09274608511232e-06,3.81098883679117e-06,3.53831189902248e-06,3.27483793761367e-06,3.02068764109207e-06,2.77597978494012e-06,2.54083129157838e-06,2.31535728651805e-06,2.09967115104111e-06,1.89388457174346e-06,1.6981075872154e-06,1.51244863213803e-06,1.3370145789841e-06,1.17191077756346e-06,1.01724109256314e-06,8.73107939256261e-07,7.39612317519795e-07,6.16853844288427e-07,5.04930784565365e-07,4.0394008108754e-07,3.13977382744092e-07,2.35137071836031e-07,1.67512290248426e-07,1.11194964612674e-07,6.62758305165214e-08,3.28444558268599e-08,1.09892631753172e-08,7.97551657273339e-10,2.35551778900193e-09,1.57482757656157e-08,4.10598770574595e-08,7.83733293796323e-08,1.27770615070438e-07,1.89332708902259e-07,2.63139595366403e-07,3.49270285437422e-07,4.47802832862762e-07,5.58814349988328e-07,6.82381023139093e-07,8.18578127584152e-07,9.67480042100488e-07,1.12916026314074e-06,1.30369141864953e-06,1.49114528150731e-06,1.69159278265395e-06,1.90510402386572e-06,2.13174829024619e-06,2.37159406237977e-06,2.62470902823716e-06,2.89116009476008e-06,3.17101339921804e-06,3.46433432026841e-06,3.77118748879527e-06,4.09163679848416e-06,4.42574541619046e-06,4.77357579204656e-06,5.13518966938498e-06,5.51064809443337e-06,5.90001142580739e-06,6.30333934379584e-06,6.72069085949391e-06,7.15212432368865e-06,7.59769743562729e-06,8.05746725155133e-06,8.53149019313146e-06,9.01982205565651e-06,9.52251801613243e-06,1.00396326411846e-05,1.05712198948368e-05,1.11173331461007e-05,1.16780251764996e-05,1.22533481873443e-05,1.28433538069913e-05,1.34480930978762e-05,1.40676165634841e-05,1.47019741551324e-05,1.53512152787138e-05,1.60153888012245e-05,1.66945430572722e-05,1.73887258553955e-05,1.8097984484316e-05,1.8822365719081e-05,1.95619158270829e-05,2.03166805739817e-05,2.10867052295571e-05,2.18720345734059e-05,2.26727129006113e-05,2.34887840272638e-05,2.43202912959405e-05,2.51672775810369e-05,2.60297852940804e-05,2.69078563888951e-05,2.78015323667326e-05,2.87108542813017e-05,2.96358627437137e-05,3.05765979273779e-05,3.15330995727768e-05,3.25054069921889e-05,3.34935590743743e-05,3.44975942891361e-05,3.55175506918384e-05,3.65534659278305e-05,3.76053772368884e-05,3.86733214574554e-05
0,0,0,0,0,0,0,0,0,0,0,0,0,0,0,0,0,0,0,0,0,0,0,0,0,0,0,0,0,0,0,0,0,0,0,0,0,0,0,0,0,0,0,0,0,0,0,0,0,0,0,0,0,0,0,0,0,0,0,0,0,0,0,0,0,0,0,0,0,0,0,0,0,0,0,0,0,0,0,0,0,0,0,0,0,0,1.28798814465712e-05,1.8519815562178e-05,2.25921382713157e-05,2.58547073124823e-05,2.85914582100693e-05,3.09470403377067e-05,3.30075860317022e-05,3.48295967863153e-05,3.64526862689e-05,3.79060148543521e-05,3.92118641466451e-05,4.03877698498985e-05,4.14478673655378e-05,4.24037795734973e-05,4.32652245138516e-05,4.40404443559056e-05,4.47365162482297e-05,4.53595827122297e-05,4.59150257893398e-05,4.64076009640145e-05,4.68415417400111e-05,4.72206424229176e-05,4.7548324459289e-05,4.78276901916054e-05,4.80615668577364e-05,4.82525429392273e-05,4.84029984447861e-05,4.85151303397356e-05,4.85909740560205e-05,4.86324218118631e-05,4.86412383153221e-05,4.86190743084636e-05,4.85674783183685e-05,4.84879069113879e-05,4.83817336923313e-05,4.82502572477004e-05,4.80947081980392e-05,4.79162554979442e-05,4.77160121012142e-05,4.74950400917457e-05,4.72543553681537e-05,4.69949319600095e-05,4.67177060466331e-05,4.64235797445224e-05,4.61134247274103e-05,4.57880857429724e-05,4.54483840929942e-05,4.50951211497913e-05,4.47290819912717e-05,4.43510392516649e-05,4.3961757305675e-05,4.35619969335168e-05,4.31525206557756e-05,4.27340989854531e-05,4.2307517927501e-05,4.18735881745931e-05,4.14331566191788e-05,4.09871210535155e-05,4.05364493045696e-05,4.00822046204393e-05,3.96255800080572e-05,3.91679456218065e-05,3.87109155780535e-05,3.82564443749746e-05,3.78069696646577e-05,3.73656298782783e-05,3.69366071352304e-05,3.65256888009361e-05,3.61412300070821e-05,3.57958966053477e-05,3.5510042480749e-05,3.5318840361159e-05,3.5289137615549e-05,3.55660490062679e-05,3.65358670047617e-05,3.96833697527541e-05,6.07073153910559e-05,1.01843789049224e-05,2.14278262642935e-05,2.37902311951225e-05,2.45398649407032e-05,2.4721719245291e-05,2.46390376230327e-05,2.44121592309882e-05,2.40984049741656e-05,2.37286110623281e-05,2.3320889666843e-05,2.2886617377149e-05,2.24333318688589e-05,2.19662514292657e-05,2.14891250830109e-05,2.10047338298102e-05,2.05151993563443e-05,2.00221813178064e-05,1.95270074622842e-05,1.90307618475901e-05,1.8534346103531e-05,1.80385228904183e-05,1.75439473182794e-05,1.70511900520483e-05,1.65607545663497e-05,1.60730902126445e-05,1.55886022424407e-05,1.51076595864522e-05,1.46306009578642e-05,1.41577396891788e-05,1.36893676013828e-05,1.32257581262534e-05,1.27671688467175e-05,1.23138435797475e-05,1.18660140966989e-05,1.14239015540101e-05,1.09877176909712e-05,1.05576658386749e-05,1.0133941775107e-05,9.71673445395137e-06,9.30622662925169e-06,8.90259539356481e-06,8.5060126440582e-06,8.11664548811483e-06,7.73465659802227e-06,7.36020452254267e-06,6.99344396184309e-06,6.6345260111291e-06,6.28359837746457e-06,5.94080557348903e-06,5.60628909119297e-06,5.28018755837172e-06,4.96263688004628e-06,4.65377036670401e-06,4.3537188510067e-06,4.0626107943751e-06,3.78057238460752e-06,3.5077276255929e-06,3.24419841998284e-06,2.99010464561303e-06,2.74556422634095e-06,2.51069319786088e-06,2.28560576903906e-06,2.07041437919296e-06,1.8652297517258e-06,1.67016094443923e-06,1.48531539686255e-06,1.31079897483303e-06,1.14671601259915e-06,9.93169352644368e-07,8.50260383422653e-07,7.18089075183235e-07,5.96754014034442e-07,4.8635243437978e-07,3.86980249856617e-07,2.98732082879948e-07,2.21701292904785e-07,1.55980003481081e-07,1.01659128203275e-07,5.88283956077382e-08,2.75763731058797e-08,7.99049000329874e-09,1.57059665765908e-10,4.16130088352847e-09,2.00873584817101e-08,4.80183232208804e-08,8.80362510271374e-08,1.40222181590571e-07,2.04656156361696e-07,2.81417235988514e-07,3.70583517207021e-07,4.72232149227394e-07,5.86439349634413e-07,7.13280419824096e-07,8.52829760000366e-07,1.00516088376075e-06,1.17034643226516e-06,1.34845818803893e-06,1.53956708840279e-06,1.74374323854895e-06,1.96105592428741e-06,2.19157362447683e-06,2.4353640231222e-06,2.69249402120712e-06,2.96302974821742e-06,3.24703657340749e-06,3.54457911678272e-06,3.85572125985411e-06,4.18052615611837e-06,4.51905624133378e-06,4.87137324352934e-06,5.2375381928352e-06,5.61761143107168e-06,6.01165262114153e-06,6.4197207562149e-06,6.84187416875382e-06,7.27817053929881e-06,7.72866690512136e-06,8.19341966867174e-06,8.67248460588608e-06,9.16591687428254e-06,9.67377102095385e-06,1.01961009903631e-05,1.07329601320118e-05,1.12844012079432e-05,1.18504764001364e-05,1.2431237317704e-05,1.30267350040355e-05,1.36370199437334e-05,1.42621420694732e-05,1.49021507687097e-05,1.55570948902986e-05,1.62270227509391e-05,1.69119821415805e-05,1.76120203336625e-05,1.83271840852531e-05,1.90575196470974e-05,1.9803072768575e-05,2.05638887034944e-05,2.13400122158841e-05,2.2131487585589e-05,2.29383586138551e-05,2.3760668628775e-05,2.45984604906598e-05,2.54517765973103e-05,2.63206588892412e-05,2.72051488547727e-05,2.81052875350616e-05,2.90211155290734e-05,2.9952672998444e-05,3.08999996722931e-05,3.18631348519338e-05,3.28421174155274e-05,3.38369858226806e-05,3.48477781189459e-05,3.58745319402562e-05,3.69172845173165e-05,3.79760726799334e-05,3.90509328612099e-05
0,0,0,0,0,0,0,0,0,0,0,0,0,0,0,0,0,0,0,0,0,0,0,0,0,0,0,0,0,0,0,0,0,0,0,0,0,0,0,0,0,0,0,0,0,0,0,0,0,0,0,0,0,0,0,0,0,0,0,0,0,0,0,0,0,0,0,0,0,0,0,0,0,0,0,0,0,0,0,0,0,0,0,9.1680294579499e-06,1.66628707343052e-05,2.14694124950502e-05,2.51839620328317e-05,2.82463970084103e-05,3.08565834329194e-05,3.3126224398811e-05,3.51256574417076e-05,3.69027961287575e-05,3.84921611206999e-05,3.99196936971716e-05,4.12055390582077e-05,4.23657593363207e-05,4.34134413611479e-05,4.43594424494871e-05,4.52129095676566e-05,4.59816510788918e-05,4.66724094444929e-05,4.72910654993982e-05,4.78427942994487e-05,4.83321859591888e-05,4.87633407016848e-05,4.91399445930777e-05,4.94653305916982e-05,4.97425282803217e-05,4.99743047700684e-05,5.01631986405101e-05,5.03115483308478e-05,5.04215160682758e-05,5.04951081768303e-05,5.05341924274875e-05,5.0540512952703e-05,5.05157031430353e-05,5.04612968620856e-05,5.03787382527789e-05,5.0269390358381e-05,5.01345427424647e-05,4.99754182610939e-05,4.97931791157713e-05,4.95889322960911e-05,4.93637345052803e-05,4.91185966496766e-05,4.88544879633247e-05,4.85723398317574e-05,4.82730493737777e-05,4.79574828367939e-05,4.76264788597798e-05,4.72808516586383e-05,4.6921394191388e-05,4.65488813657639e-05,4.61640733602526e-05,4.57677191415902e-05,4.53605602792026e-05,4.49433351808893e-05,4.45167839076177e-05,4.40816537715164e-05,4.36387059857894e-05,4.3188723726256e-05,4.27325220937118e-05,4.2270960652512e-05,4.18049594931922e-05,4.13355201714561e-05,4.08637534871768e-05,4.03909170101837e-05,3.9918466746592e-05,3.94481297425413e-05,3.89820084140194e-05,3.85227342322118e-05,3.80737005347203e-05,3.76394266683784e-05,3.72261491026559e-05,3.68428239517175e-05,3.65029190555337e-05,3.62278308910363e-05,3.60539507486397e-05,3.60489095112352e-05,3.6354740015065e-05,3.73297384988539e-05,4.02129531155794e-05,5.40230877984768e-05,3.23937347294085e-07,1.90464821284398e-05,2.27709578713495e-05,2.39823361064644e-05,2.43839971150988e-05,2.44251753024291e-05,2.42752531920917e-05,2.40123268922061e-05,2.3677451738221e-05,2.32943217115537e-05,2.28776082461904e-05,2.24369137154248e-05,2.19788130798696e-05,2.15079817918357e-05,2.10278539267688e-05,2.05410239971925e-05,2.00495018217724e-05,1.95548795515202e-05,1.90584442650706e-05,1.85612557695416e-05,1.80642015440722e-05,1.7568036301322e-05,1.70734109726215e-05,1.65808942798346e-05,1.60909890198019e-05,1.56041445178993e-05,1.51207662658672e-05,1.4641223462607e-05,1.4165854974412e-05,1.3694974090379e-05,1.32288723500568e-05,1.27678226497076e-05,1.23120817827009e-05,1.18618925322767e-05,1.14174854074067e-05,1.09790800921253e-05,1.05468866630482e-05,1.01211066182949e-05,9.7019337519018e-06,9.28955490102723e-06,8.88415058767581e-06,8.48589557270913e-06,8.09495933635731e-06,7.71150649694132e-06,7.33569717743292e-06,6.96768732769832e-06,6.60762900897106e-06,6.25567064609268e-06,5.91195725193462e-06,5.5766306279303e-06,5.24982954388521e-06,4.93168989981199e-06,4.62234487207348e-06,4.32192504581894e-06,4.03055853539344e-06,3.74837109416922e-06,3.47548621501857e-06,3.21202522251355e-06,2.95810735779212e-06,2.7138498568635e-06,2.47936802307735e-06,2.25477529436194e-06,2.04018330575783e-06,1.83570194773385e-06,1.64143942067303e-06,1.45750228592194e-06,1.28399551369625e-06,1.12102252815212e-06,9.68685249858465e-07,8.27084135903898e-07,6.96318217841425e-07,5.76485137642625e-07,4.67681181830613e-07,3.70001313929665e-07,2.83539205361381e-07,2.08387264914092e-07,1.44636666877833e-07,9.23773779495739e-08,5.16981829923855e-08,2.26867097265095e-08,5.42945242541327e-09,1.17946816523428e-11,6.51803130179625e-09,2.50313893844993e-08,5.56340486333652e-08,9.84071609471341e-08,1.53430869333525e-07,2.20784326179884e-07,3.00545710924807e-07,3.92792247150739e-07,4.97600219143569e-07,6.15044987934277e-07,7.45201006855793e-07,8.88141836634781e-07,1.04394016005298e-06,1.21266779617498e-06,1.39439571419081e-06,1.58919404686687e-06,1.79713210364427e-06,2.01827838337251e-06,2.25270058674014e-06,2.50046562834396e-06,2.76163964849644e-06,3.03628802470587e-06,3.3244753829014e-06,3.62626560836557e-06,3.94172185642665e-06,4.2709065628826e-06,4.61388145420766e-06,4.97070755749153e-06,5.3414452101941e-06,5.72615406965723e-06,6.12489312242735e-06,6.53772069334086e-06,6.96469445448282e-06,7.40587143387641e-06,7.86130802405642e-06,8.33105999042298e-06,8.81518247945984e-06,9.3137300267507e-06,9.82675656487263e-06,1.03543154310983e-05,1.08964593749896e-05,1.14532405657931e-05,1.20247105997538e-05,1.26109205072221e-05,1.32119207596988e-05,1.38277612766955e-05,1.44584914324926e-05,1.51041600627666e-05,1.5764815471114e-05,1.64405054354205e-05,1.71312772141722e-05,1.78371775526008e-05,1.85582526887515e-05,1.92945483594578e-05,2.00461098061704e-05,2.0812981780734e-05,2.159520855103e-05,2.23928339065536e-05,2.32059011638651e-05,2.40344531719947e-05,2.48785323177307e-05,2.57381805307921e-05,2.66134392890032e-05,2.75043496232856e-05,2.84109521226534e-05,2.93332869390685e-05,3.02713937922573e-05,3.12253119744558e-05,3.21950803550299e-05,3.31807373850749e-05,3.41823211019524e-05,3.51998691336979e-05,3.62334187034278e-05,3.72830066336325e-05,3.83486693504496e-05,3.9430442887818e-05
0,0,0,0,0,0,0,0,0,0,0,0,0,0,0,0,0,0,0,0,0,0,0,0,0,0,0,0,0,0,0,0,0,0,0,0,0,0,0,0,0,0,0,0,0,0,0,0,0,0,0,0,0,0,0,0,0,0,0,0,0,0,0,0,0,0,0,0,0,0,0,0,0,0,0,0,0,0,0,0,0,1.41254311548491e-05,1.99946857830121e-05,2.42775776649333e-05,2.77254687016808e-05,3.06270590995172e-05,3.31310438362229e-05,3.53265153392513e-05,3.72721488133667e-05,3.90091931859218e-05,4.05680708336248e-05,4.19720600768425e-05,4.32394998404686e-05,4.43851841927272e-05,4.54212843529849e-05,4.63579808867856e-05,4.72039106151055e-05,4.7966490851396e-05,4.86521599596816e-05,4.92665593406786e-05,4.981467348524e-05,5.03009394058063e-05,5.07293333077162e-05,5.11034400753927e-05,5.14265095975278e-05,5.17015028832762e-05,5.19311301668094e-05,5.21178826576093e-05,5.22640592020393e-05,5.23717888334362e-05,5.24430499730433e-05,5.24796868824109e-05,5.24834238446535e-05,5.24558774573365e-05,5.2398567346156e-05,5.23129255514965e-05,5.22003047944544e-05,5.20619857933048e-05,5.18991837728763e-05,5.17130542863268e-05,5.15046984507467e-05,5.1275167683187e-05,5.10254680120513e-05,5.07565640295233e-05,5.04693825435143e-05,5.0164815982038e-05,4.98437255992228e-05,4.95069445299196e-05,4.91552807388346e-05,4.87895199111667e-05,4.84104283340469e-05,4.80187558228176e-05,4.76152387530698e-05,4.72006032696264e-05,4.6775568757865e-05,4.63408516823008e-05,4.58971699241644e-05,4.54452477864459e-05,4.49858218855618e-05,4.45196482187835e-05,4.40475107950738e-05,4.35702323559368e-05,4.30886879127674e-05,4.260382211755e-05,4.21166719138043e-05,4.16283965614809e-05,4.11403181229411e-05,4.06539770551478e-05,4.01712100574238e-05,3.96942614570857e-05,3.92259464484129e-05,3.87698968816601e-05,3.83309429670653e-05,3.79157276715513e-05,3.75337382204251e-05,3.71991273973337e-05,3.69341334343567e-05,3.67760155221445e-05,3.67925903940571e-05,3.71220422355503e-05,3.80967268827744e-05,4.07687118029107e-05,5.11037308690522e-05,0.00120624384921655,1.56475447942836e-05,2.14298249482894e-05,2.32621097370216e-05,2.39437617400305e-05,2.41382806601881e-05,2.40821954602026e-05,2.38808253392607e-05,2.35882149002013e-05,2.32349954613653e-05,2.28398633221441e-05,2.24149087351301e-05,2.19683233833794e-05,2.15058767074984e-05,2.10317681524834e-05,2.05491428468844e-05,2.00604162084327e-05,1.95674852754386e-05,1.90718703525028e-05,1.85748123893498e-05,1.80773414401838e-05,1.7580325756846e-05,1.70845076247111e-05,1.65905299428679e-05,1.60989562265562e-05,1.56102858594151e-05,1.51249658647301e-05,1.46434000914735e-05,1.41659564567126e-05,1.36929727100897e-05,1.32247610627046e-05,1.27616119349284e-05,1.23037970144143e-05,1.18515717695296e-05,1.14051775293332e-05,1.09648432161883e-05,1.05307867978309e-05,1.01032165115511e-05,9.6823319019722e-06,9.26832470563303e-06,8.8613796087109e-06,8.46167489941689e-06,8.0693830322975e-06,7.68467111855185e-06,7.30770135401969e-06,6.93863139427e-06,6.57761468473436e-06,6.22480075243285e-06,5.88033546473154e-06,5.54436125973996e-06,5.2170173522019e-06,4.89843991814649e-06,4.5887622610364e-06,4.28811496178583e-06,3.99662601465402e-06,3.71442095072921e-06,3.44162295046991e-06,3.17835294659544e-06,2.92472971841336e-06,2.68086997854059e-06,2.44688845285147e-06,2.22289795436814e-06,2.0090094517315e-06,1.80533213280442e-06,1.61197346389177e-06,1.42903924501311e-06,1.25663366158953e-06,1.09485933290048e-06,9.43817357589363e-07,8.03607356490945e-07,6.74327513008252e-07,5.5607461126024e-07,4.48944072173116e-07,3.53029987691926e-07,2.68425153258952e-07,1.95221098698251e-07,1.33508117625208e-07,8.33752954939842e-08,4.49105363764844e-08,1.82005885725488e-08,3.33106912623524e-09,3.86487324450852e-10,9.45026724782123e-09,3.06047694330171e-08,6.39313117061571e-08,1.09510189234859e-07,1.67420693853569e-07,2.37741132693725e-07,3.20548846177844e-07,4.15920225389962e-07,5.23930728881052e-07,6.44654898922777e-07,7.7816637724807e-07,9.2453792030103e-07,1.08384141403034e-06,1.25614788822705e-06,1.44152753046214e-06,1.64004969961032e-06,1.85178293900236e-06,2.07679498920843e-06,2.31515280048961e-06,2.56692254489641e-06,2.83216962806948e-06,3.11095870072844e-06,3.40335366987934e-06,3.70941770972466e-06,4.02921327233618e-06,4.36280209803765e-06,4.71024522557546e-06,5.07160300201441e-06,5.44693509243759e-06,5.83630048941434e-06,6.23975752225242e-06,6.65736386603617e-06,7.08917655050952e-06,7.53525196871235e-06,7.99564588547191e-06,8.47041344569385e-06,8.95960918251607e-06,9.46328702523343e-06,9.98150030713075e-06,1.05143017731123e-05,1.10617435872012e-05,1.16238773398754e-05,1.22007540552991e-05,1.27924241983468e-05,1.33989376815812e-05,1.40203438720166e-05,1.46566915978282e-05,1.53080291548652e-05,1.59744043131308e-05,1.66558643230482e-05,1.73524559217116e-05,1.8064225338948e-05,1.87912183033117e-05,1.95334800479621e-05,2.02910553164643e-05,2.10639883684407e-05,2.18523229851755e-05,2.26561024750923e-05,2.34753696791576e-05,2.43101669761875e-05,2.516053628809e-05,2.60265190849506e-05,2.69081563901393e-05,2.78054887852494e-05,2.87185564149865e-05,2.96473989920089e-05,3.05920558016315e-05,3.15525657065303e-05,3.25289671512996e-05,3.35212981669708e-05,3.4529596375492e-05,3.55538989940891e-05,3.65942428395937e-05,3.76506643326703e-05,3.87231995020602e-05,3.98118839886395e-05
0,0,0,0,0,0,0,0,0,0,0,0,0,0,0,0,0,0,0,0,0,0,0,0,0,0,0,0,0,0,0,0,0,0,0,0,0,0,0,0,0,0,0,0,0,0,0,0,0,0,0,0,0,0,0,0,0,0,0,0,0,0,0,0,0,0,0,0,0,0,0,0,0,0,0,0,0,0,1.03630686329064e-05,1.80497882014677e-05,2.3083781619952e-05,2.69989065073232e-05,3.02386632819018e-05,3.30076235082789e-05,3.54210127067472e-05,3.75517311259118e-05,3.94495945713809e-05,4.11505732029225e-05,4.26817403895109e-05,4.40641448996987e-05,4.53145836961289e-05,4.64467509730611e-05,4.74720131615844e-05,4.83999492504228e-05,4.92387381746782e-05,4.999544329502e-05,5.06762256888755e-05,5.12865070019427e-05,5.18310957999037e-05,5.231428701139e-05,5.27399412005245e-05,5.31115484934643e-05,5.34322806713576e-05,5.3705034026688e-05,5.3932464929638e-05,5.41170195824428e-05,5.42609590968745e-05,5.43663807762683e-05,5.44352362930121e-05,5.446934730854e-05,5.4470418972297e-05,5.44400516511034e-05,5.43797511738775e-05,5.42909378245587e-05,5.41749542748274e-05,5.40330726155541e-05,5.3866500619426e-05,5.36763873463798e-05,5.34638281862438e-05,5.32298694194322e-05,5.29755123653174e-05,5.27017171792038e-05,5.24094063516548e-05,5.20994679584007e-05,5.1772758705231e-05,5.1430106809093e-05,5.10723147552692e-05,5.07001619699753e-05,5.03144074486721e-05,4.99157923825527e-05,4.95050428297696e-05,4.90828724838696e-05,4.8649985600323e-05,4.82070801538007e-05,4.77548513148154e-05,4.72939953558058e-05,4.68252141260916e-05,4.63492202748458e-05,4.58667434556997e-05,4.53785378216954e-05,4.48853912242235e-05,4.43881366773523e-05,4.38876668606027e-05,4.33849527393942e-05,4.2881067834514e-05,4.23772203485935e-05,4.18747963926251e-05,4.13754191705888e-05,4.08810315617907e-05,4.03940137755209e-05,3.9917354909393e-05,3.94549097436282e-05,3.90117947863545e-05,3.85950205753094e-05,3.82145429694352e-05,3.7885097679828e-05,3.76295953209961e-05,3.74858808854794e-05,3.75215139622852e-05,3.78703959506117e-05,3.88411440621119e-05,4.13397668266606e-05,4.9641883863198e-05,0.000210532873033261,1.07534537750028e-05,1.96750751808187e-05,2.23486199098065e-05,2.3387134652427e-05,2.37708460718272e-05,2.38284561217612e-05,2.37009605956337e-05,2.34588934153894e-05,2.31414897200624e-05,2.27723493636632e-05,2.23665512852297e-05,2.19342073882883e-05,2.14823743878505e-05,2.10161453467139e-05,2.0539304086303e-05,2.00547339138801e-05,1.95646819387483e-05,1.90709351983664e-05,1.85749411205417e-05,1.80778918246987e-05,1.75807843282718e-05,1.70844643322444e-05,1.65896585881612e-05,1.60969991797855e-05,1.5607041985116e-05,1.5120280886545e-05,1.46371588321297e-05,1.41580765355109e-05,1.36833993845262e-05,1.32134629765563e-05,1.27485775905659e-05,1.2289031828361e-05,1.1835095601127e-05,1.13870225958333e-05,1.09450523254454e-05,1.05094118436201e-05,1.00803171872187e-05,9.65797459659799e-06,9.24258155344606e-06,8.83432766784099e-06,8.43339544024332e-06,8.03996091903441e-06,7.65419427050635e-06,7.27626027512204e-06,6.90631876134239e-06,6.54452498646846e-06,6.1910299722378e-06,5.84598080168545e-06,5.509520882724e-06,5.18179018297158e-06,4.86292543974307e-06,4.55306034841546e-06,4.2523257319788e-06,3.96084969412476e-06,3.67875775792267e-06,3.40617299177648e-06,3.14321612420588e-06,2.89000564872739e-06,2.64665791995445e-06,2.41328724187223e-06,2.19000594918039e-06,1.9769244823894e-06,1.77415145735288e-06,1.58179372978616e-06,1.39995645528967e-06,1.22874314528695e-06,1.06825571929552e-06,9.18594553858606e-07,7.79858528448861e-07,6.52145068611323e-07,5.35550186597198e-07,4.30168519693552e-07,3.36093366448836e-07,2.53416720965017e-07,1.82229305417279e-07,1.22620600931234e-07,7.46788769571709e-08,3.84912192423256e-08,1.41435565139215e-08,1.72068596267311e-09,1.30629761109197e-09,1.29829976460236e-08,3.68323307827778e-08,7.29348017293349e-08,1.21369895802949e-07,1.82216098760505e-07,2.55550915882279e-07,3.41450890367789e-07,4.39991621065084e-07,5.51247779595298e-07,6.75293126887911e-07,8.12200529170128e-07,9.62041973435524e-07,1.1248885824279e-06,1.30081062914425e-06,1.48987755091556e-06,1.69215796305439e-06,1.90771967210737e-06,2.13662968872976e-06,2.37895424020133e-06,2.63475878258303e-06,2.90410801256652e-06,3.18706587898597e-06,3.48369559405213e-06,3.79405964427496e-06,4.11821980112976e-06,4.45623713144795e-06,4.80817200756246e-06,5.17408411719368e-06,5.55403247311726e-06,5.94807542260406e-06,6.35627065663804e-06,6.77867521892017e-06,7.21534551469393e-06,7.66633731934274e-06,8.13170578684229e-06,8.61150545797609e-06,9.10579026845129e-06,9.61461355675852e-06,1.01380280719559e-05,1.0676085981217e-05,1.1228838877291e-05,1.17963377857615e-05,1.23786331722151e-05,1.29757749492027e-05,1.358781248315e-05,1.42147946010547e-05,1.48567695971232e-05,1.55137852392315e-05,1.6185888775314e-05,1.68731269395849e-05,1.7575545958705e-05,1.8293191557778e-05,1.90261089662839e-05,1.97743429238939e-05,2.0537937686184e-05,2.13169370302285e-05,2.21113842601549e-05,2.29213222125233e-05,2.37467932616969e-05,2.45878393250597e-05,2.54445018681922e-05,2.63168219099172e-05,2.72048400273293e-05,2.81085963606457e-05,2.90281306180894e-05,2.99634820806056e-05,3.09146896065462e-05,3.1881791636303e-05,3.28648261967865e-05,3.3863830905916e-05,3.48788429770243e-05,3.5909899223157e-05,3.69570360613373e-05,3.80202895167707e-05,3.90996952269963e-05,4.01952884458989e-05
0,0,0,0,0,0,0,0,0,0,0,0,0,0,0,0,0,0,0,0,0,0,0,0,0,0,0,0,0,0,0,0,0,0,0,0,0,0,0,0,0,0,0,0,0,0,0,0,0,0,0,0,0,0,0,0,0,0,0,0,0,0,0,0,0,0,0,0,0,0,0,0,0,0,0,0,1.54182481162359e-05,2.1527483794465e-05,2.60278990242117e-05,2.96671021808492e-05,3.27389533406965e-05,3.53963397968686e-05,3.77313963557097e-05,3.98050271499141e-05,4.16601567545074e-05,4.33285005618678e-05,4.48343581920388e-05,4.61968917302226e-05,4.74315703758734e-05,4.8551127481969e-05,4.95662178381278e-05,5.04858829428657e-05,5.13178889453931e-05,5.20689776122331e-05,5.27450563422389e-05,5.33513445011981e-05,5.38924878289914e-05,5.43726490980436e-05,5.4795580827166e-05,5.51646842442876e-05,5.54830575761127e-05,5.57535359574686e-05,5.59787246905639e-05,5.61610271760218e-05,5.63026685365566e-05,5.64057157302584e-05,5.64720947810857e-05,5.65036056258802e-05,5.65019349776293e-05,5.6468667528368e-05,5.64052957545821e-05,5.63132285406976e-05,5.61937987986497e-05,5.60482702312933e-05,5.58778433632355e-05,5.5683660943427e-05,5.54668128075995e-05,5.52283402762195e-05,5.49692401529771e-05,5.46904683804401e-05,5.43929434026883e-05,5.40775492794736e-05,5.37451385920609e-05,5.33965351779343e-05,5.30325367295269e-05,5.26539172907483e-05,5.2261429685211e-05,5.18558079108006e-05,5.14377695372992e-05,5.10080181471995e-05,5.05672458648889e-05,5.01161360264839e-05,4.96553660521036e-05,4.91856105955538e-05,4.87075450636766e-05,4.82218496210888e-05,4.77292138273346e-05,4.7230342096094e-05,4.67259602238989e-05,4.62168233155336e-05,4.57037255438964e-05,4.51875123378492e-05,4.46690958132784e-05,4.41494745829667e-05,4.36297595511472e-05,4.31112080008804e-05,4.25952693506736e-05,4.20836476165089e-05,4.15783882541052e-05,4.10820013590147e-05,4.05976404253198e-05,4.0129368384963e-05,3.96825651732032e-05,3.92645733276378e-05,3.88857614182696e-05,3.8561359011643e-05,3.831480593987e-05,3.81843056021193e-05,3.82368333372232e-05,3.8601794737291e-05,3.95662216949691e-05,4.19195993774667e-05,4.88916779659988e-05,0.000103551669459868,4.02971574018319e-06,1.7380457051191e-05,2.12031449996971e-05,2.26974232993713e-05,2.33141312613231e-05,2.35088733992783e-05,2.34694310440773e-05,2.32872550090171e-05,2.30122339339393e-05,2.26739288118861e-05,2.22909997230558e-05,2.18758327939877e-05,2.14369948171665e-05,2.09806188269429e-05,2.05112269783749e-05,2.00322404020211e-05,1.95463066644791e-05,1.90555166754939e-05,1.85615522697201e-05,1.80657890098474e-05,1.75693693036726e-05,1.70732553811627e-05,1.65782683236347e-05,1.60851172527784e-05,1.55944214605045e-05,1.5106727397117e-05,1.46225218621644e-05,1.41422423550623e-05,1.3666285276288e-05,1.31950124843801e-05,1.27287565825777e-05,1.22678252147348e-05,1.18125045819981e-05,1.1363062341464e-05,1.09197500111273e-05,1.04828049774654e-05,1.00524521811807e-05,9.62890554050929e-06,9.21236915939621e-06,8.80303835813601e-06,8.40110055693988e-06,8.00673603681152e-06,7.62011859778177e-06,7.24141613072868e-06,6.87079111620835e-06,6.50840106132878e-06,6.15439888387799e-06,5.80893325127331e-06,5.47214888078503e-06,5.14418680634497e-06,4.82518461652688e-06,4.51527666744034e-06,4.21459427386472e-06,3.92326588133532e-06,3.64141722159741e-06,3.36917145340355e-06,3.10664929044642e-06,2.85396911790738e-06,2.61124709893327e-06,2.37859727216208e-06,2.15613164129849e-06,1.94396025757544e-06,1.74219129587145e-06,1.5509311251173e-06,1.37028437360685e-06,1.20035398967316e-06,1.04124129821789e-06,8.93046053471735e-07,7.55866488340235e-07,6.29799360652393e-07,5.1493999658198e-07,4.11382331506641e-07,3.19218948499438e-07,2.38541114677305e-07,1.69438815570466e-07,1.12000787674951e-07,6.63145493377334e-08,3.24664300956722e-08,1.05415985921514e-08,6.24089175518133e-10,2.79682727548562e-09,1.71416536450147e-08,4.3739347546089e-08,8.26696489553765e-08,1.34011279848833e-07,1.97841964635241e-07,2.74238449781532e-07,3.6327652269683e-07,4.65031029899877e-07,5.79575894536444e-07,7.06984133265597e-07,8.47327872565425e-07,1.0006783644763e-06,1.16710600183957e-06,1.34668033301893e-06,1.53947007617314e-06,1.74554313307694e-06,1.96496660252105e-06,2.19780679331567e-06,2.44412923692157e-06,2.7039986996964e-06,2.97747919482877e-06,3.26463399391137e-06,3.56552563823426e-06,3.88021594974539e-06,4.20876604175265e-06,4.55123632933247e-06,4.90768653949413e-06,5.27817572106836e-06,5.66276225437628e-06,6.06150386066438e-06,6.47445761130046e-06,6.90167993676059e-06,7.34322663544746e-06,7.79915288223815e-06,8.26951323691013e-06,8.75436165233401e-06,9.25375148253056e-06,9.76773549051589e-06,1.02963658560033e-05,1.0839694182947e-05,1.13977715069194e-05,1.19706483023406e-05,1.25583744895865e-05,1.31609994418994e-05,1.37785719922359e-05,1.44111404399246e-05,1.5058752557236e-05,1.57214555957818e-05,1.63992962928525e-05,1.70923208775833e-05,1.78005750770519e-05,1.85241041222277e-05,1.92629527538369e-05,2.00171652281153e-05,2.07867853224784e-05,2.15718563410343e-05,2.23724211200962e-05,2.31885220334881e-05,2.40202009978705e-05,2.48674994778928e-05,2.57304584912996e-05,2.66091186139489e-05,2.75035199847239e-05,2.84137023104161e-05,2.9339704870459e-05,3.02815665216473e-05,3.12393257027456e-05,3.2213020439058e-05,3.32026883468714e-05,3.42083666378773e-05,3.52300921235141e-05,3.62679012192415e-05,3.73218299487138e-05,3.83919139479648e-05,3.94781884694856e-05,4.05806883862068e-05
0,0,0,0,0,0,0,0,0,0,0,0,0,0,0,0,0,0,0,0,0,0,0,0,0,0,0,0,0,0,0,0,0,0,0,0,0,0,0,0,0,0,0,0,0,0,0,0,0,0,0,0,0,0,0,0,0,0,0,0,0,0,0,0,0,0,0,0,0,0,0,0,0,1.15871362205084e-05,1.94901133188424e-05,2.47596159566124e-05,2.88817914315324e-05,3.23046210890071e-05,3.52376110314231e-05,3.77996197209831e-05,4.00661790958371e-05,4.20890556780724e-05,4.39057054267666e-05,4.55443620720984e-05,4.70270005821917e-05,4.83711712453075e-05,4.9591190987787e-05,5.06989482996879e-05,5.17044652232589e-05,5.26163007612282e-05,5.34418474200043e-05,5.41875537379071e-05,5.48590943139769e-05,5.54615018117019e-05,5.59992709061262e-05,5.64764411853016e-05,5.68966640290423e-05,5.72632571254074e-05,5.75792493325109e-05,5.78474179166767e-05,5.80703197096667e-05,5.8250317370412e-05,5.83896016718535e-05,5.84902105350941e-05,5.8554045382318e-05,5.85828852648379e-05,5.85783991334115e-05,5.85421565486124e-05,5.84756370742427e-05,5.83802385538617e-05,5.82572844356458e-05,5.81080302835094e-05,5.79336695899419e-05,5.77353389879646e-05,5.75141229448881e-05,5.72710580087546e-05,5.70071366682118e-05,5.67233108789048e-05,5.64204953027668e-05,5.60995703014014e-05,5.57613847205682e-05,5.54067584996182e-05,5.50364851372606e-05,5.46513340435345e-05,5.42520528071329e-05,5.38393694070271e-05,5.34139943985549e-05,5.29766231055598e-05,5.25279378534308e-05,5.20686102819265e-05,5.15993037826607e-05,5.11206761141122e-05,5.06333822575618e-05,5.01380775915791e-05,4.96354214813983e-05,4.91260814045026e-05,4.8610737767022e-05,4.80900896106361e-05,4.75648614706483e-05,4.7035811729542e-05,4.65037429263106e-05,4.59695146443194e-05,4.5434059831313e-05,4.48984057372299e-05,4.43637011418135e-05,4.38312522664883e-05,4.33025708603092e-05,4.27794396428031e-05,4.22640029646741e-05,4.17588948889847e-05,4.12674241368022e-05,4.07938478021339e-05,4.03437879680109e-05,3.9924886659445e-05,3.9547875053982e-05,3.92283986808883e-05,3.89903053432494e-05,3.88719733347525e-05,3.89395540334956e-05,3.93178911198765e-05,4.02744469644173e-05,4.25041116751464e-05,4.85399321716307e-05,7.97825731656816e-05,1.19662988354118e-06,1.43758688785196e-05,1.97764388661912e-05,2.18544897932639e-05,2.27579479347996e-05,2.31175664240921e-05,2.31825335623106e-05,2.30708229149549e-05,2.28454983596264e-05,2.25433547721738e-05,2.21873339594372e-05,2.17925089327856e-05,2.13692132019682e-05,2.09247866527481e-05,2.04646024003221e-05,1.9992697844957e-05,1.95121771495517e-05,1.90254762268709e-05,1.85345420806639e-05,1.80409571474937e-05,1.75460273638917e-05,1.70508457362174e-05,1.6556339014687e-05,1.60633024915801e-05,1.55724263086897e-05,1.5084315599247e-05,1.45995060892624e-05,1.41184763114828e-05,1.36416572619554e-05,1.31694401047527e-05,1.27021823716863e-05,1.22402129906599e-05,1.17838363943264e-05,1.13333359005973e-05,1.08889765124543e-05,1.04510072510744e-05,1.00196631115095e-05,9.59516671107802e-06,9.17772968617155e-06,8.76755388171836e-06,8.36483236908383e-06,7.96975032110074e-06,7.5824857676078e-06,7.20321025062729e-06,6.83208939479067e-06,6.46928340593983e-06,6.11494750865689e-06,5.7692323315358e-06,5.43228424770904e-06,5.10424567683028e-06,4.78525535381564e-06,4.47544856871398e-06,4.17495738155438e-06,3.88391081532707e-06,3.60243502988518e-06,3.33065347904994e-06,3.06868705300897e-06,2.81665420770768e-06,2.57467108275064e-06,2.34285160909663e-06,2.1213076077194e-06,1.91014888018272e-06,1.70948329201817e-06,1.51941684963973e-06,1.34005377149242e-06,1.17149655396636e-06,1.01384603264589e-06,8.67201439309441e-07,7.31660455101373e-07,6.07319260222241e-07,4.94272580467448e-07,3.92613730888097e-07,3.02434656828432e-07,2.23825972563513e-07,1.56876997750655e-07,1.01675791859271e-07,5.83091867596378e-08,2.6862817602896e-08,7.42115213603022e-09,6.75185655103174e-11,4.88413208186331e-09,2.19521201411348e-08,5.13515465929972e-08,9.31614347407199e-08,1.47459789399086e-07,2.14323618027629e-07,2.9382895099083e-07,3.86050861013769e-07,4.91063481869558e-07,6.08940026363943e-07,7.39752803641753e-07,8.83573235874649e-07,1.04047187434528e-06,1.21051841499437e-06,1.39378171341431e-06,1.59032979937001e-06,1.8002298908386e-06,2.02354840760482e-06,2.2603509844366e-06,2.51070248386811e-06,2.77466700858113e-06,3.05230791344945e-06,3.3436878172267e-06,3.6488686139122e-06,3.96791148378951e-06,4.30087690419457e-06,4.64782465996999e-06,5.00881385367041e-06,5.3839029154806e-06,5.77314961291963e-06,6.17661106026902e-06,6.59434372780205e-06,7.02640345075661e-06,7.4728454381475e-06,7.93372428131751e-06,8.40909396234433e-06,8.89900786221069e-06,9.40351876885025e-06,9.92267888494431e-06,1.04565398356258e-05,1.10051526759652e-05,1.15685678983227e-05,1.21468354395471e-05,1.27400046880245e-05,1.33481244905778e-05,1.39712431592411e-05,1.46094084778929e-05,1.52626677087687e-05,1.59310675988222e-05,1.66146543860123e-05,1.73134738054104e-05,1.80275710952644e-05,1.87569910028816e-05,1.95017777904562e-05,2.02619752407671e-05,2.10376266627805e-05,2.1828774897139e-05,2.2635462321595e-05,2.34577308562856e-05,2.42956219689822e-05,2.51491766802152e-05,2.60184355683211e-05,2.69034387743795e-05,2.78042260071261e-05,2.87208365477256e-05,2.96533092545054e-05,3.06016825675777e-05,3.15659945134435e-05,3.25462827094642e-05,3.35425843682911e-05,3.45549363022106e-05,3.55833749274546e-05,3.66279362684114e-05,3.76886559617701e-05,3.87655692606302e-05,3.985871103855e-05,4.09681157934747e-05
0,0,0,0,0,0,0,0,0,0,0,0,0,0,0,0,0,0,0,0,0,0,0,0,0,0,0,0,0,0,0,0,0,0,0,0,0,0,0,0,0,0,0,0,0,0,0,0,0,0,0,0,0,0,0,0,0,0,0,0,0,0,0,0,0,0,0,0,0,0,3.74553624353798e-06,1.67580502551806e-05,2.31178617466892e-05,2.78429518634709e-05,3.16796172018599e-05,3.49272794309914e-05,3.77431751827592e-05,4.02225704558717e-05,4.24286575899479e-05,4.44060798360418e-05,4.61878784164478e-05,4.77994001169798e-05,4.92606510722911e-05,5.05877928049987e-05,5.17941351702305e-05,5.28908193467935e-05,5.38873019247207e-05,5.47917068906855e-05,5.56110872612797e-05,5.63516233278315e-05,5.70187754300542e-05,5.76174034656968e-05,5.8151861638282e-05,5.8626074482713e-05,5.9043598534975e-05,5.940767285376e-05,5.97212607840958e-05,5.99870847683214e-05,6.02076555836291e-05,6.03852970724363e-05,6.05221671976074e-05,6.06202760785224e-05,6.0681501529349e-05,6.0707602517578e-05,6.07002308804406e-05,6.06609415739552e-05,6.05912016796227e-05,6.04923983545221e-05,6.03658458786879e-05,6.02127919284567e-05,6.00344231838245e-05,5.98318703610048e-05,5.96062127479083e-05,5.93584823089034e-05,5.90896674160137e-05,5.88007162563342e-05,5.84925399589848e-05,5.81660154800853e-05,5.78219882800427e-05,5.74612748242322e-05,5.70846649355635e-05,5.66929240257849e-05,5.62867952310367e-05,5.58670014766635e-05,5.54342474965159e-05,5.49892218326595e-05,5.45325988430502e-05,5.40650407472969e-05,5.35871997441609e-05,5.30997202393927e-05,5.26032412291001e-05,5.20983988926601e-05,5.15858294604774e-05,5.10661724372647e-05,5.05400742812443e-05,5.00081926662354e-05,4.94712014885774e-05,4.89297968281352e-05,4.83847041365109e-05,4.78366870127406e-05,4.72865580474686e-05,4.67351923850491e-05,4.618354489162e-05,4.5632672159535e-05,4.50837610777275e-05,4.4538166436808e-05,4.39974611534069e-05,4.34635044152801e-05,4.29385357505802e-05,4.2425307380965e-05,4.19272744374317e-05,4.14488749527685e-05,4.09959533686014e-05,4.05764214720585e-05,4.02013281173529e-05,3.988666658351e-05,3.96565897975584e-05,3.95495028127563e-05,3.96305595949098e-05,4.00200727870446e-05,4.09677787464647e-05,4.30906342231902e-05,4.8432405414036e-05,6.99098052156932e-05,0.000336765920094534,1.04578333228239e-05,1.80060222678519e-05,2.08339978266056e-05,2.20904084595541e-05,2.26478358515052e-05,2.28361192552033e-05,2.28068545474917e-05,2.26393833141378e-05,2.23792655317424e-05,2.20545527542002e-05,2.16834855924538e-05,2.1278459656352e-05,2.08482118051255e-05,2.03990933048661e-05,1.99358457405273e-05,1.94620923628801e-05,1.89806595978555e-05,1.84937934720847e-05,1.80033089548464e-05,1.75106952855997e-05,1.70171917152403e-05,1.65238429263055e-05,1.60315402235161e-05,1.5541052585022e-05,1.50530503739793e-05,1.45681236600813e-05,1.40867965304744e-05,1.36095383801197e-05,1.31367729018536e-05,1.2668885306522e-05,1.22062281682074e-05,1.17491261918997e-05,1.12978801295359e-05,1.08527700179203e-05,1.04140578725191e-05,9.98198994183459e-06,9.55679860451102e-06,9.1387039743365e-06,8.7279152648126e-06,8.32463195505053e-06,7.92904479037656e-06,7.54133664491285e-06,7.16168326829689e-06,6.79025393474155e-06,6.427212009374e-06,6.07271544431495e-06,5.72691721473579e-06,5.38996570355315e-06,5.06200504193564e-06,4.74317541171465e-06,4.43361331482126e-06,4.13345181406506e-06,3.84282074900234e-06,3.56184693000616e-06,3.29065431325053e-06,3.02936415892744e-06,2.7780951747014e-06,2.5369636461169e-06,2.30608355544243e-06,2.08556669028338e-06,1.87552274304772e-06,1.67605940229164e-06,1.48728243677571e-06,1.30929577301705e-06,1.14220156697294e-06,9.86100270469617e-07,8.41090692873251e-07,7.07270058472649e-07,5.8473405997404e-07,4.73576908472804e-07,3.73891380219843e-07,2.85768860470041e-07,2.09299384665765e-07,1.44571677193425e-07,9.16731879056521e-08,5.06901266065419e-08,2.17074956533079e-08,4.80912083508208e-09,7.76806561889417e-11,7.59473415043779e-09,2.74407473350862e-08,5.96951184040467e-08,1.04436201755877e-07,1.61741330931301e-07,2.316868405466e-07,3.14348087279099e-07,4.09799469983681e-07,5.18114448978625e-07,6.39365564570622e-07,7.73624454860954e-07,9.20961872872375e-07,1.08144770304159e-06,1.25515097713146e-06,1.44213988955332e-06,1.64248181218783e-06,1.85624330868941e-06,2.08349014832774e-06,2.32428731937423e-06,2.57869904208034e-06,2.84678878123293e-06,3.12861925835341e-06,3.42425246350981e-06,3.73374966681878e-06,4.05717142957682e-06,4.39457761512601e-06,4.74602739937844e-06,5.11157928109928e-06,5.49129109188208e-06,5.88522000587816e-06,6.2934225492964e-06,6.71595460963736e-06,7.15287144469549e-06,7.60422769139739e-06,8.07007737435041e-06,8.55047391425043e-06,9.04547013606972e-06,9.55511827707791e-06,1.0079469994639e-05,1.0618576373893e-05,1.11724879352362e-05,1.17412546416335e-05,1.2324925905815e-05,1.29235505972853e-05,1.35371770491864e-05,1.41658530650643e-05,1.48096259254406e-05,1.54685423943085e-05,1.61426487254548e-05,1.68319906686972e-05,1.75366134759652e-05,1.82565619073159e-05,1.89918802367841e-05,1.97426122581447e-05,2.05088012905918e-05,2.12904901842876e-05,2.20877213258053e-05,2.29005366435119e-05,2.37289776128177e-05,2.45730852613463e-05,2.54329001740471e-05,2.63084624981769e-05,2.71998119481913e-05,2.81069878106239e-05,2.90300289487874e-05,2.99689738074903e-05,3.09238604175954e-05,3.18947264005718e-05,3.28816089729367e-05,3.38845449506317e-05,3.4903570753307e-05,3.59387224086212e-05,3.69900355563599e-05,3.80575454525878e-05,3.91412869736634e-05,4.02412946202722e-05,4.13576025213159e-05
0,0,0,0,0,0,0,0,0,0,0,0,0,0,0,0,0,0,0,0,0,0,0,0,0,0,0,0,0,0,0,0,0,0,0,0,0,0,0,0,0,0,0,0,0,0,0,0,0,0,0,0,0,0,0,0,0,0,0,0,0,0,0,0,0,0,0,0,1.28426994735029e-05,2.09833601104793e-05,2.64966232008193e-05,3.08325069684438e-05,3.44443053791838e-05,3.75466999258252e-05,4.02623009403941e-05,4.26693462222733e-05,4.48216047912313e-05,4.67580569077799e-05,4.85081264697763e-05,5.00947383890123e-05,5.15362156099078e-05,5.28475138046727e-05,5.40410569804517e-05,5.51273216823351e-05,5.61152568241302e-05,5.70125925998381e-05,5.78260724821481e-05,5.85616306112245e-05,5.9224529594822e-05,5.98194690758795e-05,6.03506723569815e-05,6.08219563093006e-05,6.12367883769893e-05,6.15983334989205e-05,6.19094930648596e-05,6.21729375155265e-05,6.23911338232875e-05,6.25663688148086e-05,6.27007690895501e-05,6.27963181311825e-05,6.28548710885464e-05,6.28781676097845e-05,6.28678430406532e-05,6.28254382409861e-05,6.27524082279382e-05,6.26501298186908e-05,6.25199084161676e-05,6.23629840580145e-05,6.21805368299757e-05,6.19736917293625e-05,6.17435230515398e-05,6.14910583618252e-05,6.12172821067194e-05,6.09231389110831e-05,6.06095366021356e-05,6.02773489961909e-05,5.99274184801499e-05,5.9560558416554e-05,5.91775553984164e-05,5.87791713781616e-05,5.83661456934713e-05,5.7939197012148e-05,5.74990252176139e-05,5.70463132567361e-05,5.65817289727901e-05,5.61059269473345e-05,5.56195503772089e-05,5.51232330158414e-05,5.46176012121388e-05,5.4103276085746e-05,5.35808758846324e-05,5.30510185804759e-05,5.25143247693387e-05,5.19714209613831e-05,5.14229433642143e-05,5.08695422922261e-05,5.0311887370971e-05,4.97506737549476e-05,4.91866296434136e-05,4.86205254694307e-05,4.80531852620759e-05,4.74855008554017e-05,4.69184498631519e-05,4.6353118688987e-05,4.57907323518369e-05,4.5232693658209e-05,4.46806353840252e-05,4.41364908607729e-05,4.36025910735822e-05,4.30818007283019e-05,4.25777129090134e-05,4.20949341037986e-05,4.16395127160734e-05,4.12196031095738e-05,4.08465314884917e-05,4.05365790704797e-05,4.03141165591752e-05,4.02174562790027e-05,4.03106317778162e-05,4.07095186146246e-05,4.1647791293395e-05,4.36773815802956e-05,4.8484437770607e-05,6.47277219946338e-05,0.000714820823307688,5.53205507787703e-06,1.58140445181107e-05,1.96065684787017e-05,2.12976405194902e-05,2.20920526737264e-05,2.24255447465486e-05,2.24923183617815e-05,2.2391807632733e-05,2.21801787070987e-05,2.18915708247031e-05,2.15479517338232e-05,2.11641188197209e-05,2.07504223152811e-05,2.03143351386101e-05,1.98614014905853e-05,1.93958332059148e-05,1.89208975319015e-05,1.84391767397306e-05,1.79527464054371e-05,1.74633006106876e-05,1.6972241630841e-05,1.648074533395e-05,1.59898096358311e-05,1.5500290923305e-05,1.5012931794902e-05,1.45283824435674e-05,1.40472173209685e-05,1.35699482567377e-05,1.30970348840422e-05,1.26288929968732e-05,1.21659013037679e-05,1.17084069270746e-05,1.12567299124297e-05,1.08111669514291e-05,1.03719944738705e-05,9.93947123165388e-06,9.51384046992722e-06,9.09533176119469e-06,8.68416256240647e-06,8.28053954333716e-06,7.88465972499961e-06,7.4967114595275e-06,7.11687527720089e-06,6.74532462152647e-06,6.38222648968897e-06,6.02774199263155e-06,5.68202684659981e-06,5.34523180605561e-06,5.0175030462363e-06,4.69898250233459e-06,4.38980817113541e-06,4.09011438013025e-06,3.80003202829403e-06,3.5196888021845e-06,3.24920937038888e-06,2.98871555899492e-06,2.73832651038256e-06,2.49815882726341e-06,2.26832670368106e-06,2.04894204447836e-06,1.84011457447121e-06,1.64195193848087e-06,1.4545597931906e-06,1.27804189169854e-06,1.11250016149844e-06,9.58034776576403e-07,8.14744224194692e-07,6.82725366887989e-07,5.62073500120655e-07,4.52882406029541e-07,3.55244403601916e-07,2.69250395607828e-07,1.94989912590636e-07,1.32551154160219e-07,8.20210278252297e-08,4.34851855717164e-08,1.70280583718039e-08,2.73288879427602e-09,6.81761864531476e-10,1.09556343138631e-08,3.36343623402076e-08,6.87967279908946e-08,1.16520464275141e-07,1.76882279089583e-07,2.49957878050114e-07,3.35821986299076e-07,4.34548369369245e-07,5.46209853146321e-07,6.70878343020813e-07,8.08624842250695e-07,9.59519469606381e-07,1.12363147633231e-06,1.30102926247813e-06,1.49178039261048e-06,1.69595161098325e-06,1.91360885615799e-06,2.14481727513477e-06,2.38964123699815e-06,2.64814434612871e-06,2.92038945496856e-06,3.20643867641354e-06,3.50635339579627e-06,3.82019428253157e-06,4.14802130140073e-06,4.48989372351707e-06,4.84587013697422e-06,5.21600845721545e-06,5.60036593708446e-06,5.99899917664432e-06,6.41196413271956e-06,6.839316128187e-06,7.28110986103297e-06,7.73739941320744e-06,8.20823825921727e-06,8.69367927455306e-06,9.19377474388084e-06,9.70857636908943e-06,1.02381352770831e-05,1.07825020274671e-05,1.13417266200181e-05,1.19158585020072e-05,1.25049465753579e-05,1.31090392036628e-05,1.37281842190204e-05,1.43624289287783e-05,1.50118201220936e-05,1.56764040763948e-05,1.63562265636676e-05,1.70513328566914e-05,1.77617677350647e-05,1.84875754911952e-05,1.92287999361186e-05,1.99854844052301e-05,2.07576717639184e-05,2.15454044130854e-05,2.23487242945479e-05,2.31676728963858e-05,2.40022912581435e-05,2.48526199759811e-05,2.57186992077176e-05,2.66005686777863e-05,2.74982676821033e-05,2.84118350928692e-05,2.93413093632606e-05,3.02867285320832e-05,3.12481302283116e-05,3.22255516755698e-05,3.32190296965622e-05,3.42286007173842e-05,3.52543007717755e-05,3.62961655053777e-05,3.7354230179826e-05,3.84285296768152e-05,3.95190985021267e-05,4.06259707895947e-05,4.17491803049298e-05
0,0,0,0,0,0,0,0,0,0,0,0,0,0,0,0,0,0,0,0,0,0,0,0,0,0,0,0,0,0,0,0,0,0,0,0,0,0,0,0,0,0,0,0,0,0,0,0,0,0,0,0,0,0,0,0,0,0,0,0,0,0,0,0,0,5.54009855039692e-06,1.81443709807067e-05,2.47653730357951e-05,2.97224956165825e-05,3.37629378769043e-05,3.71920938440792e-05,4.01717171975634e-05,4.28003006459888e-05,4.51433881993901e-05,4.72473875400337e-05,4.91467003955341e-05,5.08677479064913e-05,5.24314021210681e-05,5.38545348177146e-05,5.51510473007363e-05,5.63325797654258e-05,5.74090146850774e-05,5.83888431997875e-05,5.92794376900116e-05,6.00872584625603e-05,6.08180131296344e-05,6.14767813530628e-05,6.2068113788208e-05,6.25961115083692e-05,6.30644904535201e-05,6.34766342437265e-05,6.38356378479212e-05,6.41443439895615e-05,6.44053737282117e-05,6.46211523289702e-05,6.47939312887223e-05,6.49258072035492e-05,6.50187380222028e-05,6.50745571219397e-05,6.50949855595709e-05,6.50816427845782e-05,6.50360560494077e-05,6.49596687107302e-05,6.48538475823716e-05,6.47198894739997e-05,6.45590270280723e-05,6.43724339499186e-05,6.41612297114178e-05,6.39264837969456e-05,6.36692195503697e-05,6.33904176738654e-05,6.30910194225481e-05,6.27719295333709e-05,6.2434018922122e-05,6.2078127178458e-05,6.17050648859162e-05,6.13156157911457e-05,6.09105388446993e-05,6.04905701341889e-05,6.00564247294323e-05,5.96087984586382e-05,5.91483696344061e-05,5.86758007485666e-05,5.81917401554754e-05,5.76968237647481e-05,5.71916767661502e-05,5.66769154119683e-05,5.61531488856903e-05,5.56209812903382e-05,5.50810137958135e-05,5.45338469922069e-05,5.39800835062082e-05,5.34203309505022e-05,5.28552052928476e-05,5.22853347536849e-05,5.17113643698231e-05,5.11339613999674e-05,5.05538217990176e-05,4.99716780565489e-05,4.9388308788427e-05,4.88045505986523e-05,4.82213129069226e-05,4.7639596688437e-05,4.70605184301572e-05,4.64853411262229e-05,4.59155148970398e-05,4.53527309574838e-05,4.47989943998088e-05,4.42567239689341e-05,4.37288913331365e-05,4.32192194352081e-05,4.2732471445365e-05,4.22748826308221e-05,4.18548250611151e-05,4.1483866067292e-05,4.11785223039788e-05,4.09633080031783e-05,4.08763465605308e-05,4.09804666247673e-05,4.13872405479616e-05,4.23157724392263e-05,4.42631371211112e-05,4.86457562137015e-05,6.16704205604355e-05,0.000193216160760504,6.27465965621984e-07,1.31092198035401e-05,1.81369733429357e-05,2.03634797656751e-05,2.14415375051735e-05,2.19456197911455e-05,2.21238692663058e-05,2.21004965437604e-05,2.19444851546141e-05,2.16972158582284e-05,2.1385034168491e-05,2.10255294553423e-05,2.06309113801426e-05,2.0209936247073e-05,1.97690609638565e-05,1.93131631553491e-05,1.8846006446318e-05,1.83705502369827e-05,1.78891613975702e-05,1.74037622925289e-05,1.69159364089484e-05,1.64270051114133e-05,1.59380843317873e-05,1.54501270600891e-05,1.49639556212814e-05,1.44802864940614e-05,1.39997496094707e-05,1.35229035121596e-05,1.30502473850379e-05,1.25822306705174e-05,1.21192608320184e-05,1.16617096632338e-05,1.12099184535812e-05,1.07642022457451e-05,1.03248533669807e-05,9.89214437556805e-06,9.46633053311208e-06,9.04765189008982e-06,8.6363350539858e-06,8.23259469565217e-06,7.83663483844297e-06,7.44864996635628e-06,7.06882598058436e-06,6.69734102850579e-06,6.33436622492557e-06,5.98006628193095e-06,5.63460006085639e-06,5.29812105771899e-06,4.97077783151513e-06,4.65271438339117e-06,4.34407049331988e-06,4.04498201997402e-06,3.75558116861282e-06,3.475996731086e-06,3.20635430143624e-06,2.94677647011626e-06,2.69738299942322e-06,2.4582909823579e-06,2.22961498682939e-06,2.01146718690705e-06,1.80395748254342e-06,1.60719360905404e-06,1.42128123744657e-06,1.24632406658717e-06,1.08242390803381e-06,9.29680764299031e-07,7.88192901205236e-07,6.58056914896029e-07,5.39367794045179e-07,4.32218977703713e-07,3.36702409201563e-07,2.52908586458343e-07,1.80926609032367e-07,1.20844222198558e-07,7.27478583058625e-08,3.67226756575467e-08,1.28525951108095e-08,1.22033459310641e-09,1.90744169859259e-09,1.49943245197598e-08,4.05602808518626e-08,7.86835258923928e-08,1.29441218555613e-07,1.9290948649529e-07,2.69163449938787e-07,3.58277244407987e-07,4.60324042420658e-07,5.75376074216222e-07,7.03504647602586e-07,8.44780166958288e-07,9.99272151457158e-07,1.16704925256054e-06,1.34817927083333e-06,1.54272917209784e-06,1.75076510300405e-06,1.97235240602259e-06,2.20755563390153e-06,2.4564385636213e-06,2.71906420988216e-06,2.99549483811663e-06,3.28579197711444e-06,3.59001643120304e-06,3.90822829208426e-06,4.24048695028118e-06,4.58685110626214e-06,4.94737878121227e-06,5.32212732753296e-06,5.71115343899066e-06,6.11451316064301e-06,6.53226189844712e-06,6.96445442864506e-06,7.41114490686676e-06,7.87238687705319e-06,8.34823328008086e-06,8.8387364622461e-06,9.34394818347995e-06,9.8639196254178e-06,1.03987013992218e-05,1.09483435532795e-05,1.15128955806838e-05,1.20924064265549e-05,1.26869244952114e-05,1.32964976571767e-05,1.39211732560172e-05,1.45609981150688e-05,1.5216018543989e-05,1.58862803452034e-05,1.65718288201806e-05,1.72727087756416e-05,1.79889645295563e-05,1.87206399171365e-05,1.94677782966035e-05,2.02304225548993e-05,2.10086151133125e-05,2.18023979329342e-05,2.26118125200605e-05,2.34368999314852e-05,2.42777007796922e-05,2.513425523795e-05,2.60066030453391e-05,2.68947835116692e-05,2.77988355223007e-05,2.87187975429291e-05,2.96547076242237e-05,3.06066034064514e-05,3.15745221239856e-05,3.25585006097409e-05,3.35585752995744e-05,3.45747822365402e-05,3.56071570751505e-05,3.66557350855387e-05,3.77205511575435e-05,3.88016398047471e-05,3.98990351684437e-05,4.10127710215692e-05,4.21428807725201e-05
0,0,0,0,0,0,0,0,0,0,0,0,0,0,0,0,0,0,0,0,0,0,0,0,0,0,0,0,0,0,0,0,0,0,0,0,0,0,0,0,0,0,0,0,0,0,0,0,0,0,0,0,0,0,0,0,0,0,0,0,0,0,0,1.41311072913453e-05,2.25289305166322e-05,2.82944177709406e-05,3.28508565655627e-05,3.665766887394e-05,3.99349651523671e-05,4.28092352157532e-05,4.53615022559329e-05,4.76475929901479e-05,4.97080527655522e-05,5.15735270462815e-05,5.32679155839823e-05,5.48103341712508e-05,5.62163939017326e-05,5.74990682790125e-05,5.86693002193182e-05,5.97364387345227e-05,6.07085605340187e-05,6.15927117403496e-05,6.23950928297079e-05,6.31212023801139e-05,6.37759503805942e-05,6.43637486772254e-05,6.48885839924021e-05,6.5354077484102e-05,6.57635337832184e-05,6.61199817150614e-05,6.64262083824562e-05,6.66847879004391e-05,6.68981057850761e-05,6.70683797834099e-05,6.71976777676059e-05,6.72879331909701e-05,6.73409585064407e-05,6.73584568723165e-05,6.73420324104557e-05,6.72931992348093e-05,6.72133894304659e-05,6.71039601331645e-05,6.69661998344625e-05,6.68013340180814e-05,6.66105302164741e-05,6.63949025633449e-05,6.61555159066981e-05,6.58933895380531e-05,6.56095005855836e-05,6.53047871128807e-05,6.49801509595705e-05,6.46364603556104e-05,6.42745523376816e-05,6.3895234992669e-05,6.34992895510359e-05,6.30874723507283e-05,6.26605166907256e-05,6.22191345919936e-05,6.17640184830049e-05,6.12958428261829e-05,6.08152657017077e-05,6.03229303652793e-05,5.98194667970472e-05,5.93054932599051e-05,5.8781617887182e-05,5.82484403216066e-05,5.77065534306351e-05,5.71565451268983e-05,5.6599000327517e-05,5.603450309237e-05,5.54636389895726e-05,5.4886997746981e-05,5.43051762619937e-05,5.37187820594495e-05,5.31284373104456e-05,5.25347835545914e-05,5.19384873079488e-05,5.13402467914237e-05,5.07408000852232e-05,5.01409351106573e-05,4.95415019723048e-05,4.89434283754421e-05,4.83477390896532e-05,4.77555807928286e-05,4.71682541547724e-05,4.65872557882732e-05,4.60143338422362e-05,4.54515627531007e-05,4.49014453724023e-05,4.43670549746625e-05,4.3852236627488e-05,4.33618990892621e-05,4.29024486029799e-05,4.24824521831554e-05,4.21136857267531e-05,4.18128551967774e-05,4.16045552087517e-05,4.15266430289203e-05,4.16406874008024e-05,4.20541153981963e-05,4.29727923945242e-05,4.4847061986504e-05,4.88846682838502e-05,5.97492480163519e-05,0.000124224657735382,6.83021924676128e-06,9.8055043544714e-06,1.63837482919158e-05,1.92691747093371e-05,2.06864363352566e-05,2.13905529120846e-05,2.16978232660955e-05,2.17629692961971e-05,2.16704428350939e-05,2.14702255474809e-05,2.11937962764167e-05,2.0861984086079e-05,2.0489137506048e-05,2.00854782981226e-05,1.96584990683563e-05,1.92138289081383e-05,1.87557891046772e-05,1.82877610477693e-05,1.78124364119777e-05,1.73319913293399e-05,1.68482101928983e-05,1.63625753034e-05,1.58763328710042e-05,1.53905423430724e-05,1.49061137754653e-05,1.44238364989284e-05,1.39444013593695e-05,1.34684181536585e-05,1.29964294312337e-05,1.25289215168448e-05,1.20663333872916e-05,1.16090638753666e-05,1.11574775585535e-05,1.07119096053893e-05,1.02726697893474e-05,9.84004583324547e-06,9.41430621162266e-06,8.99570251159777e-06,8.58447143177244e-06,8.18083648299595e-06,7.78500944202861e-06,7.39719159947489e-06,7.01757483566285e-06,6.64634255184701e-06,6.28367047933324e-06,5.92972738516521e-06,5.58467568973601e-06,5.24867200920606e-06,4.92186763347565e-06,4.60440894870413e-06,4.29643781197124e-06,3.99809188449994e-06,3.70950492890292e-06,3.43080707508499e-06,3.16212505874538e-06,2.90358243589733e-06,2.65529977632907e-06,2.41739483848715e-06,2.18998272798138e-06,1.97317604159965e-06,1.76708499844489e-06,1.57181755964086e-06,1.38747953784174e-06,1.21417469764244e-06,1.05200484783217e-06,9.01069926346437e-07,7.61468078648939e-07,6.33295730200513e-07,5.16647653590455e-07,4.11617030848822e-07,3.18295511389202e-07,2.36773265989759e-07,1.67139037174199e-07,1.09480186314441e-07,6.38827377455777e-08,3.04314201503428e-08,9.20970544341418e-09,2.99845369874734e-10,3.78290600040559e-09,1.97388002959903e-08,4.82463188957995e-08,8.93831592612596e-08,1.43225953314377e-07,2.09850293667519e-07,2.89330758562706e-07,3.817409356061e-07,4.87153444391583e-07,6.05639958076809e-07,7.37271224003348e-07,8.82117083409571e-07,1.04024649030561e-06,1.21172752955939e-06,1.39662743425762e-06,1.5950126023561e-06,1.80694861270947e-06,2.03250024047774e-06,2.2717314719637e-06,2.52470551891683e-06,2.79148483233841e-06,3.07213111578387e-06,3.36670533824808e-06,3.6752677465905e-06,3.99787787759206e-06,4.33459456959171e-06,4.68547597379905e-06,5.05057956522292e-06,5.42996215331963e-06,5.82367989227944e-06,6.23178829105714e-06,6.65434222310925e-06,7.09139593584993e-06,7.54300305985586e-06,8.00921661785803e-06,8.49008903343349e-06,8.9856721395424e-06,9.49601718679907e-06,1.00211748515823e-05,1.05611952438906e-05,1.11161279150756e-05,1.16860218653379e-05,1.22709255510815e-05,1.28708868920894e-05,1.34859532785444e-05,1.41161715778623e-05,1.4761588141447e-05,1.54222488112095e-05,1.60981989260347e-05,1.67894833280346e-05,1.7496146368755e-05,1.82182319151584e-05,1.89557833555964e-05,1.97088436055683e-05,2.04774551134228e-05,2.12616598659289e-05,2.2061499393755e-05,2.28770147768125e-05,2.37082466495468e-05,2.45552352060859e-05,2.54180202053291e-05,2.62966409759246e-05,2.71911364211708e-05,2.81015450238091e-05,2.90279048507649e-05,2.9970253557781e-05,3.09286283939791e-05,3.19030662063629e-05,3.28936034442121e-05,3.39002761634332e-05,3.49231200308126e-05,3.59621703282236e-05,3.70174619567604e-05,3.80890294407894e-05,3.91769069319671e-05,4.0281128213136e-05,4.140172670228e-05,4.25387354562458e-05
0,0,0,0,0,0,0,0,0,0,0,0,0,0,0,0,0,0,0,0,0,0,0,0,0,0,0,0,0,0,0,0,0,0,0,0,0,0,0,0,0,0,0,0,0,0,0,0,0,0,0,0,0,0,0,0,0,0,0,0,7.08032604240816e-06,1.95765744722775e-05,2.64694718734396e-05,3.16662003376455e-05,3.59169047587088e-05,3.95333737674607e-05,4.26820569470705e-05,4.54647761663272e-05,4.79494949035136e-05,5.01844338603117e-05,5.22053918810017e-05,5.4039893026857e-05,5.57096981360615e-05,5.72324079425533e-05,5.8622530742015e-05,5.9892218846225e-05,6.10517917854094e-05,6.21101174832737e-05,6.30748960599991e-05,6.39528751825134e-05,6.47500162232098e-05,6.54716243773909e-05,6.61224519146726e-05,6.67067810927159e-05,6.72284914594586e-05,6.76911150203601e-05,6.8097881864042e-05,6.8451758206918e-05,6.87554783562746e-05,6.90115717516627e-05,6.92223859904185e-05,6.93901065520094e-05,6.95167737891691e-05,6.96042976418351e-05,6.96544704418198e-05,6.96689781080483e-05,6.96494099775938e-05,6.95972674749954e-05,6.95139717874472e-05,6.94008706859482e-05,6.92592446095488e-05,6.90903121116835e-05,6.88952347522519e-05,6.86751215068262e-05,6.84310327539053e-05,6.81639838927292e-05,6.78749486367947e-05,6.75648620226035e-05,6.72346231678157e-05,6.68850978090315e-05,6.65171206458838e-05,6.61314975150637e-05,6.57290074157511e-05,6.5310404405521e-05,6.48764193846136e-05,6.44277617848273e-05,6.39651211785182e-05,6.34891688224346e-05,6.30005591508313e-05,6.24999312321149e-05,6.19879102035757e-05,6.14651086992547e-05,6.09321282871041e-05,6.0389560932612e-05,5.98379905083878e-05,5.92779943712024e-05,5.87101450315611e-05,5.81350119447672e-05,5.75531634578507e-05,5.6965168953274e-05,5.63716012391593e-05,5.57730392464692e-05,5.51700711079191e-05,5.45632977113773e-05,5.39533368443739e-05,5.33408280770749e-05,5.27264385719256e-05,5.21108700621579e-05,5.14948673140628e-05,5.08792284857312e-05,5.02648179294881e-05,4.96525821703592e-05,4.90435700528391e-05,4.8438958415986e-05,4.78400851865854e-05,4.72484925530277e-05,4.6665984031355e-05,4.60947009722873e-05,4.55372267409814e-05,4.49967310363996e-05,4.44771736724085e-05,4.39835985487539e-05,4.35225681222494e-05,4.31028235156264e-05,4.2736319903272e-05,4.24399119960344e-05,4.22382210860075e-05,4.2168776657407e-05,4.22918551065123e-05,4.27109093225185e-05,4.36197530064926e-05,4.54285748423858e-05,4.91802348640575e-05,5.85042471265889e-05,9.93054170796968e-05,0.000235339779463531,5.90533976395316e-06,1.43002764760252e-05,1.7993185994244e-05,1.98156057833028e-05,2.07538983855676e-05,2.12101325153751e-05,2.13765270648626e-05,2.13561709057565e-05,2.1209244808208e-05,2.09732368637494e-05,2.06727287346558e-05,2.03245247283157e-05,1.99405167588141e-05,1.95293703600484e-05,1.9097561049766e-05,1.86500353027008e-05,1.8190645665745e-05,1.77224451703147e-05,1.72478913943653e-05,1.67689909415501e-05,1.62874036900845e-05,1.58045193004385e-05,1.5321514229283e-05,1.48393948095175e-05,1.43590302151868e-05,1.38811779792435e-05,1.34065039571001e-05,1.29355980983609e-05,1.24689870201336e-05,1.20071441150405e-05,1.15504977411265e-05,1.1099437906207e-05,1.06543217609302e-05,1.02154781418734e-05,9.78321135173267e-06,9.35780432269484e-06,8.93952127800003e-06,8.52860998260995e-06,8.12530365585244e-06,7.72982260417388e-06,7.34237562116119e-06,6.96316119307598e-06,6.5923685410439e-06,6.23017852554213e-06,5.87676443429739e-06,5.53229267101248e-06,5.19692335953634e-06,4.87081087554798e-06,4.55410431599682e-06,4.24694791482361e-06,3.94948141223989e-06,3.66184038368316e-06,3.38415653369419e-06,3.11655795915715e-06,2.85916938572688e-06,2.61211238073941e-06,2.3755055454072e-06,2.14946468874468e-06,1.93410298535318e-06,1.72953111887658e-06,1.53585741274555e-06,1.35318794958488e-06,1.18162668052857e-06,1.02127552547979e-06,8.72234465284151e-07,7.34601626626119e-07,6.0847336038539e-07,4.93944314090841e-07,3.911074990588e-07,3.00054352710647e-07,2.20874796519668e-07,1.53657290000872e-07,9.84888810944775e-08,5.54552532632261e-08,2.46407695983628e-08,6.12851418290995e-09,3.30951439109281e-13,6.3368602511162e-09,2.52175732927754e-08,5.67208046636466e-08,1.00923783048946e-07,1.57902660313618e-07,2.27732539053815e-07,3.10487498747806e-07,4.06240620598122e-07,5.15064011172196e-07,6.37028824910245e-07,7.72205285603179e-07,9.20662706882604e-07,1.0824695118237e-06,1.25769325168283e-06,1.44640062386805e-06,1.64865748914563e-06,1.86452888817531e-06,2.09407905738267e-06,2.33737144423315e-06,2.59446872191742e-06,2.86543280352296e-06,3.15032485566389e-06,3.44920531166472e-06,3.76213388426638e-06,4.08916957792815e-06,4.43037070069969e-06,4.78579487573953e-06,5.15549905243756e-06,5.53953951723446e-06,5.93797190406418e-06,6.35085120453667e-06,6.7782317777852e-06,7.22016736006756e-06,7.67671107404901e-06,8.14791543789822e-06,8.63383237407306e-06,9.13451321791651e-06,9.65000872600365e-06,1.0180369084312e-05,1.07256439161193e-05,1.12858822897959e-05,1.18611327263218e-05,1.24514432066879e-05,1.3056861179088e-05,1.36774335659739e-05,1.43132067708949e-05,1.49642266852731e-05,1.56305386949222e-05,1.63121876865413e-05,1.70092180539469e-05,1.77216737042938e-05,1.84495980640496e-05,1.91930340849567e-05,1.99520242498064e-05,2.07266105780838e-05,2.1516834631575e-05,2.23227375198049e-05,2.31443599053653e-05,2.39817420091965e-05,2.48349236157211e-05,2.5703944077887e-05,2.65888423221592e-05,2.74896568533661e-05,2.84064257594843e-05,2.93391867163642e-05,3.02879769923067e-05,3.1252833452647e-05,3.22337925641704e-05,3.32308903995249e-05,3.42441626415317e-05,3.52736445874058e-05,3.63193711529316e-05,3.73813768765743e-05,3.84596959235065e-05,3.95543620895698e-05,4.06654088051882e-05,4.17928691392328e-05,4.29367758027728e-05
0,0,0,0,0,0,0,0,0,0,0,0,0,0,0,0,0,0,0,0,0,0,0,0,0,0,0,0,0,0,0,0,0,0,0,0,0,0,0,0,0,0,0,0,0,0,0,0,0,0,0,0,0,0,0,0,0,0,1.54529355403957e-05,2.41261141896304e-05,3.01525205021037e-05,3.49365577073098e-05,3.89445837021922e-05,4.24024051460926e-05,4.54405279693342e-05,4.81428458467021e-05,5.05673019465077e-05,5.27560498669592e-05,5.47409896976329e-05,5.6547022128382e-05,5.81940768889422e-05,5.96984378574988e-05,6.10736425520621e-05,6.23311125591435e-05,6.34806075257287e-05,6.45305597935289e-05,6.54883260919373e-05,6.63603802323164e-05,6.71524629630721e-05,6.78697001473542e-05,6.85166971328469e-05,6.90976149652235e-05,6.96162325710898e-05,7.00759979685057e-05,7.04800708021862e-05,7.08313579508164e-05,7.1132543550912e-05,7.13861144824901e-05,7.15943821371482e-05,7.17595011186678e-05,7.1883485395284e-05,7.19682223218839e-05,7.20154848708706e-05,7.20269423487576e-05,7.20041698257998e-05,7.19486564668475e-05,7.1861812919715e-05,7.17449778919408e-05,7.15994240257811e-05,7.14263631643352e-05,7.12269510875356e-05,7.10022917853441e-05,7.07534413256118e-05,7.0481411366309e-05,7.01871723549104e-05,6.98716564522861e-05,6.95357602135156e-05,6.91803470543912e-05,6.8806249528611e-05,6.84142714383013e-05,6.80051897978393e-05,6.75797566690531e-05,6.71387008844058e-05,6.66827296732816e-05,6.62125302055392e-05,6.5728771065774e-05,6.52321036710981e-05,6.47231636450444e-05,6.42025721601785e-05,6.36709372621244e-05,6.31288551883089e-05,6.25769116954985e-05,6.20156834114551e-05,6.14457392273776e-05,6.08676417502884e-05,6.02819488368617e-05,5.96892152337422e-05,5.90899943539696e-05,5.84848402243652e-05,5.78743096459644e-05,5.72589646184967e-05,5.66393750913098e-05,5.60161221176677e-05,5.53898015082267e-05,5.47610281038694e-05,5.41304408198751e-05,5.34987086550824e-05,5.2866537915361e-05,5.22346809745104e-05,5.16039469960248e-05,5.09752151753783e-05,5.03494512508888e-05,4.97277282938142e-05,4.91112531597552e-05,4.85014005160316e-05,4.78997571348484e-05,4.73081802892423e-05,4.67288758173692e-05,4.61645040778001e-05,4.56183261920209e-05,4.5094409689312e-05,4.45979237790677e-05,4.41355734170571e-05,4.37162547526776e-05,4.3352075876999e-05,4.30600045625622e-05,4.28646431137322e-05,4.28031443376048e-05,4.29344770989071e-05,4.33582969156447e-05,4.42574237318505e-05,4.60072737482789e-05,4.95180890164229e-05,5.76929816954895e-05,8.68966756395766e-05,0.00491015806876932,1.85041211785003e-06,1.18401763998572e-05,1.65112653159758e-05,1.88165341011826e-05,2.00285106422938e-05,2.06563627447318e-05,2.09382419389617e-05,2.09996444300561e-05,2.09128233924584e-05,2.07222892887469e-05,2.04569628507114e-05,2.01364629625517e-05,1.97745814655249e-05,1.93813097173191e-05,1.89640747683589e-05,1.85285225854004e-05,1.80790306939002e-05,1.7619053306171e-05,1.71513594727352e-05,1.66782010297276e-05,1.62014333508038e-05,1.57226036821146e-05,1.5243016778339e-05,1.47637843657893e-05,1.42858628993206e-05,1.38100827238384e-05,1.33371708409745e-05,1.28677688604671e-05,1.24024472852007e-05,1.19417169757602e-05,1.14860384245787e-05,1.10358293136734e-05,1.05914707165019e-05,1.01533122201192e-05,9.72167618159111e-06,9.29686128530139e-06,8.87914553222849e-06,8.46878876471919e-06,8.06603480951956e-06,7.67111330509075e-06,7.28424126667158e-06,6.90562443240918e-06,6.53545842578687e-06,6.17392976333713e-06,5.82121673148328e-06,5.47749015215135e-06,5.14291405361967e-06,4.81764626022861e-06,4.50183891244637e-06,4.1956389268779e-06,3.899188404409e-06,3.61262499334335e-06,3.3360822134261e-06,3.069689745705e-06,2.81357369256308e-06,2.56785681156246e-06,2.33265872626546e-06,2.10809611675651e-06,1.89428289224258e-06,1.69133034776753e-06,1.49934730682156e-06,1.31844025140448e-06,1.14871344091712e-06,9.90269021039211e-07,8.43207123671789e-07,7.0762595884242e-07,5.83621899399862e-07,4.7128955920547e-07,3.70721865462784e-07,2.82010125746078e-07,2.05244090230653e-07,1.40512009567566e-07,8.79006888061988e-08,4.74955377135178e-08,1.93806178175861e-08,3.63868644890234e-09,3.51238046774314e-10,9.59854295479373e-09,3.14596839153256e-08,6.60125904512468e-08,1.13334071299783e-07,1.73499845060854e-07,2.46584569185626e-07,3.32661867445149e-07,4.31804355980295e-07,5.44083668052852e-07,6.69570477569761e-07,8.08334521496422e-07,9.60444621209363e-07,1.12596870288114e-06,1.30497381694986e-06,1.49752615675222e-06,1.70369107634541e-06,1.92353310760324e-06,2.15711597660663e-06,2.40450261939451e-06,2.66575519708649e-06,2.94093511045297e-06,3.23010301391759e-06,3.53331882907714e-06,3.8506417577198e-06,4.18213029440902e-06,4.52784223862696e-06,4.88783470651481e-06,5.26216414223131e-06,5.65088632896297e-06,6.0540563995544e-06,6.47172884685224e-06,6.90395753371446e-06,7.35079570273651e-06,7.81229598567117e-06,8.28851041263445e-06,8.77949042099307e-06,9.28528686405515e-06,9.80595001950115e-06,1.03415295976248e-05,1.08920747493046e-05,1.14576340738436e-05,1.20382556265573e-05,1.26339869262007e-05,1.3244874962214e-05,1.38709662018078e-05,1.45123065968341e-05,1.51689415905712e-05,1.58409161242999e-05,1.65282746437605e-05,1.72310611054464e-05,1.79493189828001e-05,1.86830912722189e-05,1.94324204990063e-05,2.01973487231207e-05,2.09779175448823e-05,2.17741681105131e-05,2.25861411175907e-05,2.34138768203799e-05,2.42574150350901e-05,2.51167951449815e-05,2.59920561054276e-05,2.6883236448858e-05,2.77903742896202e-05,2.87135073287198e-05,2.96526728585321e-05,3.06079077673735e-05,3.15792485440313e-05,3.25667312822097e-05,3.35703916848656e-05,3.45902650685263e-05,3.56263863674818e-05,3.66787901379269e-05,3.77475105620507e-05,3.88325814520456e-05,3.99340362540333e-05,4.10519080519583e-05,4.21862295714255e-05,4.33370331834121e-05
0,0,0,0,0,0,0,0,0,0,0,0,0,0,0,0,0,0,0,0,0,0,0,0,0,0,0,0,0,0,0,0,0,0,0,0,0,0,0,0,0,0,0,0,0,0,0,0,0,0,0,0,0,0,0,8.51587043056507e-06,2.1053865441483e-05,2.82295121756393e-05,3.36736465661526e-05,3.81412755777037e-05,4.19510185731401e-05,4.52742115892173e-05,4.82161153099605e-05,5.08471849898227e-05,5.32175058918392e-05,5.53643126107766e-05,5.73162621336396e-05,5.90960280237901e-05,6.07219594705452e-05,6.22091879234548e-05,6.35703914008113e-05,6.48163380581879e-05,6.5956282555461e-05,6.69982613956758e-05,6.79493171742377e-05,6.88156717008706e-05,6.96028616351385e-05,7.03158461617881e-05,7.09590934879707e-05,7.15366510764181e-05,7.20522032303281e-05,7.25091187295884e-05,7.29104905593264e-05,7.32591692930917e-05,7.3557791339044e-05,7.38088029936853e-05,7.40144810479136e-05,7.41769505383046e-05,7.42982001188609e-05,7.43800954375008e-05,7.4424390829811e-05,7.44327395864389e-05,7.44067030049348e-05,7.43477584014555e-05,7.42573062280467e-05,7.41366764180669e-05,7.39871340627592e-05,7.38098845062344e-05,7.36060779332269e-05,7.33768135129374e-05,7.31231431534859e-05,7.28460749138781e-05,7.25465761141506e-05,7.22255761790154e-05,7.1883969245956e-05,7.15226165648395e-05,7.11423487129981e-05,7.07439676471229e-05,7.03282486107653e-05,6.9895941914791e-05,6.94477746060823e-05,6.89844520387207e-05,6.8506659360832e-05,6.80150629293619e-05,6.75103116643765e-05,6.69930383543002e-05,6.64638609229617e-05,6.59233836696157e-05,6.53721984931959e-05,6.48108861123644e-05,6.42400172939431e-05,6.36601541030006e-05,6.30718511895111e-05,6.24756571279594e-05,6.1872115828992e-05,6.12617680445035e-05,6.06451529918713e-05,6.00228101270956e-05,5.93952811027512e-05,5.87631119537897e-05,5.8126855563628e-05,5.74870744746857e-05,5.68443441226072e-05,5.6199256592693e-05,5.55524250222847e-05,5.49044888052529e-05,5.42561197974864e-05,5.36080297791069e-05,5.29609795042951e-05,5.23157897715279e-05,5.16733550853488e-05,5.10346606712457e-05,5.040080387033e-05,4.97730213141321e-05,4.91527238143101e-05,4.85415416769376e-05,4.7941384294136e-05,4.73545195811017e-05,4.67836814519208e-05,4.62322176314727e-05,4.57042966720395e-05,4.52052038440924e-05,4.47417738607026e-05,4.43230404182583e-05,4.39612407863796e-05,4.36734243880629e-05,4.34841357454953e-05,4.34301125849904e-05,4.35690142198268e-05,4.39968762757518e-05,4.48864683774446e-05,4.65828839853051e-05,4.98880628305899e-05,5.71757529769009e-05,7.96581309528918e-05,0.00040101253730673,1.93472663209173e-07,8.97488854810901e-06,1.47972245641183e-05,1.76753490161666e-05,1.92065168130666e-05,2.00316762625211e-05,2.04449482148678e-05,2.05986902611793e-05,2.0579414185702e-05,2.04398210205723e-05,2.02138395262163e-05,1.99243085543302e-05,1.95871773332519e-05,1.92139331141794e-05,1.88130706392218e-05,1.83910170143381e-05,1.79527335795833e-05,1.75021190606389e-05,1.70422865148204e-05,1.65757578591558e-05,1.61046032337979e-05,1.56305426236423e-05,1.51550211460205e-05,1.46792656359622e-05,1.42043277342021e-05,1.37311170912276e-05,1.32604272360223e-05,1.27929559340135e-05,1.23293213578837e-05,1.18700750436451e-05,1.14157123546299e-05,1.09666809960794e-05,1.05233879921647e-05,1.00862054405859e-05,9.65547528825463e-06,9.23151331762736e-06,8.81461249243698e-06,8.40504578025433e-06,8.00306854551687e-06,7.60892058778699e-06,7.22282788554687e-06,6.84500409445462e-06,6.47565183977717e-06,6.11496383560221e-06,5.76312385768999e-06,5.42030759202062e-06,5.08668337753976e-06,4.76241285836367e-06,4.44765155835407e-06,4.1425493888054e-06,3.84725109838308e-06,3.56189667302394e-06,3.2866216923427e-06,3.02155764811853e-06,2.76683222966701e-06,2.52256958016267e-06,2.28889052746106e-06,2.06591279243205e-06,1.85375117746177e-06,1.6525177373828e-06,1.46232193482348e-06,1.28327078170721e-06,1.11546896840684e-06,9.5901898187636e-07,8.14021213918373e-07,6.80574060623479e-07,5.58774013858512e-07,4.48715745615437e-07,3.50492185914211e-07,2.64194594897563e-07,1.89912629649344e-07,1.27734406252039e-07,7.77465575101532e-08,4.00342867357666e-08,1.46814179481094e-08,1.77044280117254e-09,1.38256452224247e-09,1.3597739115783e-08,3.84947140606923e-08,7.61510647087988e-08,1.26643228565918e-07,1.90046537635483e-07,2.66435248958385e-07,3.55882573510582e-07,4.58460703558387e-07,5.74240838618754e-07,7.0329321008148e-07,8.45687104644648e-07,1.00149088659937e-06,1.17077201907692e-06,1.35359708430742e-06,1.55003180298484e-06,1.76014105275437e-06,1.9839888859325e-06,2.22163854646421e-06,2.47315248619304e-06,2.73859238047057e-06,3.01801914317318e-06,3.3114929411072e-06,3.61907320790959e-06,3.94081865740849e-06,4.2767872965343e-06,4.62703643774039e-06,4.99162271103079e-06,5.37060207555682e-06,5.76402983085154e-06,6.17196062767996e-06,6.59444847855729e-06,7.03154676794901e-06,7.4833082621521e-06,7.94978511885333e-06,8.43102889648236e-06,8.92709056320435e-06,9.4380205057449e-06,9.96386853788939e-06,1.05046839088449e-05,1.10605153112771e-05,1.16314108892251e-05,1.22174182457598e-05,1.28185844504737e-05,1.34349560467639e-05,1.40665790589817e-05,1.47134989993325e-05,1.53757608747038e-05,1.60534091932665e-05,1.67464879709637e-05,1.74550407378192e-05,1.81791105441609e-05,1.89187399666301e-05,1.96739711141542e-05,2.04448456336997e-05,2.12314047159791e-05,2.20336891010043e-05,2.28517390835364e-05,2.36855945184072e-05,2.45352948257732e-05,2.54008789962358e-05,2.62823855958717e-05,2.71798527711744e-05,2.80933182539102e-05,2.90228193658334e-05,2.99683930233974e-05,3.0930075742302e-05,3.19079036420129e-05,3.29019124501751e-05,3.39121375069577e-05,3.49386137693301e-05,3.5981375815246e-05,3.7040457847745e-05,3.81158936990599e-05,3.92077168345557e-05,4.03159603566792e-05,4.1440657008791e-05,4.25818391790057e-05,4.37395389038676e-05
0,0,0,0,0,0,0,0,0,0,0,0,0,0,0,0,0,0,0,0,0,0,0,0,0,0,0,0,0,0,0,0,0,0,0,0,0,0,0,0,0,0,0,0,0,0,0,0,0,0,0,0,0,1.68081908013918e-05,2.57740874356796e-05,3.20703577034565e-05,3.70892418790156e-05,4.13048420815027e-05,4.49489431162519e-05,4.81562130768465e-05,5.10135070014236e-05,5.35809469708298e-05,5.59023404853124e-05,5.80108770575527e-05,5.99324856725184e-05,6.1687932025442e-05,6.32941908609367e-05,6.47653787920048e-05,6.6113408822664e-05,6.734846213535e-05,6.84793361192421e-05,6.95137063156572e-05,7.04583270785781e-05,7.13191877034772e-05,7.21016356060745e-05,7.28104747228522e-05,7.34500450054967e-05,7.40242872992835e-05,7.45367967861092e-05,7.49908673832849e-05,7.53895289171747e-05,7.57355784722771e-05,7.60316070046153e-05,7.62800220749128e-05,7.64830673791326e-05,7.66428396180127e-05,7.67613031414325e-05,7.68403027214907e-05,7.68815747428678e-05,7.68867570479754e-05,7.68573976330945e-05,7.67949623586628e-05,7.67008418101741e-05,7.65763574243344e-05,7.64227669772861e-05,7.62412695170428e-05,7.60330098101266e-05,7.57990823623856e-05,7.55405350654225e-05,7.52583725132945e-05,7.49535590277943e-05,7.46270214261243e-05,7.42796515601881e-05,7.39123086533505e-05,7.3525821457393e-05,7.31209902499321e-05,7.26985886901974e-05,7.22593655494594e-05,7.18040463306997e-05,7.13333347907717e-05,7.08479143774764e-05,7.03484495927306e-05,6.98355872927366e-05,6.93099579352675e-05,6.87721767839415e-05,6.82228450793023e-05,6.76625511863567e-05,6.70918717285309e-05,6.65113727184907e-05,6.59216106966146e-05,6.53231338891013e-05,6.47164833986094e-05,6.41021944420563e-05,6.3480797651874e-05,6.2852820459747e-05,6.2218788584679e-05,6.15792276512212e-05,6.09346649684344e-05,6.0285631506213e-05,5.96326641131576e-05,5.89763080297809e-05,5.83171197630217e-05,5.7655670403388e-05,5.69925494860254e-05,5.63283695226752e-05,5.56637713646294e-05,5.49994306005114e-05,5.43360652503654e-05,5.36744450941272e-05,5.30154030756546e-05,5.23598493636031e-05,5.17087888425129e-05,5.10633430744012e-05,5.04247781461253e-05,4.97945403527988e-05,4.91743024404679e-05,4.85660242675203e-05,4.79720334429215e-05,4.7395134087876e-05,4.68387558951169e-05,4.63071620753711e-05,4.58057452635623e-05,4.534145809251e-05,4.49234557885531e-05,4.45640834137461e-05,4.42804443861123e-05,4.40969925318469e-05,4.40500207364192e-05,4.41958867360446e-05,4.46271810241766e-05,4.55074653014133e-05,4.71552223913835e-05,5.02827718294249e-05,5.68664858304271e-05,7.50293666460165e-05,0.000204237305394795,1.63091793776555e-05,5.74679000266658e-06,1.28253111283185e-05,1.63770107109876e-05,1.82793260794107e-05,1.93308256717329e-05,1.98932378286344e-05,2.01509848889885e-05,2.02073725776241e-05,2.01246338446193e-05,1.99424661263185e-05,1.96873851078521e-05,1.93777852580692e-05,1.90268385300438e-05,1.86442355072279e-05,1.82372740056236e-05,1.7811563400804e-05,1.73714940149843e-05,1.6920558116282e-05,1.64615744883127e-05,1.59968487390339e-05,1.5528289817397e-05,1.50574960831613e-05,1.45858198229328e-05,1.41144162570153e-05,1.36442812195234e-05,1.31762804533082e-05,1.27111726196823e-05,1.22496275427274e-05,1.17922408020566e-05,1.13395455000676e-05,1.08920218226982e-05,1.04501048626749e-05,1.00141910633918e-05,9.58464355980651e-06,9.16179663106871e-06,8.74595943322794e-06,8.337419144666e-06,7.93644362992652e-06,7.54328370616604e-06,7.15817508017244e-06,6.78134001089508e-06,6.41298874213899e-06,6.05332074200613e-06,5.70252577915614e-06,5.36078486065635e-06,5.02827105204498e-06,4.70515019675712e-06,4.39158154925887e-06,4.08771833393241e-06,3.79370823988873e-06,3.50969386029834e-06,3.23581308353993e-06,2.97219944237358e-06,2.71898242645167e-06,2.47628776275464e-06,2.24423766780867e-06,2.02295107510261e-06,1.81254384061148e-06,1.61312892894782e-06,1.42481658234503e-06,1.24771447438338e-06,1.08192785014385e-06,9.27559654222991e-07,7.84710647931411e-07,6.5347951677353e-07,5.33962969215495e-07,4.26255827621131e-07,3.30451112126404e-07,2.46640118146199e-07,1.74912488116962e-07,1.15356278026381e-07,6.80580192120526e-08,3.3102775858292e-08,1.05741985837877e-08,5.54574459728537e-10,3.12487377517258e-09,1.8364793824754e-08,4.63527999716139e-08,8.71661642133195e-08,1.40881001448875e-07,2.07572303645109e-07,2.87313972049112e-07,3.8017884762144e-07,4.86238739805268e-07,6.05564453780657e-07,7.38225816288183e-07,8.84291700153926e-07,1.04383004759585e-06,1.21690789239411e-06,1.40359138101553e-06,1.60394579276531e-06,1.81803555900886e-06,2.04592428155698e-06,2.28767475025214e-06,2.54334895980363e-06,2.81300812593256e-06,3.09671270086727e-06,3.39452238820203e-06,3.70649615721348e-06,4.03269225660054e-06,4.37316822774682e-06,4.72798091747255e-06,5.09718649035592e-06,5.48084044060348e-06,5.87899760354948e-06,6.29171216672628e-06,6.71903768060739e-06,7.16102706900813e-06,7.61773263913161e-06,8.08920609131718e-06,8.5754985285267e-06,9.07666046549351e-06,9.5927418376544e-06,1.01237920097976e-05,1.0669859784496e-05,1.12309934102704e-05,1.1807240589579e-05,1.23986484865501e-05,1.30052637345591e-05,1.36271324435762e-05,1.42643002073485e-05,1.49168121103937e-05,1.55847127348401e-05,1.62680461670848e-05,1.69668560043206e-05,1.76811853608675e-05,1.84110768744325e-05,1.91565727121303e-05,1.99177145764874e-05,2.06945437112166e-05,2.1487100906914e-05,2.22954265066444e-05,2.31195604113835e-05,2.39595420853558e-05,2.48154105612921e-05,2.56872044455296e-05,2.65749619230664e-05,2.74787207624806e-05,2.83985183207885e-05,2.93343915481606e-05,3.02863769925996e-05,3.12545108044976e-05,3.2238828741149e-05,3.32393661711329e-05,3.42561580786531e-05,3.52892390678059e-05,3.63386433667256e-05,3.74044048317058e-05,3.84865569512539e-05,3.95851328500475e-05,4.07001652928228e-05,4.18316866882159e-05,4.29797290925886e-05,4.41443242136629e-05
0,0,0,0,0,0,0,0,0,0,0,0,0,0,0,0,0,0,0,0,0,0,0,0,0,0,0,0,0,0,0,0,0,0,0,0,0,0,0,0,0,0,0,0,0,0,0,0,0,0,9.90070915160288e-06,2.25752950008623e-05,3.00447459132221e-05,3.57443245811331e-05,4.04357252456662e-05,4.44448504202647e-05,4.79481254659519e-05,5.10543670577953e-05,5.38365992419713e-05,5.63468264738047e-05,5.86237598505499e-05,6.06972207987686e-05,6.25908206520309e-05,6.43236773944008e-05,6.59115624410115e-05,6.736769361947e-05,6.87032996907342e-05,6.99280323391698e-05,7.1050273370709e-05,7.20773681088919e-05,7.30158056725648e-05,7.3871360281711e-05,7.46492034780255e-05,7.53539943042188e-05,7.59899525482738e-05,7.65609188125056e-05,7.70704042155146e-05,7.75216318512569e-05,7.79175716316432e-05,7.82609697713539e-05,7.85543738986558e-05,7.8800154568607e-05,7.90005237964996e-05,7.91575511071466e-05,7.92731775005751e-05,7.93492276603785e-05,7.93874206716658e-05,7.9389379469098e-05,7.93566391974828e-05,7.92906546373119e-05,7.91928068228346e-05,7.90644089602659e-05,7.89067117370486e-05,7.87209080996466e-05,7.85081375658216e-05,7.82694901282155e-05,7.80060097979252e-05,7.77186978302516e-05,7.74085156693655e-05,7.70763876437275e-05,7.67232034401925e-05,7.63498203814168e-05,7.59570655281926e-05,7.5545737625998e-05,7.51166089127825e-05,7.46704268035288e-05,7.42079154652508e-05,7.37297772951361e-05,7.3236694313327e-05,7.27293294809493e-05,7.22083279533685e-05,7.16743182779673e-05,7.11279135455489e-05,7.05697125039427e-05,7.00003006425045e-05,6.94202512560818e-05,6.88301264972782e-05,6.82304784261581e-05,6.7621850067161e-05,6.70047764836069e-05,6.63797858812691e-05,6.5747400753874e-05,6.5108139084761e-05,6.44625156212683e-05,6.38110432409265e-05,6.31542344315428e-05,6.24926029116022e-05,6.18266654221268e-05,6.11569437274759e-05,6.04839668704102e-05,5.980827373657e-05,5.9130415995984e-05,5.84509615050881e-05,5.77704982730569e-05,5.70896391224465e-05,5.640902720804e-05,5.57293426022038e-05,5.50513102135077e-05,5.43757093832519e-05,5.37033856085074e-05,5.30352649819414e-05,5.23723721319367e-05,5.17158527146217e-05,5.10670018850599e-05,5.04273007090901e-05,4.97984632467546e-05,4.91824981656059e-05,4.85817904208495e-05,4.79992110870509e-05,4.74382673720487e-05,4.69033110969002e-05,4.63998340859533e-05,4.59348958938936e-05,4.55177585962078e-05,4.51608557729828e-05,4.48813204869917e-05,4.47034879983881e-05,4.4663183722864e-05,4.4815479324949e-05,4.52496899919743e-05,4.61209229007798e-05,4.77241724803846e-05,5.06967347761061e-05,5.67093027853122e-05,7.1893879786702e-05,0.000146405794020585,0.00021237954870906,2.4334395878322e-06,1.05762821808335e-05,1.49058794162286e-05,1.7237708112271e-05,1.85481665111337e-05,1.92794626759824e-05,1.96540553704365e-05,1.97949574349033e-05,1.97754649926145e-05,1.96419054953512e-05,1.94249846918764e-05,1.91458632767191e-05,1.881960703969e-05,1.84572434981458e-05,1.80670392614494e-05,1.7655321721082e-05,1.72270238738752e-05,1.67860552354205e-05,1.63355602898242e-05,1.58781023211851e-05,1.54157965942752e-05,1.49504084449386e-05,1.4483426609832e-05,1.40161187917804e-05,1.35495742863631e-05,1.30847370536651e-05,1.26224316444574e-05,1.21633837200738e-05,1.17082364378089e-05,1.12575636429221e-05,1.08118805711723e-05,1.03716525940616e-05,9.93730241264149e-06,9.50921601240612e-06,9.08774762185215e-06,8.6732238644976e-06,8.26594725374477e-06,7.86619914946766e-06,7.47424227093418e-06,7.09032284224656e-06,6.71467243198697e-06,6.34750953693988e-06,5.98904095092175e-06,5.63946295223688e-06,5.29896233746482e-06,4.96771732457435e-06,4.64589834444332e-06,4.33366873682819e-06,4.03118536410071e-06,3.73859915414972e-06,3.45605558192631e-06,3.18369509778378e-06,2.92165350946091e-06,2.67006232365392e-06,2.42904905219342e-06,2.19873748715456e-06,1.97924794865753e-06,1.77069750857195e-06,1.57320019292547e-06,1.38686716544563e-06,1.21180689434661e-06,1.0481253042097e-06,8.95925914572809e-07,7.55309966632037e-07,6.263765393264e-07,5.09222655867522e-07,4.03943381708184e-07,3.10631914786663e-07,2.29379668818378e-07,1.60276350292711e-07,1.03410029778866e-07,5.88672080776638e-08,2.67328776842131e-08,7.09057999469489e-09,2.24586298900413e-11,5.60930922188677e-09,2.39306259666155e-08,5.50646452187294e-08,9.908838637717e-08,1.5607769028041e-07,2.26107255325482e-07,3.0925067147493e-07,4.05580452337867e-07,5.15168065454984e-07,6.38083960948154e-07,7.74397598626941e-07,9.24177473698668e-07,1.08749114116152e-06,1.26440523898427e-06,1.45498551015203e-06,1.65929682367633e-06,1.87740319460477e-06,2.10936780313717e-06,2.35525301287879e-06,2.615120388305e-06,2.88903071147185e-06,3.17704399804462e-06,3.47921951264977e-06,3.79561578363894e-06,4.12629061725246e-06,4.47130111126213e-06,4.83070366808189e-06,5.20455400742548e-06,5.59290717847118e-06,5.99581757164792e-06,6.41333892996481e-06,6.84552435999602e-06,7.29242634249488e-06,7.75409674265504e-06,8.2305868200295e-06,8.72194723821005e-06,9.22822807411881e-06,9.74947882709635e-06,1.02857484276741e-05,1.08370852461415e-05,1.14035371008067e-05,1.19851512661114e-05,1.25819744804339e-05,1.31940529537732e-05,1.38214323751482e-05,1.4464157919883e-05,1.51222742566318e-05,1.57958255543091e-05,1.64848554887692e-05,1.71894072494011e-05,1.79095235454856e-05,1.8645246612512e-05,1.93966182182156e-05,2.01636796686054e-05,2.09464718137755e-05,2.17450350536261e-05,2.25594093434443e-05,2.33896341993895e-05,2.42357487038205e-05,2.50977915105718e-05,2.59758008500602e-05,2.68698145343369e-05,2.77798699620263e-05,2.87060041231546e-05,2.96482536038872e-05,3.0606654591206e-05,3.1581242877446e-05,3.25720538648051e-05,3.35791225697213e-05,3.46024836272113e-05,3.56421712951085e-05,3.66982194582215e-05,3.77706616324212e-05,3.88595309687032e-05,3.99648602570939e-05,4.10866819305696e-05,4.22250280688612e-05,4.33799304022419e-05,4.45514203151873e-05
0,0,0,0,0,0,0,0,0,0,0,0,0,0,0,0,0,0,0,0,0,0,0,0,0,0,0,0,0,0,0,0,0,0,0,0,0,0,0,0,0,0,0,0,0,0,0,0,1.81964357306723e-05,2.74719114533537e-05,3.40472597193413e-05,3.93084539532206e-05,4.3738156322788e-05,4.75744275598814e-05,5.09562538387377e-05,5.39735484931118e-05,5.66886788564229e-05,5.91471545874051e-05,6.13834912425004e-05,6.34246747802033e-05,6.52923298754948e-05,6.70041409759418e-05,6.8574819459729e-05,7.0016782965261e-05,7.13406454903447e-05,7.2555579198108e-05,7.36695869050605e-05,7.46897109315868e-05,7.56221956795513e-05,7.64726159511023e-05,7.72459794914339e-05,7.79468098549182e-05,7.8579214053165e-05,7.91469382923397e-05,7.96534142868751e-05,8.01017980430468e-05,8.0495002569954e-05,8.08357256523858e-05,8.11264735762979e-05,8.1369581513147e-05,8.15672311273795e-05,8.1721465861641e-05,8.18342042683972e-05,8.19072516890192e-05,8.19423105280641e-05,8.19409893271998e-05,8.19048108091187e-05,8.18352190337013e-05,8.17335857859845e-05,8.16012162968973e-05,8.14393543823529e-05,8.12491870738138e-05,8.10318488025054e-05,8.07884251911704e-05,8.05199564993999e-05,8.02274407628201e-05,7.99118366607314e-05,7.95740661427426e-05,7.92150168409712e-05,7.88355442912113e-05,7.84364739837264e-05,7.80186032620472e-05,7.7582703086055e-05,7.71295196739895e-05,7.66597760365818e-05,7.61741734152186e-05,7.5673392634961e-05,7.51580953825388e-05,7.46289254184881e-05,7.40865097321527e-05,7.35314596479001e-05,7.29643718902237e-05,7.23858296156832e-05,7.17964034191751e-05,7.11966523221664e-05,7.05871247507899e-05,6.99683595118978e-05,6.93408867757012e-05,6.87052290742822e-05,6.806190232606e-05,6.74114168975128e-05,6.67542787147588e-05,6.60909904394153e-05,6.5422052725265e-05,6.47479655750368e-05,6.40692298199088e-05,6.3386348748433e-05,6.2699829916881e-05,6.20101871792966e-05,6.13179429836457e-05,6.06236309905365e-05,5.99277990838371e-05,5.92310128585472e-05,5.85338596922336e-05,5.78369535328216e-05,5.71409405701176e-05,5.64465060035308e-05,5.57543821775927e-05,5.50653584357035e-05,5.43802931474818e-05,5.37001285076954e-05,5.30259088989175e-05,5.23588038788297e-05,5.17001372285653e-05,5.10514240308948e-05,5.04144185118267e-05,4.97911764954681e-05,4.91841379783043e-05,4.859623783273e-05,4.80310565096042e-05,4.74930286966832e-05,4.69877377250333e-05,4.65223398530344e-05,4.61061905458812e-05,4.57517945253975e-05,4.54762930618969e-05,4.53038793131088e-05,4.52698944848384e-05,4.54281452873008e-05,4.58648350997355e-05,4.67272916469128e-05,4.82896667751566e-05,5.11258067780388e-05,5.66663799313917e-05,6.96896513401921e-05,0.000120036281812094,0.168756458568439,1.02754464228087e-07,8.05214996519355e-06,1.32470272468282e-05,1.60719965570958e-05,1.76777019112747e-05,1.85997479276628e-05,1.91052849327265e-05,1.93403343933014e-05,1.93909895615039e-05,1.93111779403406e-05,1.91363695438153e-05,1.88908480599722e-05,1.85918041345195e-05,1.82517571942629e-05,1.78800498207047e-05,1.74838035318227e-05,1.70685493136281e-05,1.66386549592178e-05,1.61976216443798e-05,1.57482941201395e-05,1.52930124981453e-05,1.48337237155958e-05,1.43720646404992e-05,1.39094248903064e-05,1.34469949143715e-05,1.29858032212363e-05,1.25267455063611e-05,1.20706076647444e-05,1.16180841361577e-05,1.11697926519263e-05,1.07262861812862e-05,1.02880626794364e-05,9.85557309572405e-06,9.42922799443706e-06,9.00940306125322e-06,8.59644370881102e-06,8.19066894911887e-06,7.7923746660589e-06,7.40183639400414e-06,7.01931168778523e-06,6.6450421528367e-06,6.27925519134848e-06,5.92216551003918e-06,5.57397642698349e-06,5.234881008291e-06,4.90506306022592e-06,4.5846979979689e-06,4.27395360882263e-06,3.97299072467041e-06,3.6819638162613e-06,3.40102151989746e-06,3.13030710548674e-06,2.86995889358682e-06,2.62011062797349e-06,2.38089180929107e-06,2.15242799458998e-06,1.93484106684735e-06,1.72824947806834e-06,1.53276846901525e-06,1.34851026826275e-06,1.17558427289465e-06,1.01409721289362e-06,8.64153300965181e-07,7.25854369391212e-07,5.99299995253353e-07,4.84587615242974e-07,3.81812631110386e-07,2.91068506699683e-07,2.12446857396388e-07,1.46037532716864e-07,9.19286927106125e-08,5.02068787414552e-08,2.09570791796919e-08,4.2627904641959e-09,2.06073949669142e-10,8.86760891501042e-09,3.03267420644452e-08,6.46615338229004e-08,1.11948801698198e-07,1.72264160948184e-07,2.4568206278494e-07,3.32275830300836e-07,4.32117692308641e-07,5.45278815251025e-07,6.71829333342297e-07,8.1183837704901e-07,9.65374100071884e-07,1.13250370490038e-06,1.3132934670785e-06,1.50780875824209e-06,1.71611406804955e-06,1.93827302503793e-06,2.17434841652801e-06,2.42440220760185e-06,2.68849555923203e-06,2.96668884562219e-06,3.2590416708036e-06,3.56561288451574e-06,3.88646059747093e-06,4.22164219595801e-06,4.57121435591935e-06,4.93523305644501e-06,5.31375359278434e-06,5.70683058885817e-06,6.11451800934335e-06,6.53686917128551e-06,6.97393675535929e-06,7.42577281671184e-06,7.89242879545996e-06,8.37395552681267e-06,8.87040325095184e-06,9.38182162247818e-06,9.90825971969306e-06,1.04497660534999e-05,1.10063885761174e-05,1.15781746894801e-05,1.21651712534396e-05,1.27674245937124e-05,1.33849805096301e-05,1.40178842816563e-05,1.46661806787396e-05,1.5329913965413e-05,1.60091279087987e-05,1.67038657853548e-05,1.74141703875034e-05,1.8140084030082e-05,1.88816485566475e-05,1.96389053456045e-05,2.04118953162596e-05,2.1200658934638e-05,2.20052362192607e-05,2.28256667467494e-05,2.36619896573137e-05,2.45142436601204e-05,2.5382467038565e-05,2.62666976554049e-05,2.71669729578167e-05,2.80833299823412e-05,2.90158053597231e-05,2.99644353196446e-05,3.0929255695408e-05,3.191030192848e-05,3.29076090729809e-05,3.39212118000804e-05,3.49511444023119e-05,3.599744079782e-05,3.70601345345051e-05,3.81392587941062e-05,3.92348463962239e-05,4.0346929802284e-05,4.14755411193614e-05,4.26207121040441e-05,4.37824741661625e-05,4.49608583724612e-05
0,0,0,0,0,0,0,0,0,0,0,0,0,0,0,0,0,0,0,0,0,0,0,0,0,0,0,0,0,0,0,0,0,0,0,0,0,0,0,0,0,0,0,0,0,1.12602081873766e-05,2.41397636847134e-05,3.19143210117086e-05,3.78776331830066e-05,4.27998453194974e-05,4.70146142379238e-05,5.0703670524346e-05,5.39795118986926e-05,5.69178131437413e-05,5.95725557748651e-05,6.19839703660381e-05,6.41830758816669e-05,6.61944476369331e-05,6.80379936315081e-05,6.97301427401812e-05,7.12846672408044e-05,7.27132689115695e-05,7.40260071010141e-05,7.52316181278443e-05,7.63377580847388e-05,7.7351190474509e-05,7.8277933345605e-05,7.91233761852081e-05,7.98923738830801e-05,8.05893230706814e-05,8.1218224743311e-05,8.1782736085054e-05,8.22862137063998e-05,8.27317499869138e-05,8.31222038331222e-05,8.34602268762068e-05,8.37482859179503e-05,8.39886822687854e-05,8.41835684941756e-05,8.4334962987037e-05,8.44447627060799e-05,8.45147543585321e-05,8.45466242569361e-05,8.45419670405387e-05,8.45022934199026e-05,8.44290370780753e-05,8.43235608401941e-05,8.4187162206606e-05,8.40210783300657e-05,8.38264905058997e-05,8.36045282340838e-05,8.33562729042215e-05,8.30827611470722e-05,8.27849878909339e-05,8.2463909155794e-05,8.21204446143697e-05,8.17554799452992e-05,8.13698690008708e-05,8.09644358090379e-05,8.05399764272037e-05,8.00972606633374e-05,7.96370336784709e-05,7.91600174829985e-05,7.86669123382272e-05,7.81583980734358e-05,7.76351353279517e-05,7.70977667268715e-05,7.65469179986536e-05,7.59831990421478e-05,7.54072049503699e-05,7.48195169980576e-05,7.42207035996162e-05,7.36113212446041e-05,7.29919154171872e-05,7.23630215067883e-05,7.17251657170745e-05,7.10788659809243e-05,7.04246328896873e-05,6.97629706456707e-05,6.90943780477789e-05,6.84193495214356e-05,6.77383762054318e-05,6.70519471101429e-05,6.63605503638549e-05,6.5664674566751e-05,6.49648102755935e-05,6.42614516463204e-05,6.35550982672665e-05,6.28462572220898e-05,6.21354454299225e-05,6.14231923205086e-05,6.07100429151198e-05,5.99965614006665e-05,5.92833353053662e-05,5.85709804115913e-05,5.78601465764693e-05,5.71515246763577e-05,5.64458549513883e-05,5.57439371055906e-05,5.50466426239224e-05,5.43549299108478e-05,5.36698630498653e-05,5.29926352522099e-05,5.23245984376916e-05,5.16673009203937e-05,5.10225359306028e-05,5.03924048080885e-05,4.97794003336199e-05,4.91865181222962e-05,4.86174077734879e-05,4.80765813902726e-05,4.75697065919465e-05,4.71040268463374e-05,4.66889786659682e-05,4.63371222459738e-05,4.60655881982183e-05,4.58984077711387e-05,4.58704260857037e-05,4.60342101293297e-05,4.64730078236749e-05,4.73269735554486e-05,4.88516740681295e-05,5.15668029653492e-05,5.67112213148032e-05,6.81038213902011e-05,0.000105313115333011,0.000967486702284547,2.81586337099142e-06,5.31207198259544e-06,1.13890302907475e-05,1.47725153191532e-05,1.6713180199751e-05,1.78500224897472e-05,1.85019255063008e-05,1.88415824447331e-05,1.89698246984639e-05,1.89492642490817e-05,1.8820774421456e-05,1.86121568322453e-05,1.83429813352894e-05,1.80274290154135e-05,1.76760352576054e-05,1.7296798303347e-05,1.68959069112891e-05,1.6478231330186e-05,1.60476626808372e-05,1.56073526266795e-05,1.51598858872405e-05,1.47074065538171e-05,1.425171201575e-05,1.37943237851494e-05,1.33365415857521e-05,1.28794851438786e-05,1.24241268242616e-05,1.19713173683571e-05,1.1521806378357e-05,1.10762587576454e-05,1.06352680097651e-05,1.01993670752546e-05,9.76903722270843e-06,9.34471539045394e-06,8.92680028536605e-06,8.51565747816916e-06,8.11162368305537e-06,7.71501037054297e-06,7.32610683204494e-06,6.94518279121395e-06,6.57249063876115e-06,6.20826735289749e-06,5.85273615611366e-06,5.50610794991304e-06,5.1685825616678e-06,4.84034983195941e-06,4.52159056594414e-06,4.21247736840756e-06,3.91317537892171e-06,3.62384292100585e-06,3.34463207695281e-06,3.07568919824337e-06,2.8171553599566e-06,2.56916676635643e-06,2.33185511382365e-06,2.10534791637871e-06,1.88976879833658e-06,1.68523775803667e-06,1.49187140599979e-06,1.30978318048574e-06,1.13908354298008e-06,9.79880155869899e-07,8.32278044230777e-07,6.96379743449068e-07,5.72285434172205e-07,4.60093065905657e-07,3.59898470419996e-07,2.71795465994203e-07,1.95875953405733e-07,1.32230004468529e-07,8.09459438393986e-08,4.21104247301363e-08,1.58084990875433e-08,2.12368275714595e-09,1.13801607577143e-09,1.29321203056127e-08,3.75852502714748e-08,7.517534352951e-08,1.25779066365162e-07,1.8947185687776e-07,2.66327965406927e-07,3.56420492499783e-07,4.59821424630901e-07,5.76601667838465e-07,7.06831079462582e-07,8.505784980892e-07,1.00791177188662e-06,1.17889778541485e-06,1.3636024850357e-06,1.56209090302167e-06,1.77442718046704e-06,2.00067458906012e-06,2.24089555181983e-06,2.49515166285884e-06,2.7635037062355e-06,3.04601167395423e-06,3.34273478318297e-06,3.65373149271143e-06,3.9790595187315e-06,4.31877584994839e-06,4.6729367621023e-06,5.04159783188862e-06,5.42481395035633e-06,5.822639335789e-06,6.2351275461152e-06,6.66233149084505e-06,7.10430344260618e-06,7.56109504826354e-06,8.03275733965317e-06,8.51934074395523e-06,9.02089509375327e-06,9.53746963671294e-06,1.00691130450153e-05,1.06158734244436e-05,1.11777983232532e-05,1.17549347406904e-05,1.23473291353591e-05,1.295502743327e-05,1.3578075035709e-05,1.42165168268505e-05,1.48703971812199e-05,1.55397599708612e-05,1.62246485724385e-05,1.69251058740411e-05,1.76411742818918e-05,1.83728957268403e-05,1.91203116707533e-05,1.98834631126528e-05,2.06623905948433e-05,2.14571342087686e-05,2.22677336008106e-05,2.30942279779325e-05,2.39366561132018e-05,2.47950563511717e-05,2.56694666131956e-05,2.6559924402551e-05,2.74664668095381e-05,2.83891305164261e-05,2.93279518023029e-05,3.0282966547824e-05,3.12542102399028e-05,3.22417179762533e-05,3.32455244698817e-05,3.42656640534919e-05,3.53021706837952e-05,3.63550779457488e-05,3.74244190567132e-05,3.85102268705079e-05,3.96125338814626e-05,4.07313722283345e-05,4.186677369815e-05,4.30187697300584e-05,4.41873914190377e-05,4.5372669519561e-05
0,0,0,0,0,0,0,0,0,0,0,0,0,0,0,0,0,0,0,0,0,0,0,0,0,0,0,0,0,0,0,0,0,0,0,0,0,0,0,0,0,0,0,1.96168684199749e-05,2.92185299654102e-05,3.60824590824558e-05,4.15936511295164e-05,4.62441583346719e-05,5.02786322088932e-05,5.38405433090288e-05,5.70229665409671e-05,5.98905848979418e-05,6.24906611874351e-05,6.485907554574e-05,6.70239009717211e-05,6.90076451712699e-05,7.08287219245723e-05,7.25024536651865e-05,7.40417763758904e-05,7.54577485484759e-05,7.67599271729408e-05,7.79566510747891e-05,7.9055258190957e-05,8.00622547801557e-05,8.09834490272099e-05,8.18240578446971e-05,8.25887932053536e-05,8.3281932637184e-05,8.3907377318997e-05,8.44687003624955e-05,8.4969187250426e-05,8.54118699476922e-05,8.57995558659635e-05,8.61348526094269e-05,8.64201892370203e-05,8.66578346290682e-05,8.6849913431737e-05,8.69984199637292e-05,8.71052303987337e-05,8.71721134820091e-05,8.72007399941876e-05,8.71926911398126e-05,8.71494660090172e-05,8.7072488236935e-05,8.69631119660526e-05,8.68226272008917e-05,8.66522646309237e-05,8.64531999868921e-05,8.62265579862745e-05,8.59734159161487e-05,8.56948068950828e-05,8.53917228502777e-05,8.50651172414716e-05,8.47159075592781e-05,8.43449776220412e-05,8.39531796927343e-05,8.35413364345701e-05,8.31102427222187e-05,8.26606673234091e-05,8.21933544643908e-05,8.17090252911022e-05,8.12083792369554e-05,8.06920953069997e-05,8.01608332875042e-05,7.96152348891003e-05,7.90559248312619e-05,7.84835118750937e-05,7.78985898113374e-05,7.73017384098614e-05,7.66935243369884e-05,7.60745020466651e-05,7.54452146514295e-05,7.48061947794172e-05,7.41579654235208e-05,7.35010407891318e-05,7.28359271474541e-05,7.21631237015457e-05,7.14831234731497e-05,7.07964142191435e-05,7.01034793873372e-05,6.94047991227865e-05,6.87008513372675e-05,6.79921128564766e-05,6.72790606619617e-05,6.65621732476362e-05,6.58419321142389e-05,6.51188234297198e-05,6.43933398886763e-05,6.36659828110093e-05,6.29372645282048e-05,6.22077111162154e-05,6.14778655474311e-05,6.0748291350636e-05,6.00195768896794e-05,5.92923403988607e-05,5.85672359485458e-05,5.78449605606624e-05,5.7126262754214e-05,5.64119528809184e-05,5.57029157175064e-05,5.50001259250088e-05,5.4304667180215e-05,5.36177560532843e-05,5.29407720784553e-05,5.22752959914818e-05,5.16231588586662e-05,5.09865059122337e-05,5.03678805122895e-05,4.97703360631061e-05,4.919758739179e-05,4.86542188452088e-05,4.81459755497729e-05,4.76801793606879e-05,4.72663365176053e-05,4.69170485588204e-05,4.66494188444129e-05,4.64873001206883e-05,4.64650335680539e-05,4.66339746264353e-05,4.70745645448285e-05,4.79203297238301e-05,4.94101901108669e-05,5.20172420336197e-05,5.68247283899361e-05,6.69487309982995e-05,9.60859819702726e-05,0.000356613867160822,2.91049499864615e-05,2.56303344018746e-06,9.32974893685267e-06,1.33304006162336e-05,1.56482791409368e-05,1.70260758456241e-05,1.78411204021346e-05,1.82967051502951e-05,1.85105361801522e-05,1.85551100708691e-05,1.84774097880329e-05,1.83091898296748e-05,1.8072678167932e-05,1.77839028530484e-05,1.74547190614642e-05,1.70940911683129e-05,1.67089301721686e-05,1.6304656247373e-05,1.58855860727419e-05,1.54552053915344e-05,1.50163645690259e-05,1.45714213641099e-05,1.41223468098866e-05,1.36708048583616e-05,1.32182130691565e-05,1.27657894031105e-05,1.23145886950899e-05,1.18655313673564e-05,1.1419426243552e-05,1.0976988830883e-05,1.05388560874844e-05,1.01055984393469e-05,9.6777296269296e-06,9.25571482589456e-06,8.8399773853169e-06,8.43090445093863e-06,8.02885168321177e-06,7.6341472362704e-06,7.24709512973236e-06,6.8679781191369e-06,6.49706015026682e-06,6.13458846632623e-06,5.78079542425988e-06,5.43590006630712e-06,5.10010948462473e-06,4.77362001036356e-06,4.45661825320172e-06,4.14928201305222e-06,3.85178108207681e-06,3.56427795232143e-06,3.28692844181095e-06,3.01988225007694e-06,2.76328345230383e-06,2.51727094006028e-06,2.28197881534712e-06,2.0575367437426e-06,1.84407027164177e-06,1.64170111189092e-06,1.45054740151806e-06,1.27072393479806e-06,1.10234237444685e-06,9.45511443393823e-07,8.00337099253681e-07,6.66922693377531e-07,5.45369116117371e-07,4.3577492974305e-07,3.38236490285352e-07,2.52848059424661e-07,1.79701907418075e-07,1.18888407941609e-07,7.04961256324892e-08,3.46118970228426e-08,1.13209054844233e-08,7.06750739106662e-10,2.85151342452043e-09,1.78358151625849e-08,4.57388745238364e-08,8.66385592452839e-08,1.40611435025773e-07,2.07732811177165e-07,2.88076783411851e-07,3.81716273976417e-07,4.88723069370253e-07,6.09167855819408e-07,7.43120252705625e-07,8.90648844076584e-07,1.05182120842064e-06,1.22670394680645e-06,1.41536270952228e-06,1.61786222132123e-06,1.83426630538229e-06,2.06463790604933e-06,2.3090391104762e-06,2.56753116921422e-06,2.84017451583628e-06,3.12702878565226e-06,3.42815283359384e-06,3.7436047512735e-06,4.07344188334888e-06,4.41772084315096e-06,4.77649752770155e-06,5.14982713208206e-06,5.53776416326107e-06,5.94036245335944e-06,6.35767517242832e-06,6.78975484072166e-06,7.23665334054151e-06,7.69842192765241e-06,8.17511124228941e-06,8.66677131976609e-06,9.17345160077691e-06,9.69520094128824e-06,1.02320676221723e-05,1.07840993584781e-05,1.13513433084608e-05,1.19338460822878e-05,1.25316537505183e-05,1.31448118523142e-05,1.377336540341e-05,1.44173589038657e-05,1.5076836345625e-05,1.5751841219777e-05,1.64424165237504e-05,1.71486047682077e-05,1.787044798383e-05,1.86079877278719e-05,1.93612650906182e-05,2.0130320701594e-05,2.09151947357217e-05,2.17159269192432e-05,2.25325565355666e-05,2.33651224309301e-05,2.42136630199759e-05,2.50782162911639e-05,2.59588198121018e-05,2.68555107347091e-05,2.77683258003343e-05,2.86973013447099e-05,2.96424733028361e-05,3.06038772137246e-05,3.1581548225127e-05,3.25755210980445e-05,3.3585830211287e-05,3.46125095658325e-05,3.56555927891608e-05,3.67151131395016e-05,3.77911035099782e-05,3.88835964326742e-05,3.99926240826721e-05,4.11182182819822e-05,4.22604105033678e-05,4.3419231874184e-05,4.45947131801199e-05,4.57868848688034e-05
0,0,0,0,0,0,0,0,0,0,0,0,0,0,0,0,0,0,0,0,0,0,0,0,0,0,0,0,0,0,0,0,0,0,0,0,0,0,0,0,1.26077637310591e-05,2.5746022312129e-05,3.38372788526896e-05,4.00728780905437e-05,4.52331430474341e-05,4.96599772459471e-05,5.35406462203444e-05,5.69914620695445e-05,6.00908374301208e-05,6.28947921439372e-05,6.54451215708233e-05,6.77740769770651e-05,6.99072250971191e-05,7.18652860950194e-05,7.3665364516607e-05,7.53218022968826e-05,7.68467870969139e-05,7.82507969384701e-05,7.95429321669581e-05,8.07311679386356e-05,8.18225494280034e-05,8.28233449604125e-05,8.37391677107477e-05,8.45750735590749e-05,8.53356406118008e-05,8.60250344486232e-05,8.66470621299315e-05,8.72052172627131e-05,8.77027178851806e-05,8.81425385334061e-05,8.85274375563017e-05,8.88599805206281e-05,8.91425603763027e-05,8.93774149199156e-05,8.95666419912885e-05,8.97122127573921e-05,8.98159833736197e-05,8.98797052619641e-05,8.99050342043787e-05,8.98935384170039e-05,8.98467057439009e-05,8.97659500871782e-05,8.96526171724601e-05,8.95079897336358e-05,8.93332921887879e-05,8.91296948686743e-05,8.88983178507758e-05,8.86402344445101e-05,8.83564743672885e-05,8.80480266458102e-05,8.77158422727204e-05,8.73608366448678e-05,8.69838918064043e-05,8.65858585170294e-05,8.61675581635331e-05,8.57297845305077e-05,8.52733054446384e-05,8.47988643053055e-05,8.43071815128587e-05,8.37989558051079e-05,8.327486551118e-05,8.27355697314376e-05,8.21817094512265e-05,8.16139085956783e-05,8.10327750322777e-05,8.04389015275583e-05,7.98328666637452e-05,7.9215235721218e-05,7.85865615321999e-05,7.79473853111227e-05,7.72982374671125e-05,7.66396384038884e-05,7.59720993128257e-05,7.52961229648025e-05,7.46122045070511e-05,7.39208322714614e-05,7.32224886015592e-05,7.25176507057632e-05,7.1806791545892e-05,7.10903807704435e-05,7.03688857039039e-05,6.96427724048256e-05,6.8912506807452e-05,6.8178555963992e-05,6.74413894079389e-05,6.67014806620998e-05,6.59593089198476e-05,6.521536093353e-05,6.44701331509041e-05,6.37241341489809e-05,6.2977887425635e-05,6.22319346225815e-05,6.14868392705699e-05,6.07431911693011e-05,6.00016115425069e-05,5.92627591443613e-05,5.85273375400003e-05,5.77961038438924e-05,5.70698792802582e-05,5.63495620364804e-05,5.56361430245911e-05,5.49307253606869e-05,5.42345486401621e-05,5.35490194577693e-05,5.28757501439349e-05,5.22166084320543e-05,5.15737818461495e-05,5.09498621759021e-05,5.03479577630805e-05,4.97718449110125e-05,4.92261753064072e-05,4.87167652134533e-05,4.82510066767857e-05,4.78384652788985e-05,4.74917711580143e-05,4.72279858403285e-05,4.7070769750434e-05,4.70539555907229e-05,4.72277174579594e-05,4.76698310079567e-05,4.85076863949365e-05,4.99652307294154e-05,5.24751674055329e-05,5.69927980182549e-05,6.6105140716453e-05,8.98626414111658e-05,0.000224147227261338,0.000212628566042648,4.05182801281846e-07,7.08830255440103e-06,1.17391302525206e-05,1.44769315143342e-05,1.6123655230066e-05,1.7119941728013e-05,1.7703648300011e-05,1.80116482152126e-05,1.8127632079881e-05,1.81054660622309e-05,1.79813334333952e-05,1.77804245877964e-05,1.75208160133308e-05,1.7215820235722e-05,1.68754642644093e-05,1.65074506753208e-05,1.61178004561231e-05,1.57112939025193e-05,1.52917797865019e-05,1.48623964755386e-05,1.44257328997991e-05,1.39839476121011e-05,1.35388581298985e-05,1.3092008862138e-05,1.26447233764115e-05,1.21981450608292e-05,1.17532690788e-05,1.13109677168149e-05,1.08720106659345e-05,1.04370813804737e-05,1.0006790371906e-05,9.5816860878716e-06,9.16226387353993e-06,8.74897339881327e-06,8.34222484977933e-06,7.94239411810787e-06,7.54982717315173e-06,7.16484376332906e-06,6.7877405642568e-06,6.41879386807129e-06,6.05826189039558e-06,5.70638675718308e-06,5.36339622240379e-06,5.02950515836086e-06,4.70491685327442e-06,4.38982414477865e-06,4.0844104132875e-06,3.78885045518001e-06,3.50331125263226e-06,3.22795265426449e-06,2.96292797857596e-06,2.70838455034188e-06,2.46446417864417e-06,2.23130358395446e-06,2.00903478059311e-06,1.79778542004008e-06,1.59767909979261e-06,1.40883564185034e-06,1.23137134433658e-06,1.06539920932527e-06,9.11029149551808e-07,7.68368176313967e-07,6.37520570628241e-07,5.18588039410901e-07,4.11669858261132e-07,3.16863002232411e-07,2.34262265811713e-07,1.63960373189924e-07,1.06048079773041e-07,6.06142657938902e-08,2.77460227729584e-08,7.52873350354909e-09,4.61461628137286e-11,5.38044308285866e-09,2.36123046650464e-08,5.48209688666947e-08,9.90842866475681e-08,1.56478773726902e-07,2.2707965895301e-07,3.1096092959155e-07,4.0819537375695e-07,5.18854620246473e-07,6.43009175962704e-07,7.80728461138847e-07,9.32080842508316e-07,1.09713366460526e-06,1.27595327931661e-06,1.46860507383197e-06,1.67515349709024e-06,1.89566208485783e-06,2.13019348350432e-06,2.37880947260319e-06,2.64157098640277e-06,2.9185381342755e-06,3.20977022019722e-06,3.51532576132936e-06,3.83526250574884e-06,4.16963744940518e-06,4.51850685232115e-06,4.88192625413711e-06,5.25995048896265e-06,5.65263369965701e-06,6.06002935151759e-06,6.48219024544495e-06,6.91916853058136e-06,7.37101571649183e-06,7.83778268489331e-06,8.31951970095038e-06,8.81627642415637e-06,9.32810191889443e-06,9.85504466454949e-06,1.03971525653699e-05,1.09544729599258e-05,1.15270526303491e-05,1.21149378111849e-05,1.2718174198056e-05,1.33368069560096e-05,1.39708807276356e-05,1.46204396409387e-05,1.52855273170077e-05,1.59661868774156e-05,1.66624609514863e-05,1.7374391683301e-05,1.81020207385494e-05,1.88453893111952e-05,1.96045381299678e-05,2.03795074646728e-05,2.11703371323959e-05,2.19770665034797e-05,2.27997345074246e-05,2.36383796386001e-05,2.44930399618776e-05,2.53637531180442e-05,2.62505563291963e-05,2.71534864039498e-05,2.8072579742534e-05,2.90078723418282e-05,2.99593998002337e-05,3.0927197322443e-05,3.19112997241897e-05,3.29117414367845e-05,3.3928556511652e-05,3.49617786247393e-05,3.60114410808329e-05,3.70775768178238e-05,3.81602184108538e-05,3.92593980763905e-05,4.03751476762669e-05,4.15074987215802e-05,4.26564823765868e-05,4.38221294624613e-05,4.50044704610771e-05,4.62035355186115e-05
0,0,0,0,0,0,0,0,0,0,0,0,0,0,0,0,0,0,0,0,0,0,0,0,0,0,0,0,0,0,0,0,0,0,0,0,0,0,2.10683733887909e-05,3.10127663058855e-05,3.81750883119622e-05,4.39442015134469e-05,4.882239873946e-05,5.30612555519601e-05,5.68089041531038e-05,6.01616909661081e-05,6.31866893239551e-05,6.59329690470611e-05,6.84378154011741e-05,7.0730419953399e-05,7.28341985823991e-05,7.47683148654978e-05,7.6548719233901e-05,7.81888802437154e-05,7.97003129783785e-05,8.10929696509222e-05,8.2375534113898e-05,8.35556478088398e-05,8.46400858024212e-05,8.56348958290435e-05,8.65455094732638e-05,8.73768320672008e-05,8.81333161133292e-05,8.88190218048104e-05,8.94376673311789e-05,8.99926710176805e-05,9.04871868755798e-05,9.09241347920702e-05,9.13062263248543e-05,9.16359868670948e-05,9.19157747945874e-05,9.21477980883845e-05,9.23341288329535e-05,9.2476715916858e-05,9.25773962046249e-05,9.2637904402276e-05,9.26598818012069e-05,9.26448840551909e-05,9.25943881202168e-05,9.25097984670252e-05,9.23924526592038e-05,9.22436263761845e-05,9.20645379488764e-05,9.18563524660812e-05,9.16201855019149e-05,9.13571065076088e-05,9.10681419052391e-05,9.07542779164435e-05,9.04164631544901e-05,9.00556110050842e-05,8.96726018178758e-05,8.92682849282847e-05,8.88434805268481e-05,8.83989813914518e-05,8.79355544961921e-05,8.74539425090025e-05,8.69548651891081e-05,8.64390206941902e-05,8.59070868061593e-05,8.53597220838611e-05,8.47975669499737e-05,8.42212447190634e-05,8.36313625731543e-05,8.30285124907329e-05,8.24132721346759e-05,8.1786205704565e-05,8.11478647582809e-05,8.04987890079351e-05,7.98395070949376e-05,7.91705373490062e-05,7.84923885360752e-05,7.78055605998977e-05,7.71105454028058e-05,7.6407827470855e-05,7.5697884749302e-05,7.49811893747811e-05,7.42582084710228e-05,7.35294049759312e-05,7.27952385086247e-05,7.20561662861866e-05,7.13126441014193e-05,7.05651273743936e-05,6.98140722928314e-05,6.90599370586934e-05,6.8303183261684e-05,6.75442774038298e-05,6.67836926041426e-05,6.60219105179801e-05,6.52594235127726e-05,6.44967371505179e-05,6.37343730383328e-05,6.29728721222616e-05,6.22127985165393e-05,6.14547439828177e-05,6.06993332017929e-05,5.9947230015967e-05,5.9199144869141e-05,5.84558437295605e-05,5.77181588644351e-05,5.69870019406408e-05,5.62633800704651e-05,5.55484156158111e-05,5.48433708311521e-05,5.41496787942966e-05,5.34689825916742e-05,5.28031854592097e-05,5.21545156384955e-05,5.15256112564882e-05,5.0919632842198e-05,5.03404145881005e-05,4.97926708721862e-05,4.92822831145767e-05,4.88167059309431e-05,4.84055547197797e-05,4.80614767275796e-05,4.78014788466244e-05,4.76490177556031e-05,4.7637415877484e-05,4.78156974847888e-05,4.82591060646838e-05,4.90893398836244e-05,5.05168266814326e-05,5.29390199594558e-05,5.72047981644764e-05,6.54937295507603e-05,8.54512694515636e-05,0.000170528700419309,0.00533262445275321,5.6857241946504e-07,4.73037954382811e-06,9.99733352973903e-06,1.31938819489084e-05,1.51386243578636e-05,1.6335449143994e-05,1.70603265203261e-05,1.74716575679465e-05,1.76657264610494e-05,1.77041192231989e-05,1.76279641454197e-05,1.74657439548717e-05,1.72378015351382e-05,1.69590551604129e-05,1.66406982670878e-05,1.62912993590217e-05,1.59175346427966e-05,1.55246886055013e-05,1.51170038271022e-05,1.46979303865865e-05,1.42703069036217e-05,1.38364940975184e-05,1.33984747695699e-05,1.29579296523986e-05,1.25162956546102e-05,1.20748110876464e-05,1.16345511459032e-05,1.11964560050678e-05,1.07613532701911e-05,1.03299760560833e-05,9.90297766061173e-06,9.48094355739345e-06,9.06440126267704e-06,8.65382850381421e-06,8.24966002127606e-06,7.8522932639611e-06,7.46209318278421e-06,7.07939628510135e-06,6.70451407995572e-06,6.33773601865017e-06,5.97933201510437e-06,5.62955461470217e-06,5.28864086781933e-06,4.9568139540882e-06,4.63428459551489e-06,4.3212522900006e-06,4.01790639153337e-06,3.72442705902841e-06,3.44098609223898e-06,3.16774767031247e-06,2.90486900607633e-06,2.65250092724556e-06,2.41078839400555e-06,2.17987096110025e-06,1.95988319134912e-06,1.75095502656119e-06,1.55321212099836e-06,1.36677614180493e-06,1.19176504026659e-06,1.02829329723629e-06,8.76472145635427e-07,7.36409772559805e-07,6.08211503223652e-07,4.9197996868167e-07,3.87815259037642e-07,2.95815063647221e-07,2.16074799647283e-07,1.48687729978215e-07,9.37450719438576e-08,5.13360972317361e-08,2.15482242102152e-08,4.46710323913644e-09,1.76695639285052e-10,8.75934690444093e-09,3.02958546785277e-08,6.48655319640069e-08,1.1254626597743e-07,1.73414573036896e-07,2.4754564980566e-07,3.35013421220159e-07,4.35890585353635e-07,5.50248655485566e-07,6.78157999585543e-07,8.19687877439822e-07,9.74906475573272e-07,1.14388094016894e-06,1.32667740811736e-06,1.52336103634702e-06,1.73399602954999e-06,1.95864566644905e-06,2.19737232466303e-06,2.45023750432243e-06,2.71730185049001e-06,2.99862517447857e-06,3.29426647413357e-06,3.60428395318212e-06,3.92873503964262e-06,4.26767640344452e-06,4.62116397322819e-06,4.98925295244111e-06,5.37199783471827e-06,5.76945241864487e-06,6.18166982188903e-06,6.60870249479251e-06,7.05060223339188e-06,7.50742019196796e-06,7.97920689511152e-06,8.46601224931892e-06,8.96788555418999e-06,9.48487551323227e-06,1.00170302442541e-05,1.05643972894289e-05,1.11270236250069e-05,1.17049556707284e-05,1.22982392988831e-05,1.29069198431471e-05,1.35310421070786e-05,1.41706503724065e-05,1.48257884070404e-05,1.54964994728493e-05,1.61828263332206e-05,1.68848112604011e-05,1.76024960426294e-05,1.83359219910866e-05,1.90851299466236e-05,1.98501602863786e-05,2.06310529301191e-05,2.14278473465436e-05,2.22405825593197e-05,2.30692971530258e-05,2.39140292789514e-05,2.47748166607303e-05,2.56516965998507e-05,2.65447059810702e-05,2.74538812776408e-05,2.83792585564787e-05,2.93208734831984e-05,3.02787613270187e-05,3.12529569655911e-05,3.22434948897023e-05,3.32504092079061e-05,3.42737336510278e-05,3.53135015765931e-05,3.63697459731843e-05,3.74424994646973e-05,3.85317943144799e-05,3.96376624294555e-05,4.07601353641178e-05,4.18992443244988e-05,4.30550201719867e-05,4.42274934271659e-05,4.54166942735451e-05,4.6622652561165e-05
0,0,0,0,0,0,0,0,0,0,0,0,0,0,0,0,0,0,0,0,0,0,0,0,0,0,0,0,0,0,0,0,0,0,0,1.39507408293611e-05,2.73926711440566e-05,3.58125514080372e-05,4.23292700082943e-05,4.77350400775836e-05,5.23805281158522e-05,5.64587790328007e-05,6.00900613659728e-05,6.33556181639228e-05,6.63135724352319e-05,6.90073320905724e-05,7.14704172146381e-05,7.3729414689982e-05,7.58058799697047e-05,7.7717612237382e-05,7.94795388875898e-05,8.11043468075071e-05,8.26029440894179e-05,8.39848049394871e-05,8.5258232138213e-05,8.64305600434423e-05,8.75083138955002e-05,8.84973364610304e-05,8.94028898923887e-05,9.02297385220007e-05,9.09822168086578e-05,9.16642855892815e-05,9.2279579024666e-05,9.28314440694828e-05,9.33229738844156e-05,9.37570362998875e-05,9.41362982070158e-05,9.44632465735778e-05,9.47402066449086e-05,9.49693577824214e-05,9.51527473087224e-05,9.52923026614081e-05,9.53898421049263e-05,9.54470842072417e-05,9.54656562536797e-05,9.54471017425804e-05,9.53928870844424e-05,9.53044076076365e-05,9.5182992958267e-05,9.50299119688865e-05,9.48463770602092e-05,9.46335482308393e-05,9.43925366826478e-05,9.41244081230191e-05,9.3830185779764e-05,9.35108531600756e-05,9.31673565807131e-05,9.2800607493634e-05,9.241148462806e-05,9.20008359677886e-05,9.15694805802089e-05,9.11182103117971e-05,9.0647791363212e-05,9.01589657557164e-05,8.96524526994784e-05,8.9128949873216e-05,8.85891346238492e-05,8.80336650938807e-05,8.74631812837013e-05,8.687830605534e-05,8.62796460836399e-05,8.56677927605697e-05,8.50433230578031e-05,8.4406800352623e-05,8.37587752217728e-05,8.30997862078622e-05,8.24303605626816e-05,8.17510149718113e-05,8.1062256264812e-05,8.0364582115403e-05,7.96584817361479e-05,7.89444365721711e-05,7.82229209989736e-05,7.74944030294915e-05,7.67593450360781e-05,7.60182044936055e-05,7.52714347505703e-05,7.45194858357562e-05,7.37628053093351e-05,7.30018391679619e-05,7.22370328153711e-05,7.14688321114122e-05,7.06976845147591e-05,6.99240403369841e-05,6.91483541290119e-05,6.8371086224584e-05,6.7592704470304e-05,6.68136861774651e-05,6.6034520338141e-05,6.5255710156836e-05,6.447777596006e-05,6.37012585602615e-05,6.29267231678556e-05,6.21547639674446e-05,6.13860095027214e-05,6.06211290510543e-05,5.98608402157866e-05,5.91059180261166e-05,5.83572059152823e-05,5.76156290549929e-05,5.68822106680845e-05,5.61580921352241e-05,5.54445579769621e-05,5.47430671585101e-05,5.40552926767627e-05,5.33831721141265e-05,5.27289728851561e-05,5.20953774207902e-05,5.14855957874456e-05,5.09035166389259e-05,5.03539126394407e-05,4.98427247476604e-05,4.93774630701843e-05,4.89677840806038e-05,4.86263417725564e-05,4.83700771850486e-05,4.82222338975207e-05,4.82156245035061e-05,4.83981557277428e-05,4.88426648367533e-05,4.96655606163994e-05,5.10650197805985e-05,5.34075458041366e-05,5.74525688447821e-05,6.50597225102362e-05,8.22132739023841e-05,0.00014241016861727,0.00305255105175081,8.49664029950809e-06,2.42373682236244e-06,8.11396664189745e-06,1.1795625033521e-05,1.40672162879001e-05,1.54847794963447e-05,1.63646622798864e-05,1.68890534627021e-05,1.71682804140312e-05,1.72725381347412e-05,1.72484536127399e-05,1.71281566833667e-05,1.69344909609458e-05,1.66841397695047e-05,1.63895741474692e-05,1.60603079711304e-05,1.57037306525984e-05,1.53256740073839e-05,1.4930807067056e-05,1.45229167088457e-05,1.41051107921873e-05,1.3679967633095e-05,1.32496476368242e-05,1.28159778013767e-05,1.23805164772554e-05,1.19446035596208e-05,1.15093997954898e-05,1.10759178626815e-05,1.06450471616882e-05,1.02175737556123e-05,9.79419653109413e-06,9.37554039032319e-06,8.96216709184279e-06,8.55458421519778e-06,8.15325261802914e-06,7.75859267352631e-06,7.37098951525881e-06,6.99079746911879e-06,6.61834381603156e-06,6.25393200072841e-06,5.89784437968254e-06,5.55034458392934e-06,5.21167955851846e-06,4.88208132932556e-06,4.56176853903316e-06,4.25094778690221e-06,3.94981480121266e-06,3.65855546836766e-06,3.37734673892454e-06,3.10635742751122e-06,2.84574892103943e-06,2.59567580733417e-06,2.3562864346077e-06,2.12772341059031e-06,1.91012404890055e-06,1.70362076914653e-06,1.50834145638909e-06,1.32440978477233e-06,1.15194550952749e-06,9.91064730974488e-07,8.41880133703718e-07,7.04501203670172e-07,5.79034425638396e-07,4.65583463076819e-07,3.64249322366627e-07,2.75130502955024e-07,1.98323134895325e-07,1.33921105050924e-07,8.2016173082286e-08,4.26980782252438e-08,1.60546377443381e-08,2.17183785354089e-09,1.13391780920925e-09,1.30234478046354e-08,3.79214012302345e-08,7.59072218042827e-08,1.27058886025376e-07,1.91452961358886e-07,2.69164660511647e-07,3.60267892146085e-07,4.64835308306669e-07,5.82938348850026e-07,7.14647283103162e-07,8.60031248997302e-07,1.01915828983822e-06,1.19209538893957e-06,1.37890850224917e-06,1.57966258914117e-06,1.79442164149425e-06,2.02324871120978e-06,2.26620593623793e-06,2.52335456526749e-06,2.79475498114506e-06,3.08046672311044e-06,3.38054850795041e-06,3.69505825013036e-06,4.0240530809559e-06,4.36758936687799e-06,4.72572272692529e-06,5.09850804940531e-06,5.48599950783268e-06,5.88825057620951e-06,6.30531404363309e-06,6.73724202833735e-06,7.18408599113123e-06,7.64589674832619e-06,8.1227244841673e-06,8.61461876277361e-06,9.12162853962594e-06,9.64380217269303e-06,1.01811874330612e-05,1.07338315152868e-05,1.13017810473124e-05,1.18850821001237e-05,1.24837801969968e-05,1.30979203225254e-05,1.37275469313132e-05,1.43727039564051e-05,1.50334348174502e-05,1.5709782428658e-05,1.64017892064292e-05,1.71094970768835e-05,1.78329474830612e-05,1.85721813919951e-05,1.93272393015532e-05,2.00981612471113e-05,2.08849868080152e-05,2.16877551139424e-05,2.25065048510041e-05,2.33412742677857e-05,2.41921011811646e-05,2.50590229820484e-05,2.59420766408977e-05,2.68412987132028e-05,2.77567253447591e-05,2.86883922768708e-05,2.9636334851415e-05,3.06005880158049e-05,3.15811863278059e-05,3.25781639603198e-05,3.35915547059888e-05,3.46213919817514e-05,3.56677088332939e-05,3.67305379394022e-05,3.78099116162454e-05,3.89058618215392e-05,4.00184201586545e-05,4.11476178806478e-05,4.22934858942179e-05,4.34560547635373e-05,4.46353547141013e-05,4.58314156364443e-05,4.70442670897695e-05
0,0,0,0,0,0,0,0,0,0,0,0,0,0,0,0,0,0,0,0,0,0,0,0,0,0,0,0,0,0,0,0,0,2.2549554290456e-05,3.28533199993094e-05,4.03241773901736e-05,4.6359382387082e-05,5.14723456749764e-05,5.59219200243854e-05,5.98610881472755e-05,6.33895849561338e-05,6.65769533007648e-05,6.94741269023369e-05,7.21198388254448e-05,7.45444322709265e-05,7.67722575804397e-05,7.88232494715474e-05,8.07140040021243e-05,8.24585370763879e-05,8.40688329082057e-05,8.55552496908535e-05,8.69268256210268e-05,8.8191513783054e-05,8.93563652139887e-05,9.04276735442354e-05,9.14110906887024e-05,9.23117204121666e-05,9.31341947639786e-05,9.38827370922247e-05,9.45612144308353e-05,9.51731813879862e-05,9.57219171764149e-05,9.62104570630358e-05,9.66416192419665e-05,9.70180279275028e-05,9.73421333039586e-05,9.76162288455569e-05,9.78424664229865e-05,9.80228695370164e-05,9.81593449590147e-05,9.82536930098315e-05,9.83076166697276e-05,9.83227296802064e-05,9.83005637731768e-05,9.82425751415912e-05,9.81501502485889e-05,9.80246110574677e-05,9.78672197533676e-05,9.76791830169058e-05,9.74616559023264e-05,9.7215745365145e-05,9.69425134785336e-05,9.66429803725893e-05,9.63181269262856e-05,9.5968897238291e-05,9.55962008995472e-05,9.52009150878514e-05,9.47838865024927e-05,9.43459331545816e-05,9.38878460274298e-05,9.34103906193981e-05,9.29143083806276e-05,9.24003180537068e-05,9.18691169273928e-05,9.13213820117134e-05,9.07577711418114e-05,9.01789240174957e-05,8.95854631846608e-05,8.89779949643004e-05,8.83571103346263e-05,8.77233857709836e-05,8.70773840484575e-05,8.64196550114652e-05,8.57507363145662e-05,8.5071154138534e-05,8.43814238857268e-05,8.36820508585227e-05,8.29735309248211e-05,8.22563511745197e-05,8.1530990570958e-05,8.0797920601673e-05,8.00576059325822e-05,7.93105050706494e-05,7.85570710398237e-05,7.77977520759829e-05,7.70329923468388e-05,7.62632327037184e-05,7.54889114728402e-05,7.47104652947746e-05,7.39283300219939e-05,7.31429416859385e-05,7.23547375468235e-05,7.15641572415921e-05,7.0771644048023e-05,6.9977646286371e-05,6.91826188835558e-05,6.83870251301059e-05,6.75913386655374e-05,6.67960457355102e-05,6.60016477728294e-05,6.52086643657589e-05,6.44176366911931e-05,6.36291315077823e-05,6.28437458267631e-05,6.20621124067255e-05,6.12849062553245e-05,6.0512852368298e-05,5.97467349981143e-05,5.89874088255004e-05,5.82358125145405e-05,5.74929852753813e-05,5.67600872520302e-05,5.60384248161833e-05,5.53294822111211e-05,5.46349614959587e-05,5.39568334555109e-05,5.32974031647895e-05,5.26593953854005e-05,5.20460671702803e-05,5.1461358360678e-05,5.09100957338281e-05,5.03982745122657e-05,4.99334537134046e-05,4.95253228658847e-05,4.91865333713778e-05,4.89339505997738e-05,4.87905974693414e-05,4.87887790413507e-05,4.89753170939081e-05,4.94207614058122e-05,5.02365964724731e-05,5.16098599541018e-05,5.38797283593003e-05,5.77297487760062e-05,6.47641031304896e-05,7.97768168930543e-05,0.000125415763791702,0.000670597209969026,4.48609228289059e-05,5.66654368566706e-07,6.11797443481098e-06,1.02819795158687e-05,1.29064309884405e-05,1.4565281217224e-05,1.56146420796447e-05,1.62623452173971e-05,1.66341875756103e-05,1.68098940479792e-05,1.68421749531104e-05,1.67671847148337e-05,1.66105176532304e-05,1.63907921032744e-05,1.61218751960982e-05,1.58143107126878e-05,1.547626285082e-05,1.5114156470021e-05,1.4733121575881e-05,1.43373083195299e-05,1.39301143912302e-05,1.3514351923691e-05,1.30923718526333e-05,1.26661578536941e-05,1.22373981889858e-05,1.18075412895264e-05,1.13778392093691e-05,1.09493819285664e-05,1.05231246761052e-05,1.00999098748028e-05,9.68048490389526e-06,9.26551658049181e-06,8.85560304610885e-06,8.45128358518872e-06,8.05304678388323e-06,7.66133734761128e-06,7.27656182819038e-06,6.89909345893403e-06,6.52927625602087e-06,6.16742851312961e-06,5.81384579176486e-06,5.46880349044488e-06,5.13255906062875e-06,4.80535392495565e-06,4.48741514367969e-06,4.17895686721698e-06,3.88018160637303e-06,3.59128134653654e-06,3.31243852796921e-06,3.04382691070199e-06,2.78561233977409e-06,2.53795342405848e-06,2.30100213999295e-06,2.07490436986563e-06,1.85980038287648e-06,1.65582526607314e-06,1.46310931124571e-06,1.2817783630358e-06,1.11195413282847e-06,9.53754482337041e-07,8.07293680376779e-07,6.72682635747414e-07,5.50029108909112e-07,4.39437904702756e-07,3.41011048137396e-07,2.54847945028885e-07,1.8104552902604e-07,1.19698396427619e-07,7.08989299901469e-08,3.47374128166494e-08,1.13021332908685e-08,6.79481901995065e-10,2.95404073065372e-09,1.82086662699047e-08,4.65245661931734e-08,8.79813706136512e-08,1.42657198321335e-07,2.10628718441749e-07,2.9197120790234e-07,3.86758605077704e-07,4.95063559915116e-07,6.1695748084952e-07,7.52510578754383e-07,9.01791908184953e-07,1.06486940610023e-06,1.24180992830063e-06,1.43267928371441e-06,1.63754226673246e-06,1.8564626877156e-06,2.08950340182817e-06,2.3367263362895e-06,2.5981925162031e-06,2.87396208901701e-06,3.1640943477502e-06,3.46864775304152e-06,3.78767995413513e-06,4.12124780881597e-06,4.46940740244472e-06,4.83221406607795e-06,5.20972239378516e-06,5.60198625917416e-06,6.00905883121102e-06,6.43099258934596e-06,6.86783933802161e-06,7.31965022054578e-06,7.78647573245258e-06,8.26836573429758e-06,8.76536946396297e-06,9.27753554848425e-06,9.80491201547277e-06,1.03475463040542e-05,1.09054852754755e-05,1.14787752232882e-05,1.20674618832251e-05,1.26715904426807e-05,1.32912055499393e-05,1.39263513230481e-05,1.45770713584406e-05,1.52434087392625e-05,1.59254060434694e-05,1.66231053516255e-05,1.73365482545378e-05,1.80657758606038e-05,1.88108288030002e-05,1.95717472466026e-05,2.03485708948038e-05,2.11413389960337e-05,2.19500903502217e-05,2.27748633149907e-05,2.36156958117364e-05,2.44726253315593e-05,2.53456889410249e-05,2.62349232877777e-05,2.71403646060455e-05,2.80620487219927e-05,2.90000110589414e-05,2.9954286642503e-05,3.09249101055569e-05,3.19119156931215e-05,3.29153372671618e-05,3.39352083112137e-05,3.49715619349877e-05,3.60244308788298e-05,3.70938475180785e-05,3.81798438674186e-05,3.92824515850015e-05,4.04017019766101e-05,4.15376259996882e-05,4.26902542672994e-05,4.38596170519858e-05,4.50457442896139e-05,4.62486655830984e-05,4.74684102060492e-05
0,0,0,0,0,0,0,0,0,0,0,0,0,0,0,0,0,0,0,0,0,0,0,0,0,0,0,0,0,0,1.52930568935786e-05,2.90781576396323e-05,3.78389580208972e-05,4.46459223978526e-05,5.03048708799919e-05,5.51757758404825e-05,5.9457721670044e-05,6.32750846246447e-05,6.67120364563775e-05,6.98288719443632e-05,7.26706619010251e-05,7.52722335915192e-05,7.7661224134071e-05,7.98600484236671e-05,8.1887220043305e-05,8.37582682763264e-05,8.5486393081719e-05,8.70829444285261e-05,8.85577805540933e-05,8.99195407041814e-05,9.11758561671399e-05,9.23335159360648e-05,9.33985984437516e-05,9.43765775433008e-05,9.52724086704402e-05,9.60905995671921e-05,9.68352688422815e-05,9.75101948502648e-05,9.81188567919362e-05,9.86644695101534e-05,9.91500131345271e-05,9.95782584862789e-05,9.99517889688388e-05,0.000100273019526845,0.00010054421314484,0.000100767495269542,0.00010094486647023,0.00010107821359684,0.000101169319651062,0.000101219872549936,0.000101231472932483,0.000101205641136206,0.000101143823450714,0.000101047397739705,0.000100917678509158,0.000100755921488419,0.000100563327781627,0.000100341047638935,0.000100090183890453,9.98117950803165e-05,9.95068983332774e-05,9.91764719823105e-05,9.88214579823303e-05,9.84427641317444e-05,9.80412661214553e-05,9.76178094284143e-05,9.71732110688647e-05,9.67082612250075e-05,9.62237247570663e-05,9.57203426116542e-05,9.51988331361504e-05,9.46598933079113e-05,9.41041998861874e-05,9.35324104939634e-05,9.29451646363171e-05,9.23430846611933e-05,9.17267766682093e-05,9.10968313704796e-05,9.04538249142143e-05,8.97983196605775e-05,8.91308649337768e-05,8.84519977395592e-05,8.77622434576737e-05,8.70621165120501e-05,8.63521210222227e-05,8.56327514396058e-05,8.49044931718994e-05,8.41678231994643e-05,8.34232106870771e-05,8.26711175949621e-05,8.19119992931287e-05,8.1146305182983e-05,8.03744793311574e-05,7.9596961120155e-05,7.88141859214866e-05,7.80265857972976e-05,7.72345902372691e-05,7.64386269384442e-05,7.56391226368704e-05,7.48365040008182e-05,7.40311985974021e-05,7.32236359458121e-05,7.24142486728902e-05,7.16034737893757e-05,7.07917541084449e-05,6.99795398321732e-05,6.91672903363765e-05,6.83554761904e-05,6.75445814556478e-05,6.6735106315923e-05,6.5927570103917e-05,6.51225148024486e-05,6.43205091170027e-05,6.35221532385147e-05,6.27280844445125e-05,6.19389837232517e-05,6.11555836533781e-05,6.03786778334462e-05,5.96091322368128e-05,5.88478989745617e-05,5.8096033092121e-05,5.73547132175257e-05,5.66252671409981e-05,5.59092037648247e-05,5.52082533628611e-05,5.45244187931195e-05,5.38600413126115e-05,5.32178861007354e-05,5.26012547432113e-05,5.20141351433142e-05,5.14614042386953e-05,5.09491065632321e-05,5.04848439295934e-05,5.00783315629248e-05,4.97422098584973e-05,4.94932599486284e-05,4.93542780788634e-05,4.9357065585012e-05,4.95473918894515e-05,4.99936311140882e-05,5.08026755692865e-05,5.21514029946144e-05,5.43547376030132e-05,5.80313103178353e-05,6.45783432597385e-05,7.79111798633225e-05,0.000114190795686545,0.000357363408962912,0.000223351577082857,1.08277952907794e-07,4.07675108702345e-06,8.65874060840246e-06,1.1654657089498e-05,1.35747138790907e-05,1.48083965059076e-05,1.55901002192818e-05,1.60623685298319e-05,1.63153728631479e-05,1.64085106958945e-05,1.63823569958037e-05,1.62655207668168e-05,1.60787353063774e-05,1.58373893595133e-05,1.55531461070869e-05,1.52350096505147e-05,1.48900461623828e-05,1.45238830121423e-05,1.41410614841718e-05,1.37452907289205e-05,1.33396337042265e-05,1.29266454082324e-05,1.25084770762971e-05,1.20869557199667e-05,1.16636455493236e-05,1.12398959119153e-05,1.08168790766067e-05,1.0395620284829e-05,9.9770218535177e-06,9.56188265913194e-06,9.15091400317942e-06,8.744752619767e-06,8.34397140836867e-06,7.94908834306822e-06,7.56057390986597e-06,7.17885734855771e-06,6.80433191766053e-06,6.43735935656496e-06,6.07827368438534e-06,5.72738444804888e-06,5.38497951078902e-06,5.05132745542016e-06,4.72667966325668e-06,4.41127211887641e-06,4.10532698214456e-06,3.80905396200471e-06,3.52265152073158e-06,3.2463079327495e-06,2.98020221823868e-06,2.72450496863123e-06,2.47937907843852e-06,2.24498039571453e-06,2.02145830165299e-06,1.80895622824759e-06,1.60761212172405e-06,1.41755885836106e-06,1.23892461839349e-06,1.07183322294243e-06,9.16404438245275e-07,7.7275425092161e-07,6.40995117494935e-07,5.21236191029639e-07,4.13583527341429e-07,3.18140272976433e-07,2.35006836857757e-07,1.64281047300177e-07,1.06058295870573e-07,6.0431669419666e-08,2.74920714457288e-08,7.3283338351302e-09,2.73198939802517e-11,5.67401949855625e-09,2.4351637093095e-08,5.61416731940636e-08,1.01123999986051e-07,1.59376931535964e-07,2.30977289100517e-07,3.16000461943092e-07,4.14520464063385e-07,5.26609987155115e-07,6.52340450137013e-07,7.91782045507295e-07,9.45003782808958e-07,1.11207352940707e-06,1.29305804881042e-06,1.48802303672149e-06,1.69703315498263e-06,1.92015206358884e-06,2.15744245090773e-06,2.40896606222574e-06,2.6747837267596e-06,2.95495538324221e-06,3.24954010416491e-06,3.55859611879225e-06,3.88218083502573e-06,4.22035086018036e-06,4.57316202077588e-06,4.94066938137668e-06,5.32292726258168e-06,5.7199892581541e-06,6.13190825144016e-06,6.55873643101581e-06,7.00052530570831e-06,7.45732571893187e-06,7.92918786248606e-06,8.41616128976256e-06,8.91829492842328e-06,9.43563709258827e-06,9.96823549458738e-06,1.05161372562051e-05,1.1079388919584e-05,1.16580364576626e-05,1.22521252843199e-05,1.28617002640807e-05,1.34868057215704e-05,1.41274854505792e-05,1.47837827228994e-05,1.54557402967981e-05,1.61434004253165e-05,1.68468048641949e-05,1.75659948796674e-05,1.8301011255948e-05,1.90518943025183e-05,1.98186838612054e-05,2.06014193130776e-05,2.14001395850775e-05,2.22148831565813e-05,2.30456880656757e-05,2.38925919153224e-05,2.47556318793643e-05,2.56348447083567e-05,2.65302667352478e-05,2.74419338809516e-05,2.83698816597281e-05,2.93141451844936e-05,3.02747591719767e-05,3.12517579477513e-05,3.22451754511317e-05,3.3255045240047e-05,3.42814004956648e-05,3.53242740270533e-05,3.63836982756572e-05,3.74597053196952e-05,3.85523268784923e-05,3.96615943166929e-05,4.0787538648377e-05,4.19301905411456e-05,4.30895803200835e-05,4.42657379716406e-05,4.54586931474482e-05,4.6668475168116e-05,4.78951130268387e-05
0,0,0,0,0,0,0,0,0,0,0,0,0,0,0,0,0,0,0,0,0,0,0,0,0,0,0,0,2.40587543315289e-05,3.47387628489295e-05,4.25286509331771e-05,4.8838378206516e-05,5.41933833297318e-05,5.88601709267089e-05,6.29967753952289e-05,6.67064445284303e-05,7.00612746107247e-05,7.31141233380846e-05,7.59052164756357e-05,7.84660835430366e-05,8.08220368443828e-05,8.29938045058891e-05,8.49986465635614e-05,8.68511416194164e-05,8.85637560206661e-05,9.01472650778507e-05,9.16110709635431e-05,9.29634468064164e-05,9.42117269984541e-05,9.53624576017207e-05,9.64215166817778e-05,9.73942116489816e-05,9.82853587926115e-05,9.90993488613842e-05,9.98402015914501e-05,0.000100511611394093,0.000101116985908097,0.000101659478744849,0.000102142017470207,0.000102567327651843,0.000102937953634264,0.000103256276575709,0.000103524530180334,0.00010374481447987,0.000103919107956097,0.000104049278245121,0.000104137091623831,0.000104184221446252,0.000104192255670591,0.000104162703596003,0.000104097001909854,0.000103996520131567,0.000103862565526362,0.000103696387552227,0.000103499181894214,0.000103272094133295,0.000103016223090539,0.000102732623882032,0.000102422310715681,0.000102086259456951,0.000101725409987616,0.000101340668378218,0.000100932908893238,0.000100502975845073,0.000100051685311685,9.95798267308578e-05,9.90881643827234e-05,9.85774387710477e-05,9.80483679125251e-05,9.75016485426606e-05,9.69379572458017e-05,9.63579515162265e-05,9.57622707566723e-05,9.51515372199466e-05,9.4526356899044e-05,9.38873203704358e-05,9.3235003595265e-05,9.2569968682437e-05,9.18927646176753e-05,9.12039279622271e-05,9.05039835246533e-05,8.97934450092334e-05,8.90728156441553e-05,8.83425887927437e-05,8.76032485508771e-05,8.68552703337965e-05,8.60991214554731e-05,8.53352617038484e-05,8.45641439153833e-05,8.37862145524334e-05,8.30019142874078e-05,8.22116785975217e-05,8.14159383750212e-05,8.06151205573395e-05,7.98096487828551e-05,7.89999440782224e-05,7.81864255840875e-05,7.73695113268715e-05,7.65496190455548e-05,7.57271670834393e-05,7.49025753567065e-05,7.40762664133427e-05,7.32486665982794e-05,7.24202073434058e-05,7.15913266044822e-05,7.07624704708928e-05,6.99340949792954e-05,6.91066681682008e-05,6.82806724180871e-05,6.74566071307309e-05,6.66349918131139e-05,6.58163696455335e-05,6.50013116314885e-05,6.41904214498794e-05,6.33843411588188e-05,6.2583757937572e-05,6.1789412100805e-05,6.10021066812276e-05,6.02227189581132e-05,5.9452214415627e-05,5.86916637577288e-05,5.7942263797241e-05,5.72053632962577e-05,5.6482495190678e-05,5.57754171253642e-05,5.50861629195297e-05,5.44171085692473e-05,5.37710578193471e-05,5.31513544296398e-05,5.25620313829567e-05,5.20080120344866e-05,5.14953855796969e-05,5.10317909426521e-05,5.06269622938474e-05,5.02935214450036e-05,5.00481578318786e-05,4.99134363579958e-05,4.99206596675963e-05,5.01145771507567e-05,5.05614925430156e-05,5.13640086023534e-05,5.26897088341579e-05,5.4831891644496e-05,5.83532312786988e-05,6.44811122098589e-05,7.64658414183637e-05,0.000106317328377423,0.000249215057707697,0.00215708908235563,3.43334588915495e-06,2.13259189601311e-06,6.94219625415982e-06,1.03126446220103e-05,1.25115431284716e-05,1.39443135295506e-05,1.4870995765752e-05,1.54517979309152e-05,1.57881908877161e-05,1.59468627267846e-05,1.59732161799468e-05,1.58991500091797e-05,1.57477011546933e-05,1.5535911944217e-05,1.52766591319732e-05,1.49798552326135e-05,1.46532584753868e-05,1.43030318061527e-05,1.39341368589543e-05,1.35506168953547e-05,1.31558034841596e-05,1.27524698156788e-05,1.23429460313026e-05,1.1929207093724e-05,1.15129405230162e-05,1.1095599176053e-05,1.0678442781321e-05,1.02625709257025e-05,9.84894947601291e-06,9.43843191002402e-06,9.03177666507038e-06,8.62966134535482e-06,8.23269443205047e-06,7.84142499387736e-06,7.45635078548877e-06,7.07792503788337e-06,6.70656218094462e-06,6.34264268929253e-06,5.98651720450534e-06,5.63851005687382e-06,5.29892228659942e-06,4.96803424571226e-06,4.64610784724042e-06,4.33338851641379e-06,4.03010688913185e-06,3.73648029526722e-06,3.45271405809071e-06,3.17900263604807e-06,2.91553062890049e-06,2.6624736668076e-06,2.41999919805622e-06,2.18826718878723e-06,1.96743074612811e-06,1.75763667440116e-06,1.55902597278264e-06,1.37173428155689e-06,1.19589228316695e-06,1.03162606338159e-06,8.79057437221695e-07,7.38304243682127e-07,6.09480612727084e-07,4.92697207653123e-07,3.88061445473583e-07,2.95677697689901e-07,2.15647473512221e-07,1.48069587345565e-07,9.30403121552255e-08,5.065352012127e-08,2.1000811850234e-08,4.17163525677966e-09,2.53395106739086e-10,9.33155411014517e-09,3.14897263502159e-08,6.68097637548128e-08,1.15371836242375e-07,1.77254506106803e-07,2.52534797151684e-07,3.41288259024948e-07,4.43589027178399e-07,5.59509878802735e-07,6.89122285097625e-07,8.32496460150513e-07,9.8970140673831e-07,1.16080495924664e-06,1.34587382399026e-06,1.54497361709599e-06,1.75816890015079e-06,1.98552321379222e-06,2.22709910938476e-06,2.48295817892406e-06,2.75316108330342e-06,3.03776757906015e-06,3.33683654370684e-06,3.6504259997475e-06,3.9785931374843e-06,4.32139433664976e-06,4.67888518702613e-06,5.05112050802451e-06,5.43815436738148e-06,5.84004009895056e-06,6.25683031971387e-06,6.68857694601657e-06,7.13533120910114e-06,7.5971436699555e-06,8.0740642335592e-06,8.56614216252399e-06,9.07342609018402e-06,9.59596403314309e-06,1.01338034033938e-05,1.06869910198815e-05,1.12555731197117e-05,1.18395953688857e-05,1.24391028727017e-05,1.30541401857138e-05,1.36847513214219e-05,1.43309797615583e-05,1.49928684651099e-05,1.56704598770193e-05,1.63637959366176e-05,1.70729180857503e-05,1.77978672767105e-05,1.85386839798769e-05,1.92954081911364e-05,2.00680794390889e-05,2.0856736792051e-05,2.16614188648239e-05,2.24821638253279e-05,2.33190094009932e-05,2.41719928850063e-05,2.50411511424017e-05,2.59265206159729e-05,2.68281373320182e-05,2.7746036905983e-05,2.86802545479104e-05,2.96308250677959e-05,3.05977828807997e-05,3.15811620123357e-05,3.25809961030239e-05,3.35973184135572e-05,3.46301618294317e-05,3.56795588655939e-05,3.67455416709647e-05,3.782814203287e-05,3.89273913814092e-05,4.00433207936628e-05,4.11759609978664e-05,4.23253423774965e-05,4.34914949752433e-05,4.46744484969397e-05,4.58742323153678e-05,4.70908754740671e-05,4.83244066909654e-05
0,0,0,0,0,0,0,0,0,0,0,0,0,0,0,0,0,0,0,0,0,0,0,0,0,1.66364577410295e-05,3.08007730070041e-05,3.99152018386886e-05,4.70218489732725e-05,5.29418809152135e-05,5.80451483554657e-05,6.25370520258132e-05,6.65462369437868e-05,7.01599079103349e-05,7.34406040475863e-05,7.64351121459462e-05,7.91796069570882e-05,8.17028073543582e-05,8.4028012909596e-05,8.61744722039742e-05,8.81583334987485e-05,8.99933241992955e-05,9.16912483874875e-05,9.32623588565888e-05,9.47156404534267e-05,9.6059029391847e-05,9.72995854655877e-05,9.84436290276286e-05,9.94968512143364e-05,0.000100464403575445,0.000101350971656064,0.000102160835932741,0.000102897922681763,0.000103565846756746,0.000104167947807451,0.000104707321139187,0.000105186844160205,0.000105609199171587,0.000105976893105837,0.000106292274704403,0.000106557549533367,0.000106774793164778,0.000106945962793755,0.000107072907515281,0.000107157377447656,0.000107201031859288,0.000107205446430707,0.00010717211976365,0.000107102479232054,0.00010699788625606,0.00010685964106842,0.000106688987033131,0.000106487114567699,0.000106255164713899,0.000105994232395688,0.000105705369398186,0.000105389587097325,0.000105047858966125,0.000104681122880389,0.00010429028324407,0.000103876212952023,0.000103439755205991,0.000102981725197932,0.000102502911673159,0.000102004078384475,0.000101485965447479,0.000100949290605872,0.00010039475041514,9.98230213517393e-05,9.92347608546523e-05,9.86306083051787e-05,9.80111859507037e-05,9.73770997773884e-05,9.67289403364746e-05,9.6067283528535e-05,9.53926913496769e-05,9.47057126033953e-05,9.40068835816633e-05,9.32967287185038e-05,9.25757612193043e-05,9.1844483668805e-05,9.11033886208388e-05,9.03529591726241e-05,8.95936695265577e-05,8.88259855422711e-05,8.80503652819925e-05,8.72672595520939e-05,8.6477112443936e-05,8.5680361877268e-05,8.48774401496256e-05,8.40687744954543e-05,8.32547876587753e-05,8.24358984841286e-05,8.16125225302271e-05,8.07850727120499e-05,7.99539599772143e-05,7.91195940235807e-05,7.82823840657781e-05,7.74427396597142e-05,7.66010715951152e-05,7.57577928681304e-05,7.49133197477232e-05,7.40680729519744e-05,7.32224789532268e-05,7.2376971434421e-05,7.15319929229874e-05,7.06879966338535e-05,6.98454485591049e-05,6.90048298495257e-05,6.8166639542494e-05,6.7331397702403e-05,6.64996490541384e-05,6.5671967208424e-05,6.48489596005115e-05,6.40312732931832e-05,6.32196018317624e-05,6.24146933869405e-05,6.16173604830692e-05,6.08284916906946e-05,6.00490657683595e-05,5.9280168880768e-05,5.85230157097205e-05,5.77789755317492e-05,5.70496046875237e-05,5.63366873554204e-05,5.56422872230616e-05,5.49688136191725e-05,5.43191070619474e-05,5.36965512192834e-05,5.31052213085667e-05,5.2550083558901e-05,5.20372674621017e-05,5.15744437710487e-05,5.11713594084039e-05,5.08406107838989e-05,5.05987891653766e-05,5.04682246069874e-05,5.04797270859341e-05,5.06770578201373e-05,5.11245492237516e-05,5.19207908246362e-05,5.32248402134707e-05,5.5310627279387e-05,5.8692258830474e-05,6.44561499873877e-05,7.53385306758736e-05,0.000100553214908355,0.000196888368973232,0.0193057896594999,1.71800826733805e-05,5.77875401102857e-07,5.16694506713083e-06,8.88503445959504e-06,1.13753762981233e-05,1.30211983361563e-05,1.41038895463865e-05,1.48015402371038e-05,1.52276150299826e-05,1.54566647203675e-05,1.55393268233633e-05,1.55110713470957e-05,1.53974342092548e-05,1.52172487516782e-05,1.49847036566114e-05,1.47106914881543e-05,1.44037156017743e-05,1.40705144676191e-05,1.37165005891315e-05,1.33460749769794e-05,1.29628563511395e-05,1.25698508056085e-05,1.21695791868607e-05,1.176417396584e-05,1.13554537847802e-05,1.09449814500409e-05,1.05341095007726e-05,1.01240163481175e-05,9.71573518324877e-06,9.31017728656483e-06,8.90815096275194e-06,8.51037702993984e-06,8.11750157284329e-06,7.73010650764946e-06,7.34871838446231e-06,6.97381576134453e-06,6.60583541328582e-06,6.24517758560889e-06,5.89221045930442e-06,5.54727396300134e-06,5.21068304070004e-06,4.88273046402055e-06,4.56368926148782e-06,4.25381482459529e-06,3.95334673985856e-06,3.66251038778784e-06,3.38151834274922e-06,3.11057160226018e-06,2.84986066959986e-06,2.59956650989481e-06,2.35986139673364e-06,2.13090966376487e-06,1.91286837363496e-06,1.70588791475632e-06,1.51011253494364e-06,1.32568081968038e-06,1.15272612167388e-06,9.91376947493897e-07,8.41757306282477e-07,7.0398702489756e-07,5.78182033251154e-07,4.64454623169827e-07,3.6291368364946e-07,2.73664915046488e-07,1.96811024428123e-07,1.32451904042585e-07,8.06847946434859e-08,4.16044351843049e-08,1.53032002518204e-08,1.87122643057763e-09,1.39652866793833e-09,1.39651075921697e-08,3.96610486298935e-08,7.85666136808672e-08,1.30762326028614e-07,1.9632704909329e-07,2.7533805957616e-07,3.6787111547261e-07,4.74000519422027e-07,5.93799177755288e-07,7.27338655633161e-07,8.74689228577898e-07,1.03591993070828e-06,1.21109859991822e-06,1.40029192027859e-06,1.60356546184738e-06,1.82098371810216e-06,2.0526101411785e-06,2.29850717508319e-06,2.55873628701039e-06,2.83335799692816e-06,3.12243190555341e-06,3.4260167208103e-06,3.74417028290642e-06,4.07694958812277e-06,4.42441081135974e-06,4.78660932760049e-06,5.16359973229619e-06,5.55543586078724e-06,5.96217080678734e-06,6.38385694004403e-06,6.82054592315709e-06,7.27228872768619e-06,7.73913564951139e-06,8.22113632357042e-06,8.71833973794931e-06,9.23079424740561e-06,9.75854758630423e-06,1.03016468811124e-05,1.08601386623073e-05,1.14340688759145e-05,1.20234828945416e-05,1.26284255280621e-05,1.32489410338419e-05,1.38850731266776e-05,1.4536864988317e-05,1.52043592767002e-05,1.58875981348489e-05,1.65866231995138e-05,1.73014756094585e-05,1.80321960135767e-05,1.87788245786574e-05,1.95414009969905e-05,2.03199644936727e-05,2.11145538337697e-05,2.19252073291758e-05,2.27519628453761e-05,2.35948578079317e-05,2.44539292088311e-05,2.53292136126707e-05,2.62207471626394e-05,2.71285655863577e-05,2.80527042015818e-05,2.89931979217329e-05,2.99500812613075e-05,3.09233883411456e-05,3.1913152893583e-05,3.29194082674486e-05,3.39421874329797e-05,3.49815229865999e-05,3.60374471555917e-05,3.7109991802679e-05,3.81991884304752e-05,3.9305068185895e-05,4.04276618643739e-05,4.15669999140838e-05,4.27231124400341e-05,4.38960292080869e-05,4.50857796488556e-05,4.62923928616044e-05,4.75158976179854e-05,4.87563223657613e-05
0,0,0,0,0,0,0,0,0,0,0,0,0,0,0,0,0,0,0,0,0,0,0,2.55940680865103e-05,3.6667534538984e-05,4.47873250647923e-05,5.13802783462421e-05,5.69848102437021e-05,6.18754751139757e-05,6.62155733114191e-05,7.01119977513336e-05,7.36394870760437e-05,7.68528863904238e-05,7.97939614153648e-05,8.24954643807479e-05,8.49836983262936e-05,8.72802080294479e-05,8.94029366167723e-05,9.13670413425271e-05,9.31854841784643e-05,9.48694690891873e-05,9.64287721858504e-05,9.78719953198079e-05,9.92067638564846e-05,0.000100439883024226,0.000101577463030225,0.000102625020290313,0.000103587560154509,0.000104469645128676,0.000105275451606016,0.000106008817405981,0.000106673281892422,0.000107272120051093,0.000107808371612155,0.000108284866078737,0.000108704244350584,0.000109068977498231,0.000109381383138401,0.000109643639779257,0.000109857799438523,0.000110025798785112,0.000110149469013017,0.00011023054462176,0.000110270671250021,0.000110271412686333,0.0001102342571617,0.000110160623013769,0.000110051863798804,0.000109909272917423,0.000109734087810422,0.000109527493773765,0.000109290627435222,0.000109024579929448,0.000108730399804007,0.00010840909568439,0.000108061638722976,0.000107688964853727,0.000107291976872054,0.000106871546356747,0.000106428515449308,0.000105963698504215,0.000105477883622038,0.00010497183407635,0.000104446289643995,0.000103901967847502,0.000103339565117463,0.00010275975788188,0.000102163203589145,0.000101550541670218,0.00010092239444557,0.000100279367981617,9.96220529012502e-05,9.89510251525439e-05,9.82668467394424e-05,9.75700664181006e-05,9.68612203621444e-05,9.61408327999806e-05,9.54094166272435e-05,9.46674739971234e-05,9.39154968914111e-05,9.31539676748784e-05,9.23833596356169e-05,9.16041375139783e-05,9.08167580226595e-05,9.00216703606269e-05,8.92193167235278e-05,8.84101328134539e-05,8.75945483509305e-05,8.67729875922694e-05,8.59458698556356e-05,8.51136100594585e-05,8.42766192769801e-05,8.34353053115285e-05,8.25900732970673e-05,8.17413263296484e-05,8.08894661356637e-05,8.00348937839071e-05,7.91780104491761e-05,7.83192182366288e-05,7.74589210770153e-05,7.65975257050322e-05,7.57354427346322e-05,7.48730878478362e-05,7.40108831159841e-05,7.31492584763996e-05,7.22886533910098e-05,7.1429518719042e-05,7.05723188418046e-05,6.97175340854242e-05,6.88656634966829e-05,6.80172280388623e-05,6.71727742891426e-05,6.63328787371699e-05,6.5498152807588e-05,6.46692487584719e-05,6.38468666448309e-05,6.303176258413e-05,6.22247586228318e-05,6.1426754583701e-05,6.06387423795198e-05,5.9861823419995e-05,5.90972299265918e-05,5.83463512247858e-05,5.76107664302749e-05,5.68922854258436e-05,5.61930006954195e-05,5.55153535313242e-05,5.48622194927079e-05,5.42370199798303e-05,5.36438697316233e-05,5.30877744966527e-05,5.2574899965205e-05,5.21129438094909e-05,5.17116600240033e-05,5.1383613486035e-05,5.11452917038581e-05,5.10187873806709e-05,5.10344246434917e-05,5.12350077880214e-05,5.1682991123098e-05,5.24732037320046e-05,5.37568616536513e-05,5.57904771805885e-05,5.9045736748719e-05,6.44908514402077e-05,7.44573894677031e-05,9.61982675190743e-05,0.000166743242052807,0.00139918995092221,6.33070037573882e-05,1.9128520651878e-08,3.399735371516e-06,7.38278468506406e-06,1.01676074306676e-05,1.20384986563407e-05,1.32879152825051e-05,1.41107966859547e-05,1.46329886295195e-05,1.49373976648627e-05,1.50802854015854e-05,1.51009738500309e-05,1.50276967135798e-05,1.48812197186658e-05,1.46771452340037e-05,1.44274202164101e-05,1.414134830489e-05,1.38262850355009e-05,1.34881255163485e-05,1.31316530756595e-05,1.27607928412593e-05,1.23787990780055e-05,1.1988395570646e-05,1.15918821972185e-05,1.1191216805345e-05,1.07880788075364e-05,1.03839190787657e-05,9.97999947420463e-06,9.57742439866354e-06,9.17716623053187e-06,8.78008595082809e-06,8.38694999956286e-06,7.99844414018202e-06,7.61518493373006e-06,7.23772928994963e-06,6.86658246130072e-06,6.50220476824734e-06,6.14501728484813e-06,5.79540666765607e-06,5.45372927498269e-06,5.12031469546788e-06,4.79546878269126e-06,4.47947627477947e-06,4.17260306396933e-06,3.87509816963594e-06,3.5871954592379e-06,3.3091151540455e-06,3.04106515064464e-06,2.78324218404038e-06,2.53583285428092e-06,2.29901453499738e-06,2.07295617954952e-06,1.85781903810186e-06,1.65375729700266e-06,1.46091865021038e-06,1.27944481115199e-06,1.10947197220495e-06,9.51131218052807e-07,8.04548898286286e-07,6.69846963962472e-07,5.47143272168814e-07,4.36551862170079e-07,3.38183206242578e-07,2.52144437919836e-07,1.78539560046312e-07,1.17469634749742e-07,6.90329571848085e-08,3.3325214694849e-08,1.0439632845986e-08,4.67109621292743e-10,3.49633892318203e-09,1.96139244035376e-08,4.89044845308351e-08,9.14507497072896e-08,1.47333652163216e-07,2.16632409276432e-07,2.99424600911028e-07,3.95786241279502e-07,5.05791845831304e-07,6.29514493562054e-07,7.67025885152264e-07,9.18396397261865e-07,1.08369513332415e-06,1.26298997108144e-06,1.45634760716194e-06,1.66383359890801e-06,1.88551240367774e-06,2.12144741580476e-06,2.37170100142037e-06,2.63633453124877e-06,2.91540841157901e-06,3.20898211351111e-06,3.51711420061707e-06,3.8398623551119e-06,4.17728340267872e-06,4.52943333597016e-06,4.89636733697096e-06,5.27813979819434e-06,5.67480434290158e-06,6.08641384429732e-06,6.51302044386122e-06,6.95467556879804e-06,7.41142994873628e-06,7.88333363162563e-06,8.37043599900237e-06,8.87278578054421e-06,9.39043106804846e-06,9.92341932878102e-06,1.04717974183675e-05,1.103561159307e-05,1.16149075216556e-05,1.22097302967574e-05,1.28201244458638e-05,1.34461339418187e-05,1.40878022130221e-05,1.47451721531978e-05,1.54182861308709e-05,1.61071859984645e-05,1.68119131011586e-05,1.75325082853468e-05,1.8269011906947e-05,1.90214638393292e-05,1.97899034810704e-05,2.05743697634065e-05,2.13749011575429e-05,2.21915356816194e-05,2.30243109076142e-05,2.38732639679262e-05,2.47384315618334e-05,2.56198499617779e-05,2.65175550194317e-05,2.74315821716182e-05,2.83619664461198e-05,2.93087424672451e-05,3.02719444613321e-05,3.12516062620864e-05,3.22477613157744e-05,3.32604426862711e-05,3.428968306007e-05,3.53355147510506e-05,3.63979697052358e-05,3.74770795054129e-05,3.85728753755964e-05,3.96853881854912e-05,4.081464845476e-05,4.19606863572309e-05,4.3123531725062e-05,4.43032140527638e-05,4.54997625011154e-05,4.67132059010935e-05,4.79435727576532e-05,4.91908912534057e-05
0,0,0,0,0,0,0,0,0,0,0,0,0,0,0,0,0,0,0,0,1.79812050483034e-05,3.25586476759029e-05,4.20398658930555e-05,4.94559609306363e-05,5.56452245705599e-05,6.09879909436098e-05,6.56962719212946e-05,6.99031526878676e-05,7.36989818402768e-05,7.71486196065063e-05,8.03006247058061e-05,8.31925617322462e-05,8.58542643417856e-05,8.8309943158474e-05,9.05796032415933e-05,9.26800296138933e-05,9.46254920582271e-05,9.64282614578599e-05,9.80989960590443e-05,9.96470357555159e-05,0.000101080629942385,0.000102407116482968,0.00010363306409314,0.000104764386937687,0.000105806437831498,0.000106764084764758,0.0001076417742845,0.000108443584410157,0.000109173269136711,0.000109834296117639,0.000110429878773801,0.000110963003812938,0.000111436454944563,0.000111852833420173,0.000112214575908669,0.000112523970122345,0.000112783168533866,0.000112994200465303,0.000113158982782184,0.000113279329387103,0.000113356959675745,0.000113393506092808,0.000113390520903994,0.000113349482282813,0.000113271799796662,0.000113158819364307,0.000113011827747008,0.000112832056626886,0.00011262068631909,0.000112378849158056,0.000112107632593093,0.000111808082024128,0.000111481203404579,0.000111127965635065,0.000110749302768974,0.000110346116048352,0.000109919275786507,0.000109469623112007,0.000108997971586967,0.000108505108711297,0.000107991797323315,0.000107458776905986,0.000106906764807299,0.000106336457382227,0.0001057485310632,0.000105143643365304,0.000104522433831782,0.000103885524925095,0.000103233522868109,0.000102567018439945,0.000101886587730173,0.000101192792855382,0.000100486182641226,9.97672932734011e-05,9.90366489203649e-05,9.82947623307548e-05,9.75421354080874e-05,9.67792597654497e-05,9.6006617262498e-05,9.52246805273811e-05,9.44339134657734e-05,9.3634771759497e-05,9.28277033571169e-05,9.20131489587452e-05,9.11915424977071e-05,9.03633116215335e-05,8.95288781748706e-05,8.86886586872476e-05,8.78430648686637e-05,8.69925041161836e-05,8.61373800352949e-05,8.52780929796284e-05,8.44150406136336e-05,8.35486185028516e-05,8.26792207372622e-05,8.18072405938345e-05,8.09330712451653e-05,8.00571065221563e-05,7.91797417399434e-05,7.83013745974404e-05,7.74224061628225e-05,7.65432419590035e-05,7.56642931659176e-05,7.47859779587831e-05,7.39087230056909e-05,7.30329651513486e-05,7.2159153319646e-05,7.12877506734515e-05,7.04192370781388e-05,6.95541119246183e-05,6.86928973794721e-05,6.78361421446262e-05,6.69844258270184e-05,6.61383640421045e-05,6.52986144041047e-05,6.44658835934214e-05,6.36409357390998e-05,6.28246024163948e-05,6.20177946398576e-05,6.12215173378195e-05,6.043688693415e-05,5.96651528497322e-05,5.89077239878966e-05,5.81662016108431e-05,5.74424204868091e-05,5.67385008459381e-05,5.60569146127577e-05,5.54005707139795e-05,5.47729261941275e-05,5.41781327272615e-05,5.36212324065823e-05,5.31084232741109e-05,5.26474253588939e-05,5.2247994518576e-05,5.19226585917758e-05,5.16877965196339e-05,5.1565262022903e-05,5.15849008213887e-05,5.17885908199325e-05,5.22369959403048e-05,5.30214165073753e-05,5.42858386602473e-05,5.62710520524262e-05,5.94114770304586e-05,6.45752989807616e-05,7.37704855500562e-05,9.28291271063731e-05,0.000147431183325168,0.000597224853606104,0.00024011911259654,1.76216118147776e-06,1.7646733954991e-06,5.82706899963979e-06,8.89237745563326e-06,1.09966229399872e-05,1.24226124759685e-05,1.33789669925783e-05,1.40037644674356e-05,1.43886092365915e-05,1.4595732551834e-05,1.466857790004e-05,1.46382743725913e-05,1.45276631500073e-05,1.43538643048959e-05,1.41299556176636e-05,1.38660979034055e-05,1.35703066894853e-05,1.32489925090953e-05,1.2907346422982e-05,1.25496198840426e-05,1.21793311123205e-05,1.17994194709421e-05,1.14123624659266e-05,1.10202654898982e-05,1.06249314235912e-05,1.02279151685399e-05,9.83056677794624e-06,9.43406586899883e-06,9.03944930318145e-06,8.64763362077404e-06,8.25943335285195e-06,7.87557606769979e-06,7.49671481116035e-06,7.12343845246851e-06,6.75628033586473e-06,6.39572555301527e-06,6.04221708623616e-06,5.69616102208062e-06,5.3579309954494e-06,5.02787199376066e-06,4.70630362632395e-06,4.39352294474376e-06,4.08980688487703e-06,3.79541438843369e-06,3.51058825236129e-06,3.23555674603886e-06,2.97053502974629e-06,2.71572640245292e-06,2.47132340254855e-06,2.23750878145268e-06,2.0144563670308e-06,1.80233183121209e-06,1.60129337405972e-06,1.41149233484816e-06,1.23307373912915e-06,1.06617678958903e-06,9.10935307389012e-07,7.67478129797546e-07,6.3592946917129e-07,5.16409237640842e-07,4.09033341357174e-07,3.13913947622137e-07,2.31159727834529e-07,1.60876078834273e-07,1.03165324895114e-07,5.81269023669272e-08,2.58575287300805e-08,6.45135761745325e-09,1.2119175643247e-13,6.59326110419304e-09,2.63180491272011e-08,5.9259698437084e-08,1.05501466414687e-07,1.65124749744991e-07,2.38209172507244e-07,3.24832667889475e-07,4.2507155407333e-07,5.39000604820435e-07,6.66693115179591e-07,8.08220962763994e-07,9.63654664931383e-07,1.13306343225045e-06,1.31651521848886e-06,1.51407676747756e-06,1.72581365703357e-06,1.95179034021972e-06,2.19207018410345e-06,2.4467155062547e-06,2.71578760909503e-06,2.99934681230559e-06,3.29745248341856e-06,3.61016306671574e-06,3.93753611056176e-06,4.27962829330241e-06,4.63649544777068e-06,5.00819258457148e-06,5.39477391417247e-06,5.79629286790563e-06,6.21280211793912e-06,6.64435359630231e-06,7.09099851300795e-06,7.55278737335288e-06,8.02976999439797e-06,8.52199552076752e-06,9.02951243970999e-06,9.55236859554268e-06,1.00906112034411e-05,1.06442868627425e-05,1.12134415696032e-05,1.17981207292365e-05,1.23983691675995e-05,1.30142311427072e-05,1.36457503554248e-05,1.42929699599469e-05,1.49559325738254e-05,1.56346802876876e-05,1.63292546745698e-05,1.70396967989711e-05,1.77660472255347e-05,1.85083460275281e-05,1.92666327949576e-05,2.00409466424795e-05,2.08313262170212e-05,2.16378097052131e-05,2.24604348405091e-05,2.32992389102171e-05,2.41542587621911e-05,2.50255308114063e-05,2.59130910463374e-05,2.68169750351456e-05,2.77372179316805e-05,2.86738544813534e-05,2.96269190268172e-05,3.05964455135251e-05,3.15824674951356e-05,3.25850181387823e-05,3.36041302301913e-05,3.46398361787063e-05,3.56921680221576e-05,3.67611574316497e-05,3.78468357161987e-05,3.89492338273004e-05,4.00683823633691e-05,4.12043115740867e-05,4.23570513646134e-05,4.35266312998049e-05,4.47130806082407e-05,4.59164281862072e-05,4.71367026015934e-05,4.83739320977408e-05,4.96281445971369e-05
0,0,0,0,0,0,0,0,0,0,0,0,0,0,0,0,0,0,2.71533470213011e-05,3.86379377431141e-05,4.70989039917232e-05,5.39840746028037e-05,5.98458373940787e-05,6.49672194823686e-05,6.95170154059284e-05,7.36059037652561e-05,7.73113597757509e-05,8.06902829335487e-05,8.37860286527303e-05,8.66326100638024e-05,8.92573510572704e-05,9.16826373304502e-05,9.39271150136767e-05,9.60065366044356e-05,9.79343737039861e-05,9.9722270888043e-05,0.000101380388516999,0.000102917666134489,0.000104342027943687,0.000105660545283174,0.000106879566672244,0.000108004823047132,0.000109041513773606,0.000109994377588491,0.000110867751599425,0.000111665620729084,0.000112391659444558,0.000113049267205816,0.000113641598761294,0.000114171590185872,0.000114641981377246,0.000115055335588184,0.000115414056463414,0.000115720402964347,0.000115976502496796,0.000116184362502405,0.000116345880730876,0.000116462854374298,0.000116536988216186,0.000116569901923956,0.000116563136594111,0.000116518160643131,0.00011643637512381,0.000116319118535062,0.000116167671184473,0.000115983259154075,0.000115767057913912,0.000115520195621512,0.00011524375614106,0.000114938781811565,0.000114606275989745,0.000114247205390636,0.000113862502245626,0.000113453066295972,0.000113019766637459,0.000112563443430164,0.000112084909485979,0.000111584951744954,0.000111064332650522,0.00011052379143262,0.000109964045306827,0.000109385790596747,0.000108789703786361,0.000108176442508288,0.000107546646473391,0.000106900938346789,0.000106239924574684,0.000105564196166361,0.000104874329435023,0.00010417088670111,0.000103454416961335,0.00010272545652659,0.000101984529631452,0.000101232149018079,0.000100468816497081,9.96950234876433e-05,9.89112515393915e-05,9.81179728381849e-05,9.73156506979797e-05,9.65047400410837e-05,9.56856878687372e-05,9.48589337243613e-05,9.40249101515014e-05,9.3184043148848e-05,9.23367526245016e-05,9.14834528520622e-05,9.06245529309242e-05,8.97604572536751e-05,8.88915659834404e-05,8.80182755443865e-05,8.71409791289954e-05,8.62600672257538e-05,8.537592817186e-05,8.4488948735536e-05,8.35995147335054e-05,8.27080116897828e-05,8.18148255427322e-05,8.09203434084466e-05,8.0024954409775e-05,7.91290505814424e-05,7.8233027863825e-05,7.73372871996334e-05,7.64422357504019e-05,7.55482882524823e-05,7.46558685359372e-05,7.37654112337103e-05,7.28773637140305e-05,7.19921882750339e-05,7.11103646485378e-05,7.02323928694027e-05,6.93587965787642e-05,6.84901268442788e-05,6.76269665987043e-05,6.67699358214798e-05,6.59196976173149e-05,6.50769653828504e-05,6.42425113004984e-05,6.34171764600046e-05,6.2601882988628e-05,6.17976486755949e-05,6.10056047154243e-05,6.02270173795263e-05,5.94633146745074e-05,5.87161193836153e-05,5.79872903532561e-05,5.72789745325794e-05,5.65936731849467e-05,5.59343269891636e-05,5.53044266309322e-05,5.47081582544004e-05,5.41505972928481e-05,5.36379705293856e-05,5.31780161101508e-05,5.27804869811926e-05,5.24578690030011e-05,5.22264284411594e-05,5.21077791547135e-05,5.2131296385812e-05,5.23379613836778e-05,5.27867302437075e-05,5.35655872652802e-05,5.48118371072596e-05,5.67520265398002e-05,5.97876631521668e-05,6.47015865558575e-05,7.32393758738802e-05,9.01753756734489e-05,0.000134150379380274,0.000375294470635769,0.00138798466884725,8.8069711969236e-06,4.90811323312141e-07,4.2556438912391e-06,7.55801473356594e-06,9.89739120379183e-06,1.15081026573314e-05,1.26057304047563e-05,1.33395469477e-05,1.38099379770478e-05,1.40853680374376e-05,1.42136450459717e-05,1.42289831776999e-05,1.41564406460517e-05,1.40147598798556e-05,1.38182271250675e-05,1.35779185027845e-05,1.33025535449074e-05,1.29990919321826e-05,1.26731586017016e-05,1.23293518311255e-05,1.19714700438012e-05,1.16026811907471e-05,1.12256509218518e-05,1.08426407508819e-05,1.04555840793444e-05,1.00661456802135e-05,9.67576868408484e-06,9.2857120217245e-06,8.89708050696243e-06,8.51084919168218e-06,8.1278832247376e-06,7.74895415324911e-06,7.37475338779195e-06,7.00590339050862e-06,6.64296702302466e-06,6.28645539778226e-06,5.9368345050803e-06,5.5945308330323e-06,5.25993615465221e-06,4.93341162274059e-06,4.61529128675042e-06,4.30588512477348e-06,4.00548166701051e-06,3.71435027370427e-06,3.43274311964369e-06,3.16089692849274e-06,2.89903449316998e-06,2.6473660125454e-06,2.4060902699732e-06,2.17539567516341e-06,1.95546118766004e-06,1.74645713743802e-06,1.5485459558247e-06,1.36188282808151e-06,1.18661627736131e-06,1.02288868839681e-06,8.70836778127825e-07,7.30592019521153e-07,6.02281023994781e-07,4.86025887149967e-07,3.81944501928965e-07,2.90150842774498e-07,2.10755223941768e-07,1.43864534714655e-07,8.95824539591975e-08,4.80096461420805e-08,1.92439407102737e-08,3.3804964974257e-09,5.11952639546612e-10,1.07285673132489e-08,3.4118345467014e-08,7.07671565865436e-08,1.20758843425354e-07,1.84175322531569e-07,2.61096677314313e-07,3.51601244324071e-07,4.55765693327599e-07,5.73665101751948e-07,7.05373023938694e-07,8.50961555689304e-07,1.01050139445826e-06,1.18406189559551e-06,1.37171112491083e-06,1.57351590790217e-06,1.78954187588572e-06,2.01985350927312e-06,2.26451417822482e-06,2.52358618089139e-06,2.79713077937668e-06,3.08520823365884e-06,3.38787783357105e-06,3.70519792899892e-06,4.03722595842976e-06,4.38401847595691e-06,4.74563117684955e-06,5.12211892181136e-06,5.51353575996173e-06,5.91993495070892e-06,6.34136898449618e-06,6.7778896025703e-06,7.22954781579094e-06,7.69639392257737e-06,8.17847752599723e-06,8.67584755010237e-06,9.18855225555096e-06,9.71663925452067e-06,1.02601555249618e-05,1.08191474243452e-05,1.1393660702705e-05,1.19837405152649e-05,1.25894314344836e-05,1.3210777461689e-05,1.38478220381923e-05,1.45006080560514e-05,1.51691778683829e-05,1.58535732993174e-05,1.65538356535993e-05,1.72700057258414e-05,1.80021238094383e-05,1.87502297052326e-05,1.95143627298204e-05,2.02945617236327e-05,2.10908650587244e-05,2.19033106463612e-05,2.2731935944286e-05,2.3576777963874e-05,2.44378732769578e-05,2.53152580225292e-05,2.62089679132196e-05,2.71190382415921e-05,2.80455038862433e-05,2.89883993177628e-05,2.99477586045174e-05,3.09236154182636e-05,3.19160030396462e-05,3.29249543635345e-05,3.39505019041993e-05,3.49926778004077e-05,3.60515138203415e-05,3.71270413664503e-05,3.82192914801271e-05,3.93282948463234e-05,4.04540817980368e-05,4.15966823206984e-05,4.27561260564134e-05,4.39324423082342e-05,4.51256600441858e-05,4.63358079013188e-05,4.75629141895947e-05,4.8807006895799e-05,5.00681136872054e-05
0,0,0,0,0,0,0,0,0,0,0,0,0,0,0,1.93264694834768e-05,3.43497457613386e-05,4.42114088168281e-05,5.19470639143893e-05,5.84139628758361e-05,6.40035644399455e-05,6.89348056591868e-05,7.33453943072401e-05,7.73289403059202e-05,8.09527061813402e-05,8.42670815676254e-05,8.73110654188177e-05,9.01156407912898e-05,9.27059569373877e-05,9.51027978024649e-05,9.73236036852958e-05,9.93832022627392e-05,0.000101294344383705,0.000103068105036145,0.000104714188932545,0.000106241167178952,0.000107656663209499,0.000108967500744383,0.000110179822892721,0.000111299189033639,0.000112330654373159,0.000113278835844031,0.000114147967128838,0.000114941944939476,0.000115664368206626,0.00011631857147414,0.000116907653521668,0.00011743450203076,0.000117901814949562,0.000118312119085983,0.000118667786361165,0.000118971048077254,0.00011922400749169,0.000119428650940315,0.000119586857711519,0.000119700408840936,0.000119770994969619,0.000119800223386447,0.00011978962435767,0.000119740656831187,0.000119654713590839,0.000119533125925244,0.000119377167867152,0.000119188060051459,0.000118966973234012,0.000118715031507856,0.00011843331524881,0.000118122863818532,0.000117784678049761,0.000117419722535469,0.000117028927741232,0.000116613191957711,0.00011617338310864,0.000115710340427584,0.000115224876015657,0.000114717776290917,0.000114189803339102,0.000113641696174451,0.000113074171918306,0.000112487926902731,0.000111883637705437,0.000111261962121797,0.000110623540079323,0.000109968994499317,0.000109298932110171,0.000108613944216264,0.00010791460742625,0.000107201484344118,0.000106475124226159,0.000105736063606855,0.000104984826896351,0.000104221926952166,0.000103447865627533,0.000102663134298647,0.000101868214373097,0.000101063577781544,0.000100249687454609,9.94269977871817e-05,9.85959550918812e-05,9.77569980437985e-05,9.69105581183735e-05,9.60570600244627e-05,9.51969221345897e-05,9.43305569145341e-05,9.34583713543895e-05,9.25807674035487e-05,9.16981424119163e-05,9.08108895801781e-05,8.99193984219365e-05,8.90240552408784e-05,8.81252436265187e-05,8.72233449722931e-05,8.63187390204044e-05,8.54118044382393e-05,8.45029194317858e-05,8.35924624023541e-05,8.26808126535855e-05,8.17683511569348e-05,8.08554613849933e-05,7.99425302233077e-05,7.90299489733973e-05,7.8118114461394e-05,7.72074302694617e-05,7.62983081099054e-05,7.53911693657295e-05,7.44864468253357e-05,7.35845866446424e-05,7.26860505762e-05,7.17913185125964e-05,7.09008914012368e-05,7.00152945993547e-05,6.91350817531195e-05,6.82608393028884e-05,6.73931917400857e-05,6.65328077704448e-05,6.56804075756105e-05,6.48367714127352e-05,6.4002749853271e-05,6.31792760418166e-05,6.23673804601615e-05,6.15682088194348e-05,6.07830438860957e-05,6.00133322937565e-05,5.92607177259126e-05,5.85270823127214e-05,5.78145987188397e-05,5.71257962909526e-05,5.6463645901477e-05,5.58316699564217e-05,5.52340867211815e-05,5.46760021261628e-05,5.41636683066311e-05,5.37048375864668e-05,5.33092556247906e-05,5.29893618793869e-05,5.27613064555504e-05,5.26464631209357e-05,5.26737449392057e-05,5.28832653897589e-05,5.33323504711094e-05,5.41058641302984e-05,5.5334922761252e-05,5.72331280081871e-05,6.01727762419692e-05,6.48633375397713e-05,7.28350084689577e-05,8.80564931563392e-05,0.000124546648252475,0.000278358674668902,0.327788222408092,2.87724251559336e-05,6.05242962349772e-09,2.73346179838359e-06,6.17921860691054e-06,8.74467724205509e-06,1.05453294243327e-05,1.17911523209857e-05,1.26401460309512e-05,1.32011434760324e-05,1.35489690484435e-05,1.37359898390429e-05,1.37996774745161e-05,1.37674428452981e-05,1.3659753776503e-05,1.34921826266597e-05,1.32767795083844e-05,1.30230126557745e-05,1.27384252730102e-05,1.24291028873505e-05,1.2100011578477e-05,1.17552466135892e-05,1.13982178606995e-05,1.10317898888221e-05,1.0658389119452e-05,1.0280086698442e-05,9.8986632544763e-06,9.51565998889659e-06,9.13241934079145e-06,8.75011762264999e-06,8.36979141407328e-06,7.99235906132757e-06,7.61863830846809e-06,7.24936084763384e-06,6.88518439822436e-06,6.52670279092578e-06,6.17445443051945e-06,5.82892943362698e-06,5.49057567730632e-06,5.15980394764354e-06,4.83699234088009e-06,4.52249004083719e-06,4.21662057347326e-06,3.91968462122715e-06,3.6319624652432e-06,3.35371611177654e-06,3.08519114950078e-06,2.82661837681846e-06,2.57821523179529e-06,2.34018705224904e-06,2.11272818915663e-06,1.89602299303921e-06,1.69024669002473e-06,1.49556616179404e-06,1.31214064159776e-06,1.14012233679272e-06,9.79656986844968e-07,8.30884364577416e-07,6.93938727341846e-07,5.68949223936967e-07,4.56040262314083e-07,3.55331842475944e-07,2.66939858415772e-07,1.9097637245373e-07,1.27549864935161e-07,7.67654618760344e-08,3.87251428497042e-08,1.35279311309484e-08,1.27006788465696e-09,2.04517198052101e-09,1.59443868397954e-08,4.30565155617066e-08,8.34681454447514e-08,1.37263762892757e-07,2.04525859596669e-07,2.85335030784531e-07,3.79770066253319e-07,4.87908034812976e-07,6.09824362745053e-07,7.45592906748867e-07,8.95286021892995e-07,1.05897462494307e-06,1.23672825350278e-06,1.42861512124707e-06,1.63470216962725e-06,1.85505511628336e-06,2.08973850044222e-06,2.33881572552842e-06,2.60234909922506e-06,2.88039987112548e-06,3.17302826821821e-06,3.48029352832634e-06,3.80225393165617e-06,4.13896683059823e-06,4.49048867791879e-06,4.85687505340685e-06,5.23818068914862e-06,5.63445949347182e-06,6.04576457368531e-06,6.47214825765615e-06,6.91366211435628e-06,7.37035697337445e-06,7.84228294355596e-06,8.32948943070037e-06,8.83202515450198e-06,9.3499381647063e-06,9.88327585654416e-06,1.04320849854859e-05,1.09964116813965e-05,1.15763014620472e-05,1.21717992461058e-05,1.27829493655753e-05,1.340979557776e-05,1.40523810767124e-05,1.47107485043101e-05,1.53849399608381e-05,1.60749970152342e-05,1.67809607149136e-05,1.75028715953044e-05,1.8240769688936e-05,1.89946945343391e-05,1.97646851845479e-05,2.05507802153751e-05,2.13530177333412e-05,2.21714353834517e-05,2.30060703566174e-05,2.38569593969245e-05,2.47241388086323e-05,2.56076444629746e-05,2.65075118047644e-05,2.74237758588003e-05,2.83564712360662e-05,2.93056321398131e-05,3.02712923713862e-05,3.12534853359754e-05,3.2252244048163e-05,3.32676011373463e-05,3.42995888529749e-05,3.53482390697343e-05,3.64135832924952e-05,3.7495652661256e-05,3.85944779558418e-05,3.97100896005921e-05,4.08425176688956e-05,4.19917918875955e-05,4.3157941641318e-05,4.43409959767268e-05,4.55409836066333e-05,4.67579329140341e-05,4.79918719560979e-05,4.92428284680126e-05,5.05108298667655e-05
0,0,0,0,0,0,0,0,0,0,0,0,0,2.87342001993488e-05,4.06481327214516e-05,4.94619762749518e-05,5.66486584617593e-05,6.27755860788964e-05,6.81347092714467e-05,7.29005598940415e-05,7.71877516310399e-05,8.10765960894963e-05,8.46261178887122e-05,8.78813144941231e-05,9.08775000243548e-05,9.36430507503609e-05,9.62012186384278e-05,9.85713735791275e-05,0.000100769880573692,0.000102810735398215,0.000104706035638459,0.00010646633658055,0.000108100924735886,0.00010961803126806,0.000111025000789895,0.000112328426491857,0.000113534259508374,0.000114647898317503,0.000115674262484238,0.000116617853996211,0.000117482808669586,0.000118272939536861,0.000118991773706187,0.000119642583864081,0.000120228415351699,0.000120752109558919,0.000121216324236345,0.000121623551212355,0.000121976131913715,0.000122276271017273,0.000122526048503866,0.00012272743034013,0.000122882277976693,0.000122992356821539,0.000123059343822311,0.000123084834271184,0.000123070347929223,0.000123017334552742,0.000122927178892911,0.000122801205229826,0.000122640681493801,0.000122446823020108,0.000122220795976887,0.000121963720501222,0.000121676673573997,0.000121360691660269,0.000121016773138838,0.000120645880541843,0.000120248942622917,0.000119826856270128,0.000119380488278435,0.000118910676994582,0.000118418233845933,0.000117903944763865,0.000117368571510809,0.000116812852919435,0.000116237506051613,0.000115643227283839,0.00011503069332536,0.000114400562174675,0.000113753474019504,0.000113090052084707,0.000112410903432727,0.000111716619720134,0.000111007777914117,0.000110284940971988,0.000109548658486967,0.000108799467302977,0.00010803789210105,0.000107264445959941,0.000106479630893165,0.000105683938364647,0.000104877849785221,0.000104061836991735,0.000103236362710917,0.000102401881009678,0.000101558837733787,0.000100707670936641,9.98488112999887e-05,9.89826825483417e-05,9.81097018588521e-05,9.72302802686657e-05,9.63448230815062e-05,9.54537302755848e-05,9.45573969149694e-05,9.3656213566652e-05,9.27505667256511e-05,9.18408392509277e-05,9.0927410814856e-05,9.00106583693815e-05,8.90909566324916e-05,8.81686785986291e-05,8.72441960776268e-05,8.63178802668289e-05,8.53901023620998e-05,8.44612342138574e-05,8.35316490353434e-05,8.26017221713415e-05,8.16718319368621e-05,8.07423605365505e-05,7.98136950777121e-05,7.88862286915365e-05,7.79603617799586e-05,7.70365034082285e-05,7.6115072867292e-05,7.51965014339779e-05,7.428123436273e-05,7.33697331486737e-05,7.24624781100312e-05,7.15599713472707e-05,7.06627401486132e-05,6.97713409262161e-05,6.88863637858514e-05,6.80084378562769e-05,6.71382375336249e-05,6.62764898335378e-05,6.54239830912168e-05,6.4581577310752e-05,6.3750216544544e-05,6.29309437869662e-05,6.2124919003088e-05,6.13334410940911e-05,6.05579748442252e-05,5.98001842224704e-05,5.90619738621819e-05,5.83455411642076e-05,5.76534423408498e-05,5.69886769552838e-05,5.63547972925403e-05,5.57560515015995e-05,5.51975733202135e-05,5.46856370552568e-05,5.42280055485557e-05,5.38344131648283e-05,5.35172490025743e-05,5.32925440785691e-05,5.31814323995591e-05,5.32123734214222e-05,5.34246408560043e-05,5.38740038136337e-05,5.46423861763864e-05,5.58551609149463e-05,5.77141275399706e-05,6.05655380844597e-05,6.50553546746228e-05,7.25350298360396e-05,8.63475230477113e-05,0.00011733927990531,0.00022574137938364,0.00345930316026651,8.42217608743484e-05,1.13293579043167e-06,1.37080441695016e-06,4.78041164647776e-06,7.54532979053698e-06,9.53638661812539e-06,1.09358248383415e-05,1.19056462851793e-05,1.25621440870173e-05,1.29864125997632e-05,1.32354940598494e-05,1.33502595083827e-05,1.33605961242911e-05,1.32887955016825e-05,1.31517921365232e-05,1.29626684602453e-05,1.27316862537514e-05,1.24670069445741e-05,1.21752037246414e-05,1.18616317930395e-05,1.15307002008674e-05,1.11860743172866e-05,1.08308286191896e-05,1.04675633994872e-05,1.00984949183096e-05,9.725525765073e-06,9.35030030490508e-06,8.9742487624174e-06,8.5986225634056e-06,8.22452288804914e-06,7.8529239069801e-06,7.48469181879958e-06,7.12060054715571e-06,6.76134476089533e-06,6.4075507348704e-06,6.05978545757549e-06,5.71856430705589e-06,5.38435755092101e-06,5.05759587537642e-06,4.73867510846987e-06,4.42796027139401e-06,4.12578906685225e-06,3.83247489383633e-06,3.54830946224302e-06,3.27356506811929e-06,3.00849657990341e-06,2.75334317776631e-06,2.50832988121285e-06,2.27366889455033e-06,2.04956079515539e-06,1.83619558565614e-06,1.6337536279983e-06,1.44240647463626e-06,1.26231760993388e-06,1.09364311298409e-06,9.36532251463972e-07,7.91128014829366e-07,6.57567594036212e-07,5.35982814013029e-07,4.26500524279045e-07,3.29242952432407e-07,2.44328024618583e-07,1.71869656573167e-07,1.11978018402241e-07,6.47597758730054e-08,3.03183106587923e-08,8.75392169403258e-09,1.6400954597942e-10,4.64324549575257e-09,2.22837268232814e-08,5.31751196311525e-08,9.74047903945414e-08,1.55057927294414e-07,2.26217652282072e-07,3.10965124718787e-07,4.09379637354278e-07,5.21538705314589e-07,6.47518148730135e-07,7.87392169532019e-07,9.41233422934762e-07,1.10911308403256e-06,1.29110090994671e-06,1.48726529784501e-06,1.69767333921293e-06,1.92239087064087e-06,2.16148252143237e-06,2.41501175824806e-06,2.68304092705985e-06,2.96563129255704e-06,3.26284307526427e-06,3.57473548648513e-06,3.90136676127095e-06,4.24279418952455e-06,4.59907414541012e-06,4.97026211513869e-06,5.35641272330185e-06,5.75757975779497e-06,6.17381619349061e-06,6.60517421466015e-06,7.05170523633329e-06,7.51345992456077e-06,7.99048821574398e-06,8.48283933499482e-06,8.9905618136988e-06,9.51370350622336e-06,1.00523116059071e-05,1.06064326603104e-05,1.11761125858455e-05,1.17613966817198e-05,1.23623296433596e-05,1.29789555752068e-05,1.36113180030857e-05,1.42594598859615e-05,1.49234236273481e-05,1.56032510862019e-05,1.62989835874275e-05,1.70106619319941e-05,1.77383264066912e-05,1.84820167934766e-05,1.92417723785888e-05,2.00176319612392e-05,2.08096338620979e-05,2.16178159314044e-05,2.24422155569221e-05,2.32828696714844e-05,2.41398147604693e-05,2.50130868688996e-05,2.59027216083861e-05,2.68087541638688e-05,2.77312193001276e-05,2.86701513681042e-05,2.96255843110776e-05,3.0597551670593e-05,3.15860865923101e-05,3.25912218316205e-05,3.36129897591677e-05,3.46514223661527e-05,3.57065512695864e-05,3.67784077173079e-05,3.78670225929864e-05,3.89724264208932e-05,4.00946493706141e-05,4.12337212616633e-05,4.23896715679241e-05,4.35625294220177e-05,4.47523236196051e-05,4.59590826235498e-05,4.71828345679673e-05,4.84236072622336e-05,4.96814281949234e-05,5.0956324537545e-05
0,0,0,0,0,0,0,0,0,0,2.06705640552466e-05,3.61718585513966e-05,4.64281601807117e-05,5.44938547182643e-05,6.124706100458e-05,6.70910432502965e-05,7.225199840587e-05,7.68724509941697e-05,8.10493969848991e-05,8.48525870826953e-05,8.83343040295649e-05,9.15350279389024e-05,9.44869275618056e-05,9.72161196205902e-05,9.9744190331693e-05,0.000102089254553672,0.000104266713989656,0.00010628981311878,0.000108170055370925,0.000109917520391595,0.000111541109815307,0.000113048740392397,0.000114447497697298,0.000115743759878999,0.00011694329833543,0.000118051360394633,0.000119072737808725,0.000120011823947722,0.000120872661907713,0.000121658985251248,0.000122374252724696,0.000123021678015797,0.000123604255398484,0.000124124781945602,0.000124585876860288,0.000124989998374664,0.000125339458584082,0.000125636436520275,0.000125882989715616,0.000126081064468536,0.000126232504986485,0.000126339061554795,0.00012640239785726,0.000126424097555279,0.000126405670216618,0.000126348556672192,0.000126254133867912,0.000126123719269636,0.000125958574871586,0.000125759910851846,0.000125528888912929,0.00012526662534089,0.000124974193812011,0.000124652627972711,0.000124302923815483,0.000123926041870618,0.000123522909231618,0.000123094421429911,0.000122641444172976,0.000122164814958308,0.000121665344574444,0.000121143818499046,0.000120600998203075,0.000120037622369124,0.000119454408031276,0.000118852051642954,0.000118231230079023,0.000117592601577238,0.000116936806624261,0.000116264468790547,0.000115576195518478,0.000114872578867162,0.000114154196217739,0.000113421610942118,0.000112675373038238,0.000111916019734561,0.000111144076066239,0.000110360055425598,0.000109564460088807,0.000108757781721165,0.000107940501862725,0.000107113092396388,0.000106276016000035,0.000105429726584666,0.00010457466972011,0.000103711283049957,0.000102839996697491,0.000101961233664044,0.000101075410221594,0.00010018293630122,9.92842158790045e-05,9.83796473613303e-05,9.74696239712343e-05,9.65545341378697e-05,9.56347618910488e-05,9.47106872631545e-05,9.37826867006929e-05,9.28511334881523e-05,9.19163981869813e-05,9.09788490927898e-05,9.00388527143463e-05,8.90967742780715e-05,8.81529782625809e-05,8.72078289680556e-05,8.62616911260875e-05,8.53149305562465e-05,8.43679148767443e-05,8.34210142773171e-05,8.24746023641596e-05,8.15290570876458e-05,8.05847617659999e-05,7.96421062196078e-05,7.87014880336765e-05,7.7763313969471e-05,7.6828001548628e-05,7.58959808387336e-05,7.49676964743019e-05,7.4043609953389e-05,7.31242022581783e-05,7.22099768575279e-05,7.13014631615252e-05,7.03992205130183e-05,6.95038428195047e-05,6.86159639521209e-05,6.77362640677792e-05,6.68654770475595e-05,6.60043992919442e-05,6.51539001742843e-05,6.43149345329721e-05,6.34885576851089e-05,6.26759435800827e-05,6.18784068901594e-05,6.10974300751859e-05,6.03346967819563e-05,5.95921333812221e-05,5.88719610552523e-05,5.81767617016644e-05,5.75095621259978e-05,5.68739427277555e-05,5.62741794082138e-05,5.5715431167886e-05,5.52039915005039e-05,5.47476303663753e-05,5.4356067167215e-05,5.40416371112371e-05,5.38202496951801e-05,5.37127999775303e-05,5.37473025664059e-05,5.3962218505881e-05,5.44118289995176e-05,5.51752842489778e-05,5.63726161068491e-05,5.81948326572048e-05,6.09648666526965e-05,6.52733617457131e-05,7.23219667332491e-05,8.495930850629e-05,0.000111775360697782,0.000193305026230963,0.00105972082037139,0.000260975302393874,5.52604054144198e-06,3.55199707471676e-07,3.40096572623024e-06,6.31050521379726e-06,8.4849692579377e-06,1.00410525917798e-05,1.11364954621367e-05,1.18930641186328e-05,1.2397702974315e-05,1.2712123837248e-05,1.28806907300398e-05,1.29358704230424e-05,1.2901867883539e-05,1.27970519831251e-05,1.26355942352113e-05,1.24285942547037e-05,1.21848662876285e-05,1.19114983549326e-05,1.16142562558456e-05,1.12978799461015e-05,1.09663040532372e-05,1.06228241062886e-05,1.02702233685284e-05,9.91087069978449e-06,9.54679685287222e-06,9.17975453184279e-06,8.81126609284371e-06,8.44266174727544e-06,8.07511039706967e-06,7.70964470467248e-06,7.34718161487715e-06,6.9885392613972e-06,6.63445097883e-06,6.28557698166009e-06,5.94251415068186e-06,5.60580427505501e-06,5.27594102691185e-06,4.95337589015738e-06,4.63852322195109e-06,4.33176459146842e-06,4.03345251354451e-06,3.74391367356818e-06,3.46345172276431e-06,3.19234970933086e-06,2.93087219965508e-06,2.67926713489026e-06,2.43776746071355e-06,2.20659256206346e-06,1.98594952963517e-06,1.7760342808128e-06,1.57703255430035e-06,1.3891207948055e-06,1.21246694181098e-06,1.04723113441905e-06,8.93566342581869e-07,7.51618933619606e-07,6.21529181690827e-07,5.03431726890104e-07,3.97455989736674e-07,3.03726546108267e-07,2.22363466995898e-07,1.53482626939583e-07,9.71959845066446e-08,5.36118377789326e-08,2.28350574538355e-08,4.96729985912458e-09,1.07201917314953e-10,8.35055985852735e-09,2.97904932794257e-08,6.45175959675189e-08,1.12620074756909e-07,1.74183877540236e-07,2.49292811445076e-07,3.38028652076153e-07,4.40471244630598e-07,5.5669859760373e-07,6.86786969756763e-07,8.30810950900399e-07,9.88843537055927e-07,1.16095620043908e-06,1.34721895473823e-06,1.54770041601202e-06,1.76246785964164e-06,1.9915872735825e-06,2.23512340825617e-06,2.49313982331787e-06,2.76569893157133e-06,3.0528620402052e-06,3.35468938958694e-06,3.67124018980229e-06,4.00257265506947e-06,4.34874403620776e-06,4.70981065131927e-06,5.08582791474864e-06,5.47685036452347e-06,5.88293168829352e-06,6.30412474796689e-06,6.74048160303136e-06,7.1920535327371e-06,7.65889105714976e-06,8.14104395719769e-06,8.63856129373186e-06,9.15149142570195e-06,9.67988202748629e-06,1.02237801054343e-05,1.07832320136234e-05,1.13582834690083e-05,1.19489795658034e-05,1.25553647893442e-05,1.31774830293038e-05,1.38153775924094e-05,1.44690912145903e-05,1.5138666072698e-05,1.58241437957152e-05,1.65255654755834e-05,1.72429716775555e-05,1.79764024502466e-05,1.872589733521e-05,1.9491495376282e-05,2.02732351284957e-05,2.10711546667619e-05,2.18852915941872e-05,2.27156830501833e-05,2.35623657182128e-05,2.44253758333856e-05,2.53047491897416e-05,2.62005211473256e-05,2.71127266390484e-05,2.80414001773386e-05,2.89865758605703e-05,2.99482873793485e-05,3.09265680225474e-05,3.19214506832521e-05,3.29329678644688e-05,3.39611516847248e-05,3.50060338834661e-05,3.60676458263709e-05,3.71460185104596e-05,3.82411825691266e-05,3.9353168277016e-05,4.04820055547748e-05,4.16277239737046e-05,4.27903527602802e-05,4.39699208005636e-05,4.51664566445352e-05,4.63799885102865e-05,4.76105442881591e-05,4.88581515447599e-05,5.01228375268983e-05,5.14046291654165e-05
0,0,0,0,0,0,0,0,3.03339911056171e-05,4.26961313813503e-05,5.18750107858316e-05,5.93728181283177e-05,6.57730856041252e-05,7.13771661932055e-05,7.63655881453765e-05,8.08570590255037e-05,8.49348325907422e-05,8.86601332826945e-05,9.20796557446131e-05,9.52300571728166e-05,9.81407992392094e-05,0.000100836026666696,0.000103335854749882,0.000105657278958981,0.000107814834358299,0.000109821084407078,0.00011168699037788,0.000113422195346852,0.000115035245831987,0.000116533767115231,0.00011792460361553,0.000119213932514399,0.000120407356647336,0.000121509981134552,0.000122526477123123,0.000123461135213246,0.000124317910553698,0.000125100461153408,0.000125812180626527,0.000126456226337126,0.000127035543716866,0.000127552887378942,0.000128010839534815,0.000128411826127552,0.000128758131022323,0.000129051908535869,0.000129295194539357,0.000129489916330751,0.000129637901441557,0.000129740885517157,0.000129800519388739,0.000129818375437645,0.00012979595333788,0.000129734685250914,0.000129635940536251,0.000129501030032876,0.000129331209959394,0.000129127685474191,0.000128891613932252,0.000128624107870042,0.000128326237746551,0.000127999034464979,0.000127643491696861,0.000127260568027505,0.000126851188940171,0.000126416248653741,0.00012595661182764,0.000125473115145892,0.000124966568791105,0.000124437757818156,0.000123887443436173,0.00012331636420667,0.000122725237164894,0.00012211475887085,0.0001214856063957,0.00012083843824883,0.000120173895250455,0.000119492601354022,0.000118795164422451,0.00011808217696188,0.000117354216816306,0.000116611847826116,0.00011585562045349,0.000115086072377247,0.000114303729059591,0.000113509104287094,0.000112702700688004,0.000111885010227981,0.000111056514686005,0.000110217686112464,0.000109368987270951,0.000108510872065562,0.000107643785955174,0.000106768166356331,0.000105884443036304,0.000104993038497601,0.000104094368355719,0.000103188841711405,0.000102276861519047,0.000101358824952813,0.000100435123771963,9.95061446872168e-05,9.85722697298204e-05,9.76338766251927e-05,9.66913391731995e-05,9.57450276372286e-05,9.4795309144294e-05,9.38425480988953e-05,9.28871066133376e-05,9.19293449576643e-05,9.09696220328243e-05,9.00082958706359e-05,8.90457241653681e-05,8.80822648415251e-05,8.71182766636896e-05,8.61541198946744e-05,8.51901570094339e-05,8.42267534729922e-05,8.32642785922926e-05,8.2303106452886e-05,8.13436169536905e-05,8.03861969548419e-05,7.94312415563191e-05,7.84791555280895e-05,7.75303549162211e-05,7.65852688537599e-05,7.56443416105607e-05,7.47080349228609e-05,7.37768306512769e-05,7.28512338256109e-05,7.19317761471162e-05,7.10190200335293e-05,7.01135633109756e-05,6.92160446798373e-05,6.83271501111718e-05,6.74476203672554e-05,6.65782598868444e-05,6.57199473366555e-05,6.48736482086191e-05,6.40404299444086e-05,6.32214802026741e-05,6.24181290611786e-05,6.16318761827571e-05,6.08644242925145e-05,6.01177207481381e-05,5.93940095833012e-05,5.86958972376499e-05,5.80264363637046e-05,5.7389233784993e-05,5.67885911254136e-05,5.62296902412876e-05,5.57188410124981e-05,5.5263817360729e-05,5.48743203685222e-05,5.45626282099517e-05,5.4344526873571e-05,5.42406736962728e-05,5.42786473190629e-05,5.44961223084472e-05,5.49459569915978e-05,5.57046816877959e-05,5.68873519086188e-05,5.86750814005413e-05,6.13698410752505e-05,6.55138101473228e-05,7.21819685750411e-05,8.38265791457269e-05,0.000107384837701245,0.000171575786412061,0.00058460202660235,0.00108364099593492,1.6739595920518e-05,9.64240624392275e-09,2.10349891047409e-06,5.05761550694866e-06,7.39699699093468e-06,9.10909943320437e-06,1.03336184111985e-05,1.11942929898848e-05,1.17830053946058e-05,1.21659502717438e-05,1.23910052011625e-05,1.24932883953961e-05,1.24989935763015e-05,1.24279895936984e-05,1.22955906687943e-05,1.21137770686705e-05,1.18920497972292e-05,1.16380386129162e-05,1.13579413349932e-05,1.10568459754729e-05,1.07389702477926e-05,1.04078419607209e-05,1.00664365302151e-05,9.71728297874451e-06,9.36254649451301e-06,9.00409335625368e-06,8.64354244999051e-06,8.28230648981108e-06,7.92162525872699e-06,7.56259261085212e-06,7.2061785562993e-06,6.85324744069847e-06,6.50457300045335e-06,6.160850901883e-06,5.82270924087208e-06,5.49071737943188e-06,5.16539341844277e-06,4.84721054576236e-06,4.53660245236512e-06,4.23396797230895e-06,3.93967507328199e-06,3.65406430145758e-06,3.37745176581961e-06,3.11013173233911e-06,2.85237888630683e-06,2.60445031141446e-06,2.36658722621846e-06,2.13901651208262e-06,1.92195206132943e-06,1.71559596989472e-06,1.52013959512687e-06,1.33576449625301e-06,1.16264327250318e-06,1.00094031175244e-06,8.50812460687097e-07,7.12409626007866e-07,5.85875314881181e-07,4.71347121739515e-07,3.68957167610231e-07,2.78832497350941e-07,2.01095439467759e-07,1.35863932630659e-07,8.32518224718326e-08,4.33691318244048e-08,1.63223071835641e-08,2.21444383541616e-09,1.14549182201439e-09,1.32124446586537e-08,3.85095125031826e-08,7.71282812866741e-08,1.29157859154172e-07,1.94685011406656e-07,2.73794285024257e-07,3.66568123718772e-07,4.73086974382567e-07,5.93429385688167e-07,7.27672099556595e-07,8.75890136081409e-07,1.03815687250244e-06,1.21454411670595e-06,1.40512217574431e-06,1.60995991973442e-06,1.82912484157222e-06,2.06268311275173e-06,2.31069963562473e-06,2.57323809236909e-06,2.85036099094027e-06,3.14212970819375e-06,3.44860453045133e-06,3.76984469164823e-06,4.10590840928226e-06,4.45685291829609e-06,4.82273450305975e-06,5.2036085275675e-06,5.59952946400747e-06,6.01055091978842e-06,6.43672566314493e-06,6.87810564739761e-06,7.33474203400822e-06,7.80668521443026e-06,8.29398483092638e-06,8.79668979632747e-06,9.31484831287872e-06,9.84850789019341e-06,1.03977153623584e-05,1.09625169042605e-05,1.15429580472353e-05,1.2139083693928e-05,1.27509381326096e-05,1.3378565050807e-05,1.40220075484239e-05,1.46813081502537e-05,1.53565088180568e-05,1.60476509620937e-05,1.67547754522539e-05,1.74779226287102e-05,1.82171323122304e-05,1.89724438140243e-05,1.97438959453051e-05,2.05315270264608e-05,2.13353748959258e-05,2.21554769186958e-05,2.29918699946434e-05,2.38445905664335e-05,2.4713674627285e-05,2.55991577284111e-05,2.65010749862328e-05,2.74194610894026e-05,2.83543503055693e-05,2.93057764879186e-05,3.02737730816046e-05,3.12583731298831e-05,3.22596092801299e-05,3.32775137896982e-05,3.43121185315586e-05,3.53634549998217e-05,3.64315543151083e-05,3.75164472297302e-05,3.86181641328277e-05,3.97367350552734e-05,4.08721896744934e-05,4.20245573192047e-05,4.31938669739647e-05,4.43801472836349e-05,4.55834265577584e-05,4.68037327748501e-05,4.80410935864814e-05,4.92955363214154e-05,5.05670879895448e-05,5.1855775285783e-05
0,0,0,0,0,2.20110845222376e-05,3.80225970167339e-05,4.86883154287492e-05,5.70949177134092e-05,6.41433855622406e-05,7.02495131892059e-05,7.56471144127085e-05,8.04837371890487e-05,8.48598959022156e-05,8.88479202826348e-05,9.250205176499e-05,9.58643008311437e-05,9.89680599898507e-05,0.000101840443608845,0.000104503864589647,0.000106977132443841,0.000109276239680772,0.000111414938600154,0.000113405173206476,0.000115257408552228,0.000116980885920164,0.000118583823378406,0.000120073575424576,0.00012145676153149,0.000122739370733823,0.000123926847529996,0.00012502416304983,0.0001260358744845,0.000126966175078412,0.000127818936466338,0.00012859774475277,0.000129305931437564,0.000129946600067796,0.000130522649322983,0.000131036793105786,0.000131491578104447,0.000131889399209351,0.000132232513099349,0.00013252305025951,0.000132763025648872,0.000132954348201374,0.000133098829314208,0.000133198190454401,0.000133254069994469,0.000133268029372212,0.000133241558655596,0.000133176081582837,0.00013307296013789,0.000132933498713545,0.000132758947907649,0.000132550507991853,0.000132309332087763,0.000132036529080344,0.000131733166295853,0.000131400271967259,0.000131038837508247,0.000130649819614117,0.000130234142205947,0.000129792698232448,0.000129326351342749,0.000128835937441416,0.000128322266136332,0.000127786122088669,0.00012722826627334,0.000126649437157595,0.000126050351804505,0.000125431706907568,0.00012479417976202,0.000124138429178044,0.0001234650963404,0.000122774805618753,0.000122068165332676,0.000121345768474733,0.000120608193394937,0.000119856004449657,0.000119089752617726,0.000118309976086168,0.000117517200808188,0.000116711941035333,0.000115894699826201,0.000115065969533341,0.000114226232270389,0.000113375960361115,0.000112515616771878,0.00011164565552932,0.000110766522124492,0.000109878653905177,0.000108982480457568,0.000108078423978867,0.000107166899642109,0.000106248315954527,0.000105323075110987,0.000104391573343712,0.000103454201269858,0.000102511344238365,0.000101563382677589,0.000100610692445406,9.96536451834078e-05,9.86926086771234e-05,9.7727947224088e-05,9.67600220121033e-05,9.57891915097338e-05,9.48158118718499e-05,9.38402373629114e-05,9.28628208010986e-05,9.18839140269681e-05,9.09038684002177e-05,8.99230353293797e-05,8.89417668391377e-05,8.79604161810696e-05,8.69793384943265e-05,8.59988915234862e-05,8.50194364022845e-05,8.4041338512906e-05,8.30649684321778e-05,8.20907029778111e-05,8.11189263700124e-05,8.01500315263548e-05,7.9184421510737e-05,7.8222511161354e-05,7.72647289264835e-05,7.63115189428695e-05,7.53633433975557e-05,7.44206852224646e-05,7.34840511804111e-05,7.25539754135553e-05,7.1631023540284e-05,7.07157974047932e-05,6.98089406071658e-05,6.89111449707812e-05,6.80231581408585e-05,6.71457925548654e-05,6.62799360859415e-05,6.54265647380039e-05,6.45867578722476e-05,6.37617165773576e-05,6.2952785970256e-05,6.21614824477028e-05,6.13895272224823e-05,6.06388879046548e-05,5.99118304740966e-05,5.92109848056793e-05,5.85394280551478e-05,5.79007918509751e-05,5.7299401607131e-05,5.67404597592025e-05,5.62302899454431e-05,5.57766671176919e-05,5.53892709711316e-05,5.50803198542581e-05,5.48654746550074e-05,5.47651565698908e-05,5.48065172166256e-05,5.50264699669454e-05,5.54765116100182e-05,5.62306949651049e-05,5.73994307659961e-05,5.91547374816571e-05,6.17796737879366e-05,6.57737321056947e-05,7.21039189201864e-05,8.29004847143316e-05,0.000103859828833857,0.000156146588591886,0.000402911512759413,0.0159964978237958,4.31556254820096e-05,9.03468093621978e-07,9.87332159582411e-07,3.81321031640898e-06,6.28148240538569e-06,8.14351740745147e-06,9.49856404039739e-06,1.04665595482318e-05,1.11426874070276e-05,1.15971743160261e-05,1.18813255099221e-05,1.20329361215982e-05,1.2080242582056e-05,1.20446689661046e-05,1.19427206568971e-05,1.1787298754124e-05,1.1588623602172e-05,1.13548929129183e-05,1.10927576033423e-05,1.08076707375208e-05,1.0504146885239e-05,1.01859573568992e-05,9.85627892330536e-06,9.51780836374569e-06,9.17285160877806e-06,8.82339378233499e-06,8.47115473116304e-06,8.11763341854639e-06,7.76414369399244e-06,7.41184332595348e-06,7.06175772877837e-06,6.71479947892778e-06,6.37178446530394e-06,6.03344533080071e-06,5.70044271988297e-06,5.37337473829359e-06,5.05278494763178e-06,4.73916915259058e-06,4.43298118827245e-06,4.13463787527696e-06,3.84452327889561e-06,3.56299238387671e-06,3.29037427626094e-06,3.02697490783703e-06,2.77307950576594e-06,2.52895467951653e-06,2.29485026862081e-06,2.07100096780919e-06,1.85762776026674e-06,1.65493918502694e-06,1.46313246056393e-06,1.28239448333515e-06,1.11290271728707e-06,9.54825988075966e-07,8.08325193726622e-07,6.73553941924815e-07,5.50659122661943e-07,4.39781423846836e-07,3.41055796439509e-07,2.54611874860081e-07,1.80574357646119e-07,1.19063352742995e-07,7.01946912460845e-08,3.40802129552704e-08,1.08280266989681e-08,5.42748034345651e-10,3.32571662595995e-09,1.92751953405673e-08,4.84865528654558e-08,9.10524314537316e-08,1.47062901227728e-07,2.16605602310425e-07,2.9976587592186e-07,3.966268854599e-07,5.07269728473982e-07,6.31773540337046e-07,7.70215590378555e-07,9.22671371097403e-07,1.08921468108939e-06,1.26991770218594e-06,1.46485107133669e-06,1.67408394761302e-06,1.89768407478795e-06,2.13571783980915e-06,2.38825032752232e-06,2.65534537190529e-06,2.93706560414194e-06,3.23347249769854e-06,3.54462641070352e-06,3.87058662580009e-06,4.2114113876585e-06,4.56715793831481e-06,4.93788255053316e-06,5.3236405592597e-06,5.72448639138275e-06,6.14047359384783e-06,6.57165486032044e-06,7.01808205638587e-06,7.47980624351098e-06,7.95687770173731e-06,8.44934595128729e-06,8.95725977303823e-06,9.48066722809462e-06,1.00196156763456e-05,1.05741517942062e-05,1.1144321591495e-05,1.1730170427613e-05,1.23317430269106e-05,1.29490834934634e-05,1.35822353251422e-05,1.42312414271513e-05,1.4896144124926e-05,1.55769851765657e-05,1.6273805784719e-05,1.6986646608022e-05,1.77155477720714e-05,1.84605488800007e-05,1.92216890226119e-05,1.99990067881697e-05,2.07925402718291e-05,2.16023270847048e-05,2.24284043626258e-05,2.32708087746218e-05,2.41295765310346e-05,2.50047433914605e-05,2.58963446723379e-05,2.68044152543406e-05,2.77289895895183e-05,2.86701017082173e-05,2.96277852257545e-05,3.06020733489545e-05,3.15929988823949e-05,3.26005942345717e-05,3.36248914237993e-05,3.46659220840024e-05,3.57237174702794e-05,3.67983084643872e-05,3.78897255800208e-05,3.89979989679504e-05,4.01231584210804e-05,4.12652333793005e-05,4.24242529342771e-05,4.36002458340657e-05,4.47932404876348e-05,4.60032649693168e-05,4.72303470230875e-05,4.84745140667697e-05,4.97357931961311e-05,5.10142111889686e-05,5.2309794508898e-05
0,0,0,3.19498311733546e-05,4.47797907660959e-05,5.43363523316311e-05,6.2155235317214e-05,6.8837270777089e-05,7.46937263942899e-05,7.99114029833291e-05,8.46132707966988e-05,8.88856378056691e-05,9.27920071743335e-05,9.63808287768415e-05,9.96901470902352e-05,0.00010275054378058,0.000105587084014154,0.000108220651067855,0.000110668889587246,0.000112946889635612,0.000115067693897125,0.00011704268109521,0.000118881860805083,0.000120594103577896,0.000122187323002084,0.000123668621490266,0.00012504440829947,0.000126320496023863,0.000127502180202216,0.000128594305540162,0.000129601321418034,0.000130527328745121,0.000131376119766638,0.000132151212087762,0.000132855877917988,0.000133493169339112,0.000134065940244356,0.000134576865474733,0.000135028457582632,0.000135423081576414,0.000135762967938847,0.00013605022416291,0.000136286845008824,0.000136474721653581,0.000136615649877578,0.000136711337411247,0.000136763410545996,0.000136773420099064,0.000136742846808959,0.000136673106227655,0.000136565553166714,0.000136421485747044,0.000136242149095345,0.000136028738725065,0.000135782403634799,0.000135504249153095,0.000135195339555287,0.000134856700474709,0.000134489321128384,0.000134094156374698,0.000133672128618898,0.000133224129580334,0.000132751021934029,0.000132253640837582,0.00013173279535376,0.000131189269777369,0.000130623824875032,0.000130037199044633,0.000129430109401556,0.000128803252797413,0.000128157306776753,0.00012749293047679,0.000126810765474602,0.000126111436585826,0.000125395552618794,0.000124663707087385,0.000123916478885866,0.000123154432928574,0.000122378120757162,0.000121588081117827,0.000120784840511014,0.000119968913715383,0.000119140804288483,0.000118301005045612,0.00011744999851886,0.000116588257397903,0.000115716244954061,0.000114834415449353,0.000113943214531573,0.00011304307961721,0.000112134440263184,0.000111217718528937,0.000110293329329985,0.000109361680784321,0.000108423174552865,0.000107478206175208,0.00010652716540199,0.000105570436525178,0.000104608398707568,0.000103641426313114,0.000102669889239206,0.000101694153252835,0.00010071458033207,9.9731529014736e-05,9.87453547562006e-05,9.77564102984327e-05,9.67650460525546e-05,9.57716104975009e-05,9.47764505976317e-05,9.3779912242341e-05,9.27823407113406e-05,9.17840811693226e-05,9.07854791947633e-05,8.97868813476473e-05,8.87886357819807e-05,8.77910929096336e-05,8.67946061229123e-05,8.57995325845682e-05,8.48062340950707e-05,8.38150780486716e-05,8.2826438491415e-05,8.18406972967712e-05,8.08582454767574e-05,7.98794846497899e-05,7.89048286902578e-05,7.79347055890115e-05,7.69695595597072e-05,7.60098534323838e-05,7.50560713836592e-05,7.41087220628242e-05,7.31683421850953e-05,7.22355006785245e-05,7.13108034891076e-05,7.03948991723892e-05,6.94884854285631e-05,6.85923167750829e-05,6.77072135974258e-05,6.68340728786121e-05,6.59738809851664e-05,6.51277289871396e-05,6.42968311210372e-05,6.34825471768678e-05,6.26864098206156e-05,6.1910158171758e-05,6.11557793743695e-05,6.0425560474177e-05,5.97221537103173e-05,5.90486594481644e-05,5.8408732570803e-05,5.78067204424678e-05,5.72478439250364e-05,5.67384379499273e-05,5.6286275778346e-05,5.59010129156362e-05,5.55948054141057e-05,5.53831878218048e-05,5.52863470785789e-05,5.53310167380653e-05,5.55533733619039e-05,5.6003610089969e-05,5.67534342515821e-05,5.79089138820839e-05,5.96336862917617e-05,6.21936882126805e-05,6.60506279513125e-05,7.20787957370423e-05,8.21437568948303e-05,0.000100990615077607,0.000144712162815825,0.000311262252500087,0.0120519290911264,0.000107414182185898,4.07485505401957e-06,2.10868384166844e-07,2.61730099821764e-06,5.15175075146531e-06,7.14958790643113e-06,8.63369562180753e-06,9.71102568635235e-06,1.04773698481509e-05,1.10061568401833e-05,1.13518816929906e-05,1.15549756657679e-05,1.16457409590775e-05,1.16471969345176e-05,1.15770808066512e-05,1.14492505630239e-05,1.12746762295039e-05,1.10621484476232e-05,1.08187916175037e-05,1.05504404642803e-05,1.02619199709168e-05,9.95725605693222e-06,9.63983599277376e-06,9.31253188398164e-06,8.97779670417662e-06,8.63773969676972e-06,8.29418610902601e-06,7.94872491116202e-06,7.60274721643117e-06,7.25747744187089e-06,6.91399875576221e-06,6.57327399411481e-06,6.23616295772515e-06,5.9034367984933e-06,5.57579004962062e-06,5.25385073722303e-06,4.93818892056384e-06,4.62932393827057e-06,4.3277305834749e-06,4.03384438801262e-06,3.74806616208058e-06,3.47076590892177e-06,3.20228621269415e-06,2.94294518048932e-06,2.69303900549156e-06,2.45284420712642e-06,2.22261959474344e-06,2.00260799395442e-06,1.79303776846951e-06,1.59412416526072e-06,1.40607050659793e-06,1.22906924898093e-06,1.06330292606796e-06,9.08944990251992e-07,7.66160565403133e-07,6.35107121638369e-07,5.15935081409117e-07,4.08788365011201e-07,3.13804882512124e-07,2.31116978201316e-07,1.60851832871935e-07,1.03131828582111e-07,5.80748799705401e-08,2.5794735688858e-08,6.40125309938878e-09,6.49003224328985e-13,6.69572884732905e-09,2.6586096571725e-08,5.97683470172045e-08,1.06336242592855e-07,1.66380875724823e-07,2.3999081842944e-07,3.27252260221371e-07,4.28249135430508e-07,5.43063240896536e-07,6.71774344894134e-07,8.14460288091977e-07,9.71197077205717e-07,1.14205897201401e-06,1.3271185662701e-06,1.52644686305794e-06,1.74011334500754e-06,1.96818603984777e-06,2.21073158162355e-06,2.46781526795722e-06,2.73950111364732e-06,3.02585190091657e-06,3.32692922652425e-06,3.64279354602968e-06,3.97350421538645e-06,4.31911953008489e-06,4.67969676201341e-06,5.05529219422093e-06,5.44596115368827e-06,5.85175804231111e-06,6.27273636617043e-06,6.70894876324342e-06,7.16044702961119e-06,7.62728214435503e-06,8.10950429310553e-06,8.60716289047578e-06,9.12030660129998e-06,9.64898336090246e-06,1.01932403943408e-05,1.07531242347684e-05,1.13286807408911e-05,1.19199551137059e-05,1.25269919123826e-05,1.31498350695232e-05,1.37885279056849e-05,1.44431131433537e-05,1.51136329202335e-05,1.58001288020603e-05,1.65026417948483e-05,1.72212123566547e-05,1.79558804088683e-05,1.87066853470862e-05,1.94736660514998e-05,2.02568608969964e-05,2.10563077627818e-05,2.18720440417171e-05,2.2704106649282e-05,2.35525320322546e-05,2.44173561770319e-05,2.52986146177397e-05,2.61963424440154e-05,2.7110574308535e-05,2.80413444343277e-05,2.8988686621828e-05,2.99526342556905e-05,3.09332203114496e-05,3.19304773618926e-05,3.29444375833357e-05,3.39751327616288e-05,3.50225942980373e-05,3.60868532149249e-05,3.71679401613155e-05,3.82658854182345e-05,3.93807189039799e-05,4.05124701791899e-05,4.16611684518049e-05,4.28268425819253e-05,4.40095210864624e-05,4.52092321437525e-05,4.64260035980288e-05,4.76598629637707e-05,4.89108374299541e-05,5.01789538642063e-05,5.14642388168866e-05,5.27667185250002e-05
2.33449922398126e-05,3.98993833141192e-05,5.0989930385188e-05,5.97487209941953e-05,6.71017016583426e-05,7.34779691401017e-05,7.91193350824968e-05,8.41785909464194e-05,8.87599100278927e-05,9.29382971993994e-05,9.6770021762667e-05,0.000100298676323714,0.000103558917078576,0.00010657888762191,0.000109381853038044,0.000111987338436805,0.000114411944594833,0.00011666994637533,0.00011877374094438,0.000120734189613111,0.000122560882749419,0.000124262348009665,0.00012584621611334,0.000127319354338812,0.000128687975146613,0.000129957725403289,0.000131133760305382,0.000132220805114135,0.000133223207088028,0.000134144979464667,0.000134989838942565,0.000135761237809284,0.000136462391629836,0.000137096303229724,0.000137665783566821,0.000138173469976572,0.000138621842187585,0.000139013236435568,0.000139349857947443,0.000139633792022783,0.000139867013902703,0.000140051397586726,0.000140188723733304,0.000140280686759313,0.000140328901237121,0.000140334907673647,0.000140300177743914,0.000140226119041846,0.000140114079402575,0.00013996535084336,0.000139781173164351,0.000139562737245039,0.00013931118806793,0.000139027627497165,0.000138713116836432,0.000138368679187886,0.000137995301631087,0.000137593937238866,0.000137165506945478,0.000136710901280204,0.000136230981978701,0.000135726583482715,0.000135198514338006,0.000134647558498989,0.000134074476548176,0.00013348000683732,0.000132864866556759,0.00013222975273876,0.00013157534320013,0.000130902297428872,0.000130211257419333,0.000129502848459713,0.000128777679875722,0.000128036345733634,0.000127279425505823,0.000126507484701723,0.000125721075466597,0.000124920737150802,0.000124106996851544,0.000123280369929295,0.000122441360500913,0.000121590461911046,0.000120728157183722,0.000119854919455602,0.000118971212392469,0.000118077490590306,0.000117174199962396,0.000116261778113799,0.00011534065470425,0.000114411251801002,0.000113473984222517,0.000112529259874398,0.000111577480078586,0.000110619039897026,0.000109654328451011,0.00010868372923725,0.000107707620442029,0.000106726375254626,0.00010574036218119,0.000104749945360694,0.000103755484884085,0.000102757337118383,0.00010175585503725,0.000100751388559862,9.97442848999413e-05,9.8734888927134e-05,9.77235435429311e-05,9.67105900737435e-05,9.5696368684004e-05,9.4681218812328e-05,9.36654796344912e-05,9.26494905568549e-05,9.16335917451365e-05,9.06181246933372e-05,8.96034328387197e-05,8.8589862229409e-05,8.75777622522882e-05,8.65674864296576e-05,8.55593932950242e-05,8.45538473591815e-05,8.35512201803808e-05,8.25518915539726e-05,8.15562508399005e-05,8.05646984493127e-05,7.95776475155523e-05,7.85955257789649e-05,7.76187777207802e-05,7.66478669876249e-05,7.56832791565399e-05,7.4725524899935e-05,7.37751436222881e-05,7.28327076552242e-05,7.18988271160946e-05,7.09741555583866e-05,7.00593965713787e-05,6.91553115229452e-05,6.82627286860212e-05,6.73825540486282e-05,6.65157841839062e-05,6.56635216555421e-05,6.48269935636608e-05,6.40075740064843e-05,6.32068114596881e-05,6.24264623785758e-05,6.16685327394303e-05,6.09353297981556e-05,6.02295271223505e-05,5.95542470421636e-05,5.89131662110778e-05,5.83106521923162e-05,5.77519422381632e-05,5.72433802608327e-05,5.67927353062629e-05,5.64096361326523e-05,5.61061743176812e-05,5.58977571453984e-05,5.5804339439659e-05,5.58522456248566e-05,5.60769389539572e-05,5.65273635826669e-05,5.72730039199188e-05,5.84158611342867e-05,6.0111831597295e-05,6.26113007284469e-05,6.63423785789995e-05,7.20992029109684e-05,8.1527482100669e-05,9.86296095804068e-05,0.000135958174347072,0.000257337258526523,0.00204545954674778,0.000284902182239786,1.15071466361693e-05,2.9919715746029e-08,1.52995389583538e-06,4.02717017601122e-06,6.13491702420768e-06,7.74243829425961e-06,8.92940463461704e-06,9.78798975790617e-06,1.0393455029314e-05,1.08030337668382e-05,1.10596598162217e-05,1.11956809167194e-05,1.12357303528145e-05,1.11988067161257e-05,1.10997549298484e-05,1.09503216905784e-05,1.07599136249443e-05,1.05361478766434e-05,1.02852567705005e-05,1.00123888548843e-05,9.72183551958263e-06,9.41720352891236e-06,9.10154779225746e-06,8.77747457140806e-06,8.44722247054544e-06,8.11272655829489e-06,7.77566955931853e-06,7.43752304304395e-06,7.09958080775129e-06,6.76298612567803e-06,6.42875412245457e-06,6.09779027209019e-06,5.7709057699616e-06,5.4488303802588e-06,5.13222322803752e-06,4.82168190890431e-06,4.51775021405358e-06,4.22092470985144e-06,3.93166036514934e-06,3.65037538322241e-06,3.37745536642074e-06,3.11325691860794e-06,2.85811077203247e-06,2.61232451029546e-06,2.37618494708257e-06,2.14996021043046e-06,1.93390157428046e-06,1.7282450723971e-06,1.53321292433834e-06,1.34901479858955e-06,1.17584893421281e-06,1.01390313923819e-06,8.63355681391678e-07,7.243760845136e-07,5.97125842198252e-07,4.81759058567377e-07,3.78423024789694e-07,2.87258738775401e-07,2.08401374549082e-07,1.41980706935067e-07,8.8121496496188e-08,4.69438390472896e-08,1.85634835337666e-08,3.09212161091614e-09,6.37651860413729e-10,1.13044212399738e-08,3.51934460594498e-08,7.24026145174997e-08,1.23026872602129e-07,1.87158394963978e-07,2.64886742188755e-07,3.56299005748959e-07,4.61479941771212e-07,5.80512094647349e-07,7.13475911388444e-07,8.60449847576471e-07,1.02151046560487e-06,1.19673252592585e-06,1.38618907185419e-06,1.58995150851945e-06,1.80808967640504e-06,2.04067191996068e-06,2.28776515166708e-06,2.54943491191874e-06,2.82574542506079e-06,3.11675965189591e-06,3.42253933888905e-06,3.74314506437424e-06,4.07863628196686e-06,4.42907136138302e-06,4.79450762686331e-06,5.17500139339595e-06,5.57060800085067e-06,5.98138184621942e-06,6.40737641407741e-06,6.84864430539061e-06,7.30523726475881e-06,7.77720620627046e-06,8.26460123796323e-06,8.76747168507887e-06,9.28586611211399e-06,9.81983234380563e-06,1.03694174850874e-05,1.09346679400814e-05,1.15156294301724e-05,1.21123470113188e-05,1.27248650904623e-05,1.33532274412963e-05,1.3997477219252e-05,1.46576569759304e-05,1.53338086727831e-05,1.60259736943469e-05,1.67341928608387e-05,1.74585064402712e-05,1.81989541600619e-05,1.89555752182322e-05,1.97284082940651e-05,2.05174915584927e-05,2.13228626839586e-05,2.21445588540098e-05,2.29826167724742e-05,2.38370726723677e-05,2.47079623244061e-05,2.55953210453165e-05,2.64991837057806e-05,2.74195847381469e-05,2.83565581438998e-05,2.93101375008539e-05,3.02803559701255e-05,3.12672463029032e-05,3.22708408469912e-05,3.32911715531322e-05,3.43282699811909e-05,3.53821673061156e-05,3.64528943237086e-05,3.75404814562931e-05,3.86449587581597e-05,3.9766355920887e-05,4.0904702278506e-05,4.20600268125455e-05,4.32323581569432e-05,4.44217246027561e-05,4.56281541028627e-05,4.68516742764727e-05,4.80923124135336e-05,4.93500954790389e-05,5.06250501172177e-05,5.19172026556807e-05,5.32265791093675e-05
5.68442169319004e-05,6.49944817944282e-05,7.19669792044091e-05,7.80834382547443e-05,8.353722683974e-05,8.84557573874369e-05,9.29285108482571e-05,9.70213524621401e-05,0.00010078454848326,0.000104257577105281,0.000107472176240242,0.000110454360448709,0.000113225804551852,0.000115804821856708,0.000118207073764225,0.000120446096047816,0.000122533696769952,0.000124480262293419,0.000126294996180098,0.000127986108216516,0.000129560965792163,0.000131026216456362,0.000132387888126745,0.000133651471766968,0.000134821990165915,0.000135904055590966,0.000136901918454246,0.000137819508660025,0.000138660470945659,0.000139428195258095,0.000140125842999923,0.000140756369817664,0.000141322545478539,0.000141826971282361,0.000142272095376042,0.000142660226274835,0.000142993544843346,0.000143274114948063,0.000143503892959221,0.000143684736252475,0.000143818410837685,0.000143906598223511,0.000143950901610799,0.000143952851494251,0.00014391391074134,0.00014383547920784,0.00014371889794139,0.000143565453018128,0.000143376379051435,0.000143152862407098,0.000142896044155069,0.0001426070227842,0.000142286856703426,0.000141936566550089,0.000141557137323614,0.000141149520361071,0.000140714635169049,0.000140253371124664,0.000139766589057679,0.000139255122723768,0.000138719780178523,0.000138161345060477,0.000137580577790918,0.000136978216697089,0.000136354979065259,0.000135711562129102,0.000135048643998605,0.000134366884534072,0.000133666926169618,0.000132949394689853,0.000132214899963417,0.000131464036636589,0.000130697384789985,0.000129915510561008,0.000129118966734686,0.000128308293305208,0.000127484018010286,0.000126646656840442,0.000125796714524993,0.000124934684996549,0.000124061051835724,0.000123176288697403,0.000122280859720254,0.000121375219920716,0.000120459815572775,0.000119535084574817,0.000118601456804745,0.000117659354464529,0.00011670919241524,0.000115751378503776,0.000114786313882223,0.000113814393321057,0.00011283600551716,0.000111851533397717,0.00011086135442119,0.000109865840876318,0.000108865360180406,0.000107860275178097,0.000106850944441721,0.000105837722574826,0.000104820960519923,0.000103801005872248,0.000102778203201018,0.00010175289437992,0.000100725418928732,9.96961143683193e-05,9.86653165910767e-05,9.76333602495498e-05,9.66005791660173e-05,9.55673067661552e-05,9.4533876540547e-05,9.35006225377038e-05,9.24678798935468e-05,9.14359854021369e-05,9.04052781337281e-05,8.93761001067341e-05,8.83487970212436e-05,8.73237190629409e-05,8.63012217874689e-05,8.52816670970051e-05,8.42654243225626e-05,8.32528714278271e-05,8.2244396352939e-05,8.12403985197551e-05,8.02412905239834e-05,7.92475000439395e-05,7.82594720014082e-05,7.72776710164038e-05,7.63025842060501e-05,7.53347243872999e-05,7.43746337555927e-05,7.34228881264301e-05,7.24801018451966e-05,7.15469334939095e-05,7.06240925522325e-05,6.97123472067698e-05,6.88125335486953e-05,6.79255664588896e-05,6.70524525555537e-05,6.61943056772471e-05,6.53523655024548e-05,6.45280200747091e-05,6.37228332256178e-05,6.29385781860651e-05,6.21772790794408e-05,6.14412625406138e-05,6.07332224643474e-05,6.00563019478803e-05,5.94141979945167e-05,5.88112966996877e-05,5.82528497811262e-05,5.7745207963174e-05,5.72961337347173e-05,5.69152267758516e-05,5.66145122773757e-05,5.64092696162446e-05,5.63192238581572e-05,5.63702991758939e-05,5.65972681507587e-05,5.70478776066924e-05,5.77895029946918e-05,5.89203310178519e-05,6.0589092790864e-05,6.30320060045988e-05,6.66471767737077e-05,7.21590218692886e-05,8.10288936525916e-05,9.66700501694811e-05,0.000129084107402271,0.000222348874561117,0.00094871551508715,0.000936805760389997,2.72349094100425e-05,8.65661292378623e-07,6.41532095917042e-07,2.93563373200658e-06,5.11024484236643e-06,6.82960254651905e-06,8.12411096147807e-06,9.07587824532693e-06,9.75986653859709e-06,1.02352986026603e-05,1.054734941363e-05,1.07303325331636e-05,1.08104843402474e-05,1.08080789750944e-05,1.07389699653979e-05,1.06157029300356e-05,1.0448320771889e-05,1.02449509816962e-05,1.00122384060434e-05,9.75566767450095e-06,9.47980610280308e-06,9.18848868103952e-06,8.8849604280356e-06,8.57198702475921e-06,8.25194160095304e-06,7.9268734156897e-06,7.5985626602802e-06,7.26856452845384e-06,6.93824491553412e-06,6.60880953595015e-06,6.28132782670041e-06,5.95675269035404e-06,5.63593689593434e-06,5.31964677764088e-06,5.00857373561716e-06,4.70334393860289e-06,4.40452654745742e-06,4.11264071570424e-06,3.82816157388136e-06,3.55152536552343e-06,3.28313387178121e-06,3.02335823694544e-06,2.77254228745494e-06,2.53100542091349e-06,2.29904512878471e-06,2.07693920588854e-06,1.86494769118386e-06,1.66331457726621e-06,1.47226932018075e-06,1.29202817631225e-06,1.12279538908302e-06,9.64764244838651e-07,8.18118014535635e-07,6.83030795411067e-07,5.59668264903589e-07,4.48188357352074e-07,3.48741872625823e-07,2.61473024574449e-07,1.86519936195417e-07,1.24015087509764e-07,7.40857213764196e-08,3.68542118361171e-08,1.24383989997301e-08,9.51894019493718e-10,2.5043572525421e-09,1.72017523687924e-08,4.51465788308668e-08,8.6438084900903e-08,1.4117246308118e-07,2.09443029695356e-07,2.91340390114664e-07,3.86952590984922e-07,4.96365260659828e-07,6.19661738922253e-07,7.56923196943673e-07,9.08228748393408e-07,1.07365555241879e-06,1.25327890925416e-06,1.44717234905183e-06,1.65540771454448e-06,1.87805523801086e-06,2.11518361305582e-06,2.3668600616077e-06,2.63315039651065e-06,2.91411908007617e-06,3.20982927892173e-06,3.52034291533765e-06,3.84572071550528e-06,4.18602225477254e-06,4.54130600021661e-06,4.91162935066839e-06,5.29704867446707e-06,5.6976193449668e-06,6.11339577411319e-06,6.54443144410067e-06,6.99077893733573e-06,7.45248996474247e-06,7.92961539259994e-06,8.42220526794323e-06,8.93030884269825e-06,9.45397459652126e-06,9.99325025857431e-06,1.05481828281765e-05,1.11188185944764e-05,1.17052031551548e-05,1.2307381434317e-05,1.29253976994691e-05,1.35592955777932e-05,1.4209118071632e-05,1.48749075733669e-05,1.5556705879541e-05,1.62545542045013e-05,1.69684931933601e-05,1.76985629344807e-05,1.84448029714262e-05,1.92072523144641e-05,1.99859494515437e-05,2.0780932358935e-05,2.15922385113778e-05,2.24199048919318e-05,2.32639680013678e-05,2.41244638673083e-05,2.50014280529424e-05,2.58948956655534e-05,2.68049013646194e-05,2.77314793697309e-05,2.86746634681934e-05,2.96344870224107e-05,3.06109829769819e-05,3.16041838656293e-05,3.26141218178293e-05,3.36408285653289e-05,3.46843354483877e-05,3.5744673421873e-05,3.68218730611365e-05,3.79159645677796e-05,3.90269777751634e-05,4.0154942153864e-05,4.12998868168866e-05,4.24618405247986e-05,4.36408316907035e-05,4.4836888385044e-05,4.60500383403542e-05,4.72803089558116e-05,4.85277273017438e-05,4.97923201239557e-05,5.10741138479831e-05,5.23731345832902e-05,5.36894081272472e-05
7.67753125373886e-05,8.26677568840053e-05,8.79562721658412e-05,9.27488397514253e-05,9.71232413655646e-05,0.000101137847154841,0.000104837886297731,0.000108259320578094,0.000111431355881666,0.000114378136115349,0.000117119923828842,0.000119673946243414,0.000122055016109628,0.000124275996819051,0.000126348157189507,0.000128281446443886,0.000130084710379108,0.000131765863476072,0.000133332027507648,0.000134789644328992,0.000136144568528922,0.000137402144196848,0.000138567269033671,0.000139644448284486,0.000140637840415068,0.000141551296038243,0.000142388391280342,0.000143152456536618,0.000143846601378432,0.000144473736229088,0.000145036591311354,0.000145537733279383,0.000145979579875219,0.00014636441289256,0.000146694389683515,0.000146971553405857,0.000147197842177588,0.000147375097279601,0.000147505070526385,0.000147589430907098,0.000147629770584616,0.000147627610328046,0.000147584404443768,0.000147501545261332,0.000147380367223302,0.000147222150621696,0.000147028125018271,0.00014679947238156,0.000146537329969257,0.000146242792981384,0.000145916917006677,0.000145560720281958,0.000145175185782214,0.000144761263156993,0.000144319870527114,0.000143851896154206,0.00014335819999439,0.00014283961514581,0.00014229694919955,0.000141730985501604,0.000141142484333556,0.000140532184018427,0.000139900801957923,0.000139249035606215,0.00013857756338562,0.000137887045548297,0.000137178124988448,0.000136451428008504,0.000135707565042906,0.000134947131342607,0.000134170707623172,0.000133378860679208,0.000132572143967495,0.000131751098161214,0.000130916251677278,0.000130068121178821,0.00012920721205451,0.000128334018876661,0.000127449025839374,0.000126552707178453,0.000125645527574537,0.000124727942540434,0.000123800398794352,0.000122863334619915,0.000121917180214177,0.000120962358024824,0.000119999283077482,0.000119028363294337,0.000118049999804861,0.000117064587249845,0.000116072514079555,0.000115074162847147,0.00011406991049814,0.000113060128657164,0.000112045183912878,0.000111025438102076,0.000110001248594207,0.000108972968577344,0.000107940947346874,0.000106905530598164,0.00010586706072455,0.000104825877122203,0.000103782316503324,0.000102736713219611,0.000101689399597656,0.000100640706288596,9.95909626341378e-05,9.85404970516512e-05,9.7489637441131e-05,9.64387116171588e-05,9.53880477697187e-05,9.43379749574929e-05,9.32888236386453e-05,9.22409262439813e-05,9.11946177985424e-05,9.01502365983578e-05,8.91081249500626e-05,8.80686299822175e-05,8.70321045387014e-05,8.59989081657835e-05,8.49694082067721e-05,8.39439810200113e-05,8.29230133388829e-05,8.19069037955262e-05,8.08960646338625e-05,7.9890923641873e-05,7.88919263388394e-05,7.78995384596576e-05,7.69142487866422e-05,7.59365723888357e-05,7.4967054341247e-05,7.40062740111423e-05,7.30548500170963e-05,7.2113445989459e-05,7.11827772897687e-05,7.02636188828714e-05,6.93568146013573e-05,6.84632881005832e-05,6.75840558776309e-05,6.67202428244998e-05,6.58731009124732e-05,6.5044031770172e-05,6.42346141377273e-05,6.34466374723064e-05,6.2682143376116e-05,6.1943477055998e-05,6.12333517662394e-05,6.05549302192854e-05,5.99119284087759e-05,5.9308749376229e-05,5.87506574849267e-05,5.82440082377895e-05,5.77965553954784e-05,5.74178674379404e-05,5.71199014994072e-05,5.69178086571953e-05,5.68310867588778e-05,5.6885268519083e-05,5.71144576419964e-05,5.75652524556486e-05,5.83030255555482e-05,5.94223806105716e-05,6.10654025933742e-05,6.34553649898675e-05,6.69634728294386e-05,7.22531489115697e-05,8.06298272163769e-05,9.50328648511442e-05,0.000123576235618504,0.000198066392379629,0.000598637603987423,0.00607602484190861,6.01970522633915e-05,3.43016921851341e-06,8.89477385762917e-08,1.91716520669216e-06,4.0905545269298e-06,5.90180936230988e-06,7.29845153753745e-06,8.34285714651621e-06,9.1064831828733e-06,9.64938204238176e-06,1.00185337537188e-05,1.02500573760037e-05,1.03717417586691e-05,1.0405129993466e-05,1.03670945250836e-05,1.02709956847055e-05,1.01275291380084e-05,9.9453480181964e-06,9.73152317822182e-06,9.49188692828007e-06,9.23129236916318e-06,8.9538110528834e-06,8.66288514611359e-06,8.36144569673819e-06,8.05200539719963e-06,7.73673197595113e-06,7.41750673854854e-06,7.09597162426279e-06,6.77356730674152e-06,6.45156425509556e-06,6.13108821997099e-06,5.8131412729024e-06,5.49861927508802e-06,5.18832646058031e-06,4.882987673387e-06,4.58325868615628e-06,4.28973494153571e-06,4.00295898994857e-06,3.72342684471619e-06,3.45159343373018e-06,3.18787729392652e-06,2.93266462833561e-06,2.68631282445809e-06,2.44915351552175e-06,2.22149525250334e-06,2.00362584343928e-06,1.79581440746154e-06,1.59831318333817e-06,1.41135912615794e-06,1.23517532062646e-06,1.06997223511848e-06,9.15948837110684e-07,7.7329358760129e-07,6.42185329627732e-07,5.22794083855186e-07,4.1528176244707e-07,3.19802810904483e-07,2.36504786249038e-07,1.6552887886503e-07,1.07010384340489e-07,6.10791308602663e-08,2.7859867006611e-08,7.47261422224305e-09,3.29876803842351e-11,5.65248885418935e-09,2.44387726961634e-08,5.64958919964204e-08,1.01924521198432e-07,1.60822161689854e-07,2.33283330367761e-07,3.19399733076683e-07,4.19260424343559e-07,5.32951954686265e-07,6.60558506639741e-07,8.02162020503372e-07,9.57842310761004e-07,1.12767717395681e-06,1.31174248880331e-06,1.5101123091637e-06,1.72285895053868e-06,1.95005307056992e-06,2.19176374408615e-06,2.44805853311789e-06,2.71900355229351e-06,3.00466352998089e-06,3.30510186552589e-06,3.62038068285146e-06,3.95056088075314e-06,4.29570218009244e-06,4.65586316814854e-06,5.03110134032635e-06,5.42147313943621e-06,5.82703399267002e-06,6.24783834651898e-06,6.68393969968869e-06,7.13539063423549e-06,7.6022428449732e-06,8.08454716733903e-06,8.58235360375328e-06,9.09571134864425e-06,9.62466881213796e-06,1.01692736426226e-05,1.07295727481223e-05,1.13056123166845e-05,1.18974378357157e-05,1.25050941104833e-05,1.31286252816677e-05,1.37680748421729e-05,1.44234856531165e-05,1.50948999591834e-05,1.57823594031911e-05,1.64859050401478e-05,1.72055773506178e-05,1.79414162535691e-05,1.86934611186762e-05,1.94617507781502e-05,2.02463235380207e-05,2.10472171890939e-05,2.18644690173416e-05,2.26981158140211e-05,2.35481938853302e-05,2.44147390617453e-05,2.52977867069872e-05,2.61973717267249e-05,2.7113528576891e-05,2.80462912717659e-05,2.89956933917604e-05,2.99617680909669e-05,3.09445481044006e-05,3.19440657550614e-05,3.29603529607396e-05,3.39934412406136e-05,3.5043361721653e-05,3.61101451448071e-05,3.71938218709922e-05,3.82944218869485e-05,3.94119748109012e-05,4.05465098980251e-05,4.16980560458077e-05,4.28666417992412e-05,4.40522953558602e-05,4.5255044570662e-05,4.64749169608507e-05,4.77119397105387e-05,4.89661396752558e-05,5.023754338636e-05,5.15261770553312e-05,5.28320665780267e-05,5.41552375387008e-05
9.23838131327025e-05,9.70628799390476e-05,0.000101347715582004,0.000105290467122997,0.000108932095267545,0.000112305532176608,0.000115437772088277,0.000118351305965864,0.000121065136084371,0.000123595512181437,0.000125956477522485,0.000128160281842271,0.000130217698951262,0.000132138274712989,0.000133930523270175,0.000135602084201013,0.000137159849761135,0.000138610068927893,0.000139958433245928,0.000141210148243766,0.000142369993298786,0.000143442372171282,0.000144431355938911,0.000145340719694123,0.00014617397408644,0.000146934392575588,0.00014762503509369,0.000148248768683996,0.000148808285579763,0.000149306119105061,0.000149744657713095,0.000150126157425113,0.000150452752889516,0.000150726467246077,0.00015094922095136,0.000151122839697612,0.000151249061538127,0.000151329543315367,0.000151365866474782,0.000151359542335636,0.000151312016880519,0.000151224675117189,0.000151098845059263,0.000150935801366375,0.000150736768679509,0.000150502924682661,0.000150235402918494,0.000149935295382047,0.000149603654914172,0.000149241497413695,0.000148849803885144,0.000148429522337287,0.000147981569545843,0.000147506832692433,0.000147006170890563,0.000146480416608412,0.000145930376997105,0.000145356835132261,0.000144760551176161,0.000144142263466687,0.000143502689539098,0.000142842527085755,0.000142162454858875,0.000141463133520261,0.000140745206442612,0.000140009300465426,0.000139256026609469,0.00013848598075235,0.000137699744268458,0.000136897884635533,0.000136080956010499,0.000135249499776691,0.000134404045064454,0.0001335451092472,0.00013267319841447,0.000131788807823875,0.000130892422333266,0.000129984516814726,0.000129065556551632,0.000128135997620088,0.000127196287256054,0.000126246864209085,0.000125288159084067,0.000124320594671731,0.000123344586269088,0.000122360541990826,0.000121368863072385,0.000120369944165951,0.000119364173629997,0.000118351933813486,0.000117333601335487,0.000116309547361274,0.00011528013787567,0.000114245733954737,0.000113206692036648,0.000112163364192852,0.000111116098400548,0.000110065238817528,0.000109011126060676,0.000107954097489336,0.000106894487494775,0.000105832627797415,0.000104768847753271,0.000103703474671329,0.000102636834143826,0.000101569250391499,0.000100501046626097,9.94325454327188e-05,9.83640691749364e-05,9.72959404258299e-05,9.62284824286614e-05,9.51620195910641e-05,9.4096878017702e-05,9.30333860862905e-05,9.19718750732132e-05,9.09126798353993e-05,8.98561395563174e-05,8.88025985650619e-05,8.77524072388434e-05,8.67059230007708e-05,8.56635114268353e-05,8.46255474780573e-05,8.35924168766391e-05,8.25645176478621e-05,8.15422618537227e-05,8.0526077548251e-05,7.95164109905876e-05,7.85137291580795e-05,7.75185226100714e-05,7.65313087626586e-05,7.55526356471039e-05,7.45830862391339e-05,7.36232834651714e-05,7.26738960140501e-05,7.17356451118797e-05,7.08093124534655e-05,6.98957495293006e-05,6.89958886454891e-05,6.81107560080195e-05,6.7241487339041e-05,6.6389346617481e-05,6.55557487000786e-05,6.47422867948764e-05,6.39507660472934e-05,6.31832448868511e-05,6.24420863093303e-05,6.17300219937563e-05,6.10502331601701e-05,6.04064534918036e-05,5.98031014670335e-05,5.92454523743701e-05,5.87398645888554e-05,5.82940811308145e-05,5.79176373510695e-05,5.76224208785866e-05,5.74234543217095e-05,5.73400110015777e-05,5.73972408618284e-05,5.7628599705786e-05,5.80795835673306e-05,5.88136610997399e-05,5.99220655541791e-05,6.15407051250034e-05,6.38809950148276e-05,6.72899311120802e-05,7.23772946458884e-05,8.03156185713464e-05,9.36582833854433e-05,0.000119090599054397,0.000180369117618455,0.000437523399820009,0.121122525247506,0.000132714241700644,8.97006918330168e-06,8.20941734241186e-08,1.02923324833873e-06,3.09660627816699e-06,4.9680524586793e-06,6.45686972831348e-06,7.59135940532435e-06,8.43475638581717e-06,9.04621735652869e-06,9.47385465112054e-06,9.75532435811242e-06,9.91986411959115e-06,9.99025178109701e-06,9.98437393171932e-06,9.91641280589028e-06,9.79772823523075e-06,9.63751118860555e-06,9.44327006279496e-06,9.22119519478732e-06,8.97643450450719e-06,8.71330388750833e-06,8.43544931696184e-06,8.14597289068101e-06,7.84753171340961e-06,7.54241612688914e-06,7.23261209995357e-06,6.91985136558007e-06,6.60565200217813e-06,6.2913515042519e-06,5.97813390614042e-06,5.66705216357489e-06,5.35904672853504e-06,5.05496104879535e-06,4.75555456803333e-06,4.46151368293931e-06,4.17346102122768e-06,3.89196333252976e-06,3.61753822773266e-06,3.35065995775246e-06,3.09176438758555e-06,2.8412532931993e-06,2.59949808638392e-06,2.36684305438429e-06,2.14360818649872e-06,1.93009164780466e-06,1.72657195037118e-06,1.53330986429673e-06,1.35055010427062e-06,1.17852282188503e-06,1.01744492935346e-06,8.6752127649272e-07,7.28945699672847e-07,6.0190195873311e-07,4.86564575640269e-07,3.83099586756214e-07,2.91665218978373e-07,2.12412498636005e-07,1.45485800867597e-07,9.10233462102074e-08,4.91576502639103e-08,2.00159315733449e-08,3.72048222632561e-09,3.89005128071584e-10,1.01349214310433e-08,3.30676511978967e-08,6.92928700102335e-08,1.18912743930791e-07,1.82026144948919e-07,2.58728848812456e-07,3.49113716926118e-07,4.53270863826896e-07,5.7128781158024e-07,7.03249632303288e-07,8.49239079872072e-07,1.00933671182349e-06,1.18362100226608e-06,1.37216844662638e-06,1.57505365890825e-06,1.7923494621225e-06,2.0241269724277e-06,2.27045567754551e-06,2.53140350988691e-06,2.80703691482765e-06,3.09742091451742e-06,3.40261916760322e-06,3.72269402511489e-06,4.05770658290335e-06,4.40771673081036e-06,4.77278319886637e-06,5.15296360071621e-06,5.54831447450631e-06,5.95889132132831e-06,6.38474864155124e-06,6.82593996901635e-06,7.28251790339449e-06,7.75453414072063e-06,8.24203950231661e-06,8.74508396213561e-06,9.26371667271973e-06,9.79798598975923e-06,1.03479394954536e-05,1.09136240206618e-05,1.14950856659968e-05,1.20923698218266e-05,1.27055211874132e-05,1.33345837890447e-05,1.39796009974038e-05,1.46406155440874e-05,1.53176695374234e-05,1.60108044775375e-05,1.67200612707939e-05,1.7445480243605e-05,1.81871011556549e-05,1.89449632125497e-05,1.97191050780024e-05,2.05095648854284e-05,2.13163802491978e-05,2.21395882753259e-05,2.29792255718528e-05,2.38353282587359e-05,2.47079319774649e-05,2.55970719002073e-05,2.65027827387514e-05,2.74250987530221e-05,2.83640537593393e-05,2.93196811384038e-05,3.02920138429802e-05,3.12810844053348e-05,3.22869249444298e-05,3.33095671728609e-05,3.4349042403619e-05,3.54053815565855e-05,3.64786151648592e-05,3.7568773380864e-05,3.86758859823079e-05,3.97999823778996e-05,4.09410916130006e-05,4.20992423749968e-05,4.3274462998607e-05,4.44667814710073e-05,4.56762254368075e-05,4.69028222028834e-05,4.81465987431459e-05,4.9407581703096e-05,5.06857974043038e-05,5.19812718487891e-05,5.3294030723279e-05,5.46240994033065e-05
0.000105605095941608,0.000109481601150759,0.000113069033968111,0.000116397697199173,0.000119492641415745,0.000122374889393277,0.000125062313728323,0.000127570280992699,0.000129912134368509,0.000132099561844452,0.000134142881617078,0.00013605126647194,0.00013783292244331,0.000139495232704675,0.000141044874662585,0.000142487916146192,0.000143829895107546,0.000145075886183251,0.000146230556689389,0.000147298214044651,0.000148282846185041,0.000149188156205829,0.000150017592215914,0.000150774373196272,0.000151461511503277,0.000152081832539119,0.000152637992017642,0.000153132491179083,0.000153567690247161,0.000153945820373131,0.00015426899427215,0.000154539215725013,0.00015475838809138,0.0001549283219593,0.000155050742037041,0.000155127293378286,0.000155159547019147,0.000155149005094371,0.000155097105491542,0.000155005226093867,0.000154874688656108,0.000154706762352291,0.000154502667029231,0.000154263576195706,0.000153990619773569,0.000153684886634244,0.000153347426940954,0.000152979254315153,0.000152581347843373,0.000152154653939028,0.000151700088072164,0.000151218536378645,0.000150710857159504,0.000150177882279394,0.000149620418473038,0.00014903924856689,0.000148435132623279,0.000147808809012847,0.000147160995421404,0.000146492389795919,0.000145803671234606,0.000145095500825219,0.000144368522435584,0.000143623363459711,0.000142860635523048,0.000142080935149585,0.000141284844393751,0.000140472931439543,0.000139645751169266,0.000138803845704028,0.000137947744917969,0.000137077966928149,0.000136195018561666,0.000135299395801844,0.000134391584214752,0.000133472059357568,0.000132541287170146,0.000131599724350901,0.000130647818718345,0.000129686009559129,0.000128714727964012,0.000127734397152309,0.000126745432786254,0.000125748243275821,0.000124743230075109,0.000123730787971131,0.000122711305365767,0.00012168516455197,0.000120652741984714,0.000119614408547837,0.000118570529817467,0.000117521466322874,0.000116467573805726,0.000115409203478541,0.000114346702283358,0.000113280413151483,0.000112210675265486,0.000111137824324368,0.000110062192813196,0.000108984110278355,0.00010790390360976,0.000106821897331509,0.000105738413902506,0.000104653774028837,0.00010356829698973,0.00010248230097927,0.000101396103466141,0.000100310021573971,9.92243724852773e-05,9.81394738720867e-05,9.70556443571585e-05,9.59732040095384e-05,9.48924748795054e-05,9.38137815779249e-05,9.27374519062164e-05,9.1663817543662e-05,9.05932148000902e-05,8.95259854428272e-05,8.84624776085083e-05,8.74030468116413e-05,8.63480570638798e-05,8.52978821203424e-05,8.42529068716448e-05,8.32135289038586e-05,8.21801602523268e-05,8.11532293795903e-05,8.01331834137025e-05,7.9120490689333e-05,7.81156436426034e-05,7.71191621201928e-05,7.61315971754362e-05,7.51535354390863e-05,7.41856041705732e-05,7.3228477118678e-05,7.22828813489285e-05,7.13496052308557e-05,7.04295078235504e-05,6.95235299555725e-05,6.86327073688528e-05,6.77581863911306e-05,6.69012427249081e-05,6.60633041018452e-05,6.5245977764472e-05,6.4451084019853e-05,6.36806974901564e-05,6.29371982005612e-05,6.22233353521433e-05,6.15423076077411e-05,6.08978650958237e-05,6.02944402957665e-05,5.97373177953123e-05,5.92328570546889e-05,5.87887884902382e-05,5.84146125730034e-05,5.81221461794553e-05,5.79262834782329e-05,5.78460760806989e-05,5.79062997224471e-05,5.81397824894656e-05,5.85909618588857e-05,5.93214948691363e-05,6.0419440049009e-05,6.20149542790829e-05,6.43085615883141e-05,6.76253950841011e-05,7.25278290700462e-05,8.00743029289649e-05,9.25003134951325e-05,0.000115388679477817,0.000166985571693756,0.000347908046972488,0.00450660493534934,0.00031129951035548,1.97686936525427e-05,9.48074708844329e-07,3.5471110322564e-07,2.15708069407931e-06,4.04044697650201e-06,5.60525918639834e-06,6.82457954386094e-06,7.74657718728292e-06,8.42701139881926e-06,8.91413487363713e-06,9.24672822467223e-06,9.45530415429442e-06,9.56380482257422e-06,9.5911064448189e-06,9.55220910604054e-06,9.45914155563793e-06,9.32164072327725e-06,9.14766152442999e-06,8.94376101183498e-06,8.71538986109625e-06,8.46711535031636e-06,8.20279340527445e-06,7.92570249647651e-06,7.63864873298798e-06,7.34404902669173e-06,7.04399742073378e-06,6.74031838679902e-06,6.43460995622245e-06,6.1282788594994e-06,5.82256933795678e-06,5.51858690991473e-06,5.21731808740248e-06,4.91964682214594e-06,4.62636829404683e-06,4.33820052811913e-06,4.05579422723708e-06,3.77974113148002e-06,3.51058115469074e-06,3.24880850145536e-06,2.99487693018697e-06,2.74920429796615e-06,2.51217649883174e-06,2.28415088777502e-06,2.06545926711072e-06,1.8564104990692e-06,1.65729279811088e-06,1.46837574782469e-06,1.2899120803244e-06,1.12213925017249e-06,9.65280830022306e-07,8.19547751149932e-07,6.85139408684803e-07,5.62244648479931e-07,4.51042650209448e-07,3.51703719251879e-07,2.64389998217574e-07,1.8925610751426e-07,1.26449723127644e-07,7.61120987241765e-08,3.83785382758562e-08,1.33788246411916e-08,1.23760885573757e-09,2.07476430883155e-09,1.60057094872984e-08,4.3141702528474e-08,8.35901104484256e-08,1.37454655584882e-07,2.04835641502426e-07,2.85830160363347e-07,3.80532283541191e-07,4.89033237064353e-07,6.11421563307298e-07,7.4778327020432e-07,8.98201969089736e-07,1.06275900224243e-06,1.24153356097752e-06,1.43460279517273e-06,1.64204191491607e-06,1.86392428500407e-06,2.1003215128198e-06,2.35130353022068e-06,2.61693866985457e-06,2.89729373640877e-06,3.1924340731645e-06,3.50242362426334e-06,3.82732499296156e-06,4.16719949625744e-06,4.52210721610738e-06,4.89210704751919e-06,5.27725674374685e-06,5.67761295880643e-06,6.09323128748649e-06,6.52416630307199e-06,6.97047159290283e-06,7.4321997919592e-06,7.90940261457007e-06,8.40213088441807e-06,8.91043456291246e-06,9.43436277608154e-06,9.97396384004147e-06,1.05292852851812e-05,1.11003738791109e-05,1.16872756484644e-05,1.229003589962e-05,1.29086992384662e-05,1.35433095891446e-05,1.4193910212003e-05,1.48605437206254e-05,1.55432520981759e-05,1.6242076712924e-05,1.69570583331479e-05,1.76882371413496e-05,1.843565274787e-05,1.91993442039374e-05,1.99793500141711e-05,2.07757081485267e-05,2.15884560538558e-05,2.24176306648868e-05,2.32632684148797e-05,2.41254052457934e-05,2.50040766181251e-05,2.58993175203179e-05,2.68111624778928e-05,2.7739645562185e-05,2.86848003988052e-05,2.9646660175799e-05,3.06252576515113e-05,3.16206251621826e-05,3.26327946293057e-05,3.36617975667084e-05,3.47076650874528e-05,3.5770427910461e-05,3.68501163669707e-05,3.79467604067525e-05,3.90603896041898e-05,4.01910331641031e-05,4.13387199274715e-05,4.25034783769471e-05,4.36853366421988e-05,4.48843225051728e-05,4.61004634050918e-05,4.73337864434284e-05,4.85843183886693e-05,4.98520856810088e-05,5.1137114436836e-05,5.24394304532058e-05,5.37590592121436e-05,5.5096025884802e-05
0.000117250389832102,0.000120537180490604,0.000123597093996484,0.00012644984276257,0.000129112282555909,0.000131598979102807,0.000133922636610589,0.000136094427387284,0.000138124249217567,0.000140020929037954,0.000141792386066409,0.00014344576388555,0.000144987538448257,0.000146423607193181,0.000147759363182531,0.000148999757248395,0.000150149350452363,0.000151212358655757,0.00015219269061473,0.000153093980723391,0.000153919617303869,0.000154672767168374,0.000155356397042054,0.000155973292328348,0.000156526073612879,0.000157017211233849,0.00015744903819175,0.000157823761626657,0.000158143473054975,0.000158410157527672,0.000158625701847477,0.00015879190196219,0.000158910469634162,0.000158983038472047,0.000159011169398895,0.000158996355620542,0.000158940027150069,0.000158843554936536,0.000158708254640253,0.00015853539009165,0.000158326176465992,0.000158081783202692,0.000157803336694333,0.000157491922767688,0.000157148588976555,0.000156774346723971,0.000156370173229421,0.000155937013355081,0.000155475781303555,0.000154987362198307,0.000154472613556898,0.00015393236666605,0.000153367427866694,0.000152778579756425,0.00015216658231596,0.000151532173965698,0.000150876072557905,0.000150198976309361,0.000149501564679214,0.000148784499196046,0.00014804842423797,0.000147293967769198,0.000146521742036464,0.000145732344227717,0.000144926357096441,0.000144104349553467,0.000143266877228924,0.000142414483006234,0.000141547697530285,0.000140667039691355,0.000139773017086662,0.000138866126461021,0.000137946854128039,0.000137015676373252,0.000136073059840523,0.00013511946190276,0.000134155331018247,0.000133181107073576,0.000132197221714166,0.000131204098663386,0.000130202154031284,0.000129191796613548,0.000128173428181899,0.000127147443766444,0.000126114231931033,0.000125074175042231,0.000124027649532752,0.000122975026160248,0.000121916670262004,0.000120852942006516,0.000119784196642639,0.000118710784747139,0.000117633052471495,0.000116551341788808,0.00011546599074168,0.00011437733369208,0.000113285701574085,0.000112191422150682,0.000111094820275628,0.000109996218161777,0.000108895935656939,0.000107794290528985,0.000106691598761559,0.000105588174862228,0.000104484332184933,0.000103380383268882,0.000102276640196201,0.000101173414970922,0.000100071019922296,9.89697681355892e-05,9.78699739142801e-05,9.67719532774181e-05,9.567602449729e-05,9.45825086824643e-05,9.34917304123511e-05,9.24040184302698e-05,9.13197064029704e-05,9.02391337556353e-05,8.91626465931399e-05,8.80905987193275e-05,8.70233527686851e-05,8.59612814666046e-05,8.49047690372421e-05,8.3854212781173e-05,8.28100248490401e-05,8.17726342416638e-05,8.07424890728704e-05,7.97200591379552e-05,7.8705838838564e-05,7.77003505250062e-05,7.67041483287322e-05,7.57178225727761e-05,7.47420048662362e-05,7.37773740114703e-05,7.28246628812001e-05,7.18846664583775e-05,7.09582512763084e-05,7.00463665539115e-05,6.91500573936945e-05,6.82704805039205e-05,6.74089230281161e-05,6.65668252238833e-05,6.57458079423455e-05,6.49477061371884e-05,6.41746100052708e-05,6.34289158647728e-05,6.27133895673464e-05,6.20312461952205e-05,6.13862511318958e-05,6.07828494918264e-05,6.02263336253396e-05,5.97230624033854e-05,5.92807519132336e-05,5.89088661602936e-05,5.86191502049033e-05,5.84263699819248e-05,5.83493583110158e-05,5.84125251441885e-05,5.86480902674176e-05,5.90994740317487e-05,5.98266081459973e-05,6.09145568590022e-05,6.24881123461826e-05,6.47377715608488e-05,6.79688589317156e-05,7.27016606363808e-05,7.98960239224976e-05,9.15230050033725e-05,0.000112300123254156,0.000156569005907259,0.000291931445457396,0.00162404945874118,0.000860219811225303,4.02611066983913e-05,3.20770327236859e-06,1.40199321215125e-08,1.31160805429294e-06,3.1352341078115e-06,4.75136926317469e-06,6.04666249391016e-06,7.04437434538232e-06,7.79330013170879e-06,8.34041180705355e-06,8.72501114393622e-06,8.97862032150802e-06,9.12622821426466e-06,9.18765058250265e-06,9.17868679940743e-06,9.11203071433478e-06,8.9979681027545e-06,8.84490606996801e-06,8.65977493282239e-06,8.44833463781344e-06,8.21540991958145e-06,7.96507213397093e-06,7.70078097491039e-06,7.42549580877299e-06,7.14176382692247e-06,6.85179037445279e-06,6.55749546887531e-06,6.26055953757367e-06,5.96246067658057e-06,5.6645051941768e-06,5.36785279965067e-06,5.0735374943703e-06,4.7824849919595e-06,4.49552731876664e-06,4.21341511071825e-06,3.93682801791373e-06,3.66638354698537e-06,3.4026446073358e-06,3.14612597695032e-06,2.89729986363855e-06,2.65660070565125e-06,2.42442933015559e-06,2.20115656741946e-06,1.98712640197881e-06,1.78265872848003e-06,1.58805176887189e-06,1.40358419849987e-06,1.22951702121748e-06,1.066095227454e-06,9.13549264013579e-07,7.72096340104947e-07,6.41941590585233e-07,5.23279114304231e-07,4.16292902996944e-07,3.21157673976168e-07,2.380396181162e-07,1.67097073035495e-07,1.08481130130444e-07,6.23361829458544e-08,2.88004234436112e-08,8.00629189149657e-09,8.08853922617968e-11,5.14632945958749e-09,2.33201165189394e-08,5.47154147543088e-08,9.94413503202744e-08,1.57603265596233e-07,2.29302955849583e-07,3.14638886420487e-07,4.13706392295962e-07,5.26597861750472e-07,6.53402905539691e-07,7.942085129865e-07,9.49099196136323e-07,1.1181571230967e-06,1.30146224145738e-06,1.49909239272484e-06,1.71112341849424e-06,1.93762925911431e-06,2.17868204541872e-06,2.43435218416763e-06,2.70470843766312e-06,2.98981799803553e-06,3.28974655662841e-06,3.60455836887741e-06,3.93431631499964e-06,4.27908195686596e-06,4.63891559132575e-06,5.01387630024718e-06,5.4040219975191e-06,5.80940947326968e-06,6.23009443544575e-06,6.6661315490058e-06,7.1175744728504e-06,7.58447589469805e-06,8.06688756397157e-06,8.56486032293616e-06,9.07844413611782e-06,9.60768811816928e-06,1.01526405602589e-05,1.07133489551167e-05,1.12898600207859e-05,1.18822197231843e-05,1.2490473297526e-05,1.31146652687606e-05,1.37548394709476e-05,1.44110390657701e-05,1.50833065601491e-05,1.5771683823087e-05,1.64762121016752e-05,1.7196932036483e-05,1.79338836761782e-05,1.8687106491564e-05,1.94566393889992e-05,2.02425207232804e-05,2.1044788309918e-05,2.1863479437002e-05,2.26986308765202e-05,2.35502788952689e-05,2.44184592652953e-05,2.53032072740052e-05,2.6204557733797e-05,2.71225449914189e-05,2.80572029369383e-05,2.9008565012378e-05,2.99766642200875e-05,3.09615331307823e-05,3.19632038912984e-05,3.29817082321373e-05,3.40170774746746e-05,3.50693425382096e-05,3.61385339467419e-05,3.72246818355449e-05,3.83278159574925e-05,3.94479656892752e-05,4.05851600373277e-05,4.17394276436486e-05,4.29107967913995e-05,4.40992954103816e-05,4.530495108233e-05,4.65277910460466e-05,4.77678422023963e-05,4.90251311192158e-05,5.0299684035988e-05,5.15915268684985e-05,5.29006852132576e-05,5.42271843519533e-05,5.55710492556241e-05
0.00012775218455698,0.000130577066992974,0.000133215827058702,0.00013568230181775,0.000137988610530222,0.000140145450851391,0.000142162331713227,0.000144047758759696,0.000145809383698455,0.000147454125841238,0.00014898827194707,0.000150417558950675,0.000151747243052806,0.000152982157842007,0.000154126763518603,0.00015518518884344,0.000156161267094008,0.000157058567050672,0.000157880419834849,0.000158629942264227,0.000159310057267099,0.0001599235118007,0.000160472892640235,0.000160960640343326,0.000161389061643986,0.000161760340489034,0.000162076547896721,0.000162339650789386,0.000162551519929477,0.000162713937069126,0.000162828601407848,0.000162897135439584,0.000162921090259418,0.000162901950390483,0.000162841138184114,0.000162740017839073,0.000162599899080223,0.000162422040531778,0.000162207652816277,0.000161957901406493,0.000161673909254471,0.00016135675921905,0.000161007496310913,0.000160627129771984,0.000160216635004252,0.000159776955361522,0.000159309003816127,0.000158813664511414,0.00015829179420965,0.000157744223644316,0.000157171758784357,0.000156575182017906,0.000155955253261634,0.000155312711001731,0.000154648273271884,0.000153962638572867,0.000153256486738598,0.000152530479752096,0.00015178526251559,0.000151021463577785,0.000150239695821506,0.000149440557114558,0.000148624630926439,0.000147792486913144,0.000146944681472609,0.000146081758272445,0.000145204248752182,0.000144312672601603,0.000143407538216898,0.000142489343136124,0.000141558574455295,0.00014061570922666,0.000139661214840175,0.000138695549389427,0.000137719162023217,0.000136732493283551,0.000135735975431389,0.000134730032760802,0.000133715081902513,0.000132691532117665,0.000131659785582777,0.000130620237666372,0.000129573277198351,0.000128519286732677,0.000127458642804171,0.000126391716180119,0.00012531887210743,0.000124240470556089,0.00012315686645952,0.000122068409952738,0.000120975446608942,0.000119878317675329,0.000118777360309006,0.000117672907813631,0.000116565289877998,0.00011545483281704,0.000114341859816655,0.000113226691183102,0.000112109644598161,0.000110991035381453,0.000109871176760889,0.000108750380152974,0.000107628955454464,0.000106507211346978,0.000105385455616624,0.000104263995490741,0.000103143137994011,0.000102023190326627,0.000100904460267488,9.97872566056592e-05,9.86718896039186e-05,9.75586714983248e-05,9.64479170389762e-05,9.53399440769417e-05,9.42350742037832e-05,9.31336334505031e-05,9.20359530541088e-05,9.09423703008076e-05,8.98532294566745e-05,8.87688827977618e-05,8.76896917540626e-05,8.66160281835922e-05,8.55482757958304e-05,8.44868317468641e-05,8.34321084324526e-05,8.23845355097709e-05,8.13445621842448e-05,8.03126598044638e-05,7.92893248162998e-05,7.8275082137232e-05,7.72704890238524e-05,7.62761395204439e-05,7.5292669594666e-05,7.43207630889877e-05,7.33611586448977e-05,7.24146577920424e-05,7.14821344392058e-05,7.05645460603714e-05,6.96629469415387e-05,6.87785039463507e-05,6.79125153788724e-05,6.70664336783038e-05,6.6241892886183e-05,6.54407420994972e-05,6.46650864884042e-05,6.39173379504268e-05,6.32002781466762e-05,6.25171375953608e-05,6.18716957966958e-05,6.12684092010562e-05,6.07125764693458e-05,6.02105543145993e-05,5.97700428992393e-05,5.94004683295318e-05,5.9113502953415e-05,5.89237848346925e-05,5.88499310003915e-05,5.89159938935087e-05,5.91536036781661e-05,5.96052028497567e-05,6.03290785212987e-05,6.14074673248507e-05,6.29601488456856e-05,6.51683673978618e-05,6.83194443875413e-05,7.28961409206918e-05,7.9772591000502e-05,9.0697863091454e-05,0.000109700160899246,0.000148274011343608,0.000254126946947906,0.000917223238901047,0.00363431666126482,7.97563153112272e-05,7.71307563577512e-06,1.8404475890033e-07,6.15104609615531e-07,2.27414058782664e-06,3.90533190517154e-06,5.26294160171269e-06,6.3312350246053e-06,7.14701559985261e-06,7.75397739715094e-06,8.1910879675721e-06,8.49049357690477e-06,8.67805125870597e-06,8.77443341834816e-06,8.79620161632101e-06,8.75670007075767e-06,8.66675962827618e-06,8.53524106043333e-06,8.36945177904853e-06,8.17546571121081e-06,7.95836989480252e-06,7.72245574145469e-06,7.47136841676988e-06,7.20822436368084e-06,6.93570444501595e-06,6.65612829970226e-06,6.37151412052997e-06,6.0836270384085e-06,5.79401853953977e-06,5.50405877703671e-06,5.21496321455587e-06,4.92781472012104e-06,4.6435819852011e-06,4.36313495855435e-06,4.08725784138041e-06,3.81666007961976e-06,3.55198570293026e-06,3.29382129229101e-06,3.04270280470306e-06,2.79912144126008e-06,2.56352871100533e-06,2.33634081606303e-06,2.1179424615866e-06,1.90869017657885e-06,1.70891521721203e-06,1.51892611256655e-06,1.33901090312906e-06,1.1694391144355e-06,1.01046350174569e-06,8.62321596154861e-07,7.25237078049593e-07,5.99421000032451e-07,4.85072878238954e-07,3.82381668344141e-07,2.91526640239535e-07,2.12678163512069e-07,1.45998414182624e-07,9.1642011817551e-08,4.97565949152416e-08,2.04833414828495e-08,3.95744083328331e-09,3.08521891946051e-10,9.66104265651877e-09,3.21346448938343e-08,6.78444776755438e-08,1.16901492932915e-07,1.79412715847861e-07,2.55481492567574e-07,3.45207717473446e-07,4.48688041960544e-07,5.66016066494616e-07,6.97282517513208e-07,8.42575410573286e-07,1.00198020098775e-06,1.1755799231157e-06,1.36345531925889e-06,1.56568495913135e-06,1.78234535067631e-06,2.01351104301428e-06,2.25925472212331e-06,2.51964729993681e-06,2.79475799733661e-06,3.08465442156918e-06,3.38940263852764e-06,3.70906724031236e-06,4.04371140841926e-06,4.39339697293223e-06,4.75818446798802e-06,5.13813318382901e-06,5.53330121566604e-06,5.94374550962919e-06,6.36952190596393e-06,6.81068517974468e-06,7.26728907920021e-06,7.73938636190693e-06,8.22702882890956e-06,8.7302673570037e-06,9.24915192922548e-06,9.78373166373741e-06,1.0334054841141e-05,1.0900168930417e-05,1.14821206135017e-05,1.20799558086216e-05,1.26937196924503e-05,1.33234567212278e-05,1.39692106507686e-05,1.46310245555947e-05,1.53089408471038e-05,1.60030012909547e-05,1.67132470235741e-05,1.74397185680155e-05,1.81824558490226e-05,1.89414982074935e-05,1.97168844142889e-05,2.05086526834875e-05,2.13168406850087e-05,2.2141485556818e-05,2.29826239165505e-05,2.38402918727138e-05,2.47145250354136e-05,2.56053585267241e-05,2.65128269905533e-05,2.74369646022687e-05,2.83778050778391e-05,2.933538168273e-05,3.03097272404351e-05,3.13008741407119e-05,3.23088543475245e-05,3.33336994067417e-05,3.43754404535042e-05,3.54341082194349e-05,3.65097330395324e-05,3.76023448589065e-05,3.87119732392102e-05,3.98386473649911e-05,4.09823960497014e-05,4.21432477416698e-05,4.33212305297631e-05,4.45163721489676e-05,4.57286999858003e-05,4.69582410834818e-05,4.8205022147061e-05,4.94690695483378e-05,5.07504093307055e-05,5.20490672137544e-05,5.33650685978802e-05,5.46984385687071e-05,5.60492019013578e-05
0.00013737369500167,0.000139820916604665,0.00014211066110848,0.000144253188182783,0.000146257646288051,0.000148132241983996,0.000149884377017235,0.000151520760419738,0.000153047501001295,0.000154470184296151,0.000155793937062943,0.000157023481730547,0.000158163182654709,0.000159217085653637,0.000160188951988459,0.000161082287721409,0.000161900369204424,0.000162646265309389,0.000163322856899987,0.000163932853956265,0.000164478810692358,0.000164963138950546,0.000165388120108626,0.000165755915699737,0.000166068576912779,0.000166328053116268,0.00016653619952707,0.000166694784127971,0.000166805493923418,0.000166869940610286,0.00016688966573014,0.000166866145360759,0.000166800794397023,0.000166694970465076,0.000166549977508039,0.000166367069077024,0.000166147451357,0.000165892285953697,0.000165602692464832,0.000165279750855863,0.000164924503658807,0.000164537958010175,0.000164121087542682,0.00016367483414348,0.000163200109590771,0.000162697797079119,0.000162168752642855,0.000161613806486037,0.000161033764226713,0.000160429408062204,0.000159801497861867,0.000159150772192934,0.000158477949284576,0.000157783727934915,0.000157068788365365,0.000156333793025982,0.000155579387355755,0.00015480620050073,0.000154014845993346,0.000153205922395447,0.000152380013907712,0.000151537690947725,0.00015067951069904,0.000149806017632828,0.000148917744004583,0.000148015210326935,0.000147098925820708,0.000146169388845329,0.000145227087310231,0.000144272499068371,0.00014330609229313,0.000142328325839792,0.00014133964959255,0.000140340504798099,0.000139331324386841,0.000138312533282454,0.000137284548700834,0.000136247780439067,0.000135202631155427,0.00013414949664089,0.000133088766083195,0.000132020822323828,0.000130946042108988,0.000129864796334859,0.000128777450288127,0.000127684363882286,0.000126585891890359,0.0001254823841749,0.00012437418591566,0.000123261637835956,0.000122145076428122,0.000121024834179016,0.000119901239796275,0.000118774618436041,0.000117645291933228,0.000116513579034914,0.000115379795638096,0.000114244255032717,0.000113107268151028,0.000111969143824661,0.00011083018905048,0.000109690709266888,0.000108551008641973,0.000107411390375316,0.000106272157015404,0.000105133610794697,0.000103996053984744,0.000102859789274063,0.000101725120171619,0.000100592351439271,9.94617895571744e-05,9.83337432258039e-05,9.72085239100662e-05,9.60864464304471e-05,9.49678296076219e-05,9.38529969675362e-05,9.27422775150822e-05,9.16360065855593e-05,9.05345267848274e-05,8.94381890301957e-05,8.83473537065644e-05,8.72623919542155e-05,8.6183687107644e-05,8.51116363077789e-05,8.40466523141584e-05,8.2989165547759e-05,8.19396264012219e-05,8.0898507859459e-05,7.98663084820651e-05,7.88435558085476e-05,7.78308102595234e-05,7.68286696218508e-05,7.58377742236593e-05,7.48588129277822e-05,7.38925301004084e-05,7.29397337464541e-05,7.20013050476753e-05,7.10782095952478e-05,7.01715106803601e-05,6.92823850973302e-05,6.84121420327532e-05,6.75622457679686e-05,6.67343431247576e-05,6.59302968518068e-05,6.51522265076121e-05,6.44025588775829e-05,6.36840906207421e-05,6.30000667464269e-05,6.23542797831144e-05,6.17511962815085e-05,6.11961198413211e-05,6.06954035485828e-05,6.02567301658801e-05,5.98894866076636e-05,5.96052717657249e-05,5.94185963345892e-05,5.9347864610685e-05,5.94167796439467e-05,5.96563999428051e-05,6.01082273933103e-05,6.08289801387095e-05,6.18982213834506e-05,6.34310395302498e-05,6.56001223595377e-05,6.86763816739789e-05,7.31089887945943e-05,7.96971435680993e-05,9.00020194762167e-05,0.000107495404545319,0.000141544915303971,0.000227126545559286,0.000628174319547515,0.123254556984922,0.00015996769433076,1.59066679815782e-05,1.12830903984208e-06,1.44068767113638e-07,1.48623563503462e-06,3.08035090048143e-06,4.48024003553269e-06,5.61105380367476e-06,6.4905669390534e-06,7.15642564706628e-06,7.64607583990973e-06,7.99174678809497e-06,8.21990674441053e-06,8.35195999483914e-06,8.40516968225559e-06,8.39350188921226e-06,8.32832038201882e-06,8.21893581102044e-06,8.07303310891149e-06,7.89700263272284e-06,7.69619703433831e-06,7.47513134081648e-06,7.23763968327084e-06,6.98699885698445e-06,6.72602639026005e-06,6.45715891180327e-06,6.18251519596753e-06,5.90394721406127e-06,5.62308173508346e-06,5.34135443148762e-06,5.0600380028495e-06,4.78026549569138e-06,4.50304974237149e-06,4.22929964684391e-06,3.95983389445052e-06,3.69539254611218e-06,3.43664688633096e-06,3.18420782288644e-06,2.93863307977399e-06,2.70043338016261e-06,2.47007778054046e-06,2.24799828855574e-06,2.03459387406716e-06,1.83023396422379e-06,1.63526149827088e-06,1.44999560538562e-06,1.27473395863597e-06,1.10975484987391e-06,9.55319023388968e-07,8.11671300428912e-07,6.79042021918374e-07,5.5764833270696e-07,4.47695327306202e-07,3.49377074282705e-07,2.6287753407089e-07,1.88371382960644e-07,1.26024754295974e-07,7.59959064766803e-08,3.84358260897261e-08,1.34887734422163e-08,1.29277685299799e-09,1.98008126395184e-09,1.56775560581324e-08,4.25070663812744e-08,8.25858117548489e-08,1.36026635324335e-07,2.02938306703784e-07,2.83425781035508e-07,3.77590436601403e-07,4.85530293048966e-07,6.07340212085994e-07,7.43112082282889e-07,8.92934989471891e-07,1.05689537402344e-06,1.23507717624818e-06,1.42756197090402e-06,1.63442909183613e-06,1.85575574754982e-06,2.09161712855647e-06,2.34208650710455e-06,2.6072353300249e-06,2.88713330518736e-06,3.18184848212576e-06,3.49144732728667e-06,3.81599479435446e-06,4.15555438998887e-06,4.51018823539329e-06,4.87995712399014e-06,5.26492057551963e-06,5.66513688682274e-06,6.08066317956698e-06,6.51155544509812e-06,6.95786858670941e-06,7.41965645939569e-06,7.89697190741694e-06,8.38986679966513e-06,8.89839206312304e-06,9.42259771446394e-06,9.96253288996344e-06,1.05182458737879e-05,1.10897841248274e-05,1.16771943021265e-05,1.22805222890217e-05,1.28998132160374e-05,1.35351114827032e-05,1.418646077824e-05,1.48539041012866e-05,1.55374837786712e-05,1.62372414833373e-05,1.69532182513634e-05,1.76854544983014e-05,1.84339900347157e-05,1.91988640810635e-05,1.99801152819053e-05,2.07777817195475e-05,2.1591900927031e-05,2.24225099006745e-05,2.32696451119988e-05,2.4133342519266e-05,2.50136375784718e-05,2.59105652539707e-05,2.68241600286323e-05,2.77544559136749e-05,2.87014864580488e-05,2.96652847575519e-05,3.06458834635471e-05,3.16433147914165e-05,3.26576105286565e-05,3.36888020427544e-05,3.47369202887397e-05,3.58019958165245e-05,3.68840587779562e-05,3.79831389336708e-05,3.9099265659689e-05,4.02324679538534e-05,4.13827744419873e-05,4.25502133839465e-05,4.37348126794171e-05,4.49365998735724e-05,4.61556021625807e-05,4.73918463988764e-05,4.86453590963657e-05,4.99161664354323e-05,5.12042942678127e-05,5.25097681213666e-05,5.38326132046469e-05,5.51728544114481e-05,5.65305163251291e-05
0.000146289374115841,0.000148418180435427,0.000150410698498424,0.000152274855918264,0.00015401782047154,0.000155646103716328,0.000157165646847253,0.000158581892396014,0.000159899844547607,0.000161124120221578,0.000162258992602262,0.000163308428449498,0.000164276120251075,0.000165165514069967,0.000165979833776805,0.000166722102230205,0.000167395159866555,0.000168001681080066,0.000168544188709273,0.000169025066893672,0.000169446572521696,0.000169810845456245,0.000170119917695814,0.000170375721605002,0.000170580097329056,0.000170734799490438,0.000170841503251927,0.000170901809818818,0.00017091725144354,0.000170889295987389,0.00017081935108703,0.000170708767967706,0.000170558844939595,0.000170370830609574,0.000170145926836667,0.000169885291456345,0.000169590040795665,0.000169261251999146,0.000168899965182843,0.00016850718543212,0.000168083884657288,0.000167631003319434,0.000167149452037818,0.000166640113088725,0.000166103841805019,0.000165541467884533,0.000164953796614675,0.000164341610019915,0.000163705667938361,0.000163046709032771,0.000162365451741145,0.000161662595171391,0.000160938819944321,0.000160194788988661,0.000159431148291657,0.000158648527608499,0.000157847541133363,0.000157028788134896,0.000156192853558609,0.000155340308598342,0.000154471711239068,0.000153587606772904,0.000152688528290205,0.000151774997147196,0.000150847523412123,0.000149906606290858,0.000148952734533754,0.000147986386824673,0.000147008032153641,0.000146018130173989,0.000145017131545202,0.000144005478262358,0.000142983603973105,0.000141951934283026,0.000140910887050338,0.000139860872670452,0.000138802294351497,0.000137735548381257,0.000136661024386308,0.000135579105584065,0.000134490169028426,0.000133394585849466,0.000132292721488056,0.000131184935925895,0.000130071583911579,0.000128953015183347,0.000127829574689117,0.000126701602804547,0.000125569435549521,0.000124433404803992,0.000123293838523701,0.000122151060956538,0.00012100539286027,0.000119857151722448,0.0001187066519833,0.000117554205262491,0.000116400120590715,0.000115244704647143,0.000114088262003756,0.000112931095377944,0.000111773505894434,0.000110615793358181,0.00010945825653969,0.000108301193474571,0.000107144901779168,0.000105989678984539,0.000104835822891036,0.000103683631946192,0.000102533405648963,0.000101385444983559,0.00010024005288685,9.90975347532655e-05,9.79581989824666e-05,9.68223575748887e-05,9.56903267816683e-05,9.45624278159349e-05,9.34389876337115e-05,9.23203397937185e-05,9.12068254069789e-05,9.00987941884286e-05,8.89966056251708e-05,8.79006302777861e-05,8.68112512342733e-05,8.57288657390886e-05,8.46538870239821e-05,8.35867463714426e-05,8.25278954475946e-05,8.14778089478578e-05,8.04369876066315e-05,7.9405961632375e-05,7.83852946412066e-05,7.73755881769979e-05,7.63774869238934e-05,7.53916847396831e-05,7.4418931666238e-05,7.3460042108174e-05,7.2515904414492e-05,7.15874921536671e-05,7.06758774430132e-05,6.97822467837108e-05,6.890791996968e-05,6.80543727901513e-05,6.72232644450882e-05,6.64164708550227e-05,6.56361253980194e-05,6.48846690777239e-05,6.41649127681752e-05,6.34801150622423e-05,6.2834080475984e-05,6.2231284485476e-05,6.16770343334566e-05,6.11776781036294e-05,6.07408797965008e-05,6.03759859722833e-05,6.00945214618565e-05,5.99108702153111e-05,5.98432269078145e-05,5.99149531469226e-05,6.01565530665472e-05,6.06086232921151e-05,6.13263839170575e-05,6.23868675921847e-05,6.39007655348917e-05,6.60328364252598e-05,6.90389937390335e-05,7.33382296058646e-05,7.96638930493123e-05,8.94169151292408e-05,0.000105614620814426,0.000136002403029391,0.000207018289802718,0.00047805433038919,0.0126573015270362,0.000339776326762171,3.03372573846995e-05,3.24643876949132e-06,5.86975160041716e-09,8.10493591957045e-07,2.2936099269744e-06,3.70725445658441e-06,4.88871736365345e-06,5.82693865870518e-06,6.54970923612934e-06,7.09132897420854e-06,7.48336725050242e-06,7.7525461783259e-06,7.92082401739024e-06,8.0060752663851e-06,8.02284210759791e-06,7.98299862394446e-06,7.89629501168595e-06,7.77078992724686e-06,7.61318980894962e-06,7.42911433479174e-06,7.22330439036321e-06,6.99978563504676e-06,6.76199782184093e-06,6.51289764767054e-06,6.25504106202965e-06,5.99064955188093e-06,5.72166385547165e-06,5.44978775445593e-06,5.17652398770199e-06,4.90320387140577e-06,4.63101186176418e-06,4.36100602993226e-06,4.09413521478272e-06,3.83125346100488e-06,3.57313222747733e-06,3.3204707551344e-06,3.0739049083644e-06,2.8340147445681e-06,2.60133101940466e-06,2.37634079764387e-06,2.15949230941265e-06,1.95119916723802e-06,1.75184403973325e-06,1.5617818616949e-06,1.38134264733204e-06,1.21083396263887e-06,1.05054310408955e-06,9.00739023548184e-07,7.61674033197584e-07,6.33585319295161e-07,5.16696289306565e-07,4.11217773451938e-07,3.17349098736061e-07,2.35279050981298e-07,1.65186738317387e-07,1.07242367714317e-07,6.16079446601223e-08,2.84379047392058e-08,7.87968475626618e-09,7.42400896246383e-11,5.15651411935712e-09,2.32558648657271e-08,5.44964533526609e-08,9.89975976758268e-08,1.56874096285853e-07,2.28236523598843e-07,3.13191500679866e-07,4.11841943457502e-07,5.24287290625608e-07,6.50623713193969e-07,7.90944307384577e-07,9.45339272457127e-07,1.11389607479744e-06,1.29669959957071e-06,1.49383229098399e-06,1.70537428221637e-06,1.93140351587531e-06,2.17199585583221e-06,2.42722519111713e-06,2.69716353259248e-06,2.98188110296119e-06,3.28144642068045e-06,3.5959263782477e-06,3.92538631535405e-06,4.26989008723657e-06,4.62950012868109e-06,5.00427751395749e-06,5.39428201302393e-06,5.79957214425739e-06,6.22020522401528e-06,6.65623741317993e-06,7.10772376100873e-06,7.57471824638106e-06,8.05727381672381e-06,8.55544242469029e-06,9.06927506280785e-06,9.59882179621862e-06,1.0144131793647e-05,1.07052533566669e-05,1.12822339474837e-05,1.18751202152175e-05,1.24839580208652e-05,1.3108792460953e-05,1.37496678900938e-05,1.44066279423182e-05,1.50797155514688e-05,1.57689729705426e-05,1.64744417901914e-05,1.71961629562747e-05,1.79341767866823e-05,1.86885229873478e-05,1.94592406675706e-05,2.02463683546512e-05,2.10499440079077e-05,2.18700050320512e-05,2.27065882900602e-05,2.35597301154592e-05,2.44294663241444e-05,2.53158322256788e-05,2.62188626342048e-05,2.71385918788375e-05,2.80750538137725e-05,2.90282818278892e-05,2.99983088540835e-05,3.09851673781997e-05,3.19888894476916e-05,3.30095066798866e-05,3.40470502700473e-05,3.51015509991015e-05,3.61730392411117e-05,3.72615449705161e-05,3.83670977690845e-05,3.94897268326831e-05,4.06294609778158e-05,4.17863286479068e-05,4.29603579194806e-05,4.41515765080502e-05,4.53600117738962e-05,4.65856907276315e-05,4.78286400356256e-05,4.90888860252427e-05,5.03664546899398e-05,5.16613716942765e-05,5.29736623786452e-05,5.43033517640292e-05,5.56504645565486e-05,5.70150251518671e-05
0.000154621983296102,0.000156476069402378,0.000158210161867765,0.000159830586521958,0.000161343126460161,0.0001627530889726,0.000164065362039361,0.00016528446232632,0.000166414576206031,0.000167459595013267,0.00016842314550374,0.000169308616297101,0.000170119180938643,0.000170857818098366,0.000171527329334442,0.000172130354774176,0.000172669387006355,0.000173146783430966,0.000173564777273043,0.00017392548743494,0.000174230927335474,0.000174483012861722,0.000174683569541725,0.000174834339030315,0.000174936984988201,0.0001749930984232,0.000175004202553376,0.000174971757244356,0.00017489716306605,0.00017478176500887,0.000174626855894072,0.000174433679509217,0.000174203433495714,0.000173937272012579,0.000173636308197605,0.000173301616444859,0.000172934234515399,0.000172535165496232,0.000172105379620971,0.000171645815964184,0.000171157384020397,0.000170640965177259,0.000170097414091972,0.000169527559978601,0.00016893220781352,0.000168312139465692,0.000167668114757336,0.000167000872460587,0.000166311131234897,0.000165599590509703,0.000164866931316304,0.000164113817072802,0.000163340894325338,0.000162548793448924,0.000161738129310497,0.000160909501897025,0.000160063496911068,0.000159200686335763,0.000158321628971746,0.000157426870947474,0.000156516946204998,0.000155592376962639,0.00015465367415633,0.000153701337860656,0.000152735857691348,0.000151757713190081,0.000150767374193001,0.00014976530118383,0.000148751945632843,0.000147727750322305,0.000146693149659584,0.000145648569978648,0.000144594429830708,0.000143531140264905,0.000142459105099645,0.000141378721185317,0.000140290378659114,0.000139194461192566,0.00013809134623236,0.000136981405235144,0.000135865003896884,0.000134742502377287,0.000133614255520045,0.000132480613069231,0.000131341919882648,0.000130198516142596,0.000129050737564594,0.000127898915604903,0.00012674337766706,0.000125584447308487,0.000124422444447525,0.000123257685571696,0.000122090483947997,0.000120921149835761,0.000119749990703232,0.000118577311448398,0.000117403414625232,0.000116228600676288,0.000115053168172705,0.000113877414062964,0.000112701633931483,0.000111526122268673,0.00011035117275398,0.000109177078553621,0.000108004132634978,0.000106832628099846,0.000105662858538868,0.00010449511840988,0.000103329703443171,0.000102166911076979,0.000101007040927267,9.9850395295675e-05,9.86972797209355e-05,9.75480035790603e-05,9.64028807386494e-05,9.52622302785519e-05,9.41263772760248e-05,9.29956536749091e-05,9.18703992446549e-05,9.07509626426335e-05,8.96377025942867e-05,8.85309892078235e-05,8.74312054430376e-05,8.63387487567951e-05,8.52540329521159e-05,8.41774902617014e-05,8.310957370297e-05,8.20507597478468e-05,8.10015513589479e-05,7.99624814533748e-05,7.89341168674343e-05,7.79170629101776e-05,7.69119686116714e-05,7.59195327940942e-05,7.49405111216043e-05,7.39757243193186e-05,7.30260677951383e-05,7.20925229532738e-05,7.11761705578423e-05,7.02782065943162e-05,6.9399961191852e-05,6.85429213187685e-05,6.77087581593756e-05,6.68993603379052e-05,6.61168744992199e-05,6.53637552168196e-05,6.46428268246977e-05,6.39573606275751e-05,6.3311172134208e-05,6.27087446289053e-05,6.21553877736994e-05,6.16574433627953e-05,6.12225553777851e-05,6.08600289826488e-05,6.05813144692301e-05,6.040066977671e-05,6.03360831018655e-05,6.04105823905188e-05,6.06541340250053e-05,6.11064629387313e-05,6.18213577536163e-05,6.28734531568478e-05,6.436931264759e-05,6.64663328328491e-05,6.9406683141287e-05,7.35821460166114e-05,7.96679225980635e-05,8.89273354417748e-05,0.000104002564792898,0.000131379216739915,0.000191550306867366,0.000388422277099493,0.00299743145506993,0.000820670966118217,5.57598131677712e-05,7.15783984341459e-06,3.5269813693335e-07,2.99370868554633e-07,1.56747818668397e-06,2.95504614261514e-06,4.17033436073538e-06,5.15981026848792e-06,5.93620718692399e-06,6.52847958441058e-06,6.96653284583238e-06,7.27685728477612e-06,7.48172001946744e-06,7.59947951996814e-06,7.64518679305698e-06,7.63119067832667e-06,7.56766250503435e-06,7.46302566081707e-06,7.32429888384653e-06,7.15736796606345e-06,6.96720028587756e-06,6.75801445759338e-06,6.53341498013709e-06,6.29649962452687e-06,6.04994554805649e-06,5.79607874675463e-06,5.53693039681374e-06,5.2742828247952e-06,5.00970722846625e-06,4.74459479908821e-06,4.48018253601363e-06,4.2175747682909e-06,3.95776118525671e-06,3.70163201348467e-06,3.44999084916419e-06,3.20356555487745e-06,2.9630175508489e-06,2.72894976843915e-06,2.50191348417786e-06,2.28241421310449e-06,2.07091680848639e-06,1.86784988939197e-06,1.67360969694371e-06,1.48856346319272e-06,1.31305236286059e-06,1.14739410683761e-06,9.91885227100597e-07,8.46803095009527e-07,7.12407708541605e-07,5.889432787532e-07,4.76639641294864e-07,3.75713515096003e-07,2.86369627198427e-07,2.08801720078666e-07,1.43193455568877e-07,8.97192275733483e-08,4.85448941741597e-08,1.98284383333464e-08,3.7205652186178e-09,3.65243165454764e-10,9.90019441678206e-09,3.24573410279998e-08,6.8163210676321e-08,1.17139306549037e-07,1.79502444993009e-07,2.5536506419273e-07,3.44835506751444e-07,4.48018278754656e-07,5.65014287583581e-07,6.95921060514782e-07,8.40832945915929e-07,9.9984129865899e-07,1.17303465118419e-06,1.36049887155107e-06,1.56231730958775e-06,1.77857093223766e-06,2.00933844900742e-06,2.25469642840282e-06,2.51471940607387e-06,2.78947998541963e-06,3.07904893121761e-06,3.38349525690702e-06,3.7028863059855e-06,4.03728782804838e-06,4.38676404982417e-06,4.75137774166355e-06,5.13119027979026e-06,5.52626170464824e-06,5.93665077564942e-06,6.36241502258487e-06,6.80361079392079e-06,7.26029330225967e-06,7.73251666711145e-06,8.22033395522749e-06,8.72379721858878e-06,9.24295753031966e-06,9.77786501855288e-06,1.0328568898491e-05,1.08951175026988e-05,1.14775583098086e-05,1.20759379717278e-05,1.26903023394016e-05,1.33206964872761e-05,1.39671647365823e-05,1.4629750677361e-05,1.53084971895028e-05,1.60034464627064e-05,1.67146400155571e-05,1.74421187136077e-05,1.81859227867313e-05,1.89460918456011e-05,1.97226648974673e-05,2.05156803612175e-05,2.13251760818004e-05,2.21511893439715e-05,2.29937568855414e-05,2.38529149099731e-05,2.4728699098544e-05,2.56211446219088e-05,2.65302861513584e-05,2.74561578694133e-05,2.83987934802239e-05,2.93582262194207e-05,3.03344888636389e-05,3.13276137397007e-05,3.23376327334445e-05,3.33645772982279e-05,3.44084784631287e-05,3.54693668408579e-05,3.65472726354065e-05,3.76422256494222e-05,3.87542552913333e-05,3.98833905822133e-05,4.10296601625039e-05,4.21930922983895e-05,4.33737148880846e-05,4.45715554678711e-05,4.57866412179424e-05,4.70189989681085e-05,4.826865520328e-05,4.95356360687929e-05,5.08199673756582e-05,5.21216746055395e-05,5.34407829156755e-05,5.47773171436238e-05,5.61313018119254e-05,5.75027611325522e-05
0.000162461842898146,0.000164074634728884,0.000165580352867544,0.000166984176547472,0.000168290883458663,0.000169504894909176,0.00017063031453216,0.000171670961640317,0.00017263040011283,0.000173511963531425,0.000174318777149413,0.000175053777172734,0.000175719727748414,0.000176319235988111,0.000176854765300909,0.000177328647264446,0.000177743092228011,0.000178100198811207,0.000178401962437324,0.000178650283020253,0.000178846971906648,0.000178993758160834,0.000179092294268183,0.00017914416132219,0.00017915087375218,0.000179113883641238,0.000179034584677585,0.000178914315777426,0.000178754364412566,0.000178555969672351,0.00017832032508567,0.000178048581226284,0.000177741848121783,0.000177401197484287,0.000177027664779291,0.000176622251146861,0.000176185925188416,0.00017571962463053,0.000175224257876305,0.000174700705453718,0.000174149821369325,0.000173572434375176,0.000172969349155724,0.000172341347441107,0.000171689189052456,0.000171013612884509,0.000170315337830176,0.000169595063651452,0.000168853471800538,0.000168091226194859,0.000167308973949222,0.000166507346068204,0.00016568695810149,0.000164848410764787,0.000163992290528623,0.000163119170177204,0.000162229609339487,0.000161324154993963,0.000160403341949434,0.000159467693302771,0.000158517720875593,0.000157553925631049,0.000156576798072029,0.000155586818621909,0.000154584457989206,0.000153570177516888,0.000152544429517547,0.000151507657595177,0.000150460296954693,0.000149402774699736,0.000148335510119651,0.000147258914966502,0.000146173393722628,0.000145079343859502,0.000143977156088633,0.000142867214604904,0.000141749897323216,0.000140625576108792,0.000139494617001865,0.000138357380437144,0.000137214221458844,0.000136065489931484,0.000134911530747389,0.000133752684031022,0.000132589285341034,0.000131421665870347,0.000130250152644898,0.000129075068721743,0.000127896733386825,0.000126715462353323,0.000125531567961028,0.000124345359377454,0.000123157142801488,0.000121967221670154,0.000120775896869524,0.000119583466950395,0.000118390228349895,0.000117196475619832,0.000116002501662972,0.000114808597978527,0.00011361505491796,0.000112422161952713,0.000111230207955397,0.000110039481496189,0.000108850271156341,0.000107662865861141,0.000106477555234508,0.000105294629978102,0.000104114382277903,0.000102937106241681,0.000101763098371304,0.000100592658073953,9.94260882175354e-05,9.82636957355655e-05,9.71057922880218e-05,9.59526949854102e-05,9.48047271842737e-05,9.36622193636922e-05,9.25255100937127e-05,9.13949471082483e-05,9.02708884970094e-05,8.91537040333893e-05,8.80437766578199e-05,8.69415041394514e-05,8.58473009430101e-05,8.47616003319197e-05,8.36848567447839e-05,8.26175484886428e-05,8.15601808006911e-05,8.05132893397495e-05,7.9477444180817e-05,7.84532544006364e-05,7.74413733599004e-05,7.64425048101086e-05,7.5457409980407e-05,7.44869158340866e-05,7.35319247273709e-05,7.2593425757492e-05,7.16725081561087e-05,7.07703771719944e-05,6.98883730008743e-05,6.90279934669628e-05,6.81909213534026e-05,6.73790575316053e-05,6.65945613762105e-05,6.58399004029641e-05,6.51179116777498e-05,6.44318783800702e-05,6.37856260604311e-05,6.31836447493376e-05,6.26312453725828e-05,6.21347622308509e-05,6.1701818128358e-05,6.13416759022479e-05,6.10657109425867e-05,6.08880560068833e-05,6.08264959780079e-05,6.09037327473337e-05,6.1149210936554e-05,6.16018156848932e-05,6.23139667102753e-05,6.33580239622774e-05,6.48366706822916e-05,6.69004551279594e-05,6.97789210800579e-05,7.38392379767397e-05,7.97050299892704e-05,8.85206927711684e-05,0.000102615756368786,0.000127481920930437,0.000179342491567869,0.000329792060963465,0.00146037876050454,0.00264601610904478,0.000101690071486557,1.38485400501149e-05,1.40294413556562e-06,2.38617792749756e-08,9.31124796639635e-07,2.23767347975199e-06,3.46352283271919e-06,4.49370239216697e-06,5.31880596006069e-06,5.95948617031433e-06,6.44264248952611e-06,6.79388414025622e-06,7.03545722040337e-06,7.18603034308761e-06,7.26106937432314e-06,7.27334636992583e-06,7.23342546274415e-06,7.15007942897605e-06,7.03063134364861e-06,6.88122937730026e-06,6.70706608600932e-06,6.51255309178103e-06,6.3014604412718e-06,6.0770281646844e-06,5.84205597971832e-06,5.59897578568887e-06,5.3499105609065e-06,5.0967224720841e-06,4.84105238318425e-06,4.58435247263886e-06,4.32791329967625e-06,4.07288637622612e-06,3.82030308113737e-06,3.5710905826464e-06,3.32608530175246e-06,3.08604434469747e-06,2.8516552505333e-06,2.62354433452307e-06,2.40228385643162e-06,2.18839820129005e-06,1.98236922703975e-06,1.7846409066052e-06,1.5956233702533e-06,1.41569643642562e-06,1.24521270478662e-06,1.0845002733528e-06,9.33865131859082e-07,7.93593275412402e-07,6.63952575792674e-07,5.45194442188528e-07,4.37555298490485e-07,3.41257900352994e-07,2.5651251195571e-07,1.83517959601996e-07,1.22462576970352e-07,7.35250548064167e-08,3.68752061803068e-08,1.26746569586072e-08,1.07746991017994e-09,2.23070980399612e-09,1.62749559328302e-08,4.33447677134715e-08,8.35691083288083e-08,1.37071730787873e-07,2.03971530261466e-07,2.8438286611519e-07,3.78415856653111e-07,4.86176649273985e-07,6.0776766840749e-07,7.43287843373339e-07,8.92832818049226e-07,1.05649514404759e-06,1.2343644589054e-06,1.42652765067367e-06,1.63306901008427e-06,1.85407037143151e-06,2.0896112431193e-06,2.33976892880963e-06,2.60461863989594e-06,2.88423360012858e-06,3.17868514295789e-06,3.48804280224678e-06,3.81237439685043e-06,4.15174610960889e-06,4.50622256112344e-06,4.87586687877679e-06,5.26074076136147e-06,5.6609045396198e-06,6.07641723303596e-06,6.50733660316053e-06,6.95371920367653e-06,7.41562042752226e-06,7.8930945512061e-06,8.38619477658434e-06,8.89497327021677e-06,9.41948120051163e-06,9.95976877280233e-06,1.05158852624995e-05,1.10878790464217e-05,1.16757976324805e-05,1.22796876877766e-05,1.28995950652483e-05,1.3535564828918e-05,1.41876412779196e-05,1.48558679692554e-05,1.55402877394885e-05,1.62409427253235e-05,1.69578743832853e-05,1.76911235083371e-05,1.84407302517699e-05,1.92067341381706e-05,1.99891740816601e-05,2.0788088401378e-05,2.16035148363501e-05,2.24354905595868e-05,2.32840521917169e-05,2.41492358139282e-05,2.50310769804552e-05,2.59296107304578e-05,2.68448715995372e-05,2.7776893630668e-05,2.87257103847968e-05,2.9691354950979e-05,3.06738599561093e-05,3.16732575743409e-05,3.2689579536131e-05,3.3722857136908e-05,3.47731212454877e-05,3.5840402312162e-05,3.69247303764936e-05,3.80261350748802e-05,3.91446456477908e-05,4.02802909468155e-05,4.14330994414793e-05,4.26030992257824e-05,4.37903180245882e-05,4.49947831997799e-05,4.62165217562067e-05,4.74555603475027e-05,4.87119252816604e-05,4.99856425264648e-05,5.12767377147892e-05,5.25852361497071e-05,5.39111628094638e-05,5.52545423523062e-05,5.66153991211925e-05,5.79937571483503e-05
0.000169877735434307,0.000171275554663686,0.000172576800288233,0.000173785802825089,0.000174906586977243,0.000175942903226482,0.000176898255259635,0.00017777592388664,0.000178578987988598,0.000179310342938918,0.00017997271686382,0.000180568685047623,0.00018110068273753,0.000181571016562613,0.000181981874748112,0.000182335336278627,0.000182633379141116,0.000182877887759571,0.000183070659717604,0.000183213411851514,0.000183307785785658,0.000183355352972006,0.000183357619288086,0.000183316029240282,0.000183231969813981,0.000183106774006674,0.000182941724075871,0.000182738054530084,0.000182496954887708,0.000182219572225859,0.000181907013538809,0.000181560347923478,0.000181180608607582,0.000180768794834343,0.000180325873616393,0.000179852781369863,0.000179350425438982,0.000178819685520129,0.000178261414993649,0.000177676442170796,0.00017706557146253,0.000176429584476316,0.000175769241046475,0.000175085280203041,0.000174378421083797,0.000173649363793766,0.000172898790215769,0.000172127364775821,0.000171335735166406,0.000170524533030619,0.000169694374609945,0.000168845861358197,0.000167979580523758,0.000167096105702422,0.000166195997362706,0.00016527980334547,0.000164348059339627,0.000163401289335198,0.000162440006055615,0.00016146471137021,0.000160475896688388,0.000159474043336561,0.000158459622919023,0.000157433097663584,0.000156394920753292,0.000155345536644682,0.000154285381373911,0.000153214882851033,0.000152134461143758,0.000151044528750861,0.000149945490866377,0.000148837745634873,0.000147721684398733,0.000146597691937809,0.00014546614670213,0.000144327421038235,0.000143181881409635,0.000142029888611891,0.000140871797982951,0.000139707959609048,0.000138538718526961,0.00013736441492275,0.000136185384327871,0.000135001957812824,0.000133814462179133,0.000132623220149914,0.000131428550559765,0.000130230768544472,0.000129030185730984,0.000127827110428451,0.000126621847820784,0.00012541470016144,0.000124205966971197,0.000122995945239534,0.000121784929630571,0.000120573212694258,0.00011936108508387,0.000118148835780745,0.000116936752327372,0.000115725121070097,0.000114514227412572,0.000113304356081645,0.000112095791407089,0.000110888817617041,0.000109683719151018,0.000108480780992851,0.000107280289025815,0.00010608253041273,0.000104887794004169,0.000103696370778045,0.000102508554314749,0.000101324641311735,0.000100144932143085,9.89697314692072e-05,9.77993489033354e-05,9.66340997420391e-05,9.54743057681222e-05,9.43202961353652e-05,9.31724083463907e-05,9.20309893359322e-05,9.08963966745089e-05,8.97689999091768e-05,8.8649182061231e-05,8.75373413036792e-05,8.64338928454713e-05,8.53392710536735e-05,8.42539318507892e-05,8.31783554307375e-05,8.21130493451917e-05,8.10585520217186e-05,8.00154367869347e-05,7.89843164825871e-05,7.79658487800943e-05,7.69607423211062e-05,7.59697638390326e-05,7.49937464503685e-05,7.40335993472254e-05,7.30903191763838e-05,7.21650034581956e-05,7.12588664856215e-05,7.03732582559189e-05,6.95096871317446e-05,6.86698471179482e-05,6.78556508881769e-05,6.70692700252594e-05,6.63131843798649e-05,6.55902430478804e-05,6.49037402798737e-05,6.4257510759238e-05,6.36560502531618e-05,6.31046698603723e-05,6.26096952621847e-05,6.21787270189469e-05,6.18209848134758e-05,6.15477688762995e-05,6.13730876965971e-05,6.13145260189275e-05,6.13944671122553e-05,6.16418492221307e-05,6.20947480222593e-05,6.28042731844512e-05,6.38406246048919e-05,6.53028329385562e-05,6.7335064638783e-05,7.01552381735574e-05,7.41081899146774e-05,7.9771603222741e-05,8.81864855673868e-05,0.000101419523015211,0.000124167238367384,0.000169505616981732,0.000288898667696015,0.000924284488801343,0.0212187963738505,0.000189033011364408,2.49402474764288e-05,3.47471380890148e-06,8.0744922551234e-08,4.22700683369566e-07,1.57301188524485e-06,2.77777129050871e-06,3.8341558995579e-06,4.70099692761241e-06,5.38669061323837e-06,5.91335164055255e-06,6.30485037994546e-06,6.58297533426259e-06,6.76647353964754e-06,6.87109875341835e-06,6.90997507791191e-06,6.89401900696191e-06,6.832329641929e-06,6.73252136771246e-06,6.60099759066884e-06,6.44317238331658e-06,6.26364877888865e-06,6.06636199211287e-06,5.85469463629904e-06,5.63156970445326e-06,5.39952591420945e-06,5.16077904517927e-06,4.91727211795988e-06,4.67071665030389e-06,4.42262674662608e-06,4.17434740460114e-06,3.92707813288082e-06,3.68189274860369e-06,3.43975604756019e-06,3.2015379020463e-06,2.96802523324703e-06,2.73993221953669e-06,2.51790903420101e-06,2.30254935219566e-06,2.09439682230922e-06,1.89395066640064e-06,1.70167053931451e-06,1.51798076040647e-06,1.34327400907901e-06,1.17791456160999e-06,1.02224113414628e-06,8.76569386510226e-07,7.41194133002756e-07,6.16391299372733e-07,5.02419659261142e-07,3.99522378560065e-07,3.07928392007305e-07,2.27853632905846e-07,1.59502133929788e-07,1.03067014536897e-07,5.87313683927904e-08,2.66690624504519e-08,7.04545780197381e-09,1.80611158340289e-11,5.73711436527525e-09,2.43461295858765e-08,5.59823745772504e-08,1.00777314747087e-07,1.58857015677032e-07,2.30342510449451e-07,3.15350135312031e-07,4.13991836837816e-07,5.26375453397569e-07,6.52604973439689e-07,7.92780772792404e-07,9.46999832981525e-07,1.11535594233753e-06,1.29793988144742e-06,1.49483959443027e-06,1.70614034723794e-06,1.93192487419361e-06,2.17227351373847e-06,2.4272643343872e-06,2.69697325163163e-06,2.98147413666274e-06,3.28083891749821e-06,3.59513767320775e-06,3.9244387217324e-06,4.26880870190001e-06,4.62831264998498e-06,5.00301407133602e-06,5.39297500740962e-06,5.79825609855928e-06,6.21891664291008e-06,6.65501465163867e-06,7.10660690084318e-06,7.57374898037204e-06,8.05649533970015e-06,8.55489933120616e-06,9.0690132508784e-06,9.59888837677433e-06,1.01445750052868e-05,1.07061224854373e-05,1.12835792512595e-05,1.18769928524737e-05,1.24864099835223e-05,1.3111876511078e-05,1.37534375001229e-05,1.44111372387397e-05,1.50850192615869e-05,1.57751263722788e-05,1.64815006646034e-05,1.72041835427976e-05,1.79432157407424e-05,1.86986373403735e-05,1.94704877891627e-05,2.02588059168131e-05,2.10636299512149e-05,2.1884997533712e-05,2.2722945733608e-05,2.35775110621678e-05,2.44487294859322e-05,2.5336636439498e-05,2.62412668377631e-05,2.71626550877091e-05,2.81008350996209e-05,2.90558402979502e-05,3.00277036317112e-05,3.10164575844497e-05,3.20221341838868e-05,3.30447650111557e-05,3.40843812097163e-05,3.51410134939364e-05,3.62146921573356e-05,3.73054470806162e-05,3.84133077393078e-05,3.9538303211251e-05,4.06804621837135e-05,4.18398129603806e-05,4.30163834680208e-05,4.4210201262996e-05,4.54212935375343e-05,4.66496871257962e-05,4.78954085097855e-05,4.91584838250359e-05,5.04389388661313e-05,5.17367990921005e-05,5.30520896316194e-05,5.43848352880255e-05,5.57350605442872e-05,5.71027895677381e-05,5.84880462147089e-05
0.000176923501733016,0.000178127569046225,0.000179243771369274,0.000180275793349039,0.00018122708100591,0.000182100864515217,0.000182900178200154,0.000183627878146308,0.000184286657778276,0.000184879061682185,0.000185407497912248,0.00018587424898213,0.000186281481710872,0.000186631256067549,0.000186925533138282,0.000187166182320721,0.000187354987837138,0.000187493654644339,0.000187583813808276,0.000187627027402392,0.00018762479298101,0.000187578547672679,0.000187489671932985,0.00018735949299121,0.000187189288021512,0.000186980287065532,0.000186733675730242,0.000186450597682193,0.000186132156957154,0.000185779420101772,0.000185393418162334,0.000184975148534086,0.000184525576683144,0.000184045637751839,0.000183536238057221,0.000182998256491555,0.000182432545832751,0.00018183993397185,0.000181221225064263,0.000180577200610479,0.000179908620471734,0.000179216223825519,0.000178500730065441,0.000177762839649453,0.000177003234900175,0.000176222580760848,0.000175421525509922,0.000174600701437219,0.000173760725484333,0.000172902199851649,0.000172025712574252,0.000171131838068928,0.000170221137653912,0.000169294160043364,0.000168351441818184,0.000167393507874627,0.000166420871852246,0.000165434036542223,0.000164433494277802,0.000163419727307408,0.000162393208151893,0.000161354399946842,0.000160303756770812,0.000159241723960345,0.000158168738412835,0.00015708522887764,0.000155991616236615,0.000154888313774342,0.0001537757274391,0.000152654256094896,0.000151524291765396,0.000150386219870194,0.000149240419454001,0.000148087263409332,0.000146927118693151,0.000145760346538051,0.000144587302658328,0.000143408337451608,0.000142223796196361,0.000141034019245739,0.000139839342218458,0.000138640096186784,0.00013743660786252,0.000136229199781146,0.000135018190484728,0.000133803894704136,0.000132586623540945,0.000131366684649702,0.000130144382420972,0.000128920018165853,0.000127693890302496,0.000126466294545277,0.000125237524097385,0.000124007869847458,0.000122777620571145,0.000121547063138375,0.000120316482727293,0.000119086163045884,0.000117856386562309,0.000116627434745296,0.000115399588315698,0.000114173127510871,0.000112948332363325,0.000111725482995528,0.000110504859932792,0.000109286744436435,0.000108071418859693,0.000106859167029118,0.000105650274654568,0.000104445029771165,0.000103243723217363,0.000102046649153127,0.00010085410562373,9.96663951743496e-05,9.84838255223153e-05,9.73067102940488e-05,9.61353698353363e-05,9.49701321043913e-05,9.38113336589313e-05,9.26593207498123e-05,9.15144505361896e-05,9.03770924389544e-05,8.92476296525186e-05,8.8126460837679e-05,8.7014002022818e-05,8.59106887446023e-05,8.48169784655325e-05,8.37333533118707e-05,8.26603231837975e-05,8.15984292991044e-05,8.05482482438124e-05,7.95103966173554e-05,7.84855363777714e-05,7.74743810140709e-05,7.64777027002018e-05,7.54963406185892e-05,7.4531210683406e-05,7.35833169470202e-05,7.26537650403434e-05,7.1743778083578e-05,7.08547156142842e-05,6.99880962220126e-05,6.9145624764575e-05,6.83292252843299e-05,6.75410810659131e-05,6.6783683707365e-05,6.60598936579902e-05,6.53730154678818e-05,6.47268920848073e-05,6.4126024053167e-05,6.3575721615102e-05,6.30823007803769e-05,6.26533388849473e-05,6.22980117251202e-05,6.20275442097314e-05,6.18558215465702e-05,6.18002315195219e-05,6.18828460310346e-05,6.21321117535146e-05,6.2585323749196e-05,6.32923370662249e-05,6.43212984265291e-05,6.57677957348159e-05,6.77700383069712e-05,7.05352166694806e-05,7.43878436737644e-05,7.98645211718117e-05,8.79158854839597e-05,0.000100385888473011,0.000121326892520461,0.000161442827267578,0.000258990785275873,0.00066868204635888,0.0634967209673552,0.000370056645431172,4.32094193510644e-05,7.03975669855471e-06,6.03131160189588e-07,9.231760645508e-08,9.83824304015116e-07,2.12489476671702e-06,3.18795239575709e-06,4.08699390098314e-06,4.8128858606134e-06,5.38061380165629e-06,5.81118599160891e-06,6.12536263168087e-06,6.34166544545689e-06,6.47596841429427e-06,6.54165248485286e-06,6.54993132895215e-06,6.51019796293055e-06,6.43033895111191e-06,6.31700170165733e-06,6.17581533474673e-06,6.01157073052496e-06,5.82836648599397e-06,5.62972709901316e-06,5.41869879719723e-06,5.19792746484935e-06,4.96972225120913e-06,4.73610771275796e-06,4.49886675017704e-06,4.25957612906511e-06,4.01963600211415e-06,3.78029455835868e-06,3.54266869648531e-06,3.30776143942802e-06,3.0764766661612e-06,2.84963162505225e-06,2.62796760492013e-06,2.41215906961639e-06,2.20282150602933e-06,2.00051819045614e-06,1.80576604218569e-06,1.61904070387959e-06,1.44078096472132e-06,1.27139262292068e-06,1.11125186842339e-06,9.60708253670312e-07,8.20087309567846e-07,6.89692855031202e-07,5.69809041024373e-07,4.60702164005598e-07,3.62622278506372e-07,2.7580463430657e-07,2.00470960050398e-07,1.36830612112946e-07,8.50816049423533e-08,4.54115369046621e-08,1.79984238167336e-08,3.0114507402636e-09,6.11651265070842e-10,1.09525223311574e-08,3.41805816418636e-08,7.04358738486686e-08,1.19852430944868e-07,1.82558691652267e-07,2.58677884027662e-07,3.48328375019094e-07,4.51623990282247e-07,5.68674307192147e-07,6.99584923654483e-07,8.44457705046843e-07,1.0033910113466e-06,1.17647990631922e-06,1.36381635038293e-06,1.56548937869137e-06,1.78158526569246e-06,2.01218767742985e-06,2.2573778125935e-06,2.51723453337136e-06,2.79183448687899e-06,3.08125221804339e-06,3.38556027460622e-06,3.70482930491181e-06,4.03912814905281e-06,4.38852392393974e-06,4.75308210272259e-06,5.1328665890627e-06,5.5279397866238e-06,5.93836266415485e-06,6.36419481649114e-06,6.80549452181899e-06,7.26231879539816e-06,7.734723440112e-06,8.22276309396634e-06,8.72649127484988e-06,9.24596042266442e-06,9.7812219390987e-06,1.03323262251187e-05,1.0899322716412e-05,1.14822599168597e-05,1.20811854302124e-05,1.26961459900845e-05,1.33271874883509e-05,1.39743550020484e-05,1.46376928189738e-05,1.53172444618895e-05,1.60130527115824e-05,1.67251596287612e-05,1.74536065749146e-05,1.81984342321175e-05,1.89596826219638e-05,1.97373911235577e-05,2.05315984907195e-05,2.13423428683664e-05,2.21696618082253e-05,2.3013592283738e-05,2.38741707044663e-05,2.47514329297199e-05,2.56454142817399e-05,2.65561495582186e-05,2.7483673044414e-05,2.84280185246332e-05,2.93892192934099e-05,3.03673081661026e-05,3.13623174891538e-05,3.2374279149949e-05,3.3403224586268e-05,3.44491847953898e-05,3.551219034292e-05,3.65922713711787e-05,3.76894576074008e-05,3.88037783715963e-05,3.99352625841298e-05,4.10839387730259e-05,4.2249835081108e-05,4.34329792727512e-05,4.46333987405839e-05,4.58511205118267e-05,4.70861712545039e-05,4.83385772834464e-05,4.96083645661152e-05,5.08955587281568e-05,5.22001850589546e-05,5.35222685168804e-05,5.4861833734419e-05,5.62189050231787e-05,5.75935063787488e-05,5.89856614853629e-05
0.000183642244061107,0.000184670004341996,0.000185617246355068,0.000186487151658599,0.000187282711734025,0.000188006744843253,0.000188661910961611,0.000189250725050937,0.00018977556889553,0.000190238701688628,0.0001906422695289,0.000190988313962817,0.000191278779688831,0.000191515521523018,0.00019170031071234,0.000191834840669351,0.00019192073219313,0.000191959538232148,0.000191952748238251,0.000191901792154372,0.000191808044073667,0.000191672825603002,0.000191497408960184,0.000191283019830553,0.000191030840005839,0.000190742009825803,0.000190417630440503,0.000190058765909527,0.000189666445152652,0.00018924166376476,0.00018878538570676,0.00018829854488293,0.000187782046614086,0.000187236769015147,0.000186663564284752,0.000186063259913873,0.000185436659819794,0.000184784545411187,0.000184107676589508,0.000183406792691465,0.000182682613376916,0.000181935839466152,0.000181167153730261,0.000180377221637799,0.000179566692060896,0.000178736197943654,0.000177886356935264,0.000177017771990362,0.000176131031938805,0.000175226712026792,0.00017430537443128,0.000173367568749475,0.000172413832464959,0.00017144469139182,0.000170460660098408,0.00016946224231183,0.000168449931304533,0.000167424210263824,0.000166385552645763,0.000165334422514074,0.000164271274865208,0.000163196555940206,0.000162110703524553,0.000161014147236187,0.000159907308803086,0.00015879060233054,0.000157664434559077,0.000156529205113463,0.000155385306743655,0.000154233125557823,0.000153073041248403,0.000151905427311475,0.000150730651259937,0.000149549074831118,0.000148361054189144,0.000147166940122562,0.00014596707823777,0.000144761809148499,0.000143551468661942,0.000142336387961862,0.0001411168937893,0.000139893308620946,0.000138665950846117,0.000137435134942338,0.000136201171650261,0.000134964368148327,0.000133725028227571,0.000132483452467264,0.00013123993841179,0.00012999478074933,0.000128748271493034,0.000127500700165218,0.000126252353985385,0.000125003518062617,0.000123754475593365,0.000122505508065258,0.000121256895467988,0.000120008916512234,0.000118761848857691,0.000117515969351522,0.000116271554278402,0.000115028879623708,0.000113788221351462,0.000112549855698787,0.000111314059488872,0.000110081110464716,0.000108851287646009,0.000107624871712032,0.000106402145413635,0.000105183394017725,0.000103968905788419,0.000102758972508956,0.000101553890049754,0.000100353958988076,9.91594852859628e-05,9.79707810337251e-05,9.6788165267512e-05,9.56119648706055e-05,9.44425155696887e-05,9.3280163038706e-05,9.21252641252655e-05,9.0978188216635e-05,8.98393187651864e-05,8.87090549964135e-05,8.75878138266104e-05,8.64760320215929e-05,8.53741686338512e-05,8.42827077617227e-05,8.32021616824574e-05,8.21330744205308e-05,8.10760258244879e-05,8.0031636239884e-05,7.90005718835254e-05,7.7983551045766e-05,7.69813512747558e-05,7.59948177296609e-05,7.50248729317595e-05,7.40725281949201e-05,7.31388970835098e-05,7.22252113303129e-05,7.13328397560038e-05,7.04633108714523e-05,6.96183400270511e-05,6.8799862211683e-05,6.80100719202937e-05,6.72514719299506e-05,6.65269333913789e-05,6.58397704136112e-05,6.51938333788764e-05,6.45936266970865e-05,6.40444587823798e-05,6.35526349901535e-05,6.31257085318046e-05,6.2772810673115e-05,6.25050909260622e-05,6.23363122681491e-05,6.22836686943373e-05,6.23689278203786e-05,6.26200589911341e-05,6.30736041248371e-05,6.37782158831883e-05,6.48000875491199e-05,6.62315580041849e-05,6.82052668180524e-05,7.09184838359475e-05,7.46771760556726e-05,7.99810735939228e-05,8.77014185562334e-05,9.94920387461877e-05,0.000118877605256868,0.000154739639590055,0.000236307338843396,0.000524106209357321,0.00621455776842082,0.000803010888966141,7.3653270439779e-05,1.28128582013154e-05,1.77608473978858e-06,6.16114084660285e-09,4.99169702184014e-07,1.51961404727871e-06,2.56338677700335e-06,3.48187531272222e-06,4.2413963783041e-06,4.84672912732959e-06,5.31455830838256e-06,5.66387660817791e-06,5.91258724345479e-06,6.07646666321503e-06,6.16902810862356e-06,6.20170936409287e-06,6.18415367516409e-06,6.1244933277069e-06,6.02960360659393e-06,5.90531886681096e-06,5.75661193476355e-06,5.58774133938288e-06,5.40237155723988e-06,5.20367111984855e-06,4.99439276049788e-06,4.77693906102936e-06,4.55341640742074e-06,4.32567951037484e-06,4.09536829440593e-06,3.86393859508786e-06,3.63268781415629e-06,3.40277645258844e-06,3.17524626006367e-06,2.95103559532568e-06,2.73099247794584e-06,2.51588572135856e-06,2.30641446465771e-06,2.10321636291861e-06,1.90687464924653e-06,1.71792424439044e-06,1.53685705936216e-06,1.36412661197317e-06,1.20015205803289e-06,1.04532172157013e-06,8.99996194886478e-07,7.64511068139334e-07,6.391793389098e-07,5.24293544551543e-07,4.20127653728933e-07,3.26938748233705e-07,2.44968521650284e-07,1.74444617716565e-07,1.15581828003467e-07,6.8583165877692e-08,3.3640831397512e-08,1.09370798631138e-08,6.45005075768442e-10,2.92924693265733e-09,1.79466317725586e-08,4.58467528317003e-08,8.6772497266642e-08,1.40860525418475e-07,2.08241707317878e-07,2.89041520833627e-07,3.83380415372732e-07,4.91374144571238e-07,6.13134071053395e-07,7.48767445963238e-07,8.98377665710939e-07,1.06206450807736e-06,1.23992434962382e-06,1.43205036610252e-06,1.6385327174715e-06,1.85945871882246e-06,2.09491299854749e-06,2.34497764479977e-06,2.60973234132273e-06,2.88925449347848e-06,3.18361934539307e-06,3.49290008888493e-06,3.81716796489013e-06,4.15649235798955e-06,4.51094088459797e-06,4.88057947529307e-06,5.26547245178035e-06,5.66568259888959e-06,6.08127123198672e-06,6.51229826015553e-06,6.95882224546731e-06,7.42090045860151e-06,7.89858893114257e-06,8.39194250473132e-06,8.90101487734991e-06,9.42585864688776e-06,9.96652535225238e-06,1.05230655121171e-05,1.10955286615443e-05,1.16839633865413e-05,1.22884173567864e-05,1.29089373565785e-05,1.35455693141442e-05,1.41983583293956e-05,1.48673487003205e-05,1.55525839479456e-05,1.62541068401134e-05,1.69719594140113e-05,1.77061829977038e-05,1.84568182304815e-05,1.92239050823865e-05,2.00074828727017e-05,2.08075902876603e-05,2.1624265397298e-05,2.245754567158e-05,2.33074679957638e-05,2.41740686851407e-05,2.50573834990839e-05,2.59574476545373e-05,2.68742958389053e-05,2.78079622224418e-05,2.87584804700539e-05,2.97258837527532e-05,3.07102047585e-05,3.17114757027343e-05,3.27297283384601e-05,3.37649939659137e-05,3.481730344191e-05,3.58866871888245e-05,3.6973175203197e-05,3.8076797064131e-05,3.91975819412728e-05,4.03355586026062e-05,4.14907554218867e-05,4.2663200385903e-05,4.38529211014304e-05,4.50599448019829e-05,4.62842983543403e-05,4.75260082648527e-05,4.87851006855634e-05,5.00616014200958e-05,5.13555359293856e-05,5.26669293372734e-05,5.39958064358546e-05,5.53421916906957e-05,5.67061092459255e-05,5.8087582929174e-05,5.94866362563126e-05
0.000190069119309349,0.00019093515069428,0.000191726951785599,0.000192447304410246,0.000193098836284305,0.000193684033767578,0.000194205253254384,0.000194664731376491,0.000195064594168166,0.000195406865320942,0.000195693473637595,0.000195926259779793,0.000196106982390164,0.000196237323659786,0.000196318894401715,0.000196353238684107,0.000196341838069553,0.000196286115501187,0.000196187438871749,0.00019604712430699,0.000195866439191509,0.000195646604961653,0.000195388799687494,0.00019509416046337,0.000194763785624505,0.00019439873680506,0.000194000040851837,0.000193568691605784,0.000193105651562908,0.000192611853424316,0.000192088201544847,0.00019153557328821,0.00019095482029642,0.000190346769679916,0.000189712225134851,0.000189051967992852,0.000188366758208492,0.000187657335288961,0.000186924419170398,0.000186168711044454,0.000185390894138826,0.000184591634454964,0.000183771581465888,0.000182931368776914,0.000182071614751712,0.000181192923106176,0.000180295883472087,0.000179381071932626,0.000178449051531621,0.000177500372758047,0.000176535574007579,0.000175555182022479,0.0001745597123113,0.00017354966954952,0.000172525547962466,0.000171487831691426,0.000170436995144262,0.000169373503331016,0.000168297812185998,0.000167210368876706,0.000166111612100579,0.000165001972370383,0.000163881872288831,0.000162751726813053,0.000161611943509788,0.000160462922801553,0.000159305058204735,0.000158138736559723,0.000156964338254065,0.000155782237438761,0.000154592802238345,0.000153396394955238,0.000152193372268765,0.000150984085429221,0.000149768880447597,0.000148548098281135,0.000147322075015332,0.000146091142042691,0.000144855626238673,0.000143615850135161,0.000142372132092066,0.000141124786467171,0.00013987412378495,0.000138620450904564,0.000137364071187601,0.000136105284665963,0.000134844388210377,0.000133581675700123,0.000132317438194326,0.000131051964105565,0.000129785539376202,0.00012851844765823,0.000127250970497173,0.000125983387520875,0.000124715976633878,0.000123449014218251,0.00012218277534184,0.000120917533974917,0.000119653563216246,0.000118391135529971,0.000117130522994425,0.000115871997564509,0.00011461583134915,0.000113362296905721,0.000112111667553291,0.000110864217707204,0.000109620223237132,0.000108379961851636,0.000107143713512333,0.000105911760881031,0.000104684389804143,0.000103461889838313,0.000102244554822948,0.000101032683504931,9.98265802222944e-05,9.86265556542081e-05,9.74329276458885e-05,9.624602211803e-05,9.50661740721435e-05,9.38937287044998e-05,9.27290426436256e-05,9.15724853285638e-05,9.04244405477509e-05,8.928530816178e-05,8.81555060370995e-05,8.70354722223278e-05,8.59256674043214e-05,8.48265776879229e-05,8.37387177510577e-05,8.26626344367218e-05,8.15989108548536e-05,8.05481710817545e-05,7.95110855617523e-05,7.84883773376841e-05,7.74808292632862e-05,7.64892923837003e-05,7.55146957115459e-05,7.455805767824e-05,7.36204996057036e-05,7.27032616272663e-05,7.18077215935931e-05,7.09354176373627e-05,7.00880752495442e-05,6.92676399545026e-05,6.84763169805766e-05,6.77166197342651e-05,6.69914294394596e-05,6.63040690533243e-05,6.56583955997354e-05,6.50589164878632e-05,6.45109373874925e-05,6.40207520822291e-05,6.3595888833818e-05,6.3245433815139e-05,6.29804611451802e-05,6.28146126778974e-05,6.27648917783948e-05,6.28527686802247e-05,6.310574911232e-05,6.35596480116668e-05,6.42619649341215e-05,6.52770329097282e-05,6.66941209438674e-05,6.86406529847764e-05,7.13047063300273e-05,7.49752800826636e-05,8.01188962460212e-05,8.75367164095176e-05,9.87191898134601e-05,0.000116754322137164,0.000149099818678753,0.000218603046437253,0.00043301506344497,0.00244670776467108,0.00214488184959927,0.000125855383430641,2.19052138988203e-05,3.86020904219631e-06,2.52239288770084e-07,1.56271899486316e-07,9.802958363237e-07,1.97060569029062e-06,2.89175683563553e-06,3.67617405058381e-06,4.31440148881651e-06,4.81690792782003e-06,5.19996767397893e-06,5.4803612144622e-06,5.67348815587646e-06,5.79283371741926e-06,5.84996508993112e-06,5.85471849898023e-06,5.81543672575607e-06,5.73920098038961e-06,5.63203707220004e-06,5.4990911110006e-06,5.34477614560625e-06,5.1728933067363e-06,4.98673145592528e-06,4.78914907896968e-06,4.58264166369752e-06,4.36939726702148e-06,4.15134248580998e-06,3.93018062575254e-06,3.7074235147477e-06,3.48441812462782e-06,3.26236893806034e-06,3.04235681588311e-06,2.82535497508449e-06,2.61224257214492e-06,2.40381629399848e-06,2.20080028488176e-06,2.00385467804849e-06,1.81358295341016e-06,1.63053830363055e-06,1.45522915976579e-06,1.28812400215715e-06,1.12965556140469e-06,9.80224497206417e-07,8.40202628822469e-07,7.09935779325613e-07,5.89746286242069e-07,4.79935223160311e-07,3.80784370272443e-07,2.92557966262082e-07,2.15504269245602e-07,1.49856950582376e-07,9.5836342029725e-08,5.36505539275484e-08,2.3496479693657e-08,5.56069990068821e-09,2.02974567266121e-11,7.04359393613044e-09,2.6790815832559e-08,5.9414698410766e-08,1.05061033888596e-07,1.63869169866772e-07,2.3597246321888e-07,3.2149869403444e-07,4.20570443683624e-07,5.33305440590758e-07,6.59816876930464e-07,8.0021369905698e-07,9.54600874214225e-07,1.12307963576131e-06,1.30574770894193e-06,1.50269951896932e-06,1.71402638307855e-06,1.93981668794111e-06,2.1801560537882e-06,2.43512748637022e-06,2.7048115178501e-06,2.98928633751705e-06,3.28862791324643e-06,3.60291010443298e-06,3.93220476711547e-06,4.27658185193598e-06,4.6361094955098e-06,5.01085410569951e-06,5.40088044133462e-06,5.80625168674185e-06,6.22702952154728e-06,6.66327418603994e-06,7.11504454252327e-06,7.58239813283423e-06,8.06539123244363e-06,8.56407890125966e-06,9.07851503148677e-06,9.60875239265012e-06,1.01548426740584e-05,1.07168365248351e-05,1.12947835917382e-05,1.18887325548327e-05,1.24987311612659e-05,1.31248262572033e-05,1.37670638180608e-05,1.44254889771231e-05,1.51001460527639e-05,1.57910785741555e-05,1.64983293057795e-05,1.72219402706321e-05,1.79619527723894e-05,1.87184074163623e-05,1.94913441295817e-05,2.02808021798238e-05,2.10868201938283e-05,2.19094361746065e-05,2.27486875180406e-05,2.36046110286435e-05,2.4477242934723e-05,2.53666189027768e-05,2.62727740513866e-05,2.71957429643681e-05,2.8135559703554e-05,2.90922578208486e-05,3.00658703699787e-05,3.10564299176212e-05,3.20639685541628e-05,3.3088517904039e-05,3.41301091356376e-05,3.51887729708395e-05,3.6264539694218e-05,3.73574391618508e-05,3.84675008098829e-05,3.95947536626742e-05,4.0739226340782e-05,4.19009470685373e-05,4.30799436814647e-05,4.42762436333609e-05,4.54898740031999e-05,4.67208615017671e-05,4.79692324780917e-05,4.92350129257073e-05,5.05182284886053e-05,5.18189044671022e-05,5.31370658235058e-05,5.44727371875843e-05,5.58259428618453e-05,5.71967068267406e-05,5.85850527456467e-05,5.99910039697057e-05
0.000196233260832586,0.000196949917591238,0.000197597793044564,0.000198179345923989,0.000198696908073301,0.000199152694288056,0.000199548811165666,0.000199887265086564,0.000200169969430055,0.000200398751113522,0.00020057535653226,0.000200701456966587,0.000200778653514371,0.000200808481599622,0.000200792415101635,0.000200731870143508,0.000200628208574466,0.00020048274117607,0.0002002967306192,0.000200071394195477,0.000199807906344196,0.000199507400993524,0.000199170973732852,0.000198799683830954,0.000198394556113836,0.000197956582713899,0.000197486724701561,0.000196985913608871,0.000196455052854175,0.000195895019075565,0.000195306663380478,0.000194690812517994,0.000194048269979654,0.000193379817034366,0.000192686213702321,0.000191968199672149,0.000191226495165904,0.000190461801755147,0.000189674803131974,0.000188866165837857,0.0001880365399534,0.000187186559751517,0.00018631684431671,0.000185427998132464,0.000184520611638966,0.000183595261763236,0.000182652512423156,0.000181692915007231,0.000180717008831717,0.000179725321576283,0.000178718369699734,0.000177696658837018,0.000176660684178579,0.000175610930833167,0.000174547874175133,0.000173471980177158,0.000172383705729284,0.000171283498944926,0.000170171799454995,0.000169049038690475,0.000167915640154366,0.000166772019683559,0.000165618585701405,0.000164455739461226,0.000163283875281757,0.000162103380774672,0.000160914637064983,0.000159718019004496,0.000158513895379166,0.000157302629110394,0.000156084577451012,0.000154860092176203,0.000153629519769816,0.000152393201606467,0.000151151474129833,0.000149904669027482,0.000148653113402667,0.000147397129943433,0.000146137037089475,0.000144873149196928,0.000143605776701895,0.000142335226282515,0.000141061801020612,0.000139785800562804,0.000138507521281828,0.000137227256438413,0.000135945296344064,0.000134661928525586,0.000133377437891385,0.000132092106900479,0.000130806215734648,0.000129520042474312,0.000128233863278895,0.000126947952572323,0.000125662583234533,0.000124378026799685,0.000123094553662134,0.000121812433291154,0.000120531934455395,0.000119253325458501,0.000117976874387014,0.00011670284937215,0.000115431518867094,0.000114163151941522,0.000112898018595501,0.000111636390094967,0.000110378539331158,0.000109124741207077,0.000107875273053883,0.00010663041508088,0.000105390450863203,0.000104155667871362,0.000102926358048227,0.000101702818438803,0.000100485351879728,9.92742677557151e-05,9.80698828317282e-05,9.68725221705033e-05,9.56825201468472e-05,9.45002215714756e-05,9.33259829394853e-05,9.21601738205413e-05,9.10031784109542e-05,8.98553972707904e-05,8.8717249273219e-05,8.75891737978273e-05,8.64716332050655e-05,8.53651156358154e-05,8.42701381877601e-05,8.31872505299976e-05,8.21170390289058e-05,8.10601314726482e-05,8.00172024988543e-05,7.89889798514349e-05,7.79762516191573e-05,7.69798746410665e-05,7.60007843048528e-05,7.5040006015896e-05,7.40986686792327e-05,7.31780206193714e-05,7.22794484681656e-05,7.14044996866255e-05,7.05549095626176e-05,6.97326337559603e-05,6.89398877657252e-05,6.81791950964628e-05,6.74534464399545e-05,6.67659729194154e-05,6.61206374430024e-05,6.55219495962471e-05,6.49752114404685e-05,6.44867043316177e-05,6.40639308269353e-05,6.37159315194848e-05,6.34537052109603e-05,6.32907737865056e-05,6.32439531217964e-05,6.33344227988638e-05,6.35892381307641e-05,6.40435120076812e-05,6.47436374126436e-05,6.57521742956844e-05,6.71554877103313e-05,6.90761103448271e-05,7.16935853799356e-05,7.52813492808968e-05,8.02759178836573e-05,8.74163202205669e-05,9.80517398079407e-05,0.00011490551699788,0.000144306362430389,0.000204462184023406,0.000371204276097053,0.00140110997192953,0.00962408309780916,0.000219779448022873,3.60983956821002e-05,7.22804119468648e-06,9.48526452536447e-07,3.02193452991579e-09,5.29904771169027e-07,1.42202989085226e-06,2.32400174790087e-06,3.12191283735668e-06,3.78680563134152e-06,4.32049042467607e-06,4.73530635358716e-06,5.04626921243448e-06,5.26804688960786e-06,5.41389274210544e-06,5.49538252286315e-06,5.52247191088779e-06,5.50366849188106e-06,5.446230530023e-06,5.35635681636491e-06,5.23935482719644e-06,5.09978441593782e-06,4.94157838232531e-06,4.76814272643792e-06,4.5824396834682e-06,4.38705643585887e-06,4.18426202891508e-06,3.97605461596322e-06,3.76420078824824e-06,3.55026842380279e-06,3.33565422083038e-06,3.12160686087213e-06,2.90924656834594e-06,2.69958168872756e-06,2.49352279167385e-06,2.29189471207283e-06,2.09544686684553e-06,1.90486212483659e-06,1.72076445817179e-06,1.54372556384683e-06,1.37427061202825e-06,1.2128832513747e-06,1.06000998010741e-06,9.16063973987172e-07,7.81428447798341e-07,6.5645961494813e-07,5.41489299857946e-07,4.36827249524257e-07,3.42763183739477e-07,2.59568617697369e-07,1.87498485814531e-07,1.26792591573642e-07,7.76769046891284e-08,4.03647240165361e-08,1.50577221142433e-08,1.94688527483687e-09,1.21336102676604e-09,1.30292235669964e-08,3.75581662592665e-08,7.49561291920175e-08,1.25371868804931e-07,1.88947475747784e-07,2.6581884639893e-07,3.56116112818998e-07,4.5996403539002e-07,5.77482361858549e-07,7.08786156141958e-07,8.53986099813159e-07,1.01318876892123e-06,1.18649688847539e-06,1.37400956670249e-06,1.57582251090672e-06,1.7920282266859e-06,2.02271620191649e-06,2.26797307693314e-06,2.52788280206324e-06,2.80252678367398e-06,3.09198401962759e-06,3.39633122513997e-06,3.71564294976901e-06,4.04999168630664e-06,4.3994479722104e-06,4.76408048421451e-06,5.14395612660248e-06,5.53914011370091e-06,5.94969604702039e-06,6.37568598743515e-06,6.81717052282242e-06,7.27420883148222e-06,7.7468587416146e-06,8.23517678722836e-06,8.73921826065306e-06,9.25903726197232e-06,9.79468674553092e-06,1.03462185638008e-05,1.09136835086846e-05,1.14971313505601e-05,1.20966108751005e-05,1.27121699181039e-05,1.33438553984328e-05,1.39917133491955e-05,1.46557889472362e-05,1.53361265411845e-05,1.60327696779504e-05,1.67457611279558e-05,1.74751429090553e-05,1.8220956309318e-05,1.8983241908611e-05,1.97620395992546e-05,2.05573886056073e-05,2.13693275027541e-05,2.21978942343508e-05,2.30431261296379e-05,2.39050599196477e-05,2.47837317527555e-05,2.56791772095012e-05,2.65914313167848e-05,2.75205285614181e-05,2.84665029031829e-05,2.94293877872255e-05,3.04092161560763e-05,3.14060204610693e-05,3.24198326733406e-05,3.34506842944237e-05,3.44986063663971e-05,3.55636294816146e-05,3.66457837921507e-05,3.77450990187886e-05,3.88616044597561e-05,3.99953289990995e-05,4.11463011147772e-05,4.23145488864422e-05,4.35001000029775e-05,4.47029817697497e-05,4.59232211156343e-05,4.71608445997767e-05,4.8415878418167e-05,4.96883484099663e-05,5.09782800636578e-05,5.22856985229299e-05,5.36106285925047e-05,5.4953094743676e-05,5.63131211196775e-05,5.76907315409579e-05,5.90859495103162e-05,6.04987982177098e-05
0.000202159139994006,0.000202737019112773,0.000203250889974546,0.000203702946231925,0.000204095275646258,0.000204429867808412,0.000204708621127347,0.0002049333491705,0.00020510578642924,0.000205227593572589,0.000205300362244398,0.000205325619452563,0.000205304831592222,0.0002052394081404,0.000205130705054785,0.000204980027905495,0.000204788634765713,0.000204557738883567,0.000204288511156006,0.000203982082422141,0.00020363954559271,0.000203261957629667,0.000202850341389144,0.000202405687339266,0.000201928955163252,0.00020142107525746,0.000200882950132594,0.000200315455726068,0.000199719442632371,0.000199095737257847,0.000198445142905603,0.00019776844079582,0.000197066391026402,0.000196339733478006,0.000195589188667868,0.000194815458555732,0.000194019227305453,0.000193201162005249,0.000192361913349547,0.000191502116284869,0.000190622390622292,0.000189723341618624,0.000188805560528408,0.000187869625128605,0.000186916100217601,0.000185945538090404,0.000184958478991352,0.000183955451545682,0.000182936973171513,0.000181903550473128,0.00018085567961695,0.000179793846691141,0.000178718528049793,0.000177630190642715,0.000176529292331576,0.000175416282193262,0.00017429160081129,0.000173155680555806,0.000172008945853017,0.000170851813444586,0.000169684692637659,0.000168507985545974,0.000167322087322858,0.000166127386386196,0.000164924264636362,0.000163713097667137,0.000162494254970369,0.000161268100134656,0.000160034991038483,0.000158795280038288,0.00015754931415174,0.000156297435236688,0.000155039980166157,0.000153777280999654,0.000152509665151298,0.000151237455554992,0.00014996097082706,0.000148680525426769,0.000147396429814877,0.000146108990610817,0.000144818510748811,0.000143525289633097,0.000142229623293031,0.000140931804538054,0.000139632123113299,0.00013833086585598,0.000137028316853205,0.000135724757601673,0.000134420467169598,0.000133115722361689,0.000131810797887455,0.00013050596653364,0.00012920149934149,0.000127897665789334,0.000126594733981569,0.000125292970844649,0.000123992642331116,0.0001226940136327,0.000121397349403459,0.000120102913994433,0.000118810971700838,0.000117521787023582,0.000116235624946489,0.000114952751231297,0.000113673432732249,0.000112397937732677,0.000111126536306103,0.00010985950070452,0.000108597105777338,0.00010733962942419,0.000106087353086067,0.000104840562278786,0.000103599547174471,0.000102364603236483,0.000101136031914657,9.99141414082336e-05,9.86992475051968e-05,9.74916745078151e-05,9.62917562558182e-05,9.50998372599254e-05,9.39162739610855e-05,9.27414361324008e-05,9.15757084440585e-05,9.0419492214425e-05,8.92732073746461e-05,8.81372946784048e-05,8.70122181942207e-05,8.58984681240931e-05,8.47965640003342e-05,8.37070583218839e-05,8.26305407030808e-05,8.15676426219793e-05,8.05190428725334e-05,7.94854738461511e-05,7.84677287943988e-05,7.74666702571294e-05,7.64832398805613e-05,7.55184699010296e-05,7.45734966339006e-05,7.36495763883597e-05,7.27481043329617e-05,7.18706369697225e-05,7.10189190479578e-05,7.01949159737279e-05,6.94008530681411e-05,6.86392634201309e-05,6.79130466063141e-05,6.72255412614896e-05,6.65806154547171e-05,6.59827801663246e-05,6.54373330345726e-05,6.49505421898962e-05,6.45298837958435e-05,6.4184352448585e-05,6.39248717733956e-05,6.3764844882456e-05,6.37209032786899e-05,6.3813942451413e-05,6.40705800079737e-05,6.45252505690343e-05,6.52232845217442e-05,6.62255503795568e-05,6.76156631538607e-05,6.95115619409363e-05,7.20848526475454e-05,7.55946644324679e-05,8.04503166835426e-05,8.73355248530148e-05,9.74766258684553e-05,0.000113289870360232,0.000140196883741699,0.00019295162024109,0.000326936195441723,0.000954568718455652,0.541231204975782,0.000401932641015741,5.83576219829099e-05,1.24216128827141e-05,2.25467451921979e-06,1.01362219428998e-07,1.9723658572259e-07,9.32884057664083e-07,1.78747833033212e-06,2.58418629360482e-06,3.26766641190684e-06,3.82792489503967e-06,4.27181457110878e-06,4.61177370089e-06,4.8612908664099e-06,5.03313081647252e-06,5.13872549907404e-06,5.18805702209816e-06,5.18973962341146e-06,5.1511715520597e-06,5.07870057460579e-06,4.97777979462536e-06,4.85310545934274e-06,4.70873511530022e-06,4.54818729358559e-06,4.37452492411139e-06,4.19042488035474e-06,3.9982359087112e-06,3.80002692188857e-06,3.59762733572444e-06,3.39266084761191e-06,3.18657380816502e-06,2.98065912959876e-06,2.77607650180297e-06,2.57386954572658e-06,2.37498041879632e-06,2.18026229384135e-06,1.99049005734195e-06,1.80636951167209e-06,1.62854531620723e-06,1.45760786178663e-06,1.29409924002681e-06,1.13851844206766e-06,9.91325899241416e-07,8.52947460007487e-07,7.2377788251372e-07,6.041839097429e-07,4.94506983976096e-07,3.95065648677854e-07,3.06157678801972e-07,2.28061974533417e-07,1.61040248429473e-07,1.05338531704144e-07,6.11885218159894e-08,2.88087904883364e-08,8.40586870618153e-09,1.75223049915044e-10,4.30213584405147e-09,2.09624999959993e-08,5.03235380234787e-08,9.25444535823913e-08,1.47777022783462e-07,2.16166131707875e-07,2.97850265761014e-07,3.92961955837379e-07,5.01628185710038e-07,6.23970764512648e-07,7.60106667806367e-07,9.1014835026599e-07,1.07420403274356e-06,1.25237796613139e-06,1.44477067421413e-06,1.65147917742586e-06,1.87259719930766e-06,2.10821535716196e-06,2.35842133837111e-06,2.62330006359016e-06,2.90293383800188e-06,3.19740249160247e-06,3.50678350950153e-06,3.83115215303908e-06,4.17058157248344e-06,4.52514291199979e-06,4.89490540754274e-06,5.27993647815953e-06,5.68030181132548e-06,6.09606544269479e-06,6.5272898307449e-06,6.97403592667047e-06,7.43636323994175e-06,7.91432989974345e-06,8.40799271274115e-06,8.91740721730459e-06,9.44262773456343e-06,9.98370741640639e-06,1.05406982907509e-05,1.11136513041842e-05,1.17026163622206e-05,1.2307642367287e-05,1.29287772546329e-05,1.35660680262967e-05,1.42195607832181e-05,1.48893007556499e-05,1.55753323320351e-05,1.62776990862933e-05,1.69964438038141e-05,1.77316085060458e-05,1.84832344739626e-05,1.92513622702701e-05,2.00360317606216e-05,2.08372821337774e-05,2.16551519208133e-05,2.24896790134321e-05,2.3340900681466e-05,2.42088535895049e-05,2.50935738128689e-05,2.59950968528184e-05,2.69134576511073e-05,2.78486906039033e-05,2.88008295751553e-05,2.97699079093086e-05,3.07559584436245e-05,3.17590135198566e-05,3.27791049955498e-05,3.38162642548559e-05,3.48705222189192e-05,3.5941909355853e-05,3.70304556903788e-05,3.81361908130163e-05,3.92591438890115e-05,4.03993436669198e-05,4.15568184868231e-05,4.27315962883035e-05,4.39237046181413e-05,4.51331706376848e-05,4.63600211300515e-05,4.76042825069937e-05,4.88659808156069e-05,5.0145141744797e-05,5.14417906314939e-05,5.2755952466711e-05,5.40876519014002e-05,5.54369132521425e-05,5.6803760506598e-05,5.81882173288689e-05,5.95903070646683e-05,6.10100527462964e-05
0.000207867555137382,0.000208315842600481,0.000208704342339086,0.000209035027654662,0.000209309782421056,0.000209530407234982,0.000209698625014579,0.000209816086106095,0.000209884372951514,0.000209905004362856,0.000209879439443687,0.000209809081193341,0.000209695279825251,0.000209539335826906,0.000209342502786348,0.000209105990006712,0.000208830964928521,0.000208518555376942,0.000208169851649545,0.000207785908458547,0.00020736774673993,0.000206916355340716,0.00020643269259455,0.000205917687794598,0.000205372242572182,0.000204797232188454,0.000204193506746095,0.000203561892326929,0.000202903192061376,0.000202218187134535,0.00020150763773383,0.000200772283942195,0.000200012846581039,0.000199230028006135,0.000198424512860168,0.000197596968784491,0.00019674804709322,0.000195878383411955,0.000194988598283697,0.000194079297743885,0.00019315107386671,0.00019220450528452,0.000191240157682082,0.000190258584267087,0.000189260326218617,0.000188245913114814,0.000187215863341059,0.000186170684479774,0.000185110873683072,0.000184036918029211,0.000182949294863769,0.00018184847212662,0.000180734908665309,0.000179609054535848,0.000178471351291493,0.00017732223226032,0.000176162122812304,0.000174991440616211,0.000173810595887406,0.000172619991626641,0.000171420023850653,0.000170211081814895,0.000168993548229157,0.00016776779946598,0.000166534205763067,0.000165293131419337,0.000164044934985658,0.000162789969450149,0.00016152858241882,0.000160261116291639,0.000158987908434495,0.000157709291347453,0.000156425592829525,0.000155137136140339,0.000153844240159137,0.000152547219541246,0.000151246384872554,0.00014994204282217,0.000148634496293697,0.000147324044575411,0.000146010983489793,0.000144695605542554,0.000143378200071886,0.000142059053397931,0.000140738448973179,0.00013941666753402,0.000138093987254018,0.00013677068389937,0.000135447030986905,0.000134123299945396,0.000132799760280536,0.000131476679744345,0.000130154324509581,0.000128832959349904,0.000127512847826637,0.000126194252482773,0.00012487743504549,0.00012356265663779,0.000122250178000671,0.000120940259726985,0.00011963316250827,0.000118329147396064,0.000117028476079442,0.0001157314111805,0.000114438216569893,0.000113149157704739,0.000111864501991336,0.000110584519175613,0.00010930948176454,0.000108039665481981,0.000106775349763237,0.000105516818292569,0.000104264359589188,0.000103018267647314,0.000101778842637185,0.000100546391674385,9.93212296663531e-05,9.81036802458189e-05,9.68940768026503e-05,9.56927636270646e-05,9.45000971792955e-05,9.33164475030525e-05,9.21421998030401e-05,9.09777562096071e-05,8.98235377582397e-05,8.86799866152217e-05,8.75475685872054e-05,8.64267759582594e-05,8.53181307063888e-05,8.42221881605883e-05,8.31395411714739e-05,8.20708248821936e-05,8.10167222036894e-05,7.9977970119311e-05,7.89553669698078e-05,7.79497809019818e-05,7.69621597039515e-05,7.59935423008507e-05,7.50450722473169e-05,7.41180136337424e-05,7.32137699252776e-05,7.23339063837739e-05,7.14801768926775e-05,7.06545562257842e-05,6.98592790911417e-05,6.90968876655708e-05,6.83702898489978e-05,6.76828311599134e-05,6.70383841374412e-05,6.64414604145547e-05,6.58973524387706e-05,6.54123143718642e-05,6.49937953559015e-05,6.46507436376506e-05,6.43940078659679e-05,6.42368736107965e-05,6.4195791090883e-05,6.4291378092149e-05,6.45498267573397e-05,6.50049161240435e-05,6.57009555800672e-05,6.66971987537569e-05,6.80746535870145e-05,6.99469392566176e-05,7.24782666622869e-05,7.59145823562793e-05,8.06404841941349e-05,8.7290253897166e-05,9.69828304026504e-05,0.000111873876254304,0.000136647579224851,0.000183433330576751,0.000293907891932226,0.000718126342316749,0.015797857860413,0.000799414298086419,9.38500675772181e-05,2.02460820358866e-05,4.38913501575135e-06,5.31913169857995e-07,1.85276537944579e-08,5.21865139616009e-07,1.29287616066867e-06,2.06961306552351e-06,2.76135254473039e-06,3.34225057692321e-06,3.81170170244158e-06,4.17854174383457e-06,4.45451866455225e-06,4.65158759484747e-06,4.78084633693938e-06,4.85218708178146e-06,4.87425775393809e-06,4.85454982582785e-06,4.79952952226541e-06,4.7147753566853e-06,4.60510641319629e-06,4.47469580989488e-06,4.32716835943688e-06,4.16568341603737e-06,3.99300462721554e-06,3.81155845754612e-06,3.6234832457063e-06,3.43067035286225e-06,3.23479873522066e-06,3.03736405928447e-06,2.83970328874396e-06,2.64301550979854e-06,2.44837962606284e-06,2.25676944220688e-06,2.06906656348749e-06,1.88607146308087e-06,1.70851300780197e-06,1.53705668263894e-06,1.37231171360277e-06,1.2148372548855e-06,1.06514777886659e-06,9.23717784899269e-07,7.90985924250676e-07,6.67358623144408e-07,5.53213273158881e-07,4.48901047627061e-07,3.54749393863344e-07,2.71064243667867e-07,1.98131978382876e-07,1.36221179559636e-07,8.55841919369042e-08,4.64585216997778e-08,1.90680898757069e-08,3.62435802278985e-09,3.2734112157015e-10,9.36652061531472e-09,3.09216688905194e-08,6.51635950571944e-08,1.12254820658642e-07,1.72350192877765e-07,2.45597441895432e-07,3.32137688257942e-07,4.32105905416123e-07,5.45631342015889e-07,6.72837907965804e-07,8.13844527895761e-07,9.6876546516894e-07,1.13771061930436e-06,1.32078579932364e-06,1.5180929753026e-06,1.72973051011133e-06,1.95579337320633e-06,2.19637333803208e-06,2.45155916455279e-06,2.72143676816619e-06,3.00608937625076e-06,3.3055976733189e-06,3.62003993583523e-06,3.94949215749536e-06,4.29402816579447e-06,4.65371973057122e-06,5.02863666522058e-06,5.41884692108433e-06,5.82441667563981e-06,6.24541041492215e-06,6.68189101064045e-06,7.13391979238405e-06,7.60155661531557e-06,8.08485992363707e-06,8.58388681020031e-06,9.09869307249886e-06,9.62933326534083e-06,1.01758607503768e-05,1.07383277428007e-05,1.13167853553178e-05,1.19112836396618e-05,1.25218716257419e-05,1.31485973586704e-05,1.37915079337352e-05,1.44506495295046e-05,1.51260674391283e-05,1.58178061000838e-05,1.65259091222591e-05,1.72504193146983e-05,1.79913787109133e-05,1.87488285930014e-05,1.95228095144919e-05,2.03133613221739e-05,2.11205231767725e-05,2.19443335727222e-05,2.27848303569731e-05,2.36420507469353e-05,2.45160313475911e-05,2.54068081678488e-05,2.63144166361748e-05,2.72388916155083e-05,2.81802674175427e-05,2.9138577816424e-05,3.01138560617784e-05,3.11061348913432e-05,3.21154465429111e-05,3.31418227659092e-05,3.4185294832467e-05,3.52458935480433e-05,3.63236492616274e-05,3.74185918755922e-05,3.85307508551038e-05,3.96601552372314e-05,4.08068336397003e-05,4.19708142693335e-05,4.31521249301286e-05,4.4350793031165e-05,4.55668455940965e-05,4.68003092604898e-05,4.80512102988592e-05,4.93195746114609e-05,5.06054277409031e-05,5.19087948764799e-05,5.32297008603207e-05,5.45681701933905e-05,5.59242270412089e-05,5.72978952394757e-05,5.86891982994597e-05,6.00981594132867e-05,6.15248014589872e-05
0.000213376365593271,0.000213703098427725,0.000213973806647362,0.000214190278242989,0.000214354224877968,0.000214467286854201,0.000214531037655085,0.000214546988109629,0.000214516590216169,0.000214441240659443,0.000214322284051357,0.000214161015921764,0.000213958685482951,0.000213716498188702,0.000213435618106859,0.00021311717012168,0.000212762241981459,0.000212371886204337,0.000211947121854664,0.000211488936200621,0.00021099828626294,0.000210476100263478,0.000209923278981771,0.000209340697026629,0.000208729204029546,0.000208089625765711,0.000207422765208249,0.00020672940352048,0.00020601030099081,0.000205266197914457,0.000204497815425633,0.000203705856283799,0.000202891005617174,0.000202053931626258,0.000201195286250392,0.00020031570579944,0.000199415811553228,0.000198496210330583,0.000197557495030181,0.00019660024514478,0.000195625027250642,0.000194632395473645,0.000193622891933643,0.000192597047168155,0.000191555380536911,0.000190498400608298,0.000189426605528748,0.000188340483376084,0.000187240512497892,0.000186127161835677,0.000185000891235584,0.000183862151746695,0.000182711385907385,0.00018154902802051,0.000180375504418115,0.000179191233716212,0.000177996627060303,0.00017679208836193,0.000175578014527195,0.000174354795677294,0.000173122815361876,0.000171882450765379,0.000170634072907147,0.000169378046835178,0.000168114731814568,0.000166844481510373,0.000165567644165796,0.000164284562775586,0.000162995575255405,0.000161701014607199,0.000160401209080977,0.000159096482333444,0.000157787153583582,0.00015647353776571,0.0001551559456802,0.000153834684142133,0.000152510056128413,0.000151182360923418,0.00014985189426363,0.000148518948481513,0.000147183812649185,0.00014584677272181,0.000144508111681579,0.000143168109682234,0.000141827044194787,0.000140485190154779,0.000139142820111386,0.000137800204379156,0.000136457611192491,0.000135115306863702,0.000133773555944993,0.000132432621395196,0.000131092764751761,0.000129754246308676,0.000128417325301392,0.000127082260099196,0.000125749308406269,0.000124418727472335,0.000123090774313982,0.000121765705948024,0.000120443779638024,0.000119125253155821,0.000117810385059347,0.000116499434988902,0.000115192663983727,0.000113890334821359,0.000112592712382105,0.000111300064041769,0.000110012660095605,0.000108730774217251,0.000107454683956845,0.000106184671282515,0.000104921023170966,0.000103664032252684,0.000102413997518606,0.000101171225095929,9.99360291015787e-05,9.87087325835253e-05,9.74896685611779e-05,9.62791811780271e-05,9.50776269816111e-05,9.38853763482488e-05,9.27028150727636e-05,9.15303461464618e-05,9.03683917509632e-05,8.92173954993896e-05,8.80778249625382e-05,8.69501745237366e-05,8.58349686141725e-05,8.47327653899377e-05,8.3644160923351e-05,8.25697939953022e-05,8.15103515922531e-05,8.0466575232265e-05,7.94392682705179e-05,7.84293043663019e-05,7.74376373332163e-05,7.64653126439101e-05,7.55134809232658e-05,7.45834138424651e-05,7.36765229276452e-05,7.27943819253708e-05,7.19387535340657e-05,7.11116215271456e-05,7.03152295778085e-05,6.9552128471036e-05,6.88252338892423e-05,6.81378976323132e-05,6.74939960497841e-05,6.6898040722666e-05,6.63553181845786e-05,6.58720679370159e-05,6.545571153018e-05,6.51151505686919e-05,6.48611589785312e-05,6.47069060473839e-05,6.46686637665874e-05,6.47667784412239e-05,6.50270285414193e-05,6.54825591792883e-05,6.61766981206454e-05,6.71671559646064e-05,6.85324665823415e-05,7.03821812852922e-05,7.28736097369303e-05,7.62405263651014e-05,8.08449953418539e-05,8.72769587070906e-05,9.6560997881771e-05,0.000110630089279549,0.000133562498656211,0.000175457401538036,0.000268464447124443,0.000575615851922189,0.00440601177587636,0.00185747888172182,0.000152112037024711,3.19270425583735e-05,7.65465949624037e-06,1.40037408301169e-06,3.95731458617853e-08,2.11990529951096e-07,8.53096555544108e-07,1.58605676558859e-06,2.27298782794044e-06,2.86699304588912e-06,3.35750620209311e-06,3.7484724116206e-06,4.04919819400862e-06,4.27043001845136e-06,4.42269549142922e-06,4.51565267851039e-06,4.55789264224286e-06,4.55694187733107e-06,4.51934690321613e-06,4.45078619010413e-06,4.3561844385879e-06,4.2398185489813e-06,4.10541146735563e-06,3.95621330017303e-06,3.79507050178475e-06,3.62448447435986e-06,3.44666103558859e-06,3.26355213524357e-06,3.07689105220318e-06,2.88822213389584e-06,2.69892597691452e-06,2.51024080091419e-06,2.32328064135871e-06,2.13905087972794e-06,1.95846154062261e-06,1.78233871135928e-06,1.61143437885018e-06,1.44643492851594e-06,1.28796850891776e-06,1.13661143189835e-06,9.92893750309549e-07,8.57304132356071e-07,7.3029413269095e-07,6.12281944641898e-07,5.03655704944258e-07,4.0477641147737e-07,3.15980505444832e-07,2.37582161843972e-07,1.6987532573497e-07,1.13135526416764e-07,6.76214971365148e-08,3.35766241134132e-08,1.12302454215227e-08,7.98817511340113e-10,2.48696480579162e-09,1.64884257889302e-08,4.29869072851138e-08,8.21568571493722e-08,1.34164164311994e-07,1.99166794023812e-07,2.77315365200493e-07,3.68753675940541e-07,4.73619182566448e-07,5.92043436945317e-07,7.24152486252813e-07,8.70067238937638e-07,1.02990380015892e-06,1.20377377966492e-06,1.39178457471985e-06,1.59403963043516e-06,1.8106386795711e-06,2.04167796374256e-06,2.28725043763623e-06,2.54744595781749e-06,2.82235145743586e-06,3.11205110810687e-06,3.41662646999967e-06,3.73615663121242e-06,4.07071833727336e-06,4.42038611161085e-06,4.78523236772104e-06,5.16532751373703e-06,5.56074004993593e-06,5.97153665983352e-06,6.39778229528614e-06,6.8395402561283e-06,7.29687226470064e-06,7.76983853572587e-06,8.25849784179878e-06,8.76290757490038e-06,9.28312380414016e-06,9.819201330088e-06,1.03711937358574e-05,1.09391534352352e-05,1.15231317180072e-05,1.21231787927538e-05,1.27393438271624e-05,1.33716749861889e-05,1.40202194680599e-05,1.46850235383735e-05,1.53661325623077e-05,1.60635910352417e-05,1.67774426116466e-05,1.75077301325951e-05,1.82544956517987e-05,1.90177804604167e-05,1.97976251105152e-05,2.05940694374997e-05,2.14071525813958e-05,2.22369130071092e-05,2.30833885237608e-05,2.39466163031204e-05,2.48266328971332e-05,2.57234742547467e-05,2.66371757378948e-05,2.75677721368311e-05,2.85152976847426e-05,2.94797860718104e-05,3.04612704585427e-05,3.14597834887096e-05,3.24753573015923e-05,3.35080235438131e-05,3.45578133806816e-05,3.56247575070465e-05,3.67088861577489e-05,3.78102291176688e-05,3.89288157313799e-05,4.00646749124324e-05,4.12178351522845e-05,4.23883245289451e-05,4.35761707152251e-05,4.47814009867649e-05,4.60040422297209e-05,4.72441209482261e-05,4.8501663271575e-05,4.97766949611306e-05,5.10692414170822e-05,5.23793276848779e-05,5.37069784614912e-05,5.50522181015218e-05,5.64150706230539e-05,5.77955597133043e-05,5.91937087341584e-05,6.06095407275614e-05,6.2043078420579e-05
0.000218701046800792,0.000218913314795495,0.000219072938278446,0.000219181547775584,0.000219240708046794,0.000219251922143945,0.0002192166351404,0.000219136237564292,0.000219012068564481,0.000218845418834477,0.000218637533317058,0.000218389613709764,0.000218102820789134,0.000217778276569802,0.000217417066312993,0.000217020240397103,0.000216588816062255,0.000216123779039048,0.000215626085071182,0.00021509666134039,0.000214536407801455,0.000213946198434198,0.000213326882419185,0.000212679285242439,0.000212004209734846,0.000211302437050922,0.000210574727591325,0.000209821821873184,0.000209044441351956,0.000208243289198108,0.000207419051031841,0.000206572395618585,0.000205703975528108,0.000204814427759295,0.000203904374333366,0.000202974422856956,0.00020202516705762,0.000201057187292914,0.000200071051035284,0.000199067313333761,0.000198046517254196,0.000197009194299249,0.000195955864809375,0.000194887038345855,0.00019380321405707,0.000192704881028897,0.000191592518620263,0.000190466596784589,0.000189327576378019,0.000188175909455242,0.000187012039553439,0.000185836401965303,0.000184649424001488,0.000183451525243273,0.000182243117785891,0.000181024606473131,0.000179796389123756,0.000178558856749945,0.000177312393768692,0.000176057378206066,0.000174794181895183,0.000173523170667946,0.000172244704541297,0.000170959137897836,0.000169666819661756,0.000168368093469912,0.000167063297838705,0.000165752766326886,0.000164436827694693,0.000163115806059656,0.000161790021049233,0.000160459787950705,0.000159125417858615,0.000157787217819896,0.000156445490977234,0.000155100536710695,0.000153752650778122,0.000152402125454462,0.000151049249670484,0.000149694309150911,0.000148337586552811,0.00014697936160389,0.000145619911241808,0.000144259509754133,0.000142898428919974,0.000141536938153242,0.000140175304648172,0.000138813793527617,0.000137452667994416,0.000136092189486551,0.000134732617836534,0.000133374211435727,0.000132017227404167,0.000130661921766693,0.000129308549636127,0.000127957365404331,0.000126608622942108,0.000125262575809023,0.000123919477474076,0.000122579581548772,0.00012124314203363,0.000119910413579873,0.000118581651767884,0.000117257113404314,0.000115937056839858,0.00011462174231014,0.000113311432302139,0.000112006391949136,0.000110706889457403,0.000109413196568269,0.000108125589059768,0.000106844347292228,0.000105569756803393,0.000104302108958769,0.000103041701663986,0.000101788840146907,0.000100543837818139,9.93070172199767e-05,9.80787110752786e-05,9.68592634493625e-05,9.56490310400475e-05,9.44483846134014e-05,9.32577106053971e-05,9.207741291283e-05,9.09079149010972e-05,8.9749661660399e-05,8.86031225479751e-05,8.74687940600749e-05,8.63472030854134e-05,8.52389106012319e-05,8.41445158843413e-05,8.30646613237946e-05,8.20000379381843e-05,8.09513917216355e-05,7.99195309680272e-05,7.89053347543766e-05,7.79097628035948e-05,7.6933866995796e-05,7.59788048590464e-05,7.50458554481085e-05,7.41364381190054e-05,7.32521348340075e-05,7.23947167953247e-05,7.15661764181379e-05,7.07687659320025e-05,7.00050442665086e-05,6.9277934365844e-05,6.85907937335819e-05,6.79475018998956e-05,6.73525697250034e-05,6.68112771477157e-05,6.63298483661692e-05,6.59156768220666e-05,6.55776172403284e-05,6.53263691260448e-05,6.51749867688884e-05,6.51395669545401e-05,6.52401905660847e-05,6.55022337630093e-05,6.59582284185026e-05,6.66505579828147e-05,6.76354575457469e-05,6.8989110795398e-05,7.08172337139403e-05,7.32706852913357e-05,7.65719781144381e-05,8.10625833404191e-05,8.72925362351499e-05,9.62031344102061e-05,0.000109535821308352,0.000130866186471625,0.000168698114301288,0.000248355224222608,0.00048195456659996,0.00220630273500412,0.00602483404263848,0.000252085733304138,4.93849272887793e-05,1.24770725185079e-05,2.84649490715525e-06,3.18539470834686e-07,3.16814087392446e-08,4.8373688602977e-07,1.14286828097914e-06,1.80858350975e-06,2.40624179560937e-06,2.91214376502073e-06,3.32372814209199e-06,3.64698795504252e-06,3.89096722737936e-06,4.06533232638955e-06,4.17932972296878e-06,4.24138222102329e-06,4.25897965312415e-06,4.2387017044377e-06,4.18629523869911e-06,4.10676909504208e-06,4.00448914017034e-06,3.88326611469751e-06,3.74643359311965e-06,3.59691566501413e-06,3.43728497721088e-06,3.26981217943817e-06,3.09650790988711e-06,2.91915840740351e-06,2.73935572713776e-06,2.55852340924374e-06,2.37793832531684e-06,2.19874931377915e-06,2.02199311634818e-06,1.8486080430786e-06,1.67944572230842e-06,1.5152812324447e-06,1.35682186315972e-06,1.20471471272356e-06,1.05955329438287e-06,9.21883296716249e-07,7.9220761973864e-07,6.70990789305065e-07,5.58662836405338e-07,4.55622714650837e-07,3.62241318197671e-07,2.78864153025379e-07,2.0581370678316e-07,1.4339155583961e-07,9.18802426857656e-08,5.15449521998692e-08,2.26350113284813e-08,5.38523341730452e-09,1.71255650046109e-11,6.73997495651893e-09,2.57518280542805e-08,5.72403747488083e-08,1.01383748038572e-07,1.58351248500731e-07,2.28304001665034e-07,3.11395555442477e-07,4.07772423882202e-07,5.17574582813823e-07,6.4093592228046e-07,7.77984660093864e-07,9.28843720381302e-07,1.09363108053889e-06,1.27246008963438e-06,1.46543976098875e-06,1.67267504135723e-06,1.89426705886067e-06,2.13031335166417e-06,2.38090807906336e-06,2.64614221663379e-06,2.92610373676324e-06,3.22087777593627e-06,3.53054678978411e-06,3.85519069707193e-06,4.19488701345864e-06,4.54971097590635e-06,4.91973565850508e-06,5.30503208044137e-06,5.70566930664741e-06,6.12171454181925e-06,6.55323321825943e-06,7.00028907801911e-06,7.46294424980861e-06,7.94125932106561e-06,8.43529340549185e-06,8.94510420648015e-06,9.47074807664646e-06,1.00122800738403e-05,1.05697540137701e-05,1.11432225196158e-05,1.17327370687087e-05,1.2338348036607e-05,1.29601047386293e-05,1.35980554691138e-05,1.42522475385001e-05,1.49227273084139e-05,1.56095402248074e-05,1.63127308494584e-05,1.70323428896825e-05,1.77684192266318e-05,1.85210019420356e-05,1.92901323437139e-05,2.00758509896773e-05,2.08781977111944e-05,2.16972116345901e-05,2.25329312021094e-05,2.33853941917292e-05,2.42546377360858e-05,2.51406983404518e-05,2.60436119000103e-05,2.69634137162118e-05,2.7900138512537e-05,2.88538204494332e-05,2.98244931387517e-05,3.08121896573955e-05,3.18169425605456e-05,3.28387838942285e-05,3.38777452074168e-05,3.49338575636152e-05,3.6007151551986e-05,3.70976572980331e-05,3.82054044738782e-05,3.93304223080841e-05,4.04727395951994e-05,4.1632384704855e-05,4.28093855905734e-05,4.40037697981986e-05,4.52155644741067e-05,4.64447963730154e-05,4.76914918656325e-05,4.89556769459256e-05,5.02373772382188e-05,5.1536618004034e-05,5.28534241486525e-05,5.41878202275272e-05,5.55398304524567e-05,5.69094786975329e-05,5.82967885049403e-05,5.97017830905492e-05,6.1124485349372e-05,6.25649178607871e-05
0.000223855117156897,0.000223959220512951,0.000224013735503105,0.000224020157601127,0.000223979925129999,0.000223894422614397,0.000223764983874422,0.000223592894884998,0.000223379396422735,0.000223125686519416,0.000222832922739565,0.000222502224297606,0.000222134674028433,0.000221731320223706,0.000221293178345622,0.000220821232627501,0.000220316437571166,0.000219779719348696,0.000219211977116568,0.000218614084248591,0.000217986889494184,0.00021733121806729,0.000216647872671321,0.000215937634464705,0.000215201263971291,0.000214439501939547,0.000213653070154369,0.000212842672204293,0.000212008994207709,0.000211152705500474,0.000210274459287668,0.000209374893261791,0.000208454630189584,0.000207514278469563,0.000206554432662088,0.000205575673993623,0.000204578570836916,0.000203563679168505,0.000202531543004994,0.000201482694819311,0.000200417655938197,0.000199336936921979,0.000198241037927813,0.000197130449057179,0.000196005650688638,0.000194867113796737,0.000193715300257758,0.000192550663143129,0.000191373647001225,0.000190184688128032,0.000188984214827605,0.000187772647662624,0.000186550399695771,0.000185317876722334,0.000184075477494613,0.000182823593938559,0.00018156261136318,0.000180292908662905,0.000179014858513591,0.000177728827562374,0.000176435176611818,0.000175134260798595,0.000173826429767328,0.000172512027839409,0.000171191394177766,0.000169864862947254,0.000168532763471481,0.000167195420385926,0.000165853153788043,0.000164506279384303,0.000163155108634657,0.00016179994889455,0.000160441103554959,0.000159078872180438,0.000157713550645766,0.000156345431271249,0.00015497480295706,0.000153601951316868,0.000152227158811122,0.000150850704880137,0.000149472866077571,0.000148093916204248,0.000146714126443099,0.000145333765495214,0.000143953099717591,0.000142572393262935,0.000141191908221911,0.000139811904768381,0.000138432641307957,0.000137054374630643,0.000135677360067852,0.00013430185165464,0.000132928102297671,0.000131556363949712,0.000130186887791412,0.00012881992442122,0.000127455724054373,0.000126094536732019,0.000124736612541542,0.000123382201849429,0.000122031555547932,0.000120684925317159,0.000119342563904221,0.000118004725421324,0.000116671665664868,0.000115343642457983,0.000114020916018945,0.000112703749358472,0.000111392408709223,0.000110087163990952,0.000108788289315832,0.000107496063538068,0.000106210770853641,0.000104932701455696,0.000103662152252595,0.000102399427656285,0.000101144840449705,9.9898712743295e-05,9.86613770322208e-05,9.74331773672629e-05,9.62144706548378e-05,9.50056281034258e-05,9.38070368368784e-05,9.26191016979371e-05,9.14422472695272e-05,9.02769201455102e-05,8.9123591488426e-05,8.79827599179215e-05,8.68549547815996e-05,8.57407398692307e-05,8.46407176425733e-05,8.35555340671912e-05,8.24858841487735e-05,8.1432518297612e-05,8.03962496698276e-05,7.93779626652274e-05,7.83786228003785e-05,7.73992882240025e-05,7.64411232025395e-05,7.55054139803365e-05,7.45935875167415e-05,7.37072337267759e-05,7.28481320131057e-05,7.20182830849116e-05,7.12199473319524e-05,7.04556913805884e-05,6.9728444935489e-05,6.90415706498714e-05,6.83989506333395e-05,6.78050943906586e-05,6.72652746249142e-05,6.67856996336423e-05,6.63737342836192e-05,6.60381862335691e-05,6.57896809134491e-05,6.56411589188764e-05,6.56085448139441e-05,6.57116599580803e-05,6.59754891504462e-05,6.64319707948117e-05,6.71225793978521e-05,6.81021380508493e-05,6.94445958097527e-05,7.12520482054856e-05,7.36693155230071e-05,7.69084706125933e-05,8.12921185944732e-05,8.73342617109603e-05,9.59023699860987e-05,0.000108572159250192,0.000128498526089793,0.000162914251189294,0.000232125750163003,0.000416473690551764,0.00139622644567336,0.0583996881441505,0.000435239630893215,7.57352412899515e-05,1.94656176064849e-05,5.05683340325113e-06,9.29734860419347e-07,1.61560624937751e-08,2.03694451805336e-07,7.51180701233614e-07,1.37519631334139e-06,1.96474139670614e-06,2.47896316895619e-06,2.90677069267369e-06,3.24976117131651e-06,3.51466734478962e-06,3.70993714821559e-06,3.84418830590618e-06,3.92553926867464e-06,3.9613556478584e-06,3.95819266762181e-06,3.92182690198927e-06,3.85732491106937e-06,3.76912321454016e-06,3.66110748597601e-06,3.53668563331627e-06,3.39885283150423e-06,3.25024823793932e-06,3.09320389066064e-06,2.92978659900127e-06,2.76183371580471e-06,2.59098364836016e-06,2.41870188557825e-06,2.24630322324773e-06,2.07497077373309e-06,1.90577225845756e-06,1.73967400372061e-06,1.57755299332171e-06,1.4202072745107e-06,1.26836496585573e-06,1.12269207549765e-06,9.83799304790038e-07,8.52247984490695e-07,7.28555267414332e-07,6.13198682179518e-07,5.06620136528709e-07,4.09229445252077e-07,3.21407446513032e-07,2.43508760887262e-07,1.75864239545663e-07,1.18783141316524e-07,7.25550727379568e-08,3.74517204429042e-08,1.37284011906159e-08,1.6254514232057e-09,1.36947529859642e-09,1.31744676643015e-08,3.72428262952486e-08,7.37662658892061e-08,1.2292664473787e-07,1.84896713637958e-07,2.59840795427875e-07,3.4791540253232e-07,4.49269799015917e-07,5.64046512867098e-07,6.92381803605228e-07,8.34406089675707e-07,9.902443396422e-07,1.16001643070042e-06,1.34383747767052e-06,1.54181813527983e-06,1.75406487624978e-06,1.98068024740217e-06,2.22176310585636e-06,2.4774088370455e-06,2.74770955622628e-06,3.03275429490898e-06,3.33262917355397e-06,3.64741756165345e-06,3.97720022634258e-06,4.32205547045285e-06,4.68205926090644e-06,5.05728534822475e-06,5.44780537791082e-06,5.85368899428282e-06,6.27500393744589e-06,6.71181613386927e-06,7.16418978109817e-06,7.63218742704419e-06,8.11587004425643e-06,8.61529709954506e-06,9.13052661933426e-06,9.66161525099826e-06,1.02086183205609e-05,1.07715898868956e-05,1.1350582792811e-05,1.19456487131167e-05,1.25568382000031e-05,1.3184200725763e-05,1.38277847232145e-05,1.44876376238438e-05,1.51638058938815e-05,1.58563350684015e-05,1.65652697836897e-05,1.72906538078213e-05,1.80325300696847e-05,1.87909406865262e-05,1.95659269901105e-05,2.03575295515052e-05,2.11657882047306e-05,2.19907420691807e-05,2.28324295710091e-05,2.36908884634633e-05,2.45661558463025e-05,2.5458268184242e-05,2.63672613246473e-05,2.72931705143275e-05,2.82360304156648e-05,2.91958751219421e-05,3.01727381720953e-05,3.11666525647263e-05,3.21776507716323e-05,3.32057647506571e-05,3.42510259580714e-05,3.53134653604448e-05,3.63931134460158e-05,3.74900002355932e-05,3.86041552930812e-05,3.97356077355206e-05,4.08843862428121e-05,4.20505190670291e-05,4.32340340414047e-05,4.44349585889349e-05,4.56533197307415e-05,4.68891440940711e-05,4.81424579200475e-05,4.94132870711329e-05,5.07016570383152e-05,5.20075929481088e-05,5.33311195692221e-05,5.46722613190887e-05,5.60310422701366e-05,5.74074861558814e-05,5.88016163767849e-05,6.02134560059607e-05,6.16430277947172e-05,6.3090354177849e-05
0.000228850471097216,0.000228852045312781,0.000228806810793592,0.00022871614620928,0.000228581380181521,0.000228403794081136,0.000228184624618924,0.000227925066248967,0.000227626273401062,0.000227289362557076,0.000226915414184718,0.000226505474540817,0.000226060557354779,0.000225581645402147,0.000225069691977176,0.000224525622272177,0.00022395033467124,0.000223344701964603,0.000222709572489973,0.000222045771205956,0.000221354100702994,0.000220635342155799,0.000219890256222119,0.000219119583891042,0.000218324047284749,0.000217504350416746,0.000216661179909623,0.000215795205674867,0.000214907081557591,0.00021399744594806,0.000213066922362529,0.000212116119995098,0.00021114563424256,0.000210156047203854,0.000209147928155791,0.000208121834006339,0.000207078309727068,0.00020601788876564,0.000204941093440066,0.000203848435315201,0.000202740415563007,0.000201617525307213,0.000200480245953455,0.000199329049505581,0.000198164398869072,0.00019698674814212,0.000195796542895213,0.000194594220439776,0.000193380210086544,0.000192154933394139,0.000190918804408522,0.00018967222989374,0.000188415609554525,0.000187149336251089,0.000185873796206644,0.000184589369208039,0.000183296428800012,0.000181995342473067,0.00018068647184587,0.000179370172842085,0.000178046795862152,0.000176716685950259,0.000175380182957043,0.000174037621697788,0.000172689332107134,0.00017133563938988,0.000169976864168673,0.000168613322628522,0.000167245326658618,0.000165873183991556,0.000164497198340334,0.000163117669533339,0.000161734893647565,0.000160349163140376,0.000158960766980041,0.000157569990775242,0.000156177116904038,0.000154782424642241,0.00015338619029189,0.000151988687309643,0.000150590186435927,0.000149190955824644,0.000147791261174239,0.000146391365860115,0.000144991531069018,0.000143592015935657,0.000142193077681982,0.000140794971759774,0.000139397951996645,0.000138002270746433,0.000136608179044165,0.000135215926766429,0.00013382576279773,0.000132437935203588,0.000131052691411141,0.000129670278398119,0.000128290942891097,0.00012691493157415,0.000125542491308924,0.000124173869367554,0.000122809313679538,0.000121449073094405,0.000120093397661656,0.000118742538930006,0.000117396750267842,0.000116056287207531,0.000114721407815891,0.000113392373093944,0.000112069447409167,0.000110752898963934,0.000109443000304377,0.000108140028874156,0.000106844267618729,0.00010555600564579,0.000104275538949005,0.000103003171202493,0.000101739214635073,0.000100483990994265,9.92378326116247e-05,9.80010835825699e-05,9.67741010760234e-05,9.55572567913903e-05,9.43509385831581e-05,9.31555522766763e-05,9.19715237025678e-05,9.07993009815479e-05,8.96393570971258e-05,8.84921927998793e-05,8.73583398949725e-05,8.62383649736332e-05,8.51328736608909e-05,8.40425154653091e-05,8.29679893332207e-05,8.19100500301574e-05,8.08695154974668e-05,7.98472753627755e-05,7.88443008212999e-05,7.78616561529076e-05,7.6900512199834e-05,7.59621622053554e-05,7.50480405100968e-05,7.41597447249127e-05,7.32990621573778e-05,7.24680014727132e-05,7.16688308370542e-05,7.0904124141008e-05,7.01768173671079e-05,6.94902777869504e-05,6.8848389515766e-05,6.82556601007304e-05,6.77173544062772e-05,6.72396642752642e-05,6.68299255800851e-05,6.64968987739689e-05,6.62511355969582e-05,6.61054642702187e-05,6.60756400803976e-05,6.61812306045201e-05,6.64468398375868e-05,6.69038316169281e-05,6.75928050689173e-05,6.85672310854793e-05,6.98989320010375e-05,7.16865817665597e-05,7.4069339373437e-05,7.72495822039588e-05,8.15325908761259e-05,8.73997331330317e-05,9.56527687405482e-05,0.000107723215548917,0.000126411057648169,0.000157923607607867,0.000218798032979615,0.000368528456830418,0.00100128819819888,0.0620655592353969,0.000805450680134141,0.0001162496717884,2.95093999865291e-05,8.28318514762849e-06,1.96871796782358e-06,2.0923526007621e-07,3.59235952195785e-08,4.2426981774362e-07,9.81117728098203e-07,1.54799890148524e-06,2.06181116722175e-06,2.50040243309208e-06,2.85963323014468e-06,3.14317639452796e-06,3.3578246650046e-06,3.51130253784296e-06,3.61125877538433e-06,3.6648285344394e-06,3.6784726721535e-06,3.6579505032955e-06,3.60835416850743e-06,3.53416849131885e-06,3.4393383166098e-06,3.3273346311522e-06,3.20121557120133e-06,3.0636808848822e-06,2.91711964978575e-06,2.76365162992602e-06,2.60516289989051e-06,2.44333643223199e-06,2.27967832597437e-06,2.11554029676101e-06,1.95213897746259e-06,1.7905725051706e-06,1.63183480203924e-06,1.47682789633302e-06,1.32637257674176e-06,1.18121762735571e-06,1.04204785193867e-06,9.09491063425951e-07,7.84124187167426e-07,6.66478603373785e-07,5.57044834958523e-07,4.56276670816744e-07,3.64594801026266e-07,2.82390029107935e-07,2.10026116901876e-07,1.47842309589871e-07,9.61555816040645e-08,5.52626384124682e-08,2.54417043250856e-08,6.95412232632284e-09,4.57884372674722e-11,4.94844010850767e-09,2.18808155919538e-08,5.10496990451447e-08,9.26508642410624e-08,1.46869928137152e-07,2.13883124164173e-07,2.93858003886208e-07,3.86954074646254e-07,4.93323379900296e-07,6.13111028159048e-07,7.4645567577453e-07,8.93489968199386e-07,1.0543409438464e-06,1.22913040419284e-06,1.41797525339008e-06,1.6209878102802e-06,1.83827609541951e-06,2.06994409539274e-06,2.31609200656604e-06,2.57681646005273e-06,2.85221072963076e-06,3.14236492408871e-06,3.44736616536862e-06,3.76729875370253e-06,4.10224432088654e-06,4.45228197264754e-06,4.81748842104421e-06,5.19793810768328e-06,5.59370331855525e-06,6.00485429104454e-06,6.43145931390682e-06,6.87358482058272e-06,7.33129547650503e-06,7.80465426076745e-06,8.29372254266088e-06,8.79856015335081e-06,9.31922545320325e-06,9.85577539492846e-06,1.04082655829783e-05,1.09767503293468e-05,1.15612827061349e-05,1.21619145950198e-05,1.27786967339224e-05,1.34116787609827e-05,1.40609092561028e-05,1.47264357801842e-05,1.54083049122126e-05,1.61065622843056e-05,1.68212526149861e-05,1.75524197405701e-05,1.83001066450328e-05,1.90643554882512e-05,1.98452076328878e-05,2.06427036698344e-05,2.14568834424828e-05,2.22877860697373e-05,2.31354499679392e-05,2.39999128717552e-05,2.48812118540554e-05,2.57793833448538e-05,2.6694463149414e-05,2.76264864654884e-05,2.8575487899828e-05,2.95415014838661e-05,3.05245606888637e-05,3.15246984402186e-05,3.25419471313279e-05,3.3576338636738e-05,3.46279043248074e-05,3.56966750698436e-05,3.67826812637311e-05,3.78859528270853e-05,3.90065192199805e-05,4.01444094522326e-05,4.1299652093318e-05,4.24722752818902e-05,4.36623067349317e-05,4.48697737565547e-05,4.60947032465426e-05,4.73371217084756e-05,4.85970552576421e-05,4.98745296286653e-05,5.11695701828115e-05,5.24822019151107e-05,5.3812449461183e-05,5.51603371038311e-05,5.65258887794843e-05,5.79091280843514e-05,5.93100782804013e-05,6.07287623011483e-05,6.21652027573004e-05,6.36194219421559e-05
0.000233697642446403,0.000233601758453167,0.000233461607388578,0.000233278466130433,0.000233053567421413,0.000232788102223679,0.000232483221907511,0.000232140040288142,0.000231759635523976,0.000231343051887514,0.000230891301419607,0.000230405365476604,0.000229886196178822,0.000229334717768042,0.000228751827881364,0.000228138398747472,0.00022749527831139,0.000226823291292873,0.000226123240183468,0.000225395906186448,0.000224642050103897,0.000223862413174478,0.00022305771786545,0.000222228668621947,0.00022137595257648,0.000220500240221267,0.00021960218604586,0.000218682429142299,0.000217741593779994,0.000216780289952032,0.000215799113894962,0.0002147986485835,0.000213779464201842,0.00021274211859287,0.000211687157686767,0.000210615115910032,0.000209526516576308,0.000208421872259785,0.000207301685152592,0.000206166447406646,0.000205016641461198,0.000203852740356713,0.000202675208035944,0.000201484499632769,0.000200281061749653,0.000199065332724276,0.000197837742885923,0.000196598714802214,0.000195348663516662,0.000194087996777668,0.000192817115259325,0.000191536412774489,0.000190246276480652,0.000188947087078838,0.000187639219006074,0.000186323040621689,0.000184998914387965,0.000183667197045104,0.000182328239781384,0.000180982388398264,0.000179629983471086,0.000178271360505514,0.000176906850090172,0.000175536778045318,0.000174161465568419,0.000172781229376343,0.000171396381844832,0.000170007231145132,0.000168614081378412,0.000167217232707884,0.000165816981489025,0.000164413620398227,0.000163007438559867,0.000161598721672285,0.000160187752132831,0.00015877480916216,0.000157360168928244,0.000155944104670094,0.000154526886821721,0.000153108783136437,0.000151690058811989,0.000150270976616588,0.000148851797016453,0.000147432778304959,0.000146014176733982,0.00014459624664765,0.000143179240619002,0.00014176340959015,0.000140349003016056,0.000138936269012904,0.000137525454511241,0.00013611680541477,0.000134710566765302,0.000133306982914615,0.000131906297704143,0.00013050875465313,0.000129114597156388,0.000127724068692606,0.000126337413044323,0.000124954874531004,0.000123576698256337,0.000122203130371541,0.000120834418356245,0.000119470811318911,0.000118112560318821,0.000116759918712193,0.000115413142524789,0.000114072490854143,0.000112738226304681,0.000111410615459367,0.000110089929392243,0.000108776444226259,0.000107470441742068,0.000106172210043575,0.000104882044287115,0.000103600247482176,0.000102327131372276,0.000101063017406336,9.98082378120334e-05,9.8563136784315e-05,9.73280718045346e-05,9.61034151076335e-05,9.48895553177992e-05,9.36868992761356e-05,9.24958740878097e-05,9.1316929420437e-05,9.01505400912543e-05,8.89972089865996e-05,8.78574703653549e-05,8.67318936069716e-05,8.56210874760736e-05,8.45257049891833e-05,8.34464489855e-05,8.23840785240129e-05,8.13394162538962e-05,8.03133569357857e-05,7.93068773292728e-05,7.83210477094158e-05,7.73570453340165e-05,7.64161702579727e-05,7.54998639856945e-05,7.46097315728997e-05,7.37475679441431e-05,7.2915389392411e-05,7.2115471488375e-05,7.13503949691441e-05,7.06231016306116e-05,6.99369628533757e-05,6.92958642107227e-05,6.87043107211022e-05,6.81675588434257e-05,6.76917834524645e-05,6.72842910507519e-05,6.69537947903013e-05,6.67107731419808e-05,6.65679432840528e-05,6.65408941281547e-05,6.66489450565907e-05,6.691632943893e-05,6.73738546297796e-05,6.80612762457119e-05,6.90307693381156e-05,7.03521304176229e-05,7.21207961891469e-05,7.4470610747633e-05,7.75949313715047e-05,8.1783094197952e-05,8.74868252278192e-05,9.54491762528985e-05,0.00010697554973049,0.000124564302328371,0.000153586143053751,0.000207692287213746,0.000332143628235288,0.000775594073757057,0.00886395222744022,0.00168051572357908,0.000180324106221575,4.39362579099406e-05,1.28696825066201e-05,3.55929913520852e-06,6.65700378584676e-07,8.39055422816496e-09,1.77996761701765e-07,6.36101557670574e-07,1.1624107513678e-06,1.66510807600858e-06,2.10781386523648e-06,2.47899293514918e-06,2.77833965403756e-06,3.01045905882563e-06,3.1818614913885e-06,3.29952608379562e-06,3.37022935148201e-06,3.40025352767841e-06,3.39528406457464e-06,3.36039992047141e-06,3.30010722320759e-06,3.21839089823701e-06,3.11877133141526e-06,3.00435970125026e-06,2.87790907863603e-06,2.74186020585827e-06,2.59838179442133e-06,2.44940563207904e-06,2.29665698426317e-06,2.14168083524803e-06,1.9858645060988e-06,1.83045714567584e-06,1.67658653773654e-06,1.5252736113394e-06,1.37744498860438e-06,1.23394385585528e-06,1.09553940166754e-06,9.62935028752301e-07,8.36775515141135e-07,7.17653273508092e-07,6.06113834868026e-07,5.02660663863227e-07,4.0775939677685e-07,3.2184157990742e-07,2.4530797452721e-07,1.78531485040984e-07,1.2185975882e-07,7.56174993489545e-08,4.01085284733189e-08,1.56176286074515e-08,2.4121915644053e-09,7.43697084403907e-10,1.08490410792514e-08,3.2951731001129e-08,6.72629634966426e-08,1.13982597582205e-07,1.73300034918282e-07,2.45395017324585e-07,3.30438350450338e-07,4.28592561432143e-07,5.40012497449785e-07,6.64845871273996e-07,8.03233759207927e-07,9.55311056185142e-07,1.12120689229645e-06,1.30104501446956e-06,1.49494413671001e-06,1.70301826185342e-06,1.92537697753664e-06,2.1621257287404e-06,2.41336606910083e-06,2.67919589285143e-06,2.95970964917014e-06,3.25499854043899e-06,3.56515070588196e-06,3.89025139174834e-06,4.23038310927924e-06,4.58562578141233e-06,4.95605687919481e-06,5.34175154873816e-06,5.74278272949919e-06,6.15922126453593e-06,6.59113600343206e-06,7.03859389843018e-06,7.50166009430647e-06,7.98039801246644e-06,8.47486942971269e-06,8.98513455204352e-06,9.51125208392804e-06,1.00532792932741e-05,1.06112720725531e-05,1.11852849961931e-05,1.17753713746385e-05,1.23815833052376e-05,1.30039717202137e-05,1.36425864318736e-05,1.42974761753173e-05,1.49686886487548e-05,1.56562705516098e-05,1.63602676205411e-05,1.70807246635887e-05,1.78176855924466e-05,1.85711934530902e-05,1.93412904547964e-05,2.01280179977245e-05,2.09314166990238e-05,2.1751526417741e-05,2.25883862784207e-05,2.34420346935996e-05,2.43125093851977e-05,2.51998474049214e-05,2.61040851536586e-05,2.70252584000451e-05,2.79634022981155e-05,2.89185514041948e-05,2.98907396929948e-05,3.08800005730889e-05,3.18863669015607e-05,3.29098709982007e-05,3.39505446589343e-05,3.50084191688043e-05,3.60835253143487e-05,3.71758933955068e-05,3.82855532369943e-05,3.94125341992964e-05,4.05568651891453e-05,4.17185746696559e-05,4.28976906700329e-05,4.40942407949171e-05,4.53082522333888e-05,4.65397517676198e-05,4.77887657812006e-05,4.90553202672342e-05,5.03394408360338e-05,5.16411527226271e-05,5.29604807939911e-05,5.4297449555999e-05,5.5652083160134e-05,5.7024405410056e-05,5.84144397678452e-05,5.9822209360099e-05,6.12477369838081e-05,6.26910451121088e-05,6.41521558997473e-05
0.000238406015112181,0.000238217260451714,0.000237986574054594,0.000237715143474523,0.000237404117095558,0.000237054606130724,0.000236667686485509,0.000236244400497431,0.000235785758562086,0.000235292740654343,0.000234766297753465,0.000234207353179403,0.000233616803847191,0.000232995521445488,0.000232344353545351,0.000231664124643787,0.000230955637147378,0.000230219672299859,0.000229456991057939,0.000228668334918635,0.000227854426701856,0.000227015971290804,0.000226153656333551,0.000225268152907836,0.000224360116151912,0.000223430185863402,0.000222478987068257,0.000221507130561718,0.000220515213423116,0.000219503819505892,0.000218473519904615,0.000217424873400204,0.000216358426884746,0.000215274715767098,0.000214174264360391,0.000213057586252469,0.000211925184660325,0.000210777552769295,0.000209615174058119,0.000208438522610348,0.000207248063413184,0.000206044252644133,0.000204827537946474,0.000203598358693841,0.000202357146244757,0.000201104324187499,0.00019984030857598,0.000198565508156932,0.00019728032458909,0.000195985152654624,0.000194680380463292,0.000193366389649855,0.000192043555564893,0.000190712247459499,0.000189372828664296,0.000188025656762845,0.000186671083760078,0.000185309456245738,0.0001839411155534,0.000182566397915112,0.000181185634612104,0.000179799152121713,0.000178407272260922,0.000177010312326419,0.000175608585232013,0.000174202399642918,0.000172792060107841,0.000171377867188494,0.000169960117587252,0.000168539104272886,0.000167115116604654,0.000165688440455118,0.000164259358331663,0.000162828149497323,0.000161395090090733,0.000159960453245734,0.000158524509210879,0.000157087525468931,0.000155649766856798,0.000154211495685993,0.000152772971864283,0.00015133445301822,0.00014989619461767,0.00014845845010191,0.000147021471008241,0.000145585507103199,0.00014415080651686,0.000142717615880767,0.000141286180469825,0.000139856744348822,0.000138429550524015,0.000137004841100495,0.000135582857445961,0.000134163840361565,0.00013274803026081,0.000131335667357087,0.000129926991861038,0.000128522244188715,0.000127121665181611,0.000125725496339973,0.000124333980070644,0.000122947359951149,0.000121565881011562,0.000120189790036239,0.000118819335887423,0.000117454769853166,0.000116096346022211,0.00011474432168867,0.000113398957790094,0.000112060519382326,0.000110729276155722,0.00010940550299704,0.000108089480602749,0.000106781496149595,0.000105481844029281,0.000104190826655202,0.000102908755349984,0.000101635951324019,0.000100372746756711,9.91194859935496e-05,9.78765268744306e-05,9.66442422108498e-05,9.54230214323414e-05,9.42132724256436e-05,9.30154235941987e-05,9.18299261697326e-05,9.0657256813225e-05,8.94979205490995e-05,8.83524540838864e-05,8.72214295699842e-05,8.61054588862277e-05,8.5005198520562e-05,8.39213551562496e-05,8.28546920832468e-05,8.18060365809016e-05,8.07762884482987e-05,7.97664298960664e-05,7.87775370600541e-05,7.78107934558085e-05,7.68675057659162e-05,7.59491224456423e-05,7.50572557504793e-05,7.41937079415743e-05,7.33605026207966e-05,7.25599224032072e-05,7.1794554469051e-05,7.10673459805018e-05,7.0381671938846e-05,6.97414188529772e-05,6.91510886710689e-05,6.86159289137927e-05,6.81420970128345e-05,6.77368697664669e-05,6.74089129700356e-05,6.71686322778677e-05,6.70286351655789e-05,6.70043470289621e-05,6.7114844493321e-05,6.73840001201662e-05,6.78420820899366e-05,6.85280327943785e-05,6.9492784610294e-05,7.08042026757809e-05,7.25546575565467e-05,7.48729969510828e-05,7.79441722315804e-05,8.20428139191399e-05,8.75936510475847e-05,9.52870957764499e-05,0.000106317717270064,0.000122925787577063,0.00014979255524079,0.000198322516074595,0.0003037346955755,0.000632710338888219,0.00365660927451685,0.00441637370330661,0.000285839114730679,6.47837847374034e-05,1.92934317967605e-05,5.86325668982591e-06,1.45440029317013e-06,1.55285315608287e-07,3.13540999009594e-08,3.51638481452188e-07,8.15413178723723e-07,1.29393603509549e-06,1.73263842135089e-06,2.11053816279626e-06,2.42222579193535e-06,2.66947088630519e-06,2.85718138357059e-06,2.99142589473462e-06,3.07846830939909e-06,3.12431121881244e-06,3.13449841819242e-06,3.11404926476582e-06,3.0674588383972e-06,2.99872923762595e-06,2.91141379720261e-06,2.80866477498931e-06,2.69327976637192e-06,2.56774464193062e-06,2.4342721607195e-06,2.29483612093194e-06,2.15120126293698e-06,2.00494929833249e-06,1.85750149219987e-06,1.71013822444597e-06,1.56401592802565e-06,1.42018176236804e-06,1.27958633775583e-06,1.14309476523152e-06,1.01149626867042e-06,8.85512561919532e-07,7.65805164382185e-07,6.5298180297826e-07,5.47602026589772e-07,4.50182140533032e-07,3.61199552806532e-07,2.81096610476702e-07,2.10283993251319e-07,1.49143721643518e-07,9.80318290138433e-08,5.72807398595567e-08,2.7201390838371e-08,8.08512602575012e-09,2.05393649050448e-10,3.8192678968178e-09,1.91688163020076e-08,4.64823305303911e-08,8.59754361161708e-08,1.37852094725914e-07,2.02305510830776e-07,2.79518953205767e-07,3.69666500409007e-07,4.72913718292617e-07,5.8941827665696e-07,7.19330511300956e-07,8.62793937039122e-07,1.01994571658329e-06,1.1909170896732e-06,1.37583376631878e-06,1.57481628762641e-06,1.7879803572779e-06,2.01543714643951e-06,2.25729357451169e-06,2.51365256802164e-06,2.78461329951735e-06,3.07027140835377e-06,3.37071920488706e-06,3.68604585959024e-06,4.0163375783095e-06,4.36167776492498e-06,4.72214717240126e-06,5.09782404322396e-06,5.4887842401092e-06,5.8951013677396e-06,6.31684688625303e-06,6.75409021717115e-06,7.20689884231861e-06,7.67533839630291e-06,8.15947275302329e-06,8.65936410671708e-06,9.17507304785069e-06,9.70665863436346e-06,1.02541784584977e-05,1.08176887096142e-05,1.139724423322e-05,1.19928985865264e-05,1.26047040907391e-05,1.32327118803706e-05,1.38769719496759e-05,1.45375331965386e-05,1.52144434638665e-05,1.59077495787379e-05,1.66174973893692e-05,1.73437318001978e-05,1.80864968049705e-05,1.88458355182085e-05,1.96217902049652e-05,2.0414402309128e-05,2.12237124801913e-05,2.20497605988005e-05,2.28925858009535e-05,2.37522265010527e-05,2.46287204138276e-05,2.5522104575259e-05,2.64324153624192e-05,2.73596885125076e-05,2.83039591409166e-05,2.92652617585373e-05,3.02436302882268e-05,3.12390980806328e-05,3.2251697929201e-05,3.32814620846823e-05,3.43284222688796e-05,3.53926096878958e-05,3.64740550448097e-05,3.75727885518245e-05,3.868883994191e-05,3.98222384799982e-05,4.0973012973726e-05,4.21411917837332e-05,4.33268028336142e-05,4.45298736194349e-05,4.57504312188862e-05,4.69885023001723e-05,4.82441131304583e-05,4.95172895841077e-05,5.08080571505661e-05,5.21164409419826e-05,5.34424657005677e-05,5.47861558056938e-05,5.61475352807209e-05,5.75266277996435e-05,5.89234566935065e-05,6.03380449565404e-05,6.17704152522008e-05,6.32205899189497e-05,6.46885909758473e-05
0.000242983993462694,0.000242706538749535,0.000242389307516252,0.000242033408436371,0.000241639915217516,0.000241209868310621,0.000240744276508198,0.00024024411844058,0.000239710343978291,0.000239143875547478,0.000238545609365488,0.000237916416602227,0.000237257144473054,0.000236568617268084,0.000235851637322555,0.00023510698593241,0.000234335424219005,0.000233537693946363,0.000232714518294369,0.000231866602590672,0.000230994635004266,0.000230099287203111,0.000229181214978232,0.000228241058836377,0.000227279444563252,0.000226296983759231,0.000225294274349158,0.000224271901067882,0.000223230435923035,0.000222170438636308,0.000221092457064636,0.000219997027602334,0.000218884675565463,0.00021775591555923,0.000216611251829679,0.000215451178600242,0.00021427618039429,0.000213086732344201,0.000211883300488009,0.000210666342054009,0.0002094363057341,0.000208193631946561,0.000206938753088706,0.00020567209378003,0.000204394071096322,0.000203105094795262,0.000201805567533975,0.000200495885078877,0.000199176436508356,0.00019784760440857,0.000196509765062749,0.00019516328863449,0.000193808539345152,0.000192445875645835,0.00019107565038415,0.000189698210966217,0.000188313899514076,0.000186923053018566,0.000185526003488547,0.000184123078095949,0.000182714599317499,0.000181300885073007,0.000179882248860762,0.000178458999889713,0.000177031443209474,0.000175599879837584,0.000174164606884704,0.000172725917677831,0.000171284101881735,0.000169839445618896,0.000168392231588031,0.000166942739181634,0.000165491244602505,0.000164038020979697,0.000162583338484038,0.0001611274644434,0.0001596706634581,0.000158213197516572,0.000156755326111633,0.000155297306357501,0.000153839393108202,0.000152381839077072,0.00015092489495838,0.000149468809550821,0.000148013829883609,0.000146560201345399,0.00014510816781646,0.00014365797180471,0.000142209854585835,0.000140764056348188,0.000139320816343084,0.000137880373040872,0.00013644296429373,0.00013500882750565,0.000133578199810705,0.000132151318260137,0.000130728420019472,0.000129309742576633,0.000127895523962122,0.000126486002982786,0.000125081419470216,0.00012368201454572,0.000122288030903298,0.000120899713112765,0.000119517307944953,0.000118141064721646,0.000116771235692614,0.000115408076442942,0.000114051846333928,0.000112702808981284,0.000111361232774929,0.000110027391444984,0.000108701564679594,0.000107384038800357,0.000106075107502558,0.000104775072667794,0.000103484245258039,0.000102202946301272,0.000100931507980454,9.96702748388919e-05,9.84196051176708e-05,9.71798722425174e-05,9.59514664807365e-05,9.47347967915579e-05,9.35302928976298e-05,9.23384076092123e-05,9.11596194386151e-05,8.99944355483907e-05,8.88433950845663e-05,8.77070729553817e-05,8.65860841269346e-05,8.54810885208149e-05,8.43927966145898e-05,8.33219758661578e-05,8.2269458107276e-05,8.12361480813488e-05,8.02230333376283e-05,7.9231195740049e-05,7.8261824906558e-05,7.73162339669184e-05,7.63958781187933e-05,7.55023765782473e-05,7.46375386699647e-05,7.38033949950607e-05,7.30022348642156e-05,7.22366515113064e-05,7.15095970346133e-05,7.08244495880163e-05,7.01850961176265e-05,6.95960349880111e-05,6.90625042812888e-05,6.85906435472571e-05,6.81876995839568e-05,6.78622908117931e-05,6.76247505497907e-05,6.74875779168444e-05,6.7466037607661e-05,6.7578968782006e-05,6.78498926645083e-05,6.83085548363986e-05,6.89931132629194e-05,6.99533078458398e-05,7.12551608675125e-05,7.29881358053404e-05,7.52763773140304e-05,7.82969906161837e-05,8.23110157100711e-05,8.77185297709142e-05,9.51625871978019e-05,0.000105739914341586,0.000121468568855388,0.000146456354924938,0.000190332762637131,0.000281034587238456,0.000535555452530411,0.00210499854532794,0.0206625269135579,0.000469841864188189,9.52809203730831e-05,2.82268122138723e-05,9.09400810496979e-06,2.66238329809705e-06,5.18570062266807e-07,7.14300218903619e-09,1.41288654658882e-07,5.15661015785233e-07,9.54142332417285e-07,1.37901579054987e-06,1.75731661679452e-06,2.07715419554431e-06,2.33667605471245e-06,2.53871915461601e-06,2.68815224029904e-06,2.79054228389622e-06,2.85149164945335e-06,2.87632168907566e-06,2.86993689681623e-06,2.83678279692991e-06,2.78085138230717e-06,2.70570932520182e-06,2.61453567570806e-06,2.51016202056888e-06,2.39511150925933e-06,2.27163504199774e-06,2.14174394408116e-06,2.00723900081724e-06,1.86973600839171e-06,1.7306881268908e-06,1.59140536967726e-06,1.45307156717704e-06,1.31675912430145e-06,1.1834418617982e-06,1.05400619958472e-06,9.2926090809828e-07,8.09945623923176e-07,6.96738298986062e-07,5.90261728952733e-07,4.91089285699559e-07,3.99749960948382e-07,3.16732812796686e-07,2.4249089380294e-07,1.77444728112552e-07,1.21985395584083e-07,7.64772727744379e-08,4.12604737360507e-08,1.66530276860101e-08,2.95282557854225e-09,4.39363330068336e-10,9.37530576038087e-09,3.00078921716384e-08,6.25702017834804e-08,1.07282294918988e-07,1.64352243835536e-07,2.33977065368712e-07,3.16343566061542e-07,4.1162910916415e-07,5.20002311763795e-07,6.41623679331681e-07,7.76646184125937e-07,9.25215793145819e-07,1.08747195068779e-06,1.26354801999903e-06,1.45357168800219e-06,1.65766533665379e-06,1.87594638410376e-06,2.10852759850097e-06,2.35551738693014e-06,2.61702006184358e-06,2.89313608691536e-06,3.18396230423516e-06,3.4895921444326e-06,3.81011582126652e-06,4.1456205119573e-06,4.49619052451983e-06,4.86190745317922e-06,5.24285032283441e-06,5.63909572350413e-06,6.05071793554303e-06,6.47778904635869e-06,6.92037905934639e-06,7.37855599560675e-06,7.85238598902841e-06,8.34193337522738e-06,8.84726077485612e-06,9.36842917161909e-06,9.90549798548448e-06,1.04585251413611e-05,1.10275671336422e-05,1.1612679086849e-05,1.22139148127054e-05,1.28313268638403e-05,1.34649665844301e-05,1.41148841578863e-05,1.47811286519038e-05,1.54637480609639e-05,1.61627893464993e-05,1.68782984748575e-05,1.76103204532515e-05,1.83588993637609e-05,1.9124078395566e-05,1.99058998754704e-05,2.07044052969406e-05,2.15196353475417e-05,2.23516299351075e-05,2.32004282125675e-05,2.40660686015416e-05,2.49485888148207e-05,2.58480258777797e-05,2.67644161487086e-05,2.76977953382853e-05,2.86481985280901e-05,2.96156601882953e-05,3.06002141945249e-05,3.16018938440395e-05,3.26207318710912e-05,3.36567604617449e-05,3.47100112679468e-05,3.57805154210524e-05,3.68683035447849e-05,3.79734057676431e-05,3.90958517347883e-05,4.02356706195063e-05,4.13928911341145e-05,4.25675415405344e-05,4.3759649660401e-05,4.49692428847869e-05,4.61963481835716e-05,4.74409921144333e-05,4.87032008315214e-05,4.99830000938124e-05,5.12804152731742e-05,5.259547136209e-05,5.39281929812135e-05,5.5278604386513e-05,5.66467294762814e-05,5.80325917978869e-05,5.94362145542845e-05,6.08576206102693e-05,6.22968324986022e-05,6.37538724259049e-05,6.52287622783309e-05
0.000247439141446123,0.000247076795279432,0.000246676669588554,0.000246239802984946,0.000245767202699418,0.000245259846053984,0.000244718681841945,0.000244144631623191,0.000243538590941355,0.000242901430468343,0.000242233997081849,0.000241537114880611,0.000240811586141947,0.000240058192225486,0.000239277694427136,0.000238470834786353,0.000237638336850208,0.000236780906396939,0.000235899232121757,0.000234993986287356,0.000234065825341438,0.000233115390503267,0.000232143308321343,0.000231150191203883,0.000230136637923782,0.000229103234099743,0.000228050552654878,0.000226979154254084,0.000225889587721686,0.000224782390440258,0.000223658088731736,0.000222517198222064,0.00022136022418997,0.00022018766190105,0.000218999996927861,0.000217797705456765,0.000216581254582314,0.000215351102589836,0.000214107699226917,0.000212851485964235,0.000211582896246472,0.000210302355733741,0.000209010282534088,0.000207707087427488,0.000206393174081827,0.000205068939261295,0.000203734773027567,0.000202391058934129,0.000201038174214244,0.000199676489962718,0.000198306371311871,0.000196928177602145,0.000195542262547467,0.000194148974395722,0.000192748656084647,0.000191341645393357,0.000189928275089857,0.000188508873074555,0.000187083762520352,0.000185653262009245,0.000184217685665801,0.000182777343287642,0.000181332540473477,0.000179883578748146,0.000178430755685892,0.000176974365031149,0.000175514696817672,0.000174052037485811,0.000172586669998477,0.00017111887395567,0.000169648925708051,0.000168177098469585,0.000166703662429556,0.00016522888486414,0.000163753030247822,0.000162276360364702,0.000160799134420253,0.000159321609153423,0.000157844038949619,0.000156366675954602,0.000154889770189901,0.000153413569669633,0.000151938320519479,0.000150464267097778,0.000148991652119432,0.000147520716782687,0.000146051700899507,0.000144584843029805,0.000143120380620039,0.000141658550146767,0.000140199587265651,0.000138743726966555,0.000137291203735467,0.00013584225172379,0.000134397104926097,0.000132955997366934,0.000131519163297798,0.000130086837405327,0.000128659255031769,0.000127236652409216,0.000125819266908759,0.000124407337306374,0.000123001104067102,0.000121600809649586,0.000120206698833007,0.000118819019068989,0.000117438020860922,0.000116063958173872,0.000114697088878409,0.000113337675232078,0.000111985984402851,0.000110642289039155,0.000109306867892139,0.000107980006496039,0.000106661997913757,0.000105353143555367,0.000104053754078597,0.000102764150381434,0.000101484664698613,0.000100215641815183,9.8957440412753e-05,9.77104345658473e-05,9.64750154090037e-05,9.52515929979982e-05,9.4040598392899e-05,9.28424859945323e-05,9.16577361718005e-05,9.04868582233009e-05,8.93303937245473e-05,8.8188920320816e-05,8.70630560371782e-05,8.59534641899574e-05,8.48608590004915e-05,8.37860120311796e-05,8.27297595884471e-05,8.16930112663898e-05,8.06767598415537e-05,7.96820927749884e-05,7.87102056342012e-05,7.7762417819029e-05,7.68401910656321e-05,7.59451513171166e-05,7.50791146959679e-05,7.42441185018591e-05,7.34424584034044e-05,7.26767333120967e-05,7.19498998483871e-05,7.12653388701404e-05,7.06269372853319e-05,7.00391893884596e-05,6.95073233535757e-05,6.90374604438856e-05,6.86368171972305e-05,6.83139646750421e-05,6.80791643677945e-05,6.79448083867309e-05,6.79260034948125e-05,6.80413565351554e-05,6.83140465351859e-05,6.8773312356942e-05,6.94565549425972e-05,7.04123691591636e-05,7.17050174794706e-05,7.34212043361934e-05,7.5680641977627e-05,7.86531006555318e-05,8.25870360707942e-05,8.78599595697045e-05,9.50721840136127e-05,0.000105233695558736,0.000120170108702385,0.000143508257153596,0.000183456782636867,0.000262546329499256,0.000465929325039538,0.00142512835092867,0.520259796827586,0.000818427405127317,0.000140745978520763,4.06353945031409e-05,1.35361398397602e-05,4.40044833359104e-06,1.14997208937402e-06,1.32817493453227e-07,2.10863030664587e-08,2.73240982895131e-07,6.52460690117908e-07,1.05166526442163e-06,1.42277249675553e-06,1.74572595957912e-06,2.01409715785276e-06,2.22808762151225e-06,2.39101953996749e-06,2.50754307416912e-06,2.58271693962901e-06,2.62154418442197e-06,2.62874896872677e-06,2.60868168078814e-06,2.56529192731035e-06,2.50213650318366e-06,2.42240432341007e-06,2.32894846853149e-06,2.22432003518711e-06,2.11080102521026e-06,1.99043493102814e-06,1.86505446715789e-06,1.73630632973796e-06,1.60567309246614e-06,1.47449245652738e-06,1.34397411558025e-06,1.21521450402713e-06,1.08920968496067e-06,9.66866613328328e-07,8.49012985459821e-07,7.36405861422097e-07,6.29739223159252e-07,5.29650610005408e-07,4.36726954004891e-07,3.51509720698906e-07,2.74499446395654e-07,2.06159750330771e-07,1.46920889236991e-07,9.71829125058143e-08,5.73184681349005e-08,2.7675302803764e-08,8.5784935529308e-09,3.32443524543486e-10,3.22266991613321e-09,1.75174086049412e-08,4.34690567297605e-08,8.13154717886638e-08,1.31281143458185e-07,1.935782523159e-07,2.68407627893257e-07,3.55959616968398e-07,4.56414871696656e-07,5.69945066029159e-07,6.96713547891504e-07,8.36875933700233e-07,9.90580651073231e-07,1.15796943489888e-06,1.33917778137758e-06,1.53433536411926e-06,1.74356641594327e-06,1.96699007963964e-06,2.20472073060411e-06,2.4568682739119e-06,2.7235384182486e-06,3.00483292867463e-06,3.30084986021153e-06,3.61168377385896e-06,3.93742593665195e-06,4.2781645070311e-06,4.63398470686203e-06,5.00496898119237e-06,5.39119714672916e-06,5.79274653002142e-06,6.20969209615919e-06,6.64210656871077e-06,7.09006054165317e-06,7.55362258390554e-06,8.03285933699896e-06,8.52783560645906e-06,9.03861444738099e-06,9.56525724454922e-06,1.01078237876481e-05,1.06663723417704e-05,1.12409597137067e-05,1.18316413141874e-05,1.24384712164931e-05,1.30615022115682e-05,1.37007858600078e-05,1.43563725409724e-05,1.50283114984313e-05,1.57166508847598e-05,1.64214378019402e-05,1.71427183404859e-05,1.78805376163464e-05,1.86349398057125e-05,1.94059681781139e-05,2.01936651276786e-05,2.09980722029017e-05,2.18192301347417e-05,2.26571788634765e-05,2.35119575640662e-05,2.43836046703922e-05,2.52721578982125e-05,2.61776542671261e-05,2.71001301213627e-05,2.80396211497276e-05,2.89961624045224e-05,2.99697883196612e-05,3.09605327278999e-05,3.19684288774186e-05,3.29935094474713e-05,3.40358065635688e-05,3.50953518118484e-05,3.61721762528966e-05,3.72663104349764e-05,3.83777844067283e-05,3.95066277292745e-05,4.06528694879127e-05,4.18165383033015e-05,4.29976623421923e-05,4.41962693277619e-05,4.54123865495507e-05,4.66460408729736e-05,4.78972587485164e-05,4.91660662205706e-05,5.04524889359474e-05,5.17565521520847e-05,5.30782807449014e-05,5.4417699216519e-05,5.57748317025222e-05,5.71497019790801e-05,5.85423334698327e-05,5.99527492524915e-05,6.13809720652132e-05,6.2827024312837e-05,6.4290928072858e-05,6.57727051011809e-05
0.000251778297198455,0.000251334551907223,0.000250854884304015,0.000250340270437879,0.000249791658055856,0.000249209967878621,0.000248596094799592,0.000247950909013025,0.000247275257076659,0.000246569962913147,0.00024583582875501,0.000245073636036926,0.000244284146239022,0.000243468101684443,0.000242626226294576,0.000241759226304212,0.000240867790939925,0.000239952593063533,0.000239014289783144,0.000238053523033819,0.000237070920129706,0.000236067094289383,0.00023504264513617,0.000233998159174822,0.000232934210246054,0.000231851359960169,0.0002307501581112,0.000229631143072305,0.000228494842173991,0.000227341772065785,0.000226172439062341,0.00022498733947503,0.000223786959929646,0.000222571777670956,0.000221342260855108,0.00022009886883011,0.000218842052405486,0.000217572254111212,0.000216289908447013,0.000214995442122113,0.000213689274286081,0.000212371816751376,0.000211043474207855,0.000209704644429636,0.000208355718474936,0.000206997080879025,0.000205629109840791,0.000204252177403153,0.000202866649627775,0.00020147288676423,0.000200071243414044,0.000198662068689823,0.000197245706369789,0.000195822495047899,0.000194392768279861,0.000192956854725248,0.000191515078286093,0.00019006775824178,0.000188615209381078,0.000187157742130858,0.000185695662682254,0.000184229273114015,0.00018275887151379,0.000181284752096774,0.000179807205322802,0.000178326518011267,0.000176842973454713,0.000175356851530756,0.000173868428812959,0.000172377978680575,0.000170885771427454,0.000169392074370332,0.000167897151956688,0.000166401265872351,0.000164904675149121,0.000163407636272559,0.000161910403290345,0.000160413227921181,0.000158916359664755,0.000157420045912803,0.000155924532061861,0.000154430061627566,0.000152936876361303,0.000151445216369133,0.00014995532023366,0.000148467425139008,0.000146981766999452,0.00014549858059216,0.00014401809969439,0.000142540557225846,0.000141066185396646,0.00013959521586152,0.000138127879881017,0.000136664408490245,0.000135205032676311,0.000133749983564841,0.000132299492617019,0.000130853791837933,0.000129413113997432,0.000127977692864941,0.000126547763459407,0.0001251235623162,0.000123705327772581,0.000122293300273683,0.000120887722701271,0.000119488840727591,0.000118096903197047,0.000116712162538761,0.000115334875213277,0.000113965302197328,0.000112603709510941,0.000111250368791458,0.000109905557920227,0.000108569561707844,0.000107242672644992,0.00010592519172677,0.00010461742935948,0.000103319706360041,0.000102032355059873,0.000100755720526524,9.94901619183989e-05,9.8236053990475e-05,9.69937887712216e-05,9.57637774343909e-05,9.45464523932827e-05,9.33422696489651e-05,9.21517114300857e-05,9.0975289167319e-05,8.98135468538682e-05,8.86670648518532e-05,8.75364642156586e-05,8.64224116165402e-05,8.53256249683905e-05,8.42468798744206e-05,8.31870170380987e-05,8.21469508111632e-05,8.112767908731e-05,8.0130294795517e-05,7.91559993025776e-05,7.82061181047295e-05,7.72821192771471e-05,7.63856352621831e-05,7.55184887214601e-05,7.46827233613378e-05,7.38806408814048e-05,7.31148455078121e-05,7.2388297984961e-05,7.17043814447949e-05,7.1066982303865e-05,7.04805903258027e-05,6.99504233362377e-05,6.94825839392918e-05,6.9084258186219e-05,6.87639698271002e-05,6.85319090533826e-05,6.84003623183456e-05,6.8384281176514e-05,6.85020451643929e-05,6.8776499934267e-05,6.92363928504839e-05,6.99183939255229e-05,7.08699978626635e-05,7.21537853215776e-05,7.38538396675387e-05,7.60856908203098e-05,7.9012241788223e-05,8.28702741545231e-05,8.80165946379237e-05,9.50128246926747e-05,0.000104791747840801,0.000119011416642497,0.000140892139602254,0.000177491736201154,0.000247245425891824,0.000413984491738957,0.00106116201160293,0.0215619758136006,0.00156731110445191,0.000210360972607708,5.79362737493221e-05,1.95737787809333e-05,6.81068586589753e-06,2.11356881643456e-06,4.41543099333578e-07,1.00340787129872e-08,9.99269956243421e-08,3.96654037497176e-07,7.55970885181011e-07,1.11080004391154e-06,1.43085908490037e-06,1.70398749966127e-06,1.92707241014715e-06,2.10147487083311e-06,2.23066651266973e-06,2.31899233408979e-06,2.37102373218937e-06,2.39122728383915e-06,2.38380453903962e-06,2.35262471874464e-06,2.30120742148892e-06,2.23273150355043e-06,2.15005681964047e-06,2.05575141010523e-06,1.9521200645091e-06,1.84123209914577e-06,1.72494727473224e-06,1.60493939773497e-06,1.48271749242432e-06,1.35964461523742e-06,1.23695447536613e-06,1.11576606475675e-06,9.97096510180174e-07,8.81872353375777e-07,7.70939450497879e-07,6.6507166388156e-07,5.64978500064408e-07,4.71311829667588e-07,3.84671807621315e-07,3.05612096890857e-07,2.34644485166461e-07,1.72242972033607e-07,1.18847393694575e-07,7.4866643278457e-08,4.06815369707269e-08,1.66473694765399e-08,3.09619652951436e-09,3.38877190152385e-10,8.6669043801611e-09,2.83540484167193e-08,5.96578351283034e-08,1.02820877394865e-07,1.58072076585814e-07,2.25627708326416e-07,3.05692405250248e-07,3.9846004786146e-07,5.04114573294328e-07,6.22830710607969e-07,7.54774650233211e-07,9.00104654308809e-07,1.05897161389557e-06,1.23151955834113e-06,1.41788612153503e-06,1.61820296921604e-06,1.83259619109126e-06,2.06118666108388e-06,2.30409036870415e-06,2.56141872418223e-06,2.83327883982999e-06,3.11977378965698e-06,3.4210028492962e-06,3.73706171788522e-06,4.06804272354076e-06,4.41403501374898e-06,4.77512473204552e-06,5.15139518207717e-06,5.54292698009768e-06,5.94979819686487e-06,6.37208448980222e-06,6.80985922614954e-06,7.26319359790144e-06,7.73215672910366e-06,8.21681577616152e-06,8.71723602161978e-06,9.23348096201182e-06,9.76561239009892e-06,1.03136904720495e-05,1.08777738197986e-05,1.14579195590694e-05,1.20541833932362e-05,1.26666196634449e-05,1.32952814051552e-05,1.39402204014492e-05,1.4601487233221e-05,1.52791313265695e-05,1.59732009975065e-05,1.66837434942143e-05,1.74108050369148e-05,1.8154430855707e-05,1.89146652262458e-05,1.96915515036354e-05,2.04851321544528e-05,2.12954487872632e-05,2.21225421813718e-05,2.29664523143308e-05,2.38272183879173e-05,2.47048788529248e-05,2.55994714326809e-05,2.65110331455044e-05,2.743960032599e-05,2.83852086453972e-05,2.93478931310209e-05,3.03276881846962e-05,3.13246276004458e-05,3.23387445813558e-05,3.33700717556787e-05,3.44186411922603e-05,3.54844844152554e-05,3.65676324182314e-05,3.76681156777033e-05,3.87859641660578e-05,3.99212073639433e-05,4.1073874272206e-05,4.22439934232624e-05,4.34315928920897e-05,4.4636700306744e-05,4.58593428584959e-05,4.70995473115196e-05,4.83573400122859e-05,4.96327468985282e-05,5.09257935079589e-05,5.22365049865864e-05,5.35649060967543e-05,5.49110212249591e-05,5.62748743892627e-05,5.76564892465481e-05,5.90558890994895e-05,6.04730969032998e-05,6.19081352722024e-05,6.33610264857339e-05,6.48317924948923e-05,6.63204549278887e-05
0.000256007668227772,0.000255485738271132,0.000254929619065263,0.000254340230518051,0.000253718466895728,0.000253065197935055,0.000252381269891136,0.00025166750652551,0.000250924710038902,0.000250153661952149,0.000249355123939074,0.000248529838614731,0.000247678530281685,0.000246801905637188,0.000245900654444216,0.000244975450167917,0.000244026950580471,0.000243055798335837,0.000242062621516491,0.000241048034153784,0.000240012636723635,0.000238957016618814,0.000237881748599628,0.00023678739522372,0.000235674507256747,0.000234543624064644,0.000233395273988787,0.000232229974704763,0.000231048233566003,0.000229850547932797,0.000228637405487674,0.000227409284537866,0.000226166654305523,0.000224909975206328,0.000223639699117269,0.000222356269633873,0.000221060122317753,0.000219751684934778,0.000218431377684423,0.000217099613420842,0.000215756797865843,0.000214403329814491,0.00021303960133353,0.000211665997953036,0.00021028289885165,0.000208890677035761,0.000207489699512908,0.000206080327459713,0.000204662916384653,0.00020323781628589,0.000201805371804515,0.000200365922373395,0.000198919802361846,0.000197467341216441,0.00019600886359807,0.000194544689515528,0.000193075134456038,0.000191600509512327,0.000190121121507284,0.000188637273115669,0.000187149262983422,0.00018565738584469,0.000184161932636899,0.000182663190613574,0.000181161443455826,0.000179656971381951,0.000178150051255887,0.000176640956694326,0.000175129958172935,0.000173617323131705,0.000172103316079606,0.000170588198698957,0.000169072229949408,0.000167555666171968,0.000166038761193183,0.000164521766429698,0.00016300493099348,0.000161488501797879,0.000159972723664784,0.000158457839433167,0.000156944090069357,0.000155431714779079,0.000153920951122038,0.000152412035128815,0.000150905201420986,0.000149400683334392,0.000147898713046296,0.000146399521706749,0.000144903339574596,0.000143410396158764,0.000141920920365332,0.000140435140651007,0.000138953285183709,0.000137475582010951,0.000136002259236943,0.000134533545209113,0.000133069668715188,0.00013161085919184,0.000130157346945989,0.000128709363390317,0.000127267141294065,0.000125830915051023,0.000124400920966278,0.000122977397563816,0.000121560585917007,0.000120150730004547,0.000118748077094503,0.000117352878159411,0.000115965388326034,0.000114585867363317,0.000113214580213155,0.00011185179756837,0.000110497796503823,0.000109152861166395,0.000107817283531129,0.000106491364231202,0.000105175413470922,0.000103869752031835,0.000102574712383891,0.000101290639914836,0.000100017894293372,9.8756850983853e-05,9.7507902932809e-05,9.6271462450974e-05,9.50479633183645e-05,9.38378631439353e-05,9.26416460172236e-05,9.14598254952424e-05,9.02929479755624e-05,8.91415965155148e-05,8.80063951681568e-05,8.68880139189539e-05,8.57871743226744e-05,8.47046559594154e-05,8.36413038523341e-05,8.25980370184407e-05,8.15758583596898e-05,8.05758661456404e-05,7.95992673946415e-05,7.86473935291208e-05,7.77217187682135e-05,7.68238818313172e-05,7.59557116674597e-05,7.51192581064251e-05,7.43168285622726e-05,7.35510322254873e-05,7.28248335813358e-05,7.21416176239432e-05,7.15052698462885e-05,7.09202750447563e-05,7.03918402839505e-05,6.99260491667349e-05,6.95300570628445e-05,6.92123404877556e-05,6.89830188835727e-05,6.88542743939012e-05,6.88409060415683e-05,6.8961070931359e-05,6.92372898581423e-05,6.96978332856829e-05,7.03786651588292e-05,7.13262224932064e-05,7.2601477464219e-05,7.42860211267737e-05,7.64914325061482e-05,7.93741761380821e-05,8.31601846917005e-05,8.81872256573296e-05,9.49817956031263e-05,0.000104407707837835,0.000117976382033638,0.000138562082365411,0.000172280556603991,0.000234409224499038,0.000373983259150865,0.000840748502020446,0.00651890028825041,0.00354973203742546,0.000320934613598221,8.22625635582698e-05,2.77325843473903e-05,1.00768456647916e-05,3.48916903126553e-06,9.73532516262468e-07,1.30709928531979e-07,9.48689648315989e-09,1.95683076660901e-07,4.98080536685756e-07,8.25805102515123e-07,1.1358285284004e-06,1.40885818414989e-06,1.63765089910205e-06,1.82111160066687e-06,1.96122252436979e-06,2.06141378884761e-06,2.12569151428938e-06,2.15817385929126e-06,2.16285051149495e-06,2.14346577145451e-06,2.10347005138588e-06,2.04600882750783e-06,1.97393149776454e-06,1.88981015929023e-06,1.79596264383106e-06,1.69447664654114e-06,1.58723323375315e-06,1.47592885802743e-06,1.36209549526149e-06,1.24711879494533e-06,1.13225428672065e-06,1.01864176501308e-06,9.07318009122636e-07,7.99228007101805e-07,6.9523484884453e-07,5.96128443707196e-07,5.02633204487353e-07,4.15414825047367e-07,3.35086264455109e-07,2.62213036979375e-07,1.97317894906869e-07,1.40884980055882e-07,9.33635100580092e-08,5.51710568568235e-08,2.66964673623055e-08,8.30246968255921e-09,3.28002676487891e-10,3.09030169208794e-09,1.68867691103011e-08,4.19966546574553e-08,7.86825672835251e-08,1.27191837669325e-07,1.87757748047331e-07,2.60600643976587e-07,3.45928940927914e-07,4.43940036979463e-07,5.54821141590459e-07,6.78750029242509e-07,8.15895725715879e-07,9.66419133867248e-07,1.13047360502349e-06,1.3082054613704e-06,1.4997544741869e-06,1.70525430216245e-06,1.92483289366571e-06,2.15861285632468e-06,2.40671179702169e-06,2.6692426349622e-06,2.94631389037838e-06,3.23802995092082e-06,3.54449131785979e-06,3.86579483375288e-06,4.20203389329878e-06,4.55329863870603e-06,4.91967614098894e-06,5.30125056830117e-06,5.69810334242434e-06,6.11031328435928e-06,6.53795674991692e-06,6.98110775608092e-06,7.43983809891605e-06,7.91421746365712e-06,8.40431352758667e-06,8.91019205624906e-06,9.43191699354556e-06,9.96955054608932e-06,1.05231532623475e-05,1.10927841068573e-05,1.16785005299536e-05,1.22803585332709e-05,1.28984127313552e-05,1.35327164096521e-05,1.41833215791191e-05,1.48502790276914e-05,1.55336383688321e-05,1.62334480873494e-05,1.69497555826852e-05,1.76826072097719e-05,1.8432048317781e-05,1.91981232866585e-05,1.99808755618383e-05,2.07803476870517e-05,2.1596581335513e-05,2.24296173394249e-05,2.32794957180669e-05,2.41462557044073e-05,2.50299357704705e-05,2.5930573651396e-05,2.68482063683851e-05,2.77828702504967e-05,2.87346009554954e-05,2.97034334896164e-05,3.0689402226526e-05,3.16925409253279e-05,3.27128827478346e-05,3.37504602749713e-05,3.48053055225845e-05,3.58774499564277e-05,3.69669245065933e-05,3.80737595813104e-05,3.91979850801496e-05,4.03396304066493e-05,4.14987244804848e-05,4.26752957491214e-05,4.38693721989576e-05,4.50809813660798e-05,4.63101503465893e-05,4.75569058064831e-05,4.88212739912177e-05,5.01032807348344e-05,5.14029514688617e-05,5.27203112307514e-05,5.40553846720875e-05,5.54081960665233e-05,5.67787693173477e-05,5.81671279648371e-05,5.95732951933794e-05,6.09972938382839e-05,6.24391463924124e-05,6.38988750125778e-05,6.53765015257235e-05,6.68720474348799e-05
0.000260132911059793,0.000259535765488555,0.000258906052926879,0.000258244642673616,0.000257552380698358,0.000256830090616348,0.000256078574609222,0.000255298614294813,0.000254490971550163,0.000253656389290139,0.000252795592205298,0.000251909287461191,0.000250998165362026,0.000250062899980429,0.00024910414975619,0.000248122558065135,0.00024711875376065,0.000246093351689127,0.000245046953180998,0.000243980146519006,0.000242893507384703,0.000241787599284802,0.000240662973958375,0.000239520171765954,0.00023835972206174,0.000237182143549643,0.000235987944624313,0.000234777623697686,0.000233551669512154,0.000232310561440878,0.000231054769775966,0.000229784756005191,0.000228500973077965,0.000227203865660824,0.000225893870383429,0.000224571416075079,0.000223236923992711,0.000221890808040307,0.00022053347498075,0.000219165324639937,0.000217786750103968,0.000216398137909448,0.000214999868227623,0.000213592315042208,0.000212175846321639,0.000210750824185815,0.000209317605067653,0.000207876539869754,0.000206427974116444,0.000204972248101347,0.000203509697030862,0.000202040651163719,0.000200565435946717,0.000199084372147094,0.000197597775981458,0.000196105959241706,0.000194609229418059,0.000193107889819225,0.000191602239690219,0.00019009257432769,0.000188579185193114,0.000187062360023922,0.000185542382942967,0.000184019534566035,0.00018249409210821,0.000180966329488576,0.000179436517434077,0.000177904923582156,0.000176371812582744,0.000174837446199581,0.000173302083411063,0.000171765980510912,0.000170229391208716,0.000168692566730625,0.000167155755920445,0.000165619205341161,0.000164083159377424,0.000162547860338904,0.000161013548564986,0.000159480462530927,0.000157948838955975,0.000156418912913311,0.000154890917942741,0.000153365086165823,0.000151841648404352,0.000150320834302175,0.000148802872450958,0.000147287990520387,0.000145776415393102,0.000144268373305096,0.000142764089991992,0.000141263790841909,0.000139767701055603,0.000138276045814536,0.000136789050457806,0.0001353069406687,0.000133829942671997,0.000132358283442916,0.00013089219092902,0.000129431894286421,0.000127977624131563,0.000126529612810299,0.00012508809468607,0.000123653306449034,0.000122225487448402,0.00012080488005052,0.000119391730025187,0.000117986286963468,0.000116588804730349,0.000115199541955964,0.000113818762569978,0.000112446736383501,0.00011108373972453,0.000109730056132709,0.000108385977120559,0.000107051803009135,0.00010572784384703,0.000104414420423128,0.00010311186538481,0.000101820524474971,0.000100540757903435,9.92729418703347e-05,9.80174702619948e-05,9.67747565428972e-05,9.55452358711601e-05,9.43293674692415e-05,9.31276372869859e-05,9.19405610003509e-05,9.07686873965455e-05,8.96126022052791e-05,8.84729324466135e-05,8.73503513788385e-05,8.62455841454881e-05,8.51594142395819e-05,8.40926909268885e-05,8.30463377981578e-05,8.20213626559125e-05,8.10188689848881e-05,8.00400693098942e-05,7.90863008127072e-05,7.81590436657686e-05,7.72599426487895e-05,7.6390832753377e-05,7.5553769657759e-05,7.47510661841675e-05,7.39853361493233e-05,7.32595474109078e-05,7.25770864306181e-05,7.19418373659389e-05,7.13582796329828e-05,7.08316091489548e-05,7.03678902019712e-05,6.99742473146723e-05,6.96591098715388e-05,6.94325271328129e-05,6.93065782773698e-05,6.92959124262285e-05,6.94184689958818e-05,6.96964521498769e-05,7.01576694560891e-05,7.08374024955927e-05,7.17810708376972e-05,7.30481071828901e-05,7.47177305744585e-05,7.68977836393029e-05,7.97386862065444e-05,8.34562718460465e-05,8.83707631158333e-05,9.4976683297966e-05,0.000104076013457335,0.000117051251366517,0.00013648016760581,0.000167699849994966,0.000223514641969554,0.000342382021858218,0.000695639837078908,0.00330083519745408,0.0114620901111524,0.000505624018003767,0.000116922227244609,3.87432101169851e-05,1.4438780309576e-05,5.37677580554802e-06,1.77774190335263e-06,4.10015796626269e-07,1.80524036991416e-08,5.99059209712576e-08,2.8502155558924e-07,5.7277604708663e-07,8.64311854388617e-07,1.13150871007874e-06,1.36201344235985e-06,1.55168455284908e-06,1.70064624590559e-06,1.81117630983686e-06,1.88655844557618e-06,1.93045589257371e-06,1.94657275675991e-06,1.93847641969781e-06,1.90951080436619e-06,1.86276083538691e-06,1.80104538699142e-06,1.72692560589987e-06,1.64272101354353e-06,1.55052900563712e-06,1.45224525600495e-06,1.34958364760504e-06,1.24409501337572e-06,1.137184357143e-06,1.0301264493946e-06,9.24079819156361e-07,8.20099230708552e-07,7.19146766278858e-07,6.22101647514803e-07,5.29768928452702e-07,4.42887186064352e-07,3.62135324727348e-07,2.88138599865353e-07,2.2147395483807e-07,1.62674754389203e-07,1.12234988075069e-07,7.0613008069766e-08,3.82348577138356e-08,1.54972400689776e-08,2.77016949205551e-09,3.99343781440776e-10,8.70826968230609e-09,2.80001704011863e-08,5.8559700173165e-08,1.00654487800331e-07,1.5453652836538e-07,2.20443439964673e-07,2.98599600251202e-07,3.8921717580488e-07,4.92497055780162e-07,6.08629699944438e-07,7.37795910029289e-07,8.80167532293218e-07,1.03590809828091e-06,1.20517340999678e-06,1.38811207498386e-06,1.58486599624126e-06,1.7955708213086e-06,2.02035635445464e-06,2.25934693542124e-06,2.51266178786642e-06,2.78041534024435e-06,3.06271752171542e-06,3.35967403522212e-06,3.67138660985931e-06,3.99795323427036e-06,4.33946837280002e-06,4.69602316577549e-06,5.06770561536998e-06,5.45460075817687e-06,5.85679082563603e-06,6.27435539327994e-06,6.70737151974626e-06,7.15591387630237e-06,7.62005486771874e-06,8.09986474511435e-06,8.59541171139372e-06,9.1067620198871e-06,9.63398006666756e-06,1.01771284770103e-05,1.07362681865017e-05,1.13114585170724e-05,1.19027572484694e-05,1.25102206853385e-05,1.31339037203753e-05,1.37738598936994e-05,1.44301414488192e-05,1.51027993853163e-05,1.57918835086042e-05,1.64974424768113e-05,1.72195238451273e-05,1.79581741076212e-05,1.87134387369048e-05,1.94853622215488e-05,2.02739881015885e-05,2.10793590021051e-05,2.19015166651517e-05,2.27405019798989e-05,2.3596355011414e-05,2.44691150278546e-05,2.53588205264053e-05,2.62655092578822e-05,2.71892182502174e-05,2.81299838306968e-05,2.90878416472905e-05,3.00628266888552e-05,3.10549733044824e-05,3.20643152219261e-05,3.30908855652049e-05,3.41347168713856e-05,3.51958411066994e-05,3.62742896818643e-05,3.73700934667986e-05,3.84832828046982e-05,3.96138875254998e-05,4.07619369587945e-05,4.19274599462253e-05,4.31104848533305e-05,4.43110395809612e-05,4.55291515762114e-05,4.67648478429525e-05,4.8018154951873e-05,4.92890990502657e-05,5.0577705871292e-05,5.1884000743041e-05,5.32080085971403e-05,5.45497539770851e-05,5.59092610463455e-05,5.72865535960343e-05,5.86816550523789e-05,6.00945884840113e-05,6.1525376608853e-05,6.29740418008528e-05,6.44406060964915e-05,6.59250912010954e-05,6.74275184948337e-05
0.000264159198342013,0.000263489588418687,0.000262788934421391,0.000262058059833602,0.000261297766830348,0.000260508837137358,0.000259692032843997,0.000258848097172832,0.000257977755209122,0.000257081714592395,0.000256160666172841,0.000255215284634684,0.000254246229088655,0.000253254143635354,0.00025223965790156,0.000251203387550754,0.000250145934769844,0.000249067888733118,0.000247969826045003,0.000246852311162803,0.00024571589680053,0.000244561124314912,0.000243388524074718,0.000242198615814086,0.000240991908970971,0.000239768903011396,0.000238530087740333,0.000237275943599902,0.000236006941955631,0.000234723545371301,0.000233426207873082,0.000232115375203487,0.000230791485065682,0.000229454967358451,0.000228106244402842,0.000226745731160189,0.000225373835442583,0.000223990958115638,0.00022259749329453,0.000221193828533145,0.00021978034500682,0.000218357417689181,0.000216925415523179,0.000215484701586723,0.000214035633253052,0.00021257856234635,0.000211113835292582,0.000209641793265973,0.000208162772331379,0.000206677103582525,0.000205185113276696,0.00020368712296577,0.000202183449623998,0.000200674405772559,0.000199160299601227,0.000197641435087192,0.000196118112111434,0.000194590626572409,0.000193059270497819,0.000191524332153994,0.000189986096153527,0.000188444843561055,0.000186900851997627,0.000185354395743273,0.00018380574583875,0.000182255170185808,0.000180702933646741,0.00017914929814299,0.000177594522753297,0.000176038863811301,0.000174482575002875,0.00017292590746347,0.000171369109875463,0.000169812428565835,0.0001682561076044,0.000166700388902643,0.000165145512313594,0.000163591715732801,0.000162039235200748,0.000160488305006852,0.000158939157795581,0.000157392024674588,0.000155847135325593,0.000154304718118005,0.000152765000225869,0.000151228207748391,0.000149694565834527,0.000148164298812123,0.000146637630321878,0.000145114783457031,0.000143595980908965,0.000142081445119562,0.000140571398441015,0.000139066063303649,0.000137565662392875,0.000136070418835777,0.000134580556398698,0.000133096299696685,0.000131617874415938,0.000130145507550867,0.000128679427656843,0.000127219865120475,0.000125767052449201,0.000124321224582055,0.000122882619223865,0.000121451477205398,0.00012002804287213,0.00011861256450466,0.000117205294774285,0.000115806491237527,0.000114416416874056,0.000113035340672522,0.000111663538270305,0.000110301292652929,0.000108948894920405,0.000107606645128357,0.000106274853213046,0.000104953840010523,0.000103643938381801,0.000102345494457327,0.000101058869016329,9.97844390187984e-05,9.85225993103693e-05,9.72737645238971e-05,9.60383712050692e-05,9.48168801936414e-05,9.36097792975171e-05,9.24175863027459e-05,9.12408523701233e-05,9.00801658778417e-05,8.89361567804421e-05,8.78095015670595e-05,8.6700928917545e-05,8.56112261739283e-05,8.45412467679219e-05,8.34919187732963e-05,8.24642547868598e-05,8.14593633850021e-05,8.04784624564952e-05,7.95228947790714e-05,7.85941462921192e-05,7.76938676244113e-05,7.68238995718849e-05,7.59863033945035e-05,7.51833970261713e-05,7.44177985836296e-05,7.36924789426019e-05,7.30108256543837e-05,7.23767211484411e-05,7.17946390698197e-05,7.12697638269347e-05,7.08081401065951e-05,7.04168614463142e-05,7.01043102278288e-05,6.98804661126781e-05,6.97573066549171e-05,6.9749333656626e-05,6.98742734616223e-05,7.01540215486383e-05,7.0615936032129e-05,7.12946387428025e-05,7.22345699577792e-05,7.34936879095159e-05,7.5148952157673e-05,7.73046680113772e-05,8.0105572837311e-05,8.37580838627098e-05,8.85662230049452e-05,9.4995334420084e-05,0.000103791782305848,0.000116224214928071,0.00013461482189126,0.000163651413694593,0.000214174492193909,0.00031688683955949,0.000594174085943202,0.0020800617637674,0.116269422439799,0.000836612473933866,0.000167230066907632,5.36394877665954e-05,2.02128599921563e-05,7.90253502745424e-06,2.91404036043696e-06,8.80106198339873e-07,1.44567139227859e-07,1.31530851971742e-09,1.24835976645758e-07,3.57365681327421e-07,6.20441367937116e-07,8.75061578762696e-07,1.10258717776731e-06,1.29512689555584e-06,1.45051032929555e-06,1.56958312692017e-06,1.65472215557303e-06,1.70901117198346e-06,1.73578271317076e-06,1.73836672156664e-06,1.71995728774026e-06,1.68354725270411e-06,1.63190169943498e-06,1.56755343191272e-06,1.49281050645675e-06,1.40976996166344e-06,1.32033431250993e-06,1.22622882035398e-06,1.12901841920861e-06,1.03012370053006e-06,9.30835670836339e-07,8.32329180626e-07,7.356750291327e-07,6.41850807823521e-07,5.51750574975943e-07,4.66193465696278e-07,3.85931343586321e-07,3.116555963765e-07,2.44003170887262e-07,1.83561934393153e-07,1.30875440808972e-07,8.64471716286314e-08,5.07443136303149e-08,2.42011280380038e-08,7.22195927687442e-09,1.83925588730699e-10,3.43932858257914e-09,1.73178142272907e-08,4.2128313785949e-08,7.81607896836629e-08,1.25687808240992e-07,1.84965958529844e-07,2.56237134279654e-07,3.39729693727978e-07,4.3565951053872e-07,5.44230927355346e-07,6.65637622209459e-07,8.00063396825507e-07,9.47682894820264e-07,1.10866225688953e-06,1.2831597192857e-06,1.4713261611745e-06,1.67330560588392e-06,1.88923568045256e-06,2.11924803747418e-06,2.36346874277868e-06,2.62201863211933e-06,2.89501363969036e-06,3.18256510110877e-06,3.4847800330267e-06,3.80176139156717e-06,4.13360831134029e-06,4.48041632681027e-06,4.84227757741621e-06,5.21928099793365e-06,5.61151249523097e-06,6.01905511258126e-06,6.44198918251267e-06,6.88039246920819e-06,7.33434030115796e-06,7.80390569495772e-06,8.28915947088976e-06,8.79017036090752e-06,9.30700510964409e-06,9.83972856896981e-06,1.03884037865217e-05,1.09530920887583e-05,1.15338531588224e-05,1.21307451097145e-05,1.27438245529697e-05,1.33731466633161e-05,1.40187652394495e-05,1.46807327613325e-05,1.53591004441079e-05,1.60539182890124e-05,1.67652351313855e-05,1.74930986860166e-05,1.82375555899548e-05,1.89986514430714e-05,1.97764308463436e-05,2.0570937438167e-05,2.1382213928702e-05,2.22103021325226e-05,2.30552429994401e-05,2.39170766439173e-05,2.47958423728892e-05,2.56915787122398e-05,2.66043234319823e-05,2.75341135702295e-05,2.8480985455926e-05,2.94449747306346e-05,3.04261163691705e-05,3.14244446993654e-05,3.24399934208735e-05,3.34727956231562e-05,3.45228838025939e-05,3.55902898789497e-05,3.66750452110007e-05,3.77771806115456e-05,3.88967263617597e-05,4.00337122249522e-05,4.11881674596939e-05,4.23601208324849e-05,4.35496006298197e-05,4.47566346698124e-05,4.59812503133643e-05,4.72234744748432e-05,4.84833336323639e-05,4.97608538377218e-05,5.105606072584e-05,5.23689795239707e-05,5.36996350604866e-05,5.50480517733424e-05,5.64142537183072e-05,5.77982645767757e-05,5.92001076633987e-05,6.06198059334258e-05,6.20573819897446e-05,6.35128580897372e-05,6.49862561518877e-05,6.64775977621399e-05,6.79869041800722e-05
0.000268091275743398,0.000267351758584646,0.000266582630825827,0.000265784674311074,0.000264958651351191,0.00026410530548424,0.00026322536219675,0.000262319529607726,0.000261388499118131,0.000260432946027676,0.000259453530121371,0.000258450896227396,0.000257425674748246,0.000256378482166515,0.000255309921527316,0.000254220582898022,0.000253111043807364,0.000251981869664549,0.000250833614159893,0.000249666819647727,0.000248482017512883,0.000247279728521335,0.000246060463156205,0.000244824721939653,0.000243572995741581,0.000242305766075756,0.000241023505384163,0.000239726677309997,0.000238415736960125,0.000237091131157329,0.000235753298683117,0.00023440267051128,0.000233039670032955,0.000231664713273455,0.000230278209101358,0.000228880559430139,0.000227472159412891,0.000226053397630276,0.000224624656272249,0.000223186311313747,0.000221738732684561,0.00022028228443392,0.000218817324889868,0.000217344206813707,0.000215863277549799,0.000214374879171026,0.000212879348619992,0.000211377017846258,0.000209868213939877,0.000208353259261323,0.000206832471568016,0.000205306164137772,0.000203774645889235,0.000202238221499394,0.000200697191518573,0.000199151852482847,0.000197602497024294,0.000196049413978804,0.000194492888492284,0.000192933202124675,0.000191370632952455,0.000189805455669547,0.000188237941686994,0.00018666835923108,0.000185096973440797,0.000183524046464002,0.000181949837553145,0.000180374603160077,0.000178798597030715,0.000177222070299229,0.00017564527158219,0.000174068447072809,0.000172491840635418,0.000170915693900372,0.000169340246359651,0.000167765735463206,0.00016619239671655,0.000164620463779427,0.000163050168566258,0.000161481741348119,0.000159915410857101,0.000158351404392698,0.000156789947931188,0.000155231266237756,0.00015367558298221,0.000152123120858259,0.000150574101707072,0.0001490287466455,0.000147487276199256,0.000145949910441876,0.000144416869139852,0.000142888371904585,0.000141364638351911,0.000139845888269836,0.000138332341795499,0.000136824219601994,0.000135321743096273,0.000133825134629067,0.000132334617718085,0.000130850417285888,0.000129372759913679,0.000127901874112862,0.000126437990616041,0.000124981342689447,0.000123532166469046,0.000122090701322823,0.000120657190241881,0.000119231880263549,0.00011781502292989,0.000116406874785435,0.000115007697918653,0.000113617760551693,0.00011223733768434,0.000110866711798068,0.000109506173627365,0.000108156023006286,0.000106816569799357,0.000105488134927,0.000104171051497526,0.00010286566605884,0.000101572339985658,0.000100291451019626,9.9023394983147e-05,9.77685876901581e-05,9.65274670815033e-05,9.53004956164172e-05,9.40881629570867e-05,9.28909889894227e-05,9.17095272306014e-05,9.05443686824199e-05,8.9396146200629e-05,8.82655394627245e-05,8.71532806322471e-05,8.60601608364135e-05,8.4987037596715e-05,8.39348433800944e-05,8.29045954727514e-05,8.18974074212168e-05,8.09145023383381e-05,7.99572284377491e-05,7.90270772437666e-05,7.81257050282327e-05,7.72549581597998e-05,7.64169032212946e-05,7.56138629714628e-05,7.48484595122851e-05,7.41236663967822e-05,7.34428719038512e-05,7.28099563609691e-05,7.22293872725491e-05,7.17063372004649e-05,7.12468309691976e-05,7.08579310186999e-05,7.05479728789698e-05,7.03268672096526e-05,7.0206491273351e-05,7.02012020890275e-05,7.03285174192583e-05,7.0610031736438e-05,7.10726666100303e-05,7.17504057065858e-05,7.26867462136442e-05,7.39382331895361e-05,7.55796720889774e-05,7.77120159299115e-05,8.04746534167802e-05,8.4065208392256e-05,8.87727145103343e-05,9.50358218467673e-05,0.000103550711534832,0.000115485077126337,0.000132939551935037,0.000160056177450147,0.000206096530651959,0.000295953995555484,0.000519926521230334,0.00147808763087022,0.0767635555965486,0.00149399842783741,0.000242097949840192,7.391441992313e-05,2.78212915266669e-05,1.12267486607716e-05,4.4560055830556e-06,1.5795463625404e-06,4.11331570307747e-07,3.38214331296789e-08,2.67391884896848e-08,1.85986024158564e-07,4.08863765992164e-07,6.43001506062055e-07,8.62062774312271e-07,1.05356897456985e-06,1.21253857128501e-06,1.33805579663676e-06,1.43137463651909e-06,1.49485397522102e-06,1.53135472412273e-06,1.54389913999799e-06,1.53548127335413e-06,1.50896541354424e-06,1.46703597470476e-06,1.41217734435495e-06,1.3466709389118e-06,1.27260184053588e-06,1.19187044828101e-06,1.10620641996855e-06,1.01718330096942e-06,9.26232919161083e-07,8.3465904251742e-07,7.43650049192925e-07,6.54290512432098e-07,5.67571692234189e-07,4.84400976516191e-07,4.05610341222513e-07,3.31963910906658e-07,2.64164704538414e-07,2.02860649392685e-07,1.48649941153022e-07,1.02085822228524e-07,6.36808436587966e-08,3.39106693314871e-08,1.32174748841966e-08,2.01298778912412e-09,6.8120973469883e-10,9.58085759139582e-09,2.9047554938941e-08,5.93958023116695e-08,1.00920750942163e-07,1.5389980182716e-07,2.18594049324801e-07,2.9524958621269e-07,3.84098685140546e-07,4.85360869650046e-07,5.99243886405895e-07,7.25944588931003e-07,8.65649741973772e-07,1.01853675457753e-06,1.18477434903821e-06,1.36452317212656e-06,1.55793635423463e-06,1.76516002153573e-06,1.98633376563043e-06,2.2215910747427e-06,2.47105973004235e-06,2.73486217036271e-06,3.01311582813631e-06,3.30593343925689e-06,3.61342332908777e-06,3.93568967680918e-06,4.27283275993762e-06,4.62494918079914e-06,4.99213207639827e-06,5.37447131319338e-06,5.77205366794581e-06,6.18496299586546e-06,6.61328038702724e-06,7.0570843120688e-06,7.51645075794374e-06,7.99145335461909e-06,8.48216349332217e-06,8.98865043706834e-06,9.51098142401405e-06,1.00492217642011e-05,1.06034349301573e-05,1.1173682641873e-05,1.17600249464674e-05,1.23625202930504e-05,1.29812256029909e-05,1.36161963360613e-05,1.42674865526002e-05,1.49351489721295e-05,1.56192350284978e-05,1.63197949219495e-05,1.70368776682307e-05,1.77705311449478e-05,1.852080213535e-05,1.92877363698029e-05,2.00713785649117e-05,2.08717724606639e-05,2.1688960855517e-05,2.25229856397656e-05,2.33738878270627e-05,2.42417075844491e-05,2.5126484260784e-05,2.60282564138043e-05,2.69470618358295e-05,2.7882937578243e-05,2.88359199747238e-05,2.98060446634721e-05,3.07933466082724e-05,3.17978601187014e-05,3.28196188692565e-05,3.3858655917772e-05,3.49150037228455e-05,3.598869416066e-05,3.70797585408741e-05,3.81882276219809e-05,3.9314131625933e-05,4.04575002521385e-05,4.16183626908736e-05,4.2796747636194e-05,4.39926832981839e-05,4.52061974148768e-05,4.64373172635344e-05,4.76860696716245e-05,4.89524810271996e-05,5.02365772890652e-05,5.15383839963769e-05,5.28579262779983e-05,5.41952288614501e-05,5.55503160815252e-05,5.6923211888661e-05,5.83139398568611e-05,5.97225231914658e-05,6.11489847366278e-05,6.2593346982456e-05,6.40556320719829e-05,6.55358618078226e-05,6.70340576587477e-05,6.85502407658479e-05
0.000271933510487997,0.000271126469415931,0.00027029117037116,0.000269428357214858,0.000268538755841313,0.000267623074854541,0.000266682006210851,0.000265716225829283,0.000264726394172411,0.000263713156798682,0.000262677144888529,0.000261618975745659,0.00026053925327493,0.000259438568438249,0.000258317499689944,0.000257176613392315,0.000256016464213132,0.00025483759550555,0.000253640539671714,0.000252425818510873,0.000251193943552892,0.00024994541637781,0.000248680728922506,0.000247400363774729,0.000246104794455562,0.000244794485690638,0.000243469893670914,0.000242131466303324,0.000240779643452034,0.000239414857170627,0.000238037531925781,0.000236648084812728,0.000235246925763165,0.0002338344577456,0.000232411076958982,0.000230977173019506,0.000229533129141239,0.000228079322310649,0.000226616123455604,0.000225143897608797,0.000223663004066127,0.000222173796540142,0.000220676623308868,0.000219171827360229,0.000217659746532195,0.000216140713649077,0.000214615056653965,0.00021308309873761,0.000211545158463931,0.000210001549892308,0.00020845258269681,0.00020689856228266,0.000205339789899959,0.000203776562754844,0.000202209174118346,0.000200637913432979,0.000199063066417342,0.000197484915168693,0.000195903738263897,0.000194319810858634,0.0001927334047852,0.000191144788648936,0.000189554227923582,0.000187961985045379,0.000186368319506529,0.000184773487947698,0.000183177744250116,0.00018158133962702,0.000179984522715006,0.000178387539665189,0.00017679063423436,0.000175194047876439,0.000173598019834262,0.000172002787231968,0.000170408585168209,0.000168815646810244,0.000167224203489322,0.000165634484797443,0.000164046718685805,0.0001624611315651,0.000160877948408156,0.000159297392854866,0.000157719687320093,0.000156145053104572,0.000154573710509399,0.000153005878954285,0.000151441777100191,0.000149881622976729,0.000148325634114658,0.000146774027684302,0.000145227020640254,0.000143684829872978,0.000142147672368254,0.000140615765374828,0.000139089326581483,0.000137568574304164,0.000136053727684261,0.000134545006899117,0.000133042633385981,0.000131546830080734,0.000130057821672833,0.000128575834878142,0.000127101098731362,0.0001256338449002,0.00012417430802335,0.000122722726074932,0.000121279340758005,0.000119844397930263,0.000118418148065504,0.000117000846754559,0.000115592755250309,0.000114194141061214,0.000112805278599524,0.0001114264498898,0.000110057945345219,0.00010870006461946,0.000107353117543295,0.000106017425156255,0.000104693320845222,0.000103381151603262,0.000102081279424377,0.000100794082851738,9.95199586999819e-05,9.82593239750162e-05,9.70126180188075e-05,9.57803049106465e-05,9.45628761618107e-05,9.33608537466793e-05,9.21747935204835e-05,9.10052890829218e-05,8.98529761570387e-05,8.8718537565777e-05,8.76027089036521e-05,8.65062850193989e-05,8.54301274486735e-05,8.43751729627429e-05,8.33424434337332e-05,8.23330572587414e-05,8.13482426374356e-05,8.03893530627157e-05,7.94578854659683e-05,7.85555015613857e-05,7.76840530650615e-05,7.68456116316417e-05,7.60425045671296e-05,7.52773576550895e-05,7.45531467982086e-05,7.38732606563603e-05,7.32415770988637e-05,7.26625571401272e-05,7.2141361180251e-05,7.16839939443427e-05,7.12974866863816e-05,7.09901282564686e-05,7.07717609209957e-05,7.06541629766088e-05,7.06515491480783e-05,7.07812329874765e-05,7.10645153823207e-05,7.15278937580784e-05,7.22047342348509e-05,7.31376252869983e-05,7.43817566441732e-05,7.60098784481709e-05,7.81197636182702e-05,8.08457602790069e-05,8.43772683932186e-05,8.89894293794827e-05,9.50964159718121e-05,0.000103348994830611,0.000114824991433018,0.000131431969440528,0.000156849801197077,0.000199056348576191,0.000278510269954196,0.00046363650206395,0.0011325761937587,0.0129989681148144,0.00302774933794812,0.000357274410739462,0.000101775648571326,3.78349764006216e-05,1.55547946991771e-05,6.49455571954991e-06,2.5547653567014e-06,8.44668871178398e-07,1.73590386602068e-07,1.30659647935313e-09,6.59182749658315e-08,2.34808527942599e-07,4.39219927157002e-07,6.4342452519357e-07,8.29359340242452e-07,9.88621028065035e-07,1.11814533881746e-06,1.21781062874445e-06,1.28908150531048e-06,1.33423106254443e-06,1.35589252543823e-06,1.35680189782749e-06,1.33965286390722e-06,1.30701822138806e-06,1.26131085475964e-06,1.20476810310605e-06,1.13944977096477e-06,1.06724385800337e-06,9.8987640327559e-07,9.08923260378655e-07,8.25822495880226e-07,7.4188664607963e-07,6.58314403564611e-07,5.76201512745142e-07,4.96550780665875e-07,4.2028118570704e-07,3.48236111167614e-07,2.81190755030861e-07,2.19858779069939e-07,1.64898264626184e-07,1.16917041994036e-07,7.64774573240543e-08,4.41006365421529e-08,2.02703007621748e-08,5.43618248323683e-09,1.70868344725189e-11,4.40363738431913e-09,1.89607416505095e-08,4.40298074768658e-08,7.99307378653274e-08,1.26963728660687e-07,1.8541089065021e-07,2.55537715136634e-07,3.37594399814377e-07,4.3181704985436e-07,5.38428767352329e-07,6.57640640816197e-07,7.8965264501914e-07,9.34654460383682e-07,1.0928262200433e-06,1.26433919179891e-06,1.44935640143029e-06,1.6480332030619e-06,1.86051780174411e-06,2.08695173276903e-06,2.32747030184059e-06,2.58220298972937e-06,2.85127382472525e-06,3.13480172574564e-06,3.43290081887595e-06,3.74568072956078e-06,4.07324685271294e-06,4.41570060258794e-06,4.77313964423174e-06,5.14565810797828e-06,5.53334678853497e-06,5.93629332986239e-06,6.35458239704315e-06,6.78829583619695e-06,7.23751282343293e-06,7.70231000363738e-06,8.18276162000514e-06,8.67893963494617e-06,9.19091384308323e-06,9.71875197690807e-06,1.02625198057222e-05,1.08222812282467e-05,1.13980983594982e-05,1.19900316122501e-05,1.25981397735487e-05,1.32224800765673e-05,1.38631082681954e-05,1.45200786726148e-05,1.51934442511875e-05,1.58832566588259e-05,1.65895662972219e-05,1.73124223650094e-05,1.80518729051567e-05,1.88079648496946e-05,1.95807440621022e-05,2.03702553772638e-05,2.11765426394261e-05,2.19996487380306e-05,2.28396156418089e-05,2.36964844309565e-05,2.45702953278092e-05,2.54610877258721e-05,2.63689002174559e-05,2.72937706199006e-05,2.82357360005698e-05,2.91948327005766e-05,3.01710963574384e-05,3.11645619266088e-05,3.21752637020345e-05,3.32032353357355e-05,3.42485098565429e-05,3.53111196878925e-05,3.63910966649501e-05,3.74884720508617e-05,3.86032765523645e-05,3.97355403347023e-05,4.08852930359093e-05,4.2052563780454e-05,4.32373811924022e-05,4.4439773407899e-05,4.56597680872718e-05,4.6897392426587e-05,4.8152673168741e-05,4.94256366141141e-05,5.07163086308128e-05,5.20247146645373e-05,5.33508797480359e-05,5.46948285102353e-05,5.60565851849932e-05,5.74361736195989e-05,5.88336172828644e-05,6.02489392729768e-05,6.16821623251092e-05,6.31333088187015e-05,6.46024007844896e-05,6.60894599113495e-05,6.75945075528633e-05,6.91175647336485e-05
0.000275689932981613,0.000274817595133733,0.000273918278595071,0.000272992692460005,0.000272041529244716,0.000271065465491455,0.000270065162343479,0.000269041266092081,0.000267994408697905,0.000266925208287493,0.000265834269627036,0.000264722184574306,0.000263589532510333,0.000262436880751597,0.000261264784944378,0.000260073789441619,0.000258864427663917,0.000257637222444954,0.000256392686362662,0.000255131322056542,0.000253853622532157,0.000252560071453224,0.000251251143422238,0.000249927304249926,0.000248589011214306,0.000247236713309885,0.000245870851487332,0.000244491858884331,0.000243100161047859,0.000241696176148454,0.000240280315186801,0.000238852982193039,0.000237414574419124,0.000235965482524582,0.000234506090756175,0.000233036777121288,0.000231557913555989,0.000230069866087405,0.000228572994991214,0.00022706765494408,0.000225554195171524,0.000224032959591382,0.000222504286953082,0.000220968510972887,0.000219425960465368,0.000217876959471379,0.000216321827382488,0.000214760879062247,0.000213194424964452,0.000211622771248466,0.000210046219891747,0.0002084650688,0.000206879611914718,0.000205290139318589,0.000203696937338736,0.000202100288647912,0.000200500472364085,0.000198897764147991,0.000197292436299514,0.000195684757852292,0.000194074994667317,0.000192463409525198,0.000190850262217637,0.000189235809637694,0.000187620305869737,0.000186004002278464,0.000184387147597729,0.000182769988018877,0.000181152767279105,0.000179535726749741,0.000177919105524765,0.000176303140509612,0.000174688066510568,0.000173074116324808,0.00017146152083142,0.000169850509083424,0.000168241308401193,0.000166634144467377,0.00016502924142365,0.00016342682196934,0.000161827107462662,0.000160230318024161,0.000158636672643455,0.000157046389288891,0.000155459685021035,0.000153876776110009,0.000152297878157256,0.000150723206222306,0.000149152974954641,0.00014758739873169,0.000146026691803159,0.000144471068442462,0.000142920743106024,0.000141375930601026,0.00013983684626267,0.00013830370614158,0.000136776727202603,0.000135256127535952,0.000133742126581873,0.000132234945370449,0.000130734806777559,0.000129241935799096,0.000127756559844866,0.000126278909054483,0.000124809216637284,0.000123347719238894,0.000121894657337147,0.000120450275670399,0.000119014823701949,0.000117588556124107,0.000116171733406697,0.00011476462239446,0.000113367496959276,0.000111980638713267,0.000110604337789885,0.000109238893701068,0.00010788461627944,0.000106541826716036,0.000105210858705364,0.000103892059711209,0.00010258579236869,0.000101292436040382,0.000100012388546879,9.87460680952456e-05,9.74939154329577e-05,9.62563962585248e-05,9.50340039258945e-05,9.38272624853009e-05,9.26367301108407e-05,9.14630029735841e-05,9.03067196294052e-05,8.91685660035423e-05,8.80492810686167e-05,8.69496633315587e-05,8.58705782671454e-05,8.48129668631168e-05,8.37778554755449e-05,8.27663672345384e-05,8.17797352919552e-05,8.08193182666165e-05,7.98866183233336e-05,7.89833024230387e-05,7.81112274102492e-05,7.72724697679294e-05,7.64693610808043e-05,7.57045305211035e-05,7.49809560262029e-05,7.43020263051262e-05,7.3671616429835e-05,7.30941805947441e-05,7.25748667442246e-05,7.21196592896192e-05,7.17355582329546e-05,7.14308059353894e-05,7.12151768888815e-05,7.11003517405328e-05,7.11004053631427e-05,7.12324513518343e-05,7.15175041841748e-05,7.19816490602325e-05,7.26576542575875e-05,7.35872322032296e-05,7.48242719372575e-05,7.64395610041106e-05,7.85278526782662e-05,8.12187392889323e-05,8.46939185315482e-05,8.92156327062085e-05,9.51755602398574e-05,0.000103183253227963,0.00011423624568431,0.000130073031085353,0.000153979426782648,0.00019287897790565,0.000263788585958712,0.000419734017997977,0.000913585335821061,0.00546042852055836,0.00778686016015629,0.000542485870101357,0.000140578709301794,5.10374057271109e-05,2.11521967712503e-05,9.14270885934513e-06,3.86189098539724e-06,1.47574249182008e-06,4.39450690761948e-07,6.06939097535946e-08,5.44070966367396e-09,1.0416649059478e-07,2.68065598251211e-07,4.49984256758209e-07,6.2508825523762e-07,7.80830796648587e-07,9.11544525369228e-07,1.01543682281457e-06,1.0928809185201e-06,1.14542739299656e-06,1.17522642776575e-06,1.18468911446864e-06,1.1762901602085e-06,1.15245521182877e-06,1.11549918047398e-06,1.06759535730474e-06,1.01076302598363e-06,9.46866026742285e-07,8.77617617237516e-07,8.04588755089191e-07,7.29218033177975e-07,6.52822191043936e-07,5.76606560776906e-07,5.01675079431286e-07,4.29039671631989e-07,3.59628912804124e-07,2.9429594883938e-07,2.33825686966474e-07,1.78941294742602e-07,1.30310055519267e-07,8.85486335726867e-08,5.42278027592687e-08,2.7876690878776e-08,9.98658882954544e-09,1.01436991808101e-09,1.38556067974492e-09,1.14971006074797e-08,3.17198243691922e-08,6.24006965460028e-08,1.03864825660292e-07,1.5641728129992e-07,2.2034473548644e-07,2.95916947052653e-07,3.83388105671703e-07,4.82998050309007e-07,5.9497337518561e-07,7.19528434886371e-07,8.56866258934423e-07,1.00717938500754e-06,1.17065061895482e-06,1.34745372888098e-06,1.53775407978074e-06,1.74170921446764e-06,1.95946938600382e-06,2.19117804619004e-06,2.43697229428601e-06,2.69698328961139e-06,2.97133663140206e-06,3.26015270881998e-06,3.56354702389583e-06,3.88163048969931e-06,4.21450970600657e-06,4.56228721435399e-06,4.92506173431149e-06,5.302928382471e-06,5.69597887573724e-06,6.10430172009774e-06,6.5279823861586e-06,6.96710347244644e-06,7.42174485755784e-06,7.89198384190541e-06,8.3778952800275e-06,8.87955170409218e-06,9.39702343932464e-06,9.93037871193726e-06,1.04796837501995e-05,1.10450028790377e-05,1.16263986087873e-05,1.22239317184007e-05,1.28376613336171e-05,1.34676450003468e-05,1.41139387537341e-05,1.47765971830696e-05,1.54556734929662e-05,1.61512195609558e-05,1.6863285991815e-05,1.75919221688262e-05,1.83371763021575e-05,1.90990954745365e-05,1.98777256845304e-05,2.06731118873581e-05,2.14852980336104e-05,2.23143271058681e-05,2.31602411534565e-05,2.40230813253384e-05,2.49028879013827e-05,2.5799700322011e-05,2.67135572163737e-05,2.7644496429133e-05,2.85925550459511e-05,2.95577694176795e-05,3.05401751834887e-05,3.15398072928023e-05,3.25567000262928e-05,3.35908870158058e-05,3.46424012635e-05,3.57112751599443e-05,3.67975405016186e-05,3.79012285074406e-05,3.90223698346788e-05,4.01609945941543e-05,4.13171323647828e-05,4.24908122074969e-05,4.36820626785792e-05,4.48909118424721e-05,4.61173872840221e-05,4.73615161202702e-05,4.86233250117308e-05,4.99028401732353e-05,5.12000873843832e-05,5.25150919995023e-05,5.38478789573479e-05,5.51984727903295e-05,5.65668976334448e-05,5.79531772328771e-05,5.93573349542642e-05,6.07793937906621e-05,6.22193763702627e-05,6.36773049637841e-05,6.51532014916499e-05,6.66470875308904e-05,6.81589843218265e-05,6.96889127745148e-05
0.00027936427269848,0.00027842872434019,0.0002774674098034,0.00027648100625725,0.000275470175528758,0.000274435564644719,0.000273377806348051,0.000272297519589868,0.000271195309999144,0.000270071770330753,0.00026892748089345,0.000267763009958885,0.000266578914152668,0.000265375738828464,0.00026415401842622,0.000262914276815058,0.000261657027622091,0.000260382774547559,0.000259092011667194,0.000257785223722456,0.000256462886399202,0.000255125466595507,0.000253773422679147,0.00025240720473513,0.000251027254804078,0.000249634007111549,0.000248227888289157,0.000246809317587493,0.000245378707081548,0.000243936461868928,0.000242482980261048,0.000241018653967934,0.000239543868276739,0.000238059002224223,0.000236564428763844,0.000235060514927189,0.000233547621980523,0.000232026105576265,0.000230496315900055,0.000228958597813255,0.000227413290991306,0.000225860730058086,0.000224301244716535,0.000222735159875601,0.000221162795773794,0.000219584468099529,0.000218000488108385,0.000216411162737356,0.000214816794716558,0.000213217682678066,0.000211614121262504,0.000210006401223261,0.000208394809528535,0.000206779629461335,0.000205161140717623,0.000203539619502634,0.000201915338625752,0.000200288567593585,0.000198659572701982,0.000197028617126653,0.000195395961012669,0.000193761861563065,0.000192126573126646,0.000190490347284836,0.000188853432938287,0.0001872160763928,0.000185578521445082,0.000183941009468225,0.000182303779497348,0.00018066706831524,0.000179031110538368,0.000177396138703381,0.000175762383354191,0.000174130073129947,0.000172499434853987,0.000170870693623981,0.000169244072903607,0.000167619794615721,0.000165998079237572,0.000164379145897997,0.000162763212477225,0.00016115049570915,0.000159541211286869,0.000157935573971343,0.000156333797703932,0.000154736095722934,0.000153142680684643,0.000151553764789454,0.000149969559913332,0.000148390277745362,0.000146816129931866,0.000145247328227671,0.000143684084655425,0.000142126611673448,0.000140575122353264,0.000139029830567354,0.000137490951188523,0.000135958700301681,0.000134433295429419,0.000132914955772717,0.000131403902468124,0.000129900358863304,0.000128404550812462,0.000126916706994003,0.000125437059252302,0.000123965842966537,0.000122503297448872,0.000121049666375526,0.000119605198253975,0.000118170146930265,0.000116744772140918,0.000115329340114078,0.000113924124225872,0.000112529405717854,0.000111145474482904,0.00010977262992748,0.000108411181919386,0.000107061451831364,0.000105723773692559,0.00010439849546099,0.000103085980432881,0.000101786608806312,0.000100500779419826,9.92289116893159e-05,9.79714477706835e-05,9.6728854979542e-05,9.55016285048497e-05,9.42902944591141e-05,9.3095413315221e-05,9.19175837884226e-05,9.07574472325192e-05,8.96156926315692e-05,8.84930622835685e-05,8.73903582905776e-05,8.63084499921547e-05,8.52482825057028e-05,8.42108865707438e-05,8.31973899348708e-05,8.22090305701013e-05,8.12471720711603e-05,8.03133216667236e-05,7.94091513738777e-05,7.85365229527031e-05,7.76975174782717e-05,7.68944705543113e-05,7.61300144591719e-05,7.5407128862176e-05,7.47292022038107e-05,7.41001064359094e-05,7.35242886211798e-05,7.30068839746295e-05,7.25538564008086e-05,7.21721746047254e-05,7.18700346670758e-05,7.16571439328441e-05,7.15450867058871e-05,7.15478004028294e-05,7.16822028016524e-05,7.19690289083702e-05,7.24339631573681e-05,7.31091948248897e-05,7.40355913527219e-05,7.52657927460241e-05,7.68687110544722e-05,7.89362296080773e-05,8.15934485810084e-05,8.50148420083703e-05,8.94506549170823e-05,9.52718502176005e-05,0.000103050477140894,0.000113712086956732,0.00012884644046766,0.000151401247365719,0.000187426127106811,0.000251227444593609,0.000384691252963326,0.000764744563448225,0.00313437220567881,0.0359396799231592,0.000858838477089975,0.000195592315461854,6.85220421075045e-05,2.83657090852411e-05,1.2541879223546e-05,5.56908259041843e-06,2.34156517120721e-06,8.53383579928367e-07,2.18897944979544e-07,1.39778220406548e-08,2.35803213177673e-08,1.34402236492523e-07,2.85419597408743e-07,4.43614011568573e-07,5.914426688423e-07,7.20101454678714e-07,8.25781967423229e-07,9.07537005132881e-07,9.66038713991735e-07,1.00284576789118e-06,1.01996741900804e-06,1.01960387929043e-06,1.00399294248688e-06,9.75321277139881e-07,9.35675321143468e-07,8.87016449510166e-07,8.3117094008901e-07,7.69828833159047e-07,7.04547988569761e-07,6.36761023757602e-07,5.67783685951173e-07,4.98823763910272e-07,4.30989996319013e-07,3.65300658374386e-07,3.02691650939122e-07,2.44024006936592e-07,1.90090785970127e-07,1.41623362531487e-07,9.92971332603334e-08,6.37366797473978e-08,3.55204285137063e-08,1.51848513334743e-08,3.22824834642493e-09,1.14154386145278e-10,6.27440623621338e-09,2.21119054901625e-08,4.80031085823552e-08,8.43002725232568e-08,1.31333481999401e-07,1.89412480825697e-07,2.58828328300189e-07,3.39854898783791e-07,4.32750240844426e-07,5.37757810500047e-07,6.55107591514542e-07,7.85017114265038e-07,9.27692383447412e-07,1.08332872375492e-06,1.25211155169141e-06,1.43421708076295e-06,1.62981296656704e-06,1.83905889753366e-06,2.0621071365432e-06,2.29910301802972e-06,2.55018540473995e-06,2.8154871078639e-06,3.09513527390798e-06,3.38925174126476e-06,3.69795336927855e-06,4.02135234213245e-06,4.35955644984847e-06,4.71266934831503e-06,5.08079080020331e-06,5.46401689831461e-06,5.86244027290118e-06,6.27615028423474e-06,6.70523320166997e-06,7.14977237026118e-06,7.60984836599739e-06,8.0855391404428e-06,8.57692015574972e-06,9.08406451070129e-06,9.60704305849935e-06,1.01459245169337e-05,1.07007755715151e-05,1.12716609720448e-05,1.18586436231965e-05,1.24617846694334e-05,1.30811435748039e-05,1.37167781978482e-05,1.43687448620543e-05,1.50370984221489e-05,1.57218923265248e-05,1.64231786760024e-05,1.71410082792906e-05,1.7875430705297e-05,1.86264943324914e-05,1.93942463955186e-05,2.0178733029373e-05,2.09799993110006e-05,2.17980892988392e-05,2.26330460701657e-05,2.34849117565544e-05,2.43537275774106e-05,2.52395338718881e-05,2.61423701291059e-05,2.70622750168902e-05,2.79992864090854e-05,2.89534414115434e-05,2.99247763867783e-05,3.09133269775504e-05,3.19191281292262e-05,3.29422141111572e-05,3.39826185370245e-05,3.50403743842881e-05,3.61155140126849e-05,3.72080691820027e-05,3.83180710689396e-05,3.9445550283321e-05,4.05905368835448e-05,4.17530603914442e-05,4.2933149806379e-05,4.41308336188985e-05,4.5346139823715e-05,4.65790959321812e-05,4.78297289842879e-05,4.90980655601642e-05,5.03841317910426e-05,5.16879533699424e-05,5.30095555617937e-05,5.43489632132679e-05,5.570620076217e-05,5.7081292246539e-05,5.84742613133517e-05,5.98851312269482e-05,6.131392487709e-05,6.27606647868428e-05,6.42253731200467e-05,6.57080716886176e-05,6.72087819595382e-05,6.87275250616702e-05,7.02643217922492e-05
0.00028295998926922,0.000281963189169466,0.000280941774423645,0.000279896392796516,0.000278827677815298,0.000277736249257436,0.000276622713616047,0.000275487664544164,0.000274331683279302,0.000273155339049091,0.000271959189459245,0.000270743780864908,0.000269509648726136,0.000268257317948281,0.00026698730320866,0.000265700109269256,0.000264396231277261,0.000263076155053281,0.000261740357368299,0.00026038930620973,0.000259023461037371,0.000257643273029359,0.000256249185319234,0.000254841633223863,0.000253421044463272,0.000251987839372374,0.00025054243110526,0.000249085225832218,0.000247616622929985,0.000246137015165439,0.000244646788873133,0.000243146324126941,0.000241635994905998,0.000240116169255394,0.000238587209441807,0.00023704947210409,0.00023550330839947,0.000233949064145142,0.000232387079955897,0.000230817691377573,0.000229241229016743,0.000227658018666895,0.000226068381431132,0.000224472633841545,0.000222871087975598,0.0002212640515695,0.000219651828128872,0.000218034717036686,0.000216413013658812,0.000214787009447198,0.000213156992040734,0.000211523245364224,0.000209886049725298,0.000208245681909521,0.000206602415273847,0.000204956519838444,0.000203308262377243,0.000201657906506894,0.000200005712774891,0.000198351938746295,0.000196696839089699,0.000195040665662338,0.000193383667594552,0.000191726091373464,0.000190068180926609,0.000188410177704834,0.000186752320765394,0.000185094846854736,0.000183437990491607,0.000181781984050336,0.000180127057844495,0.000178473440211278,0.000176821357596526,0.000175171034640678,0.000173522694265969,0.000171876557764789,0.000170232844889691,0.000168591773945095,0.000166953561881028,0.00016531842438899,0.000163686576000562,0.000162058230188517,0.000160433599471345,0.00015881289552099,0.000157196329274556,0.000155584111050138,0.000153976450667223,0.000152373557572359,0.000150775640970154,0.000149182909960576,0.000147595573682841,0.000146013841466701,0.000144437922991736,0.000142868028455443,0.000141304368751028,0.00013974715565564,0.000138196602030301,0.000136652922032408,0.000135116331342191,0.000133587047404454,0.000132065289686933,0.000130551279957216,0.000129045242579747,0.00012754740483518,0.000126057997264159,0.000124577254038226,0.000123105413360465,0.000121642717899129,0.000120189415257768,0.0001187457584856,0.000117312006632937,0.000115888425355942,0.000114475287577045,0.000113072874206746,0.000111681474934165,0.000110301389094363,0.000108932926621484,0.000107576409098185,0.000106232170913235,0.000104900560540604,0.00010358194195579,0.000102276696206838,0.000100985223160689,9.97079434482603e-05,9.84453006354726e-05,9.71977636516777e-05,9.59658295121616e-05,9.47500263771647e-05,9.3550916997502e-05,9.23691026048835e-05,9.12052273156907e-05,9.00599831292207e-05,8.89341156161784e-05,8.78284304110697e-05,8.67438006445923e-05,8.56811754781277e-05,8.464158993566e-05,8.36261762687648e-05,8.26361771401812e-05,8.16729609738021e-05,8.07380398966334e-05,7.9833090796306e-05,7.89599801415084e-05,7.81207933704274e-05,7.73178698545561e-05,7.65538447058928e-05,7.58316990347023e-05,7.51548207089694e-05,7.45270782531472e-05,7.39529113042086e-05,7.34374420933128e-05,7.29866138453334e-05,7.26073639427518e-05,7.23078424103226e-05,7.20976900807203e-05,7.19883962098185e-05,7.19937631078746e-05,7.21305167650674e-05,7.2419119427281e-05,7.28848657862859e-05,7.35593841430246e-05,7.44827265114226e-05,7.57063327355199e-05,7.72973212813432e-05,7.93448453690732e-05,8.19697574338818e-05,8.53397477578149e-05,8.96938847810235e-05,9.53840156204498e-05,0.000102947977549694,0.000113246577787973,0.00012773817329448,0.000149078665259318,0.000182587146696364,0.000240407208714065,0.000356177403820845,0.000658207226398298,0.00210376924906944,0.464964471261427,0.00144721951023961,0.000275416622441255,9.18444749948286e-05,3.7653268586368e-05,1.68702914362858e-05,7.75951854119177e-06,3.48625103654538e-06,1.44111679313614e-06,4.92066440546263e-07,1.02274716946216e-07,5.48928036674322e-10,4.36743028021974e-08,1.53817237582135e-07,2.88092434141111e-07,4.22953892242606e-07,5.45834562313529e-07,6.50507982817327e-07,7.34440590903133e-07,7.97245827698922e-07,8.39765902551498e-07,8.63519873389826e-07,8.70369857807242e-07,8.62319273202464e-07,8.413920124855e-07,8.09561683768566e-07,7.6871197396751e-07,7.20616368481505e-07,6.66929841836927e-07,6.09187850489027e-07,5.48809663220513e-07,4.87104144891364e-07,4.25276799727458e-07,3.64437324419928e-07,3.05607208017535e-07,2.49727101046853e-07,1.97663795957568e-07,1.50216737840628e-07,1.08124033156485e-07,7.20679545826483e-08,4.26799584284208e-08,2.05452415227021e-08,6.20686982972725e-09,1.69513147331092e-10,2.90282027615662e-09,1.48444678596874e-08,3.64029141874439e-08,6.7959886989327e-08,1.09872631844628e-07,1.62475945432967e-07,2.26084015536096e-07,3.00992087534911e-07,3.87477975119496e-07,4.85803431104224e-07,5.96215392556345e-07,7.18947112941206e-07,8.54219192645444e-07,1.00224051800152e-06,1.16320911789353e-06,1.3373129460249e-06,1.52473059607896e-06,1.72563195627257e-06,1.94017880904044e-06,2.16852538111335e-06,2.41081884856658e-06,2.6671998010679e-06,2.93780266902646e-06,3.2227561170626e-06,3.52218340675255e-06,3.83620273148064e-06,4.16492752574378e-06,4.50846675122551e-06,4.86692516156971e-06,5.24040354775155e-06,5.62899896555772e-06,6.03280494681882e-06,6.45191169561605e-06,6.88640627074533e-06,7.33637275553705e-06,7.80189241606604e-06,8.28304384860731e-06,8.7799031172631e-06,9.29254388246731e-06,9.82103752107854e-06,1.03654532387139e-05,1.09258581749146e-05,1.15023175016103e-05,1.20948945154918e-05,1.2703650724625e-05,1.33286459298072e-05,1.39699383009464e-05,1.46275844489646e-05,1.5301639493334e-05,1.59921571257934e-05,1.66991896702413e-05,1.74227881393205e-05,1.8163002287732e-05,1.89198806626005e-05,1.96934706509804e-05,2.04838185249066e-05,2.12909694838289e-05,2.21149676949065e-05,2.29558563310804e-05,2.38136776072392e-05,2.46884728143853e-05,2.55802823521792e-05,2.64891457597348e-05,2.74151017449196e-05,2.8358188212166e-05,2.93184422889841e-05,3.02959003510558e-05,3.1290598046277e-05,3.23025703175425e-05,3.33318514245009e-05,3.43784749642985e-05,3.54424738913767e-05,3.65238805363155e-05,3.76227266239055e-05,3.87390432903659e-05,3.98728610997857e-05,4.10242100599027e-05,4.21931196371905e-05,4.33796187712167e-05,4.45837358885485e-05,4.58054989159185e-05,4.70449352929644e-05,4.8302071984394e-05,4.95769354916857e-05,5.08695518642507e-05,5.21799467102921e-05,5.35081452070742e-05,5.48541721109331e-05,5.62180517668261e-05,5.75998081175429e-05,5.89994647125908e-05,6.04170447167139e-05,6.18525709181163e-05,6.33060657364074e-05,6.47775512302486e-05,6.62670491047056e-05,6.77745807184024e-05,6.93001670903731e-05,7.08438289066958e-05
0.000286480299533107,0.000285424090698467,0.000284344362888904,0.000283241736709794,0.000282116819519666,0.000280970205870894,0.000279802477930571,0.000278614205882999,0.000277405948314735,0.000276178252582996,0.000274931655168543,0.000273666682013772,0.00027238384884681,0.000271083661492356,0.000269766616170104,0.00026843319978104,0.00026708389018269,0.000265719156453542,0.000264339459147348,0.000262945250537747,0.000261536974853779,0.000260115068506598,0.000258679960308033,0.000257232071681125,0.000255771816863305,0.000254299603102287,0.000252815830845366,0.000251320893922024,0.000249815179720589,0.000248299069358886,0.000246772937849375,0.00024523715425889,0.00024369208186342,0.000242138078297904,0.000240575495701596,0.000239004680858866,0.000237425975335949,0.000235839715613607,0.000234246233216121,0.000232645854836533,0.000231038902458563,0.000229425693475182,0.000227806540804126,0.000226181753000449,0.000224551634366213,0.00022291648505764,0.000221276601189672,0.000219632274938121,0.000217983794639685,0.000216331444889759,0.000214675506638231,0.000213016257283583,0.000211353970765047,0.000209688917653273,0.000208021365239457,0.000206351577623024,0.000204679815798259,0.000203006337739434,0.000201331398485265,0.00019965525022222,0.000197978142367145,0.000196300321649049,0.000194622032190723,0.000192943515589303,0.000191265010997201,0.000189586755202286,0.000187908982708454,0.000186231925815959,0.000184555814702215,0.000182880877502808,0.000181207340393148,0.000179535427670767,0.000177865361838468,0.000176197363688542,0.000174531652388179,0.000172868445566288,0.000171207959402018,0.000169550408715038,0.000167896007057981,0.000166244966811097,0.000164597499279766,0.000162953814794568,0.000161314122814904,0.000159678632035916,0.000158047550499439,0.000156421085709219,0.000154799444750801,0.000153182834416741,0.000151571461337296,0.0001499655321175,0.00014836525348096,0.00014677083242113,0.000145182476360732,0.000143600393320056,0.000142024792095155,0.000140455882446544,0.00013889387529975,0.000137338982958609,0.000135791419332583,0.000134251400179597,0.00013271914336563,0.000131194869142977,0.000129678800448874,0.000128171163226582,0.000126672186771101,0.000125182104102251,0.000123701152367723,0.000122229573279226,0.000120767613585558,0.000119315525586033,0.000117873567689274,0.000116442005021645,0.000115021110091653,0.000113611163515962,0.000112212454814606,0.000110825283283201,0.000109449958951432,0.000108086803638122,0.000106736152114853,0.000105398353391531,0.000104073772139418,0.00010276279026942,0.000101465808685906,0.000100183249239616,9.89155569068699e-05,9.76632022263152e-05,9.64266840298242e-05,9.52065325100424e-05,9.40033126741773e-05,9.2817628242116e-05,9.1650126057199e-05,9.05015010903047e-05,8.93725021322632e-05,8.82639382878527e-05,8.71766864060117e-05,8.61116996075052e-05,8.50700171033747e-05,8.4052775537667e-05,8.30612221370369e-05,8.20967300109933e-05,8.11608160233631e-05,8.0255161751495e-05,7.93816381715996e-05,7.8542334862934e-05,7.77395947217824e-05,7.69760554310431e-05,7.62546992622966e-05,7.55789132201653e-05,7.49525621094551e-05,7.43800778640878e-05,7.38665694951808e-05,7.34179593940233e-05,7.30411536132919e-05,7.27442563609785e-05,7.25368425980678e-05,7.24303078158307e-05,7.24383215223901e-05,7.25774218423222e-05,7.28678047549214e-05,7.33343858166346e-05,7.40082496084588e-05,7.49286608606723e-05,7.61459055361399e-05,7.7725385621022e-05,7.97536549959382e-05,8.23475452644739e-05,8.56683679658005e-05,8.99447632932534e-05,9.55109048199228e-05,0.000102873344704316,0.000112834477407338,0.000126736097286012,0.000146980879294989,0.000178272519645668,0.000231008494029199,0.000332597341016975,0.000578849911231937,0.00155014635706407,0.0313458613200685,0.00269008826151571,0.000394767317626588,0.000123266967138163,4.96272618059494e-05,2.23543503081165e-05,1.05352521474579e-05,4.96257838662475e-06,2.23284694751098e-06,8.98867395347518e-07,2.82601616265212e-07,4.3548238570128e-08,1.98222723932215e-09,5.97219144542133e-08,1.62010004790804e-07,2.78107305487149e-07,3.90949238437669e-07,4.91422191792057e-07,5.75097734874918e-07,6.403223894207e-07,6.87078119300922e-07,7.16292454285034e-07,7.29416680517877e-07,7.28166759951608e-07,7.14364492390994e-07,6.89841133255253e-07,6.56380235477871e-07,6.15685230808227e-07,5.6936261369409e-07,5.18914910793213e-07,4.65739707478366e-07,4.11132331539871e-07,3.56290647974774e-07,3.02320971520194e-07,2.50244463679767e-07,2.01003616502009e-07,1.55468579612805e-07,1.14443187955218e-07,7.86706134558354e-08,4.88386062750712e-08,2.55843182716282e-08,9.49871799434116e-09,1.13061641380413e-09,9.90328007846763e-10,9.5529942977618e-09,2.7261597552069e-08,5.45296918103686e-08,9.17438771289686e-08,1.39266041294865e-07,1.97435391436832e-07,2.66570296070516e-07,3.46969956284985e-07,4.38915922996345e-07,5.42673475558577e-07,6.58492875496055e-07,7.86610507709222e-07,9.27249920271352e-07,1.08062277274803e-06,1.24692970197054e-06,1.42636111326895e-06,1.61909790430363e-06,1.82531212795458e-06,2.04516759999904e-06,2.27882045678305e-06,2.52641966749979e-06,2.78810750526677e-06,3.06401998075516e-06,3.35428724173925e-06,3.65903394159699e-06,3.97837957957031e-06,4.31243881514535e-06,4.66132175890799e-06,5.02513424179817e-06,5.40397806469049e-06,5.7979512298324e-06,6.20714815577505e-06,6.63165987706276e-06,7.07157422995311e-06,7.52697602530517e-06,7.9979472096587e-06,8.48456701538237e-06,8.98691210082968e-06,9.50505668122297e-06,1.00390726509753e-05,1.05890296981098e-05,1.1154995411399e-05,1.17370353806891e-05,1.23352132909846e-05,1.29495910107175e-05,1.35802286746318e-05,1.4227184761626e-05,1.48905161679735e-05,1.55702782762052e-05,1.6266525019976e-05,1.69793089451315e-05,1.77086812673483e-05,1.84546919264683e-05,1.92173896378066e-05,1.99968219405828e-05,2.0793035243784e-05,2.16060748694375e-05,2.24359850936398e-05,2.32828091853563e-05,2.41465894432736e-05,2.50273672305708e-05,2.5925183008124e-05,2.68400763658099e-05,2.77720860524184e-05,2.87212500039185e-05,2.96876053704864e-05,3.06711885420581e-05,3.16720351728083e-05,3.26901802043389e-05,3.37256578878516e-05,3.47785018052315e-05,3.58487448892212e-05,3.69364194425936e-05,3.80415571565498e-05,3.91641891282117e-05,4.03043458773969e-05,4.14620573626313e-05,4.26373529964986e-05,4.38302616602891e-05,4.50408117180739e-05,4.62690310301415e-05,4.75149469659395e-05,4.87785864164308e-05,5.00599758059956e-05,5.13591411037768e-05,5.26761078347028e-05,5.40109010899358e-05,5.53635455370436e-05,5.67340654296812e-05,5.81224846169452e-05,5.95288265524382e-05,6.09531143028682e-05,6.23953705563931e-05,6.38556176307503e-05,6.53338774809314e-05,6.68301717067297e-05,6.83445215598877e-05,6.98769479511631e-05,7.14274714569799e-05
0.000289928201178971,0.000288814321189261,0.000287677966576964,0.000286519732794694,0.000285340202939952,0.000284139948154468,0.000282919528006144,0.000281679490854761,0.00028042037420238,0.000279142705028896,0.000277847000113923,0.000276533766345624,0.000275203501016972,0.000273856692110395,0.000272493818571231,0.00027111535057042,0.000269721749757438,0.000268313469503344,0.000266890955134997,0.00026545464416049,0.000264004966486451,0.000262542344627412,0.000261067193907926,0.000259579922657405,0.000258080932398364,0.000256570618028106,0.000255049367994458,0.00025351756446549,0.000251975583493793,0.000250423795175426,0.00024886256380383,0.00024729224801884,0.000245713200951246,0.000244125770362801,0.000242530298782291,0.000240927123637332,0.000239316577382664,0.00023769898762456,0.000236074677242062,0.000234443964504731,0.00023280716318737,0.000231164582681761,0.000229516528105599,0.000227863300408775,0.000226205196477002,0.000224542509233199,0.000222875527736497,0.000221204537279095,0.000219529819481196,0.000217851652383869,0.000216170310540234,0.000214486065105008,0.000212799183922408,0.000211109931612646,0.000209418569657104,0.000207725356482236,0.000206030547542492,0.000204334395402018,0.000202637149815749,0.00020093905780947,0.000199240363759392,0.000197541309471018,0.000195842134257869,0.000194143075019417,0.000192444366319388,0.00019074624046354,0.000189048927577789,0.000187352655686344,0.000185657650790393,0.00018396413694702,0.000182272336348949,0.00018058246940501,0.000178894754821524,0.000177209409684873,0.000175526649545407,0.000173846688502721,0.000172169739292885,0.0001704960133774,0.000168825721034478,0.000167159071452588,0.000165496272826953,0.000163837532458742,0.000162183056857851,0.00016053305184904,0.000158887722682324,0.000157247274147626,0.000155611910694172,0.000153981836555378,0.000152357255879318,0.000150738372865608,0.000149125391909181,0.000147518517751589,0.000145917955640639,0.000144323911498983,0.000142736592102668,0.000141156205270439,0.000139582960064923,0.000138017067006679,0.000136458738302549,0.000134908188089499,0.000133365632695512,0.000131831290919228,0.000130305384330154,0.000128788137591511,0.000127279778807912,0.000125780539900576,0.000124290657012738,0.000122810370948457,0.000121339927648382,0.000119879578706385,0.000118429581931589,0.000116990201960496,0.000115561710925193,0.000114144389183673,0.000112738526119469,0.000111344421018783,0.000109962384034144,0.000108592737244981,0.000107235815827187,0.000105891969344894,0.000104561563180162,0.000103244980118153,0.000101942622108325,0.00010065491222484,9.93822968536175e-05,9.81252481370888e-05,9.68842667131586e-05,9.56598847907401e-05,9.44526696112877e-05,9.32632273541639e-05,9.20922075538159e-05,9.09403081089538e-05,8.980828097827e-05,8.86969386750232e-05,8.76071616943366e-05,8.65399070329074e-05,8.54962179929682e-05,8.44772355016007e-05,8.34842112250896e-05,8.25185228182346e-05,8.15816917240455e-05,8.06754040335421e-05,7.98015350350502e-05,7.89621782336191e-05,7.81596798153785e-05,7.73966797807704e-05,7.66761612940432e-05,7.6001510218169e-05,7.53765873604236e-05,7.48058166903393e-05,7.42942937800761e-05,7.38479200513799e-05,7.34735702368529e-05,7.31793029802597e-05,7.29746280162436e-05,7.28708483423296e-05,7.28815029236629e-05,7.30229458374316e-05,7.33151130807238e-05,7.37825512858807e-05,7.44558178401901e-05,7.53734170062478e-05,7.6584524723988e-05,7.81528991464021e-05,8.01626172451397e-05,8.27267007269508e-05,8.60004558677027e-05,9.02027783087929e-05,9.56514714420676e-05,0.000102824413030684,0.000112471143058788,0.000125829665548707,0.000145081789816767,0.000174409094919937,0.000222784266660083,0.000312826394581031,0.000517842827633465,0.00121480577880232,0.00975492959957785,0.00592482193722652,0.000580338820463826,0.000166164418443576,6.51181972766604e-05,2.92841900729705e-05,1.40222303669771e-05,6.83395232540386e-06,3.26412249306225e-06,1.46093100874535e-06,5.6899439785733e-07,1.62171261018087e-07,1.6168610110241e-08,8.19197615906997e-09,6.92211070347559e-08,1.59917152959738e-07,2.57856244960955e-07,3.5049079424157e-07,4.31139808102461e-07,4.96642594965184e-07,5.4595560258396e-07,5.79298755648213e-07,5.97629438883839e-07,6.0231569691284e-07,5.94932551198042e-07,5.77135416371308e-07,5.50582293659092e-07,5.16887042761562e-07,4.77592528219545e-07,4.3415647093631e-07,3.87945377645276e-07,3.40233542931125e-07,2.92205164155419e-07,2.44958290156142e-07,1.99509770780659e-07,1.56800668497273e-07,1.17701788108921e-07,8.30191097772958e-08,5.34989962114561e-08,2.9833101438976e-08,1.2662945672896e-08,2.58414478656347e-09,1.50298120919978e-10,5.87654765341469e-09,2.02428269131422e-08,4.36968207805811e-08,7.66566583352407e-08,1.19513360858372e-07,1.72633066345512e-07,2.36359050737013e-07,3.11013564713236e-07,3.96899503451775e-07,4.94301925278623e-07,6.03489433733236e-07,7.24715436218469e-07,8.58219291143624e-07,1.00422735431913e-06,1.16295393428853e-06,1.33460216531331e-06,1.51936480588282e-06,1.71742496976021e-06,1.92895679596178e-06,2.15412606331501e-06,2.39309075479533e-06,2.64600157619241e-06,2.91300243331052e-06,3.1942308714244e-06,3.48981848037527e-06,3.79989126833053e-06,4.12457000701806e-06,4.46397055080682e-06,4.81820413200967e-06,5.18737763432659e-06,5.5715938463649e-06,5.97095169679753e-06,6.38554647279617e-06,6.81547002299299e-06,7.26081094632755e-06,7.72165476782243e-06,8.19808410241308e-06,8.69017880766723e-06,9.19801612636217e-06,9.72167081965253e-06,1.02612152915216e-05,1.08167197052325e-05,1.13882520923573e-05,1.19758784548724e-05,1.25796628609539e-05,1.31996675347933e-05,1.38359529409955e-05,1.44885778638117e-05,1.51575994816978e-05,1.58430734374265e-05,1.65450539041287e-05,1.72635936474843e-05,1.79987440843932e-05,1.87505553383051e-05,1.95190762914447e-05,2.03043546341434e-05,2.11064369115229e-05,2.19253685675478e-05,2.27611939868021e-05,2.36139565339949e-05,2.44836985914596e-05,2.5370461594585e-05,2.62742860655701e-05,2.71952116453438e-05,2.81332771239498e-05,2.9088520469371e-05,3.00609788550134e-05,3.10506886856942e-05,3.20576856225907e-05,3.30820046068008e-05,3.41236798819213e-05,3.51827450154877e-05,3.62592329195142e-05,3.7353175869979e-05,3.84646055255471e-05,3.95935529453453e-05,4.07400486060481e-05,4.19041224181473e-05,4.30858037415455e-05,4.42851214004526e-05,4.55021036977052e-05,4.67367784284383e-05,4.79891728931787e-05,4.92593139104672e-05,5.05472278288937e-05,5.18529405386779e-05,5.31764774828201e-05,5.45178636677422e-05,5.58771236735996e-05,5.72542816641153e-05,5.8649361396093e-05,6.00623862285891e-05,6.14933791316496e-05,6.29423626948231e-05,6.44093591353071e-05,6.58943903058555e-05,6.73974777023239e-05,6.8918642471005e-05,7.04579054157568e-05,7.20152870047119e-05
0.000293306493487379,0.000292136583634107,0.000290945196237612,0.000289732903397559,0.000288500265663714,0.000287247832398943,0.000285976142126932,0.000284685722865484,0.000283377092446271,0.000282050758821388,0.000280707220357854,0.000279346966120364,0.000277970476143047,0.000276578221690553,0.000275170665509513,0.000273748262070137,0.000272311457799099,0.00027086069130373,0.000269396393588067,0.000267918988261186,0.000266428891738126,0.000264926513433743,0.000263412255950028,0.000261886515256785,0.000260349680866486,0.000258802136003106,0.000257244257765624,0.000255676417286077,0.000254098979882714,0.000252512305208296,0.000250916747393781,0.00024931265518775,0.000247700372091571,0.000246080236490567,0.000244452581781615,0.000242817736496771,0.000241176024423833,0.000239527764723239,0.00023787327204224,0.000236212856625791,0.000234546824424683,0.000232875477201103,0.000231199112631484,0.000229518024407015,0.000227832502331803,0.000226142832418889,0.000224449296984231,0.000222752174738633,0.000221051740878006,0.00021934826717177,0.000217642022049737,0.000215933270687446,0.0002142222750902,0.000212509294175698,0.000210794583855553,0.00020907839711571,0.000207360984096026,0.000205642592168687,0.000203923466016293,0.000202203847708879,0.000200483976780694,0.000198764090306348,0.000197044422976893,0.000195325207175356,0.000193606673052531,0.000191889048602575,0.000190172559738952,0.000188457430370466,0.000186743882477966,0.000185032136191416,0.000183322409867844,0.00018161492017007,0.000179909882146587,0.000178207509312518,0.000176508013732132,0.000174811606102821,0.00017311849584103,0.000171428891170057,0.000169742999210268,0.000168061026071651,0.000166383176949398,0.000164709656222277,0.000163040667554637,0.000161376414002007,0.000159717098120805,0.000158062922082585,0.000156414087793077,0.000154770797016732,0.000153133251507043,0.000151501653143334,0.000149876204074529,0.0001482571068706,0.000146644564682418,0.000145038781410651,0.000143439961884831,0.000141848312053147,0.000140264039184389,0.00013868735208282,0.000137118461317463,0.000135557579467106,0.000134004921382415,0.000132460704467,0.000130925148979261,0.000129398478356942,0.000127880919566784,0.00012637270348192,0.000124874065289582,0.000123385244932507,0.000121906487587511,0.000120438044185146,0.000118980171975032,0.000117533135141544,0.00011609720547585,0.000114672663110386,0.000113259797322894,0.000111858907418333,0.000110470303697582,0.000109094308523468,0.000107731257496059,0.000106381500750511,0.000105045404393203,0.000103723352093678,0.000102415746852816,0.000101123012970638,9.98455982408338e-05,9.85839764031806e-05,9.73386498902005e-05,9.61101529102659e-05,9.48990549164143e-05,9.37059645184026e-05,9.2531533905742e-05,9.13764638612858e-05,9.02415094595239e-05,8.91274865609983e-05,8.80352792357395e-05,8.69658482741233e-05,8.59202409752925e-05,8.48996024419126e-05,8.39051886581876e-05,8.29383816870355e-05,8.20007073968556e-05,8.10938562209224e-05,8.02197075698174e-05,7.93803586656932e-05,7.8578158757364e-05,7.78157499185917e-05,7.70961159481403e-05,7.64226413012427e-05,7.57991825234325e-05,7.52301553737902e-05,7.47206417830666e-05,7.42765220843431e-05,7.39046397157913e-05,7.36130080216129e-05,7.34110721591565e-05,7.33100438898486e-05,7.33233338505302e-05,7.34671157883289e-05,7.3761071801637e-05,7.42293894324467e-05,7.49021147103421e-05,7.58170169967604e-05,7.70222038036946e-05,7.85798579607137e-05,8.05716942776018e-05,8.31071209041849e-05,8.63357837892384e-05,9.04674598207786e-05,9.58047627355371e-05,0.000102799231182028,0.000112152447571438,0.000125009667430466,0.000143359141395859,0.000170936546011664,0.000215540688386059,0.000296051088356773,0.000469727626256449,0.000994313808348058,0.00492572893990612,0.0185301387249323,0.000884286962319616,0.00022572400555471,8.52703698964258e-05,3.80352204733906e-05,1.83768852543646e-05,9.17688582355709e-06,4.57692834917087e-06,2.2033805656692e-06,9.7753840653807e-07,3.67290921980762e-07,9.39172125217577e-08,4.86252382489675e-09,1.39899693492929e-08,7.16979280490145e-08,1.49192151369683e-07,2.29853727110963e-07,3.0433454783525e-07,3.67689570557927e-07,4.17659916071134e-07,4.53625077546137e-07,4.75953783390117e-07,4.85597385185836e-07,4.83833419192793e-07,4.7210353856808e-07,4.519114636007e-07,4.24759455857143e-07,3.92109677356648e-07,3.55361675934068e-07,3.15840315369757e-07,2.74790435359794e-07,2.33375797727294e-07,1.92680705557032e-07,1.53713228862112e-07,1.17409333259953e-07,8.46374502184708e-08,5.62031896009065e-08,3.28540040793571e-08,1.52836880427929e-08,4.13664252922059e-09,1.18702487348886e-11,3.46668618917403e-09,1.50201431568799e-08,3.51561803290636e-08,6.43265081419809e-08,1.02953245733346e-07,1.51431328507562e-07,2.10130703691321e-07,2.79398331418065e-07,3.59560008112197e-07,4.50922027985056e-07,5.53772697332224e-07,6.68383715194935e-07,7.95011432815067e-07,9.33898003213585e-07,1.08527243120672e-06,1.24935153318736e-06,1.4263408151446e-06,1.61643527655059e-06,1.81982014700791e-06,2.03667156189739e-06,2.26715718261248e-06,2.5114367664821e-06,2.76966269091274e-06,3.04198043589307e-06,3.32852902857412e-06,3.62944145329338e-06,3.94484503003605e-06,4.27486176416486e-06,4.61960866979167e-06,4.97919806912888e-06,5.35373786979772e-06,5.74333182199083e-06,6.14807975709061e-06,6.56807780935658e-06,7.00341862198725e-06,7.45419153885228e-06,7.92048278302999e-06,8.40237562321954e-06,8.89995052889514e-06,9.41328531519833e-06,9.94245527825856e-06,1.04875333217046e-05,1.10485900750251e-05,1.16256940044278e-05,1.22189115166391e-05,1.28283070563118e-05,1.34539431973805e-05,1.40958807288635e-05,1.47541787354826e-05,1.54288946734683e-05,1.61200844419006e-05,1.68278024498811e-05,1.75521016797917e-05,1.82930337469897e-05,1.90506489560755e-05,1.9824996354063e-05,2.06161237805231e-05,2.14240779151007e-05,2.22489043223336e-05,2.30906474941341e-05,2.39493508900014e-05,2.48250569751541e-05,2.57178072565907e-05,2.66276423173938e-05,2.75546018492423e-05,2.84987246832836e-05,2.94600488194753e-05,3.04386114545117e-05,3.14344490083007e-05,3.24475971492842e-05,3.34780908184206e-05,3.45259642521572e-05,3.55912510042134e-05,3.66739839664676e-05,3.77741953887496e-05,3.88919168979156e-05,4.00271795158864e-05,4.11800136770017e-05,4.23504492445734e-05,4.35385155267521e-05,4.47442412916172e-05,4.59676547817648e-05,4.7208783728147e-05,4.84676553634608e-05,4.97442964348605e-05,5.10387332162742e-05,5.23509915200872e-05,5.36810967085098e-05,5.50290737043885e-05,5.63949470016246e-05,5.77787406751883e-05,5.91804783907909e-05,6.06001834141289e-05,6.20378786198308e-05,6.34935865000043e-05,6.49673291725956e-05,6.64591283892946e-05,6.79690055432997e-05,6.94969816766811e-05,7.10430774875932e-05,7.26073133371883e-05
0.00029661779559813,0.000295393408993462,0.00029414849826787,0.000292883613787572,0.000291599295098246,0.00029029607125599,0.000288974461144817,0.000287634973781206,0.000286278108606777,0.000284904355769163,0.000283514196392069,0.000282108102834942,0.000280686538942757,0.000279249960286338,0.000277798814393932,0.000276333540974079,0.000274854572130594,0.000273362332569661,0.000271857239799863,0.000270339704324896,0.000268810129829973,0.00026726891336161,0.000265716445501562,0.000264153110534891,0.000262579286612508,0.000260995345908626,0.00025940165477303,0.000257798573878636,0.000256186458364507,0.000254565657974528,0.000252936517191903,0.000251299375369628,0.000249654566857327,0.000248002421124285,0.000246343262879291,0.000244677412186895,0.000243005184580829,0.000241326891174134,0.000239642838766797,0.000237953329950383,0.000236258663210211,0.000234559133025121,0.000232855029964853,0.000231146640785228,0.000229434248521281,0.000227718132578388,0.000225998568821559,0.000224275829662908,0.000222550184147596,0.000220821898038122,0.000219091233897174,0.000217358451169245,0.00021562380626095,0.000213887552620167,0.000212149940814171,0.000210411218606857,0.000208671631035187,0.000206931420484632,0.00020519082676439,0.000203450087181719,0.000201709436616038,0.000199969107592594,0.000198229330356112,0.000196490332944044,0.000194752341260164,0.000193015579148053,0.000191280268465024,0.000189546629156248,0.000187814879329652,0.000186085235331225,0.000184357911821342,0.000182633121851948,0.000180911076944921,0.000179191987171668,0.000177476061234341,0.00017576350654857,0.000174054529328229,0.000172349334672235,0.000170648126653739,0.000168951108411778,0.00016725848224605,0.000165570449714541,0.000163887211734922,0.000162208968689496,0.000160535920534512,0.000158868266913938,0.000157206207278224,0.000155549941008662,0.000153899667547514,0.000152255586534817,0.000150617897952199,0.000148986802274484,0.000147362500629849,0.000145745194969052,0.000144135088245029,0.000142532384603291,0.000140937289584562,0.000139350010340581,0.000137770755864313,0.000136199737236101,0.000134637167887102,0.000133083263881749,0.000131538244221188,0.000130002331169639,0.000128475750605955,0.00012695873240319,0.000125451510838624,0.000123954325037741,0.000122467419455548,0.000120991044399265,0.000119525456596894,0.000118070919816407,0.000116627705541614,0.000115196093710596,0.000113776373524237,0.000112368844332674,0.000110973816609011,0.000109591613020656,0.000108222569610194,0.000106867037099175,0.000105525382330497,0.000104197989866868,0.00010288526376584,0.000101587629554616,0.000100305536431838,9.90394597273293e-05,9.77899036560621e-05,9.65574044084727e-05,9.53425336260158e-05,9.41459023195045e-05,9.29681652973077e-05,9.18100261828185e-05,9.06722431145813e-05,8.95556352397618e-05,8.84610901329012e-05,8.73895722970081e-05,8.63421329353851e-05,8.53199212209107e-05,8.43241973364871e-05,8.33563476190875e-05,8.24179022124919e-05,8.15105557253351e-05,8.06361915060086e-05,7.97969102915309e-05,7.89950641737439e-05,7.82332970643125e-05,7.75145931485834e-05,7.68423352195716e-05,7.62203753100607e-05,7.56531207371279e-05,7.51456396032763e-05,7.47037910497536e-05,7.43343872606739e-05,7.40453965564345e-05,7.38462001687826e-05,7.37479198669997e-05,7.37638401304035e-05,7.39099579955405e-05,7.42057075526242e-05,7.46749267271905e-05,7.53471653732147e-05,7.62594823413544e-05,7.74589561934404e-05,7.90062591012689e-05,8.09808513716819e-05,8.34887105808554e-05,8.66741413998663e-05,9.07383757951893e-05,9.59699094430882e-05,0.000102796036378137,0.000111874710148846,0.000124268024714169,0.000141793845444547,0.000167804704358296,0.000209123689808416,0.000281669866535709,0.000430970261796345,0.000840438325250852,0.00307592812811398,0.163179751654485,0.00141895983716558,0.000310204979156315,0.000111688975592305,4.90984153542923e-05,2.37948758753256e-05,1.20841582727483e-05,6.22102536005549e-06,3.1554728008397e-06,1.52670442601204e-06,6.71249896499442e-07,2.43866888077058e-07,5.60173001476332e-08,1.03797576090164e-09,1.70966451176356e-08,6.78420380111999e-08,1.31841069678531e-07,1.96598193028592e-07,2.55064537247915e-07,3.03548051302156e-07,3.40435936778168e-07,3.65400295277838e-07,3.78897647021668e-07,3.81850581409737e-07,3.75444114864705e-07,3.60995268210025e-07,3.39869893466827e-07,3.13430247821472e-07,2.83002691205943e-07,2.4985859176114e-07,2.1520389494661e-07,1.80174347793906e-07,1.45834375263717e-07,1.13178270318777e-07,8.31328022580287e-08,5.65606451004594e-08,3.42642283468811e-08,1.69897483017195e-08,5.4311703535952e-09,2.34115260819904e-10,1.99956494949529e-09,1.12873519847328e-08,2.86194160385434e-08,5.44828233216979e-08,8.93325531045707e-08,1.33594060527897e-07,1.87665627890532e-07,2.51920518146926e-07,3.26708944947861e-07,4.12359873529158e-07,5.09182666322839e-07,6.17468586498372e-07,7.37492171808253e-07,8.69512490267539e-07,1.0137742882679e-06,1.17050904089104e-06,1.33993591330547e-06,1.52226264136936e-06,1.71768633880579e-06,1.92639423762805e-06,2.14856436789777e-06,2.38436618226596e-06,2.63396113030709e-06,2.89750318710087e-06,3.175139340141e-06,3.46701003825072e-06,3.77324960583045e-06,4.09398662542691e-06,4.42934429141781e-06,4.77944073718424e-06,5.14438933811157e-06,5.52429899237132e-06,5.91927438141316e-06,6.32941621173065e-06,6.75482143956202e-06,7.19558347978484e-06,7.65179240036036e-06,8.12353510342133e-06,8.61089549410386e-06,9.11395463799794e-06,9.63279090819978e-06,1.01674801226709e-05,1.07180956726926e-05,1.12847086430551e-05,1.18673879246323e-05,1.24662003198208e-05,1.30812106414877e-05,1.37124818057655e-05,1.43600749192536e-05,1.5024049360904e-05,1.57044628590965e-05,1.640137156409e-05,1.71148301163225e-05,1.78448917107012e-05,1.859160815726e-05,1.93550299383838e-05,2.01352062628148e-05,2.09321851166598e-05,2.17460133116733e-05,2.2576736530815e-05,2.34243993714662e-05,2.42890453862569e-05,2.51707171218668e-05,2.60694561556656e-05,2.69853031306042e-05,2.7918297788227e-05,2.88684790000838e-05,2.9835884797553e-05,3.08205524002029e-05,3.18225182427251e-05,3.28418180006553e-05,3.38784866147634e-05,3.49325583143648e-05,3.60040666394995e-05,3.70930444621074e-05,3.8199524006195e-05,3.93235368671539e-05,4.04651140301363e-05,4.16242858876634e-05,4.28010822564216e-05,4.39955323934077e-05,4.52076650112455e-05,4.64375082929921e-05,4.76850899061939e-05,4.89504370164643e-05,5.0233576300431e-05,5.15345339581872e-05,5.28533357251918e-05,5.41900068837969e-05,5.55445722741756e-05,5.69170563049526e-05,5.83074829633528e-05,5.97158758249548e-05,6.11422580631581e-05,6.25866524581766e-05,6.40490814057473e-05,6.55295669255904e-05,6.7028130669462e-05,6.85447939289323e-05,7.00795776429524e-05,7.16325024051087e-05,7.32035884706109e-05
0.000299864562655698,0.000298587171452428,0.000297290169135509,0.000295974085799502,0.000294639441381031,0.000293286745961347,0.000291916500057034,0.000290529194899126,0.000289125312701684,0.000287705326919677,0.000286269702497493,0.000284818896107837,0.00028335335638197,0.000281873524131384,0.0002803798325617,0.00027887270747859,0.000277352567486775,0.000275819824181823,0.000274274882335554,0.000272718140074963,0.000271149989055308,0.000269570814627288,0.000267980995998924,0.000266380906392124,0.000264770913194301,0.000263151378105153,0.000261522657279069,0.000259885101463021,0.000258239056130432,0.000256584861611004,0.000254922853216902,0.00025325336136513,0.000251576711696704,0.000249893225192253,0.000248203218284841,0.000246507002969451,0.000244804886909875,0.00024309717354266,0.000241384162178728,0.000239666148102343,0.00023794342266772,0.000236216273393567,0.000234484984055383,0.000232749834775797,0.000231011102113002,0.000229269059147466,0.00022752397556684,0.000225776117749356,0.0002240257488458,0.000222273128859974,0.000220518514727878,0.000218762160395864,0.000217004316897494,0.000215245232429513,0.000213485152426856,0.000211724319636847,0.000209962974192809,0.000208201353686766,0.000206439693241974,0.000204678225584765,0.000202917181116207,0.000201156787983452,0.00019939727215115,0.00019763885747256,0.000195881765761161,0.000194126216862121,0.000192372428724381,0.000190620617473094,0.000188870997482705,0.000187123781450768,0.000185379180472712,0.000183637404117577,0.00018189866050501,0.000180163156383639,0.000178431097211031,0.000176702687235328,0.00017497812957899,0.000173257626324558,0.000171541378603021,0.000169829586684627,0.000168122450072946,0.000166420167601792,0.000164722937536081,0.000163030957676281,0.000161344425467291,0.00015966353811189,0.000157988492689245,0.000156319486279128,0.000154656716091953,0.000153000379605606,0.000151350674709371,0.000149707799855778,0.000148071954220996,0.000146443337874571,0.000144822151959483,0.000143208598883224,0.00014160288252116,0.000140005208433258,0.000138415784095261,0.00013683481914605,0.000135262525652312,0.000133699118392494,0.000132144815161828,0.000130599837100427,0.000129064409046873,0.000127538759919806,0.000126023123130369,0.000124517737028648,0.000123022845387779,0.000121538697929567,0.00012006555089633,0.000118603667673475,0.000117153319469101,0.000115714786056486,0.000114288356586787,0.000112874330480137,0.000111473018404194,0.000110084743350626,0.000108709841821464,0.00010734866513868,0.000106001580892612,0.000104668974546782,0.000103351251219516,0.000102048837665535,0.00010076218448473,9.94917685888589e-05,9.82380959625429e-05,9.70017047602766e-05,9.57831687884271e-05,9.45831014292106e-05,9.34021600736116e-05,9.22410511420962e-05,9.11005357858468e-05,8.99814363786103e-05,8.88846439299254e-05,8.78111265755588e-05,8.67619393318866e-05,8.57382353385549e-05,8.4741278860503e-05,8.37724603777166e-05,8.28333141630616e-05,8.19255388381036e-05,8.1051021509886e-05,8.02118662342581e-05,7.94104277337894e-05,7.86493515310977e-05,7.79316219600205e-05,7.72606199080886e-05,7.66401926569282e-05,7.60747388639574e-05,7.55693126313771e-05,7.51297518204524e-05,7.4762837415395e-05,7.44764929985552e-05,7.42800365295392e-05,7.41845010152712e-05,7.42030469050915e-05,7.43514980494867e-05,7.46490462356532e-05,7.51191889032053e-05,7.57909942928485e-05,7.67008340267217e-05,7.78947952119893e-05,7.94321004523449e-05,8.13900566633385e-05,8.38713815888837e-05,8.70153341523974e-05,9.10151284870867e-05,9.61461169550228e-05,0.000102813232334636,0.00011163463797537,0.000123597623842759,0.000140369440378856,0.000164971526882233,0.000203409380944265,0.000269229188931603,0.00039919332801598,0.000728092748543853,0.00216237004844151,0.108485565704749,0.002461145554912,0.000433328306716861,0.00014667237839235,6.31235711999696e-05,3.05228053685852e-05,1.56688668911843e-05,8.2556137504153e-06,4.35137368128226e-06,2.2377477741921e-06,1.08808252599946e-06,4.7574301602485e-07,1.68670696217372e-07,3.55971195085575e-08,1.28999588534919e-10,1.69647499408801e-08,5.89911747489644e-08,1.10008819933893e-07,1.60496829965281e-07,2.05080098063569e-07,2.40980038446841e-07,2.67049205878447e-07,2.83160606227513e-07,2.8981684307183e-07,2.87897883217809e-07,2.78497519795831e-07,2.62817290713299e-07,2.42097987709164e-07,2.1757594842228e-07,1.90455773279011e-07,1.61893955594868e-07,1.32989758481816e-07,1.04780882205263e-07,7.82422675148783e-08,5.42869166280052e-08,3.37679748908423e-08,1.74815612587159e-08,6.17000292282791e-09,5.25243854087028e-10,1.19227561321759e-09,8.77249273364147e-09,2.38269120178796e-08,4.68792203950546e-08,7.84186331759347e-08,1.18902556076555e-07,1.68759051987163e-07,2.28389118359536e-07,2.98168784062737e-07,3.78451036272799e-07,4.6956758875526e-07,5.71830503137553e-07,6.85533674560071e-07,8.10954192709558e-07,9.48353588622339e-07,1.09797897702119e-06,1.26006410322618e-06,1.43483030301289e-06,1.62248738309004e-06,1.8232344292308e-06,2.03726054847088e-06,2.26474555122766e-06,2.5058605786456e-06,2.76076868002222e-06,3.0296253446805e-06,3.31257899228839e-06,3.60977142522537e-06,3.92133824629461e-06,4.24740924471107e-06,4.58810875314239e-06,4.94355597816429e-06,5.31386530643437e-06,5.69914658854322e-06,6.09950540245224e-06,6.51504329809963e-06,6.94585802479767e-06,7.39204374272307e-06,7.85369121982896e-06,8.33088801527066e-06,8.82371865047864e-06,9.33226476872376e-06,9.85660528418967e-06,1.03968165212337e-05,1.09529723446551e-05,1.15251442816035e-05,1.21134016357674e-05,1.27178115943622e-05,1.33384393285272e-05,1.39753480875171e-05,1.46285992871738e-05,1.52982525930957e-05,1.59843659988322e-05,1.66869958994858e-05,1.7406197161036e-05,1.81420231856243e-05,1.88945259731615e-05,1.96637561794233e-05,2.04497631709308e-05,2.12525950767158e-05,2.20722988373881e-05,2.29089202514086e-05,2.37625040189637e-05,2.46330937834648e-05,2.55207321709371e-05,2.64254608272451e-05,2.73473204535418e-05,2.82863508397886e-05,2.92425908966709e-05,3.02160786858786e-05,3.12068514489329e-05,3.22149456345219e-05,3.32403969246269e-05,3.42832402593091e-05,3.53435098603729e-05,3.64212392538778e-05,3.75164612916653e-05,3.86292081718264e-05,3.9759511458298e-05,4.09074020995494e-05,4.20729104464458e-05,4.32560662692999e-05,4.44568987742614e-05,4.56754366188521e-05,4.69117079270223e-05,4.81657403033765e-05,4.9437560846999e-05,5.07271961645396e-05,5.20346723828803e-05,5.33600151612207e-05,5.47032497027082e-05,5.60644007655975e-05,5.74434926739777e-05,5.88405493280978e-05,6.02555942142419e-05,6.1688650414313e-05,6.31397406149707e-05,6.46088871164693e-05,6.60961118411876e-05,6.76014363418291e-05,6.91248818092928e-05,7.06664690803281e-05,7.22262186449061e-05,7.38041506532581e-05
0.000303049100127097,0.000301720101967717,0.00030037236820274,0.000299006409978343,0.00029762272888637,0.000296221817241735,0.00029480415834928,0.000293370226760184,0.000291920488519107,0.000290455401401638,0.000288975415143307,0.000287480971660134,0.000285972505261224,0.000284450442853791,0.000282915204141088,0.000281367201813192,0.000279806841731547,0.00027823452310701,0.000276650638672073,0.000275055574847299,0.000273449711902404,0.00027183342411203,0.000270207079906752,0.000268571042019087,0.000266925667625282,0.000265271308482488,0.000263608311062056,0.000261937016678667,0.000260257761615927,0.000258570877248148,0.000256876690158805,0.000255175522255731,0.000253467690883057,0.000251753508930263,0.000250033284938403,0.000248307323203419,0.000246575923877114,0.000244839383065352,0.000243097992924226,0.000241352041753728,0.000239601814089383,0.000237847590791853,0.000236089649134649,0.000234328262889968,0.000232563702412846,0.000230796234723692,0.000229026123589309,0.000227253629602447,0.000225479010260086,0.000223702520040403,0.000221924410478625,0.000220144930241828,0.000218364325202779,0.000216582838512867,0.000214800710674195,0.000213018179611086,0.000211235480740986,0.000209452847044653,0.000207670509136216,0.000205888695332696,0.00020410763172342,0.00020232754223917,0.000200548648721628,0.000198771170992427,0.000196995326922924,0.000195221332503822,0.00019344940191565,0.000191679747599401,0.000189912580328209,0.000188148109279594,0.000186386542108849,0.000184628085023489,0.000182872942858936,0.000181121319155784,0.000179373416238587,0.000177629435296532,0.000175889576466176,0.00017415403891638,0.00017242302093581,0.000170696720023063,0.00016897533298004,0.000167259056008308,0.000165548084809425,0.000163842614688982,0.000162142840665085,0.000160448957581591,0.000158761160226398,0.00015707964345553,0.000155404602323175,0.000153736232218586,0.000152074729010153,0.000150420289197509,0.00014877311007227,0.000147133389888222,0.00014550132804195,0.000143877125264573,0.000142260983825898,0.000140653107752046,0.000139053703057677,0.00013746297799446,0.000135881143317147,0.000134308412568888,0.00013274500238789,0.000131191132837304,0.000129647027760708,0.000128112915165863,0.000126589027639401,0.000125075602795845,0.000123572883764385,0.000122081119717447,0.000120600566445679,0.000119131486983969,0.000117674152294696,0.000116228842014109,0.000114795845269245,0.000113375461573511,0.00011196800180994,0.000110573789312756,0.000109193161059042,0.000107826468983958,0.000106474081435024,0.000105136384783109,0.000103813785210401,0.000102506710698567,0.000101215613244191,9.99409713321471e-05,9.86832927032578e-05,9.74431174576435e-05,9.62210215426625e-05,9.50176206821428e-05,9.38335748134162e-05,9.26695931106787e-05,9.15264396867534e-05,9.04049400825472e-05,8.93059886739927e-05,8.82305571509884e-05,8.71797042534245e-05,8.61545869863355e-05,8.51564735824553e-05,8.4186758536804e-05,8.32469801086496e-05,8.23388407743929e-05,8.14642312257148e-05,8.06252586473627e-05,7.98242801873813e-05,7.90639427606702e-05,7.83472306209179e-05,7.76775225176773e-05,7.7058660755061e-05,7.6495035126443e-05,7.59916855757418e-05,7.55544286101853e-05,7.51900140811217e-05,7.49063211276061e-05,7.47126050915276e-05,7.46198114326982e-05,7.46409786553974e-05,7.47917608565515e-05,7.50911130472816e-05,7.5562200984213e-05,7.62336252692479e-05,7.71410925335509e-05,7.83297340673899e-05,7.98573806661528e-05,8.17992809104323e-05,8.42550522169093e-05,8.73591818861405e-05,9.12973511748897e-05,9.63326575596301e-05,0.000102849370210915,0.000111429276722802,0.000122992176983454,0.000139071657959387,0.000162401529404709,0.000198297086108045,0.000258381220518564,0.000372745206837119,0.000643116559221939,0.00163872017307124,0.0196211839840733,0.00484168473286951,0.000619103531595901,0.000193589978129082,8.0982181812606e-05,3.88741068177294e-05,2.00696654547997e-05,1.07514113191411e-05,5.83110256272581e-06,3.13518410368431e-06,1.63377501067496e-06,8.00509491835708e-07,3.50661490756191e-07,1.23470501655619e-07,2.52199447101156e-08,2.10240587636839e-11,1.40707299668187e-08,4.68210110330771e-08,8.58548606694858e-08,1.2382759797893e-07,1.5659675166878e-07,1.82055494487857e-07,1.99392757301235e-07,2.08617618429045e-07,2.10250392947289e-07,2.05120540447899e-07,1.94233945620138e-07,1.78685763147196e-07,1.59603464901415e-07,1.3811004820222e-07,1.15300767217572e-07,9.22289563482497e-08,6.98979631463055e-08,4.92571698514257e-08,3.12007271090703e-08,1.65680591390249e-08,6.14549640483527e-09,6.68595268064556e-10,8.24844285996821e-10,7.25655378144887e-09,2.05637925717753e-08,4.13072824470942e-08,7.00111933994743e-08,1.07165805036246e-07,1.53230015055148e-07,2.08633686184247e-07,2.73779830094111e-07,3.49046631430854e-07,4.34789318117477e-07,5.31341885823763e-07,6.39018685509643e-07,7.58115883309254e-07,8.88912802081916e-07,1.03167315371316e-06,1.18664617087021e-06,1.35406764643688e-06,1.53416088833395e-06,1.72713759687456e-06,1.93319867127241e-06,2.15253495138372e-06,2.38532790026575e-06,2.63175023264966e-06,2.89196649400758e-06,3.1661335944491e-06,3.45440130134257e-06,3.75691269416025e-06,4.07380458480085e-06,4.40520790624961e-06,4.75124807231504e-06,5.11204531078252e-06,5.48771497223936e-06,5.87836781654003e-06,6.28411027878233e-06,6.70504471638368e-06,7.14126963886614e-06,7.59287992164127e-06,8.05996700512568e-06,8.54261908029083e-06,9.04092126175225e-06,9.55495574927793e-06,1.00848019786945e-05,1.06305367629122e-05,1.11922344238662e-05,1.17699669160121e-05,1.23638039420365e-05,1.29738130612664e-05,1.36000597914495e-05,1.4242607704219e-05,1.4901518514829e-05,1.55768521664517e-05,1.62686669095044e-05,1.69770193762868e-05,1.77019646513129e-05,1.84435563375291e-05,1.92018466188291e-05,1.99768863189843e-05,2.07687249573412e-05,2.15774108013476e-05,2.24029909163438e-05,2.32455112125142e-05,2.41050164894393e-05,2.49815504781908e-05,2.58751558813174e-05,2.67858744106312e-05,2.77137468231722e-05,2.86588129552528e-05,2.96211117548427e-05,3.06006813122906e-05,3.15975588895921e-05,3.26117809481521e-05,3.3643383175269e-05,3.46924005093069e-05,3.5758867163727e-05,3.68428166498952e-05,3.7944281798977e-05,3.90632947826539e-05,4.01998871330654e-05,4.13540897617213e-05,4.25259329776466e-05,4.3715446504702e-05,4.49226594981656e-05,4.61476005605294e-05,4.73902977567599e-05,4.86507786287405e-05,4.99290702092451e-05,5.12251990352786e-05,5.25391911608914e-05,5.3871072169389e-05,5.52208671852177e-05,5.65886008851856e-05,5.79742975094066e-05,5.93779808716998e-05,6.07996743696676e-05,6.22394009943635e-05,6.36971833395616e-05,6.51730436106989e-05,6.6667003633556e-05,6.81790848625116e-05,6.97093083885551e-05,7.12576949470119e-05,7.28242649250261e-05,7.44090383686689e-05
0.000306173576539658,0.000304794300334389,0.00030339712916234,0.000301982556422525,0.000300551066510947,0.000299103135075588,0.000297639229262009,0.000296159807949503,0.000294665321978999,0.000293156214372243,0.000291632920543396,0.000290095868503032,0.000288545479054906,0.000286982165986018,0.000285406336250135,0.00028381839014496,0.000282218721483628,0.000280607717760312,0.000278985760310549,0.000277353224466332,0.000275710479706403,0.000274057889801584,0.000272395812955919,0.000270724601943223,0.000269044604239776,0.000267356162152826,0.000265659612945572,0.000263955288958363,0.000262243517726638,0.000260524622095426,0.000258798920330782,0.000257066726228272,0.000255328349218516,0.000253584094469985,0.000251834262989352,0.000250079151719126,0.000248319053633132,0.000246554257829476,0.000244785049621699,0.000243011710627594,0.000241234518856189,0.000239453748792892,0.000237669671482954,0.000235882554613088,0.000234092662591757,0.00023230025662788,0.00023050559480811,0.000228708932173003,0.000226910520791813,0.000225110609836246,0.000223309445653169,0.000221507271836456,0.000219704329297862,0.000217900856337232,0.00021609708871195,0.000214293259705813,0.000212489600197527,0.000210686338728528,0.000208883701570768,0.000207081912794071,0.000205281194333437,0.000203481766056253,0.000201683845829764,0.000199887649588356,0.000198093391401527,0.000196301283541917,0.000194511536554088,0.000192724359323738,0.000190939959147941,0.000189158541805977,0.000187380311631451,0.000185605471585511,0.000183834223331436,0.00018206676731071,0.000180303302820924,0.000178544028095422,0.000176789140385216,0.000175038836043078,0.000173293310610368,0.000171552758906437,0.000169817375121443,0.000168087352912193,0.000166362885502021,0.000164644165784449,0.000162931386431403,0.000161224740006183,0.000159524419081655,0.000157830616364251,0.000156143524824045,0.000154463337831746,0.000152790249303006,0.000151124453850748,0.000149466146946363,0.000147815525090369,0.000146172785993549,0.000144538128769503,0.00014291175413951,0.000141293864651119,0.000139684664911433,0.000138084361836747,0.000136493164919906,0.000134911286517108,0.000133338942156184,0.000131776350868206,0.000130223735544922,0.000128681323324621,0.00012714934600911,0.000125628040515208,0.000124117649364209,0.000122618421213331,0.000121130611433869,0.000119654482740535,0.000118190305878303,0.000116738360372636,0.000115298935350552,0.000113872330440528,0.000112458856760433,0.000111058838004024,0.000109672611637806,0.000108300530221689,0.000106942962869019,0.000105600296863518,0.000104272939453388,0.000102961319845808,0.00010166589142872,0.000100387134250653,9.9125557794621e-05,9.78817040874967e-05,9.66561511934554e-05,9.5449517147945e-05,9.42624643984208e-05,9.30957048296951e-05,9.19500054656376e-05,9.08261949555515e-05,8.97251709740717e-05,8.86479086878635e-05,8.75954704723598e-05,8.65690170985555e-05,8.55698206552242e-05,8.45992795273668e-05,8.36589358215621e-05,8.27504957151839e-05,8.18758533155866e-05,8.10371187523263e-05,8.0236651400601e-05,7.94770993568648e-05,7.87614465751346e-05,7.80930694448608e-05,7.74758050778688e-05,7.69140342117065e-05,7.64127824873935e-05,7.59778449974149e-05,7.56159405391861e-05,7.53349041113854e-05,7.5143929092778e-05,7.50538745964413e-05,7.50776592246142e-05,7.52307706638809e-05,7.55319325049335e-05,7.60039873114822e-05,7.66750814632725e-05,7.75802778523082e-05,7.87637858473111e-05,8.02820990910813e-05,8.22084972788089e-05,8.46396466767547e-05,8.77055175740728e-05,9.1584705258411e-05,9.6528863635364e-05,0.000102903132106842,0.000111255968418106,0.000122446106329133,0.00013788807232786,0.00016006456661199,0.000193704207079617,0.000248855115504542,0.000350446580227183,0.000576990989041601,0.00130764956044289,0.008201632578934,0.0120065779302584,0.000912364457372132,0.000257518516919118,0.000103860622235258,4.92508518968661e-05,2.54575972974945e-05,1.37932663210489e-05,7.64168684394776e-06,4.24735881517071e-06,2.32657141539758e-06,1.2305449345271e-06,6.10760226361607e-07,2.71100925540077e-07,9.72492942448571e-08,2.08048580674352e-08,9.69805007894764e-11,9.4820071958942e-09,3.31581254686666e-08,6.14826495910294e-08,8.87231371453764e-08,1.11654398817159e-07,1.28667348003098e-07,1.39194461185618e-07,1.43334881869691e-07,1.4160753159209e-07,1.34787489472594e-07,1.2379721119105e-07,1.0963424141457e-07,9.33234175286386e-08,7.58856173364533e-08,5.83177323162801e-08,4.15802745377222e-08,2.65901724508064e-08,1.42170808618022e-08,5.28205222870507e-09,5.57772931060113e-10,7.69813480324845e-10,6.59851149251359e-09,1.8681224429093e-08,3.76147716898757e-08,6.39579434897822e-08,9.82339945319828e-08,1.4093306897722e-07,1.92514523125395e-07,2.53409126149711e-07,3.24021128834503e-07,4.04730196866653e-07,4.9589320966632e-07,5.97845928646764e-07,7.10904540644642e-07,8.35367083315954e-07,9.7151475984564e-07,1.11961315051867e-06,1.27991332859789e-06,1.45265288777564e-06,1.63805688809419e-06,1.83633872687257e-06,2.04770094074509e-06,2.27233594448778e-06,2.51042671189157e-06,2.76214740351632e-06,3.02766394580059e-06,3.30713456558256e-06,3.60071028378951e-06,3.90853537170634e-06,4.23074777296098e-06,4.56747949402216e-06,4.91885696592305e-06,5.28500137943796e-06,5.66602899601739e-06,6.06205143633764e-06,6.47317594838604e-06,6.89950565659072e-06,7.34113979363996e-06,7.7981739162473e-06,8.27070010618486e-06,8.75880715768878e-06,9.26258075235609e-06,9.78210362236847e-06,1.03174557030581e-05,1.08687142755281e-05,1.1435954100116e-05,1.20192475413293e-05,1.2618664684966e-05,1.32342734478317e-05,1.38661396808002e-05,1.4514327265456e-05,1.51788982049958e-05,1.58599127096074e-05,1.65574292768436e-05,1.72715047672228e-05,1.80021944755225e-05,1.87495521978745e-05,1.95136302951211e-05,2.02944797525739e-05,2.10921502364425e-05,2.19066901471156e-05,2.27381466696343e-05,2.35865658212942e-05,2.44519924968067e-05,2.53344705110221e-05,2.62340426394606e-05,2.71507506566095e-05,2.80846353724412e-05,2.90357366669068e-05,3.00040935227856e-05,3.09897440568686e-05,3.19927255496185e-05,3.30130744733071e-05,3.40508265189387e-05,3.51060166217281e-05,3.61786789854637e-05,3.72688471057026e-05,3.83765537919058e-05,3.95018311884834e-05,4.06447107950148e-05,4.18052234854168e-05,4.29833995263486e-05,4.41792685947704e-05,4.53928597947533e-05,4.66242016735281e-05,4.78733222368859e-05,4.91402489638934e-05,5.0425008821019e-05,5.17276282756473e-05,5.30481333090836e-05,5.43865494289498e-05,5.57429016811595e-05,5.7117214661381e-05,5.85095125260278e-05,5.99198190028898e-05,6.13481574012592e-05,6.27945506217906e-05,6.42590211658308e-05,6.57415911445268e-05,6.72422822875796e-05,6.87611159516055e-05,7.02981131282914e-05,7.18532944521433e-05,7.34266802081151e-05,7.50182903387886e-05
0.000309240034847326,0.00030781174596597,0.000306366370266171,0.000304904384493074,0.000303426256893638,0.000301932447451657,0.00030042340811426,0.000298899583009998,0.000297361408659432,0.000295809314177945,0.000294243721471707,0.000292665045426685,0.000291073694091317,0.000289470068852882,0.000287854564608197,0.000286227569928385,0.000284589467218577,0.000282940632872265,0.000281281437420849,0.000279612245678493,0.00027793341688245,0.000276245304829112,0.000274548258006065,0.000272842619720028,0.000271128728221268,0.000269406916824243,0.000267677514024937,0.000265940843614834,0.000264197224791838,0.000262446972268186,0.000260690396375393,0.00025892780316656,0.000257159494516109,0.00025538576821687,0.000253606918074942,0.000251823234002185,0.000250035002106592,0.000248242504780531,0.00024644602078716,0.000244645825344869,0.00024284219020994,0.000241035383757584,0.000239225671061445,0.000237413313971437,0.000235598571190348,0.000233781698348992,0.00023196294808022,0.000230142570091692,0.000228320811237613,0.000226497915589504,0.000224674124505963,0.00022284967670174,0.00022102480831596,0.00021919975297972,0.000217374741883106,0.000215550003841687,0.000213725765362702,0.000211902250710712,0.000210079681973288,0.000208258279126327,0.000206438260099474,0.000204619840841438,0.000202803235385709,0.000200988655916124,0.00019917631283326,0.000197366414820899,0.000195559168913314,0.000193754780563172,0.000191953453710268,0.000190155390851288,0.000188360793110631,0.000186569860312487,0.000184782791054425,0.000182999782782445,0.00018122103186796,0.000179446733686572,0.000177677082699193,0.000175912272535444,0.000174152496079765,0.000172397945560289,0.000170648812641072,0.00016890528851752,0.000167167564015866,0.000165435829696504,0.000163710275962001,0.000161991093169848,0.00016027847175059,0.000158572602331801,0.000156873675868229,0.000155181883778945,0.000153497418091867,0.000151820471596427,0.000150151238005199,0.000148489912124996,0.000146836690038751,0.000145191769298661,0.000143555349131934,0.000141927630660345,0.000140308817134502,0.000138699114184774,0.000137098730089884,0.00013550787606521,0.000133926766572659,0.000132355619654044,0.00013079465729045,0.000129244105790143,0.000127704196207862,0.000126175164798742,0.000124657253510457,0.000123150710517529,0.000121655790802499,0.000120172756788647,0.000118701879030338,0.000117243436967022,0.000115797719748331,0.000114365027138276,0.000112945670507729,0.000111539973925708,0.000110148275361305,0.000108770928009679,0.000107408301757616,0.000106060784806222,0.00010472878547099,0.00010341273418235,0.000102113085713619,0.00010083032166688,9.95649532528458e-05,9.83175244058819e-05,9.70886152825519e-05,9.58788461998836e-05,9.46888820792328e-05,9.35194374731934e-05,9.23712822665266e-05,9.12452481588522e-05,9.01422360567798e-05,8.90632245275781e-05,8.80092794958523e-05,8.69815654011266e-05,8.59813580788311e-05,8.50100596818536e-05,8.40692160284466e-05,8.31605368472791e-05,8.22859194972761e-05,8.1447476874488e-05,8.06475703895871e-05,7.98888491175314e-05,7.91742965019778e-05,7.8507286360113e-05,7.78916504077541e-05,7.73317601469285e-05,7.68326267838081e-05,7.64000239479507e-05,7.60406394728907e-05,7.57622645271638e-05,7.55740311804627e-05,7.54867133843904e-05,7.55131118409733e-05,7.56685510830627e-05,7.59715284718692e-05,7.64445715694679e-05,7.71153854203388e-05,7.80184094984675e-05,7.91969635106597e-05,8.07062557065605e-05,8.26176811477202e-05,8.50250946206021e-05,8.80541861969603e-05,9.18768776744846e-05,9.67341216542309e-05,0.00010297331672002,0.000111112315429293,0.000121954447241281,0.00013680781398854,0.000157934872792336,0.000189562381645478,0.000240437094555593,0.00033143520172616,0.000524322943146248,0.0010832953953843,0.00465567412983531,0.0511644282171092,0.00140413830415497,0.000346357399978826,0.000133401294203611,6.21741022110164e-05,3.20450913874287e-05,1.74834649325561e-05,9.83858130655107e-06,5.60713123798441e-06,3.1873347140731e-06,1.77984750728042e-06,9.58792476379414e-07,4.85648814520613e-07,2.21603054830875e-07,8.34785428280561e-08,2.03623754177036e-08,6.49511747031688e-10,4.59036742040424e-09,1.98678408174196e-08,3.89015793440903e-08,5.71673754332494e-08,7.21291024152208e-08,8.25488564241186e-08,8.80353569709513e-08,8.87451039373245e-08,8.51829849987128e-08,7.80684956155921e-08,6.82457436321619e-08,5.66229544429247e-08,4.413200934422e-08,3.17016707884569e-08,2.02401979213418e-08,1.06244182173305e-08,3.69323662128152e-09,2.44184986911028e-10,1.03204007179557e-09,6.76883195649104e-09,1.81247687685652e-08,3.57297462009452e-08,6.01752104894484e-08,9.20162141718124e-08,1.31773553914467e-07,1.79935915117235e-07,2.36961973088597e-07,3.03282418362679e-07,3.79301886264207e-07,4.65400779638091e-07,5.61936979768799e-07,6.69247444732969e-07,7.8764969726146e-07,9.17443206014641e-07,1.05891066534361e-06,1.21231917924811e-06,1.37792135556277e-06,1.5559563164382e-06,1.74665063112015e-06,1.95021917679914e-06,2.16686593304962e-06,2.39678471502701e-06,2.64015985032574e-06,2.89716680398665e-06,3.16797275586731e-06,3.45273713426723e-06,3.75161210933663e-06,4.06474304958332e-06,4.392268944489e-06,4.7343227959458e-06,5.09103198114129e-06,5.46251858907807e-06,5.84889973296266e-06,6.25028784030535e-06,6.66679092260209e-06,7.09851282609243e-06,7.54555346520868e-06,8.00800903997231e-06,8.48597223862888e-06,8.97953242664791e-06,9.4887758231382e-06,1.00137856655862e-05,1.05546423638754e-05,1.11114236443095e-05,1.16842046844173e-05,1.22730582392198e-05,1.2878054759582e-05,1.34992625031377e-05,1.41367476384886e-05,1.47905743429793e-05,1.54608048946183e-05,1.61474997584735e-05,1.68507176680009e-05,1.75705157015848e-05,1.83069493546671e-05,1.90600726076957e-05,1.98299379902746e-05,2.06165966416689e-05,2.14200983679608e-05,2.22404916960009e-05,2.30778239245537e-05,2.39321411725047e-05,2.48034884246201e-05,2.56919095748273e-05,2.65974474672731e-05,2.75201439351641e-05,2.84600398377257e-05,2.94171750951877e-05,3.03915887220554e-05,3.1383318858723e-05,3.23924028015183e-05,3.34188770312512e-05,3.44627772404502e-05,3.55241383592247e-05,3.66029945799387e-05,3.76993793807167e-05,3.88133255478766e-05,3.99448651972703e-05,4.1094029794765e-05,4.2260850175655e-05,4.34453565633435e-05,4.46475785871052e-05,4.5867545299143e-05,4.710528519082e-05,4.83608262083038e-05,4.96341957674298e-05,5.09254207680435e-05,5.22345276076997e-05,5.35615421947995e-05,5.49064899611608e-05,5.62693958741699e-05,5.76502844483396e-05,5.9049179756524e-05,6.0466105440583e-05,6.1901084721704e-05,6.3354140410348e-05,6.48252949157433e-05,6.63145702550522e-05,6.78219880622323e-05,6.93475695965456e-05,7.08913357507804e-05,7.24533070590801e-05,7.40335037046896e-05,7.56319455271811e-05
0.000312250402602351,0.000310774307552168,0.000309281903498648,0.000307773651530548,0.000306250004701894,0.000304711408249048,0.000303158299800001,0.000301591109576301,0.000300010260588096,0.000298416168822118,0.000296809243423615,0.000295189886871847,0.000293558495149981,0.000291915457909131,0.00029026115862743,0.000288595974763551,0.000286920277905753,0.000285234433915991,0.000283538803069693,0.000281833740191201,0.000280119594785266,0.000278396711164389,0.000276665428572727,0.000274926081306189,0.000273178998829222,0.000271424505888266,0.000269662922622196,0.000267894564669568,0.000266119743273239,0.000264338765382041,0.000262551933749955,0.000260759547032756,0.000258961899882269,0.000257159283038244,0.000255351983418325,0.000253540284205586,0.000251724464934378,0.000249904801574091,0.000248081566611302,0.000246255029130091,0.000244425454890765,0.000242593106407119,0.000240758243022224,0.00023892112098278,0.000237081993512354,0.000235241110883228,0.000233398720487335,0.000231555066905914,0.000229710391978527,0.000227864934870827,0.000226018932141777,0.000224172617810116,0.000222326223420076,0.000220479978106609,0.000218634108660089,0.000216788839590625,0.000214944393192143,0.000213100989605952,0.00021125884688455,0.000209418181055014,0.000207579206182654,0.00020574213443461,0.000203907176143908,0.000202074539873483,0.000200244432481044,0.000198417059184107,0.000196592623625972,0.000194771327942219,0.000192953372828336,0.000191138957608218,0.000189328280303927,0.000187521537706773,0.000185718925449817,0.000183920638082158,0.000182126869144916,0.000180337811249335,0.000178553656157147,0.00017677459486328,0.00017500081768142,0.000173232514332317,0.000171469874035581,0.00016971308560469,0.000167962337546118,0.00016621781816247,0.000164479715660197,0.000162748218262307,0.000161023514326438,0.000159305792468816,0.000157595241694541,0.000155892051534909,0.000154196412192193,0.000152508514692704,0.0001508285510488,0.000149156714430588,0.000147493199348403,0.000145838201846677,0.000144191919710604,0.000142554552686518,0.000140926302717387,0.000139307374194836,0.000137697974229064,0.000136098312938691,0.000134508603762124,0.000132929063792772,0.000131359914140253,0.000129801380320455,0.000128253692677008,0.000126717086837662,0.000125191804209065,0.000123678092513866,0.000122176206374972,0.00012068640795144,0.000119208967632341,0.00011774416479449,0.000116292288631455,0.000114853639061942,0.00011342852772676,0.000112017279084751,0.000110620231619702,0.000109237739171433,0.000107870172406809,0.000106517920447999,0.00010518139267822,0.000103861020748196,0.000102557260809936,0.000101270596008442,0.000100001539267213,9.87506364085252e-05,9.75184696566765e-05,9.63056615801637e-05,9.51128795381687e-05,9.39408407084699e-05,9.27903177870572e-05,9.16621454664812e-05,9.05572278195639e-05,8.9476546739275e-05,8.8421171614582e-05,8.73922704580646e-05,8.63911227448187e-05,8.54191342763544e-05,8.44778544504419e-05,8.35689964013908e-05,8.26944605803703e-05,8.18563624771773e-05,8.10570653527381e-05,8.0299219064942e-05,7.95858063448642e-05,7.89201982348051e-05,7.83062208615463e-05,7.77482363233574e-05,7.7251241271602e-05,7.6820987836625e-05,7.64641329884157e-05,7.61884243820909e-05,7.60029334312138e-05,7.59183500958239e-05,7.5947359139075e-05,7.6105125112743e-05,7.64099241810525e-05,7.68839768101844e-05,7.75545590929598e-05,7.84555065271807e-05,7.96292798805449e-05,8.11298510638168e-05,8.30268099327604e-05,8.54113307033706e-05,8.84050437298946e-05,9.21735785903599e-05,9.69478668860558e-05,0.000103058826841294,0.000110996149560164,0.000121512766761354,0.000135821335193065,0.000155990300894724,0.000185814574141764,0.000232956348212455,0.00031506751014261,0.000481552288753994,0.000923200815756376,0.00308763774269148,0.470148305760768,0.00230113488272146,0.000472878085832108,0.000171921724962168,7.8326787617646e-05,4.00979263340648e-05,2.19459483501046e-05,1.24874223178014e-05,7.25270018554854e-06,4.23997420814079e-06,2.46427365200635e-06,1.40578067675572e-06,7.75080890243289e-07,4.04231302604954e-07,1.92611841264794e-07,7.84619357549275e-08,2.32113366459368e-08,2.51402007462493e-09,9.47093227354729e-10,8.78808166126097e-09,2.00085514167462e-08,3.09993141377113e-08,3.97462957139872e-08,4.52898947578213e-08,4.7365979977534e-08,4.61651616486046e-08,4.21701728012179e-08,3.60454728068517e-08,2.85621367771149e-08,2.0546800960962e-08,1.28471287769214e-08,6.30868718718473e-09,1.75973514840878e-09,1.50972043636256e-12,1.80233174998552e-09,7.89435797398214e-09,1.89721555694308e-08,3.56925184644223e-08,5.86751153606673e-08,8.85036797933188e-08,1.25727537880453e-07,1.70863330140416e-07,2.24396827111712e-07,2.86784769508052e-07,3.5845668583287e-07,4.39816656265264e-07,5.3124500294435e-07,6.33099894845332e-07,7.45718861124361e-07,8.6942021078459e-07,1.00450435922763e-06,1.15125506412953e-06,1.30994057424041e-06,1.4808146954422e-06,1.66411777880968e-06,1.86007763556744e-06,2.06891038386684e-06,2.29082123216447e-06,2.52600520384603e-06,2.77464780747635e-06,3.03692565683317e-06,3.31300704462787e-06,3.60305247351097e-06,3.90721514774459e-06,4.22564142865254e-06,4.55847125673379e-06,4.90583854303338e-06,5.2678715323163e-06,5.64469314014127e-06,6.03642126602771e-06,6.44316908448899e-06,6.86504531576674e-06,7.30215447773482e-06,7.75459712054694e-06,8.22247004528526e-06,8.70586650784893e-06,9.20487640922084e-06,9.7195864731626e-06,1.02500804121848e-05,1.07964390828053e-05,1.13587406307722e-05,1.19370606270482e-05,1.25314721952046e-05,1.31420461308744e-05,1.37688510137633e-05,1.44119533128488e-05,1.50714174851551e-05,1.57473060686387e-05,1.64396797694714e-05,1.7148597544258e-05,1.78741166774084e-05,1.86162928540796e-05,1.93751802288772e-05,2.01508314907453e-05,2.09432979241671e-05,2.17526294669995e-05,2.25788747650651e-05,2.34220812238826e-05,2.42822950574882e-05,2.51595613347285e-05,2.60539240230753e-05,2.69654260302007e-05,2.78941092432683e-05,2.88400145663859e-05,2.98031819560066e-05,3.07836504546303e-05,3.17814582227956e-05,3.27966425695293e-05,3.38292399812317e-05,3.48792861492852e-05,3.59468159962058e-05,3.70318637006722e-05,3.8134462721299e-05,3.92546458193918e-05,4.03924450805005e-05,4.1547891935217e-05,4.27210171788064e-05,4.39118509901401e-05,4.51204229496527e-05,4.63467620566544e-05,4.75908967457478e-05,4.88528549026506e-05,5.01326638792888e-05,5.14303505082758e-05,5.27459411168104e-05,5.40794615399437e-05,5.54309371333547e-05,5.68003927855989e-05,5.81878529298603e-05,5.95933415552343e-05,6.10168822175886e-05,6.24584980499705e-05,6.39182117726807e-05,6.53960457028808e-05,6.68920217638571e-05,6.84061614940146e-05,6.99384860554732e-05,7.14890162423119e-05,7.30577724886338e-05,7.46447748762593e-05,7.62500431421385e-05
0.000315206501082876,0.000313683751734579,0.000312145442825894,0.000310592020701627,0.000309023924098145,0.00030744158434438,0.000305845425555722,0.000304235864821333,0.000302613312385075,0.000300978171820317,0.000299330840198981,0.000297671708254952,0.000296001160542324,0.000294319575588371,0.000292627326041932,0.000290924778816835,0.000289212295231191,0.000287490231142204,0.000285758937077082,0.000284018758359921,0.00028227003523502,0.000280513102986439,0.000278748292054347,0.000276975928147949,0.000275196332355382,0.000273409821250549,0.000271616706997143,0.000269817297449938,0.000268011896253374,0.000266200802937716,0.000264384313012822,0.00026256271805955,0.000260736305819068,0.000258905360279903,0.000257070161763312,0.000255230987006376,0.000253388109243618,0.000251541798286598,0.000249692320602149,0.000247839939388939,0.000245984914652462,0.000244127503278841,0.000242267959107187,0.00024040653300077,0.000238543472917009,0.000236679023976403,0.00023481342853051,0.000232946926228851,0.000231079754085164,0.000229212146542663,0.000227344335538722,0.000225476550568918,0.000223609018750516,0.000221741964885425,0.000219875611522785,0.000218010179021229,0.000216145885610992,0.000214282947455615,0.000212421578713884,0.000210561991601546,0.000208704396453241,0.000206849001784552,0.000204996014354483,0.000203145639228052,0.000201298079839766,0.000199453538057338,0.000197612214246333,0.000195774307335536,0.000193940014883412,0.000192109533145524,0.000190283057143285,0.000188460780734073,0.00018664289668284,0.000184829596735548,0.00018302107169444,0.000181217511495321,0.000179419105287337,0.000177626041515097,0.000175838508003638,0.000174056692046304,0.000172280780496126,0.000170510959860461,0.000168747416399887,0.000166990336231019,0.000165239905434202,0.000163496310166081,0.000161759736777607,0.000160030371938173,0.000158308402765963,0.000156594016965511,0.000154887402972778,0.000153188750108613,0.000151498248741217,0.000149816090458408,0.000148142468250732,0.000146477576706162,0.000144821612217534,0.000143174773203953,0.000141537260347343,0.000139909276845677,0.000138291028684238,0.000136682724926896,0.000135084578029093,0.000133496804174803,0.000131919623639618,0.000130353261182888,0.000128797946471399,0.000127253914538201,0.000125721406279903,0.000124200668996622,0.00012269195697918,0.000121195532148238,0.000119711664751539,0.000118240634125293,0.000116782729527039,0.000115338251048162,0.000113907510615181,0.000112490833090255,0.000111088557482873,0.00010970103828603,0.000108328646952391,0.000106971773527973,0.000105630828463456,0.000104306244626192,0.000102998479539619,0.000101708017880554,0.000100435374269925,9.91810963980475e-05,9.79457685321971e-05,9.6730015462173e-05,9.55345069490524e-05,9.43599627534972e-05,9.32071583335898e-05,9.20769313181454e-05,9.09701888813858e-05,8.98879161683335e-05,8.88311859491069e-05,8.78011697157528e-05,8.67991504784249e-05,8.58265375708292e-05,8.48848838414006e-05,8.39759056884236e-05,8.31015065006371e-05,8.22638041942484e-05,8.14651637014894e-05,8.07082354747884e-05,7.99960013386043e-05,7.93318293669764e-05,7.87195399147126e-05,7.8163485519114e-05,7.7668648168244e-05,7.7240758467979e-05,7.68864426347173e-05,7.66134051326981e-05,7.6430657370548e-05,7.63488064711489e-05,7.63804231803974e-05,7.65405151601837e-05,7.68471422578588e-05,7.73222254764491e-05,7.79926238622789e-05,7.88915875473902e-05,8.00607476382227e-05,8.15528862319374e-05,8.34358629244694e-05,8.57982941855156e-05,8.87579562283127e-05,9.24745393408254e-05,9.71695787100329e-05,0.000103158658420035,0.000110905505430171,0.000121117094728374,0.000134920216309235,0.000154211713913821,0.000182412846056461,0.000226274884836582,0.000300854376235409,0.000446245363982959,0.000804311672179698,0.00224856995227863,0.0481990982566534,0.00415310191216521,0.000658708269737789,0.000222764258395521,9.86152912996652e-05,4.9951316360286e-05,2.73317315060559e-05,1.56662084332172e-05,9.2286045388124e-06,5.5119533106908e-06,3.30181715188006e-06,1.96410770611331e-06,1.14827129856638e-06,6.51713549057142e-07,3.5322586856901e-07,1.78323683414222e-07,8.03071054999569e-08,2.94860719778952e-08,6.83751222463452e-09,1.61289248286826e-10,1.69171265271888e-09,6.58134216008374e-09,1.19206591209209e-08,1.60941788318602e-08,1.83518822356712e-08,1.85207980185548e-08,1.68091754280806e-08,1.36726317284468e-08,9.72225720378569e-09,5.66140664832643e-09,2.24226806489202e-09,2.36160120327773e-10,4.13410883038937e-10,3.5299486159319e-09,1.03186042371931e-08,2.14837214543776e-08,3.76980836097988e-08,5.96014546272439e-08,8.7800234216885e-08,1.22867870980844e-07,1.6534577919193e-07,2.15744578013792e-07,2.7454552438104e-07,3.42202048481109e-07,4.19141328039215e-07,5.05765857275227e-07,6.02454980639733e-07,7.09566371671942e-07,8.27437444710689e-07,9.56386692471541e-07,1.09671494622713e-06,1.24870655797332e-06,1.41263050576729e-06,1.58874142461219e-06,1.77728056610332e-06,1.97847669043399e-06,2.19254689470451e-06,2.41969738147779e-06,2.66012417155083e-06,2.9140137648047e-06,3.18154375281577e-06,3.46288338679616e-06,3.75819410414172e-06,4.06763001675735e-06,4.39133836401929e-06,4.72945993315493e-06,5.08212944944845e-06,5.44947593875299e-06,5.8316230642537e-06,6.22868943967193e-06,6.64078892055055e-06,7.06803087545971e-06,7.51052043851103e-06,7.96835874473362e-06,8.44164314954955e-06,8.9304674335479e-06,9.43492199368666e-06,9.95509402193148e-06,1.04910676722254e-05,1.10429242167095e-05,1.16107421919528e-05,1.21945975358846e-05,1.2794563716156e-05,1.34107118505297e-05,1.40431108198094e-05,1.4691827373932e-05,1.53569262316077e-05,1.6038470174039e-05,1.67365201330171e-05,1.74511352739337e-05,1.81823730738831e-05,1.89302893953468e-05,1.96949385555734e-05,2.04763733921715e-05,2.1274645324913e-05,2.20898044141958e-05,2.29218994162284e-05,2.37709778353244e-05,2.46370859732471e-05,2.55202689760521e-05,2.6420570878351e-05,2.73380346453901e-05,2.82727022127802e-05,2.9224614524382e-05,3.01938115681131e-05,3.11803324100544e-05,3.21842152268008e-05,3.32054973362873e-05,3.4244215226995e-05,3.53004045858919e-05,3.63741003249135e-05,3.74653366062837e-05,3.8574146866554e-05,3.97005638396333e-05,4.0844619578629e-05,4.20063454768623e-05,4.31857722877534e-05,4.43829301439544e-05,4.55978485755595e-05,4.68305565275943e-05,4.80810823766438e-05,4.93494539468539e-05,5.06356985252119e-05,5.19398428762017e-05,5.32619132558284e-05,5.46019354251143e-05,5.59599346629469e-05,5.7335935778532e-05,5.8729963123208e-05,6.01420406019722e-05,6.15721916843545e-05,6.30204394150103e-05,6.44868064238862e-05,6.59713149359277e-05,6.74739867804831e-05,6.89948434003611e-05,7.05339058605238e-05,7.20911948564596e-05,7.36667307223029e-05,7.52605334386024e-05,7.68726226398497e-05
0.000318110053504821,0.000316541750919662,0.00031495861163215,0.000313361068079444,0.00031174954548344,0.000310124462037056,0.000308486229084449,0.000306835251294904,0.000305171926831296,0.000303496647512656,0.00030180979897181,0.000300111760807677,0.000298402906733017,0.000296683604717261,0.000294954217125305,0.000293215100851647,0.000291466607450828,0.000289709083263825,0.000287942869540746,0.000286168302560043,0.000284385713744227,0.000282595429772384,0.000280797772689613,0.000278993060013345,0.000277181604836956,0.000275363715930461,0.00027353969783879,0.000271709850977386,0.000269874471725503,0.000268033852517103,0.000266188281929713,0.000264338044771013,0.000262483422163534,0.000260624691627381,0.000258762127161213,0.000256895999321339,0.000255026575299361,0.000253154118997966,0.000251278891105593,0.000249401149169322,0.000247521147666669,0.00024563913807598,0.000243755368945751,0.000241870085962733,0.00023998353201903,0.000238095947278242,0.000236207569240725,0.000234318632807902,0.000232429370346028,0.000230540011749043,0.000228650784500941,0.0002267619137376,0.00022487362230808,0.000222986130835558,0.000221099657777918,0.000219214419488111,0.000217330630274432,0.000215448502460465,0.000213568246445356,0.000211690070763854,0.000209814182146777,0.000207940785581489,0.000206070084373037,0.000204202280205361,0.00020233757320344,0.000200476161995796,0.000198618243778004,0.000196764014376922,0.000194913668316051,0.000193067398882043,0.000191225398192428,0.000189387857264894,0.0001875549660881,0.000185726913694257,0.000183903888233753,0.000182086077051785,0.000180273666767523,0.000178466843355647,0.000176665792230927,0.000174870698335612,0.000173081746230476,0.000171299120189149,0.000169523004296763,0.00016775358255265,0.000165991038977841,0.000164235557727654,0.000162487323209731,0.000160746520208246,0.000159013334014413,0.000157287950564342,0.000155570556584428,0.000153861339745175,0.000152160488824187,0.000150468193879043,0.000148784646431057,0.000147110039660716,0.000145444568616035,0.000143788430434947,0.000142141824582896,0.000140504953107313,0.000138878020910189,0.000137261236040825,0.000135654810010396,0.00013405895813064,0.000132473899878857,0.000130899859292039,0.000129337065392838,0.000127785752650649,0.000126246161481578,0.000124718538791068,0.00012320313856406,0.000121700222507266,0.000120210060749763,0.000118732932607941,0.000117269127422185,0.000115818945473366,0.000114382698988409,0.000112960713245221,0.000111553327789096,0.000110160897773747,0.000108783795442539,0.000107422411767383,0.000106077158265405,0.000104748469016293,0.000103436802907156,0.000102142646134995,0.000100866515002532,9.96089590480071e-05,9.83705645567488e-05,9.71519585097606e-05,9.5953813034209e-05,9.47768504317234e-05,9.36218488738119e-05,9.24896488696463e-05,9.1381160631029e-05,9.0297372482626e-05,8.92393604940441e-05,8.82082995451729e-05,8.72054760788643e-05,8.62323028473906e-05,8.52903360243133e-05,8.43812951340604e-05,8.35070863528096e-05,8.26698298610904e-05,8.18718920895776e-05,8.1115923903791e-05,8.04049060354597e-05,7.97422034058026e-05,7.91316304244839e-05,7.85775299211032e-05,7.80848691227135e-05,7.76593570960229e-05,7.73075894226311e-05,7.70372277035499e-05,7.68572239914441e-05,7.67781037108199e-05,7.68123254728857e-05,7.69747430619021e-05,7.72832047417484e-05,7.77593394239619e-05,7.84296005584782e-05,7.93266707354412e-05,8.04913793180857e-05,8.19753627487985e-05,8.38448211410549e-05,8.61859285719971e-05,8.91127990023958e-05,9.27795105795824e-05,9.73987764540601e-05,0.000103271890974466,0.000110838597463513,0.000120763865292091,0.00013409700509167,0.000152582494354199,0.000179316629309187,0.000220280101561928,0.000288418023899095,0.000416688575972058,0.000713179350300915,0.0017425314703048,0.0148520367243452,0.0088213833967362,0.00094262786305475,0.000290872199723766,0.000124259537316782,6.20317978292105e-05,3.38259238931571e-05,1.94680277022693e-05,1.15869416716448e-05,7.03489504625769e-06,4.31293631239549e-06,2.64770601495899e-06,1.61511716889213e-06,9.7133269478901e-07,5.70842311916744e-07,3.24242517444876e-07,1.7535225620603e-07,8.82755095426715e-08,3.98223480782138e-08,1.49323112165703e-08,3.83787887405096e-09,2.6654511768717e-10,2.789300295105e-10,1.50529381280332e-09,2.63662155686393e-09,3.08126226825792e-09,2.73092232568916e-09,1.7998924175713e-09,7.13916246891263e-10,3.30680112611268e-11,3.98143626029349e-10,2.49343683751725e-09,7.02100659837973e-09,1.4683044644208e-08,2.61699736514446e-08,4.21526078705466e-08,6.32771944322966e-08,9.01624935078754e-08,1.23398295031251e-07,1.6354493960197e-07,2.11133532483023e-07,2.66666626624953e-07,3.306192134402e-07,4.03439905458972e-07,4.85552227995635e-07,5.77355960983559e-07,6.7922848961666e-07,7.91526135222441e-07,9.14585447073955e-07,1.04872444261743e-06,1.19424378848507e-06,1.3514279181806e-06,1.52054608484436e-06,1.70185334925973e-06,1.89559150448762e-06,2.10198993933193e-06,2.3212664433562e-06,2.55362795648951e-06,2.79927126638496e-06,3.05838365679185e-06,3.33114351007102e-06,3.61772086704188e-06,3.91827794705495e-06,4.23296963118293e-06,4.56194391118239e-06,4.90534230676228e-06,5.26330025344429e-06,5.63594746333782e-06,6.02340826070427e-06,6.42580189433479e-06,6.84324282838323e-06,7.27584101339264e-06,7.72370213882466e-06,8.18692786868824e-06,8.66561606134595e-06,9.15986097477192e-06,9.66975345832336e-06,1.01953811320052e-05,1.07368285541171e-05,1.12941773781971e-05,1.18675064999753e-05,1.24568921950768e-05,1.30624082481398e-05,1.3684126073956e-05,1.43221148311697e-05,1.49764415291029e-05,1.56471711281256e-05,1.63343666341021e-05,1.70380891871836e-05,1.77583981454913e-05,1.84953511639014e-05,1.92490042683384e-05,2.00194119258059e-05,2.0806627110546e-05,2.16107013664444e-05,2.24316848660312e-05,2.32696264662167e-05,2.41245737610622e-05,2.49965731316729e-05,2.58856697934509e-05,2.6791907840874e-05,2.77153302899473e-05,2.86559791184194e-05,2.96138953039842e-05,3.05891188605498e-05,3.15816888726548e-05,3.25916435282067e-05,3.36190201495987e-05,3.46638552232998e-05,3.57261844280347e-05,3.68060426616098e-05,3.79034640664848e-05,3.90184820540875e-05,4.01511293281023e-05,4.13014379065746e-05,4.24694391431188e-05,4.36551637470597e-05,4.4858641802761e-05,4.60799027880911e-05,4.73189755920231e-05,4.85758885315147e-05,4.9850669367666e-05,5.11433453211894e-05,5.24539430871886e-05,5.37824888494046e-05,5.51290082937898e-05,5.64935266215404e-05,5.78760685616923e-05,5.9276658383061e-05,6.06953199058424e-05,6.21320765126989e-05,6.3586951159401e-05,6.50599663851218e-05,6.65511443222475e-05,6.80605067058798e-05,6.95880748830029e-05,7.1133869821266e-05,7.26979121174266e-05,7.42802220055508e-05,7.58808193649244e-05,7.74997237275619e-05
0.000320962692428448,0.000319349890332449,0.000317722949439563,0.000316082289047694,0.000314428321602647,0.000312761452871368,0.000311082082109536,0.000309390602223489,0.000307687399927202,0.000305972855894007,0.000304247344903607,0.00030251123598447,0.000300764892551908,0.000299008672541779,0.000297242928540462,0.000295468007910547,0.000293684252913248,0.000291892000826987,0.000290091584062761,0.000288283330276097,0.000286467562476094,0.000284644599131262,0.00028281475427267,0.000280978337594304,0.000279135654550756,0.000277287006452447,0.000275432690558477,0.000273573000167051,0.000271708224703855,0.000269838649808224,0.000267964557417311,0.000266086225848349,0.000264203929879102,0.000262317940826427,0.000260428526623404,0.000258535951894627,0.000256640478030163,0.000254742363257895,0.000252841862714744,0.000250939228516367,0.000249034709825766,0.00024712855292071,0.000245221001260097,0.000243312295549274,0.000241402673804456,0.000239492371416236,0.00023758162121236,0.000235670653519645,0.000233759696225363,0.000231848974837923,0.000229938712547034,0.000228029130283479,0.000226120446778439,0.000224212878622491,0.000222306640324347,0.00022040194436944,0.000218499001278546,0.000216598019665988,0.000214699206298442,0.00021280276615344,0.000210908902478367,0.000209017816849573,0.000207129709232237,0.000205244778040203,0.000203363220197058,0.000201485231197391,0.000199611005169273,0.000197740734937383,0.000195874612087528,0.000194012827032043,0.000192155569076828,0.000190303026489696,0.000188455386570474,0.00018661283572287,0.000184775559528476,0.00018294374282275,0.000181117569773663,0.000179297223962809,0.000177482888469467,0.000175674745957659,0.000173872978766883,0.000172077769006203,0.000170289298652675,0.000168507749653906,0.00016673330403552,0.000164966144013717,0.000163206452113357,0.000161454411292321,0.000159710205072238,0.000157974017676573,0.000156246034176379,0.000154526440644574,0.00015281542431945,0.000151113173778121,0.000149419879120995,0.000147735732167951,0.000146060926667672,0.000144395658520948,0.000142740126019377,0.000141094530101067,0.000139459074624526,0.000137833966662873,0.000136219416819982,0.000134615639570918,0.000133022853628769,0.000131441282340835,0.000129871154116719,0.000128312702891853,0.000126766168629902,0.000125231797868133,0.000123709844310466,0.000122200569472842,0.000120704243387105,0.000119221145369449,0.00011775156486083,0.000116295802347357,0.000114854170370018,0.000113426994633952,0.000112014615229436,0.000110617387977591,0.000109235685916589,0.000107869900945568,0.000106520445646407,0.000105187755306313,0.000103872290167745,0.000102574537935929,0.000101295016579371,0.000100034277463941,9.87929088680317e-05,9.75715399337719e-05,9.63708451188364e-05,9.51915492242444e-05,9.4034433086822e-05,9.29003400409468e-05,9.17901832731401e-05,9.07049542165872e-05,8.96457321602541e-05,8.86136952821156e-05,8.76101333576982e-05,8.66364624469022e-05,8.56942419260724e-05,8.47851943117604e-05,8.39112284218427e-05,8.30744665442098e-05,8.22772764409885e-05,8.15223092160889e-05,8.08125443299889e-05,8.01513433750237e-05,7.95425146519256e-05,7.89903911458087e-05,7.84999252353207e-05,7.80768044431386e-05,7.77275938430855e-05,7.74599125051055e-05,7.7282653772157e-05,7.72062624934067e-05,7.72430869897145e-05,7.74078301033587e-05,7.77181331069577e-05,7.81953399424287e-05,7.88655094803559e-05,7.97607738482003e-05,8.09211873034775e-05,8.23972825763288e-05,8.42536671938779e-05,8.65741812836877e-05,8.94694558700669e-05,9.30882606194624e-05,9.76350156939542e-05,0.000103397679158313,0.000110793799930796,0.000120449867041993,0.000133345082537825,0.000151088146016716,0.000176491375548222,0.00021487926839815,0.000277462468734242,0.000391644303728466,0.000641500894253415,0.00141124517663496,0.00737975447412449,0.0259093938195313,0.00139938548584503,0.000383774540327307,0.000156927487061585,7.68873962398341e-05,4.1656907832777e-05,2.40044910627486e-05,1.43888585231375e-05,8.84530688607171e-06,5.52093876102211e-06,3.47227685713863e-06,2.18667095051519e-06,1.37115885154305e-06,8.51538725396484e-07,5.20917979121118e-07,3.12064618154264e-07,1.81882515221295e-07,1.02365184989916e-07,5.51554218440365e-08,2.81835207953218e-08,1.35406931951957e-08,6.1062711441887e-09,2.64579643343879e-09,1.20940098626686e-09,7.25222277766565e-10,7.21563466768509e-10,1.13527252972164e-09,2.17860356101713e-09,4.24619649996365e-09,7.84985173662017e-09,1.35727278797306e-08,2.20372124982768e-08,3.38824768399677e-08,4.97489225171574e-08,7.02675503521291e-08,9.60528518462688e-08,1.27698222801344e-07,1.65773180147039e-07,2.1082186309113e-07,2.63362442850384e-07,3.23887168211988e-07,3.92862848719397e-07,4.70731631433481e-07,5.57911966739212e-07,6.54799687621667e-07,7.61769148054895e-07,8.7917438175626e-07,1.00735025404381e-06,1.14661358798738e-06,1.29726425222069e-06,1.45958620234308e-06,1.63384847115144e-06,1.82030610530443e-06,2.0192010477673e-06,2.230762966588e-06,2.45521003138116e-06,2.69274963945607e-06,2.94357909388571e-06,3.20788623602064e-06,3.4858500350182e-06,3.77764113705315e-06,4.0834223767104e-06,4.40334925312875e-06,4.737570373266e-06,5.08622786457728e-06,5.44945775923727e-06,5.82739035203852e-06,6.22015053372078e-06,6.62785810165323e-06,7.05062804941376e-06,7.48857083691218e-06,7.94179264235597e-06,8.41039559750044e-06,8.89447800734234e-06,9.39413455540837e-06,9.90945649566215e-06,1.04405318320691e-05,1.09874454865805e-05,1.15502794565085e-05,1.21291129619562e-05,1.27240225840352e-05,1.33350823945302e-05,1.39623640776078e-05,1.46059370440832e-05,1.52658685388436e-05,1.59422237418005e-05,1.66350658629104e-05,1.73444562315749e-05,1.80704543808563e-05,1.88131181268499e-05,1.95725036435051e-05,2.03486655332238e-05,2.11416568934907e-05,2.19515293798399e-05,2.27783332652919e-05,2.36221174965948e-05,2.44829297474576e-05,2.53608164688545e-05,2.62558229367373e-05,2.71679932972063e-05,2.80973706093539e-05,2.90439968858643e-05,3.00079131316089e-05,3.09891593802151e-05,3.19877747288507e-05,3.30037973712742e-05,3.40372646292901e-05,3.50882129825805e-05,3.61566780972302e-05,3.72426948527849e-05,3.83462973680971e-05,3.94675190258974e-05,4.06063924963293e-05,4.17629497592457e-05,4.29372221256859e-05,4.41292402582078e-05,4.53390341904199e-05,4.65666333456087e-05,4.78120665546051e-05,4.90753620727398e-05,5.0356547596271e-05,5.16556502779227e-05,5.29726967418906e-05,5.43077130982101e-05,5.56607249564667e-05,5.70317574389858e-05,5.84208351935178e-05,5.98279824053613e-05,6.12532228090575e-05,6.26965796995583e-05,6.41580759430335e-05,6.56377339872135e-05,6.7135575871385e-05,6.86516232358968e-05,7.0185897331447e-05,7.17384190280149e-05,7.33092088232914e-05,7.48982868510469e-05,7.65056728890457e-05,7.81313863667087e-05
0.000323765966454256,0.000322109674399268,0.000320439917994468,0.000318757104105871,0.000317061633083595,0.000315353898923303,0.000313634289422291,0.000311903186330688,0.000310160965497938,0.000308407997014549,0.000306644645349636,0.000304871269484184,0.000303088223040308,0.000301295854406699,0.000299494506860469,0.000297684518685168,0.000295866223285833,0.000294039949300507,0.000292206020708692,0.000290364756936959,0.000288516472961539,0.000286661479408252,0.000284800082649868,0.000282932584900846,0.000281059284309722,0.00027918047504921,0.000277296447404062,0.000275407487856798,0.000273513879171464,0.000271615900475422,0.000269713827339303,0.000267807931855149,0.000265898482712984,0.000263985745275559,0.000262069981651891,0.000260151450769013,0.000258230408442553,0.000256307107445838,0.000254381797578002,0.000252454725730631,0.000250526135953444,0.000248596269518974,0.000246665364986193,0.000244733658263227,0.000242801382669237,0.000240868768995582,0.000238936045566197,0.000237003438297288,0.000235071170756584,0.000233139464221872,0.000231208537739211,0.000229278608180774,0.000227349890302257,0.000225422596800136,0.000223496938368707,0.000221573123756977,0.000219651359825655,0.000217731851603985,0.000215814802346931,0.000213900413592363,0.000211988885218664,0.000210080415502617,0.000208175201177948,0.0002062734374941,0.000204375318276098,0.000202481035984816,0.000200590781778384,0.000198704745574422,0.000196823116113576,0.000194946081024154,0.0001930738268883,0.000191206539309588,0.000189344402982509,0.000187487601763586,0.000185636318744838,0.000183790736329232,0.000181951036308811,0.000180117399945381,0.000178290008054203,0.000176469041090704,0.000174654679240966,0.000172847102515572,0.000171046490847883,0.000169253024196543,0.000167466882652849,0.000165688246553374,0.000163917296598139,0.000162154213975119,0.000160399180491238,0.00015865237871067,0.000156913992101113,0.000155184205188349,0.000153463203720435,0.000151751174841655,0.000150048307277755,0.000148354791532949,0.000146670820100065,0.000144996587684889,0.000143332291445969,0.000141678131251522,0.000140034309954659,0.000138401033689022,0.000136778512186539,0.000135166959119529,0.000133566592469458,0.000131977634925059,0.000130400314312636,0.00012883486406186,0.00012728152371069,0.000125740539453446,0.000124212164736615,0.000122696660907357,0.000121194297920534,0.000119705355110675,0.000118230122035952,0.000116768899402442,0.000115322000077911,0.000113889750205318,0.000112472490428183,0.00011107057724098,0.000109684384480069,0.000108314304972405,0.00010696075236241,0.000105624163139379,0.000104304998892412,0.000103003748822598,0.000101720932547981,0.000100457103241582,9.92128511498261e-05,9.79888075459738e-05,9.67856491828444e-05,9.56041033196312e-05,9.44449534109748e-05,9.33090455620277e-05,9.21972958722012e-05,9.11106988132766e-05,9.00503368150205e-05,8.9017391265612e-05,8.80131551754639e-05,8.70390478038164e-05,8.60966316106265e-05,8.51876319742261e-05,8.4313960212747e-05,8.34777405694458e-05,8.26813419766214e-05,8.19274156083724e-05,8.12189394827365e-05,8.05592716953079e-05,7.99522142829975e-05,7.94020902592406e-05,7.89138370765977e-05,7.84931207181443e-05,7.8146475884572e-05,7.78814794508309e-05,7.77069666932422e-05,7.76333029929378e-05,7.76727281872506e-05,7.78397970378042e-05,7.81519482822645e-05,7.86302477756698e-05,7.93003704139489e-05,8.01939142356875e-05,8.13501838233152e-05,8.2818648059719e-05,8.46623851644419e-05,8.69630033578458e-05,8.98278184800897e-05,9.34005739393365e-05,9.78778849544455e-05,0.000103535245324617,0.000110769629582035,0.00012017220031153,0.000132658550356693,0.000149715968550289,0.00017390748983696,0.000209995378206073,0.000267752807937041,0.000370198769452737,0.000583908804473401,0.00118101147108,0.00454087584142792,0.176489045519999,0.00218732872046383,0.000513342707230754,0.000198940577715209,9.52298002426005e-05,5.11084532976012e-05,2.94100847994284e-05,1.77063859294984e-05,1.09854519974437e-05,6.952435497969e-06,4.45554509652066e-06,2.87529229980679e-06,1.86014452821685e-06,1.20201074997111e-06,7.73496410750289e-07,4.94493875832134e-07,3.13559620155045e-07,1.97125489237088e-07,1.23039729277907e-07,7.65894805101119e-08,4.79909008505663e-08,3.07714927199348e-08,2.07080865295401e-08,1.511835210626e-08,1.23815382589975e-08,1.1610369808838e-08,1.24241279587487e-08,1.47903733301597e-08,1.89137930206444e-08,2.51577414539343e-08,3.39886749077199e-08,4.59367472790005e-08,6.15678937618007e-08,8.14641278516936e-08,1.0620973771489e-07,1.36381734347584e-07,1.72543370540993e-07,2.15239879105257e-07,2.64995813233142e-07,3.22313539894003e-07,3.87672558284273e-07,4.61529403274786e-07,5.44317957856553e-07,6.36450045530281e-07,7.38316208098287e-07,8.50286599772879e-07,9.72711947347011e-07,1.10592454011758e-06,1.25023922361683e-06,1.40595437888095e-06,1.57335287464858e-06,1.75270298415938e-06,1.94425926123692e-06,2.14826337270161e-06,2.36494488574982e-06,2.59452201016269e-06,2.8372022960502e-06,3.09318328836984e-06,3.36265313993638e-06,3.64579118478486e-06,3.94276847397853e-06,4.25374827594002e-06,4.57888654344732e-06,4.91833234935297e-06,5.27222829309192e-06,5.64071087983254e-06,6.02391087425378e-06,6.42195363054814e-06,6.83495940043197e-06,7.26304362060083e-06,7.70631718120351e-06,8.16488667652348e-06,8.63885463929063e-06,9.12831975969425e-06,9.63337709019553e-06,1.01541182371867e-05,1.06906315404146e-05,1.12430022409812e-05,1.18113126388142e-05,1.23956422403103e-05,1.2996067896792e-05,1.36126639344826e-05,1.42455022765929e-05,1.489465255795e-05,1.55601822328438e-05,1.62421566764121e-05,1.69406392800881e-05,1.76556915414575e-05,1.83873731489367e-05,1.91357420615606e-05,1.9900854584296e-05,2.06827654390471e-05,2.14815278317559e-05,2.22971935157443e-05,2.31298128516486e-05,2.39794348639846e-05,2.48461072948484e-05,2.57298766545586e-05,2.66307882697759e-05,2.75488863290175e-05,2.8484213925879e-05,2.94368130999398e-05,3.04067248757031e-05,3.13939892994854e-05,3.23986454745096e-05,3.34207315942353e-05,3.44602849740975e-05,3.55173420816253e-05,3.65919385652163e-05,3.76841092814471e-05,3.87938883211696e-05,3.99213090342982e-05,4.10664040535802e-05,4.22292053171097e-05,4.34097440899968e-05,4.46080509848948e-05,4.58241559817414e-05,4.70580884465592e-05,4.83098771494634e-05,4.95795502818406e-05,5.08671354728986e-05,5.21726598053509e-05,5.34961498306165e-05,5.48376315832575e-05,5.61971305948881e-05,5.75746719074664e-05,5.89702800861086e-05,6.03839792313178e-05,6.18157929907961e-05,6.32657445707583e-05,6.47338567467766e-05,6.62201518742978e-05,6.77246518986569e-05,6.9247378364744e-05,7.07883524263659e-05,7.23475948551763e-05,7.39251260493473e-05,7.55209660418696e-05,7.71351345086174e-05,7.87676507760563e-05
0.000326521346290327,0.000324822532536316,0.000323110906791771,0.00032138686414326,0.000319650793473399,0.00031790307761136,0.000316144093478771,0.000314374212230903,0.000312593799393762,0.00031080321499673,0.000309002813701461,0.000307192944926713,0.000305373952969825,0.000303546177124236,0.000301709951794226,0.000299865606605738,0.000298013466514746,0.000296153851912188,0.000294287078726293,0.000292413458522093,0.000290533298598326,0.000288646902081768,0.000286754568019333,0.000284856591467667,0.00028295326358061,0.000281044871694545,0.000279131699411733,0.000277214026681662,0.000275292129880541,0.000273366281889031,0.000271436752168347,0.000269503806834531,0.000267567708731486,0.000265628717502139,0.000263687089658677,0.000261743078650961,0.000259796934934091,0.000257848906034395,0.000255899236614643,0.000253948168537918,0.00025199594093061,0.000250042790244404,0.000248088950317452,0.000246134652434661,0.000244180125387265,0.000242225595531673,0.000240271286847711,0.000238317420996231,0.000236364217376328,0.00023441189318198,0.000232460663458316,0.000230510741157724,0.000228562337195497,0.00022661566050545,0.000224670918095302,0.000222728315102075,0.000220788054847613,0.000218850338893938,0.000216915367099121,0.000214983337673126,0.00021305444723421,0.000211128890865558,0.000209206862172729,0.00020728855334132,0.000205374155195773,0.000203463857258688,0.000201557847811265,0.000199656313954661,0.000197759441672692,0.000195867415895695,0.000193980420565897,0.00019209863870444,0.000190222252480077,0.000188351443279827,0.00018648639178183,0.000184627278030318,0.000182774281513331,0.000180927581242972,0.000179087355838775,0.000177253783614172,0.000175427042666702,0.000173607310971677,0.000171794766480417,0.000169989587222575,0.000168191951413608,0.000166402037567407,0.000164620024614597,0.000162846092027254,0.000161080419950093,0.000159323189339201,0.000157574582108544,0.000155834781285205,0.000154103971173929,0.000152382337531822,0.000150670067754304,0.000148967351072858,0.000147274378766131,0.000145591344385267,0.000143918443994821,0.000142255876430842,0.000140603843577477,0.000138962550664,0.000137332206584203,0.000135713024240126,0.000134105220912706,0.000132509018661855,0.000130924644758915,0.000129352332154733,0.000127792319987035,0.000126244854131121,0.000124710187798517,0.000123188582188388,0.000121680307197841,0.00012018564219714,0.000118704876877368,0.000117238312178354,0.000115786261306417,0.000114349050852035,0.000112927022019518,0.000111520531981836,0.000110129955376173,0.000108755685957392,0.00010739813842957,0.000106057750478264,0.000104734985030042,0.000103430332769185,0.000102144314946782,0.000100877486522426,9.96304396854872e-05,9.84038078105033e-05,9.71982699103102e-05,9.60145556614726e-05,9.48534510894987e-05,9.37158050166706e-05,9.26025363944409e-05,9.15146426645365e-05,9.04532093204653e-05,8.94194208745897e-05,8.8414573476607e-05,8.74400894794538e-05,8.6497534310612e-05,8.55886360834352e-05,8.47153084790526e-05,8.38796775489188e-05,8.30841132397456e-05,8.23312666339081e-05,8.16241141429041e-05,8.09660102055871e-05,8.0360750448727e-05,7.981264779597e-05,7.93266247053893e-05,7.89083256336181e-05,7.85642550498749e-05,7.83019479735565e-05,7.81301822538978e-05,7.80592448954973e-05,7.81012690222039e-05,7.82706641042958e-05,7.85846706698393e-05,7.90640831407953e-05,7.97342026502928e-05,8.06261088532283e-05,8.17783809493617e-05,8.3239461890176e-05,8.50709604917741e-05,8.7352349174803e-05,9.01877856976942e-05,9.37162498387719e-05,9.81270027621195e-05,0.000103683872952217,0.000110764730487848,0.000119928240485169,0.000132032136109795,0.000148454789789386,0.000171539481640916,0.000205563986209469,0.000259100439189888,0.000351664148168621,0.000536798465302012,0.00101357492419237,0.00314999904377402,0.167475948154553,0.00368801526320748,0.000699087698917716,0.000253595718498679,0.000117994247704081,6.25358762227196e-05,3.58477292555172e-05,2.16247078228958e-05,1.35044010056775e-05,8.63787850316856e-06,5.61755619046528e-06,3.69482281094704e-06,2.44823293243612e-06,1.62964224223251e-06,1.08761808689889e-06,7.27054273072151e-07,4.86835035816922e-07,3.26975663082562e-07,2.20961910196394e-07,1.51050662837981e-07,1.05313127900202e-07,7.57329470580981e-08,5.6959102716398e-08,4.54743221850761e-08,3.90323515994996e-08,3.627227846407e-08,3.64512697097264e-08,3.925762006565e-08,4.46789493981139e-08,5.29086933816898e-08,6.42794471409558e-08,7.92153041080866e-08,9.81977343882986e-08,1.2174117735882e-07,1.50375642446486e-07,1.84634388347576e-07,2.25045294610803e-07,2.72124923558878e-07,3.26374544062242e-07,3.88277584939162e-07,4.58298127498674e-07,5.36880149818594e-07,6.24447310642643e-07,7.21403116092065e-07,8.28131353260559e-07,9.44996704912738e-07,1.07234548207297e-06,1.21050642793952e-06,1.35979155915019e-06,1.52049701970475e-06,1.69290392985543e-06,1.8772792175688e-06,2.0738764239514e-06,2.28293647705353e-06,2.50468843055737e-06,2.73935016545848e-06,2.98712905405295e-06,3.24822258630106e-06,3.52281895934028e-06,3.81109763122667e-06,4.11322984035225e-06,4.4293790920998e-06,4.75970161440585e-06,5.10434678396624e-06,5.46345752480071e-06,5.83717068080859e-06,6.22561736408126e-06,6.62892328037351e-06,7.04720903338434e-06,7.4805904091687e-06,7.92917864210616e-06,8.39308066357958e-06,8.8723993346895e-06,9.36723366397389e-06,9.87767901125045e-06,1.04038272785294e-05,1.0945767088891e-05,1.15035839541056e-05,1.20773604318854e-05,1.26671762733829e-05,1.32731085616549e-05,1.38952318416849e-05,1.45336182425962e-05,1.51883375924603e-05,1.58594575263726e-05,1.65470435880857e-05,1.72511593257529e-05,1.79718663820857e-05,1.87092245793437e-05,1.94632919994829e-05,2.023412505978e-05,2.10217785842e-05,2.18263058708289e-05,2.26477587555775e-05,2.34861876724374e-05,2.43416417104124e-05,2.52141686675225e-05,2.61038151018056e-05,2.70106263797264e-05,2.79346467220236e-05,2.88759192472312e-05,2.98344860128869e-05,3.08103880547429e-05,3.18036654239622e-05,3.2814357222454e-05,3.3842501636489e-05,3.48881359686776e-05,3.59512966683361e-05,3.70320193605017e-05,3.81303388734767e-05,3.92462892651139e-05,4.03799038478575e-05,4.1531215212686e-05,4.27002552518362e-05,4.38870551806526e-05,4.50916455583133e-05,4.63140563077176e-05,4.7554316734483e-05,4.88124555450819e-05,5.0088500864221e-05,5.13824802514748e-05,5.26944207171904e-05,5.40243487377555e-05,5.5372290270201e-05,5.67382707662444e-05,5.81223151856664e-05,5.95244480092823e-05,6.09446932512599e-05,6.23830744710535e-05,6.3839614784773e-05,6.53143368762159e-05,6.68072630073957e-05,6.83184150286705e-05,6.98478143885232e-05,7.13954821429806e-05,7.29614389646435e-05,7.45457051513927e-05,7.61483006348141e-05,7.77692449883042e-05,7.94085574348614e-05
0.000329230230261801,0.000327489824410527,0.000325737238099848,0.000323972855239929,0.00032219705382681,0.000320410206083045,0.000318612678594272,0.000316804832441321,0.000314987023328691,0.000313159601708932,0.000311322912903536,0.00030947729722029,0.000307623090067248,0.00030576062206346,0.000303890219146788,0.0003020122026784,0.000300126889544834,0.00029823459225704,0.000296335619046904,0.000294430273961297,0.000292518856953651,0.000290601663973215,0.00028867898705223,0.000286751114390787,0.000284818330439793,0.000282880915981917,0.000280939148210719,0.000278993300807909,0.000277043644018999,0.000275090444727266,0.00027313396652615,0.000271174469790138,0.000269212211744313,0.000267247446532393,0.00026528042528375,0.000263311396178867,0.000261340604513912,0.000259368292764021,0.000257394700645745,0.000255420065178316,0.000253444620744139,0.000251468599148334,0.000249492229677617,0.000247515739158274,0.000245539352013557,0.000243563290320482,0.000241587773866,0.000239613020202716,0.000237639244704135,0.000235666660619574,0.000233695479128646,0.000231725909395693,0.000229758158623826,0.000227792432108973,0.000225828933293764,0.000223867863821504,0.000221909423590313,0.000219953810807112,0.000218001222042311,0.000216051852284332,0.000214105894994898,0.000212163542164564,0.000210224984369046,0.000208290410825924,0.000206360009452445,0.000204433966923918,0.000202512468733321,0.000200595699251807,0.000198683841790617,0.000196777078664242,0.000194875591255091,0.000192979560079894,0.000191089164857804,0.000189204584580524,0.000187325997584645,0.000185453581626202,0.000183587513957947,0.000181727971409325,0.000179875130469512,0.000178029167373607,0.000176190258192681,0.000174358578927343,0.000172534305605779,0.000170717614386159,0.000168908681664068,0.000167107684185251,0.00016531479916406,0.000163530204408344,0.000161754078450994,0.000159986600688928,0.000158227951530081,0.000156478312549104,0.000154737866652476,0.000153006798253866,0.000151285293460768,0.000149573540273145,0.000147871728795363,0.000146180051462581,0.000144498703282735,0.000142827882095869,0.000141167788852007,0.00013951862790971,0.000137880607356918,0.000136253939356456,0.000134638840518446,0.000133035532302409,0.000131444241451755,0.000129865200464179,0.000128298648101437,0.000126744829942629,0.000125203998985583,0.000123676416301258,0.000122162351747107,0.000120662084745648,0.000119175905135529,0.000117704114103215,0.000116247025204542,0.000114804965486394,0.000113378276720621,0.000111967316763163,0.000110572461054069,0.000109194104275526,0.000107832662187935,0.000106488573666787,0.000105162302966603,0.000103854342241898,0.00010256521436012,0.000101295476046722,0.000100045721409002,9.88165858930084e-05,9.76087507367276e-05,9.64229479937551e-05,9.52599662140608e-05,9.41206568842332e-05,9.30059417478957e-05,9.19168211493043e-05,9.08543835701771e-05,8.98198165628374e-05,8.88144193228655e-05,8.78396171938099e-05,8.68969784575764e-05,8.59882338393345e-05,8.51152992500041e-05,8.42803024067359e-05,8.34856141203062e-05,8.2733885225493e-05,8.20280903699895e-05,8.13715801834475e-05,8.07681437444396e-05,8.02220837773556e-05,7.97383076861688e-05,7.93224384224267e-05,7.89809503720415e-05,7.87213370411721e-05,7.85523194876124e-05,7.84841074151332e-05,7.85287289681403e-05,7.87004510449617e-05,7.90163201633099e-05,7.94968657465316e-05,8.01670250024585e-05,8.10573742732219e-05,8.22057905941377e-05,8.36597270709774e-05,8.54793798692244e-05,8.77421762082871e-05,9.05492630461888e-05,9.40351012234571e-05,9.83820150072926e-05,0.00010384290082047,0.000110777860768854,0.000119715606348885,0.000131461112881283,0.000147294744306657,0.00016936528344027,0.000201530776098444,0.000251352332918142,0.000335513793680164,0.00049767024418832,0.000887391149490626,0.00235840826481774,0.030636474407314,0.00700977693031314,0.000974737778231426,0.000325684991614323,0.000146426038285331,7.63878345836119e-05,4.35159348431361e-05,2.62449850106356e-05,1.64593074500347e-05,1.06121995708827e-05,6.98102334283566e-06,4.6607875107665e-06,3.14648144431331e-06,2.14258445325406e-06,1.46946998246775e-06,1.01456096104493e-06,7.05538418112439e-07,4.95019768895271e-07,3.51480120102516e-07,2.53706572597092e-07,1.87320301345123e-07,1.42544886598743e-07,1.12745369832058e-07,9.34549320984423e-08,8.17163848694421e-08,7.56306045205241e-08,7.40432137322008e-08,7.63249615501477e-08,8.22164369807629e-08,9.17174699136899e-08,1.05007896890511e-07,1.2239054581471e-07,1.44250090276481e-07,1.71023320439685e-07,2.03177678247619e-07,2.41195806626836e-07,2.8556449389492e-07,3.36766840842798e-07,3.95276795921353e-07,4.61555432318681e-07,5.36048505809551e-07,6.19184952510327e-07,7.11376073635782e-07,8.13015219204442e-07,9.24477830558297e-07,1.04612173720532e-06,1.17828763005611e-06,1.32129965302127e-06,1.47546606987552e-06,1.6410799744984e-06,1.81842002106798e-06,2.00775115719284e-06,2.20932534768896e-06,2.42338228045334e-06,2.65015004849276e-06,2.88984580428853e-06,3.14267638418758e-06,3.40883890159324e-06,3.68852130863955e-06,3.98190292656586e-06,4.28915494549619e-06,4.61044089457318e-06,4.94591708362699e-06,5.29573301770202e-06,5.6600317857835e-06,6.03895042510444e-06,6.43262026250731e-06,6.8411672341016e-06,7.26471218468621e-06,7.70337114806449e-06,8.15725560965622e-06,8.62647275235156e-06,9.11112568687921e-06,9.61131366766272e-06,1.01271322950824e-05,1.06586737051283e-05,1.12060267472814e-05,1.17692771513657e-05,1.23485076841586e-05,1.29437982964681e-05,1.3555226261261e-05,1.41828663034764e-05,1.48267907221118e-05,1.54870695049981e-05,1.61637704368975e-05,1.68569592011849e-05,1.75666994757439e-05,1.82930530232506e-05,1.90360797763611e-05,1.97958379180576e-05,2.05723839574904e-05,2.13657728015985e-05,2.21760578227727e-05,2.30032909228391e-05,2.38475225935429e-05,2.4708801973773e-05,2.55871769038021e-05,2.64826939765791e-05,2.73953985863967e-05,2.83253349749604e-05,2.92725462752141e-05,3.02370745527581e-05,3.1218960845348e-05,3.22182452002772e-05,3.32349667099986e-05,3.42691635459237e-05,3.53208729906681e-05,3.63901314685834e-05,3.747697457502e-05,3.85814371040395e-05,3.97035530749485e-05,4.08433557574624e-05,4.20008776958848e-05,4.31761507319743e-05,4.4369206026981e-05,4.55800740825415e-05,4.68087847607114e-05,4.80553673031151e-05,4.93198503492502e-05,5.06022619539747e-05,5.19026296043162e-05,5.32209802354757e-05,5.45573402462391e-05,5.59117355136928e-05,5.72841914073991e-05,5.86747328028583e-05,6.00833840946137e-05,6.15101692086686e-05,6.29551116144961e-05,6.44182343365572e-05,6.58995599653437e-05,6.73991106680864e-05,6.89169081989001e-05,7.0452973908681e-05,7.20073287545771e-05,7.3579993309133e-05,7.51709877690281e-05,7.67803319635944e-05,7.84080453629784e-05,8.00541470859974e-05
0.000331893949324412,0.000330112844730639,0.00032832017154042,0.000326516303045829,0.000324701606894604,0.000322876445221844,0.000321041174777923,0.000319196147052453,0.000317341708394847,0.000315478200131096,0.000313605958677401,0.000311725315650591,0.000309836597975349,0.000307940127988539,0.000306036223540813,0.000304125198095204,0.000302207360823423,0.000300283016699477,0.000298352466590865,0.000296416007347572,0.000294473931888749,0.000292526529287258,0.00029057408485232,0.000288616880210024,0.000286655193382106,0.000284689298862811,0.000282719467694139,0.000280745967539405,0.000278769062755179,0.000276789014461807,0.000274806080612484,0.00027282051606083,0.000270832572627351,0.000268842499164458,0.000266850541620561,0.000264856943102726,0.000262861943938607,0.000260865781736986,0.000258868691447803,0.000256870905421002,0.000254872653464599,0.000252874162902032,0.000250875658628834,0.000248877363168488,0.000246879496727832,0.000244882277251852,0.000242885920478029,0.000240890639990132,0.000238896647271838,0.000236904151759843,0.000234913360896805,0.000232924480184135,0.000230937713234582,0.00022895326182477,0.000226971325947752,0.000224992103865592,0.00022301579216224,0.000221042585796265,0.000219072678154315,0.000217106261104622,0.000215143525051075,0.000213184658987774,0.00021122985055437,0.000209279286091763,0.000207333150699099,0.000205391628291215,0.000203454901657514,0.000201523152521659,0.000199596561602779,0.000197675308677981,0.000195759572646361,0.00019384953159483,0.000191945362865691,0.00019004724312626,0.000188155348440748,0.000186269854344449,0.000184390935920622,0.00018251876788019,0.000180653524644474,0.00017879538043126,0.000176944509344601,0.000175101085468299,0.000173265282963936,0.000171437276173234,0.000169617239725537,0.000167805348650694,0.000166001778497671,0.000164206705459679,0.000162420306505983,0.000160642759521312,0.000158874243453228,0.000157114938468341,0.000155365026118033,0.000153624689514426,0.000151894113517802,0.000150173484936044,0.000148462992737507,0.00014676282827839,0.000145073185545838,0.000143394261418503,0.000141726255945713,0.000140069372647442,0.000138423818836733,0.000136789805966886,0.000135167550005658,0.000133557271839273,0.000131959197709072,0.000130373559684067,0.000128800596173167,0.000127240552480939,0.000125693681411797,0.000124160243927185,0.00012264050986209,0.00012113475870677,0.000119643280461281,0.000118166376570738,0.000116704360950623,0.000115257561112391,0.000113826319401462,0.000112410994360552,0.000111011962234013,0.000109629618630234,0.000108264380362145,0.000106916687488439,0.000105587005581722,0.000104275828253531,0.000102983679970833,0.000101711119204168,0.000100458741953749,9.92271857075353e-05,9.8017133894137e-05,9.68293209041986e-05,9.5664537766398e-05,9.45236385795788e-05,9.34075478206565e-05,9.23172686702367e-05,9.12538925242105e-05,9.02186098924547e-05,8.9212722925139e-05,8.82376598558665e-05,8.72949917108373e-05,8.63864517072121e-05,8.55139578564856e-05,8.46796394035902e-05,8.38858678781265e-05,8.31352937173538e-05,8.24308896544514e-05,8.17760023646645e-05,8.11744142481607e-05,8.063041772895e-05,8.01489051055934e-05,7.97354778536105e-05,7.93965804297697e-05,7.91396651716897e-05,7.89733969771773e-05,7.8907909309124e-05,7.89551270312264e-05,7.91291771214871e-05,7.94469161650081e-05,7.99286148107427e-05,8.05988558217362e-05,8.14877266964416e-05,8.26324245093271e-05,8.40794468864009e-05,8.58876311498255e-05,8.81324447968974e-05,9.09121621986781e-05,9.43569535070848e-05,9.86425925778754e-05,0.000104011717835011,0.000110807880945075,0.000119532132696049,0.000130941230955239,0.000146227089174714,0.000167365699800385,0.000197849666293558,0.000244383127204426,0.000321338308832535,0.000464742653638289,0.000789530689572182,0.00186108880671961,0.0124747946277684,0.0164899681018855,0.00140238187540581,0.000422363144649611,0.000182207920520126,9.32360926209627e-05,5.2658093388299e-05,3.16878911898815e-05,1.99169619440211e-05,1.29155723048921e-05,8.571734540173e-06,5.79062780076777e-06,3.96720268346631e-06,2.74984558463132e-06,1.92584494205419e-06,1.3622704494843e-06,9.73829350488436e-07,7.0461410806413e-07,5.1734920158121e-07,3.86852780923376e-07,2.95951115728222e-07,2.32864326588002e-07,1.89498427749591e-07,1.6030892675896e-07,1.41532469198164e-07,1.30659931754133e-07,1.26070573080062e-07,1.26775236179958e-07,1.32234388059487e-07,1.42228141437904e-07,1.56762777755659e-07,1.76003152163291e-07,2.00223611309062e-07,2.29772255918009e-07,2.65044888682724e-07,3.06466033296267e-07,3.54475142139461e-07,4.09516627097592e-07,4.72032716428089e-07,5.42458405333849e-07,6.21217959430215e-07,7.08722569961744e-07,8.05368861950554e-07,9.11538031995815e-07,1.02759544840879e-06,1.15389058806834e-06,1.29075721560318e-06,1.43851373389654e-06,1.59746365262166e-06,1.76789613478716e-06,1.95008659145436e-06,2.1442973023771e-06,2.3507780461855e-06,2.56976672815613e-06,2.80148999693917e-06,3.04616384421583e-06,3.30399418314118e-06,3.57517740291844e-06,3.85990089793933e-06,4.15834357070908e-06,4.47067630846218e-06,4.79706243370444e-06,5.13765812932472e-06,5.4926128390736e-06,5.86206964443085e-06,6.24616561883612e-06,6.64503216053077e-06,7.05879530501015e-06,7.48757601830652e-06,7.93149047218254e-06,8.39065030233856e-06,8.86516285061644e-06,9.35513139227545e-06,9.86065534923461e-06,1.03818304901752e-05,1.09187491183906e-05,1.1471500248172e-05,1.20401697704071e-05,1.26248406082237e-05,1.32255928632165e-05,1.38425039529559e-05,1.44756487402716e-05,1.51250996549797e-05,1.57909268083441e-05,1.64731981009929e-05,1.71719793244726e-05,1.78873342570765e-05,1.86193247541062e-05,1.93680108331088e-05,2.01334507542809e-05,2.09157010964184e-05,2.17148168286378e-05,2.25308513782014e-05,2.33638566946469e-05,2.42138833104651e-05,2.50809803984667e-05,2.59651958262607e-05,2.68665762076923e-05,2.77851669517271e-05,2.87210123087506e-05,2.96741554145389e-05,3.06446383319241e-05,3.16325020904576e-05,3.26377867240121e-05,3.36605313065896e-05,3.47007739863052e-05,3.57585520178249e-05,3.68339017930956e-05,3.79268588707618e-05,3.90374580040746e-05,4.01657331675521e-05,4.13117175823909e-05,4.24754437407205e-05,4.3656943428676e-05,4.48562477485749e-05,4.60733871399371e-05,4.73083913997098e-05,4.85612897014908e-05,4.98321106140158e-05,5.11208821187524e-05,5.24276316268311e-05,5.37523859951778e-05,5.50951715420239e-05,5.64560140617645e-05,5.78349388391835e-05,5.92319706631049e-05,6.06471338395157e-05,6.20804522041063e-05,6.35319491343915e-05,6.50016475612865e-05,6.64895699802733e-05,6.79957384621485e-05,6.95201746632685e-05,7.1062899835523e-05,7.26239348358838e-05,7.42033001355831e-05,7.58010158289912e-05,7.74171016421258e-05,7.90515769409194e-05,8.07044607391023e-05
0.000334513771635539,0.000332692827618891,0.000330860908270659,0.000329018376782707,0.000327165590954039,0.000325302903314444,0.000323430661244528,0.000321549207092094,0.000319658878285525,0.00031776000744358,0.000315852922482475,0.000313937946719723,0.000312015398975373,0.000310085593670276,0.000308148840922159,0.000306205446638634,0.000304255712608279,0.000302299936589214,0.000300338412395379,0.000298371429980882,0.000296399275522162,0.000294422231498163,0.000292440576768827,0.000290454586651531,0.000288464532996017,0.000286470684257478,0.000284473305568245,0.000282472658807773,0.000280469002671319,0.000278462592737192,0.000276453681532655,0.000274442518598563,0.000272429350552884,0.000270414421152905,0.000268397971356648,0.000266380239382882,0.00026436146077057,0.000262341868436943,0.000260321692735226,0.00025830116151116,0.000256280500158953,0.000254259931676451,0.000252239676719822,0.000250219953657446,0.000248200978623399,0.000246182965570427,0.000244166126322542,0.000242150670627098,0.000240136806206784,0.000238124738811148,0.000236114672268001,0.00023410680853477,0.000232101347749659,0.000230098488282835,0.000228098426787645,0.000226101358252009,0.000224107476049964,0.000222116971993408,0.000220130036384325,0.000218146858067244,0.00021616762448236,0.000214192521719047,0.000212221734570301,0.000210255446587564,0.000208293840136869,0.000206337096455502,0.000204385395710121,0.000202438917055725,0.000200497838696246,0.000198562337946357,0.000196632591294989,0.00019470877447059,0.000192791062508161,0.0001908796298185,0.000188974650259661,0.000187076297210717,0.000185184743648441,0.000183300162226615,0.000181422725358649,0.000179552605303366,0.000177689974254769,0.000175835004435404,0.000173987868194339,0.000172148738109613,0.000170317787095769,0.000168495188516831,0.000166681116305187,0.000164875745086912,0.000163079250313925,0.000161291808403771,0.000159513596887442,0.000157744794566094,0.000155985581677374,0.000154236140072086,0.000152496653402302,0.000150767307321672,0.00014904828969921,0.000147339790847651,0.000145642003767713,0.000143955124409809,0.000142279351954561,0.000140614889114179,0.000138961942456436,0.0001373207227535,0.000135691445357927,0.000134074330608627,0.000132469604269494,0.00013087749800425,0.000129298249890962,0.000127732104980342,0.000126179315902585,0.000124640143527415,0.000123114857683547,0.000121603737943629,0.000120107074482092,0.000118625169013925,0.00011715833582362,0.000115706902894656,0.00011427121315138,0.000112851625826486,0.000111448517969505,0.000110062286113427,0.000108693348119447,0.000107342145222344,0.000106009144302686,0.00010469484041556,0.000103399759610481,0.000102124462082258,0.000100869545699086,9.96356499614124e-05,9.84234604542061e-05,9.72337138656875e-05,9.60672036580903e-05,9.49247864912228e-05,9.38073895174312e-05,9.27160186887117e-05,9.1651768242579e-05,9.06158315657988e-05,8.96095136739638e-05,8.86342455926445e-05,8.7691600985059e-05,8.6783315443915e-05,8.59113089559069e-05,8.50777121602309e-05,8.42848971651578e-05,8.35355138661329e-05,8.28325329374605e-05,8.21792969618113e-05,8.15795815382663e-05,8.10376686971873e-05,8.05584355883372e-05,8.01474622475482e-05,7.98111633620762e-05,7.95569504476707e-05,7.93934328690901e-05,7.93306688925903e-05,7.93804817653801e-05,7.95568611309757e-05,7.9876477602444e-05,8.0359349077151e-05,8.10297130132055e-05,8.19171819629413e-05,8.30582942847384e-05,8.44986248733682e-05,8.62957032593864e-05,8.85231179349093e-05,9.12764005148193e-05,9.46816436167672e-05,9.89084292330888e-05,0.000104189758421362,0.000110853743679822,0.000119375846537679,0.000130468659464606,0.000145244049874063,0.000165523958820367,0.000194481322392927,0.000238089221525707,0.000308815093277879,0.000436715655871283,0.000711828283978288,0.00152597059740118,0.00694012092042346,0.0616722446429202,0.00210588980844281,0.000554653205790353,0.000227651705402575,0.000113816714782584,6.35746534027133e-05,3.80980705308781e-05,2.3955695560909e-05,1.55943246318268e-05,1.0419031324159e-05,7.10397145863631e-06,4.92412602751117e-06,3.46139226848204e-06,2.46420813182282e-06,1.7759256857612e-06,1.29622887053867e-06,9.5938986215813e-07,7.21537327082404e-07,5.52953412924114e-07,4.3327957580896e-07,3.48458457359596e-07,2.88740673934725e-07,2.47360841737572e-07,2.19643316599193e-07,2.02389195479116e-07,1.93450602500836e-07,1.91431622496904e-07,1.95476076183651e-07,2.05115593289424e-07,2.20160029300055e-07,2.40617922269229e-07,2.66638457502129e-07,2.98468958496223e-07,3.36423668593727e-07,3.80860796640203e-07,4.32165645663761e-07,4.90738240893433e-07,5.5698429915365e-07,6.31308687595994e-07,7.14110741188095e-07,8.05780969964341e-07,9.06698805581363e-07,1.01723112430492e-06,1.13773134857007e-06,1.26853897781364e-06,1.40997943565418e-06,1.56236414791173e-06,1.7259907867004e-06,1.9011436314846e-06,2.08809401001264e-06,2.28710079108707e-06,2.49841090812967e-06,2.72225989781351e-06,2.95887244209056e-06,3.20846290510424e-06,3.47123585882235e-06,3.74738659306471e-06,4.0371016070122e-06,4.34055908028018e-06,4.65792932254951e-06,4.98937520118227e-06,5.33505254687452e-06,5.69511053757843e-06,6.06969206126436e-06,6.45893405814459e-06,6.86296784327926e-06,7.28191941029297e-06,7.71590971722203e-06,8.16505495534989e-06,8.62946680201228e-06,9.10925265817912e-06,9.60451587181376e-06,1.01153559477722e-05,1.0641868745083e-05,1.11841466623793e-05,1.17422788122655e-05,1.23163511852025e-05,1.29064468037163e-05,1.3512645867424e-05,1.41350258895394e-05,1.4773661825358e-05,1.54286261932574e-05,1.60999891886798e-05,1.67878187915554e-05,1.74921808675618e-05,1.82131392636551e-05,1.89507558981702e-05,1.97050908459212e-05,2.04762024185051e-05,2.12641472402394e-05,2.2068980319868e-05,2.28907551184264e-05,2.37295236134093e-05,2.45853363595353e-05,2.54582425462109e-05,2.63482900521099e-05,2.72555254967216e-05,2.81799942893961e-05,2.91217406757409e-05,3.00808077817591e-05,3.10572376556569e-05,3.20510713076434e-05,3.30623487477061e-05,3.40911090215416e-05,3.51373902447285e-05,3.62012296352648e-05,3.72826635444821e-05,3.83817274866128e-05,3.94984561668232e-05,4.06328835080395e-05,4.17850426764733e-05,4.29549661060201e-05,4.41426855214979e-05,4.53482319609021e-05,4.65716357965934e-05,4.78129267556128e-05,4.90721339390772e-05,5.03492858407093e-05,5.16444103646109e-05,5.2957534842276e-05,5.42886860488126e-05,5.56378902185951e-05,5.70051730601855e-05,5.83905597706934e-05,5.97940750494569e-05,6.12157431113212e-05,6.26555876992409e-05,6.41136320964708e-05,6.55898991382466e-05,6.7084411223005e-05,6.85971903232143e-05,7.01282579957227e-05,7.16776353917367e-05,7.32453432665089e-05,7.48314019885318e-05,7.64358315484651e-05,7.80586515677833e-05,7.96998813070101e-05,8.13595396737238e-05
0.000337090906730122,0.00033523095060766,0.000333360594809348,0.000331480192907882,0.000329590093318054,0.000327690639412913,0.000325782169636553,0.000323865017613613,0.000321939512256071,0.000320005977866637,0.000318064734239685,0.000316116096759235,0.000314160376494534,0.0003121978802929,0.000310228910870499,0.000308253766900347,0.000306272743098582,0.00030428613030824,0.000302294215581221,0.000300297282258141,0.000298295610046397,0.000296289475096312,0.000294279150075748,0.000292264904242791,0.000290247003517129,0.000288225710549561,0.000286201284790457,0.000284173982556412,0.000282144057095887,0.000280111758653379,0.00027807733453246,0.000276041029157588,0.000274003084134974,0.000271963738312121,0.000269923227836737,0.00026788178621432,0.000265839644365244,0.000263797030680606,0.0002617541710777,0.000259711289054475,0.000257668605743407,0.000255626339964744,0.000253584708279261,0.000251543925040279,0.000249504202445454,0.000247465750588009,0.000245428777507634,0.00024339348924104,0.000241360089872388,0.000239328781583338,0.000237299764703011,0.000235273237758001,0.000233249397522198,0.000231228439066718,0.000229210555809857,0.000227195939567332,0.000225184780602764,0.000223177267678193,0.000221173588105418,0.00021917392779737,0.00021717847132031,0.000215187401946438,0.00021320090170748,0.000211219151448675,0.00020924233088415,0.000207270618652843,0.000205304192375905,0.000203343228715049,0.000201387903432523,0.000199438391452304,0.00019749486692311,0.000195557503283146,0.000193626473326762,0.000191701949273171,0.000189784102837643,0.000187873105304888,0.000185969127605484,0.000184072340394936,0.000182182914136102,0.000180301019184846,0.000178426825879689,0.000176560504635158,0.00017470222603974,0.00017285216095835,0.000171010480640024,0.000169177356831058,0.000167352961894027,0.000165537468933492,0.000163731051928394,0.000161933885872283,0.000160146146921597,0.000158368012552908,0.000156599661729845,0.000154841275080433,0.000153093035085994,0.000151355126282232,0.000149627735473985,0.000147911051964625,0.000146205267801325,0.000144510578038065,0.000142827181017438,0.0001411552786734,0.000139495076856809,0.000137846785685921,0.000136210619924084,0.000134586799387674,0.000132975549386719,0.000131377101201933,0.000129791692601542,0.000128219568402071,0.000126660981077761,0.000125116191423432,0.00012358546927691,0.000122069094307033,0.000120567356874756,0.000119080558975397,0.000117609015271145,0.000116153054224223,0.000114713019342689,0.00011328927055186,0.000111882185706754,0.000110492162262907,0.000109119619125107,0.0001077649986968,0.000106428769156067,0.000105111426987919,0.000103813499807325,0.000102535549512539,0.000101278175814882,0.000100042020198063,9.8827770369477e-05,9.7636165275887e-05,9.64680007685686e-05,9.53241360177936e-05,9.42055007944845e-05,9.3113103758267e-05,9.20480419171774e-05,9.10115114559992e-05,9.00048201686229e-05,8.90294017768997e-05,8.80868324766232e-05,8.71788501228601e-05,8.63073765558876e-05,8.54745436799264e-05,8.46827240466493e-05,8.39345668708896e-05,8.32330406298532e-05,8.25814836821401e-05,8.19836647103028e-05,8.14438552653642e-05,8.09669173123692e-05,8.05584094905596e-05,8.02247168824135e-05,7.99732105300619e-05,7.98124448873473e-05,7.97524040525542e-05,7.98048112867755e-05,7.99835214210515e-05,8.03050229441563e-05,8.07890868313291e-05,8.14596140505427e-05,8.23457555625736e-05,8.34834113476249e-05,8.49172647954917e-05,8.67035861166113e-05,8.89141610804438e-05,9.16419006180082e-05,9.50090190908837e-05,9.91792396892193e-05,0.000104376498415192,0.000110914484727557,0.000119244946377192,0.000130039936360478,0.000144338690770851,0.000163825344549282,0.000191391978307981,0.000232384307718699,0.000297686816702159,0.000412620786392818,0.000648907102174863,0.00128804661524653,0.00452834782812011,0.455758537729425,0.00336019956880667,0.000740181976416691,0.000285993469912384,0.000139087922341244,7.66392334240374e-05,4.56497972168089e-05,2.86677234502804e-05,1.87020361341538e-05,1.2556373824023e-05,8.6229464482309e-06,6.03258296576239e-06,4.28826477855539e-06,3.09277179187986e-06,2.26180636200408e-06,1.6776544081021e-06,1.26327802985584e-06,9.67244228948173e-07,7.54654759194789e-07,6.01525352074077e-07,4.91212655736148e-07,4.12091655209615e-07,3.5601601189426e-07,3.17279556353985e-07,2.91904971870365e-07,2.77149906352673e-07,2.71159889302584e-07,2.72721801900511e-07,2.81087118588909e-07,2.95844132269819e-07,3.16824935412187e-07,3.44037299502647e-07,3.77614546075954e-07,4.17778520032039e-07,4.64812171276479e-07,5.19039226108627e-07,5.80809118351303e-07,6.50485840842214e-07,7.28439730422731e-07,8.15041454857366e-07,9.10657656426216e-07,1.01564784374055e-06,1.13036222446039e-06,1.25514024684533e-06,1.39030967422724e-06,1.53618605879431e-06,1.69307251286529e-06,1.86125970008274e-06,2.04102598724942e-06,2.23263771156301e-06,2.43634952878457e-06,2.65240481604381e-06,2.88103610933155e-06,3.12246556064148e-06,3.37690540342748e-06,3.64455841795949e-06,3.92561839040699e-06,4.22027056118798e-06,4.52869205943298e-06,4.8510523214544e-06,5.1875134918994e-06,5.5382308067597e-06,5.90335295802751e-06,6.28302243994855e-06,6.67737587713548e-06,7.08654433508618e-06,7.51065361353793e-06,7.94982452343212e-06,8.40417314811464e-06,8.87381108961257e-06,9.35884570058431e-06,9.85938030286389e-06,1.03755143932252e-05,1.09073438370988e-05,1.14549610509865e-05,1.20184551742061e-05,1.25979122305596e-05,1.31934152806308e-05,1.38050445652125e-05,1.44328776404198e-05,1.50769895050056e-05,1.57374527204142e-05,1.6414337523894e-05,1.71077119352641e-05,1.78176418575858e-05,1.85441911722376e-05,1.92874218286217e-05,2.00473939289742e-05,2.08241658084193e-05,2.16177941107216e-05,2.24283338598622e-05,2.32558385278193e-05,2.41003600986612e-05,2.49619491292968e-05,2.58406548069368e-05,2.67365250036877e-05,2.76496063281621e-05,2.8579944174542e-05,2.9527582769069e-05,3.049256521427e-05,3.14749335308237e-05,3.24747286974977e-05,3.34919906889589e-05,3.45267585118933e-05,3.55790702392141e-05,3.66489630427473e-05,3.77364732242634e-05,3.88416362451276e-05,3.99644867544794e-05,4.1105058616145e-05,4.22633849342766e-05,4.34394980779103e-05,4.46334297042298e-05,4.5845210780995e-05,4.70748716078379e-05,4.83224418366214e-05,4.95879504909874e-05,5.08714259849992e-05,5.21728961409483e-05,5.34923882065322e-05,5.48299288711121e-05,5.61855442814992e-05,5.75592600569439e-05,5.89511013035458e-05,6.0361092628108e-05,6.17892581513829e-05,6.32356215208419e-05,6.47002059228789e-05,6.61830340946213e-05,6.76841283351523e-05,6.92035105164565e-05,7.07412020938355e-05,7.22972241159284e-05,7.38715972344404e-05,7.54643417134582e-05,7.70754774383868e-05,7.87050239246295e-05,8.03530003259524e-05,8.20194254424665e-05
0.000339626509342169,0.000337728338299668,0.00033582032654333,0.000333902818474382,0.000331976153555954,0.000330040666422251,0.000328096686984846,0.000326144540535836,0.000324184547848461,0.00032221702527474,0.000320242284840688,0.000318260634338954,0.000316272377419103,0.000314277813675513,0.000312277238733217,0.000310270944331412,0.000308259218405077,0.000306242345164568,0.000304220605173304,0.000302194275423721,0.000300163629411383,0.00029812893720746,0.000296090465529675,0.000294048477811646,0.00029200323427074,0.000289954991974559,0.000287904004906103,0.000285850524027565,0.000283794797342956,0.000281737069959531,0.000279677584148173,0.000277616579402489,0.000275554292497208,0.000273490957545321,0.000271426806054566,0.000269362066982843,0.000267296966793005,0.000265231729506651,0.000263166576757536,0.000261101727844061,0.000259037399781227,0.000256973807352055,0.000254911163158511,0.000252849677671916,0.000250789559282966,0.000248731014351418,0.00024667424725542,0.000244619460440644,0.000242566854469161,0.00024051662806824,0.000238468978178865,0.000236424100004534,0.000234382187059789,0.000232343431219015,0.000230308022765217,0.000228276150439149,0.000226248001488762,0.000224223761718728,0.000222203615540751,0.000220187746024071,0.000218176334946734,0.000216169562847383,0.000214167609078024,0.000212170651857261,0.00021017886832493,0.000208192434597335,0.000206211525824027,0.000204236316245515,0.000202266979252679,0.000200303687447433,0.000198346612705266,0.00019639592623952,0.00019445179866762,0.000192514400079464,0.000190583900108231,0.000188660468003532,0.000186744272707549,0.000184835482933917,0.000182934267249962,0.000181040794162278,0.000179155232206274,0.000177277750039483,0.000175408516539606,0.000173547700906985,0.000171695472772489,0.000169852002310743,0.000168017460359486,0.000166192018545482,0.000164375849417308,0.000162569126585993,0.000160772024873751,0.000158984720471796,0.000157207391107838,0.000155440216224165,0.000153683377167244,0.000151937057389708,0.00015020144266598,0.000148476721322703,0.00014676308448512,0.000145060726341279,0.000143369844425102,0.000141690639920623,0.000140023317988957,0.000138368088120436,0.000136725164514145,0.000135094766487598,0.000133477118919511,0.000131872452728838,0.000130281005394005,0.000128703021516018,0.000127138753430584,0.000125588461873597,0.000124052416706478,0.000122530897707254,0.000121024195434831,0.000119532612174604,0.000118056462974418,0.00011659607678141,0.000115151797691519,0.000113723986324711,0.000112313021341426,0.000110919301117199,0.000109543245595405,0.00010818529834038,0.000106845928817077,0.000105525634926624,0.000104224945832255,0.000102944425114866,0.000101684674304109,0.000100446336838003,9.92301025127569e-05,9.80367124951182e-05,9.68669649814806e-05,9.57217216029327e-05,9.46019146930628e-05,9.35085555565932e-05,9.24427439024293e-05,9.14056786362047e-05,9.03986702450079e-05,8.94231550536596e-05,8.84807116888494e-05,8.757308015798e-05,8.67021840369356e-05,8.58701563699449e-05,8.50793700214913e-05,8.43324733923239e-05,8.3632432630205e-05,8.29825817446458e-05,8.23866823931601e-05,8.18489955689061e-05,8.13743680233987e-05,8.09683370488326e-05,8.06372582922123e-05,8.0388462671466e-05,8.02304503467438e-05,8.01731322614219e-05,8.02281332877469e-05,8.04091759044466e-05,8.07325702147839e-05,8.12178459160136e-05,8.1888575990288e-05,8.27734626451495e-05,8.39077869623884e-05,8.5335370619349e-05,8.71112705596775e-05,8.93055419792963e-05,9.20085900089983e-05,9.53389372595243e-05,9.94547578932161e-05,0.000104571451387897,0.000110989214924444,0.000119137784100139,0.000129651925354303,0.000143504805731909,0.000162256893906807,0.000188552494315705,0.00022719594893326,0.000287745931164276,0.000391723379349162,0.000597100575528816,0.00111216717095353,0.00325234498023665,0.0783982567371549,0.00587326534979516,0.00100842830408921,0.000361860834654543,0.000170312677325467,9.23201771940956e-05,5.45542160162336e-05,3.4162046952417e-05,2.23008634460919e-05,1.50220099235213e-05,1.0372546683224e-05,7.3097203061764e-06,5.24270808924537e-06,3.82057946765956e-06,2.82678513801437e-06,2.12345855288365e-06,1.62053692282883e-06,1.25792118757682e-06,9.94800125276732e-07,8.03065027084102e-07,6.63139150086974e-07,5.61274847560994e-07,4.87765950194677e-07,4.35744056214961e-07,4.0035498928352e-07,3.78187321619917e-07,3.66870785381454e-07,3.64790890916302e-07,3.70884102448353e-07,3.8448953870793e-07,4.05240773716417e-07,4.32986370571863e-07,4.67731190212673e-07,5.09592844553456e-07,5.58769271159343e-07,6.15514529489671e-07,6.80120710813902e-07,7.52904418059428e-07,8.34196677053454e-07,9.24335434104407e-07,1.02366000906348e-06,1.1325070303546e-06,1.25120749489444e-06,1.38008468244952e-06,1.51945271883078e-06,1.66961563108483e-06,1.83086677471365e-06,2.00348854098552e-06,2.1877522736945e-06,2.38391834109045e-06,2.59223632123859e-06,2.8129452687056e-06,3.04627403793093e-06,3.29244164439768e-06,3.55165764920587e-06,3.82412255608041e-06,4.11002821256982e-06,4.40955820926348e-06,4.72288827246583e-06,5.05018664708358e-06,5.39161446735619e-06,5.74732611391734e-06,6.11746955617092e-06,6.50218667948415e-06,6.90161359690873e-06,7.31588094561917e-06,7.74511416814185e-06,8.18943377888559e-06,8.64895561634635e-06,9.1237910816009e-06,9.61404736358745e-06,1.01198276518368e-05,1.06412313372387e-05,1.11783542014754e-05,1.17312885956566e-05,1.23001236088808e-05,1.28849452271137e-05,1.34858364830826e-05,1.41028775976314e-05,1.47361461130811e-05,1.53857170189752e-05,1.60516628708551e-05,1.67340539022288e-05,1.74329581303753e-05,1.81484414562125e-05,1.88805677586714e-05,1.96293989838183e-05,2.03949952291546e-05,2.11774148232915e-05,2.1976714401358e-05,2.2792948976267e-05,2.36261720063205e-05,2.44764354590897e-05,2.53437898720392e-05,2.62282844098948e-05,2.71299669191568e-05,2.80488839796629e-05,2.89850809536426e-05,2.99386020321889e-05,3.09094902794957e-05,3.1897787674758e-05,3.29035351521373e-05,3.39267726386483e-05,3.49675390902803e-05,3.60258725263159e-05,3.7101810062089e-05,3.81953879400337e-05,3.93066415594748e-05,4.0435605504836e-05,4.15823135726833e-05,4.27467987974111e-05,4.39290934758771e-05,4.51292291907826e-05,4.63472368331765e-05,4.75831466237954e-05,4.8836988133582e-05,5.01087903032317e-05,5.13985814619759e-05,5.27063893454462e-05,5.40322411129269e-05,5.5376163363716e-05,5.67381821529372e-05,5.81183230066447e-05,5.95166109363038e-05,6.09330704526856e-05,6.23677255792415e-05,6.38205998648285e-05,6.52917163961319e-05,6.6781097809363e-05,6.82887663017149e-05,6.9814743642258e-05,7.13590511824251e-05,7.29217098661151e-05,7.45027402394786e-05,7.61021624602584e-05,7.77199963067814e-05,7.93562611867192e-05,8.10109761454599e-05,8.26841598741529e-05
0.000342121682908569,0.000340186065725986,0.000338241150946725,0.00033628727421779,0.000334324766453936,0.000332353953940578,0.000330375158433981,0.000328388697258595,0.000326394883402051,0.000324394025607418,0.000322386428463215,0.000320372392491051,0.00031835221423109,0.000316326186325301,0.000314294597598894,0.000312257733139399,0.000310215874374265,0.000308169299146397,0.000306118281787986,0.000304063093192726,0.00030200400088641,0.000299941269095866,0.000297875158816651,0.000295805927879061,0.000293733831013009,0.000291659119911395,0.000289582043292441,0.000287502846960656,0.000285421773866796,0.000283339064166647,0.000281254955278849,0.000279169681941691,0.000277083476269032,0.000274996567805204,0.000272909183579337,0.000270821548158608,0.000268733883701035,0.000266646410007209,0.000264559344571899,0.000262472902634597,0.000260387297229761,0.000258302739236457,0.000256219437427666,0.00025413759851906,0.000252057427217447,0.000249979126269,0.000247902896507165,0.0002458289369003,0.000243757444599325,0.000241688614985112,0.000239622641715847,0.000237559716774563,0.000235500030516563,0.000233443771717014,0.000231391127618782,0.000229342283980421,0.000227297425124677,0.000225256733987076,0.000223220392165282,0.000221188579968818,0.000219161476469423,0.000217139259552079,0.000215122105967044,0.000213110191382354,0.000211103690437797,0.000209102776799496,0.000207107623216075,0.00020511840157586,0.000203135282965678,0.000201158437731147,0.000199188035538658,0.000197224245439283,0.000195267235934639,0.000193317175044964,0.000191374230379533,0.00018943856920968,0.000187510358544633,0.000185589765210239,0.000183676955931097,0.000181772097416008,0.000179875356447503,0.000177986899975169,0.000176106895213664,0.000174235509745378,0.000172372911628418,0.000170519269510047,0.000168674752746276,0.000166839531528092,0.00016501377701463,0.000163197661474197,0.000161391358433545,0.000159595042836163,0.000157808891210496,0.000156033081848605,0.000154267794996625,0.000152513213057543,0.000150769520807794,0.000149036905628626,0.000147315557753698,0.00014560567053435,0.000143907440724074,0.000142221068784047,0.000140546759211706,0.000138884720894434,0.000137235167490817,0.000135598317842248,0.000133974396417576,0.000132363633794376,0.000130766267180328,0.00012918254097879,0.0001276127074034,0.000126057027146273,0.000124515770106178,0.000122989216182564,0.000121477656142996,0.000119981392571993,0.000118500740910432,0.000117036030595895,0.000115587606315807,0.000114155829386403,0.000112741079272923,0.000111343755268031,0.00010996427834829,0.000108603093230896,0.000107260670656785,0.000105937509929297,0.000104634141742669,0.000103351131339641,0.000102089082043601,0.000100848639218062,9.96304947148277e-05,9.8435391882554e-05,9.72641312194934e-05,9.61175767686422e-05,9.4996663371373e-05,9.39024049161359e-05,9.28359037445199e-05,9.17983614074893e-05,9.07910910022446e-05,8.98155313655906e-05,8.88732634561161e-05,8.79660293266248e-05,8.7095754174213e-05,8.62645720621117e-05,8.54748560416287e-05,8.47292535710797e-05,8.40307283421426e-05,8.33826098964224e-05,8.27886527645098e-05,8.22531073100394e-05,8.17808050489373e-05,8.13772619818265e-05,8.1048804493842e-05,8.08027237289436e-05,8.06474661655776e-05,8.05928705898789e-05,8.06504650501663e-05,8.08338420729015e-05,8.11591370096106e-05,8.16456437457497e-05,8.23166154854028e-05,8.32003180302045e-05,8.43314322306771e-05,8.57529464927698e-05,8.75187482785758e-05,8.96972305031851e-05,9.23764007123326e-05,9.56712644988721e-05,9.97347354630105e-05,0.000104774165354869,0.000111077113084356,0.000119052849102946,0.000129301778729028,0.000142736825332237,0.00016080714534551,0.000185937598618324,0.00022246293264825,0.000278823349440981,0.000373457090148606,0.000553833184790458,0.000977908240208177,0.00248980916753719,0.0231743770447277,0.0119211867367644,0.00141147935592944,0.000462035813127777,0.000209178688844126,0.0001112097261521,6.50686815131224e-05,4.05680690506442e-05,2.64631485429908e-05,1.78597706612111e-05,1.23810596110012e-05,8.77474602143251e-06,6.33832126821819e-06,4.65760108770814e-06,3.47839056977496e-06,2.63947212725458e-06,2.03578251768356e-06,1.5972929693271e-06,1.27644604610356e-06,1.04044431904583e-06,8.66386399073597e-07,7.38124966597045e-07,6.44194127483799e-07,5.76416551017439e-07,5.2895187841537e-07,4.97636988738216e-07,4.79522578553353e-07,4.72543812214233e-07,4.75283803431134e-07,4.86802181601643e-07,5.06509810402936e-07,5.3407657302155e-07,5.69363072114451e-07,6.12369773846178e-07,6.63198975040531e-07,7.22026262893621e-07,7.89079046179099e-07,8.6462038419364e-07,9.48936804454088e-07,1.04232913670785e-06,1.14510563639778e-06,1.25757685122103e-06,1.38005181798064e-06,1.51283527640469e-06,1.65622566110873e-06,1.81051368895758e-06,1.97598140157942e-06,2.15290155507564e-06,2.34153727362679e-06,2.54214190259963e-06,2.75495901136888e-06,2.98022250722442e-06,3.21815683051076e-06,3.46897720786169e-06,3.73288994565837e-06,4.01009274996756e-06,4.3007750623364e-06,4.60511840342994e-06,4.9232967183483e-06,5.25547671907714e-06,5.60181822064317e-06,5.9624744685362e-06,6.33759245565823e-06,6.72731322763936e-06,7.13177217573275e-06,7.5510993170367e-06,7.98541956168323e-06,8.43485296728635e-06,8.89951498063722e-06,9.3795166671615e-06,9.87496492829137e-06,1.03859627073973e-05,1.09126091846401e-05,1.14549999612339e-05,1.20132272336384e-05,1.25873799582292e-05,1.31775440067876e-05,1.37838023134791e-05,1.44062350136632e-05,1.50449195750099e-05,1.56999309213545e-05,1.63713415497928e-05,1.70592216412041e-05,1.77636391647939e-05,1.84846599768933e-05,1.92223479143916e-05,1.99767648830467e-05,2.07479709411158e-05,2.1536024378404e-05,2.23409817911899e-05,2.31628981530708e-05,2.40018268821638e-05,2.48578199047281e-05,2.57309277155083e-05,2.66211994348903e-05,2.75286828632605e-05,2.84534245324116e-05,2.93954697545097e-05,3.03548626684665e-05,3.13316462841278e-05,3.23258625241254e-05,3.33375522638252e-05,3.43667553692032e-05,3.54135107329692e-05,3.64778563089038e-05,3.75598291446256e-05,3.86594654126952e-05,3.97768004404074e-05,4.09118687380952e-05,4.20647040261571e-05,4.32353392608465e-05,4.44238066589356e-05,4.56301377211643e-05,4.68543632547832e-05,4.80965133949852e-05,4.93566176254382e-05,5.06347047979539e-05,5.19308031512795e-05,5.32449403290576e-05,5.45771433971091e-05,5.59274388598786e-05,5.72958526763196e-05,5.86824102750195e-05,6.00871365687699e-05,6.15100559685064e-05,6.29511923967336e-05,6.44105693003342e-05,6.58882096630096e-05,6.73841360170761e-05,6.88983704548991e-05,7.04309346399182e-05,7.19818498171445e-05,7.35511368233156e-05,7.51388160967092e-05,7.67449076865704e-05,7.83694312621242e-05,8.00124061213535e-05,8.16738511994707e-05,8.33537850769404e-05
0.000344577482786576,0.000342605161431946,0.000340624070541158,0.000338634537396469,0.000336636884740978,0.000334631430875762,0.000332618489754507,0.0003305983710754,0.000328571380371056,0.000326537819095699,0.000324497984710425,0.00032245217076618,0.000320400666984853,0.000318343759338159,0.000316281730124962,0.000314214858046382,0.000312143418279559,0.000310067682549431,0.000307987919199046,0.000305904393258286,0.000303817366511153,0.0003017270975615,0.000299633841897588,0.000297537851955149,0.000295439377179296,0.000293338664085203,0.000291235956317643,0.000289131494709389,0.000287025517338664,0.000284918259585493,0.000282809954187141,0.000280700831292669,0.000278591118516623,0.000276481040991893,0.000274370821421878,0.000272260680131858,0.000270150835119761,0.000268041502106174,0.000265932894584028,0.000263825223867531,0.000261718699140638,0.000259613527505169,0.000257509914028468,0.000255408061790752,0.000253308171932055,0.000251210443699098,0.000249115074491749,0.000247022259909453,0.000244932193797591,0.000242845068293614,0.000240761073873314,0.000238680399397125,0.000236603232156551,0.000234529757920673,0.000232460160982958,0.000230394624208352,0.000228333329080806,0.000226276455750957,0.000224224183084719,0.000222176688712095,0.000220134149076821,0.000218096739486653,0.000216064634164678,0.000214038006301162,0.000212017028106873,0.000210001870867111,0.000207992704997303,0.000205989700099621,0.000203993025021414,0.000202002847914921,0.000200019336298924,0.000198042657122282,0.000196072976829361,0.000194110461427909,0.000192155276559175,0.000190207587570703,0.000188267559591936,0.000186335357612872,0.000184411146566018,0.000182495091411856,0.000180587357228257,0.000178688109303878,0.000176797513236279,0.000174915735034633,0.00017304294122792,0.000171179298978555,0.000169324976202265,0.000167480141694638,0.000165644965264664,0.000163819617876197,0.000162004271797721,0.000160199100761222,0.000158404280131001,0.000156619987083094,0.000154846400796417,0.000153083702656447,0.00015133207647274,0.000149591708711305,0.000147862788743265,0.000146145509111352,0.000144440065815653,0.000142746658620553,0.000141065491384731,0.000139396772416523,0.000137740714856855,0.000136097537092664,0.000134467463203548,0.000132850723445075,0.000131247554772399,0.000129658201408208,0.000128082915459758,0.00012652195758976,0.0001249755977473,0.000123444115964793,0.000121927803228483,0.00012042696243045,0.000118941909411342,0.000117472974104183,0.000116020501790991,0.000114584854485372,0.000113166412456367,0.000111765575910506,0.000110382766851826,0.000109018431142136,0.000107673040787296,0.000106347096478746,0.000105041130424501,0.000103755709508378,0.000102491438823016,0.000101248965628904,0.000100028983800544,9.88322388309559e-05,9.76595334775735e-05,9.65117341472487e-05,9.53897781351921e-05,9.42946818534361e-05,9.32275502094135e-05,9.21895873256289e-05,9.1182108828239e-05,9.02065559773036e-05,8.92645119669408e-05,8.83577207914812e-05,8.74881091582816e-05,8.66578120324758e-05,8.58692025306769e-05,8.51249270453668e-05,8.44279466909631e-05,8.37815864283493e-05,8.31895935656366e-05,8.26562077718624e-05,8.21862453116413e-05,8.17852009551614e-05,8.14593720030829e-05,8.12160101762187e-05,8.10635088779205e-05,8.10116357193996e-05,8.10718234582765e-05,8.12575370105189e-05,8.15847405083967e-05,8.20724973209131e-05,8.27437487983307e-05,8.36263362164728e-05,8.47543580917159e-05,8.61699967249615e-05,8.79260117528413e-05,9.00891985008323e-05,9.274526895248e-05,9.60058755518787e-05,0.000100018940276199,0.000104984219820835,0.0001111774196835,0.00011898875434512,0.000128986905109678,0.000142029737803307,0.000159465929286992,0.000183525272263842,0.000218133202251252,0.000270780048081914,0.000357379018386076,0.000517249157880322,0.000872706570348566,0.00199441517682099,0.0111734065473818,0.0320968562003551,0.00204795262856251,0.000596745262430426,0.000257976300835324,0.000134064004732668,7.75089103818042e-05,4.80401274866545e-05,3.12733798681942e-05,2.11200193171235e-05,1.46805676152193e-05,1.04492134528511e-05,7.59022812980985e-06,5.61484047801656e-06,4.22487765213008e-06,3.2320521064149e-06,2.51402199985475e-06,1.98938192915399e-06,1.60288000711755e-06,1.31639137837304e-06,1.10324925034979e-06,9.44595855413393e-07,8.26982186835452e-07,7.40758603289248e-07,6.78977179539666e-07,6.36631623972205e-07,6.10123754538387e-07,5.96884424195011e-07,5.95101238567286e-07,6.03521069030617e-07,6.2130556755299e-07,6.47924642269799e-07,6.83077386729876e-07,7.26633040770332e-07,7.78586686093023e-07,8.39025860213333e-07,9.0810531505467e-07,9.86027887778658e-07,1.07302998352708e-06,1.16937055473164e-06,1.2753227426586e-06,1.39116755330172e-06,1.51718909253122e-06,1.65367099930711e-06,1.80089380103386e-06,1.95913297946938e-06,2.12865758428114e-06,2.30972926850629e-06,2.50260164848272e-06,2.70751991263242e-06,2.92472062030984e-06,3.15443164489671e-06,3.3968722254256e-06,3.65225309891259e-06,3.9207766916601e-06,4.20263735265078e-06,4.49802161586382e-06,4.80710848134036e-06,5.13006970713136e-06,5.46707010611054e-06,5.818267843022e-06,6.18381472834124e-06,6.56385650635643e-06,6.95853313561258e-06,7.3679790603629e-06,7.79232347221242e-06,8.23169056130414e-06,8.68619975681451e-06,9.15596595661335e-06,9.64109974621603e-06,1.01417076070391e-05,1.06578921144176e-05,1.11897521255139e-05,1.17373829575602e-05,1.23008765568063e-05,1.28803216585681e-05,1.34758039387231e-05,1.40874061571846e-05,1.47152082936335e-05,1.53592876759531e-05,1.60197191017746e-05,1.66965749534675e-05,1.73899253069081e-05,1.80998380344678e-05,1.88263789024174e-05,1.9569611663173e-05,2.03295981425776e-05,2.11063983226236e-05,2.19000704197067e-05,2.27106709588642e-05,2.35382548440422e-05,2.43828754247712e-05,2.52445845593438e-05,2.61234326747902e-05,2.70194688237055e-05,2.79327407383175e-05,2.88632948816806e-05,2.98111764964149e-05,3.07764296509414e-05,3.17590972835207e-05,3.27592212440048e-05,3.37768423336627e-05,3.48120003430385e-05,3.5864734087979e-05,3.69350814439488e-05,3.80230793787736e-05,3.91287639837315e-05,4.02521705033332e-05,4.13933333636373e-05,4.25522861992834e-05,4.37290618793038e-05,4.49236925318069e-05,4.61362095674578e-05,4.73666437020436e-05,4.86150249779493e-05,4.98813827847352e-05,5.11657458788095e-05,5.24681424023061e-05,5.3788599901053e-05,5.51271453419027e-05,5.64838051292639e-05,5.78586051209566e-05,5.92515706434479e-05,6.0662726506431e-05,6.20920970168144e-05,6.35397059922026e-05,6.50055767737663e-05,6.64897322386371e-05,6.79921948118752e-05,6.95129864778629e-05,7.10521287913848e-05,7.26096428881644e-05,7.41855494950736e-05,7.57798689399987e-05,7.73926211612394e-05,7.90238257166405e-05,8.06735017923578e-05,8.23416682113629e-05,8.40283434415315e-05
0.000346994919213584,0.00034498661031738,0.000342970045622097,0.000340945544409208,0.000338913421602487,0.000336873987859772,0.000334827549662396,0.000332774409402195,0.000330714865466594,0.000328649212321209,0.000326577740590661,0.000324500737137346,0.000322418485138294,0.000320331264160136,0.000318239350232624,0.000316143015920011,0.000314042530391208,0.000311938159488167,0.000309830165792897,0.000307718808692909,0.000305604344445463,0.000303487026240242,0.000301367104261102,0.000299244825746273,0.000297120435047659,0.000294994173688776,0.000292866280421938,0.000290736991284097,0.000288606539651987,0.000286475156296223,0.000284343069434519,0.000282210504784117,0.000280077685613464,0.000277944832792999,0.0002758121648455,0.000273679897995518,0.000271548246218426,0.000269417421288639,0.000267287632827648,0.000265159088351292,0.000263031993316738,0.000260906551169027,0.000258782963387304,0.000256661429530697,0.00025454214728399,0.000252425312503052,0.000250311119260197,0.000248199759889212,0.000246091425030615,0.000243986303676689,0.000241884583216549,0.000239786449481472,0.000237692086790258,0.000235601677994796,0.000233515404525899,0.000231433446439502,0.000229355982463291,0.000227283190043643,0.000225215245393322,0.00022315232353957,0.000221094598373045,0.000219042242697391,0.000216995428279934,0.000214954325902837,0.000212919105415903,0.00021088993579005,0.000208866985172317,0.000206850420942119,0.000204840409769106,0.000202837117672553,0.000200840710082593,0.000198851351903377,0.000196869207578301,0.000194894441157459,0.000192927216367667,0.000190967696684967,0.000189016045410106,0.000187072425747054,0.000185137000884915,0.000183209934083278,0.000181291388761717,0.000179381528593182,0.000177480517602196,0.000175588520267729,0.000173705701631554,0.000171832227412113,0.000169968264124695,0.000168113979208262,0.000166269541159454,0.000164435119674435,0.000162610885799199,0.000160797012089014,0.00015899367277786,0.000157201043958532,0.000155419303774588,0.000153648632624895,0.000151889213382007,0.0001501412316256,0.000148404875892222,0.000146680337942978,0.000144967813050491,0.000143267500307301,0.00014157960295729,0.00013990432875265,0.000138241890338473,0.000136592505668031,0.000134956398451337,0.000133333798640496,0.00013172494295552,0.000130130075454567,0.000128549448153442,0.00012698332169909,0.000125431966103176,0.00012389566154195,0.000122374699229715,0.000120869382373938,0.000119380027221244,0.000117906964204541,0.000116450539203063,0.000115011114928484,0.000113589072452241,0.000112184812891094,0.000110798759270632,0.00010943135858873,0.000108083084104931,0.000106754437884671,0.000105445953632418,0.000104158199852406,0.000102891783382182,0.000101647353350943,0.000100425605623403,9.922728779983e-05,9.80532048548815e-05,9.69042255119597e-05,9.57812894671578e-05,9.46854155971018e-05,9.36177113096649e-05,9.25793832266844e-05,9.15717494240512e-05,9.05962534985727e-05,8.96544807861147e-05,8.87481771215808e-05,8.78792706149977e-05,8.70498970201593e-05,8.62624294017277e-05,8.55195129677496e-05,8.4824106139512e-05,8.41795291900661e-05,8.3589522115642e-05,8.30583138317783e-05,8.25907053421545e-05,8.2192170252887e-05,8.18689769611153e-05,8.16283381154789e-05,8.14785946453181e-05,8.14294439541152e-05,8.14922250109991e-05,8.16802774066373e-05,8.20093974887368e-05,8.24984232411419e-05,8.31699918135121e-05,8.40515313909574e-05,8.51765753229101e-05,8.65865257682817e-05,8.83330541940878e-05,9.04814196609593e-05,9.31151348567281e-05,9.63426529085128e-05,0.000100307155190796,0.000105201223122685,0.000111289431233512,0.000118944224059102,0.00012870494144111,0.000141379021415152,0.000158224192490165,0.000181296246965585,0.000214162225837988,0.000263500756786478,0.000343138307433194,0.000485981452470679,0.000788468480339843,0.00165239031123361,0.00672901533071793,0.164294176234816,0.00312203043666123,0.000781936054089292,0.000319868105809634,0.000161858590687939,9.22649440019948e-05,5.67632174308715e-05,3.6830596092361e-05,2.48607884614664e-05,1.73075378873998e-05,1.23573507286392e-05,9.01527260545538e-06,6.70445716652686e-06,5.07530702315504e-06,3.90813500494725e-06,3.06069087969842e-06,2.43853451964157e-06,1.97763983022273e-06,1.63383126354443e-06,1.37617995231963e-06,1.18276900124108e-06,1.03791662926222e-06,9.30318922636631e-07,8.5178562665594e-07,7.96366008215848e-07,7.59735886925611e-07,7.38762357547996e-07,7.31191178687843e-07,7.35419968120975e-07,7.50332147591095e-07,7.75174371888241e-07,8.0946539765465e-07,8.52927893011757e-07,9.05437127497082e-07,9.66982178418319e-07,1.03763648297085e-06,1.11753541318239e-06,1.20685915860026e-06,1.30581964139117e-06,1.41465050918968e-06,1.53359948669407e-06,1.66292254140263e-06,1.80287944886669e-06,1.95373044020976e-06,2.11573368817999e-06,2.28914344364972e-06,2.47420867698575e-06,2.67117211117644e-06,2.88026955862194e-06,3.10172949279516e-06,3.3357728009624e-06,3.58261267577777e-06,3.84245461267586e-06,4.11549648707329e-06,4.40192869102415e-06,4.70193431328957e-06,5.01568935033003e-06,5.34336293837944e-06,5.68511759900422e-06,6.04110949219181e-06,6.41148867240049e-06,6.79639934408228e-06,7.19598011403307e-06,7.61036423855751e-06,8.03967986407746e-06,8.48405026008715e-06,8.94359404380073e-06,9.41842539604914e-06,9.90865426821739e-06,1.04143865800664e-05,1.09357244085883e-05,1.14727661679628e-05,1.20256067808087e-05,1.25943378410143e-05,1.31790477684376e-05,1.37798219557168e-05,1.43967429076034e-05,1.50298903730816e-05,1.56793414706432e-05,1.63451708070114e-05,1.70274505896946e-05,1.77262507335964e-05,1.84416389620906e-05,1.91736809027548e-05,1.99224401781865e-05,2.06879784919382e-05,2.14703557101338e-05,2.22696299387353e-05,2.30858575968819e-05,2.39190934864094e-05,2.47693908578326e-05,2.56368014729669e-05,2.6521375664351e-05,2.74231623916558e-05,2.8342209295332e-05,2.92785627474922e-05,3.02322679003552e-05,3.12033687322013e-05,3.21919080912138e-05,3.31979277370296e-05,3.42214683804373e-05,3.52625697210493e-05,3.63212704832633e-05,3.73976084504627e-05,3.84916204976763e-05,3.96033426226262e-05,4.07328099754594e-05,4.18800568869849e-05,4.30451168957368e-05,4.42280227737475e-05,4.54288065511951e-05,4.66474995399043e-05,4.78841323559344e-05,4.91387349410069e-05,5.04113365831344e-05,5.17019659363079e-05,5.30106510393787e-05,5.43374193340554e-05,5.56822976822727e-05,5.70453123827022e-05,5.84264891866833e-05,5.98258533134799e-05,6.12434294648628e-05,6.26792418391515e-05,6.41333141447318e-05,6.56056696129039e-05,6.70963310104147e-05,6.86053206513409e-05,7.01326604085842e-05,7.16783717249609e-05,7.32424756237737e-05,7.48249927190649e-05,7.64259432254762e-05,7.80453469677214e-05,7.9683223389712e-05,8.13395915633767e-05,8.30144701971962e-05,8.47078776442906e-05
0.000349374960033861,0.000347331356255147,0.000345279996773741,0.000343221193211114,0.000341155253001683,0.000339082479479632,0.000337003171963597,0.000334917625839129,0.000332826132639282,0.000330728980123007,0.0003286264523519,0.000326518829764861,0.000324406389251279,0.000322289404222281,0.000320168144680643,0.000318042877288751,0.000315913865435484,0.00031378136930137,0.000311645645922485,0.000309506949252957,0.000307365530226297,0.000305221636815312,0.000303075514091142,0.00030092740428085,0.00029877754682423,0.000296626178429332,0.000294473533127224,0.000292319842325645,0.000290165334861912,0.00028801023705487,0.0002858547727561,0.000283699163400356,0.000281543628055283,0.000279388383470368,0.000277233644125533,0.000275079622278746,0.000272926528013469,0.000270774569285157,0.000268623951967852,0.000266474879899833,0.000264327554929145,0.000262182176958759,0.000260038943991384,0.000257898052174091,0.000255759695842603,0.000253624067565602,0.000251491358188764,0.000249361756878788,0.000247235451167416,0.000245112626995436,0.000242993468756751,0.000240878159342683,0.000238766880186383,0.000236659811307442,0.00023455713135692,0.000232459017662615,0.000230365646274967,0.00022827719201311,0.00022619382851192,0.000224115728269331,0.000222043062694655,0.000219976002157449,0.000217914716037603,0.000215859372775988,0.00021381013992665,0.000211767184209739,0.000209730671566157,0.000207700767213236,0.000205677635702266,0.000203661440977443,0.000201652346436838,0.000199650514995142,0.000197656109148702,0.000195669291042679,0.000193690222540889,0.00019171906529808,0.000189755980835365,0.00018780113061859,0.000185854676140164,0.000183916779004447,0.000181987601017218,0.000180067304279146,0.000178156051284126,0.000176254005022275,0.000174361329088446,0.000172478187796433,0.000170604746299343,0.000168741170716853,0.000166887628269564,0.000165044287421322,0.000163211318030035,0.000161388891507692,0.000159577180990453,0.000157776361519423,0.000155986610233463,0.000154208106574448,0.000152441032506696,0.000150685572751355,0.000148941915037234,0.000147210250369673,0.000145490773318803,0.000143783682329248,0.000142089180053064,0.000140407473708241,0.000138738775464998,0.000137083302862836,0.000135441279260957,0.000133812934325753,0.000132198504558651,0.00013059823386869,0.000129012374194432,0.000127441186179946,0.000125884939911099,0.000124343915718193,0.000122818405052364,0.000121308711443738,0.000119815151550575,0.000118338056309628,0.000116877772199534,0.000115434662630293,0.000114009109473971,0.000112601514753681,0.00011121230251026,0.000109841920868981,0.00010849084433171,0.000107159576323632,0.000105848652028384,0.000104558641550015,0.000103290153446839,0.000102043838688766,0.00010082039509859,9.9620572347269e-05,9.84451775853038e-05,9.72950818061732e-05,9.61712270548755e-05,9.50746346147637e-05,9.4006414330112e-05,9.29677752515501e-05,9.19600378272993e-05,9.09846479066438e-05,9.0043192875876e-05,8.91374203124081e-05,8.8269259624607e-05,8.74408472454102e-05,8.66545560744078e-05,8.59130300212817e-05,8.52192247034037e-05,8.45764556044171e-05,8.39884553250442e-05,8.34594419744627e-05,8.29942012914669e-05,8.2598185789382e-05,8.22776351459995e-05,8.20397232886749e-05,8.18927392681648e-05,8.18463112323415e-05,8.19116858337781e-05,8.21020795681188e-05,8.24331243388115e-05,8.2923437718234e-05,8.359536004932e-05,8.44759174377941e-05,8.55980945406951e-05,8.70025382015802e-05,8.87398694929834e-05,9.08738693858942e-05,9.34859421824073e-05,9.66814862395945e-05,0.000100599176884055,0.000105424810035582,0.000111412495257342,0.00011891808289295,0.000128453728547931,0.000140780586416074,0.00015707385014164,0.00017923359250279,0.000210511698804128,0.000256889157934311,0.000330453762296735,0.000459003354517681,0.000719776152890039,0.00140508100673836,0.00459000922127259,0.266903399299059,0.00511058471506428,0.00104348692840811,0.000399307936344547,0.000195866927743873,0.000109822330911812,6.69602687502476e-05,4.32513485651167e-05,2.91491479862844e-05,2.03035187311722e-05,1.45264436451406e-05,1.0632242924206e-05,7.93990464377396e-06,6.03963404032528e-06,4.67529643790812e-06,3.68169411212481e-06,2.94945047834617e-06,2.40453490136578e-06,1.99590171433635e-06,1.68780009975514e-06,1.45486273735523e-06,1.27889601103861e-06,1.14673907311639e-06,1.04880973004183e-06,9.78100708286916e-07,9.29476690442033e-07,8.99175544184173e-07,8.84450261310555e-07,8.83309184488288e-07,8.94325742993424e-07,9.16497903212351e-07,9.4914354573583e-07,9.91822051700269e-07,1.04427517591663e-06,1.10638222592427e-06,1.17812592996799e-06,1.25956634472782e-06,1.35082084708489e-06,1.45204875537016e-06,1.56343949101348e-06,1.68520345981418e-06,1.81756503066864e-06,1.96075713762101e-06,2.11501714197933e-06,2.28058367497036e-06,2.45769424488571e-06,2.64658344111462e-06,2.84748160452664e-06,3.06061386225237e-06,3.28619944703621e-06,3.52445123840545e-06,3.77557547636313e-06,4.03977160867404e-06,4.3172322410749e-06,4.60814316616688e-06,4.91268345180167e-06,5.23102557389529e-06,5.56333558162526e-06,5.90977328570441e-06,6.27049246225648e-06,6.64564106650098e-06,7.0353614517618e-06,7.43979059023558e-06,7.85906029282523e-06,8.29329742607078e-06,8.74262412449191e-06,9.20715799734912e-06,9.68701232891544e-06,1.01822962718058e-05,1.06931150328928e-05,1.12195700517595e-05,1.17617591715271e-05,1.23197768021148e-05,1.28937140760528e-05,1.34836589970049e-05,1.40896965811515e-05,1.47119089917543e-05,1.53503756670578e-05,1.6005173441868e-05,1.66763766629712e-05,1.73640572988359e-05,1.80682850436368e-05,1.87891274160963e-05,1.95266498532168e-05,2.02809157993171e-05,2.10519867904475e-05,2.1839922534596e-05,2.26447809877309e-05,2.34666184260896e-05,2.43054895147182e-05,2.51614473726271e-05,2.60345436346599e-05,2.6924828510261e-05,2.78323508393002e-05,2.87571581452235e-05,2.96992966854567e-05,3.06588114994716e-05,3.16357464543932e-05,3.26301442885411e-05,3.36420466526863e-05,3.46714941495502e-05,3.5718526371235e-05,3.67831819350446e-05,3.78654985175189e-05,3.89655128869468e-05,4.00832609343317e-05,4.12187777029881e-05,4.23720974167365e-05,4.35432535068797e-05,4.4732278637895e-05,4.59392047321002e-05,4.71640629930462e-05,4.84068839281307e-05,4.96676973699636e-05,5.09465324970045e-05,5.22434178532404e-05,5.35583813670491e-05,5.48914503692171e-05,5.62426516102702e-05,5.76120112770399e-05,5.89995550085851e-05,6.04053079114218e-05,6.18292945741996e-05,6.32715390816802e-05,6.47320650282999e-05,6.62108955310782e-05,6.77080532420818e-05,6.92235603604172e-05,7.07574386436731e-05,7.2309709419086e-05,7.38803935940997e-05,7.54695116666522e-05,7.70770837350673e-05,7.87031295075131e-05,8.03476683111999e-05,8.20107191011881e-05,8.36923004689292e-05,8.53924306504373e-05
0.000351718533214479,0.00034964030450834,0.000347554807192136,0.000345462345546667,0.000343363219826409,0.000341257726341787,0.000339146157539446,0.000337028802080482,0.000334905944916883,0.000332777867366043,0.000330644847183672,0.000328507158634763,0.000326365072563241,0.000324218856459778,0.000322068774528449,0.000319915087751382,0.00031775805395271,0.000315597927860608,0.000313434961168381,0.000311269402594195,0.000309101497939676,0.000306931490147272,0.000304759619356713,0.00030258612296026,0.000300411235657072,0.000298235189506519,0.000296058213980739,0.000293880536016142,0.00029170238006428,0.000289523968141798,0.000287345519879756,0.000285167252572123,0.000282989381223785,0.000280812118597709,0.000278635675261848,0.000276460259635135,0.000274286078033335,0.000272113334714092,0.000269942231921918,0.000267772969932545,0.000265605747096986,0.00026344075988541,0.000261278202930648,0.000259118269071555,0.000256961149396177,0.000254807033284755,0.000252656108452783,0.000250508560993838,0.000248364575422656,0.000246224334718056,0.00024408802036605,0.00024195581240325,0.000239827889460351,0.000237704428805879,0.000235585606390404,0.000233471596890999,0.000231362573756377,0.000229258709252236,0.000227160174507578,0.000225067139561404,0.000222979773410348,0.000220898244056969,0.000218822718559299,0.000216753363080874,0.000214690342942483,0.000212633822674635,0.000210583966071683,0.00020854093624714,0.000206504895690859,0.000204476006327574,0.000202454429577546,0.000200440326419098,0.0001984338574533,0.000196435182970994,0.0001944444630224,0.000192461857489283,0.000190487526160228,0.000188521628808982,0.000186564325276196,0.000184615775554838,0.00018267613987972,0.000180745578821035,0.000178824253382775,0.000176912325105953,0.000175009956177316,0.000173117309543771,0.00017123454903311,0.00016936183948161,0.000167499346868768,0.000165647238460135,0.000163805682958634,0.00016197485066515,0.00016015491364928,0.000158346045930827,0.000156548423673337,0.000154762225390284,0.000152987632165378,0.000151224827887929,0.000149473999504817,0.000147735337290511,0.000146009035136568,0.000144295290862695,0.000142594306551165,0.000140906288906822,0.000139231449645078,0.000137570005910692,0.000135922180730109,0.000134288203500875,0.000132668310521682,0.000131062745567143,0.000129471760512029,0.000127895616009817,0.000126334582231533,0.000124788939671157,0.000123258980024879,0.000121745007152188,0.000120247338128153,0.000118766304396875,0.000117302253038129,0.000115855548160149,0.000114426572433542,0.000113015728783517,0.00011162344225976,0.000110250162106008,0.00010889636405496,0.000107562552877291,0.000106249265218523,0.000104957072762043,0.000103686585762921,0.000102438457004116,0.000101213386234746,0.000100012125160402,9.88354830667242e-05,9.76843331715453e-05,9.65596198177554e-05,9.54623666387491e-05,9.43936858525038e-05,9.33547888694238e-05,9.23469984345812e-05,9.13717625675398e-05,9.0430670616165e-05,8.95254718051128e-05,8.86580967399841e-05,8.78306824268685e-05,8.70456014912598e-05,8.6305496434983e-05,8.56133199656449e-05,8.49723826812045e-05,8.43864097088787e-05,8.3859608304235e-05,8.33967489427085e-05,8.3003263120736e-05,8.26853619837361e-05,8.24501810884155e-05,8.23059581965376e-05,8.22622531376094e-05,8.23302216899589e-05,8.2522959431172e-05,8.28559370696452e-05,8.33475565884749e-05,8.4019868669591e-05,8.48995079466662e-05,8.60189262015908e-05,8.74180387149465e-05,8.91464521703218e-05,9.12665246751007e-05,9.38576380661067e-05,9.70222718788753e-05,0.000100894814796749,0.000105654639612482,0.000111546005793957,0.000118909246295229,0.000128231289755274,0.000140230724996424,0.000156007660718739,0.000177322375703948,0.000207148503699136,0.000250864193969156,0.000319097626398445,0.000435530446947206,0.000662884092513929,0.00121965028073978,0.00338870595860345,0.0498437307258008,0.00933561323952358,0.00142547457245991,0.000502710739112294,0.000237772838952358,0.000130790547849082,7.89014726610248e-05,5.06733735395225e-05,3.40628584167513e-05,2.37159644241646e-05,1.69872819713311e-05,1.246212946516e-05,9.33608761725729e-06,7.12880912958948e-06,5.54181766804539e-06,4.3834517095734e-06,3.52721500002117e-06,2.88766943768021e-06,2.4059703538012e-06,2.04091360265376e-06,1.76324219240817e-06,1.55193869673535e-06,1.39175960043676e-06,1.27156468061535e-06,1.18316604815805e-06,1.12052327067316e-06,1.07917290229658e-06,1.05581922887189e-06,1.04803744325018e-06,1.05405622899732e-06,1.07259708335453e-06,1.1027546144353e-06,1.14390671746091e-06,1.19564673486556e-06,1.25773192474125e-06,1.33004411889306e-06,1.41255955539527e-06,1.50532566026716e-06,1.60844312337712e-06,1.72205202923078e-06,1.84632110837632e-06,1.98143940084991e-06,2.12760979122403e-06,2.28504400086025e-06,2.45395871809308e-06,2.63457261921455e-06,2.82710408822086e-06,3.03176948547553e-06,3.24878184799789e-06,3.47834992925645e-06,3.72067750593572e-06,3.97596289437173e-06,4.24439863138074e-06,4.52617128354332e-06,4.8214613564467e-06,5.1304432812328e-06,5.45328546045904e-06,5.79015035893701e-06,6.14119462817964e-06,6.50656925543805e-06,6.88641973014198e-06,7.28088622208736e-06,7.6901037669272e-06,8.114202455404e-06,8.55330762374026e-06,9.00754004284085e-06,9.47701610494829e-06,9.9618480063309e-06,1.04621439252698e-05,1.09780081945245e-05,1.15095414680017e-05,1.20568408812596e-05,1.26200002056609e-05,1.31991099961924e-05,1.3794257732983e-05,1.44055279564318e-05,1.50330023963148e-05,1.56767600948594e-05,1.63368775239975e-05,1.70134286970549e-05,1.77064852750567e-05,1.84161166677944e-05,1.91423901300247e-05,1.98853708528735e-05,2.06451220507789e-05,2.1421705044074e-05,2.22151793375415e-05,2.30256026950206e-05,2.38530312103869e-05,2.46975193749212e-05,2.55591201414834e-05,2.64378849854336e-05,2.73338639626041e-05,2.82471057643937e-05,2.9177657770298e-05,3.01255660977363e-05,3.10908756495827e-05,3.20736301593762e-05,3.30738722344124e-05,3.40916433966876e-05,3.51269841220481e-05,3.61799338773944e-05,3.72505311561919e-05,3.83388135123401e-05,3.9444817592488e-05,4.05685791668001e-05,4.17101331584542e-05,4.28695136716558e-05,4.40467540185653e-05,4.52418867448367e-05,4.64549436542132e-05,4.76859558318889e-05,4.89349536669799e-05,5.02019668739312e-05,5.14870245130498e-05,5.27901550101414e-05,5.41113861753906e-05,5.54507452212968e-05,5.68082587800497e-05,5.81839529200181e-05,5.95778531616998e-05,6.09899844929488e-05,6.24203713835985e-05,6.38690377995215e-05,6.53360072161156e-05,6.68213026312431e-05,6.83249465777475e-05,6.98469611353589e-05,7.13873679422353e-05,7.29461882060804e-05,7.45234427147487e-05,7.61191518465123e-05,7.77333355799817e-05,7.93660135036132e-05,8.10172048248319e-05,8.26869283789501e-05,8.43752026376552e-05,8.60820457172176e-05
0.000354026529170175,0.000351914323965421,0.000349795324834292,0.000347669829016566,0.000345538129877342,0.000343400516985005,0.000341257276187464,0.00033910868968633,0.000336955036109739,0.000334796590583085,0.000332633624798339,0.000330466407081752,0.000328295202460093,0.000326120272725316,0.000323941876498089,0.000321760269289586,0.000319575703562415,0.000317388428789988,0.000315198691514883,0.000313006735405981,0.000310812801314536,0.000308617127329154,0.000306419948829883,0.000304221498541182,0.00030202200658409,0.000299821700527412,0.00029762080543828,0.000295419543931568,0.000293218136218901,0.000291016800156753,0.000288815751293895,0.00028661520291824,0.000284415366103087,0.000282216449752691,0.000280018660647544,0.000277822203488928,0.000275627280943189,0.00027343409368539,0.000271242840442925,0.000269053718038524,0.00026686692143302,0.000264682643767951,0.000262501076407899,0.000260322408982632,0.000258146829429129,0.000255974524033599,0.000253805677473349,0.000251640472858675,0.000249479091774948,0.000247321714324543,0.000245168519169137,0.000243019683572134,0.000240875383441338,0.000238735793371928,0.000236601086689848,0.000234471435495508,0.000232347010708275,0.000230227982111059,0.000228114518396014,0.000226006787210609,0.000223904955204643,0.000221809188078026,0.00021971965062972,0.000217636506807347,0.000215559919758427,0.000213490051882362,0.000211427064884232,0.000209371119829698,0.000207322377201763,0.000205280996959101,0.000203247138596335,0.000201220961206351,0.000199202623544745,0.000197192284096674,0.000195190101146252,0.000193196232848661,0.000191210837305281,0.00018923407264199,0.000187266097090915,0.000185307069075823,0.000183357147301744,0.000181416490848553,0.000179485259269591,0.000177563612695004,0.000175651711940745,0.000173749718623213,0.000171857795280342,0.000169976105499545,0.000168104814052851,0.000166244087040255,0.000164394092041548,0.000162554998277475,0.000160726976781158,0.000158910200580291,0.000157104844891467,0.000155311087327197,0.000153529108117132,0.000151759090344481,0.000150001220198969,0.000148255687248105,0.00014652268472787,0.000144802409855154,0.000143095064163586,0.000141400853865076,0.000139719990239455,0.000138052690055001,0.000136399176022589,0.000134759677287165,0.000133134429959744,0.000131523677694492,0.000129927672315259,0.000128346674496513,0.000126780954504835,0.000125230793006916,0.000123696481951666,0.000122178325534191,0.000120676641251008,0.000119191761056673,0.00011772403263346,0.000116273820787336,0.000114841508985059,0.000113427501049492,0.000112032223032439,0.000110656125287075,0.000109299684765341,0.0001079634075691,0.000106647831788514,0.000105353530665907,0.000104081116129384,0.000102831242747487,0.000101604612164345,0.000100401978084636,9.9224151889048e-05,9.80720089748898e-05,9.69464959328534e-05,9.5848638690805e-05,9.47795517790477e-05,9.37404489003645e-05,9.27326550229487e-05,9.175762025654e-05,9.08169358241239e-05,8.99123525050636e-05,8.90458020041519e-05,8.82194217981808e-05,8.74355841334123e-05,8.66969299986505e-05,8.60064090906359e-05,8.53673270304626e-05,8.47834013992049e-05,8.42588285570011e-05,8.37983637225648e-05,8.34074174556583e-05,8.3092172558888e-05,8.28597265683851e-05,8.27182665406254e-05,8.26772849092766e-05,8.27478479917345e-05,8.29429325727368e-05,8.32778513268556e-05,8.37707953244668e-05,8.44435324946334e-05,8.53223162210662e-05,8.64390806033933e-05,8.78330320956665e-05,8.95527973317586e-05,9.16593640174886e-05,9.42301727928983e-05,9.73649123487344e-05,0.000101193890172005,0.000105890393230962,0.000111689399368289,0.000118916711979875,0.00012803581213363,0.000139726068016738,0.000155019119656252,0.000175549377013176,0.000204043870121449,0.000245357197605454,0.000308883642651977,0.00041495423645844,0.000615130645163091,0.00107649440553959,0.00264185238435105,0.0193578883814986,0.0205693936521576,0.00200759456845392,0.000639558890379355,0.000289834993719307,0.000155941592678152,9.29163352722028e-05,5.926017232992e-05,3.96923784307698e-05,2.75992160132137e-05,1.97746812479548e-05,1.45284220744361e-05,1.09095412398626e-05,8.35489103304218e-06,6.51676007093286e-06,5.17294940579444e-06,4.17733423959759e-06,3.43146801592406e-06,2.86765346529263e-06,2.43852077730472e-06,2.11043005567581e-06,1.85919121634782e-06,1.66722661378118e-06,1.52165360153111e-06,1.4129663489974e-06,1.33411558443809e-06,1.27985718838866e-06,1.24628530065901e-06,1.2304938781062e-06,1.23032884446361e-06,1.24420489567226e-06,1.27096895522801e-06,1.30979762654428e-06,1.36011965013215e-06,1.42155690812199e-06,1.49387929389791e-06,1.57697002130031e-06,1.67079884623829e-06,1.77540132181126e-06,1.89086267995439e-06,2.01730527876038e-06,2.15487881073292e-06,2.30375265776884e-06,2.46410992167757e-06,2.63614276679656e-06,2.8200487931382e-06,3.01602822093138e-06,3.22428171533204e-06,3.445008717022e-06,3.67840617302151e-06,3.92466758427056e-06,4.18398230397517e-06,4.45653503428503e-06,4.74250547962725e-06,5.04206812351211e-06,5.35539210225901e-06,5.68264115452399e-06,6.023973629641e-06,6.37954254129875e-06,6.749495655635e-06,7.13397560518367e-06,7.5331200216766e-06,7.94706168224572e-06,8.37592866455561e-06,8.81984450756102e-06,9.27892837491369e-06,9.75329521909904e-06,1.02430559444478e-05,1.07483175679106e-05,1.12691833764473e-05,1.18057530804359e-05,1.23581229625188e-05,1.29263860215395e-05,1.35106321113118e-05,1.41109480741434e-05,1.4727417868967e-05,1.53601226941825e-05,1.60091411052266e-05,1.66745491269449e-05,1.73564203609412e-05,1.80548260880281e-05,1.87698353658801e-05,1.95015151221823e-05,2.02499302433424e-05,2.10151436590013e-05,2.17972164224768e-05,2.25962077874017e-05,2.34121752806318e-05,2.42451747716561e-05,2.50952605386753e-05,2.59624853314942e-05,2.68469004313691e-05,2.77485557080301e-05,2.86674996738969e-05,2.96037795358104e-05,3.05574412441776e-05,3.15285295398992e-05,3.25170879989885e-05,3.35231590751949e-05,3.45467841404918e-05,3.55880035238309e-05,3.66468565479871e-05,3.77233815647544e-05,3.88176159885371e-05,3.99295963284124e-05,4.10593582186587e-05,4.22069364480658e-05,4.33723649877926e-05,4.45556770180725e-05,4.57569049536763e-05,4.6976080468373e-05,4.82132345181341e-05,4.9468397363572e-05,5.07415985912245e-05,5.20328671340038e-05,5.33422312908204e-05,5.46697187453394e-05,5.60153565839285e-05,5.73791713129287e-05,5.87611888751675e-05,6.016143466584e-05,6.15799335477275e-05,6.30167098657931e-05,6.44717874612014e-05,6.59451896848498e-05,6.74369394102338e-05,6.894705904597e-05,7.04755705477332e-05,7.20224954297522e-05,7.35878547759448e-05,7.51716692505073e-05,7.67739591082046e-05,7.83947442042801e-05,8.00340440039593e-05,8.16918775915965e-05,8.33682636795813e-05,8.50632206168512e-05,8.67767663970823e-05
0.000356299802914485,0.00035415424920944,0.000352002364408946,0.000349844438993427,0.00034768075971171,0.000345511609655142,0.000343337268329974,0.000341158011727945,0.000338974112395525,0.000336785839501239,0.00033459345890177,0.000332397233206355,0.000330197421840104,0.000327994281105564,0.000325788064243444,0.000323579021491644,0.000321367400143451,0.000319153444604364,0.000316937396447951,0.000314719494470486,0.000312499974744807,0.000310279070672878,0.000308057013037783,0.000305834030054537,0.000303610347420211,0.000301386188363118,0.000299161773691409,0.000296937321840707,0.000294713048921263,0.000292489168764276,0.000290265892967753,0.000288043430941574,0.000285821989952257,0.000283601775166988,0.000281382989697373,0.00027916583464254,0.000276950509132103,0.000274737210368403,0.000272526133668856,0.000270317472507636,0.0002681114185573,0.000265908161730176,0.000263707890219553,0.000261510790540743,0.000259317047572041,0.000257126844595678,0.000254940363338756,0.000252757784014144,0.000250579285361608,0.00024840504468898,0.000246235237913409,0.000244070039603112,0.000241909623019192,0.000239754160157864,0.000237603821793091,0.000235458777519635,0.000233319195796794,0.000231185243992419,0.000229057088427989,0.000226934894424053,0.000224818826346741,0.000222709047654995,0.000220605720949043,0.000218509008019455,0.000216419069898057,0.000214336066909428,0.000212260158724328,0.000210191504414267,0.000208130262507916,0.000206076591049171,0.000204030647657141,0.000201992589588269,0.000199962573800514,0.000197940757020107,0.00019592729581075,0.000193922346645652,0.00019192606598258,0.000189938610342139,0.000187960136389483,0.000185990801019794,0.000184030761447918,0.000182080175302121,0.000180139200722827,0.000178207996466171,0.000176286722013195,0.000174375537684844,0.0001724746047633,0.000170584085620361,0.000168704143853,0.000166834944427166,0.000164976653830178,0.00016312944023246,0.000161293473659614,0.000159468926175358,0.000157655972076573,0.000155854788101237,0.000154065553650538,0.000152288451026242,0.000150523665684835,0.000148771386509802,0.00014703180610369,0.000145305121101764,0.000143591532509322,0.000141891246064737,0.000140204472630691,0.000138531428616457,0.00013687233643388,0.000135227424990701,0.000133596930224745,0.000131981095683039,0.000130380173150695,0.000128794423334226,0.000127224116605532,0.000125669533812554,0.000124130967164079,0.000122608721196534,0.000121103113832184,0.000119614477538664,0.000118143160601756,0.000116689528524352,0.000115253965566685,0.000113836876444523,0.000112438688204951,0.000111059852301371,0.000109700846893302,0.000108362179399463,0.000107044389337481,0.000105748051488371,0.000104473779429666,0.000103222229488413,0.000101994105172818,0.00010079016215161,9.96112138611213e-05,9.84581378339766e-05,9.73318828595468e-05,9.62334771057222e-05,9.51640373550869e-05,9.41247795368893e-05,9.31170307705015e-05,9.21422431777758e-05,9.12020097727033e-05,9.02980827994787e-05,8.94323949670529e-05,8.86070841238895e-05,8.78245220356087e-05,8.70873480770763e-05,8.63985088376001e-05,8.57613048751558e-05,8.51794461571523e-05,8.46571181116687e-05,8.41990607121812e-05,8.38106636660032e-05,8.34980816248199e-05,8.32683744534658e-05,8.31296790808458e-05,8.30914214527463e-05,8.31645798106512e-05,8.33620142214083e-05,8.36988824019771e-05,8.41931690465244e-05,8.48663660118271e-05,8.57443552861851e-05,8.68585678865769e-05,8.82475232154337e-05,8.9958900625951e-05,9.20523672919881e-05,9.46034995837221e-05,9.77093159252308e-05,0.000101496235178999,0.000106131772824586,0.00011184215137131,0.000118939552332355,0.000127865630000809,0.000139263547461041,0.00015410236861633,0.000173902853669096,0.000201172691455119,0.000240309640173879,0.000299658145060453,0.000396796219893282,0.000574578846641526,0.000963291071092857,0.0021428994758307,0.0104463557196468,0.0659237577640303,0.0029452931535504,0.000824299124252144,0.000355132336721126,0.000186263078588023,0.000109409395883019,6.92067614081376e-05,4.61433146314511e-05,3.20156720809363e-05,2.29280947697475e-05,1.68574537714006e-05,1.26786358228544e-05,9.73117484602023e-06,7.61004859029593e-06,6.05779500571186e-06,4.90577453704526e-06,4.04070361111149e-06,3.38483650758773e-06,2.88383366924442e-06,2.49911823372484e-06,2.2029372795504e-06,1.97509886023728e-06,1.80077317468073e-06,1.66898445847097e-06,1.57156012620075e-06,1.50238802791499e-06,1.45688468739327e-06,1.431610135485e-06,1.42398596633813e-06,1.43208696704748e-06,1.45448577649434e-06,1.49013615983624e-06,1.53828466951494e-06,1.59840335561254e-06,1.67013821063836e-06,1.75326946323058e-06,1.84768085600099e-06,1.95333577838691e-06,2.07025866053601e-06,2.19852042640418e-06,2.33822709427239e-06,2.48951082858536e-06,2.65252290879385e-06,2.82742820284946e-06,3.01440082556147e-06,3.21362073274166e-06,3.425271056217e-06,3.64953602665276e-06,3.88659936354695e-06,4.13664303690097e-06,4.39984632493605e-06,4.67638510756271e-06,4.96643134758063e-06,5.27015272122696e-06,5.5877123673105e-06,5.91926873026332e-06,6.26497547729657e-06,6.62498147374818e-06,6.99943080378857e-06,7.38846282618377e-06,7.79221225680431e-06,8.21080927124683e-06,8.64437962213706e-06,9.09304476693124e-06,9.55692200266072e-06,1.003612460498e-05,1.05307619692855e-05,1.10409397522701e-05,1.15667600124474e-05,1.21083213487833e-05,1.26657190364595e-05,1.32390451593548e-05,1.38283887386455e-05,1.44338358573773e-05,1.50554697806576e-05,1.56933710714706e-05,1.63476177020163e-05,1.70182851605377e-05,1.77054465537647e-05,1.84091727049715e-05,1.91295322477452e-05,1.98665917156561e-05,2.06204156278592e-05,2.13910665708434e-05,2.21786052764196e-05,2.29830906961196e-05,2.38045800721234e-05,2.46431290049441e-05,2.54987915178508e-05,2.63716201183856e-05,2.72616658569356e-05,2.81689783825721e-05,2.90936059962722e-05,3.00355957017122e-05,3.09949932536006e-05,3.19718432038341e-05,3.29661889454692e-05,3.39780727547272e-05,3.5007535830959e-05,3.6054618334893e-05,3.71193594250501e-05,3.8201797292568e-05,3.93019691943884e-05,4.04199114850488e-05,4.15556596469142e-05,4.27092483192141e-05,4.38807113256787e-05,4.50700817010386e-05,4.62773917163176e-05,4.75026729030764e-05,4.87459560765499e-05,5.00072713578609e-05,5.12866481952458e-05,5.25841153843849e-05,5.38997010879242e-05,5.52334328541345e-05,5.65853376348103e-05,5.79554418024539e-05,5.9343771166748e-05,6.07503509903656e-05,6.21752060041202e-05,6.36183604216003e-05,6.50798379530628e-05,6.65596618189807e-05,6.80578547628845e-05,6.95744390638493e-05,7.11094365483863e-05,7.2662868601976e-05,7.42347561801534e-05,7.58251198190871e-05,7.7433979645867e-05,7.9061355388406e-05,8.07072663849257e-05,8.23717315931265e-05,8.40547695990559e-05,8.57563986256464e-05,8.74766365408794e-05
0.000358539176053143,0.0003563608824364,0.000354176709223231,0.000351986940399621,0.000349791856355234,0.000347591733953877,0.00034538684660242,0.000343177464317906,0.000340963853793564,0.000338746278462944,0.000336524998562947,0.000334300271195313,0.000332072350386969,0.000329841487148932,0.000327607929534289,0.000325371922694691,0.000323133708935974,0.000320893527772658,0.000318651615981334,0.000316408207653185,0.000314163534245505,0.000311917824632238,0.000309671305153852,0.000307424199666203,0.000305176729588708,0.000302929113951694,0.000300681569443141,0.000298434310454613,0.000296187549126681,0.000293941495393667,0.000291696357027793,0.000289452339682885,0.000287209646937474,0.000284968480337498,0.000282729039438611,0.000280491521847972,0.00027825612326582,0.000276023037526551,0.000273792456639768,0.000271564570830813,0.000269339568581238,0.000267117636669059,0.000264898960208907,0.000262683722692042,0.000260472106026317,0.000258264290576127,0.000256060455202463,0.000253860777302883,0.000251665432851771,0.000249474596440644,0.000247288441318644,0.000245107139433475,0.000242930861472523,0.000240759776904261,0.000238594054020327,0.000236433859977839,0.000234279360842489,0.000232130721632033,0.000229988106360671,0.000227851678084104,0.000225721598945356,0.000223598030221653,0.000221481132372301,0.000219371065087489,0.00021726798733856,0.000215172057429331,0.000213083433049063,0.000211002271326727,0.000208928728887123,0.000206862961908663,0.000204805126183172,0.000202755377177707,0.000200713870098662,0.00019868075995827,0.000196656201643818,0.000194640349989449,0.000192633359851293,0.000190635386185625,0.000188646584130678,0.000186667109092105,0.000184697116832754,0.000182736763566521,0.000180786206057257,0.00017884560172254,0.000176915108743116,0.000174994886178177,0.000173085094087052,0.000171185893657947,0.000169297447343976,0.000167419919007413,0.000165553474072614,0.000163698279688421,0.000161854504900792,0.000160022320836536,0.000158201900899104,0.000156393420977354,0.000154597059668596,0.000152812998517007,0.000151041422268719,0.000149282519145328,0.000147536481137175,0.000145803504318308,0.000144083789185189,0.000142377541021268,0.000140684970289791,0.000139006293057754,0.000137341731453761,0.000135691514163166,0.00013405587696436,0.000132435063309938,0.000130829324957887,0.000129238922657202,0.00012766412689439,0.000126105218706596,0.000124562490569171,0.000123036247365202,0.000121526807446487,0.000120034503796032,0.00011855968530375,0.000117102718168396,0.000115663987440678,0.00011424389872437,0.000112842880054765,0.000111461383976187,0.000110099889844016,0.00010875890637948,0.000107438974510556,0.000106140670536809,0.000104864609661904,0.000103611449944563,0.000102381896726552,0.000101176707606137,9.99966980365024e-05,9.88427476422688e-05,9.77158073632656e-05,9.66169075540552e-05,9.55471671907539e-05,9.45078043646571e-05,9.35001482761224e-05,9.25256529830374e-05,9.1585913208571e-05,9.06826825744407e-05,8.98178947017055e-05,8.89936877146643e-05,8.82124328006694e-05,8.74767676236863e-05,8.67896355734901e-05,8.61543320633792e-05,8.55745593844987e-05,8.50544920011414e-05,8.459885465766e-05,8.42130162968855e-05,8.39031036135146e-05,8.36761391493884e-05,8.3540210277493e-05,8.35046773493224e-05,8.35804318877498e-05,8.37802192679223e-05,8.41190452432799e-05,8.4614692533565e-05,8.52883833857763e-05,8.61656378965734e-05,8.72773980357722e-05,8.86615170185693e-05,9.03647582058755e-05,9.24455156755366e-05,9.4977574399332e-05,9.80553962387769e-05,0.000101801692112878,0.000106378499278865,0.000112003772802463,0.000118976907638651,0.000127719210371226,0.000138840363753895,0.000153252117766349,0.000172372340840385,0.000198512965535063,0.000235671349277869,0.000291293326937739,0.000380675466919282,0.000539789562454666,0.000871960499689275,0.00179122625558367,0.00666983736888843,0.383533230209954,0.00457343066450722,0.00107974077377663,0.000437938909925891,0.000223032329466398,0.000128880923604786,8.07469418245653e-05,5.35394267625272e-05,3.70371920213797e-05,2.64923336963159e-05,1.94787991491781e-05,1.46638111793542e-05,1.12723370480282e-05,8.83256541945315e-06,7.0462811467367e-06,5.71900580689184e-06,4.72052842503177e-06,3.96169655024696e-06,3.38029272985569e-06,2.93218048183728e-06,2.5856075054031e-06,2.31745533341394e-06,2.11071967225967e-06,1.9527865915659e-06,1.83423385708778e-06,1.74798513714919e-06,1.68870525814071e-06,1.65236260120793e-06,1.63590898360703e-06,1.63704315660603e-06,1.65403449960867e-06,1.68559050769871e-06,1.73075644928797e-06,1.78883886743358e-06,1.85934689980076e-06,1.94194701655901e-06,2.03642793388892e-06,2.14267329467519e-06,2.26064031386483e-06,2.3903430298839e-06,2.53183913118926e-06,2.68521957100129e-06,2.85060036583872e-06,3.02811611131155e-06,3.21791485309232e-06,3.42015403083764e-06,3.63499727398094e-06,3.86261187560036e-06,4.10316680716247e-06,4.35683116546041e-06,4.62377296535871e-06,4.90415820951017e-06,5.19815017997807e-06,5.50590890768423e-06,5.82759078423573e-06,6.16334828764797e-06,6.51332979891875e-06,6.87767949102735e-06,7.25653727520659e-06,7.65003879250883e-06,8.05831544073201e-06,8.48149442887832e-06,8.9196988525722e-06,9.37304778543835e-06,9.84165638204488e-06,1.03256359891644e-05,1.08250942625722e-05,1.13401352872695e-05,1.18708596992701e-05,1.24173648077425e-05,1.29797447162525e-05,1.35580904424158e-05,1.41524900351736e-05,1.47630286893543e-05,1.53897888569527e-05,1.60328503550931e-05,1.66922904703462e-05,1.7368184059354e-05,1.80606036457171e-05,1.87696195131089e-05,1.94952997946567e-05,2.0237710558651e-05,2.09969158906526e-05,2.17729779720889e-05,2.25659571554125e-05,2.33759120359891e-05,2.42028995207538e-05,2.50469748938587e-05,2.59081918792773e-05,2.67866027006802e-05,2.76822581385122e-05,2.85952075845476e-05,2.95254990938574e-05,3.04731794345742e-05,3.14382941352198e-05,3.24208875300128e-05,3.34210028020215e-05,3.44386820244826e-05,3.54739662000967e-05,3.65268952987286e-05,3.75975082932658e-05,3.86858431939652e-05,3.97919370812486e-05,4.09158261370715e-05,4.20575456748068e-05,4.32171301679952e-05,4.43946132776503e-05,4.5590027878547e-05,4.68034060842329e-05,4.80347792710997e-05,4.92841781012949e-05,5.0551632544805e-05,5.18371719004834e-05,5.31408248162626e-05,5.44626193085324e-05,5.5802582780718e-05,5.71607420410198e-05,5.85371233195766e-05,5.99317522847661e-05,6.13446540590191e-05,6.27758532338861e-05,6.4225373884535e-05,6.56932395837076e-05,6.71794734151259e-05,6.86840979863437e-05,7.02071354411533e-05,7.17486074714819e-05,7.33085353288645e-05,7.48869398354959e-05,7.64838413948372e-05,7.80992600018107e-05,7.973321525274e-05,8.13857263547921e-05,8.3056812135115e-05,8.47464910497358e-05,8.64547811920681e-05,8.81817003010683e-05
0.000360745438633436,0.000358534995236075,0.000356319112897683,0.000354098069359305,0.000351872138893679,0.000349641592372355,0.000347406697331234,0.000345167718034655,0.000342924915538217,0.00034067854775005,0.000338428869490957,0.000336176132553119,0.000333920585757813,0.000331662475011677,0.000329402043362257,0.000327139531051987,0.000324875175571606,0.000322609211712231,0.000320341871616676,0.000318073384829779,0.000315803978347922,0.000313533876667493,0.000311263301832959,0.000308992473483747,0.000306721608900648,0.000304450923051445,0.000302180628635925,0.000299910936130213,0.000297642053830522,0.00029537418789642,0.0002931075423935,0.000290842319335593,0.000288578718726484,0.000286316938601266,0.000284057175067328,0.000281799622344875,0.000279544472807279,0.000277291917020955,0.000275042143785223,0.000272795340171805,0.000270551691564159,0.000268311381696702,0.00026607459269393,0.000263841505109473,0.000261612297965127,0.000259387148789883,0.000257166233659075,0.000254949727233535,0.000252737802799023,0.00025053063230573,0.000248328386408059,0.000246131234504764,0.000243939344779363,0.000241752884240993,0.0002395720187657,0.000237396913138143,0.00023522773109423,0.000233064635363865,0.000230907787714943,0.00022875734899777,0.0002266134791905,0.000224476337445465,0.000222346082136724,0.000220222870908336,0.000218106860724354,0.000215998207919751,0.000213897068253049,0.000211803596960329,0.000209717948811021,0.000207640278165513,0.000205570739034657,0.000203509485141485,0.00020145666998508,0.000199412446907019,0.000197376969160408,0.000195350389981727,0.000193332862665812,0.000191324540644088,0.0001893255775664,0.000187336127386517,0.000185356344452039,0.00018338638359836,0.000181426400247794,0.000179476550513529,0.000177536991309343,0.000175607880465174,0.000173689376849181,0.000171781640496848,0.000169884832747456,0.00016799911638887,0.00016612465581097,0.000164261617168647,0.000162410168555108,0.00016057048018631,0.000158742724597576,0.000156927076853134,0.000155123714770139,0.000153332819158011,0.000151554574074643,0.000149789167101039,0.000148036789635727,0.000146297637211167,0.00014457190983371,0.000142859812349762,0.000141161554840085,0.000139477353045506,0.000137807428826451,0.000136152010660101,0.000134511334178513,0.000132885642751989,0.000131275188122434,0.00012968023109124,0.000128101042268215,0.000126537902887299,0.00012499110569659,0.000123460955930692,0.000121947772374386,0.000120451888527972,0.000118973653885815,0.000117513435341138,0.000116071618731928,0.000114648610544823,0.000113244839796115,0.000111860760111662,0.000110496852030906,0.000109153625563262,0.000107831623030031,0.000106531422229351,0.00010525363996791,0.000103998936009612,0.000102768017499671,0.000101561643931908,0.000100380632738244,9.92258655926808e-05,9.80982955382405e-05,9.6998955063902e-05,9.59289652818027e-05,9.48895463823725e-05,9.38820295784531e-05,9.29078707898344e-05,9.19686663692533e-05,9.10661712312058e-05,9.02023198195785e-05,8.93792504419731e-05,8.85993336132915e-05,8.78652051936432e-05,8.71798052853579e-05,8.65464240800583e-05,8.59687561347465e-05,8.54509649228912e-05,8.49977599801662e-05,8.46144895763987e-05,8.43072526450331e-05,8.40830347520693e-05,8.39498742800727e-05,8.39170668656441e-05,8.39954186432936e-05,8.41975622752702e-05,8.45383544662174e-05,8.50353802335888e-05,8.57095984680917e-05,8.65861765435216e-05,8.76955808814e-05,8.90750185112767e-05,9.07703666929222e-05,9.28387915578846e-05,9.53523557592882e-05,9.84030719071466e-05,0.000102110112663337,0.000106630310974227,0.000112173807332889,0.000119027980035031,0.000127595140090384,0.000138453957224419,0.000152463578949536,0.000170948483843244,0.000196045333950827,0.000231399086287168,0.000283682094472228,0.000366285334789736,0.00050967383752695,0.000797014404105638,0.00153288849131118,0.00471013705497917,0.134332961835277,0.00771839897908637,0.00144346788237592,0.000544311430056523,0.000267921419058149,0.000151954455447787,9.41625581172505e-05,6.20263348877807e-05,4.2746785268748e-05,3.05184173112444e-05,2.2425737466096e-05,1.68878455094901e-05,1.299460010368e-05,1.01962553370959e-05,8.14745530131266e-06,6.62404959438945e-06,5.47650781935218e-06,4.6027268326397e-06,3.93158498180736e-06,3.41268610228201e-06,3.00978993156734e-06,2.69650346170933e-06,2.45339542625334e-06,2.26602750701591e-06,2.12358839452662e-06,2.0179317498209e-06,1.94288936989824e-06,1.89377475771418e-06,1.86702027696657e-06,1.85990923080321e-06,1.87037618615975e-06,1.89685689383007e-06,1.93817460995625e-06,1.99345338029969e-06,2.06205146566583e-06,2.14350993094617e-06,2.23751273345757e-06,2.34385559052398e-06,2.46242159154786e-06,2.59316202136152e-06,2.73608123180514e-06,2.89122467356302e-06,3.05866940636933e-06,3.23851656094012e-06,3.43088534385506e-06,3.6359082664513e-06,3.85372734781104e-06,4.08449109513193e-06,4.32835210610114e-06,4.58546516988624e-06,4.85598576874878e-06,5.14006890182947e-06,5.43786816842643e-06,5.74953506035762e-06,6.07521842283352e-06,6.41506405113664e-06,6.76921439661695e-06,7.13780836060517e-06,7.52098115882631e-06,7.91886424222459e-06,8.33158526269814e-06,8.75926807443583e-06,9.20203276318091e-06,9.65999569739966e-06,1.01332695961028e-05,1.0621963609433e-05,1.11261834085607e-05,1.16460312822979e-05,1.21816062381456e-05,1.2733004106149e-05,1.33003176440493e-05,1.38836366426765e-05,1.44830480306529e-05,1.50986359777836e-05,1.57304819964519e-05,1.63786650407993e-05,1.70432616032107e-05,1.77243458080013e-05,1.84219895020707e-05,1.91362623425113e-05,1.9867231881018e-05,2.06149636452012e-05,2.13795212166968e-05,2.21609663062527e-05,2.29593588256591e-05,2.37747569568128e-05,2.46072172178004e-05,2.54567945262161e-05,2.63235422597077e-05,2.72075123139552e-05,2.81087551580985e-05,2.9027319887732e-05,2.99632542755112e-05,3.09166048196761e-05,3.18874167902705e-05,3.28757342733986e-05,3.3881600213508e-05,3.49050564538344e-05,3.59461437749764e-05,3.70049019318799e-05,3.80813696891056e-05,3.91755848546291e-05,4.02875843120744e-05,4.14174040516687e-05,4.25650791996969e-05,4.37306440468426e-05,4.49141320752029e-05,4.6115575984202e-05,4.73350077153631e-05,4.85724584760993e-05,4.982795876238e-05,5.11015383806341e-05,5.23932264685491e-05,5.37030515151171e-05,5.50310413798685e-05,5.63772233112618e-05,5.77416239643576e-05,5.91242694177696e-05,6.05251851899568e-05,6.19443962548626e-05,6.33819270568979e-05,6.48378015254087e-05,6.63120430885022e-05,6.78046746864125e-05,6.93157187842706e-05,7.08451973844709e-05,7.23931320385314e-05,7.39595438584789e-05,7.55444535279073e-05,7.71478813124909e-05,7.8769847070215e-05,8.04103702612106e-05,8.20694699572224e-05,8.37471648507154e-05,8.54434732637187e-05,8.71584131563331e-05,8.88920021348793e-05
0.000362919350862298,0.000360677330247193,0.000358430300961088,0.00035617853473534,0.000353922299954318,0.000351661861719257,0.000349397481910863,0.000347129419250366,0.000344857929359562,0.000342583264819244,0.000340305675226768,0.000338025407252091,0.000335742704693013,0.000333457808529133,0.000331170956974828,0.000328882385531259,0.000326592327037311,0.00032430101171978,0.000322008667242494,0.000319715518754681,0.000317421788938587,0.000315127698056069,0.000312833463994825,0.000310539302313555,0.000308245426286684,0.000305952046948269,0.000303659373135537,0.000301367611531524,0.000299076966707502,0.000296787641164661,0.000294499835375442,0.00029221374782433,0.000289929575048354,0.000287647511677057,0.000285367750472323,0.000283090482367654,0.000280815896507382,0.000278544180285406,0.000276275519383997,0.000274010097812228,0.000271748097944263,0.000269489700557604,0.000267235084871324,0.000264984428584103,0.000262737907912442,0.000260495697628797,0.000258257971099887,0.000256024900325113,0.000253796655975132,0.000251573407430669,0.00024935532282157,0.000247142569066236,0.000244935311911426,0.000242733715972421,0.000240537944773679,0.000238348160790089,0.000236164525488907,0.000233987199372042,0.000231816342019522,0.000229652112133451,0.00022749466758301,0.000225344165450289,0.000223200762077494,0.000221064613114825,0.000218935873570117,0.000216814697859439,0.00021470123985942,0.000212595652960957,0.000210498090124834,0.00020840870393901,0.000206327646678042,0.000204255070364495,0.000202191126832817,0.000200135967795595,0.000198089744912508,0.000196052609862148,0.000194024714416998,0.000192006210521639,0.000189997250374657,0.000187997986514195,0.000186008571908028,0.000184029160047643,0.000182059905047545,0.000180100961749472,0.000178152485832348,0.000176214633928205,0.000174287563744541,0.000172371434193891,0.000170466405530689,0.000168572639496574,0.000166690299474361,0.000164819550651666,0.000162960560194846,0.000161113497434166,0.000159278534061121,0.000157455844338959,0.000155645605327474,0.000153847997123402,0.000152063203117645,0.000150291410271044,0.000148532809410042,0.000146787595544279,0.000145055968208077,0.000143338131827911,0.00014163429611839,0.000139944676509531,0.000138269494608135,0.000136608978696681,0.000134963364273494,0.000133332894638134,0.000131717821526882,0.000130118405802967,0.000128534918207762,0.000126967640179019,0.000125416864743405,0.000123882897491497,0.000122366057644139,0.000120866679220489,0.000119385112319406,0.000117921724526902,0.000116476902464836,0.00011505105349739,0.000113644607614518,0.000112258019514101,0.00011089177090783,0.000109546373079039,0.000108222369725368,0.000106920340123746,0.000105640902660967,0.000104384718780003,0.000103152497399813,0.000101944999876308,0.000100763045582609,9.9607518200341e-05,9.84793728293189e-05,9.73796440417559e-05,9.63094550295834e-05,9.52700280208597e-05,9.42626961740733e-05,9.32889171987063e-05,9.23502889996366e-05,9.14485677018053e-05,9.05856884854889e-05,8.97637897520965e-05,8.89852412534053e-05,8.82526769564145e-05,8.75690335922518e-05,8.69375960582296e-05,8.63620511238083e-05,8.58465512490824e-05,8.53957907856297e-05,8.50150974249799e-05,8.47105425366351e-05,8.44890750565798e-05,8.43586849362876e-05,8.43286039628361e-05,8.44095541861724e-05,8.46140574883997e-05,8.4956824363419e-05,8.54552462737155e-05,8.61300248067775e-05,8.70059834622251e-05,8.81131261013966e-05,8.94880327517332e-05,9.11757231436955e-05,9.32321784626558e-05,9.57278045747447e-05,9.87522661977158e-05,0.000102421357245112,0.000106886962460549,0.000112351828653335,0.000119092028090988,0.000127492114431858,0.000138101983118363,0.000151732408015724,0.000169622895947098,0.000193752700399905,0.000227455402270371,0.000276734089923178,0.00035337647367697,0.000483394239998135,0.000734611528719694,0.00133676737270773,0.00355582726312853,0.0373767840754993,0.014865087607969,0.00198071845337111,0.000683038142254337,0.000323148678251388,0.000179413854783737,0.000109795385566547,7.17761195785e-05,4.92406540049352e-05,3.50645805687463e-05,2.57357925035669e-05,1.93761646625125e-05,1.49159196522339e-05,1.17142443508123e-05,9.37119797163612e-06,7.62853236875388e-06,6.31465770800659e-06,5.31276367441308e-06,4.54166382376545e-06,3.94391481127722e-06,3.47824137357041e-06,3.11458792604868e-06,2.83081577166929e-06,2.61045604555561e-06,2.44115448193202e-06,2.31357826317613e-06,2.22063687103529e-06,2.15691968043068e-06,2.11828531095892e-06,2.10155863018607e-06,2.1043050404771e-06,2.12466086146876e-06,2.16120484399056e-06,2.21286012686022e-06,2.27881892151237e-06,2.35848430134505e-06,2.45142496006926e-06,2.55733987140628e-06,2.67603055684445e-06,2.80737923415121e-06,2.95133153676647e-06,3.10788280425089e-06,3.2770671759131e-06,3.45894889459829e-06,3.65361536013001e-06,3.86117157303446e-06,4.08173568676282e-06,4.31543544646415e-06,4.56240533880922e-06,4.82278431351177e-06,5.09671396548813e-06,5.38433708889857e-06,5.68579653185824e-06,6.00123429451802e-06,6.33079082431585e-06,6.67460447108632e-06,7.03281107162718e-06,7.40554363929666e-06,7.79293213850314e-06,8.19510332784181e-06,8.6121806585754e-06,9.044284217602e-06,9.49153070595116e-06,9.95403344570026e-06,1.04319024091707e-05,1.0925244265702e-05,1.14341624418964e-05,1.19587571922284e-05,1.24991256771824e-05,1.3055362046933e-05,1.36275575286924e-05,1.42158005163554e-05,1.48201766612673e-05,1.5440768963259e-05,1.60776578610797e-05,1.67309213217951e-05,1.74006349286222e-05,1.80868719668617e-05,1.87897035076293e-05,1.95091984893313e-05,2.02454237965052e-05,2.09984443362248e-05,2.17683231117635e-05,2.25551212936992e-05,2.33588982882903e-05,2.41797118032997e-05,2.50176179112157e-05,2.58726711099412e-05,2.67449243810088e-05,2.76344292454384e-05,2.85412358172382e-05,2.94653928546815e-05,3.04069478093557e-05,3.13659468732636e-05,3.23424350237412e-05,3.33364560666026e-05,3.43480526773137e-05,3.53772664405202e-05,3.64241378877327e-05,3.74887065335326e-05,3.85710109101364e-05,3.96710886004985e-05,4.07889762700117e-05,4.19247096968729e-05,4.30783238010709e-05,4.42498526722839e-05,4.54393295964578e-05,4.66467870813857e-05,4.78722568811006e-05,4.9115770019396e-05,5.03773568121845e-05,5.16570468891313e-05,5.29548692142566e-05,5.42708521057483e-05,5.56050232549651e-05,5.69574097447111e-05,5.83280380666722e-05,5.97169341383076e-05,6.11241233188904e-05,6.25496304251284e-05,6.39934797459705e-05,6.54556950569932e-05,6.69362996341104e-05,6.84353162668673e-05,6.99527672711216e-05,7.14886745013586e-05,7.30430593624482e-05,7.46159428209891e-05,7.62073454163233e-05,7.78172872709648e-05,7.94457881007899e-05,8.10928672248633e-05,8.27585435748403e-05,8.44428357040313e-05,8.61457617962133e-05,8.78673396741368e-05,8.96075868075984e-05
