0,0,0,0,0,0,0,0,0,0,0,0,0,0,0,0,0,0,0,0,0,0,0,0,0,0,0,0,0,0,0,0,0,0,0,0,0,0,0,0,0,0,0,0,0,0,0,0,0,0,0,0,0,0,0,0,0,0,0,0,0,0,0,0,0,0,0,0,0,0,0,0,0,0,0,0,0,0,0,0,0,0,0,0,0,0,0,0,0,0,0,0,0,0,0,0,0,0,0,0,0,0,0,0,0,0,0,0,0,0,0,0,0,0,0,0,0,0,0,0,0,0,0,0,0,0,0,0,0,0,0,0,0,0,0,0,0,0,0,0,0,0,0,0,0
0,0,0,0,0,0,0,0,0,0,0,0,0,0,0,0,0,0,0,0,0,0,0,0,0,0,0,0,0,0,0,0,0,0,0,0,0,0,0,0,0,0,0,0,0,0,0,0,0,0,0,0,0,0,0,0,0,0,0,0,0,0,0,0,0,0,0,0,0,0,0,0,0,0,0,0,0,0,0,0,0,0,0,0,0,0,0,0,0,0,0,0,0,0,0,0,0,0,0,0,0,0,0,0,0,0,0,0,0,0,0,0,0,0,0,0,0,0,0,0,0,0,0,0,0,0,0,0,0,0,0,0,0,0,0,0,0,0,0,0,0,0,0,0,0
0,0,0,0,0,0,0,0,0,0,0,0,0,0,0,0,0,0,0,0,0,0,0,0,0,0,0,0,0,0,0,0,0,0,0,0,0,0,0,0,0,0,0,0,0,0,0,0,0,0,0,0,0,0,0,0,0,0,0,0,0,0,0,0,0,0,0,0,0,0,0,0,0,0,0,0,0,0,0,0,0,0,0,0,0,0,0,0,0,0,0,0,0,0,0,0,0,0,0,0,0,0,0,0,0,0,0,0,0,0,0,0,0,0,0,0,0,0,0,0,0,0,0,0,0,0,0,0,0,0,0,0,0,0,0,0,0,0,0,0,0,0,0,0,0
0,0,0,0,0,0,0,0,0,0,0,0,0,0,0,0,0,0,0,0,0,0,0,0,0,0,0,0,0,0,0,0,0,0,0,0,0,0,0,0,0,0,0,0,0,0,0,0,0,0,0,0,0,0,0,0,0,0,0,0,0,0,0,0,0,0,0,0,0,0,0,0,0,0,0,0,0,0,0,0,0,0,0,0,0,0,0,0,0,0,0,0,0,0,0,0,0,0,0,0,0,0,0,0,0,0,0,0,0,0,0,0,0,0,0,0,0,0,0,0,0,0,0,0,0,0,0,0,0,0,0,0,0,0,0,0,0,0,0,0,0,0,0,0,0
0,0,0,0,0,0,0,0,0,0,0,0,0,0,0,0,0,0,0,0,0,0,0,0,0,0,0,0,0,0,0,0,0,0,0,0,0,0,0,0,0,0,0,0,0,0,0,0,0,0,0,0,0,0,0,0,0,0,0,0,0,0,0,0,0,0,0,0,0,0,0,0,0,0,0,0,0,0,0,0,0,0,0,0,0,0,0,0,0,0,0,0,0,0,0,0,0,0,0,0,0,0,0,0,0,0,0,0,0,0,0,0,0,0,0,0,0,0,0,0,0,0,0,0,0,0,0,0,0,0,0,0,0,0,0,0,0,0,0,0,0,0,0,0,0
0,0,0,0,0,0,0,0,0,0,0,0,0,0,0,0,0,0,0,0,0,0,0,0,0,0,0,0,0,0,0,0,0,0,0,0,0,0,0,0,0,0,0,0,0,0,0,0,0,0,0,0,0,0,0,0,0,0,0,0,0,0,0,0,0,0,0,0,0,0,0,0,0,0,0,0,0,0,0,0,0,0,0,0,0,0,0,0,0,0,0,0,0,0,0,0,0,0,0,0,0,0,0,0,0,0,0,0,0,0,0,0,0,0,0,0,0,0,0,0,0,0,0,0,0,0,0,0,0,0,0,0,0,0,0,0,0,0,0,0,0,0,0,0,0
0,0,0,0,0,0,0,0,0,0,0,0,0,0,0,0,0,0,0,0,0,0,0,0,0,0,0,0,0,0,0,0,0,0,0,0,0,0,0,0,0,0,0,0,0,0,0,0,0,0,0,0,0,0,0,0,0,0,0,0,0,0,0,0,0,0,0,0,0,0,0,0,0,0,0,0,0,0,0,0,0,0,0,0,0,0,0,0,0,0,0,0,0,0,0,0,0,0,0,0,0,0,0,0,0,0,0,0,0,0,0,0,0,0,0,0,0,0,0,0,0,0,0,0,0,0,0,0,0,0,0,0,0,0,0,0,0,0,0,0,0,0,0,0,0
0,0,0,0,0,0,0,0,0,0,0,0,0,0,0,0,0,0,0,0,0,0,0,0,0,0,0,0,0,0,0,0,0,0,0,0,0,0,0,0,0,0,0,0,0,0,0,0,0,0,0,0,0,0,0,0,0,0,0,0,0,0,0,0,0,0,0,0,0,0,0,0,0,0,0,0,0,0,0,0,0,0,0,0,0,0,0,0,0,0,0,0,0,0,0,0,0,0,0,0,0,0,0,0,0,0,0,0,0,0,0,0,0,0,0,0,0,0,0,0,0,0,0,0,0,0,0,0,0,0,0,0,0,0,0,0,0,0,0,0,0,0,0,0,0
0,0,0,0,0,0,0,0,0,0,0,0,0,0,0,0,0,0,0,0,0,0,0,0,0,0,0,0,0,0,0,0,0,0,0,0,0,0,0,0,0,0,0,0,0,0,0,0,0,0,0,0,0,0,0,0,0,0,0,0,0,0,0,0,0,0,0,0,0,0,0,0,0,0,0,0,0,0,0,0,0,0,0,0,0,0,0,0,0,0,0,0,0,0,0,0,0,0,0,0,0,0,0,0,0,0,0,0,0,0,0,0,0,0,0,0,0,0,0,0,0,0,0,0,0,0,0,0,0,0,0,0,0,0,0,0,0,0,0,0,0,0,0,0,0
0,0,0,0,0,0,0,0,0,0,0,0,0,0,0,0,0,0,0,0,0,0,0,0,0,0,0,0,0,0,0,0,0,0,0,0,0,0,0,0,0,0,0,0,0,0,0,0,0,0,0,0,0,0,0,0,0,0,0,0,0,0,0,0,0,0,0,0,0,0,0,0,0,0,0,0,0,0,0,0,0,0,0,0,0,0,0,0,0,0,0,0,0,0,0,0,0,0,0,0,0,0,0,0,0,0,0,0,0,0,0,0,0,0,0,0,0,0,0,0,0,0,0,0,0,0,0,0,0,0,0,0,0,0,0,0,0,0,0,0,0,0,0,0,0
0,0,0,0,0,0,0,0,0,0,0,0,0,0,0,0,0,0,0,0,0,0,0,0,0,0,0,0,0,0,0,0,0,0,0,0,0,0,0,0,0,0,0,0,0,0,0,0,0,0,0,0,0,0,0,0,0,0,0,0,0,0,0,0,0,0,0,0,0,0,0,0,0,0,0,0,0,0,0,0,0,0,0,0,0,0,0,0,0,0,0,0,0,0,0,0,0,0,0,0,0,0,0,0,0,0,0,0,0,0,0,0,0,0,0,0,0,0,0,0,0,0,0,0,0,0,0,0,0,0,0,0,0,0,0,0,0,0,0,0,0,0,0,0,0
0,0,0,0,0,0,0,0,0,0,0,0,0,0,0,0,0,0,0,0,0,0,0,0,0,0,0,0,0,0,0,0,0,0,0,0,0,0,0,0,0,0,0,0,0,0,0,0,0,0,0,0,0,0,0,0,0,0,0,0,0,0,0,0,0,0,0,0,0,0,0,0,0,0,0,0,0,0,0,0,0,0,0,0,0,0,0,0,0,0,0,0,0,0,0,0,0,0,0,0,0,0,0,0,0,0,0,0,0,0,0,0,0,0,0,0,0,0,0,0,0,0,0,0,0,0,0,0,0,0,0,0,0,0,0,0,0,0,0,0,0,0,0,0,0
0,0,0,0,0,0,0,0,0,0,0,0,0,0,0,0,0,0,0,0,0,0,0,0,0,0,0,0,0,0,0,0,0,0,0,0,0,0,0,0,0,0,0,0,0,0,0,0,0,0,0,0,0,0,0,0,0,0,0,0,0,0,0,0,0,0,0,0,0,0,0,0,0,0,0,0,0,0,0,0,0,0,0,0,0,0,0,0,0,0,0,0,0,0,0,0,0,0,0,0,0,0,0,0,0,0,0,0,0,0,0,0,0,0,0,0,0,0,0,0,0,0,0,0,0,0,0,0,0,0,0,0,0,0,0,0,0,0,0,0,0,0,0,0,0
0,0,0,0,0,0,0,0,0,0,0,0,0,0,0,0,0,0,0,0,0,0,0,0,0,0,0,0,0,0,0,0,0,0,0,0,0,0,0,0,0,0,0,0,0,0,0,0,0,0,0,0,0,0,0,0,0,0,0,0,0,0,0,0,0,0,0,0,0,0,0,0,0,0,0,0,0,0,0,0,0,0,0,0,0,0,0,0,0,0,0,0,0,0,0,0,0,0,0,0,0,0,0,0,0,0,0,0,0,0,0,0,0,0,0,0,0,0,0,0,0,0,0,0,0,0,0,0,0,0,0,0,0,0,0,0,0,0,0,0,0,0,0,0,0
0,0,0,0,0,0,0,0,0,0,0,0,0,0,0,0,0,0,0,0,0,0,0,0,0,0,0,0,0,0,0,0,0,0,0,0,0,0,0,0,0,0,0,0,0,0,0,0,0,0,0,0,0,0,0,0,0,0,0,0,0,0,0,0,0,0,0,0,0,0,0,0,0,0,0,0,0,0,0,0,0,0,0,0,0,0,0,0,0,0,0,0,0,0,0,0,0,0,0,0,0,0,0,0,0,0,0,0,0,0,0,0,0,0,0,0,0,0,0,0,0,0,0,0,0,0,0,0,0,0,0,0,0,0,0,0,0,0,0,0,0,0,0,0,0
0,0,0,0,0,0,0,0,0,0,0,0,0,0,0,0,0,0,0,0,0,0,0,0,0,0,0,0,0,0,0,0,0,0,0,0,0,0,0,0,0,0,0,0,0,0,0,0,0,0,0,0,0,0,0,0,0,0,0,0,0,0,0,0,0,0,0,0,0,0,0,0,0,0,0,0,0,0,0,0,0,0,0,0,0,0,0,0,0,0,0,0,0,0,0,0,0,0,0,0,0,0,0,0,0,0,0,0,0,0,0,0,0,0,0,0,0,0,0,0,0,0,0,0,0,0,0,0,0,0,0,0,0,0,0,0,0,0,0,0,0,0,0,0,0
0,0,0,0,0,0,0,0,0,0,0,0,0,0,0,0,0,0,0,0,0,0,0,0,0,0,0,0,0,0,0,0,0,0,0,0,0,0,0,0,0,0,0,0,0,0,0,0,0,0,0,0,0,0,0,0,0,0,0,0,0,0,0,0,0,0,0,0,0,0,0,0,0,0,0,0,0,0,0,0,0,0,0,0,0,0,0,0,0,0,0,0,0,0,0,0,0,0,0,0,0,0,0,0,0,0,0,0,0,0,0,0,0,0,0,0,0,0,0,0,0,0,0,0,0,0,0,0,0,0,0,0,0,0,0,0,0,0,0,0,0,0,0,0,0
0,0,0,0,0,0,0,0,0,0,0,0,0,0,0,0,0,0,0,0,0,0,0,0,0,0,0,0,0,0,0,0,0,0,0,0,0,0,0,0,0,0,0,0,0,0,0,0,0,0,0,0,0,0,0,0,0,0,0,0,0,0,0,0,0,0,0,0,0,0,0,0,0,0,0,0,0,0,0,0,0,0,0,0,0,0,0,0,0,0,0,0,0,0,0,0,0,0,0,0,0,0,0,0,0,0,0,0,0,0,0,0,0,0,0,0,0,0,0,0,0,0,0,0,0,0,0,0,0,0,0,0,0,0,0,0,0,0,0,6.89857122233155e-07,1.12642665777101e-06,1.38981627241884e-06,1.57362691432312e-06,1.7071673546883e-06,1.80463735805915e-06
0,0,0,0,0,0,0,0,0,0,0,0,0,0,0,0,0,0,0,0,0,0,0,0,0,0,0,0,0,0,0,0,0,0,0,0,0,0,0,0,0,0,0,0,0,0,0,0,0,0,0,0,0,0,0,0,0,0,0,0,0,0,0,0,0,0,0,0,0,0,0,0,0,0,0,0,0,0,0,0,0,0,0,0,0,0,0,0,0,0,0,0,0,0,0,0,0,0,0,0,0,0,0,0,0,0,0,0,0,0,0,0,0,0,0,0,0,0,0,0,0,0,0,0,0,0,0,0,0,0,3.37285839002099e-07,1.30168009664328e-06,1.74863544381248e-06,2.05452155129246e-06,2.28051755081052e-06,2.45201953359493e-06,2.58277876945723e-06,2.68137809405987e-06,2.75368055824696e-06,2.80395113855086e-06,2.83543968426515e-06,2.85071249080205e-06,2.85185419761294e-06,2.8405974763539e-06,2.81841000717074e-06
0,0,0,0,0,0,0,0,0,0,0,0,0,0,0,0,0,0,0,0,0,0,0,0,0,0,0,0,0,0,0,0,0,0,0,0,0,0,0,0,0,0,0,0,0,0,0,0,0,0,0,0,0,0,0,0,0,0,0,0,0,0,0,0,0,0,0,0,0,0,0,0,0,0,0,0,0,0,0,0,0,0,0,0,0,0,0,0,0,0,0,0,0,0,0,0,0,0,0,0,0,0,0,0,0,0,0,0,0,0,0,0,0,0,0,0,0,0,0,0,0,0,1.2907062982466e-06,2.04462487496507e-06,2.52601634610592e-06,2.87907104158208e-06,3.15066956516289e-06,3.36365391544398e-06,3.53141196747883e-06,3.66270282105084e-06,3.76369619176089e-06,3.83897536413026e-06,3.89208490531233e-06,3.92585381821191e-06,3.94259792536992e-06,3.94425279036693e-06,3.93246447578996e-06,3.90865355063155e-06,3.87406148570633e-06,3.82978508302273e-06,3.77680255184181e-06,3.71599361423893e-06,3.64815525396045e-06,3.57401422724265e-06,3.49423712732177e-06
0,0,0,0,0,0,0,0,0,0,0,0,0,0,0,0,0,0,0,0,0,0,0,0,0,0,0,0,0,0,0,0,0,0,0,0,0,0,0,0,0,0,0,0,0,0,0,0,0,0,0,0,0,0,0,0,0,0,0,0,0,0,0,0,0,0,0,0,0,0,0,0,0,0,0,0,0,0,0,0,0,0,0,0,0,0,0,0,0,0,0,0,0,0,0,0,0,0,0,0,0,0,0,0,0,0,0,0,0,0,0,0,0,7.53396088217432e-07,2.202409852931e-06,2.9439207946262e-06,3.47060101176237e-06,3.87478740190901e-06,4.19528893158633e-06,4.45314116935361e-06,4.66143174844826e-06,4.82905413894258e-06,4.96243636880211e-06,5.06644186171276e-06,5.14488242187106e-06,5.20083065102056e-06,5.23682052816552e-06,5.25498179768903e-06,5.25713323697898e-06,5.24484933061394e-06,5.2195091524134e-06,5.18233299288602e-06,5.13441033111184e-06,5.07672155696896e-06,5.01015509242403e-06,4.93552106654378e-06,4.85356236894395e-06,4.76496368102101e-06,4.67035892749654e-06,4.57033747974358e-06,4.46544936238196e-06,4.35620965629485e-06,4.24310224802143e-06,4.12658304309966e-06,4.00708273650515e-06
0,0,0,0,0,0,0,0,0,0,0,0,0,0,0,0,0,0,0,0,0,0,0,0,0,0,0,0,0,0,0,0,0,0,0,0,0,0,0,0,0,0,0,0,0,0,0,0,0,0,0,0,0,0,0,0,0,0,0,0,0,0,0,0,0,0,0,0,0,0,0,0,0,0,0,0,0,0,0,0,0,0,0,0,0,0,0,0,0,0,0,0,0,0,0,0,0,0,0,0,0,0,0,0,0,2.08372530848834e-06,3.24696030140201e-06,4.01454565580545e-06,4.593410002548e-06,5.05233092208928e-06,5.42494453052039e-06,5.73094028386763e-06,5.98315517899086e-06,6.19058892305838e-06,6.35989104323177e-06,6.49617410801568e-06,6.60349373450155e-06,6.68514914554874e-06,6.74388044245032e-06,6.78200317189256e-06,6.80150311574184e-06,6.80410490368471e-06,6.79132285189479e-06,6.76449940389179e-06,6.72483471848889e-06,6.6734098044039e-06,6.61120486402905e-06,6.53911402206204e-06,6.45795728599931e-06,6.36849035874943e-06,6.27141276457832e-06,6.16737463592445e-06,6.05698242640002e-06,5.94080375459985e-06,5.81937153849677e-06,5.69318754616285e-06,5.56272546279196e-06,5.42843355413449e-06,5.29073699102944e-06,5.1500398876929e-06,5.00672709687808e-06,4.86116579742638e-06,4.71370690370604e-06,4.56468632152338e-06,4.41442607109094e-06
0,0,0,0,0,0,0,0,0,0,0,0,0,0,0,0,0,0,0,0,0,0,0,0,0,0,0,0,0,0,0,0,0,0,0,0,0,0,0,0,0,0,0,0,0,0,0,0,0,0,0,0,0,0,0,0,0,0,0,0,0,0,0,0,0,0,0,0,0,0,0,0,0,0,0,0,0,0,0,0,0,0,0,0,0,0,0,0,0,0,0,0,0,0,0,0,1.25871256035012e-06,3.34068683785939e-06,4.45750264900088e-06,5.26846487367511e-06,5.90473900440374e-06,6.42177613642024e-06,6.8496264835211e-06,7.20693993125088e-06,7.50634363642874e-06,7.75692502292655e-06,7.96552721234326e-06,8.1374869720038e-06,8.27708405600559e-06,8.38782953465903e-06,8.4726588178145e-06,8.53406548164e-06,8.57419682726706e-06,8.59492385091239e-06,8.59789360184252e-06,8.58456911054495e-06,8.55626035003926e-06,8.51414860201726e-06,8.45930588797002e-06,8.392710650106e-06,8.3152605425883e-06,8.22778296796714e-06,8.1310438339175e-06,8.02575489053936e-06,7.91257992460444e-06,7.79214002515385e-06,7.66501808847014e-06,7.53176269526231e-06,7.3928914661152e-06,7.24889398041165e-06,7.10023432786466e-06,6.94735334895803e-06,6.79067061069371e-06,6.63058615582004e-06,6.46748205743392e-06,6.30172380547641e-06,6.13366154754744e-06,5.96363120282908e-06,5.7919554651404e-06,5.61894470879591e-06,5.44489780887362e-06,5.27010288594413e-06,5.09483798389457e-06,4.91937168829983e-06,4.74396369186416e-06
0,0,0,0,0,0,0,0,0,0,0,0,0,0,0,0,0,0,0,0,0,0,0,0,0,0,0,0,0,0,0,0,0,0,0,0,0,0,0,0,0,0,0,0,0,0,0,0,0,0,0,0,0,0,0,0,0,0,0,0,0,0,0,0,0,0,0,0,0,0,0,0,0,0,0,0,0,0,0,0,0,0,0,0,0,0,0,0,3.04740820805247e-06,4.72419006671376e-06,5.85152860339131e-06,6.71620028795176e-06,7.41423263478489e-06,7.99258636748481e-06,8.47869143851363e-06,8.89037553486455e-06,9.24009135284388e-06,9.53700283128131e-06,9.78812599338938e-06,9.9990020674213e-06,1.01741186882324e-05,1.03171861271548e-05,1.04313255387483e-05,1.05192014236494e-05,1.05831174027039e-05,1.06250870968858e-05,1.06468876560263e-05,1.06501009073451e-05,1.06361454871253e-05,1.06063022841928e-05,1.05617348411681e-05,1.05035058983223e-05,1.04325909473015e-05,1.03498894389987e-05,1.02562341308218e-05,1.01523989433884e-05,1.00391056120472e-05,9.91702935564922e-06,9.78680373768614e-06,9.64902485880743e-06,9.50425499200863e-06,9.35302575041769e-06,9.19584086063436e-06,9.03317860144808e-06,8.86549395715028e-06,8.69322052624135e-06,8.51677221952008e-06,8.33654477602859e-06,8.15291712085456e-06,7.96625258505487e-06,7.77690000492305e-06,7.58519471533908e-06,7.39145944979925e-06,7.19600515794899e-06,6.99913174999779e-06,6.80112877612146e-06,6.60227604791503e-06,6.40284420801355e-06,6.20309525328592e-06,6.00328301633044e-06,5.80365360939374e-06,5.60444583439306e-06,5.40589156229131e-06,5.20821608467427e-06,5.01163844010596e-06
0,0,0,0,0,0,0,0,0,0,0,0,0,0,0,0,0,0,0,0,0,0,0,0,0,0,0,0,0,0,0,0,0,0,0,0,0,0,0,0,0,0,0,0,0,0,0,0,0,0,0,0,0,0,0,0,0,0,0,0,0,0,0,0,0,0,0,0,0,0,0,0,0,0,0,0,0,0,0,1.79731278222369e-06,4.69589325214485e-06,6.27791399615054e-06,7.44155017757147e-06,8.3670636327012e-06,9.13055663162299e-06,9.77316211029244e-06,1.03203272260347e-05,1.07892212834751e-05,1.11921549085748e-05,1.15383627659319e-05,1.18350182886665e-05,1.20878510021516e-05,1.2301542260328e-05,1.24799899014542e-05,1.26264915419945e-05,1.27438753110656e-05,1.2834595466622e-05,1.29008038591128e-05,1.29444043632488e-05,1.29670950331249e-05,1.29704012354891e-05,1.295570203809e-05,1.29242514769637e-05,1.28771958813861e-05,1.28155881254694e-05,1.27403994562783e-05,1.26525293909226e-05,1.25528140601023e-05,1.24420332908025e-05,1.2320916657251e-05,1.21901486812214e-05,1.2050373326082e-05,1.19021979005851e-05,1.17461964663172e-05,1.15829128254333e-05,1.14128631515112e-05,1.12365383154418e-05,1.10544059494818e-05,1.08669122854843e-05,1.06744837975166e-05,1.04775286744082e-05,1.02764381437929e-05,1.00715876661075e-05,9.86333801420845e-06,9.65203625216618e-06,9.43801662482337e-06,9.22160136817985e-06,9.00310144932777e-06,8.78281724354936e-06,8.56103915513812e-06,8.33804818783487e-06,8.11411646989268e-06,7.88950773831976e-06,7.66447778624597e-06,7.43927487688229e-06,7.21414012724467e-06,6.98930786439798e-06,6.76500595663903e-06,6.54145612190104e-06,6.31887421529678e-06,6.09747049759168e-06,5.87744988621086e-06,5.65901219019857e-06,5.44235233042152e-06,5.22766054620861e-06
0,0,0,0,0,0,0,0,0,0,0,0,0,0,0,0,0,0,0,0,0,0,0,0,0,0,0,0,0,0,0,0,0,0,0,0,0,0,0,0,0,0,0,0,0,0,0,0,0,0,0,0,0,0,0,0,0,0,0,0,0,0,0,0,0,0,0,0,0,0,0,4.14192688089657e-06,6.47120919966541e-06,8.01506893866834e-06,9.23117887130497e-06,1.0223063612193e-05,1.10552389799768e-05,1.1764787266424e-05,1.23756502341244e-05,1.29044688192903e-05,1.33634353170637e-05,1.37618454726894e-05,1.41070113988588e-05,1.44048314802333e-05,1.46601633827892e-05,1.48770778027651e-05,1.50590367262238e-05,1.52090221125861e-05,1.53296309850671e-05,1.54231471364581e-05,1.54915961702115e-05,1.55367884182996e-05,1.55603528772182e-05,1.55637643801332e-05,1.55483656003562e-05,1.5515385052683e-05,1.54659519582704e-05,1.54011086246651e-05,1.53218208372157e-05,1.52289866443737e-05,1.51234438347624e-05,1.50059763402119e-05,1.4877319750551e-05,1.473816608891e-05,1.45891679673317e-05,1.44309422201017e-05,1.42640730944339e-05,1.40891150639655e-05,1.39065953193847e-05,1.37170159812938e-05,1.35208560731478e-05,1.33185732860201e-05,1.31106055621643e-05,1.28973725200771e-05,1.26792767406059e-05,1.2456704930745e-05,1.22300289794091e-05,1.19996069175614e-05,1.17657837934066e-05,1.15288924718926e-05,1.12892543666531e-05,1.10471801114601e-05,1.0802970177362e-05,1.05569154409826e-05,1.03092977088171e-05,1.00603902016842e-05,9.81045800320294e-06,9.55975847556409e-06,9.30854164559673e-06,9.05705056378982e-06,8.80552163863504e-06,8.55418494840439e-06,8.30326453231295e-06,8.05297866274279e-06,7.80354010007507e-06,7.55515633155985e-06,7.30802979547737e-06,7.06235809170316e-06,6.81833417974866e-06,6.57614656521986e-06,6.33597947553536e-06,6.09801302569333e-06,5.86242337482426e-06,5.62938287412738e-06,5.39906020686722e-06
0,0,0,0,0,0,0,0,0,0,0,0,0,0,0,0,0,0,0,0,0,0,0,0,0,0,0,0,0,0,0,0,0,0,0,0,0,0,0,0,0,0,0,0,0,0,0,0,0,0,0,0,0,0,0,0,0,0,0,0,0,0,2.26144696417767e-06,6.23273277426002e-06,8.38464362883778e-06,9.97891061550783e-06,1.12595083849419e-05,1.23288849869516e-05,1.32427963355184e-05,1.4037010432252e-05,1.47390642968181e-05,1.53800884592521e-05,1.60499604861797e-05,1.02163148320873e-05,1.63359856601093e-05,1.68139764480363e-05,1.71596872669248e-05,1.74414319719446e-05,1.76761185628631e-05,1.78713749319273e-05,1.80318811238167e-05,1.8161027576565e-05,1.82615048320861e-05,1.83355622259109e-05,1.83851407842637e-05,1.84119504034718e-05,1.84175191449175e-05,1.84032271038469e-05,1.83703310068002e-05,1.83199828429854e-05,1.82532444366816e-05,1.8171099130557e-05,1.80744613363721e-05,1.79641844645609e-05,1.78410675916772e-05,1.77058611260108e-05,1.75592716649109e-05,1.74019661912417e-05,1.72345757232046e-05,1.70576985076522e-05,1.68719028287477e-05,1.66777294902909e-05,1.64756940190758e-05,1.62662886286128e-05,1.60499839756498e-05,1.58272307368087e-05,1.5598461028314e-05,1.53640896881764e-05,1.51245154375446e-05,1.48801219352828e-05,1.4631278738081e-05,1.43783421766054e-05,1.41216561568219e-05,1.38615528945063e-05,1.35983535897942e-05,1.33323690480166e-05,1.30639002520115e-05,1.27932388907634e-05,1.25206678484577e-05,1.22464616577483e-05,1.19708869203977e-05,1.16942026983513e-05,1.14166608777626e-05,1.11385065083757e-05,1.08599781203279e-05,1.05813080202873e-05,1.03027225685776e-05,1.00244424388944e-05,9.74668286192184e-06,9.46965385416373e-06,9.19356043310183e-06,8.91860281967095e-06,8.64497662911239e-06,8.37287305091517e-06,8.10247901872606e-06,7.83397737088748e-06,7.56754700232685e-06,7.30336300830554e-06,7.0415968206145e-06,6.78241633677847e-06,6.5259860426384e-06,6.27246712878671e-06,6.02201760126191e-06,5.77479238684603e-06,5.53094343329058e-06
0,0,0,0,0,0,0,0,0,0,0,0,0,0,0,0,0,0,0,0,0,0,0,0,0,0,0,0,0,0,0,0,0,0,0,0,0,0,0,0,0,0,0,0,0,0,0,0,0,0,0,0,0,0,5.30363512482662e-06,8.40615998045993e-06,1.05097360491221e-05,1.21494513610952e-05,1.34993741984286e-05,1.46434483641628e-05,1.5630250316018e-05,1.64911538791273e-05,1.72480098368688e-05,1.7916931369525e-05,1.85103848953433e-05,1.90384708408138e-05,1.95098150798733e-05,1.99323291006033e-05,2.03140972230655e-05,2.06648674505056e-05,2.09994943991333e-05,2.13485034613401e-05,2.18045702254844e-05,2.29435961855457e-05,1.64543290869496e-05,2.0452538529274e-05,2.09730853801173e-05,2.11946785006237e-05,2.13121412678089e-05,2.13731199460226e-05,2.13955861259769e-05,2.13882166492379e-05,2.13559738812156e-05,2.13020750902689e-05,2.12288141328748e-05,2.1137948439257e-05,2.10308990770945e-05,2.09088622377691e-05,2.07728753672802e-05,2.06238585445662e-05,2.04626416046294e-05,2.02899826620051e-05,2.01065812312377e-05,1.99130878275661e-05,1.9710111198804e-05,1.94982239154475e-05,1.92779667916758e-05,1.90498524533386e-05,1.88143682691717e-05,1.85719787969553e-05,1.83231278529925e-05,1.80682402841533e-05,1.78077235012104e-05,1.75419688179785e-05,1.72713526303223e-05,1.69962374616863e-05,1.67169728960762e-05,1.64338964153042e-05,1.61473341541181e-05,1.58576015842602e-05,1.55650041366816e-05,1.52698377695456e-05,1.4972389488484e-05,1.46729378244916e-05,1.43717532741725e-05,1.40690987063188e-05,1.37652297382638e-05,1.34603950849879e-05,1.3154836883683e-05,1.28487909959556e-05,1.25424872898009e-05,1.22361499031007e-05,1.19299974902184e-05,1.16242434531286e-05,1.13190961584131e-05,1.10147591411441e-05,1.07114312967811e-05,1.04093070619643e-05,1.01085765850608e-05,9.80942588718008e-06,9.51203701441643e-06,9.21658818187399e-06,8.92325391010433e-06,8.63220515445545e-06,8.34360942778324e-06,8.05763091701859e-06,7.7744305939612e-06,7.49416632067441e-06,7.21699294980657e-06,6.94306242019845e-06,6.67252384803529e-06,6.4055236137929e-06,6.14220544528033e-06,5.88271049696647e-06,5.62717742582268e-06
0,0,0,0,0,0,0,0,0,0,0,0,0,0,0,0,0,0,0,0,0,0,0,0,0,0,0,0,0,0,0,0,0,0,0,0,0,0,0,0,0,0,0,0,0,2.44330442183533e-06,7.89708402845604e-06,1.07406897747945e-05,1.28486694142825e-05,1.4548611627451e-05,1.59750370929238e-05,1.71995078739944e-05,1.82657950712763e-05,1.92031686564457e-05,2.00324654046377e-05,2.07692284452647e-05,2.14254849699235e-05,2.20108249802348e-05,2.25330938416715e-05,2.29988593874473e-05,2.34137424461083e-05,2.378266362679e-05,2.4110040780395e-05,2.43999630023004e-05,2.46563655142359e-05,2.48832357334162e-05,2.50848989745374e-05,2.52664760912805e-05,2.54347126363671e-05,2.55996633656669e-05,2.57785673885276e-05,2.60062766979312e-05,2.63704224624503e-05,2.71848945129954e-05,3.11412655005726e-05,1.83360433085667e-05,2.27619094125681e-05,2.35440445872652e-05,2.3808680657972e-05,2.38925350229123e-05,2.38870711803639e-05,2.38277266374422e-05,2.37313450683422e-05,2.36071218506148e-05,2.34606226415278e-05,2.32955022277616e-05,2.31143259731908e-05,2.29189971689763e-05,2.27109948702794e-05,2.2491513771429e-05,2.22615503615783e-05,2.20219581310351e-05,2.17734841822056e-05,2.15167942555617e-05,2.12524903054129e-05,2.0981123148473e-05,2.07032017709194e-05,2.04192003177083e-05,2.01295634406365e-05,1.98347104623139e-05,1.95350386707863e-05,1.92309259655895e-05,1.89227330126106e-05,1.86108050217665e-05,1.82954732310755e-05,1.79770561594992e-05,1.76558606754403e-05,1.73321829166455e-05,1.70063090891574e-05,1.66785161667637e-05,1.63490725078846e-05,1.60182384032918e-05,1.56862665655063e-05,1.53534025684985e-05,1.50198852448397e-05,1.46859470461332e-05,1.43518143715493e-05,1.40177078684594e-05,1.36838427086282e-05,1.33504288427167e-05,1.30176712355896e-05,1.26857700845073e-05,1.23549210219326e-05,1.20253153045394e-05,1.1697139989762e-05,1.13705781010338e-05,1.10458087827472e-05,1.07230074458639e-05,1.04023459049429e-05,1.00839925072955e-05,9.76811225495787e-06,9.45486691993205e-06,9.14441515336124e-06,8.83691258894566e-06,8.53251194108907e-06,8.23136309814524e-06,7.9336132110978e-06,7.63940677798119e-06,7.34888572428013e-06,7.0621894796807e-06,6.77945505125996e-06,6.50081709345842e-06,6.2264079749505e-06,5.95635784265074e-06,5.69079468297072e-06
0,0,0,0,0,0,0,0,0,0,0,0,0,0,0,0,0,0,0,0,0,0,0,0,0,0,0,0,0,0,0,0,0,0,0,0,0,6.43904015597234e-06,1.05262595115301e-05,1.32716110596684e-05,1.54142775747178e-05,1.71851745187374e-05,1.86938177033483e-05,2.00028826583423e-05,2.11524601603794e-05,2.21701787412358e-05,2.3076129875304e-05,2.38855320778574e-05,2.4610289095343e-05,2.52599580282106e-05,2.58423806738649e-05,2.63641120562291e-05,2.68307213971619e-05,2.72470099883576e-05,2.76171734057516e-05,2.79449257039398e-05,2.82335974033081e-05,2.84862155707803e-05,2.87055722163128e-05,2.88942861268503e-05,2.90548629409775e-05,2.91897587403578e-05,2.93014539320063e-05,2.93925473050993e-05,2.94658861194589e-05,2.9524759572987e-05,2.9573205842094e-05,2.96165307050346e-05,2.96622427018271e-05,2.97218696913926e-05,2.98148232001192e-05,2.9977647415559e-05,3.02900811831008e-05,3.09691145773691e-05,3.28968358297768e-05,4.84710723865484e-05,1.90122228991128e-05,2.39221995651727e-05,2.50586915600352e-05,2.54596221920303e-05,2.5586908858108e-05,2.55792994822756e-05,2.54931194025975e-05,2.5355713053769e-05,2.51820725599608e-05,2.49811908745068e-05,2.47588557887205e-05,2.45190125721897e-05,2.42644836355697e-05,2.3997373521077e-05,2.37193089587418e-05,2.34315874672992e-05,2.31352727977788e-05,2.2831258217136e-05,2.25203096514861e-05,2.22030958307484e-05,2.18802098184144e-05,2.15521846955278e-05,2.12195051932588e-05,2.08826164635462e-05,2.05419307928199e-05,2.01978328138181e-05,1.98506836045436e-05,1.95008239517414e-05,1.91485769789766e-05,1.87942502860977e-05,1.8438137708689e-05,1.80805207789559e-05,1.77216699499069e-05,1.73618456299163e-05,1.70012990643149e-05,1.66402730924055e-05,1.62790028022528e-05,1.59177161010964e-05,1.55566342152922e-05,1.51959721315051e-05,1.48359389880308e-05,1.44767384240005e-05,1.41185688925247e-05,1.37616239428742e-05,1.34060924759087e-05,1.30521589763476e-05,1.27000037247117e-05,1.23498029915643e-05,1.20017292160957e-05,1.16559511708442e-05,1.13126341141187e-05,1.09719399314866e-05,1.06340272673787e-05,1.02990516478976e-05,9.96716559564283e-06,9.63851873731325e-06,9.31325790476562e-06,8.99152723013601e-06,8.67346823544104e-06,8.35921991725577e-06,8.04891882678756e-06,7.74269914570965e-06,7.44069275810279e-06,7.14302931883737e-06,6.8498363185543e-06,6.56123914559666e-06,6.27736114502663e-06,5.9983236749467e-06,5.72424616034433e-06
0,0,0,0,0,0,0,0,0,0,0,0,0,0,0,0,0,0,0,0,0,0,0,0,0,0,0,0,1.76152722846474e-06,9.61324694251759e-06,1.32994109101087e-05,1.60199991384136e-05,1.82172224624989e-05,2.00675389605722e-05,2.16634559139357e-05,2.30610035796965e-05,2.42973634404068e-05,2.53988260737236e-05,2.63848736911357e-05,2.72704747987777e-05,2.80674659063001e-05,2.87854296757484e-05,2.94322779118145e-05,3.00146528178489e-05,3.05382117109957e-05,3.10078344117847e-05,3.14277778276558e-05,3.18017935838215e-05,3.21332192611339e-05,3.24250504682703e-05,3.26799988250871e-05,3.29005395198832e-05,3.30889511628884e-05,3.32473500354626e-05,3.33777204348313e-05,3.34819425842048e-05,3.35618194927968e-05,3.36191042080446e-05,3.36555291270559e-05,3.36728394837667e-05,3.36728339119639e-05,3.36574163017364e-05,3.36286653796105e-05,3.35889322228657e-05,3.354098255448e-05,3.34882127294577e-05,3.34349912027516e-05,3.33872228899538e-05,3.33533303892128e-05,3.33460656209475e-05,3.33861108952868e-05,3.35099429355922e-05,3.3789299519094e-05,3.43887277449856e-05,3.5790025811802e-05,4.02717848424717e-05,0.00014548398490808,1.89560795313513e-05,2.42682540356136e-05,2.57884096411293e-05,2.63806566744288e-05,2.66025528654782e-05,2.66374186350575e-05,2.65633070404342e-05,2.64191806373623e-05,2.62267424513837e-05,2.59991046166193e-05,2.57447072780404e-05,2.54692698818654e-05,2.51768384597123e-05,2.48703825621569e-05,2.45521527255044e-05,2.42239035735412e-05,2.38870380452329e-05,2.35427035048459e-05,2.31918575054792e-05,2.28353138500138e-05,2.2473775528819e-05,2.21078587155267e-05,2.17381105447979e-05,2.13650224862468e-05,2.09890405472478e-05,2.06105731573231e-05,2.02299973340491e-05,1.9847663558704e-05,1.94638996717446e-05,1.90790140155561e-05,1.86932979930327e-05,1.83070281688277e-05,1.79204680089143e-05,1.75338693321165e-05,1.7147473530146e-05,1.67615126003648e-05,1.63762100258716e-05,1.59917815303e-05,1.56084357292056e-05,1.52263746954652e-05,1.48457944528141e-05,1.44668854090199e-05,1.40898327380239e-05,1.37148167186854e-05,1.33420130365812e-05,1.29715930540079e-05,1.2603724052631e-05,1.22385694524617e-05,1.18762890102379e-05,1.15170389998048e-05,1.11609723767598e-05,1.08082389292061e-05,1.04589854162642e-05,1.01133556957193e-05,9.77149084199273e-06,9.43352925550032e-06,9.09960676426835e-06,8.76985671860923e-06,8.44441007952589e-06,8.12339550147827e-06,7.80693941000561e-06,7.49516607465693e-06,7.18819767773361e-06,6.88615437907529e-06,6.58915437731733e-06,6.29731396790186e-06,6.01074759800975e-06,5.72956791878043e-06
0,0,0,0,0,0,0,0,0,0,0,0,0,0,0,0,0,0,0,0,7.40663957453026e-06,1.27472774540978e-05,1.62631994878385e-05,1.90007876883723e-05,2.12668801198331e-05,2.32036896240839e-05,2.48915317691209e-05,2.6381311595429e-05,2.77078622438252e-05,2.88963640981094e-05,2.99657888610928e-05,3.09309009249725e-05,3.18034939422775e-05,3.25931930221444e-05,3.33079962402925e-05,3.39546524769716e-05,3.45389325478046e-05,3.50658285096093e-05,3.55397032789922e-05,3.59644050546616e-05,3.63433562894179e-05,3.66796239259192e-05,3.69759756226645e-05,3.72349253642851e-05,3.74587709390347e-05,3.7649625133501e-05,3.78094420488578e-05,3.79400396264298e-05,3.8043119245897e-05,3.812028310139e-05,3.81730499541476e-05,3.82028697953212e-05,3.82111379235841e-05,3.81992089497382e-05,3.81684112874624e-05,3.81200627845282e-05,3.80554883093207e-05,3.79760403592146e-05,3.78831241455745e-05,3.77782292071289e-05,3.76629705310124e-05,3.75391436248979e-05,3.74088003452332e-05,3.72743561922577e-05,3.71387464365694e-05,3.70056601668749e-05,3.68799028292197e-05,3.67679789953054e-05,3.66790702605601e-05,3.66267620009162e-05,3.66322873604591e-05,3.67311119734804e-05,3.69877049070224e-05,3.75334641064911e-05,3.86850441721026e-05,4.14496839297057e-05,5.16248882544894e-05,0.000279296627542857,1.84003871324148e-05,2.40109698993815e-05,2.59075221599273e-05,2.67206334139698e-05,2.70711442428382e-05,2.71805095050164e-05,2.71474482438796e-05,2.70226874921931e-05,2.68350254418179e-05,2.66020746624535e-05,2.63352523682978e-05,2.60423169989824e-05,2.57287519599022e-05,2.53985647497351e-05,2.50547706940443e-05,2.46996975685873e-05,2.43351840088307e-05,2.39627125589754e-05,2.35835011901132e-05,2.31985676790119e-05,2.28087758074642e-05,2.24148691132399e-05,2.20174959471337e-05,2.16172283494828e-05,2.12145764614491e-05,2.08099996628666e-05,2.04039152776618e-05,1.9996705449664e-05,1.95887226261653e-05,1.91802939710268e-05,1.87717249466135e-05,1.83633022443448e-05,1.79552962005275e-05,1.7547962802e-05,1.71415453626818e-05,1.67362759339478e-05,1.63323764984346e-05,1.59300599864759e-05,1.55295311463605e-05,1.51309872934607e-05,1.47346189584604e-05,1.43406104510097e-05,1.39491403522201e-05,1.3560381946965e-05,1.31745036050396e-05,1.27916691186051e-05,1.24120380022981e-05,1.20357657610436e-05,1.1663004130077e-05,1.12939012908228e-05,1.0928602065743e-05,1.05672480948097e-05,1.02099779959108e-05,9.85692751103706e-06,9.50822964000499e-06,9.16401476310003e-06,8.82441075385862e-06,8.48954308311445e-06,8.15953491521552e-06,7.83450719722742e-06,7.5145787418057e-06,7.19986630443576e-06,6.890484655516e-06,6.58654664780231e-06,6.28816327964529e-06,5.99544375437735e-06,5.708495536207e-06
0,0,0,0,0,0,0,0,0,0,0,0,1.12749346453072e-05,1.59954339891724e-05,1.9444172492713e-05,2.22257774264192e-05,2.45717984188127e-05,2.66012727605894e-05,2.83854252529249e-05,2.99711107054685e-05,3.13912359091914e-05,3.26700493942174e-05,3.38260908019968e-05,3.48739555332915e-05,3.58254103602354e-05,3.66901306755471e-05,3.74762058006892e-05,3.81904960775908e-05,3.88388918757476e-05,3.94265057241694e-05,3.99578176568574e-05,4.04367870823679e-05,4.08669402237135e-05,4.12514394164671e-05,4.15931387241574e-05,4.18946290911823e-05,4.21582753972291e-05,4.23862471753795e-05,4.25805443262159e-05,4.27430188494392e-05,4.28753933861399e-05,4.29792771970155e-05,4.30561800759947e-05,4.31075246056699e-05,4.31346570911543e-05,4.31388574585963e-05,4.3121348368856e-05,4.30833037738649e-05,4.30258571319931e-05,4.29501094985847e-05,4.28571377196293e-05,4.27480029824545e-05,4.26237600200855e-05,4.24854673311789e-05,4.23341988736482e-05,4.21710578285076e-05,4.19971932317515e-05,4.18138205640473e-05,4.16222478177752e-05,4.14239092011354e-05,4.12204096099375e-05,4.10135844975649e-05,4.08055821422483e-05,4.05989791442283e-05,4.03969463623385e-05,4.02034934423748e-05,4.00238395438157e-05,3.98649938836028e-05,3.97366995758819e-05,3.96530374118528e-05,3.96352994013003e-05,3.97174833846467e-05,3.99576967934515e-05,4.04644952688743e-05,4.14673041238107e-05,4.35499785572546e-05,4.87611839572158e-05,7.25375899610102e-05,2.15391639220238e-06,1.7491655532161e-05,2.32984686298018e-05,2.55424731007737e-05,2.65876545174014e-05,2.70878448696521e-05,2.72942628784297e-05,2.73239131452284e-05,2.72386741222587e-05,2.70743817624572e-05,2.68532628447821e-05,2.65898668783633e-05,2.62941439139254e-05,2.59731511345203e-05,2.56320515911192e-05,2.52747254458374e-05,2.49041584656054e-05,2.45226970541618e-05,2.41322204253494e-05,2.37342597213119e-05,2.33300822264449e-05,2.29207520620602e-05,2.2507174691386e-05,2.20901300649639e-05,2.16702976567487e-05,2.12482756198096e-05,2.08245956165905e-05,2.03997344257838e-05,1.99741231178726e-05,1.95481543765278e-05,1.91221883913483e-05,1.86965576392846e-05,1.82715707938835e-05,1.78475159443514e-05,1.74246632642252e-05,1.7003267237817e-05,1.65835685290224e-05,1.61657955589504e-05,1.57501658450356e-05,1.53368871436452e-05,1.49261584298983e-05,1.45181707419376e-05,1.41131079117076e-05,1.3711147200376e-05,1.33124598531094e-05,1.29172115854792e-05,1.252556301166e-05,1.21376700227071e-05,1.17536841220972e-05,1.13737527243753e-05,1.09980194218829e-05,1.0626624223797e-05,1.02597037710568e-05,9.89739153019001e-06,9.53981796871663e-06,9.18711071427341e-06,8.83939469942618e-06,8.4967922938333e-06,8.15942342518732e-06,7.82740569016342e-06,7.50085445644993e-06,7.17988295687482e-06,6.86460237636423e-06,6.55512193250723e-06,6.25154895037485e-06,5.95398893212343e-06,5.66254562188635e-06
0,0,0,7.98216817761938e-06,1.49764003067359e-05,1.94210553356361e-05,2.28602221675171e-05,2.57049724856313e-05,2.81399493657343e-05,3.02676548092817e-05,3.21523235749333e-05,3.38375464300101e-05,3.53546294219652e-05,3.67270323227773e-05,3.79729273229642e-05,3.91067699093088e-05,4.0140312583239e-05,4.10832860930698e-05,4.19438728943492e-05,4.27290456860298e-05,4.34448154289273e-05,4.40964169164683e-05,4.46884502044944e-05,4.52249901699233e-05,4.57096726208399e-05,4.61457628640678e-05,4.65362109513998e-05,4.68836966730696e-05,4.7190666564332e-05,4.74593646221636e-05,4.76918580193137e-05,4.78900588047536e-05,4.80557423581526e-05,4.8190563201436e-05,4.82960686458303e-05,4.83737106576978e-05,4.84248562540159e-05,4.84507966819388e-05,4.84527555936363e-05,4.8431896394233e-05,4.83893289145528e-05,4.83261155417183e-05,4.82432769260018e-05,4.81417973734492e-05,4.80226300283559e-05,4.7886701948853e-05,4.77349191821996e-05,4.75681719543735e-05,4.73873401024255e-05,4.71932988987434e-05,4.69869254458558e-05,4.67691058619312e-05,4.65407435340216e-05,4.63027687954194e-05,4.60561504926944e-05,4.58019100611338e-05,4.55411389427445e-05,4.52750204887677e-05,4.50048579329721e-05,4.47321106747753e-05,4.44584420850958e-05,4.41857835284009e-05,4.39164215928363e-05,4.36531191691365e-05,4.33992869630816e-05,4.31592319869602e-05,4.29385268145998e-05,4.27445743292613e-05,4.25875006206852e-05,4.24816225293159e-05,4.24479732309286e-05,4.25188970587449e-05,4.27470027392457e-05,4.32241976904667e-05,4.41270781916342e-05,4.58438760075632e-05,4.94258031200514e-05,5.90266456779677e-05,0.000121343657710074,1.64489966948985e-07,1.63332089287094e-05,2.22418345213e-05,2.47916712953811e-05,2.60666264071341e-05,2.67273323028473e-05,2.70457003632331e-05,2.71538033288852e-05,2.71234926246441e-05,2.69972271408575e-05,2.6801733952666e-05,2.65547012225284e-05,2.62683228941382e-05,2.59512966202996e-05,2.56100087526088e-05,2.52492677052974e-05,2.48727744796159e-05,2.44834340466296e-05,2.40835670326073e-05,2.36750570640698e-05,2.325945549186e-05,2.28380572205242e-05,2.24119565397941e-05,2.19820888560599e-05,2.15492623143523e-05,2.11141820604506e-05,2.06774690701852e-05,2.02396749168364e-05,1.98012934658638e-05,1.93627702201743e-05,1.89245098506232e-05,1.84868823118189e-05,1.80502278454879e-05,1.76148611019071e-05,1.71810745569365e-05,1.67491413622906e-05,1.63193177369382e-05,1.58918449843826e-05,1.54669512033393e-05,1.50448527455285e-05,1.46257554639466e-05,1.42098557864417e-05,1.37973416432326e-05,1.33883932713815e-05,1.2983183915483e-05,1.25818804402594e-05,1.21846438681271e-05,1.17916298525875e-05,1.1402989096625e-05,1.10188677236664e-05,1.0639407607575e-05,1.02647466671546e-05,9.89501912970593e-06,9.53035576771223e-06,9.17088411185763e-06,8.81672864342672e-06,8.4680109684164e-06,8.12484997565079e-06,7.78736198062229e-06,7.4556608567527e-06,7.12985815543774e-06,6.81006321608613e-06,6.49638326724467e-06,6.1889235197367e-06,5.88778725258715e-06,5.59307589254275e-06
3.19788779084008e-05,3.42099639209984e-05,3.6199234246642e-05,3.79876067901921e-05,3.96050434110161e-05,4.10743320468459e-05,4.24133317751496e-05,4.36363831237127e-05,4.47552351566899e-05,4.5779678047363e-05,4.67179883631989e-05,4.75772509235244e-05,4.83635968031493e-05,4.90823828513669e-05,4.97383294759443e-05,5.03356280381648e-05,5.08780257216086e-05,5.13688934344709e-05,5.1811280748449e-05,5.22079608040111e-05,5.25614673579928e-05,5.28741256119986e-05,5.31480780700203e-05,5.3385306388036e-05,5.35876499656873e-05,5.37568218698914e-05,5.3894422559256e-05,5.40019517847075e-05,5.40808189695369e-05,5.41323523162986e-05,5.41578068432172e-05,5.41583715185355e-05,5.41351756331896e-05,5.40892945304171e-05,5.40217547932945e-05,5.39335389776065e-05,5.38255899662452e-05,5.369881501338e-05,5.35540895399127e-05,5.33922607379765e-05,5.32141510391406e-05,5.30205615006054e-05,5.28122751642622e-05,5.25900604465965e-05,5.23546746221929e-05,5.2106867471357e-05,5.18473851727764e-05,5.15769745370242e-05,5.1296387695965e-05,5.10063873896219e-05,5.07077530265771e-05,5.04012877410826e-05,5.00878267321418e-05,4.97682472550111e-05,4.94434807508036e-05,4.91145277590389e-05,4.87824764797179e-05,4.8448526163561e-05,4.81140169554757e-05,4.7780468462635e-05,4.7449630271363e-05,4.71235490641662e-05,4.68046591697969e-05,4.64959067833939e-05,4.62009235337694e-05,4.59242739982007e-05,4.56718168391628e-05,4.54512455614098e-05,4.52729226291615e-05,4.51512111153679e-05,4.51066882436927e-05,4.51700062903432e-05,4.53890321801566e-05,4.58430445785193e-05,4.66737144788563e-05,4.81616169542892e-05,5.09512078277792e-05,5.69168433097558e-05,7.46349090146923e-05,0.000297203167513832,1.06017679575386e-06,1.50029662106351e-05,2.09280939316908e-05,2.37351213616089e-05,2.52276006867737e-05,2.60514424884641e-05,2.64902772844717e-05,2.66875696115622e-05,2.67235704182456e-05,2.664666904201e-05,2.64877906147596e-05,2.62676399944334e-05,2.60006183531803e-05,2.56970675316037e-05,2.53646193578822e-05,2.50090402228883e-05,2.46347781865876e-05,2.42453280387864e-05,2.38434812571527e-05,2.34315010838048e-05,2.30112476466707e-05,2.258426900137e-05,2.21518684546304e-05,2.1715155080768e-05,2.12750821329966e-05,2.08324766061411e-05,2.03880622431287e-05,1.9942477622968e-05,1.9496290516758e-05,1.90500093816644e-05,1.86040926387211e-05,1.8158956218755e-05,1.77149797434859e-05,1.72725116224388e-05,1.68318732822246e-05,1.63933626967643e-05,1.59572573503306e-05,1.55238167377968e-05,1.50932844849637e-05,1.46658901552776e-05,1.42418507962778e-05,1.38213722691133e-05,1.34046503962143e-05,1.29918719559708e-05,1.25832155481249e-05,1.21788523493626e-05,1.1778946775455e-05,1.13836570634216e-05,1.09931357850667e-05,1.06075303014151e-05,1.02269831660944e-05,9.85163248442794e-06,9.4816122340778e-06,9.11705255208617e-06,8.75807999258516e-06,8.40481775875397e-06,8.05738591214874e-06,7.71590156209354e-06,7.38047903737115e-06,7.05123004238729e-06,6.72826379936258e-06,6.41168717825474e-06,6.10160481559296e-06,5.79811922351298e-06,5.50133088994947e-06
4.96771126277327e-05,5.07862436225415e-05,5.18054840852186e-05,5.27420304741713e-05,5.3602133095309e-05,5.43912700233783e-05,5.51142814760613e-05,5.57754751654596e-05,5.6378709985032e-05,5.69274632759959e-05,5.74248854759505e-05,5.78738449504413e-05,5.82769650998747e-05,5.86366553248305e-05,5.89551370626189e-05,5.92344658334416e-05,5.94765500303138e-05,5.96831670322082e-05,5.98559771017206e-05,5.99965354377821e-05,6.01063026830747e-05,6.01866541304406e-05,6.02388878287987e-05,6.02642317542321e-05,6.02638501841923e-05,6.02388493901367e-05,6.01902827460713e-05,6.01191553357533e-05,6.0026428129066e-05,5.99130217889086e-05,5.97798201615142e-05,5.9627673497201e-05,5.94574014430418e-05,5.92697958452598e-05,5.90656233959217e-05,5.88456281564049e-05,5.86105339886257e-05,5.83610469245996e-05,5.80978575048936e-05,5.78216431178881e-05,5.75330703734049e-05,5.72327975475536e-05,5.69214771398232e-05,5.65997585894218e-05,5.62682912051983e-05,5.59277273739105e-05,5.55787261243236e-05,5.52219571416486e-05,5.48581053485515e-05,5.44878761977586e-05,5.41120018583072e-05,5.37312485269747e-05,5.33464251616942e-05,5.29583940210874e-05,5.25680835125903e-05,5.2176504012791e-05,5.17847675457895e-05,5.13941125159857e-05,5.10059351301964e-05,5.06218297729043e-05,5.02436415135874e-05,4.98735352786704e-05,4.95140882599149e-05,4.91684152633687e-05,4.8840341621881e-05,4.8534646206656e-05,4.82574101498687e-05,4.80165291665038e-05,4.7822486636001e-05,4.76895566039365e-05,4.76377439609317e-05,4.76960482535794e-05,4.79082383688645e-05,4.83437189783619e-05,4.91196158404547e-05,5.04503535820424e-05,5.27748889898921e-05,5.71523029740318e-05,6.69302156132025e-05,0.00010055390897664,0.00298167960839784,1.59222203767639e-06,1.3562348201623e-05,1.94275764995798e-05,2.24397526169921e-05,2.4130240691487e-05,2.51132261653437e-05,2.56756676181229e-05,2.59685702887317e-05,2.6078759558989e-05,2.605965756116e-05,2.59459347976329e-05,2.57610831257792e-05,2.55215969755817e-05,2.52394099832184e-05,2.49233802865162e-05,2.45802310197087e-05,2.42151655672572e-05,2.38322815782489e-05,2.34348565317162e-05,2.30255490450411e-05,2.26065435626212e-05,2.21796561688829e-05,2.17464131889003e-05,2.13081104061181e-05,2.0865858254587e-05,2.04206167152112e-05,1.99732225538547e-05,1.95244107942603e-05,1.90748318020153e-05,1.86250649929512e-05,1.81756299203712e-05,1.77269953088308e-05,1.72795864657536e-05,1.68337914017421e-05,1.63899659154829e-05,1.59484378426387e-05,1.55095106255165e-05,1.50734663275661e-05,1.46405681913255e-05,1.42110628190985e-05,1.37851820402204e-05,1.33631445165512e-05,1.29451571285363e-05,1.2531416176403e-05,1.21221084248837e-05,1.17174120151636e-05,1.13174972635531e-05,1.0922527363242e-05,1.05326590028681e-05,1.01480429133636e-05,9.76882435282362e-06,9.39514353768142e-06,9.02713602710692e-06,8.66493306668765e-06,8.3086618964166e-06,7.95844602749715e-06,7.61440549161333e-06,7.27665706596182e-06,6.94531447695847e-06,6.62048858491585e-06,6.30228755194562e-06,5.99081699487297e-06,5.68618012481437e-06,5.38847787484165e-06
6.22184917616275e-05,6.28282024585477e-05,6.33837104334458e-05,6.38879800805239e-05,6.43437255861803e-05,6.4753442031694e-05,6.51194316125917e-05,6.54438258903414e-05,6.57286047954903e-05,6.59756129514959e-05,6.61865737741549e-05,6.6363101712732e-05,6.65067129297701e-05,6.66188346620582e-05,6.67008134620183e-05,6.67539224844727e-05,6.67793679558895e-05,6.67782949409905e-05,6.67517925032571e-05,6.67008983412339e-05,6.66266029700466e-05,6.65298535078974e-05,6.6411557118566e-05,6.62725841545216e-05,6.61137710392024e-05,6.59359229224987e-05,6.57398161395624e-05,6.55262004997802e-05,6.52958014301913e-05,6.50493219956127e-05,6.47874448159907e-05,6.45108339003327e-05,6.42201364160234e-05,6.39159844114009e-05,6.35989965101485e-05,6.32697795957677e-05,6.29289305057466e-05,6.25770377562197e-05,6.22146833194889e-05,6.18424444799665e-05,6.14608957966814e-05,6.10706112053534e-05,6.0672166298162e-05,6.02661408264114e-05,5.98531214798858e-05,5.94337050080471e-05,5.90085017620358e-05,5.85781397547943e-05,5.81432693593935e-05,5.770456879583e-05,5.72627505947595e-05,5.68185692777361e-05,5.63728305596385e-05,5.59264024676938e-05,5.54802288900623e-05,5.50353462272717e-05,5.45929040395336e-05,5.41541908864532e-05,5.37206669808353e-05,5.32940058816397e-05,5.28761483189739e-05,5.24693725130155e-05,5.20763872343882e-05,5.17004567087779e-05,5.13455708805388e-05,5.10166815212034e-05,5.07200359620567e-05,5.04636590408167e-05,5.02580661799851e-05,5.01173480777524e-05,5.00608742345512e-05,5.01160699787154e-05,5.03231475424472e-05,5.07436050428697e-05,5.14765205068354e-05,5.26924560799713e-05,5.47119388763398e-05,5.8215528305695e-05,6.49389668398943e-05,8.09325240468849e-05,0.000148763435198288,0.00123838717797865,1.72911933970318e-06,1.2061307218541e-05,1.77984479049818e-05,2.09626710085075e-05,2.28264482509557e-05,2.39592891905097e-05,2.46439393369835e-05,2.50351240282777e-05,2.52242827953545e-05,2.52688313402601e-05,2.52066175826565e-05,2.50636029303017e-05,2.48581954915357e-05,2.46038192542198e-05,2.43105025484554e-05,2.39858958824273e-05,2.36359445462379e-05,2.326534516804e-05,2.28778630119159e-05,2.24765571455174e-05,2.20639432301725e-05,2.16421131960391e-05,2.12128245569355e-05,2.07775679845032e-05,2.03376190743739e-05,1.98940784568752e-05,1.94479032038392e-05,1.89999316586505e-05,1.85509032429321e-05,1.81014743875614e-05,1.76522314456967e-05,1.72037012350639e-05,1.675635970296e-05,1.63106390934271e-05,1.58669339107578e-05,1.54256059093456e-05,1.49869882909732e-05,1.45513892530913e-05,1.41190950026291e-05,1.3690372327498e-05,1.32654707999523e-05,1.28446246723218e-05,1.24280545143923e-05,1.20159686328715e-05,1.16085643063528e-05,1.12060288634295e-05,1.08085406269479e-05,1.04162697436253e-05,1.00293789151714e-05,9.64802404444145e-06,9.27235480820633e-06,8.9025151661175e-06,8.53864381427225e-06,8.18087459037977e-06,7.82933683662725e-06,7.48415572539934e-06,7.14545255233227e-06,6.8133450006448e-06,6.4879473799623e-06,6.1693708426856e-06,5.85772358032913e-06,5.5531110020734e-06,5.25563589749281e-06
7.23502741731896e-05,7.264054571118e-05,7.289251268116e-05,7.31078509498092e-05,7.32881346210302e-05,7.34348455698755e-05,7.35493818424767e-05,7.36330650861984e-05,7.36871471475243e-05,7.37128159519343e-05,7.37112007628625e-05,7.36833769012612e-05,7.36303699955043e-05,7.35531598209427e-05,7.34526837802549e-05,7.33298400683426e-05,7.31854905602569e-05,7.30204634549511e-05,7.2835555704106e-05,7.2631535251565e-05,7.24091431059227e-05,7.21690952664304e-05,7.19120845202542e-05,7.16387821274969e-05,7.13498394088128e-05,7.10458892494076e-05,7.07275475322463e-05,7.03954145127265e-05,7.00500761463247e-05,6.96921053807549e-05,6.93220634239081e-05,6.89405009991329e-05,6.85479595995368e-05,6.81449727539602e-05,6.77320673178353e-05,6.73097648034591e-05,6.68785827658005e-05,6.64390362619338e-05,6.59916394045049e-05,6.55369070331353e-05,6.50753565310962e-05,6.46075098198115e-05,6.41338955694129e-05,6.36550516713848e-05,6.31715280283385e-05,6.26838897279238e-05,6.21927206825864e-05,6.16986278353972e-05,6.12022460563192e-05,6.07042438834254e-05,6.02053303030927e-05,5.97062628142533e-05,5.92078570884745e-05,5.87109986261315e-05,5.82166569260109e-05,5.77259028436256e-05,5.72399300276967e-05,5.67600816177583e-05,5.62878837936686e-05,5.58250883405608e-05,5.53737272085847e-05,5.49361832257237e-05,5.45152828530278e-05,5.41144194572678e-05,5.37377195124149e-05,5.33902702601423e-05,5.30784370921471e-05,5.28103147995891e-05,5.25963835073854e-05,5.24504863733116e-05,5.23913293712728e-05,5.24448596854571e-05,5.26481870318443e-05,5.30563544336166e-05,5.37546996958221e-05,5.48830316732058e-05,5.66872228041764e-05,5.96426720980187e-05,6.48003957392344e-05,7.50152132312814e-05,0.000101466498847952,0.000254812967119336,0.000154325700587489,1.60822093467879e-06,1.05414130773403e-05,1.60896760204603e-05,1.93532976840857e-05,2.13620317723085e-05,2.26312394829346e-05,2.3432884013341e-05,2.39217626177931e-05,2.41919252132779e-05,2.43036544178498e-05,2.42973240402691e-05,2.42009786558437e-05,2.40347062818454e-05,2.38132778556164e-05,2.35478033446777e-05,2.32468060658836e-05,2.29169400742326e-05,2.25634815188498e-05,2.21906728094002e-05,2.1801968534832e-05,2.14002143409985e-05,2.09877791471215e-05,2.05666543012932e-05,2.0138528929136e-05,1.97048478850149e-05,1.92668568174427e-05,1.882563757139e-05,1.83821362615062e-05,1.793718572748e-05,1.74915236413104e-05,1.70458072183475e-05,1.66006252532296e-05,1.61565080321677e-05,1.57139355464896e-05,1.52733443383365e-05,1.48351332373727e-05,1.43996681931096e-05,1.396728636522e-05,1.35382996019111e-05,1.3112997410811e-05,1.26916495070839e-05,1.22745080075887e-05,1.18618093274626e-05,1.14537758253556e-05,1.10506172356738e-05,1.06525319194478e-05,1.02597079603402e-05,9.87232412788668e-06,9.49055072648324e-06,9.11455034591323e-06,8.74447852650976e-06,8.38048435032055e-06,8.02271096773114e-06,7.67129606789669e-06,7.3263722998331e-06,6.98806765027223e-06,6.6565057835194e-06,6.33180634771071e-06,6.01408525144504e-06,5.70345491414838e-06,5.40002449307643e-06,5.10390008961124e-06
8.0993232211958e-05,8.1048337727304e-05,8.10742969168805e-05,8.1072225584989e-05,8.10431875965683e-05,8.09881987986268e-05,8.09082305714074e-05,8.08042130532742e-05,8.06770380778286e-05,8.05275618561041e-05,8.03566074331331e-05,8.0164966943825e-05,7.99534036908192e-05,7.97226540636749e-05,7.94734293170784e-05,7.9206417223397e-05,7.89222836136877e-05,7.86216738195915e-05,7.83052140275286e-05,7.79735125556264e-05,7.76271610628471e-05,7.72667356993364e-05,7.68927982061977e-05,7.6505896972809e-05,7.61065680590861e-05,7.56953361902701e-05,7.52727157316601e-05,7.48392116504557e-05,7.43953204725648e-05,7.39415312419857e-05,7.3478326491197e-05,7.30061832314053e-05,7.25255739722416e-05,7.20369677815856e-05,7.15408313973695e-05,7.1037630404727e-05,7.05278304936644e-05,7.00118988149373e-05,6.94903054541228e-05,6.89635250480132e-05,6.84320385708855e-05,6.78963353238898e-05,6.73569151667881e-05,6.68142910394126e-05,6.62689918294943e-05,6.57215656560336e-05,6.51725836521741e-05,6.46226443508507e-05,6.40723788004667e-05,6.35224565687925e-05,6.29735928324819e-05,6.24265568009278e-05,6.18821817892193e-05,6.13413773420782e-05,6.08051439258332e-05,6.02745908588056e-05,5.97509583576372e-05,5.92356448586401e-05,5.87302411609245e-05,5.82365734778287e-05,5.77567582447622e-05,5.7293272620249e-05,5.6849046197577e-05,5.64275817757225e-05,5.60331165391679e-05,5.56708403559811e-05,5.53471962868617e-05,5.50703018244358e-05,5.48505514610568e-05,5.47014985790957e-05,5.46411801456328e-05,5.4694166816101e-05,5.48948474067016e-05,5.52929092021231e-05,5.59629359106884e-05,5.70222344974687e-05,5.86664502122199e-05,6.12476600145792e-05,6.54681091708497e-05,7.29515708732861e-05,8.84371553165725e-05,0.00013329005662556,0.000567014138248996,5.47979290065916e-05,1.34119112079971e-06,9.03786742259295e-06,1.43430652573192e-05,1.76548589946622e-05,1.97778356538627e-05,2.11666367912399e-05,2.20768736217537e-05,2.26600323338554e-05,2.30107960805109e-05,2.31911452501996e-05,2.32432722730306e-05,2.31968668400282e-05,2.3073419771082e-05,2.28888705370039e-05,2.2655294278917e-05,2.2382010371709e-05,2.20763308122328e-05,2.17440776434082e-05,2.13899483495013e-05,2.10177788202938e-05,2.06307358428706e-05,2.02314601866499e-05,1.98221744542733e-05,1.9404765412806e-05,1.89808475777331e-05,1.85518128448293e-05,1.81188696140196e-05,1.76830739113544e-05,1.72453543551502e-05,1.68065323414022e-05,1.63673384835064e-05,1.59284260931551e-05,1.54903823057663e-05,1.50537373173526e-05,1.46189720969048e-05,1.41865248601916e-05,1.37567965313576e-05,1.33301553725776e-05,1.29069409261759e-05,1.2487467385746e-05,1.20720264908228e-05,1.16608900219516e-05,1.12543119593906e-05,1.08525303574122e-05,1.04557689770808e-05,1.00642387133565e-05,9.67813884621367e-06,9.29765814076478e-06,8.92297581745069e-06,8.55426240989986e-06,8.1916805255513e-06,7.83538552173234e-06,7.48552610813635e-06,7.14224488495603e-06,6.80567882460392e-06,6.47595970403939e-06,6.15321449344139e-06,5.8375657064817e-06,5.52913171660619e-06,5.22802704314921e-06,4.93436261072086e-06
8.85939306481702e-05,8.84625625579318e-05,8.83081212683908e-05,8.81314264960341e-05,8.79332675280553e-05,8.77144051699963e-05,8.74755735445236e-05,8.72174817568349e-05,8.69408154403924e-05,8.6646238195224e-05,8.63343929298434e-05,8.60059031166687e-05,8.56613739698244e-05,8.53013935536618e-05,8.4926533829312e-05,8.45373516461193e-05,8.41343896844793e-05,8.37181773559038e-05,8.32892316659404e-05,8.28480580453904e-05,8.2395151154785e-05,8.1930995667462e-05,8.14560670357711e-05,8.09708322457318e-05,8.04757505649452e-05,7.99712742890354e-05,7.94578494918864e-05,7.89359167855358e-05,7.84059120955601e-05,7.78682674588292e-05,7.73234118506512e-05,7.6771772049437e-05,7.62137735477841e-05,7.56498415201757e-05,7.50804018587472e-05,7.45058822903498e-05,7.39267135901382e-05,7.33433309093739e-05,7.27561752380473e-05,7.21656950266542e-05,7.15723479956545e-05,7.09766031666127e-05,7.03789431554565e-05,6.97798667765062e-05,6.91798920155238e-05,6.85795594426524e-05,6.79794361512681e-05,6.73801203280834e-05,6.67822465839658e-05,6.61864922059269e-05,6.55935845296546e-05,6.50043096825824e-05,6.44195230128365e-05,6.38401616042173e-05,6.32672593895919e-05,6.27019655231834e-05,6.21455668709136e-05,6.15995157462114e-05,6.10654643850964e-05,6.05453081601162e-05,6.00412402399523e-05,5.95558214025596e-05,5.9092070147605e-05,5.86535803500161e-05,5.82446768044662e-05,5.78706237020292e-05,5.7537908305738e-05,5.725463346603e-05,5.70310709651148e-05,5.6880458091067e-05,5.68201718115131e-05,5.68735068397815e-05,5.70724530066774e-05,5.74621929271513e-05,5.81087017395389e-05,5.9112258293837e-05,6.06330021105743e-05,6.29431635378836e-05,6.65449744082509e-05,7.24748390139091e-05,8.32519929857703e-05,0.000106861928936386,0.000186170636953607,0.00237086280153209,2.83232590575341e-05,1.00881603993597e-06,7.5808835397306e-06,1.25947051855888e-05,1.59054723910422e-05,1.81105470993757e-05,1.95996500357442e-05,2.06074394720843e-05,2.12790283494369e-05,2.17078343390279e-05,2.19563603762299e-05,2.20678784242162e-05,2.20732490633311e-05,2.19950555578668e-05,2.1850199125028e-05,2.16515801471447e-05,2.14092181358211e-05,2.11310166040122e-05,2.08232971488181e-05,2.04911798635496e-05,2.01388591759213e-05,1.97698071103995e-05,1.93869252758519e-05,1.8992660035866e-05,1.85890908485525e-05,1.81779987867541e-05,1.77609202340774e-05,1.73391893648872e-05,1.6913972047592e-05,1.64862931245312e-05,1.60570585297138e-05,1.56270733490059e-05,1.51970566651397e-05,1.47676538362246e-05,1.43394467109667e-05,1.39129621742309e-05,1.34886793330803e-05,1.30670355893131e-05,1.26484317949386e-05,1.22332366483473e-05,1.18217904588499e-05,1.14144083830463e-05,1.10113832177684e-05,1.06129878190501e-05,1.02194772044919e-05,9.83109038639805e-06,9.4480519753385e-06,9.07057358704629e-06,8.69885508041171e-06,8.33308564991026e-06,7.97344479210847e-06,7.62010316304346e-06,7.27322334066585e-06,6.93296050450347e-06,6.59946304288226e-06,6.27287309677635e-06,5.95332704780508e-06,5.64095595714345e-06,5.33588596105617e-06,5.03823862801761e-06,4.74813128182494e-06
9.54103107976883e-05,9.51242250300709e-05,9.48194663361938e-05,9.44966772375406e-05,9.41564807442351e-05,9.37994814618888e-05,9.34262666303448e-05,9.3037407100659e-05,9.26334582566923e-05,9.221496088642e-05,9.1782442008347e-05,9.13364156573993e-05,9.08773836349851e-05,9.0405836227067e-05,8.99222528943074e-05,8.94271029379515e-05,8.8920846145004e-05,8.840393341618e-05,8.78768073801524e-05,8.73399029973842e-05,8.67936481571103e-05,8.62384642708125e-05,8.56747668660714e-05,8.51029661843013e-05,8.45234677865539e-05,8.39366731716271e-05,8.3342980411076e-05,8.27427848062034e-05,8.21364795725995e-05,8.15244565584078e-05,8.09071070031658e-05,8.02848223451684e-05,7.96579950860365e-05,7.90270197227044e-05,7.83922937584202e-05,7.77542188060676e-05,7.71132017993766e-05,7.64696563301723e-05,7.58240041326329e-05,7.51766767397155e-05,7.45281173408453e-05,7.38787828759458e-05,7.32291464070939e-05,7.25796998177363e-05,7.1930956898903e-05,7.12834568946962e-05,7.06377685944918e-05,6.9994495078607e-05,6.9354279248267e-05,6.87178103013311e-05,6.80858313536827e-05,6.74591484560453e-05,6.68386413194536e-05,6.62252761455128e-05,6.56201210656397e-05,6.50243648358394e-05,6.44393396232758e-05,6.38665489748321e-05,6.3307702402695e-05,6.27647584938966e-05,6.22399791050402e-05,6.17359981210067e-05,6.12559095615483e-05,6.08033817007386e-05,6.0382806621595e-05,5.99994987352494e-05,5.9659962029938e-05,5.93722554768013e-05,5.91465013317488e-05,5.89956059563967e-05,5.89363043670429e-05,5.89907114422852e-05,5.91886909084296e-05,5.95715918677357e-05,6.01983683471024e-05,6.1156057624019e-05,6.25787068444957e-05,6.46838723719657e-05,6.7849038258745e-05,7.27896137616499e-05,8.10380097487069e-05,9.65331999702364e-05,0.000133016834986271,0.000282760390031052,0.243306729913983,1.82070308536362e-05,6.70219279885274e-07,6.19666899522293e-06,1.0876034331403e-05,1.41389663338879e-05,1.63932987354181e-05,1.79615342333455e-05,1.90536808515198e-05,1.98057650282419e-05,2.03081554311446e-05,2.06227250361985e-05,2.07930745743176e-05,2.08507387574229e-05,2.08190588768132e-05,2.0715668968166e-05,2.05541355204893e-05,2.03450660483337e-05,2.00968756299493e-05,1.98163278436943e-05,1.95089235979748e-05,1.91791853323021e-05,1.88308679204309e-05,1.84671173601562e-05,1.80905916966799e-05,1.77035542432207e-05,1.7307946217106e-05,1.69054438975212e-05,1.64975040154331e-05,1.60854001050807e-05,1.56702518471065e-05,1.52530489292529e-05,1.48346705826784e-05,1.44159016808725e-05,1.39974460865306e-05,1.35799377797328e-05,1.31639501862268e-05,1.27500040364864e-05,1.23385740187871e-05,1.19300944368271e-05,1.15249640416444e-05,1.11235501752057e-05,1.07261923374964e-05,1.03332052687917e-05,9.94488162235753e-06,9.56149428988653e-06,9.18329843126798e-06,8.81053325181901e-06,8.44342356299064e-06,8.08218115680576e-06,7.7270060196163e-06,7.3780874067154e-06,7.03560479624721e-06,6.69972873795239e-06,6.37062161016338e-06,6.04843829650836e-06,5.73332679212791e-06,5.42542874794411e-06,5.12487996026972e-06,4.8318108121577e-06,4.54634667199466e-06
0.00010160789711474,0.000101189510211464,0.000100755837301128,0.000100307405430267,9.98447283426201e-05,9.93683071773623e-05,9.88786311337247e-05,9.83761781051677e-05,9.78614152865273e-05,9.73347997566127e-05,9.67967790394068e-05,9.6247791646301e-05,9.56882676019209e-05,9.5118628956167e-05,9.45392902847324e-05,9.39506591806791e-05,9.3353136739373e-05,9.27471180393389e-05,9.21329926214573e-05,9.1511144969202e-05,9.08819549925657e-05,9.02457985186474e-05,8.96030477919054e-05,8.89540719873738e-05,8.82992377405847e-05,8.76389096979289e-05,8.69734510920896e-05,8.63032243470567e-05,8.56285917184711e-05,8.49499159751801e-05,8.42675611289187e-05,8.35818932200989e-05,8.28932811684414e-05,8.2202097698895e-05,8.15087203545778e-05,8.08135326104542e-05,8.01169251036037e-05,7.94192969987267e-05,7.87210575103418e-05,7.80226276074982e-05,7.73244419307167e-05,7.66269509570502e-05,7.59306234554139e-05,7.52359492829582e-05,7.454344258286e-05,7.38536454568883e-05,7.3167132200929e-05,7.24845142110751e-05,7.18064456916521e-05,7.11336303266086e-05,7.04668291135778e-05,6.98068696084539e-05,6.91546568901198e-05,6.85111866348835e-05,6.78775607944239e-05,6.72550065067214e-05,6.66448990500508e-05,6.60487898894062e-05,6.5468441188356e-05,6.49058685978161e-05,6.43633947374032e-05,6.38437166240158e-05,6.33499914849265e-05,6.28859470800977e-05,6.24560251036832e-05,6.20655698339178e-05,6.1721079592206e-05,6.14305468043175e-05,6.12039252921868e-05,6.10537839086723e-05,6.09962391717226e-05,6.10523160930452e-05,6.12499848444998e-05,6.16272987687405e-05,6.22373944648909e-05,6.31567781899173e-05,6.4499713733491e-05,6.64446490944633e-05,6.92862341058338e-05,7.35470722215649e-05,8.0246915978482e-05,9.16614461955156e-05,0.000114019331695405,0.000171642472555774,0.00048554140125859,0.00197808469352854,1.36293573078875e-05,3.7006617325405e-07,4.90814824968642e-06,9.21464181051143e-06,1.23855170784246e-05,1.46561355240745e-05,1.62809912552257e-05,1.74425654434458e-05,1.82654420024809e-05,1.88352968822081e-05,1.92122654661096e-05,1.94395314423214e-05,1.95487961700718e-05,1.95638087309629e-05,1.95026906550875e-05,1.93795002305898e-05,1.92053074800071e-05,1.89889476103745e-05,1.87375588494289e-05,1.84569728767111e-05,1.8152002651196e-05,1.78266576194539e-05,1.7484306728252e-05,1.71278033832283e-05,1.67595822968521e-05,1.63817353162224e-05,1.59960713546757e-05,1.56041641752062e-05,1.52073907992613e-05,1.48069626151923e-05,1.44039507529772e-05,1.39993069199014e-05,1.35938806160882e-05,1.31884334422789e-05,1.27836510567656e-05,1.23801532199637e-05,1.19785022738968e-05,1.15792103339393e-05,1.11827454154179e-05,1.07895366745705e-05,1.03999789098813e-05,1.00144364428483e-05,9.6332464758164e-06,9.25672200736642e-06,8.88515437198002e-06,8.51881545927286e-06,8.1579596592312e-06,7.80282557208708e-06,7.45363751557978e-06,7.11060685710082e-06,6.77393319417735e-06,6.44380540305274e-06,6.12040257235943e-06,5.80389483643041e-06,5.49444412061407e-06,5.19220480937118e-06,4.89732434634322e-06,4.60994377445882e-06,4.33019822296544e-06
0.000107300722774819,0.00010676676656169,0.000106220247366965,0.000105661612186198,0.000105091298554872,0.000104509735028249,0.000103917341644327,0.000103314530371679,0.00010270170554433,0.000102079264285128,0.000101447596919682,0.000100807087382476,0.000100158113616892,9.950104797101e-05,9.88362575909459e-05,9.81641048134565e-05,9.74849475599866e-05,9.67991397338704e-05,9.61070316230049e-05,9.54089703101651e-05,9.47053000934626e-05,9.39963629194309e-05,9.32824988316984e-05,9.25640464384927e-05,9.18413434020976e-05,9.11147269545314e-05,9.0384534443453e-05,8.96511039131934e-05,8.89147747264181e-05,8.81758882324231e-05,8.74347884892195e-05,8.66918230472287e-05,8.59473438038142e-05,8.52017079390796e-05,8.44552789451148e-05,8.37084277625602e-05,8.29615340408339e-05,8.22149875411206e-05,8.14691897038444e-05,8.07245554072183e-05,7.99815149470174e-05,7.92405162741084e-05,7.8502027532539e-05,7.7766539949579e-05,7.70345711387584e-05,7.63066688898231e-05,7.55834155341603e-05,7.486543299357e-05,7.41533886434534e-05,7.34480021512508e-05,7.27500534874337e-05,7.20603923541252e-05,7.13799493356691e-05,7.07097491527295e-05,7.0050926501111e-05,6.94047450859309e-05,6.87726206324487e-05,6.81561488803743e-05,6.75571398706436e-05,6.69776602409039e-05,6.64200858019993e-05,6.58871674346704e-05,6.53821144158688e-05,6.49087007976772e-05,6.44714026316353e-05,6.40755769893594e-05,6.37276984025199e-05,6.34356753821908e-05,6.32092804855687e-05,6.30607443599268e-05,6.30055914573121e-05,6.30638401134903e-05,6.32617662066647e-05,6.36345641780117e-05,6.42304850504068e-05,6.51175004041692e-05,6.63944839910221e-05,6.82109132531253e-05,7.0803699573694e-05,7.45712741511726e-05,8.02371830084588e-05,8.92586822651149e-05,0.000105038018788939,0.000137573161969151,0.000231541939884302,0.0010210217166936,0.000554066318071106,1.14331228329709e-05,1.43197825006519e-07,3.73550858296443e-06,7.63488485282926e-06,1.06721546334495e-05,1.29263875238484e-05,1.45844528028182e-05,1.57991586872198e-05,1.66816421860048e-05,1.73113976071092e-05,1.77457764676237e-05,1.8026818004542e-05,1.81858820578014e-05,1.82467667156584e-05,1.82278245011425e-05,1.81434197685744e-05,1.80049488989228e-05,1.78215662758132e-05,1.76007091325462e-05,1.73484826985171e-05,1.7069946796607e-05,1.6769331888309e-05,1.64502039026811e-05,1.61155913992042e-05,1.57680846907564e-05,1.54099138548507e-05,1.50430106802187e-05,1.46690582678111e-05,1.42895310563625e-05,1.39057273564009e-05,1.35187959754586e-05,1.3129758147266e-05,1.27395257019424e-05,1.23489162068337e-05,1.19586656506587e-05,1.15694391231193e-05,1.11818398498138e-05,1.07964168703434e-05,1.04136715913964e-05,1.00340634024497e-05,9.65801450693157e-06,9.28591409377521e-06,8.91812195213964e-06,8.55497161418137e-06,8.19677309629476e-06,7.8438152975019e-06,7.49636810403621e-06,7.15468424140233e-06,6.81900090854506e-06,6.48954122362936e-06,6.16651550633748e-06,5.85012241780959e-06,5.5405499766091e-06,5.23797646599989e-06,4.94257124608149e-06,4.65449548223349e-06,4.37390279976293e-06,4.10093987348545e-06
0.000112571481804613,0.000111934972330111,0.000111288161780458,0.000110631439010491,0.000109965185955734,0.000109289777987059,0.000108605584257351,0.000107912968041378,0.000107212287070317,0.000106503893861978,0.000105788136048456,0.000105065356702044,0.000104335894661191,0.000103600084857686,0.000102858258646848,0.000102110744141868,0.000101357866554469,0.000100599948543368,9.98373105725117e-05,9.90702712814118e-05,9.82991478695252e-05,9.75242564976051e-05,9.67459127084753e-05,9.59644318704708e-05,9.51801296470552e-05,9.43933224962513e-05,9.36043282044523e-05,9.28134664593337e-05,9.20210594673542e-05,9.12274326223398e-05,9.04329152318575e-05,8.96378413099829e-05,8.8842550445479e-05,8.80473887561329e-05,8.72527099418109e-05,8.6458876450309e-05,8.56662607726771e-05,8.48752468874326e-05,8.40862318760161e-05,8.32996277361244e-05,8.25158634239408e-05,8.17353871618366e-05,8.09586690551388e-05,8.01862040695573e-05,7.94185154307126e-05,7.86561585199479e-05,7.78997253548795e-05,7.71498497623769e-05,7.64072133741506e-05,7.56725526042922e-05,7.49466668036034e-05,7.42304278316817e-05,7.35247913448256e-05,7.28308101721548e-05,7.21496502470215e-05,7.14826096841579e-05,7.08311417536986e-05,7.01968827154711e-05,6.95816857581719e-05,6.89876626658987e-05,6.84172353458726e-05,6.78732000509167e-05,6.7358808099382e-05,6.68778682525329e-05,6.64348778369372e-05,6.60351924748997e-05,6.56852483446864e-05,6.53928569279801e-05,6.5167601343689e-05,6.50213774935065e-05,6.4969145563706e-05,6.50299935663965e-05,6.52286747438972e-05,6.55978838618902e-05,6.61817207682955e-05,6.70411284849641e-05,6.82627486482965e-05,6.99739742500972e-05,7.23698831377978e-05,7.57645324233138e-05,8.06965389669741e-05,8.81691560959332e-05,0.000100273745950696,0.000122143188595237,0.000170135466655875,0.000330490183587034,0.00326612351426523,0.000271077814933537,1.04540955706827e-05,1.75566058277884e-08,2.6966221326348e-06,6.1583736437408e-06,9.02317235548758e-06,1.12289748063921e-05,1.28963093719126e-05,1.41468050466246e-05,1.50764842058646e-05,1.5757332868902e-05,1.62429454960751e-05,1.65735184844223e-05,1.67795697051223e-05,1.68845852479074e-05,1.69068856253071e-05,1.68609475390662e-05,1.6758349458944e-05,1.66084563546013e-05,1.64189219093017e-05,1.61960615559509e-05,1.59451329601208e-05,1.56705493678934e-05,1.53760436666852e-05,1.50647958422398e-05,1.47395329514104e-05,1.44026082432591e-05,1.4056064304958e-05,1.37016838555458e-05,1.33410309057197e-05,1.29754843422873e-05,1.26062655100795e-05,1.2234461003148e-05,1.18610416060244e-05,1.14868781214049e-05,1.11127546640474e-05,1.07393798810634e-05,1.036739646573e-05,9.99738925977216e-06,9.62989218220204e-06,9.26539417819873e-06,8.90434434586061e-06,8.54715637033412e-06,8.1942123720576e-06,7.84586625749312e-06,7.50244664584921e-06,7.16425943305589e-06,6.83159004450771e-06,6.50470541976816e-06,6.18385576576922e-06,5.8692761095164e-06,5.56118767650815e-06,5.25979911742922e-06,4.96530760221267e-06,4.67789979802194e-06,4.39775274528709e-06,4.12503464404326e-06,3.85990556114044e-06
0.000117482516462198,0.000116753906261992,0.000116016921781741,0.000115271908094351,0.000114519205125059,0.0001137591479305,0.000112992066974935,0.000112218288404425,0.000111438134320349,0.000110651923052905,0.000109859969435903,0.000109062585084066,0.000108260078673733,0.000107452756228586,0.00010664092141155,0.000105824875824314,0.000105004919316237,0.000104181350304183,0.000103354466105104,0.000102524563283747,0.000101691938017332,0.00010085688648002,0.000100019705249818,9.91806917410745e-05,9.83401446659907e-05,9.7498364529074e-05,9.66556541589612e-05,9.58123192825388e-05,9.49686691469336e-05,9.41250171958568e-05,9.32816818074426e-05,9.24389871020829e-05,9.15972638295616e-05,9.0756850346516e-05,8.99180936969238e-05,8.90813508100071e-05,8.82469898325389e-05,8.74153916151727e-05,8.65869513755373e-05,8.57620805651263e-05,8.49412089711103e-05,8.41247870901584e-05,8.33132888180385e-05,8.25072145067703e-05,8.17070944509384e-05,8.09134928770644e-05,8.01270125244296e-05,7.93482999240205e-05,7.85780515046658e-05,7.78170206834884e-05,7.70660261324982e-05,7.63259614572332e-05,7.55978065787172e-05,7.48826411806408e-05,7.41816606741814e-05,7.3496195249505e-05,7.28277327346399e-05,7.21779461809863e-05,7.15487273572127e-05,7.09422276822622e-05,7.03609085990256e-05,6.98076040280183e-05,6.92855984182561e-05,6.87987251304104e-05,6.83514916018703e-05,6.79492401870353e-05,6.75983571011885e-05,6.73065470912824e-05,6.7083199223104e-05,6.69398810044965e-05,6.68910164610567e-05,6.69548330464947e-05,6.71547100197636e-05,6.75211410543155e-05,6.80946626556287e-05,6.89303491984803e-05,7.01049416179117e-05,7.17285911303191e-05,7.39650943295889e-05,7.70686887477797e-05,8.14555158265825e-05,8.78543433589912e-05,9.76601975399589e-05,0.000113892321459076,0.00014438437619609,0.000216550902427092,0.000508601923104059,0.0506315925981229,0.00016952792484823,1.01944665997808e-05,1.60688788030404e-08,1.80737870236432e-06,4.8043583784867e-06,7.4604637315218e-06,9.58666184025609e-06,1.12391004096458e-05,1.25072757775277e-05,1.34707435937493e-05,1.41928189841473e-05,1.47224470309593e-05,1.50973200646891e-05,1.53466281499095e-05,1.54931875713137e-05,1.55550214605389e-05,1.55465202798261e-05,1.54792945428569e-05,1.53628053437312e-05,1.52048346863867e-05,1.50118397554628e-05,1.47892224539831e-05,1.454153651389e-05,1.42726481694509e-05,1.39858619522337e-05,1.36840200394717e-05,1.33695813642735e-05,1.30446851019125e-05,1.27112019926283e-05,1.23707761192108e-05,1.20248591371361e-05,1.16747384938415e-05,1.13215608282838e-05,1.09663514809805e-05,1.06100308457672e-05,1.02534281423042e-05,9.8972930704834e-06,9.54230571636342e-06,9.18908500749075e-06,8.83819595910659e-06,8.49015590791638e-06,8.14543989444593e-06,7.80448532649728e-06,7.46769603317282e-06,7.13544580037711e-06,6.80808146344989e-06,6.48592562039073e-06,6.16927901883512e-06,5.85842266172441e-06,5.55361966958614e-06,5.25511693163651e-06,4.96314657324316e-06,4.67792726307521e-06,4.39966538013305e-06,4.12855605785745e-06,3.86478412021012e-06,3.60852492262111e-06
0.000122082278097392,0.000121270174607611,0.000120451371138469,0.000119626178833873,0.000118794904980798,0.00011795785324104,0.000117115323883112,0.000116267614015191,0.000115415017820351,0.000114557826794374,0.00011369632998776,0.000112830814252558,0.0001119615644952,0.000111088863936715,0.000110212994381479,0.000109334236495802,0.000108452870098234,0.000107569174462881,0.00010668342863785,0.000105795911780854,0.00010490690351405,0.000104016684300902,0.000103125535847698,0.000102233741532956,0.000101341586868167,0.000100449359993949,9.95573522160343e-05,9.86658585861012e-05,9.77751785332432e-05,9.68856165525908e-05,9.5997482958409e-05,9.51110947102515e-05,9.4226776321793e-05,9.33448608634614e-05,9.24656910717733e-05,9.1589620579961e-05,9.07170152871663e-05,8.98482548860811e-05,8.89837345718851e-05,8.81238669598045e-05,8.72690842426923e-05,8.64198406257722e-05,8.55766150824578e-05,8.47399144830901e-05,8.3910277157903e-05,8.30882769679276e-05,8.22745279714795e-05,8.1469689791745e-05,8.06744738130036e-05,7.98896503598952e-05,7.91160570478994e-05,7.83546085355941e-05,7.76063079621829e-05,7.68722604213741e-05,7.6153688908663e-05,7.54519532891969e-05,7.47685729763306e-05,7.41052541966582e-05,7.34639229615359e-05,7.28467651881017e-05,7.22562758449543e-05,7.16953195803099e-05,7.11672060846656e-05,7.06757845350531e-05,7.02255629941481e-05,6.98218607942343e-05,6.94710050228039e-05,6.91805867136022e-05,6.89597989730825e-05,6.88198892322598e-05,6.87747730760116e-05,6.88418809882393e-05,6.90433476216128e-05,6.940771613018e-05,6.9972436632501e-05,7.07876242056577e-05,7.19218800451572e-05,7.34716200334691e-05,7.55766293392786e-05,7.84472469719064e-05,8.24146431679134e-05,8.80305045842588e-05,9.6282788760712e-05,0.000109119212520951,0.000130931821569602,0.000173847408025081,0.000285218341143325,0.000871772387156046,0.013546285307335,0.000122265255404325,1.04191716018388e-05,1.57892665654813e-07,1.08195278395478e-06,3.59004282222416e-06,6.00380295846033e-06,8.02027314141776e-06,9.63367568579138e-06,1.09008926936842e-05,1.18839520873253e-05,1.26364970250277e-05,1.32020163331094e-05,1.36150802204451e-05,1.390308525695e-05,1.40878278877983e-05,1.41867697354368e-05,1.42140143604845e-05,1.41810506454844e-05,1.40973171216722e-05,1.39706316758439e-05,1.38075206636219e-05,1.36134727943279e-05,1.33931365103553e-05,1.31504746586049e-05,1.28888866506455e-05,1.26113056856435e-05,1.2320276698704e-05,1.20180192978914e-05,1.17064789235618e-05,1.13873687007936e-05,1.10622038865937e-05,1.07323303861083e-05,1.03989484886561e-05,1.00631327277635e-05,9.72584858044304e-06,9.38796657477486e-06,9.05027426133209e-06,8.71348641515486e-06,8.37825376505e-06,8.04517049172001e-06,7.7147806920629e-06,7.38758397188181e-06,7.06404030076784e-06,6.74457424011931e-06,6.42957863659227e-06,6.11941785806008e-06,5.81443063688218e-06,5.51493257488384e-06,5.22121835608106e-06,4.9335637061515e-06,4.65222713190311e-06,4.377451468973e-06,4.10946526202069e-06,3.848483998234e-06,3.59471121201126e-06,3.34833947630203e-06
0.000126409355296407,0.000125520991795179,0.000124627406675153,0.00012372888416963,0.000122825705630955,0.000121918149731502,0.000121006492667131,0.000120091008363723,0.000119171968687827,0.000118249643661912,0.000117324301685501,0.000116396209763075,0.000115465633739622,0.000114532838545317,0.000113598088450415,0.000112661647331736,0.000111723778952504,0.000110784747256861,0.000109844816681224,0.000108904252484483,0.000107963321099261,0.000107022290506827,0.000106081430638616,0.000105141013807384,0.000104201315171752,0.000103262613238085,0.000102325190404304,0.000101389333550736,0.000100455334683966,9.95234916400917e-05,9.85941088550982e-05,9.76674982109945e-05,9.67439799673116e-05,9.58238837895784e-05,9.4907549887422e-05,9.39953302774682e-05,9.3087590188277e-05,9.21847096272621e-05,9.1287085132889e-05,9.03951317393536e-05,8.95092851853953e-05,8.86300044043568e-05,8.77577743393858e-05,8.68931091353888e-05,8.60365557689141e-05,8.51886981888316e-05,8.4350162054582e-05,8.35216201764565e-05,8.27037987827983e-05,8.18974847662746e-05,8.11035340927413e-05,8.03228815977722e-05,7.95565524460481e-05,7.88056755935695e-05,7.80714996738577e-05,7.73554118336212e-05,7.66589601774748e-05,7.5983880655068e-05,7.53321294509754e-05,7.4705922236253e-05,7.4107782038019e-05,7.35405980145965e-05,7.30076981442439e-05,7.25129398198167e-05,7.20608237036681e-05,7.16566381033603e-05,7.13066438328323e-05,7.1018313411358e-05,7.08006441306213e-05,7.06645729483848e-05,7.06235339066134e-05,7.06942184104472e-05,7.08976296468218e-05,7.12605723555667e-05,7.18178019403322e-05,7.26151982845798e-05,7.37145794105796e-05,7.52012286528118e-05,7.71960886919442e-05,7.98763518303945e-05,8.35119833988335e-05,8.85344838927561e-05,9.5676229364732e-05,0.000106280460407232,0.000123081011609872,0.000152526860979656,0.000213718480850094,0.000391645418969812,0.0017755370887637,0.00247817963191045,9.69181052311821e-05,1.10095125429817e-05,4.59270614141546e-07,5.33021075284013e-07,2.53084166754394e-06,4.67108134686862e-06,6.54887849342404e-06,8.09933467232407e-06,9.34663425519708e-06,1.033448125362e-05,1.11060016966702e-05,1.16985087157728e-05,1.21428797077725e-05,1.24642765425795e-05,1.26831373557007e-05,1.28161024825272e-05,1.28767883177664e-05,1.28764067487857e-05,1.28242523473349e-05,1.272808332041e-05,1.25944194111849e-05,1.24287756056725e-05,1.22358463785995e-05,1.20196517878929e-05,1.17836540369182e-05,1.15308510646839e-05,1.12638521663882e-05,1.0984939473036e-05,1.06961182350615e-05,1.03991581872849e-05,1.00956277664654e-05,9.7869225674262e-06,9.47428912840923e-06,9.15884490916581e-06,8.84159514917484e-06,8.52344715631259e-06,8.20522246894511e-06,7.88766724981711e-06,7.57146120311221e-06,7.25722525281688e-06,6.9455281777866e-06,6.63689236465724e-06,6.33179881210028e-06,6.03069149727003e-06,5.73398119715055e-06,5.44204884234077e-06,5.15524846864906e-06,4.87390982147234e-06,4.59834065972789e-06,4.32882879893086e-06,4.06564392720603e-06,3.80903922316726e-06,3.55925280039053e-06,3.31650899981846e-06,3.08101954844328e-06
0.000130495105566874,0.000129536662721652,0.000128574320787234,0.000127608342242736,0.00012663898744764,0.000125666514822784,0.000124691181035196,0.000123713241187513,0.000122732949012751,0.000121750557075278,0.000120766316978836,0.000119780479582633,0.000118793295226573,0.000117805013966704,0.000116815885822381,0.000115826161036105,0.000114836090348339,0.000113845925287974,0.000112855918481342,0.000111866323981222,0.000110877397618433,0.000109889397378494,0.000108902583806499,0.000107917220443079,0.000106933574295496,0.000105951916347695,0.00010497252211414,0.000103995672242566,0.000103021653171617,0.000102050757850046,0.000101083286525276,0.000100119547609839,9.91598586358329e-05,9.82045473086811e-05,9.72539526734817e-05,9.6308426408727e-05,9.53683342650664e-05,9.44340576692581e-05,9.35059955162989e-05,9.25845661774277e-05,9.16702097553481e-05,9.0763390623881e-05,8.98646002957389e-05,8.89743606696563e-05,8.80932277176589e-05,8.72217956844663e-05,8.63607018847777e-05,8.55106322010937e-05,8.4672327404964e-05,8.38465904502505e-05,8.30342949178003e-05,8.2236394830341e-05,8.14539361044204e-05,8.06880699678572e-05,7.99400687481492e-05,7.92113445355228e-05,7.8503471350428e-05,7.78182116075356e-05,7.71575478793382e-05,7.6523721238572e-05,7.59192778235977e-05,7.53471257564392e-05,7.48106051962978e-05,7.43135751980401e-05,7.38605222620459e-05,7.34566971512427e-05,7.31082889251778e-05,7.28226485221056e-05,7.26085791045764e-05,7.24767175509946e-05,7.24400421710814e-05,7.25145579807806e-05,7.27202360927327e-05,7.30823237827463e-05,7.36332068389536e-05,7.44151145160781e-05,7.54841448203027e-05,7.69164223612039e-05,7.88178222982719e-05,8.13399017744204e-05,8.47071565898523e-05,8.92661260443343e-05,9.55795865137724e-05,0.000104621875716184,0.000118226342260236,0.000140255393847767,0.000180285131974156,0.000269038319766926,0.000566863065572018,0.00505042167089583,0.00106967991996541,8.217864970762e-05,1.19029406362301e-05,9.34130977548625e-07,1.71942066440094e-07,1.64059424402757e-06,3.47850845967771e-06,5.18995375169899e-06,6.65394866330958e-06,7.86222827876853e-06,8.8396146320324e-06,9.61801957923795e-06,1.02279485137624e-05,1.06960653606365e-05,1.10448838418463e-05,1.12931599594032e-05,1.14564599724362e-05,1.15477154069147e-05,1.15777058406788e-05,1.15554591635715e-05,1.14885763126256e-05,1.13834923028856e-05,1.12456854606797e-05,1.10798452639715e-05,1.08900073543925e-05,1.06796625719224e-05,1.04518454168718e-05,1.02092061760891e-05,9.95407002957097e-06,9.68848573507076e-06,9.41426593070057e-06,9.13302066330556e-06,8.84618541491534e-06,8.55504463878889e-06,8.26075161270125e-06,7.964345257839e-06,7.66676444579597e-06,7.36886021718639e-06,7.07140625628278e-06,6.77510790347236e-06,6.4806099366754e-06,6.18850331250037e-06,5.89933102502232e-06,5.6135932134183e-06,5.33175162797876e-06,5.05423354628908e-06,4.78143521669971e-06,4.51372489409575e-06,4.25144552308823e-06,3.99491711540217e-06,3.74443886120871e-06,3.50029100852592e-06,3.26273653980387e-06,3.03202267073603e-06,2.80838219293636e-06
0.000134365441804982,0.000133342274756891,0.000132316404619502,0.000131288076005455,0.000130257532017983,0.000129225014418802,0.000128190763800701,0.000127155019765943,0.000126118021110927,0.000125080006018146,0.00012404121225621,0.00012300187738897,0.000121962238994799,0.000120922534897197,0.000119883003407929,0.000118843883584213,0.000117805415501669,0.000116767840544246,0.000115731401713662,0.000114696343960131,0.000113662914536731,0.000112631363380287,0.000111601943521499,0.000110574911527829,0.000109550527982619,0.000108529058004816,0.000107510771814104,0.000106495945346336,0.000105484860925805,0.000104477808000792,0.000103475083950298,0.000102476994970813,0.000101483857053035,0.000100495997060191,9.95137539211764e-05,9.8537479953464e-05,9.75675423335963e-05,9.66043247351692e-05,9.5648229157716e-05,9.46996779739673e-05,9.37591162266505e-05,9.28270142121325e-05,9.19038703941272e-05,9.09902146983069e-05,9.00866122480508e-05,8.91936676122756e-05,8.83120296498318e-05,8.74423970514002e-05,8.65855246990685e-05,8.57422309889856e-05,8.49134062917463e-05,8.4100022762878e-05,8.33031457621057e-05,8.25239471977692e-05,8.17637211865722e-05,8.10239025108211e-05,8.03060884739111e-05,7.96120649063171e-05,7.89438372706091e-05,7.83036680690923e-05,7.76941220933954e-05,7.71181214988299e-05,7.65790132796388e-05,7.60806525205429e-05,7.56275058896436e-05,7.52247813378733e-05,7.4878592060695e-05,7.45961657276044e-05,7.43861142035687e-05,7.42587851097138e-05,7.42267255991813e-05,7.43053022701553e-05,7.45135418504974e-05,7.48752896222481e-05,7.54208342023094e-05,7.61892319187232e-05,7.72317066634813e-05,7.86167493233449e-05,8.04379886881966e-05,8.28267475013035e-05,8.59728564889462e-05,9.01607555035051e-05,9.5835597737591e-05,0.000103732569482531,0.000115151674797609,0.000132607210571909,0.000161598937119857,0.000216537380109453,0.000348120035875879,0.000879959570639694,0.038214562076007,0.000627452446680838,7.32584008686236e-05,1.30658044237433e-05,1.5945231417377e-06,8.90608891287476e-09,9.31743854677669e-07,2.44078471935351e-06,3.95952170442567e-06,5.31406901658046e-06,6.46423425169044e-06,7.41561127655342e-06,8.18833961216112e-06,8.80557064211722e-06,9.28928558853366e-06,9.65896669006359e-06,9.93138108112681e-06,1.01207773466599e-05,1.02392088720736e-05,1.02968692011603e-05,1.0302396744097e-05,1.02631365584711e-05,1.01853592938712e-05,1.00744419260699e-05,9.93501608184745e-06,9.77108955852569e-06,9.58614595541041e-06,9.38322654000897e-06,9.16499772574983e-06,8.93380689247166e-06,8.6917287456412e-06,8.44060397559238e-06,8.1820716292764e-06,7.91759632915947e-06,7.64849125268467e-06,7.37593760985361e-06,7.1010012167873e-06,6.824646651282e-06,6.54774938721962e-06,6.27110623304728e-06,5.99544434186618e-06,5.72142901407123e-06,5.4496704757029e-06,5.18072978483773e-06,4.91512399333884e-06,4.65333067051113e-06,4.39579187839524e-06,4.14291767427501e-06,3.8950892044549e-06,3.65266144368247e-06,3.41596562648487e-06,3.18531140997937e-06,2.96098880202567e-06,2.74326988384473e-06,2.53241035212845e-06
0.000138042084393292,0.000136958887761317,0.000135874079460726,0.000134787889233946,0.000133700545814774,0.000132612277087562,0.000131523310252121,0.000130433871994863,0.000129344188667478,0.000128254486473285,0.000127164991662855,0.000126075930739204,0.000124987530674226,0.0001239000191372,0.000122813624736672,0.00012172857727742,0.0001206451080338,0.000119563450041299,0.000118483838408372,0.000117406510650633,0.00011633170704976,0.00011525967103992,0.000114190649624566,0.00011312489382726,0.000112062659179851,0.000111004206252686,0.000109949801231353,0.000108899716545475,0.000107854231555547,0.000106813633304829,0.00010577821734388,0.000104748288637081,0.000103724162560705,0.000102706166004561,0.000101694638590411,0.000100689934022105,9.96924215852421e-05,9.87024878165652e-05,9.77205383660666e-05,9.67470000794078e-05,9.57823233317498e-05,9.4826984649865e-05,9.38814896654876e-05,9.29463764502221e-05,9.20222192914015e-05,9.11096329788035e-05,9.02092776854713e-05,8.9321864541152e-05,8.84481620163887e-05,8.75890032587816e-05,8.67452945513106e-05,8.59180250988725e-05,8.51082783927897e-05,8.43172454585412e-05,8.35462403610881e-05,8.27967184292718e-05,8.20702977719325e-05,8.13687847997379e-05,8.06942046493873e-05,8.00488376424831e-05,7.94352632204247e-05,7.88564132021246e-05,7.83156367507555e-05,7.78167801575845e-05,7.73642855280719e-05,7.69633137907428e-05,7.66198992950487e-05,7.63411458461937e-05,7.61354776825487e-05,7.60129641554565e-05,7.59857445330757e-05,7.60685907049584e-05,7.62796626947144e-05,7.66415382371301e-05,7.71826390792529e-05,7.79392432720113e-05,7.89583827138125e-05,8.0302112239838e-05,8.20539652008258e-05,8.43290098979971e-05,8.72900621212924e-05,9.117489008748e-05,9.63440792563334e-05,0.00010337018140165,0.000113215765919023,0.000127621666584979,0.000150055892166163,0.000188422193786384,0.000264751441381181,0.00046538200129398,0.00150953374823685,0.0598774646187907,0.000432313068967681,6.78460184993172e-05,1.44800624764721e-05,2.45094151663085e-06,5.30620290738719e-08,4.15489701225434e-07,1.57125066014368e-06,2.87227639245488e-06,4.09502399468361e-06,5.16811735877816e-06,6.07776270086897e-06,6.83189781866077e-06,7.44585676312822e-06,7.93652060907862e-06,8.31998845441903e-06,8.61075079622995e-06,8.82150594250203e-06,8.96324188984236e-06,9.04541536281516e-06,9.07615353795821e-06,9.06244688236657e-06,9.01032127018055e-06,8.92498649118038e-06,8.81096213820406e-06,8.67218334131435e-06,8.5120891917078e-06,8.33369658718284e-06,8.13966193068386e-06,7.93233276337475e-06,7.71379107639676e-06,7.48588974525969e-06,7.2502832745147e-06,7.0084538264562e-06,6.76173333135983e-06,6.51132233274161e-06,6.25830610392686e-06,6.00366847685845e-06,5.74830374655131e-06,5.49302695162296e-06,5.23858277999397e-06,4.98565330685167e-06,4.73486473762372e-06,4.4867933005741e-06,4.24197041036429e-06,4.00088720479688e-06,3.76399854105278e-06,3.53172652451076e-06,3.30446363239203e-06,3.0825754850554e-06,2.86640331029691e-06,2.65626613935955e-06,2.45246276799352e-06,2.25527351126706e-06
0.000141543462878264,0.000140404393609331,0.000139264716316323,0.000138124648224376,0.000136984405969476,0.000135844205752034,0.00013470426349678,0.000133564795019745,0.000132426016203351,0.000131288143179836,0.000130151392524476,0.000129015981459489,0.000127882128069313,0.000126750051529089,0.000125619972347163,0.000124492112623192,0.000123366696323805,0.000122243949576902,0.000121124100987351,0.000120007381975748,0.000118894027142839,0.000117784274662366,0.000116678366705453,0.000115576549899778,0.000114479075827456,0.000113386201565863,0.000112298190276403,0.000111215311846344,0.00011013784359026,0.000109066071017662,0.000108000288674898,0.000106940801070386,0.000105887923693024,0.000104841984135744,0.000103803323337398,0.000102772296958096,0.000101749276905667,0.000100734653033379,9.97288350320565e-05,9.87322545436841e-05,9.77453675278314e-05,9.67686569170121e-05,9.58026356037457e-05,9.48478498090626e-05,9.39048828907534e-05,9.29743596603867e-05,9.20569512904674e-05,9.11533809085529e-05,9.02644299932925e-05,8.93909457102846e-05,8.853384935302e-05,8.76941460882267e-05,8.68729362471123e-05,8.60714284562607e-05,8.52909549673569e-05,8.45329896271734e-05,8.37991690331605e-05,8.30913175522653e-05,8.24114770504195e-05,8.17619423980306e-05,8.11453041012052e-05,8.05644997799757e-05,8.00228767052854e-05,7.95242682595488e-05,7.90730880636467e-05,7.86744467041466e-05,7.83342976287253e-05,7.80596210443112e-05,7.78586578352058e-05,7.77412100467275e-05,7.77190310133415e-05,7.78063377835802e-05,7.80204927559291e-05,7.83829230763144e-05,7.89203798318778e-05,7.96666920407657e-05,8.06652562717244e-05,8.19726456211628e-05,8.36639669345577e-05,8.58410302866697e-05,8.86451973759678e-05,9.22783229142195e-05,9.70383430863208e-05,0.000103382831299518,0.000112049503983245,0.000124302213573945,0.000142482302134788,0.000171405558035017,0.000222553443005444,0.00033024398699788,0.000647446912236355,0.0030342503773284,0.00735025365132542,0.000329214525152859,6.47144611520622e-05,1.61364079341239e-05,3.5125721426707e-06,3.12625363444945e-07,1.01916699206774e-07,8.82016863354552e-07,1.94169353246992e-06,3.01100606403554e-06,3.9883157434747e-06,4.84044463866055e-06,5.56281767152351e-06,6.16256748179683e-06,6.65110885774096e-06,7.0408386703924e-06,7.34370334806347e-06,7.57063075597095e-06,7.73136361272059e-06,7.83447514565019e-06,7.88746157887825e-06,7.89686080474045e-06,7.86837342533535e-06,7.80697563042307e-06,7.71701993420501e-06,7.60232296595428e-06,7.46624096867522e-06,7.31173425338323e-06,7.14142202156075e-06,6.95762892942562e-06,6.76242464095379e-06,6.55765746104483e-06,6.3449829838189e-06,6.12588854734358e-06,5.90171415947534e-06,5.67367045075003e-06,5.44285411858347e-06,5.21026125013454e-06,4.97679884714922e-06,4.74329482311106e-06,4.51050669898731e-06,4.2791291873267e-06,4.04980082435171e-06,3.82310978446559e-06,3.59959899088737e-06,3.3797706185464e-06,3.16409007102512e-06,2.95298950112126e-06,2.74687093436905e-06,2.54610904642579e-06,2.35105363784411e-06,2.16203184376769e-06,1.97935011089445e-06
0.000144885380591496,0.000143694151373051,0.000142503243105062,0.000141312862373592,0.000140123215533033,0.000138934508856294,0.000137746948691828,0.000136560741628443,0.000135376094668346,0.000134193215409624,0.000133012312238701,0.000131833594534204,0.000130657272882801,0.00012948355930882,0.000128312667518535,0.000127144813160811,0.000125980214105676,0.000124819090742788,0.000123661666301341,0.000122508167194402,0.000121358823389378,0.000120213868807892,0.000119073541757986,0.000117938085402047,0.000116807748264475,0.000115682784783187,0.000114563455910244,0.000113450029766523,0.000112342782357196,0.000111241998354638,0.00011014797195679,0.000109061007830052,0.000107981422146908,0.000106909543729715,0.000105845715314409,0.000104790294948854,0.000103743657543668,0.000102706196595518,0.000101678326105817,0.000100660482722021,9.96531281320928e-05,9.86567517484442e-05,9.76718737232109e-05,9.66990483440141e-05,9.57388678675943e-05,9.47919668591799e-05,9.38590271171945e-05,9.29407832779565e-05,9.20380292126529e-05,9.11516253505894e-05,9.02825070891415e-05,8.94316944832513e-05,8.8600303447616e-05,8.7789558753996e-05,8.70008091681734e-05,8.62355451483609e-05,8.54954196245254e-05,8.47822725015151e-05,8.40981596866358e-05,8.34453876445516e-05,8.28265547437869e-05,8.22446009998048e-05,8.17028682667922e-05,8.12051735213937e-05,8.07558986724112e-05,8.03601013950966e-05,8.00236529388967e-05,7.97534108539083e-05,7.95574373601988e-05,7.94452780025396e-05,7.94283208311112e-05,7.9520264462782e-05,7.97377353249439e-05,8.0101112277673e-05,8.0635644110925e-05,8.13729879300934e-05,8.23533641546526e-05,8.3628634412552e-05,8.52667941967293e-05,8.73586934972716e-05,9.00283748899188e-05,9.3449494014193e-05,9.78723885255965e-05,0.00010367069119432,0.000111425881661847,0.000122090636031388,0.000137330066919343,0.000160309316510236,0.0001977681118645,0.00026659530025665,0.000421458288643988,0.000947568773877248,0.00822043471286465,0.00284964870242317,0.000268465864705437,6.31634049716838e-05,1.80305356574065e-05,4.78748449737518e-06,7.94971065534352e-07,1.07270545842151e-10,3.8407776881786e-07,1.18012913479176e-06,2.07515107880317e-06,2.93830212208617e-06,3.71716462884918e-06,4.39444709057943e-06,4.96877157564386e-06,5.44577060233573e-06,5.83385262883557e-06,6.14217385764703e-06,6.37968509897252e-06,6.55471236165446e-06,6.67480380197168e-06,6.74670787694117e-06,6.77641338715197e-06,6.76921570277912e-06,6.72979094223697e-06,6.66226906879916e-06,6.57030172860488e-06,6.45712320504082e-06,6.32560417651201e-06,6.17829860834826e-06,6.01748439392744e-06,5.84519845459097e-06,5.66326700495877e-06,5.47333164075987e-06,5.27687183798902e-06,5.07522437919426e-06,4.86960015284297e-06,4.66109870778975e-06,4.45072088855977e-06,4.23937982837332e-06,4.02791053477402e-06,3.81707826716045e-06,3.6075858753505e-06,3.40008024275847e-06,3.19515795637677e-06,2.99337030749886e-06,2.79522771194959e-06,2.60120362572539e-06,2.41173802095231e-06,2.22724047796647e-06,2.0480929414807e-06,1.87465218216796e-06,1.70725199938808e-06
0.000148081514543721,0.000146841466151976,0.000145602603407879,0.000144365123778836,0.000143129224809948,0.000141895104272459,0.000140662960319358,0.000139432991649226,0.000138205397678831,0.000136980378725524,0.000135758136200395,0.000134538872812851,0.000133322792788209,0.000132110102099249,0.000130901008713185,0.000129695722855429,0.000128494457292047,0.000127297427632556,0.000126104852655025,0.000124916954656045,0.000123733959827784,0.000122556098664988,0.000121383606405268,0.000120216723505798,0.000119055696160599,0.000117900776862753,0.000116752225016345,0.000115610307603672,0.000114475299914252,0.000113347486342025,0.00011222716125942,0.000111114629976894,0.000110010209798172,0.000108914231183019,0.000107827039030776,0.000106748994099739,0.00010568047457989,0.000104621877839092,0.000103573622365258,0.000102536149931663,0.000101509928015651,0.000100495452506509,9.94932507438243e-05,9.85038849348285e-05,9.75279560070305e-05,9.65661079626558e-05,9.56190328129196e-05,9.46874761844979e-05,9.37722437075781e-05,9.28742083157613e-05,9.19943186133143e-05,9.11336084962867e-05,9.02932082523097e-05,8.94743574104905e-05,8.86784196717665e-05,8.79069003226861e-05,8.71614666271323e-05,8.64439718059423e-05,8.57564833612655e-05,8.51013166893579e-05,8.44810751671096e-05,8.38986982098279e-05,8.33575192054305e-05,8.28613357674042e-05,8.24144954610193e-05,8.20220011118646e-05,8.16896410958356e-05,8.14241517732067e-05,8.12334216639574e-05,8.11267503656597e-05,8.11151800325198e-05,8.12119241470368e-05,8.14329283822652e-05,8.17976132493344e-05,8.23298706552142e-05,8.30594209219999e-05,8.4023690771624e-05,8.52704593097719e-05,8.6861661414405e-05,8.88789789622306e-05,9.14322716504755e-05,9.46726628014581e-05,9.88135379229605e-05,0.000104165570944067,0.000111197875187397,0.000120650749337984,0.000133757835659834,0.000152721703888661,0.00018184647936765,0.000230649520018091,0.000324338613674335,0.000552379093133558,0.00148421327574657,0.048714290083573,0.00158615566796776,0.000230078632913173,6.27697262749439e-05,2.01610349518767e-05,6.28278357311379e-06,1.50671412646213e-06,1.18238304637907e-07,8.74119158893108e-08,5.98907997674475e-07,1.29961046757405e-06,2.03064059119849e-06,2.72060615629314e-06,3.33939277762697e-06,3.87687297404737e-06,4.33262949805159e-06,4.71082896830772e-06,5.01761303661473e-06,5.25976322618906e-06,5.44402674383877e-06,5.57679104275982e-06,5.66394365454837e-06,5.71082989395218e-06,5.72226103763595e-06,5.70254708022328e-06,5.65553993602391e-06,5.58467947486772e-06,5.49303842194189e-06,5.38336418752238e-06,5.25811682367306e-06,5.11950292135055e-06,4.96950558482274e-06,4.80991077670822e-06,4.64233039008377e-06,4.46822241549977e-06,4.2889085552547e-06,4.10558960883068e-06,3.91935891999689e-06,3.73121414200593e-06,3.54206754503592e-06,3.35275506042897e-06,3.16404423000255e-06,2.97664120544252e-06,2.79119692281672e-06,2.60831255963031e-06,2.42854436706826e-06,2.25240795713271e-06,2.08038211339496e-06,1.91291218471096e-06,1.75041311314485e-06,1.59327214049578e-06,1.44185123189836e-06
0.000151143798143281,0.000149857956394409,0.000148574109074921,0.000147292445779535,0.000146013156452181,0.000144736431533673,0.00014346246211689,0.000142191440110686,0.000140923558412973,0.000139659011093894,0.000138397993590214,0.00013714070291188,0.00013588733786147,0.000134638099268643,0.000133393190240236,0.000132152816427643,0.000130917186313562,0.000129686511519515,0.000128461007136367,0.000127240892080263,0.000126026389476221,0.000124817727072555,0.000123615137689008,0.000122418859702221,0.000121229137572481,0.000120046222416104,0.000118870372628547,0.000117701854563472,0.000116540943274477,0.000115387923326087,0.000114243089682325,0.000113106748681723,0.000111979219109038,0.000110860833375262,0.000109751938819362,0.000108652899146584,0.00010756409602085,0.000106485930831142,0.000105418826654311,0.000104363230441048,0.000103319615455054,0.000102288484000669,0.000101270370479629,0.000100265844824742,9.9275516365649e-05,9.83000381919097e-05,9.7340112089649e-05,9.63964941418841e-05,9.54700010990485e-05,9.45615176461275e-05,9.36720047171825e-05,9.28025090374451e-05,9.19541741094336e-05,9.11282529043333e-05,9.03261225748509e-05,8.95493015745284e-05,8.87994696543583e-05,8.8078491315433e-05,8.73884434328975e-05,8.67316479400695e-05,8.61107106841151e-05,8.55285678515527e-05,8.49885417344292e-05,8.44944080958234e-05,8.40504780371381e-05,8.36616981262069e-05,8.33337736967272e-05,8.30733217906406e-05,8.28880623561185e-05,8.27870592808631e-05,8.2781027004698e-05,8.28827243720426e-05,8.31074659142912e-05,8.34737932302975e-05,8.40043676926612e-05,8.47271738090688e-05,8.56771659554884e-05,8.68985596415086e-05,8.84480790249161e-05,9.03996557365546e-05,9.28513871919224e-05,9.59361152603741e-05,9.98379989460004e-05,0.000104819391702651,0.000111266226092649,0.000119768394129474,0.000131270501664026,0.000147375159923874,0.000171009343557115,0.000208065668640394,0.00027212306959229,0.000401452461044771,0.000747387996786836,0.00256304347411277,0.136456062282045,0.00105520963371961,0.000204714525133114,6.32657625641351e-05,2.25281619211605e-05,8.00473255989959e-06,2.45377983423646e-06,4.63665805382847e-07,1.07067794691476e-09,2.08403448671495e-07,6.95617316986597e-07,1.27703927137418e-06,1.86266988501262e-06,2.40955239485693e-06,2.89863599777872e-06,3.32323261016727e-06,3.68304581844328e-06,3.98100046439543e-06,4.22153150300457e-06,4.40965527230715e-06,4.55046952251089e-06,4.64889200038725e-06,4.70953283776519e-06,4.73664195579844e-06,4.73409802358819e-06,4.70541975150373e-06,4.65378844285534e-06,4.5820754451907e-06,4.49287090130342e-06,4.38851182216319e-06,4.27110845789071e-06,4.14256850082202e-06,4.00461897598191e-06,3.85882585422343e-06,3.70661151837391e-06,3.54927025774531e-06,3.38798198211337e-06,3.22382434513248e-06,3.05778345716761e-06,2.89076335310848e-06,2.72359436461334e-06,2.55704053003944e-06,2.39180615994184e-06,2.2285416617127e-06,2.06784871414189e-06,1.91028487125487e-06,1.75636766461246e-06,1.60657826444404e-06,1.46136475228703e-06,1.321145050982e-06,1.18630955212171e-06
0.000154082718832973,0.000152753840065035,0.000151427715408578,0.000150104527618079,0.000148784460038138,0.000147467696751215,0.000146154422733308,0.000144844824018398,0.000143539087872763,0.000142237402979544,0.000140939959635042,0.000139646949957328,0.000138358568108616,0.000137075010532581,0.000135796476208058,0.000134523166920323,0.000133255287552475,0.000131993046397768,0.000130736655495715,0.000129486330993995,0.000128242293538772,0.000127004768696222,0.000125773987408577,0.000124550186488013,0.000123333609152663,0.000122124505608722,0.000120923133684149,0.000119729759519114,0.000118544658319679,0.000117368115181668,0.00011620042599278,0.000115041898421996,0.000113892853006294,0.000112753624346531,0.000111624562425598,0.000110506034063724,0.000109398424528319,0.000108302139318178,0.00010721760614402,0.000106145277132108,0.000105085631280386,0.000104039177201954,0.000103006456196029,0.000101988045693051,0.000100984563128377,9.99966703081199e-05,9.90250783417791e-05,9.80705532295107e-05,9.71339222074333e-05,9.62160809739733e-05,9.53180019429753e-05,9.44407436976589e-05,9.35854618540891e-05,9.27534215848018e-05,9.19460121058897e-05,9.11647634948956e-05,9.04113662879794e-05,8.96876944054212e-05,8.89958320818452e-05,8.83381056384371e-05,8.77171211400718e-05,8.71358092439053e-05,8.65974788870522e-05,8.61058819043931e-05,8.56652912510509e-05,8.52805962740448e-05,8.49574195078401e-05,8.47022608545715e-05,8.45226768979063e-05,8.44275056958294e-05,8.44271510104936e-05,8.45339450218483e-05,8.47626158348477e-05,8.51308966041177e-05,8.56603285585281e-05,8.6377333319183e-05,8.73146650950915e-05,8.85134080068853e-05,9.00257706024151e-05,9.19190708883628e-05,9.42815413662858e-05,9.7230990518829e-05,0.000100928082781578,0.000105597343777808,0.000111561602813407,0.000119300897773184,0.000129558376145985,0.000143542509126803,0.000163342944209933,0.000192869804759225,0.000240252646057237,0.000325095790667709,0.000506679196357818,0.0010517978526338,0.00516972003565018,0.0157308783136481,0.00078110009137959,0.000187519535993607,6.4475662501724e-05,2.51331062821445e-05,9.95885336392233e-06,3.64146550825006e-06,1.04299923051205e-06,1.33257173592304e-07,1.81094648066244e-08,2.73547079727444e-07,6.88399290262955e-07,1.15451238379515e-06,1.61614495281538e-06,2.04520922365616e-06,2.42856928247675e-06,2.76127588880237e-06,3.04285683915065e-06,3.27523853567105e-06,3.46156491638124e-06,3.60552221572701e-06,3.71095437508752e-06,3.78164784011911e-06,3.82121595726508e-06,3.83304210717615e-06,3.82025732060736e-06,3.7857378363531e-06,3.73211383197431e-06,3.66178403174991e-06,3.57693300843102e-06,3.47954928920857e-06,3.37144317216043e-06,3.25426364926843e-06,3.12951413223684e-06,2.99856685923788e-06,2.86267596890502e-06,2.72298928971578e-06,2.58055892619917e-06,2.43635073867761e-06,2.29125281811528e-06,2.14608305580478e-06,2.00159590254743e-06,1.85848840480713e-06,1.71740559761659e-06,1.57894532617135e-06,1.44366256038513e-06,1.31207325971156e-06,1.18465783899113e-06,1.06186428025602e-06,9.44110930160735e-07
0.000156907552810929,0.00015553816067789,0.000154172238859867,0.000152809964134603,0.000151451514086104,0.000150097067252854,0.000148746803284517,0.000147400903107525,0.000146059549100947,0.000144722925283001,0.000143391217509482,0.000142064613685023,0.000140743303988362,0.000139427481112999,0.000138117340524671,0.000136813080736816,0.000135514903606385,0.000134223014651419,0.000132937623392528,0.000131658943720908,0.000130387194295138,0.000129122598969759,0.000127865387258948,0.000126615794838633,0.000125374064091203,0.000124140444697097,0.000122915194278471,0.000121698579100315,0.000120490874835463,0.000119292367400361,0.000118103353869806,0.000116924143479561,0.000115755058726803,0.000114596436580462,0.000113448629814009,0.000112312008476047,0.000111186961515548,0.000110073898581347,0.000108973252018072,0.000107885479084388,0.000106811064422924,0.000105750522816063,0.000104704402267123,0.000103673287452638,0.00010265780359911,0.000101658620846454,0.000100676459170937,9.97120939531186e-05,9.87663622914678e-05,9.78401701808074e-05,9.69345006966351e-05,9.60504233534947e-05,9.51891048381889e-05,9.43518213586695e-05,9.35399728990022e-05,9.2755099731453e-05,9.19989016123792e-05,9.12732601833261e-05,9.05802652169754e-05,8.99222454969578e-05,8.93018053109705e-05,8.87218677789986e-05,8.81857265508058e-05,8.76971078115553e-05,8.72602450626474e-05,8.68799698400886e-05,8.65618224550905e-05,8.63121880766233e-05,8.61384651452823e-05,8.60492753873138e-05,8.60547278448633e-05,8.61667537329322e-05,8.63995351491083e-05,8.67700595696739e-05,8.7298845021417e-05,8.80108999587899e-05,8.89370106448452e-05,9.01154928916811e-05,9.1594613885338e-05,9.3435999938367e-05,9.5719526546576e-05,9.85504914619915e-05,0.000102070400791932,0.000106473651665998,0.000112034183005667,0.000119149676461886,0.000128418160453844,0.000140777907007754,0.000157779647168399,0.000182159551290436,0.000219172272636702,0.000280131697609424,0.000393729048616426,0.000653998851419014,0.00155701282509499,0.0139429469291017,0.00581305445398513,0.000620885613459703,0.000175759880176314,6.62801661941187e-05,2.79775452502262e-05,1.2150010122997e-05,5.07449504432102e-06,1.86216713729972e-06,4.91396739650084e-07,3.67061152806282e-08,4.29735090393005e-08,2.74860506029015e-07,6.06582647628983e-07,9.69739673923816e-07,1.32714823527594e-06,1.65908912161811e-06,1.95580078749833e-06,2.21325550098287e-06,2.43072457430106e-06,2.60934890244697e-06,2.75128901034873e-06,2.85921629697825e-06,2.93600863628827e-06,2.98457001115529e-06,3.00772613549378e-06,3.00816686808611e-06,2.98841744224719e-06,2.95082732969074e-06,2.89756973151934e-06,2.8306472865639e-06,2.75190122043388e-06,2.66302219394082e-06,2.56556177008098e-06,2.46094384158698e-06,2.35047563222153e-06,2.23535805810633e-06,2.11669534554193e-06,1.99550387049981e-06,1.87272022731197e-06,1.74920855881684e-06,1.62576719390745e-06,1.50313464488451e-06,1.38199501889014e-06,1.26298289697321e-06,1.14668773173796e-06,1.03365781125959e-06,9.24403833153037e-07,8.19402128764303e-07,7.19097573757133e-07
0.000159626552463528,0.000158218968048405,0.000156815531357976,0.000155416413921831,0.000154021788271359,0.000152631828088941,0.00015124670836585,0.000149866605569534,0.000148491697821331,0.000147122165085133,0.000145758189368236,0.000144399954935492,0.000143047648537669,0.000141701459655642,0.000140361580761586,0.000139028207598836,0.000137701539482247,0.000136381779620775,0.000135069135464491,0.000133763819078438,0.000132466047545862,0.000131176043403568,0.000129894035113021,0.000128620257570233,0.000127354952658884,0.00012609836985081,0.000124850766859178,0.000123612410349501,0.000122383576715263,0.000121164552924799,0.00011995563744759,0.000118757141268914,0.000117569389003077,0.000116392720116394,0.000115227490273437,0.000114074072820886,0.000112932860426317,0.000111804266890888,0.000110688729158081,0.00010958670954406,0.000108498698218342,0.000107425215968714,0.000106366817288976,0.000105324093834523,0.000104297678297857,0.000103288248765,0.000102296533623627,0.000101323317106328,0.000100369445566747,9.94358346041288e-05,9.85234771726021e-05,9.76334528377533e-05,9.6766938373511e-05,9.59252199309048e-05,9.51097070565711e-05,9.43219488964169e-05,9.35636529908591e-05,9.28367071563992e-05,9.21432050588807e-05,9.14854762225966e-05,9.08661213953265e-05,9.02880544128312e-05,8.97545519931289e-05,8.92693132598213e-05,8.88365312740125e-05,8.8460979482172e-05,8.81481168159298e-05,8.79042162824951e-05,8.77365233653127e-05,8.76534525623059e-05,8.76648331406214e-05,8.77822189974922e-05,8.80192828603001e-05,8.83923226446225e-05,8.89209187102025e-05,8.96287967105551e-05,9.05449744249719e-05,9.17053067649744e-05,9.31545983006344e-05,9.49495394197278e-05,9.71628619436186e-05,9.98893408429225e-05,0.000103254661136197,0.000107428858098428,0.000112647293553212,0.00011924451228458,0.000127711063243533,0.000138793347995602,0.000153678986706498,0.000174364751574061,0.000204450378635182,0.000251044853546155,0.000330050298113736,0.000484122662091335,0.000866762928514102,0.00246864446751654,0.076603543381139,0.00315152182857426,0.000519282234551289,0.000167796427122771,6.85961723434204e-05,3.1063368729334e-05,1.45824794662258e-05,6.75706736530667e-06,2.92647544389354e-06,1.08220011402376e-06,2.72119121736608e-07,1.27203247469961e-08,4.58442976806239e-08,2.28656648770154e-07,4.80283527028072e-07,7.54437446509152e-07,1.02471928955912e-06,1.27642477341494e-06,1.5018334439007e-06,1.69743041657129e-06,1.86223400240373e-06,1.99677276244778e-06,2.10245245680919e-06,2.18116147559e-06,2.23502441427739e-06,2.26624883153108e-06,2.27703117775619e-06,2.26950053753935e-06,2.24568660819958e-06,2.20750319313482e-06,2.15674156270667e-06,2.09507000440041e-06,2.02403715838742e-06,1.94507756663191e-06,1.85951841092374e-06,1.76858677683529e-06,1.67341702075601e-06,1.57505797649522e-06,1.47447984401741e-06,1.37258067273083e-06,1.27019239782869e-06,1.16808641773149e-06,1.06697871959289e-06,9.67534571238725e-07,8.70372804423072e-07,7.76069717618238e-07,6.85162627690799e-07,5.981530996068e-07,5.15509882260182e-07
0.000162247097731813,0.000160803464452103,0.000159364621454896,0.000157930735641106,0.000156501975091632,0.000155078509217873,0.000153660508921274,0.000152248146762332,0.000150841597140443,0.000149441036484951,0.000148046643458629,0.000146658599174737,0.000145277087428627,0.000143902294945586,0.000142534411645785,0.000141173630928463,0.000139820149976874,0.000138474170085825,0.000137135897013995,0.000135805541363656,0.000134483318989948,0.000133169451442918,0.000131864166445621,0.000130567698411504,0.000129280289005442,0.000128002187752662,0.000126733652700788,0.000125474951140241,0.000124226360389578,0.000122988168652674,0.000121760675955678,0.000120544195172726,0.000119339053150435,0.000118145591942558,0.000116964170167983,0.000115795164506344,0.0001146389713484,0.000113496008619968,0.000112366717801322,0.000111251566166983,0.00011015104927464,0.00010906569373613,0.000107996060308512,0.00010694274734937,0.000105906394687309,0.000104887687967103,0.000103887363538597,0.000102906213970637,0.000101945094284587,0.000101004929019964,0.000100086720263475,9.91915567985953e-05,9.83206245615407e-05,9.74752186256944e-05,9.66567569809895e-05,9.58667964284234e-05,9.51070509767664e-05,9.43794132114192e-05,9.36859792085229e-05,9.30290776961737e-05,9.24113043282141e-05,9.1835562141482e-05,9.13051095312989e-05,9.08236174170835e-05,9.03952377072384e-05,9.00246857401529e-05,8.97173401250264e-05,8.94793643923408e-05,8.93178561815737e-05,8.92410314674905e-05,8.92584537401864e-05,8.93813213717842e-05,8.96228310161201e-05,8.99986413797855e-05,9.05274709586487e-05,9.12318767176213e-05,9.21392803377464e-05,9.32833379776243e-05,9.47057940516364e-05,9.64590285763691e-05,9.86096169778328e-05,0.000101243398577047,0.000104472845260074,0.000108448028309698,0.00011337337939037,0.000119534094960006,0.00012733921082971,0.000137394791068537,0.000150634411019294,0.000168565607543831,0.000193769439209082,0.000231006983742577,0.000289968715433742,0.000393258689279537,0.000605466496924342,0.00118611243175518,0.00432537346542022,0.170296037340492,0.00205692516116315,0.000451131935722637,0.000162595714375139,7.13643988303498e-05,3.43925091206668e-05,1.72600102896813e-05,8.69289966677569e-06,4.24065937782399e-06,1.91172028685485e-06,7.31574210978063e-07,1.90909040386146e-07,1.00936927504184e-08,2.98701014622714e-08,1.57127577840654e-07,3.36511130686397e-07,5.3488123993421e-07,7.32488086695153e-07,9.17801972122169e-07,1.08440597846771e-06,1.22908748525195e-06,1.35064499490213e-06,1.44913144959928e-06,1.52536910887384e-06,1.58063620701272e-06,1.61646381477839e-06,1.63450423604631e-06,1.63644627823696e-06,1.62396145542733e-06,1.59867069837297e-06,1.56212468419071e-06,1.51579319780737e-06,1.46106044853847e-06,1.39922426838737e-06,1.33149779065067e-06,1.2590126607033e-06,1.18282313876755e-06,1.10391066452388e-06,1.02318859733988e-06,9.41506944594524e-07,8.59656958366902e-07,7.7837552724111e-07,6.98349321614135e-07,6.20218672375464e-07,5.44581177123425e-07,4.71995037516073e-07,4.02982137244971e-07,3.38030873776082e-07
0.000164775819604688,0.000163298124008086,0.000161825829746214,0.000160359099621542,0.000158898097780018,0.000157442989863246,0.000155993943169669,0.000154551126825694,0.000153114711967715,0.000151684871935616,0.000150261782479061,0.000148845621977517,0.000147436571675158,0.000146034815932269,0.000144640542494119,0.000143253942779324,0.000141875212189261,0.000140504550440526,0.000139142161922446,0.000137788256082362,0.000136443047840783,0.000135106758039871,0.000133779613928054,0.00013246184968474,0.00013115370698866,0.000129855435634848,0.000128567294204881,0.000127289550795993,0.000126022483815589,0.000124766382847745,0.000123521549599911,0.000122288298938707,0.000121066960024599,0.00011985787755691,0.000118661413142154,0.000117477946799919,0.000116307878623107,0.000115151630611267,0.000114009648698465,0.000112882405000476,0.000111770400309281,0.000110674166867454,0.000109594271459636,0.000108531318864399,0.00010748595571621,0.00010645887483571,0.000105450820095442,0.00010446259190022,0.000103495053373963,0.000102549137361841,0.00010162585437486,0.000100726301628381,9.98516733534248e-05,9.90032725941312e-05,9.81825247465404e-05,9.73909931445083e-05,9.66303970616918e-05,9.59026325759583e-05,9.52097968389296e-05,9.45542164134299e-05,9.3938480492959e-05,9.33654800074055e-05,9.28384538615099e-05,9.23610438618069e-05,9.19373602854501e-05,9.1572060560413e-05,9.12704441990854e-05,9.10385680128034e-05,9.0883386809935e-05,9.08129263518557e-05,9.08364974658787e-05,9.09649631134752e-05,9.12110742116097e-05,9.15898955865453e-05,9.21193513249956e-05,9.28209300770108e-05,9.37206072621488e-05,9.48500653187255e-05,9.62483294235145e-05,9.79639915620903e-05,0.000100058282293524,0.000102609387391167,0.000105718631732583,0.000109519530864767,0.000114191364977806,0.000119980101936045,0.00012723167831506,0.000136446896435749,0.000148375906801177,0.000164189220386708,0.000185806617934366,0.000216578844085651,0.000262840500317521,0.000337913467374636,0.000474343560628785,0.000772057682371416,0.00168953100974041,0.00890199092838645,0.0253785607915034,0.00149792373137115,0.000403598387656395,0.00015947867819734,7.45416699403809e-05,3.79668362812544e-05,2.01858751231176e-05,1.08852661903175e-05,5.8089299937118e-06,2.98540382553884e-06,1.42164683755402e-06,5.85003320506928e-07,1.75711060654076e-07,1.87495880612865e-08,9.0522637617332e-09,8.22737503186582e-08,1.98506992829322e-07,3.32879958688335e-07,4.69957111301384e-07,6.00318652149341e-07,7.1842386057776e-07,8.21251376196969e-07,9.07420265347363e-07,9.76614509206138e-07,1.02920229525439e-06,1.0659822587745e-06,1.08801353039231e-06,1.09650172076553e-06,1.09272258596708e-06,1.07797126402105e-06,1.05352896120321e-06,1.02064158872416e-06,9.80506594662357e-07,9.34265408960774e-07,8.82999715686969e-07,8.27730312071291e-07,7.69417690195366e-07,7.08963738605406e-07,6.47214143715482e-07,5.84961199053056e-07,5.22946820642778e-07,4.6186563061869e-07,4.02368016162936e-07,3.45063102768808e-07,2.90521603275159e-07,2.39278519901163e-07,1.91835687545162e-07
0.000167218701810285,0.000165708791090693,0.000164204864116018,0.000162707080046874,0.000161215599538382,0.000159730584894034,0.00015825220022872,0.000156780611642043,0.000155315987402577,0.000153858498143947,0.000152408317073956,0.000150965620197592,0.000149530586555277,0.000148103398477717,0.000146684241858767,0.000145273306447739,0.000143870786163364,0.000142476879430888,0.000141091789544645,0.000139715725058658,0.000138348900207531,0.000136991535360919,0.000135643857514555,0.000134306100821573,0.00013297850716807,0.000131661326797317,0.00013035481898791,0.000129059252790841,0.000127774907832392,0.000126502075189333,0.000125241058344436,0.000123992174231341,0.000122755754378394,0.000121532146162807,0.000120321714188037,0.000119124841798466,0.000117941932747933,0.000116773413040768,0.000115619732966222,0.00011448136935089,0.000113358828056666,0.000112252646755929,0.000111163398020947,0.00011009169276925,0.00010903818411412,0.000108003571676644,0.000106988606424906,0.000105994096117203,0.000105020911438533,0.000104069992935601,0.00010314235887341,0.000102239114159489,0.000101361460507973,0.000100510708048229,9.96882886227773e-05,9.88957710664865e-05,9.81348788187422e-05,9.74075102927082e-05,9.6715762516041e-05,9.60619586691124e-05,9.54486802871307e-05,9.48788050688088e-05,9.43555514567306e-05,9.38825314385699e-05,9.34638133812965e-05,9.31039971790613e-05,9.28083046041649e-05,9.25826885460638e-05,9.24339658743762e-05,9.23699800589262e-05,9.23998015554643e-05,9.25339765085188e-05,9.27848378037052e-05,9.31668973216302e-05,9.36973449958613e-05,9.43966898525446e-05,9.52895919772101e-05,9.64059544414466e-05,9.77823740003852e-05,9.94640942844004e-05,0.000101507674236766,0.000103984692857554,0.000106986985167249,0.000110634190482553,0.000115084878568918,0.000120553365548459,0.000127335863160074,0.000135852491142907,0.000146717378428851,0.000160860940506172,0.000179754735563553,0.000205852274641856,0.000243524456014861,0.000301255530671683,0.000397535432923939,0.000579919513624869,0.00100700319737717,0.00253604060864998,0.0247874141109745,0.00962235209858924,0.0011726460309058,0.000369549782480357,0.000157983431183868,7.80959494851028e-05,4.17880936902266e-05,2.33629146721632e-05,1.33370331278633e-05,7.6350159934188e-06,4.30813735440078e-06,2.34830777329447e-06,1.20185018861319e-06,5.50193567440421e-07,2.03242167623143e-07,4.42916759619115e-08,1.19654468176382e-10,2.40550128491581e-08,8.60513708258161e-08,1.66689851504228e-07,2.53461536098762e-07,3.38411507110331e-07,4.16617079436008e-07,4.8518864463992e-07,5.42604436308863e-07,5.88262392388344e-07,6.2217534450738e-07,6.44762120034005e-07,6.5670359406277e-07,6.58843180728199e-07,6.52118001302166e-07,6.37511387101918e-07,6.16020310105468e-07,5.88633306219848e-07,5.56315796198073e-07,5.2000062883866e-07,4.80582308208441e-07,4.38913811546456e-07,3.95805217661492e-07,3.52023587437854e-07,3.08293696181143e-07,2.65299330795326e-07,2.23684946257049e-07,1.84057534732065e-07,1.46988603285081e-07,1.13016187046977e-07,8.26468471699797e-08
0.000169581165266902,0.000168040762136227,0.000166506898987121,0.000164979731733881,0.000163459417925475,0.000161946116901123,0.000160439989955372,0.000158941200513578,0.00015744991431853,0.000155966299629114,0.000154490527432221,0.000153022771668789,0.000151563209475334,0.00015011202144228,0.000148669391890551,0.000147235509167964,0.000145810565967405,0.000144394759668489,0.000142988292705035,0.000141591372960687,0.000140204214195312,0.000138827036505184,0.00013746006681997,0.00013610353944052,0.000134757696620869,0.000133422789199575,0.000132099077284872,0.0001307868309993,0.000129486331290254,0.000128197870813137,0.000126921754894844,0.000125658302586761,0.000124407847816767,0.000123170740651454,0.000121947348681293,0.000120738058542786,0.000119543277593867,0.00011836343576093,0.000117198987578137,0.000116050414443214,0.000114918227116663,0.000113802968495771,0.000112705216699181,0.000111625588503541,0.000110564743179659,0.000109523386783422,0.000108502276965533,0.000107502228374478,0.00010652411873945,0.000105568895735357,0.000104637584748483,0.000103731297684047,0.000102851242981041,0.000101998737031477,0.000101175217237925,0.000100382256988794,9.96215828866312e-05,9.88950946324579e-05,9.82048880539861e-05,9.75532818693759e-05,9.69428489087749e-05,9.6376452678868e-05,9.58572903610023e-05,9.53889435940544e-05,9.49754387253702e-05,9.46213186394841e-05,9.43317288254536e-05,9.41125210613912e-05,9.39703790359374e-05,9.39129714719508e-05,9.39491399790587e-05,9.40891310983135e-05,9.43448850441558e-05,9.4730397827106e-05,9.52621792465754e-05,9.59598374051768e-05,9.68468320218331e-05,9.79514556082844e-05,9.9308126182151e-05,0.000100959111853479,0.000102956863219699,0.000105367215461029,0.000108273857767348,0.000111784687149418,0.000116041027688497,0.000121231317808183,0.000127611964352989,0.000135540067735753,0.000145526547817858,0.00015832585640212,0.000175094668343555,0.000197688595013809,0.000229255723056979,0.000275528188726607,0.000347953841284063,0.000472473993289045,0.00071976663736985,0.00134940515407356,0.00409171571378098,0.13473809116757,0.00523824554287041,0.000966278019201264,0.000344753275454797,0.000157786436742189,8.20030577013693e-05,4.58578610098303e-05,2.679357675278e-05,1.60506901623518e-05,9.7222014599896e-06,5.88428976778277e-06,3.5169649943893e-06,2.04771836612001e-06,1.14046656210047e-06,5.90743568493107e-07,2.70556912817405e-07,9.79521913594007e-08,1.95257338317875e-08,2.76082763180976e-11,1.59962738842531e-08,5.17615967193803e-08,9.68792526459305e-08,1.44452094436351e-07,1.90013377606412e-07,2.30772927795907e-07,2.65101868e-07,2.92176599006749e-07,3.11730570540907e-07,3.23879914821237e-07,3.29000250599312e-07,3.27639281992379e-07,3.2045465002911e-07,3.08169731115659e-07,2.91542270049412e-07,2.71342238699007e-07,2.48336352616133e-07,2.23277405783491e-07,1.96897097049278e-07,1.69901386705922e-07,1.42967683002198e-07,1.16743346730483e-07,9.18451386276437e-08,6.88593339311219e-08,4.83423013833926e-08,3.08213976672688e-08,1.6796067881504e-08
0.000171868138763297,0.00017029885417085,0.000168736641765961,0.000167181654560889,0.000165634047333209,0.000164093976783251,0.000162561601701258,0.000161037083144982,0.000159520584628733,0.00015801227232467,0.000156512315277414,0.000155020885633165,0.000153538158884369,0.000152064314131505,0.000150599534363326,0.000149144006757127,0.00014769792300109,0.000146261479640305,0.000144834878448876,0.000143418326830438,0.000142012038249755,0.000140616232698257,0.000139231137196809,0.000137856986339255,0.000136494022880921,0.000135142498376085,0.000133802673869992,0.000132474820650307,0.000131159221064698,0.000129856169411142,0.000128565972908689,0.000127288952757727,0.000126025445299206,0.00012477580328376,0.000123540397263656,0.000122319617121134,0.000121113873749255,0.000119923600903517,0.000118749257244458,0.000117591328594994,0.000116450330439103,0.000115326810692503,0.000114221352780527,0.000113134579063434,0.000112067154655941,0.000111019791694582,0.000109993254115226,0.000108988363013209,0.000108006002670234,0.000107047127346642,0.000106112768954113,0.000105204045744608,0.00010432217217512,0.000103468470137198,0.000102644381775697,0.000101851484163814,0.000101091506154004,0.000100366347788415,9.9678102731287e-05,9.902908428315e-05,9.84218556578749e-05,9.78592653544298e-05,9.734448864541e-05,9.68810764433511e-05,9.64730131106145e-05,9.61247851669589e-05,9.58414633495893e-05,9.56288011282903e-05,9.54933536241916e-05,9.544262199349e-05,9.54852298130984e-05,9.56311399795797e-05,9.58919232996674e-05,9.62810935876367e-05,9.68145290996339e-05,9.75110071266222e-05,9.83928884365201e-05,9.94870023691562e-05,0.000100825803858572,0.00010244890380693,0.000104405119385155,0.000106755259684097,0.000109575969226269,0.000112965122070077,0.000117049536395692,0.000121996242917116,0.000128029338847425,0.000135455881257609,0.000144706904594229,0.000156404729680043,0.000171478053616506,0.000191368534779062,0.000218423876544965,0.000256701126505931,0.000313762210611021,0.000405182191447264,0.000567804683605624,0.000908770787957493,0.00186927846888762,0.00734680520754808,0.15815653350348,0.00341243356435705,0.000827173146114783,0.000326560546451791,0.000158655254296814,8.62444507514537e-05,5.01775336891016e-05,3.04799505738935e-05,1.90283790664573e-05,1.20733600201642e-05,7.71775067132785e-06,4.93250224053221e-06,3.12833398972061e-06,1.95291504436517e-06,1.18812505168711e-06,6.95058555684608e-07,3.83202269867729e-07,1.92476758127987e-07,8.24206373995862e-08,2.54875944884685e-08,2.78780074580951e-09,1.32295103112523e-09,1.21565446509463e-08,2.91826032725229e-08,4.82847788623096e-08,6.67545686438436e-08,8.28841874394585e-08,9.56788225524946e-08,1.04651517922266e-07,1.09675897192061e-07,1.1087978478343e-07,1.08568009432613e-07,1.03166199642858e-07,9.51797876377566e-08,8.51641009152016e-08,7.37025805859534e-08,6.13909831657113e-08,4.88260035681705e-08,3.65971735748024e-08,2.52811908680905e-08,1.5438052514897e-08,7.60852693264369e-09,2.31261632467219e-09,4.87488802376867e-11,1.29350501913524e-09
0.000174084118537625,0.000172487462622716,0.000170898388942605,0.000169317047908571,0.000167743591819565,0.000166178175021456,0.000164620954076303,0.000163072087942041,0.000161531738164108,0.000160000069079105,0.000158477248032279,0.000156963445609504,0.000155458835885137,0.0001539635966871,0.000152477909880662,0.000151001961672557,0.00014953594293712,0.000148080049566698,0.000146634482848082,0.000145199449867719,0.00014377516394821,0.000142361845118915,0.000140959720624172,0.00013956902547234,0.000138190003030058,0.000136822905665813,0.000135467995447994,0.000134125544902763,0.000132795837837977,0.000131479170239985,0.000130175851251045,0.000128886204235859,0.000127610567947197,0.000126349297800999,0.000125102767274074,0.00012387136943728,0.00012265551864078,0.000121455652368802,0.000120272233284016,0.000119105751484905,0.00011795672700225,0.000116825712564582,0.000115713296667363,0.000114620106985134,0.000113546814172137,0.000112494136103906,0.00011146284262037,0.000110453760840935,0.000109467781133049,0.000108505863829923,0.000107569046808472,0.000106658454058486,0.000105775305396733,0.000104920927507441,0.000104096766524357,0.000103304402409737,0.000102545565435247,0.00010182215512973,0.000101136262132851,0.000100490193484501,9.98865019924381e-05,9.93280204611869e-05,9.88179017401767e-05,9.83596657699824e-05,9.79572550844097e-05,9.76151005814866e-05,9.73381998310759e-05,9.71322107735876e-05,9.70035644260118e-05,9.6959601208002e-05,9.70087368155725e-05,9.71606653176982e-05,9.74266094976299e-05,9.78196316380061e-05,9.83550222985927e-05,9.90507906512399e-05,9.99282883565986e-05,0.000101013010898064,0.000102335637422323,0.000103933395100127,0.000105851870968285,0.000108147449833206,0.000110890642111145,0.000114170698967019,0.000118102125738562,0.000122834055044744,0.000128564031755867,0.000135558789037336,0.000144186442886185,0.000154967991521068,0.000168662776922519,0.000186416528033921,0.000210031209070942,0.000242488041127206,0.000289040862049594,0.00035973121027969,0.000475946769014565,0.000690749909057017,0.00117037495565523,0.00270122191719357,0.0157164124430744,0.0328167441061892,0.00247358370438324,0.00072920186735378,0.000313241606742509,0.0001604191566833,9.08056880705691e-05,5.47483136284829e-05,3.44237971194721e-05,2.22719197166066e-05,1.46909858703751e-05,9.81196547575563e-06,6.59931457433756e-06,4.44891392641248e-06,2.9934133473064e-06,2.00175902083377e-06,1.3245283084693e-06,8.62846393726786e-07,5.50037747448966e-07,3.40441323556321e-07,2.02400144927053e-07,1.13759243151614e-07,5.89120864228941e-08,2.68260444625812e-08,9.70014989014494e-09,2.03905533740557e-09,5.65929612412701e-12,9.63210335247535e-10,3.148048748051e-09,5.43355788764129e-09,7.15852779927554e-09,8.00147990683847e-09,7.88809602157244e-09,6.92269466899359e-09,5.3373100251529e-09,3.45374498856171e-09,1.65524590186597e-09,3.65351588756834e-10,3.21172474302876e-11,1.11638135768912e-09,4.08308390451999e-09,9.39489342865686e-09,1.75075842351542e-08,2.88667415229879e-08,4.39054740528271e-08
0.000176233218831179,0.000174610610413232,0.000172996073763535,0.000171389756956931,0.000169791810070723,0.000168202385345999,0.000166621637358803,0.000165049723202177,0.000163486802680021,0.000161933038513299,0.000160388596560306,0.000158853646051415,0.000157328359839996,0.00015581291467079,0.000154307491467079,0.000152812275638343,0.000151327457410401,0.000149853232179675,0.000148389800893871,0.000146937370461673,0.000145496154193868,0.000144066372278735,0.000142648252295257,0.000141242029767533,0.000139847948764259,0.000138466262547889,0.000137097234278405,0.000135741137776912,0.000134398258355444,0.000133068893719622,0.000131753354951793,0.000130451967583389,0.000129165072765914,0.000127893028551239,0.000126636211293833,0.000125395017188071,0.000124169863956464,0.000122961192706456,0.000121769469975108,0.000120595189985247,0.000119438877137945,0.000118301088771391,0.000117182418219533,0.00011608349820917,0.00011500500463988,0.000113947660797923,0.000112912242062994,0.000111899581176319,0.00011091057414918,0.000109946186904474,0.000109007462758694,0.000108095530870593,0.000107211615804713,0.000106357048383993,0.000105533278037766,0.000104741886889516,0.000103984605875438,0.000103263333241227,0.000102580155834086,0.000101937373691607,0.000101337528534583,0.00010078343690073,0.000100278228818741,9.98253931254931e-05,9.94288307855658e-05,9.90929178971512e-05,9.88225804828344e-05,9.86233836956844e-05,9.85016387585764e-05,9.84645318497161e-05,9.85202803212138e-05,9.86783231901662e-05,9.89495549117946e-05,9.93466142310394e-05,9.9884243695431e-05,0.000100579740611252,0.000101453527442676,0.000102529879792527,0.000103837864527644,0.000105412561415505,0.000107296672089759,0.000109542665452374,0.000112215677164694,0.000115397486606541,0.000119192061196188,0.000123733426290673,0.000129197062400102,0.00013581678552193,0.000143910389720291,0.000153919737770048,0.000166475544172823,0.000182506141543441,0.000203428475722736,0.000231501906686322,0.000270527447449625,0.000327345221566246,0.000415387080593343,0.000564330289284169,0.00085182659306371,0.00154303015031094,0.0041289368903595,0.0467167531317138,0.0135067970638425,0.00192441186758376,0.00065793949346458,0.000303624976232267,0.0001629502732012,9.56753552140729e-05,5.9571207013419e-05,3.86265762325081e-05,2.57828338256572e-05,1.7577222035522e-05,1.21699675100683e-05,8.52134122856762e-06,6.01419688190965e-06,4.26735315485866e-06,3.03754344584245e-06,2.16523983574018e-06,1.54342418554989e-06,1.09892501461202e-06,7.80911497047471e-07,5.53605299764344e-07,3.9155328426587e-07,2.76496423151404e-07,1.95257120046334e-07,1.38289943960763e-07,9.86726719176943e-08,7.13945208945508e-08,5.2848044352239e-08,4.04625399159377e-08,3.24370242159321e-08,2.75440689552412e-08,2.49845975175594e-08,2.42796813891253e-08,2.51894352058656e-08,2.76519172307123e-08,3.17369061990643e-08,3.76108136416826e-08,4.55099814320902e-08,5.57203276275225e-08,6.85618216518214e-08,8.43766489496163e-08,1.03520204709069e-07,1.26354263716169e-07,1.5324182836678e-07
0.000178319215046038,0.000176671989895326,0.000175033306986286,0.000173403312290445,0.00017178215389007,0.000170169982141358,0.00016856694984766,0.000166973212443734,0.000165388928191869,0.000163814258390617,0.000162249367597645,0.000160694423867275,0.000159149599004428,0.000157615068836012,0.000156091013501505,0.000154577617764004,0.00015307507134403,0.000151583569277661,0.000150103312301205,0.00014863450726512,0.000147177367579435,0.000145732113693745,0.000144298973615192,0.000142878183467573,0.00014146998809596,0.000140074641720949,0.000138692408647658,0.000137323564034534,0.000135968394728529,0.000134627200172952,0.000133300293395762,0.000131988002087006,0.000130690669774284,0.00012940865710757,0.000128142343264994,0.000126892127493191,0.000125658430797614,0.0001244416978,0.00012324239878248,0.000122061031940745,0.000120898125871606,0.000119754242323429,0.00011862997924284,0.000117525974155244,0.000116442907922342,0.000115381508926639,0.000114342557740234,0.000113326892344413,0.000112335413976674,0.000111369093694922,0.00011042897976264,0.00010951620597686,0.000108632001081577,0.000107777699434087,0.000106954753122034,0.000106164745765182,0.000105409408279643,0.000104690636935554,0.000104010514104378,0.000103371332171485,0.000102775621187288,0.000102226180951852,0.000101726118377969,0.000101278891165426,0.0001008883590552,0.000100558844230172,0.000100295202806793,0.000100102909845839,9.99881609318797e-05,9.9957994177027e-05,0.000100020437555337,0.000100184687856833,0.000100461329383022,0.00010086260295734,0.000101402739132893,0.000102098373991658,0.000102969072143944,0.000104037990195584,0.000105332726160587,0.00010688641773744,0.000108739177632418,0.00011093999126691,0.000113549257745531,0.000116642239478329,0.00012031381699161,0.000124685153340755,0.000129913209918498,0.00013620461748473,0.000143836370182473,0.000153187518436801,0.000164789177390667,0.000179406190932909,0.000198175917557587,0.000222855437341847,0.000256287320335136,0.000303339356411452,0.000372969576517586,0.000483291230746454,0.000675971079396365,0.00106676196841878,0.00209298820942193,0.00682917424280818,0.231590604317734,0.00757895263859652,0.00157421310056037,0.000604867348746704,0.000296892837706383,0.000166151148451377,0.000100844294523706,6.46470267654531e-05,4.30894708871931e-05,2.95623666518036e-05,2.07338861775754e-05,1.47944074709247e-05,1.07020959953272e-05,7.82847247802019e-06,5.77966996254192e-06,4.30092516103039e-06,3.22302882942119e-06,2.4310554131827e-06,1.84545582029792e-06,1.41027586881729e-06,1.08561935318482e-06,8.42713701668339e-07,6.60612710711468e-07,5.23952707497193e-07,4.21400505774411e-07,3.4456405723323e-07,2.87217728973342e-07,2.44744754532875e-07,2.13731650572987e-07,1.91670303072135e-07,1.76737212690505e-07,1.67628615189525e-07,1.63436453637289e-07,1.63554482787504e-07,1.67606779629017e-07,1.75393039656697e-07,1.86846534636405e-07,2.02001681171759e-07,2.20968946537549e-07,2.43915385581397e-07,2.71049519958184e-07,3.02609580408077e-07,3.38854363696964e-07
0.00018034558079818,0.000178674998882789,0.00017701341191377,0.000175360963965655,0.000173717801326061,0.000172084072660737,0.000170459929188828,0.000168845524869193,0.000167241016598842,0.000165646564424137,0.000164062331766096,0.000162488485660776,0.00016092519701589,0.000159372640885441,0.00015783099676322,0.00015630044889741,0.00015478118662774,0.000153273404747305,0.000151777303891079,0.00015029309095379,0.000148820979539431,0.000147361190445546,0.000145913952185629,0.000144479501552762,0.00014305808422885,0.000141649955443609,0.000140255380688317,0.000138874636489447,0.000137508011248582,0.000136155806154967,0.000134818336178409,0.000133495931150825,0.000132188936945907,0.000130897716767273,0.000129622652557214,0.000128364146539108,0.00012712262290875,0.000125898529691624,0.000124692340785043,0.000123504558207527,0.000122335714579771,0.000121186375865668,0.000120057144405553,0.000118948662278709,0.000117861615037074,0.000116796735858991,0.000115754810178578,0.000114736680855567,0.000113743253959617,0.00011277550525642,0.000111834487495565,0.000110921338617873,0.000110037291019616,0.000109183682034519,0.000108361965823515,0.000107573726895908,0.000106820695527531,0.000106104765391301,0.000105428013776832,0.000104792724849861,0.000104201416494308,0.000103656871391832,0.000103162173133889,0.000102720748334307,0.000102336415928339,0.000102013445116842,0.000101756623760408,0.000101571339467916,0.000101463676187974,0.000101440529837762,0.000101509747448132,0.000101680295537386,0.000101962465054178,0.000102368122393324,0.000102911018890864,0.000103607175134056,0.000104475361796668,0.000105537706139049,0.00010682046370053,0.000108355009417344,0.000110179123491969,0.000112338678031264,0.000114889875820119,0.000117902260740129,0.000121462823618446,0.000125681690079655,0.000130700136740759,0.000136702106769515,0.000143931109029865,0.000152715619272627,0.000163508311036621,0.000176948552403865,0.000193965586734397,0.000215956126370075,0.000245105447750265,0.000285003302456025,0.000341914111130948,0.000427646261634681,0.000566848158751416,0.000818804533785431,0.00135981677752597,0.00294156785990786,0.0127243990607051,0.129845594581186,0.00500329135488242,0.00133678394080618,0.000564676721021704,0.000292459139317736,0.000169946331511664,0.000106305047673396,6.99763979186272e-05,4.78134090428257e-05,3.36115069075277e-05,2.41624942246202e-05,1.76875804846258e-05,1.31446953821943e-05,9.89560845653234e-06,7.53486808056198e-06,5.79692209301602e-06,4.50331233062058e-06,3.53145652782226e-06,2.79556237554775e-06,2.23461379322891e-06,1.80461334249123e-06,1.47345885653042e-06,1.21749144673586e-06,1.01912773472556e-06,8.65209541643672e-07,7.45836919383488e-07,6.53532130237024e-07,5.82633597697302e-07,5.28851826197771e-07,4.88940809443107e-07,4.60452721298078e-07,4.41553291738423e-07,4.30881827277224e-07,4.27444366619083e-07,4.30531630964599e-07,4.3965566833201e-07,4.54500691097318e-07,4.74884759392203e-07,5.00729802104292e-07,5.32038082760291e-07,5.68873672674622e-07,6.11347832669616e-07
0.000182315519897132,0.000180622771764842,0.000178939454667494,0.000177265710965903,0.000175601685330902,0.000173947524910273,0.000172303379505923,0.00017066940176239,0.000169045747367394,0.000167432575265533,0.000165830047885908,0.000164238331385229,0.00016265759590721,0.000161088015859923,0.000159529770212631,0.00015798304281327,0.000156448022729163,0.000154924904612198,0.000153413889090943,0.000151915183192338,0.000150429000795012,0.000148955563117687,0.0001474950992455,0.000146047846698075,0.000144614052042873,0.000143193971558596,0.00014178787195327,0.000140396031142271,0.000139018739092461,0.000137656298738921,0.000136309026981808,0.000134977255771595,0.000133661333291998,0.000132361625250943,0.000131078516291347,0.000129812411534882,0.000128563738273324,0.000127332947824711,0.000126120517572608,0.000124926953210366,0.000123752791214631,0.000122598601575585,0.000121464990815686,0.000120352605332774,0.00011926213510882,0.000118194317831651,0.000117149943483762,0.000116129859461313,0.000115134976295045,0.000114166274057581,0.000113224809553753,0.000112311724407978,0.000111428254180325,0.000110575738666549,0.000109755633564292,0.000108969523719473,0.000108219138206757,0.000107506367544975,0.000106833283405543,0.000106202161241871,0.000105615506353347,0.000105076084002266,0.000104586954331771,0.00010415151299361,0.000103773538595066,0.000103457248325364,0.000103207363438766,0.000103029186672544,0.000102928694189988,0.000102912645295625,0.000102988714018347,0.000103165647763775,0.000103453459685616,0.000103863663341713,0.000104409560754599,0.000105106598431242,0.000105972810563844,0.000107029375035211,0.000108301316734425,0.00010981840515247,0.000111616310942734,0.000113738111647496,0.000116236274089119,0.000119175296303365,0.000122635275548065,0.000126716797666087,0.000131547745332826,0.000137292947665162,0.00014416812892102,0.000152460520420756,0.000162560083005126,0.000175008150804172,0.000190575695412138,0.000210394020116007,0.000236182716978775,0.000270668344614074,0.000318402857844096,0.000387491296879305,0.000493611964136488,0.00067064780925028,0.00100424226506568,0.00176981418044725,0.00432871961736821,0.0289037835037393,0.0365100311398406,0.00364714319390593,0.00116837316271449,0.00053391081935259,0.000289894262614069,0.000174276565376194,0.000112051446492011,7.55597647895052e-05,5.27990834084036e-05,3.79310050586094e-05,2.78642820543609e-05,2.08514510229846e-05,1.58518847343893e-05,1.22190761524264e-05,9.53704426999543e-06,7.53014446966686e-06,6.01110733083865e-06,4.84995672167834e-06,3.95480554840919e-06,3.25965087254212e-06,2.71642281240182e-06,2.28968986982994e-06,1.95306369593454e-06,1.68671478820163e-06,1.47562863712547e-06,1.30836411942489e-06,1.176158027475e-06,1.07227163004504e-06,9.91508727460435e-07,9.29856707178675e-07,8.84216809744875e-07,8.52199767907916e-07,8.31969809107861e-07,8.22124754017919e-07,8.21603276351688e-07,8.29612756287814e-07,8.45572858286729e-07,8.69071194332742e-07,8.9982833244758e-07,9.37670072781219e-07,9.82505405312613e-07
0.000184231994082782,0.000182518206507199,0.000180814270472729,0.000179120326789658,0.000177436518670436,0.000175762991898217,0.000174099895006241,0.000172447379468123,0.00017080559990079,0.000169174714280233,0.000167554884171751,0.000165946274975474,0.000164349056188415,0.000162763401684615,0.000161189490014901,0.000159627504727411,0.000158077634711492,0.00015654007456608,0.000155015024995368,0.000153502693233963,0.000152003293503835,0.000150517047506466,0.000149044184953122,0.00014758494413662,0.000146139572548843,0.000144708327548007,0.000143291477080732,0.000141889300464002,0.00014050208923309,0.000139130148061995,0.000137773795763682,0.000136433366378417,0.000135109210359413,0.0001338016958658,0.000132511210174918,0.000131238161226407,0.000129982979313003,0.000128746118934588,0.000127528060833544,0.000126329314233198,0.000125150419302629,0.000123991949875194,0.000122854516451605,0.000121738769522619,0.000120645403251778,0.000119575159563965,0.000118528832692868,0.000117507274248216,0.000116511398872663,0.000115542190570025,0.000114600709798345,0.000113688101437668,0.000112805603759682,0.000111954558548408,0.000111136422546671,0.000110352780433765,0.000109605359576797,0.000108896046842737,0.000108226907812035,0.000107600208800275,0.000107018442174232,0.000106484355546461,0.000106000985553455,0.000105571697070933,0.000105200228905401,0.000104890747232005,0.000104647908339583,0.000104476932609559,0.000104383692122163,0.000104374814877308,0.0001044578093842,0.000104641214364395,0.000104934779607396,0.000105349685718618,0.000105898812753999,0.00010659707075001,0.000107461809224381,0.000108513328264063,0.000109775521444852,0.000111276691445854,0.000113050594181481,0.00011513778861857,0.000117587400326607,0.000120459452152829,0.000123827983081388,0.000127785279101888,0.00013244769900792,0.000137963829569973,0.00014452611149326,0.000152387753125714,0.00016188790273525,0.000173490084989115,0.000187842627479784,0.000205876889942079,0.000228973261481537,0.000259254749831458,0.000300135193064196,0.000357412596521618,0.000441635342051657,0.000573786936207369,0.000800977749497396,0.00124910629506429,0.00236167337021483,0.00677917801947611,0.0935380871930855,0.0167447586891417,0.00284150851193446,0.00104477509092155,0.000510234959355895,0.000288876922200687,0.000179094694347002,0.000118078309122159,8.13973991895983e-05,5.80469693843821e-05,4.25213901798559e-05,3.18402254366601e-05,2.42876758837269e-05,1.88260625013254e-05,1.48019743656664e-05,1.17899100953565e-05,9.50481505748892e-06,7.7510486752883e-06,6.39151351147191e-06,5.32838827219713e-06,4.49077039602208e-06,3.82655751183682e-06,3.29699880091131e-06,2.87296795946772e-06,2.53236986152735e-06,2.25830805109201e-06,2.03777165547843e-06,1.8606824782099e-06,1.71919542678471e-06,1.60717946155426e-06,1.51982872895014e-06,1.45336861944331e-06,1.40483174906926e-06,1.37188593644069e-06,1.35270118348179e-06,1.34584615341094e-06,1.35020712590341e-06,1.3649242014826e-06,1.38934083054306e-06,1.42296369888344e-06,1.46543070915768e-06
0.000186097747192486,0.000184363988190471,0.00018264048658426,0.000180927381779499,0.00017922481567156,0.000177532932815991,0.000175851880609648,0.00017418180948304,0.000172522873105352,0.000170875228602424,0.000169239036789321,0.000167614462418251,0.000166001674443201,0.000164400846302832,0.000162812156222811,0.000161235787539457,0.000159671929046527,0.000158120775366749,0.000156582527350759,0.000155057392505494,0.000153545585454703,0.00015204732843451,0.000150562851827189,0.000149092394736754,0.000147636205609877,0.000146194542906969,0.000144767675827759,0.000143355885096777,0.000141959463814745,0.00014057871838208,0.000139213969502139,0.000137865553272127,0.000136533822370728,0.00013521914735265,0.000133921918061594,0.000132642545174105,0.000131381461888963,0.000130139125778324,0.000128916020818494,0.000127712659621406,0.000126529585890075,0.000125367377124334,0.000124226647607335,0.000123108051706952,0.000122012287531431,0.000120940100984105,0.000119892290268635,0.000118869710903892,0.00011787328131644,0.000116903989089605,0.000115962897959584,0.000115051155664619,0.000114170002769941,0.000113320782611806,0.000112504952528588,0.000111724096575642,0.000110979939956112,0.000110274365441329,0.000109609432105672,0.00010898739676209,0.000108410738559036,0.000107882187291564,0.000107404756091012,0.000106981779296204,0.000106616956480298,0.000106314403820848,0.000106078714266826,0.000105915028292585,0.000105829117452384,0.000105827483490127,0.000105917476450279,0.00010610743612811,0.000106406862355481,0.000106826621133021,0.000107379195615861,0.000108078993613434,0.000108942726821419,0.000109989881818064,0.000111243309437255,0.00011272996822011,0.000114481870345488,0.000116537296397766,0.000118942371059329,0.000121753129201388,0.000125038257005398,0.00012888277547931,0.000133393060079605,0.000138703786924543,0.000144987709235896,0.000152469677992995,0.000161447174730262,0.000172321095946761,0.000185643149500983,0.000202191069048178,0.000223092201739849,0.000250034971120189,0.000285648380056097,0.000334223117538588,0.000403180646191836,0.000506338512217865,0.000672031189562585,0.000966607118457267,0.00157891658143725,0.00324992621131929,0.0116073303970958,0.290558558375719,0.0098501183694972,0.00232186176112846,0.000951672022301576,0.000492022820377602,0.000289162564922046,0.000184362730879952,0.000124381212057474,8.74894091681547e-05,6.35573414078584e-05,4.73829855128978e-05,3.60910584097951e-05,2.79976254217306e-05,2.20693028063556e-05,1.76470517487073e-05,1.42968130706933e-05,1.17247884727874e-05,9.72740628951301e-06,8.16072785405104e-06,6.92116865206463e-06,5.93302460564731e-06,5.14021101349596e-06,4.5006768189246e-06,3.9825570866368e-06,3.56147817995172e-06,3.21864160711686e-06,2.93944275645478e-06,2.71246270846513e-06,2.52872391758747e-06,2.38113492642084e-06,2.26407210381994e-06,2.17306179271003e-06,2.10453678072355e-06,2.05564829963272e-06,2.0241198733977e-06,2.00813296036892e-06,2.00623693361475e-06,2.01727782330828e-06,2.04034161817974e-06,2.07470893445494e-06
0.000187915326308858,0.000186162609617216,0.000184420542366496,0.000182689262688405,0.000180968911287887,0.00017925963161532,0.000177561570049487,0.000175874876091867,0.000174199702573727,0.000172536205876209,0.000170884546165096,0.000169244887641125,0.000167617398807119,0.000166002252753325,0.000164399627462524,0.00016280970613638,0.000161232677545021,0.000159668736401723,0.000158118083764736,0.000156580927468825,0.000155057482589052,0.000153547971939569,0.000152052626610767,0.000150571686548095,0.000149105401176438,0.000147654030074414,0.000146217843703296,0.000144797124195581,0.000143392166209351,0.000142003277854586,0.000140630781698813,0.000139275015860049,0.000137936335196041,0.0001366151125997,0.000135311740412098,0.000134026631965553,0.000132760223270824,0.000131512974864687,0.000130285373835256,0.00012907793604593,0.00012789120858038,0.000126725772434988,0.000125582245487696,0.000124461285777426,0.000123363595131915,0.00012228992318775,0.000121241071852855,0.000120217900268566,0.000119221330337551,0.000118252352893776,0.000117312034602168,0.000116401525690419,0.000115522068631069,0.000114675007911874,0.000113861801055827,0.000113084031079453,0.000112343420611422,0.000111641847932952,0.000110981365249629,0.000110364219561461,0.000109792876568845,0.000109270048136831,0.000108798723945214,0.000108382208080082,0.000108024161481239,0.000107728651356727,0.000107500208921017,0.00010734389712095,0.000107265390401268,0.000107271069052642,0.000107368131312044,0.000107564727189171,0.000107870119032154,0.000108294875197786,0.000108851104964693,0.000109552745170823,0.00011041591217957,0.000111459336977057,0.00011270490690342,0.000114178345335259,0.000115910071470361,0.000117936297554501,0.000120300442456092,0.000123054971519942,0.000126263817919167,0.000130005607860093,0.000134378013225638,0.000139503710709717,0.000145538670130439,0.000152683884959244,0.000161202299006944,0.000171443764472549,0.000183882746953359,0.000199176876712809,0.00021826077462841,0.000242501955759267,0.000273971078964827,0.000315934455150084,0.000373807299542978,0.000457140258831647,0.000584163057406531,0.000793517280613402,0.0011800178318356,0.00203371399684002,0.00465055325180975,0.0227983719870336,0.102312540341472,0.00666274010715357,0.00196621945858626,0.000880130729536849,0.000478111107041185,0.000290562081015611,0.000190049720146937,0.000130956317512364,9.38357479481881e-05,6.93302878928851e-05,5.25159228509456e-05,4.06172902461973e-05,3.19824031954795e-05,2.55833764615658e-05,2.07567278166962e-05,1.7060756671202e-05,1.41935696080792e-05,1.19441017500105e-05,1.01618587998388e-05,8.73767276669732e-06,7.5911457801541e-06,6.6622702457694e-06,5.9057223564117e-06,5.28690521923784e-06,4.77916009274697e-06,4.36177167624133e-06,4.0185220816265e-06,3.73662964015058e-06,3.5059613382968e-06,3.3184422703825e-06,3.1676085966489e-06,3.04826615376561e-06,2.95622762395329e-06,2.8881086573611e-06,2.84116861582909e-06,2.81318536147535e-06,2.80235621521368e-06,2.80721917310846e-06,2.82658990707092e-06
0.00018968710033956,0.000187916389424786,0.000186156706950791,0.000184408189892792,0.000182670977878967,0.000180945213364414,0.000179231041815832,0.000177528611907891,0.000175838075732013,0.000174159589018728,0.000172493311374588,0.000170839406534635,0.000169198042631961,0.000167569392485485,0.000165953633907589,0.000164350950033072,0.000162761529671509,0.000161185567684671,0.000159623265391288,0.000158074831001522,0.0001565404800837,0.000155020436066279,0.000153514930777888,0.000152024205029395,0.000150548509241235,0.000149088104120839,0.000147643261394315,0.000146214264597997,0.000144801409935162,0.000143405007204985,0.000142025380809937,0.000140662870850502,0.000139317834315359,0.000137990646377215,0.00013668170180536,0.00013539141650725,0.000134120229212977,0.000132868603318605,0.000131637028905356,0.000130426024955231,0.000129236141785055,0.000128067963724516,0.000126922112067019,0.000125799248326211,0.000124700077835306,0.000123625353732111,0.000122575881378053,0.000121552523267352,0.000120556204490206,0.000119587918823927,0.000118648735537019,0.000117739807004776,0.000116862377250589,0.000116017791545831,0.000115207507223141,0.000114433105884312,0.00011369630721519,0.00011299898465748,0.000112343183232588,0.000111731139866659,0.000111165306632085,0.000110648377400212,0.000110183318498208,0.000109773404081736,0.00010942225708285,0.000109133896774068,0.000108912794216,0.000108763937137782,0.000108692906154676,0.000108705964674459,0.000108810165413242,0.000109013477167602,0.000109324936425064,0.000109754829605221,0.000110314913302747,0.000111018681979337,0.000111881695301142,0.00011292198099384,0.000114160534043382,0.000115621939819041,0.000117335157979594,0.000119334516937639,0.000121660986832626,0.000124363824869782,0.000127502724316202,0.000131150653332351,0.000135397651594568,0.000140355976624434,0.000146167183233418,0.000153012021485098,0.000161124525803724,0.000170812473976388,0.000182487766382655,0.000196712683782954,0.000214272361520364,0.000236292109413406,0.000264434643866392,0.00030124667265637,0.000350800815284834,0.000419962561753132,0.000521095167892133,0.000678440200353463,0.000945283497345448,0.00145939542034468,0.00267888521535442,0.00700691323962578,0.0561775842180582,0.037087535644739,0.00492258398793654,0.00171179532889167,0.000824328967622587,0.000467648385738384,0.000292927139148921,0.000196130163051605,0.00013780024161373,0.000100436222833577,7.53657249232761e-05,5.79201558625462e-05,4.54192211433229e-05,3.62428641725852e-05,2.93697705560361e-05,2.41331126786158e-05,2.008441927598e-05,1.69143312143002e-05,1.44047242188769e-05,1.23988376902025e-05,1.07821071621105e-05,9.46955712933543e-06,8.39732492623418e-06,7.51684923364877e-06,6.79081475771265e-06,6.19027702396901e-06,5.69259424323186e-06,5.27992002013134e-06,4.93809152808814e-06,4.65580029697571e-06,4.42396746689344e-06,4.23526866084254e-06,4.08376949917385e-06,3.96464373521618e-06,3.87395365008338e-06,3.80847776189591e-06,3.76557477710792e-06,3.74307550890328e-06,3.73919652713596e-06
0.000191415276403148,0.000189627488065797,0.000187851094820296,0.000186086232591084,0.000184333040031881,0.000182591658701387,0.00018086223324948,0.000179144911615558,0.000177439845239265,0.000175747189284687,0.000174067102879524,0.000172399749369565,0.00017074529659062,0.000169103917158546,0.000167475788779395,0.000165861094580804,0.000164260023466963,0.000162672770498668,0.000161099537300786,0.000159540532499539,0.000157995972192035,0.00015646608045098,0.000154951089867734,0.000153451242137053,0.000151966788687362,0.000150497991360705,0.000149045123147306,0.000147608468979301,0.000146188326589955,0.000144785007444371,0.000143398837748645,0.000142030159545674,0.00014067933190588,0.000139346732223038,0.000138032757625779,0.000136737826517172,0.000135462380255837,0.000134206884994491,0.000132971833692411,0.000131757748322103,0.000130565182291598,0.000129394723107753,0.000128246995308208,0.000127122663694511,0.000126022436902585,0.000124947071351933,0.00012389737562123,0.000122874215304217,0.000121878518408367,0.000120911281367628,0.000119973575751652,0.000119066555766738,0.000118191466658593,0.000117349654144753,0.000116542575025846,0.000115771809149057,0.000115039072927717,0.000114346234655597,0.000113695331897734,0.000113088591289709,0.000112528451140457,0.000112017587307084,0.000111558942902239,0.000111155762505448,0.000110811631686481,0.000110530522817187,0.000110316848357086,0.000110175523057132,0.000110112036851583,0.000110132540615941,0.000110243947486559,0.000110454053095199,0.000110771678914352,0.000111206843995973,0.000111770971795624,0.000112477140618237,0.000113340388650897,0.000114378087776257,0.000115610404685515,0.00011706087366096,0.000118757113390843,0.000120731731210594,0.000123023473565009,0.000125678703242642,0.000128753315072293,0.000132315246958148,0.000136447809702275,0.000141254158746102,0.000146863382901667,0.000153438921257332,0.000161190394241467,0.000170390543860448,0.000181399993759921,0.000194704283058345,0.000210970718673828,0.000231138274716736,0.000256564664606708,0.000289276629257496,0.000332416097988665,0.000391080761947476,0.000474017906507023,0.000597335480284186,0.0007935530636226,0.00113707291181918,0.00183195720784475,0.00362647627333335,0.0113361129328467,0.185940381925853,0.0190020697002043,0.00386387650186109,0.00152348958287819,0.000780331629764638,0.000459998812761562,0.000296139881261959,0.000202582836453098,0.000144909953031642,0.00010729050393468,8.16634088371985e-05,6.35954724522143e-05,5.04969567579248e-05,4.07796316244012e-05,3.34297067326733e-05,2.77780255776718e-05,2.3370172104399e-05,1.98899306765794e-05,1.71125457618626e-05,1.48752819050116e-05,1.30583710351829e-05,1.15723834905508e-05,1.03496768862692e-05,9.3384947423204e-06,8.49882333774299e-06,7.79943747104571e-06,7.2157640474139e-06,6.72831708308667e-06,6.32153770103171e-06,5.9829249502977e-06,5.70237800229344e-06,5.47169370361376e-06,5.28417949847e-06,5.13435285233883e-06,5.01770611485104e-06,4.93052130284988e-06,4.86972326357199e-06,4.83276256179942e-06
0.000193101914331323,0.000191297921957077,0.000189505679613611,0.00018772532227016,0.000185956987698416,0.000184200816649589,0.000182456953042649,0.000180725544164146,0.000179006740880889,0.0001773006978661,0.000175607573840504,0.000173927531828972,0.000172260739434509,0.000170607369130626,0.000168967598573716,0.000167341610936846,0.000165729595267185,0.000164131746868562,0.000162548267711447,0.000160979366872861,0.000159425261008565,0.000157886174860329,0.000156362341801674,0.000154854004425201,0.000153361415175424,0.000151884837031165,0.000150424544242407,0.000148980823126236,0.00014755397292799,0.000146144306753438,0.000144752152579317,0.000143377854349841,0.000142021773167593,0.00014068428858873,0.000139365800033133,0.000138066728321348,0.000136787517352031,0.000135528635934933,0.000134290579796198,0.000133073873775476,0.000131879074236028,0.000130706771712534,0.000129557593823737,0.000128432208481767,0.00012733132743302,0.000126255710171566,0.000125206168270807,0.000124183570186264,0.000123188846589804,0.0001222229963046,0.000121287092920563,0.000120382292182074,0.000119509840254511,0.000118671082992659,0.000117867476354151,0.000117100598124914,0.000116372161151505,0.000115684028308901,0.000115038229472407,0.000114436980810354,0.000113882706772535,0.000113378065219071,0.000112925976220216,0.000112529655160253,0.000112192650907008,0.000111918889963142,0.000111712727709439,0.000111579008088293,0.000111523133374608,0.000111551146054473,0.000111669825303367,0.000111886801152436,0.000112210690192906,0.000112651257645766,0.00011321961188615,0.000113928439154412,0.000114792288338444,0.000115827918556578,0.000117054726058526,0.000118495272054923,0.000120175939994529,0.000122127760275546,0.000124387453490872,0.000126998761678038,0.00013001416310158,0.000133497103539624,0.000137524931631909,0.000142192806644857,0.000147618968629891,0.000153951947368203,0.000161380577969616,0.000170148156783229,0.000180572833761472,0.000193077619362986,0.000208235604552275,0.000226839969482837,0.000250015754677792,0.000279404739734708,0.000317484120711078,0.000368143202870607,0.000437789688176698,0.000537628751083469,0.000688797038084275,0.000935345897180283,0.00138263764394903,0.00233973391022081,0.00508016850553549,0.0203485941060333,0.234490726579203,0.0118062203650518,0.0031691979777755,0.00138037431188031,0.000745396012530504,0.000454679025696149,0.000300105550377789,0.000209389900039149,0.000152282694514661,0.000114398132623631,8.8222947821825e-05,6.95415062435813e-05,5.58504216895683e-05,4.5593112824613e-05,3.77641582569078e-05,3.16930123236095e-05,2.69200962037923e-05,2.31229260198453e-05,2.00705360689331e-05,1.75945081671112e-05,1.55700681049164e-05,1.39034618206107e-05,1.25233492765313e-05,1.13748276768848e-05,1.04152108056588e-05,9.61100304051331e-06,8.93569978814657e-06,8.36816837977806e-06,7.89144239975069e-06,7.49181428491736e-06,7.1581456724055e-06,6.88133846143021e-06,6.65392570379321e-06,6.46975268689063e-06,6.32372650257333e-06,6.21161804905035e-06,6.1299044856167e-06
