theta_deg,frequency_hz,rayleigh_frequency_hz,eta_0,eta_m1,eta_p1,eta_total,kn_m1_real,kn_m1_imag,large_groove_probe_abs_pa
6.2,179400,182451.671285486,0.999999999999996,8.36147729918096e-26,-2.4103351518015e-31,0.999999999999996,0,-146.585232564353,8838.17014235004
6.25,179400,182308.930689984,0.999999999999999,3.95598688388908e-25,7.50246506893444e-31,0.999999999999999,0,-143.141199503454,8841.01281912456
6.3,179400,182166.426874784,1.00000000000001,-4.77256519885165e-25,5.95288310836756e-31,1.00000000000001,0,-139.615618058635,8843.68392309776
6.35,179400,182024.15936143,0.999999999999994,-5.778314525051e-25,-1.24927976309936e-31,0.999999999999994,0,-136.002148337061,8846.19441153389
6.4,179400,181882.127672714,1.00000000000001,1.6432378436901e-25,-1.22496150605398e-31,1.00000000000001,0,-132.293590722989,8848.55421276671
6.45,179400,181740.331332678,0.999999999999997,-1.4653340713671e-25,-1.90530716246345e-31,0.999999999999997,0,-128.481713474743,8850.77232591192
6.5,179400,181598.769866607,0.999999999999994,3.01902701632129e-25,-7.8883936874666e-31,0.999999999999994,0,-124.557033169488,8852.85690486176
6.55,179400,181457.442801026,0.999999999999995,4.68954343843425e-25,7.15409189823767e-32,0.999999999999995,0,-120.508531208781,8854.81532777171
6.6,179400,181316.349663693,1,6.02982598317267e-25,-5.19166510876062e-32,1,0,-116.323282042279,8856.65425260097
6.65,179400,181175.489983601,1,1.45845512550395e-24,1.57899008536597e-31,1,0,-111.985956993105,8858.37965845132
6.7,179400,181034.863290971,1,-1.1886344041474e-24,-2.62410959745635e-32,1,0,-107.478148690285,8859.99687137052
6.75,179400,180894.469117247,0.999999999999994,-2.22616920433511e-25,-4.69285806889929e-31,0.999999999999994,0,-102.777429843385,8861.51057167501
6.8,179400,180754.306995095,0.999999999999985,9.30555331764165e-25,-2.3724439140796e-32,0.999999999999985,0,-97.8560063175807,8862.92477721875
6.85,179400,180614.376458396,1.00000000000001,2.96790933240715e-24,2.21670809933833e-31,1.00000000000001,0,-92.6787278489565,8864.24279243702
6.9,179400,180474.677042247,0.999999999999994,3.64726453765124e-24,-1.70199522274674e-31,0.999999999999994,0,-87.2000369298598,8865.46710443343
6.95,179400,180335.20828295,1,1.10727307893835e-24,6.24130894774315e-31,1,0,-81.359068271028,8866.5991901769
7,179400,180195.969718017,0.999999999999996,8.9995588292461e-25,-7.98883020984231e-31,0.999999999999996,0,-75.0713109253492,8867.63916151067
7.05,179400,180056.96088616,0.999999999999994,-7.13228083494392e-24,-2.20956814596163e-31,0.999999999999994,0,-68.213328027334,8868.58508501077
7.1,179400,179918.181327289,1.00000000000001,-3.1619430467541e-25,-4.65553237203894e-31,1.00000000000001,0,-60.5918117774553,8869.43156903933
7.15,179400,179779.630582509,1.00000000000001,-2.89461297821007e-24,-6.70858708457467e-31,1.00000000000001,0,-51.8712906929265,8870.16641252956
7.2,179400,179641.308194116,0.999999999999996,-6.65502431505873e-24,-2.77864363786689e-31,0.999999999999996,0,-41.3623986409234,8870.76069201918
7.25,179400,179503.213705592,0.999999999999995,-9.77284722627672e-25,-1.91237642323246e-31,0.999999999999995,0,-27.0558642649726,8871.12316996218
7.3,179400,179365.346661604,0.999999329616548,6.70383452977482e-07,-3.76650213772828e-31,1,15.6797139001394,0,8870.68759194499
7.35,179400,179227.706607998,0.999998529028762,1.47097123591995e-06,6.2452677337738e-31,0.999999999999998,34.9681451347502,0,8871.46767744474
7.4,179400,179090.293091797,0.999998058446046,1.94155394853916e-06,-1.2333739263691e-31,0.999999999999995,46.8906492616662,0,8872.26131146848
7.45,179400,178953.105661197,0.999997703004016,2.2969959784271e-06,1.40791397475594e-31,0.999999999999995,56.3359424652347,0,8873.02483767774
7.5,179400,178816.143865561,0.999997413163084,2.58683689876508e-06,-5.07035659396441e-31,0.999999999999982,64.4033151010055,0,8873.75021663664
7.55,179400,178679.40725542,0.999997167375586,2.83262440690965e-06,2.2382693446838e-31,0.999999999999993,71.5603122163777,0,8874.43521501774
7.6,179400,178542.895382466,0.999996953832419,3.04616758515495e-06,8.5057345572723e-32,1,78.0577467664562,0,8875.07950603564
7.65,179400,178406.607799548,0.999996765177607,3.23482239232576e-06,-2.4838554637992e-31,0.999999999999999,84.0487191286733,0,8875.68355988863
7.7,179400,178270.544060673,0.999996596436011,3.40356399461836e-06,-7.15409189823766e-32,1.00000000000001,89.634836485561,0,8876.24821864883
7.75,179400,178134.703720996,0.999996444043662,3.55595633471008e-06,1.41682124332489e-31,0.999999999999997,94.8876259756456,0,8876.77450353067
7.8,179400,177999.086336821,0.999996305337181,3.69466282392132e-06,-2.76012217465209e-31,1,99.8597000970262,0,8877.26351764851
7.85,179400,177863.691465598,0.999996178260538,3.82173945031024e-06,3.59061892979533e-31,0.999999999999989,104.591098554008,0,8877.71639335392
7.9,179400,177728.518665915,0.999996061185615,3.93881436517075e-06,8.43786965388979e-32,0.999999999999981,109.113132619934,0,8878.13426239688
7.95,179400,177593.567497499,0.999995952796256,4.04720374476584e-06,-5.41788145336891e-32,1,113.450838310421,0,8878.51823858978
8,179400,177458.837521211,0.999995852010288,4.1479897268273e-06,-3.3853275970633e-31,1.00000000000001,117.624608303825,0,8878.86940768992
8.05,179400,177324.328299041,0.999995757925315,4.24207468175209e-06,2.21946511103825e-31,0.999999999999996,121.651315574138,0,8879.18882161821
8.1,179400,177190.039394107,0.999995669779882,4.33022011844689e-06,3.90562518966239e-31,1,125.545109812128,0,8879.47749535817
8.15,179400,177055.970370652,0.999995586924728,4.41307527548444e-06,3.82305622388037e-32,1,129.317996076503,0,8879.73640554857
8.2,179400,176922.120794035,0.999995508801408,4.49119858608094e-06,2.88425839375589e-32,0.999999999999994,132.980264318432,0,8879.9664901621
6.2,179420,182451.671285486,1.00000000000001,-6.40572182877679e-25,-2.17959448030102e-31,1.00000000000001,0,-146.107697138108,8841.62675150602
6.25,179420,182308.930689984,1,-1.39950967560758e-26,7.30678793084827e-32,1,0,-142.651787080328,8844.51238503713
6.3,179420,182166.426874784,0.999999999999987,2.62645269206187e-25,-1.90021729470975e-32,0.999999999999987,0,-139.113446408625,8847.21785047938
6.35,179420,182024.15936143,1,-2.52208247896572e-25,-2.27234318159043e-31,1,0,-135.486218933785,8849.75517248553
6.4,179420,181882.127672714,0.999999999999997,8.9455946849748e-26,2.33172497205011e-31,0.999999999999997,0,-131.762766049395,8852.13521117433
6.45,179420,181740.331332678,1.00000000000002,6.55990509812338e-25,2.94873005196926e-31,1.00000000000002,0,-127.934688294458,8854.36778150486
6.5,179420,181598.769866607,0.999999999999998,3.48661743124357e-25,-4.90940719940598e-31,0.999999999999998,0,-123.992297678714,8856.46175386921
6.55,179420,181457.442801026,1,8.72291846328383e-25,1.80237872566667e-31,1,0,-119.924323074704,8858.42513767152
6.6,179420,181316.349663693,1.00000000000001,-1.22445236364176e-24,1.51451842715261e-31,1.00000000000001,0,-115.717522934941,8860.2651488765
6.65,179420,181175.489983601,1.00000000000002,-9.80842798074139e-26,-7.64385028431465e-31,1.00000000000002,0,-111.356167005647,8861.98826162779
6.7,179420,181034.863290971,1,-8.03769243355312e-25,-1.31997237078946e-31,1,0,-106.821328436724,8863.60024289042
6.75,179420,180894.469117247,1,1.3691474317978e-24,4.24155646140573e-32,1,0,-102.089893936876,8865.10616735799
6.8,179420,180754.306995095,1,-8.19543377834614e-25,-4.66147055108489e-31,1,0,-97.1331412349819,8866.51040715216
6.85,179420,180614.376458396,0.999999999999995,2.25344778275799e-24,-4.67101405312308e-32,0.999999999999995,0,-91.9146274733566,8867.81658607498
6.9,179420,180474.677042247,1.00000000000002,1.81936257828987e-25,-3.21792750205315e-31,1.00000000000002,0,-86.3869306189497,8869.02747925926
6.95,179420,180335.20828295,1.00000000000001,2.39885446600332e-24,4.31168352823431e-31,1.00000000000001,0,-80.4863760128405,8870.14482095901
7,179420,180195.969718017,1,2.61595636949482e-24,-1.36860888488025e-32,1,0,-74.123977561904,8871.16894354717
7.05,179420,180056.96088616,0.999999999999993,5.68817661374069e-24,-1.17632499196319e-32,0.999999999999993,0,-67.1686253928289,8872.09807388297
7.1,179420,179918.181327289,0.999999999999999,1.94081155352904e-24,1.20347095331619e-31,0.999999999999999,0,-59.4124377667469,8872.92684310258
7.15,179420,179779.630582509,1.00000000000001,-1.01523752738993e-25,4.1046955729177e-31,1.00000000000001,0,-50.487672699941,8873.64265644815
7.2,179420,179641.308194116,0.999999999999976,-5.29821154480867e-24,3.07537585864607e-31,0.999999999999976,0,-39.6122040123836,8874.21446173413
7.25,179420,179503.213705592,0.999999999999987,3.88826484789146e-24,-5.74646069391248e-31,0.999999999999987,0,-24.2940952639396,8874.53512725304
7.3,179420,179365.346661604,0.999999246919702,7.53080293626414e-07,-5.47839432555164e-31,0.999999999999996,19.6917588582435,0,8874.22681351275
7.35,179420,179227.706607998,0.99999860813197,1.39186802887561e-06,2.24010735248375e-31,0.999999999999999,36.9429035986232,0,8874.98547514332
7.4,179420,179090.293091797,0.999998203384111,1.79661589984863e-06,-6.47968442087414e-32,1.00000000000001,48.3821739298336,0,8875.74240061257
7.45,179420,178953.105661197,0.999997891555041,2.10844496428381e-06,2.66256637603975e-31,1,57.5841540180136,0,8876.46677398658
7.5,179420,178816.143865561,0.999997634286381,2.36571361423182e-06,1.30763651074754e-31,0.999999999999995,65.4986854196942,0,8877.15211405101
7.55,179420,178679.40725542,0.99999741415271,2.58584729515842e-06,-4.4929393743517e-31,1,72.5483514357687,0,8877.79669974634
7.6,179420,178542.895382466,0.999997221396364,2.77860362241231e-06,-1.77692938689824e-31,0.999999999999986,78.965124316216,0,8878.40044519085
7.65,179420,178406.607799548,0.999997049861212,2.95013879128352e-06,-1.10619792513461e-31,1,84.8926382691885,0,8878.96395905685
7.7,179420,178270.544060673,0.999996895348799,3.10465119998679e-06,1.39151328977184e-31,0.999999999999999,90.4271550734101,0,8879.48817369103
7.75,179420,178134.703720996,0.999996754834488,3.24516551164682e-06,-4.26803084298567e-31,0.999999999999999,95.6369251102473,0,8879.97417418739
7.8,179420,177999.086336821,0.999996626048723,3.37395127297568e-06,8.20034249205105e-33,0.999999999999996,100.572425662855,0,8880.42311135793
7.85,179420,177863.691465598,0.999996507234407,3.4927655879382e-06,1.57050697244316e-31,0.999999999999995,105.272237634568,0,8880.83615444793
7.9,179420,177728.518665915,0.99999639699705,3.60300295149911e-06,3.44301276493841e-31,1,109.766637236539,0,8881.21446439623
7.95,179420,177593.567497499,0.999996294207504,3.70579249492477e-06,4.13297261599374e-31,0.999999999999999,114.079903025294,0,8881.55917842299
8,179420,177458.837521211,0.999996197936274,3.80206371972659e-06,-1.63780633496414e-31,0.999999999999994,118.231858908685,0,8881.8714011905
8.05,179420,177324.328299041,0.999996107407532,3.89259244977083e-06,-4.23929429795965e-31,0.999999999999981,122.238941362214,0,8882.15219991219
8.1,179420,177190.039394107,0.99999602196613,3.97803388053155e-06,1.68644284905492e-31,1.00000000000001,126.114958767172,0,8882.40260190063
8.15,179420,177055.970370652,0.999995941053076,4.05894693064394e-06,-1.51338734542956e-31,1.00000000000001,129.871644940793,0,8882.62359365218
8.2,179420,176922.120794035,0.999995864187435,4.13581256413678e-06,-1.57899008536597e-31,0.999999999999999,133.519071193865,0,8882.81612091167
6.2,179440,182451.671285486,0.999999999999995,5.0720365489287e-25,1.60670158758049e-31,0.999999999999995,0,-145.628548186839,8846.16058268164
6.25,179440,182308.930689984,1,-5.98646193866892e-26,1.53261573472127e-31,1,0,-142.160640997166,8849.06383808235
6.3,179440,182166.426874784,1,2.82481539820202e-25,5.01069203307397e-32,1,0,-138.609405415822,8851.77886323171
6.35,179440,182024.15936143,1,1.15237168522222e-25,4.98411161258249e-31,1,0,-134.968265990884,8854.3187999268
6.4,179440,181882.127672714,1.00000000000001,-4.36090328235341e-25,3.45276834479964e-31,1.00000000000001,0,-131.22974138979,8856.69547380072
6.45,179440,181740.331332678,1.00000000000001,-2.28902853722259e-26,2.33851146238836e-31,1.00000000000001,0,-127.38525966907,8858.91953680747
6.5,179440,181598.769866607,0.999999999999998,-8.08276138920824e-26,-3.46994664846831e-32,0.999999999999998,0,-123.424922112255,8861.00058715732
6.55,179440,181457.442801026,1,-5.42013493010737e-25,-1.71839590773084e-31,1,0,-119.337196974068,8862.94726916234
6.6,179440,181316.349663693,0.999999999999998,-8.08869151495235e-26,-2.44879193038491e-31,0.999999999999998,0,-115.108515896826,8864.7673545376
6.65,179440,181175.489983601,0.999999999999987,4.17836659929283e-25,-2.85145702378769e-31,0.999999999999987,0,-110.722732300936,8866.46780570316
6.7,179440,181034.863290971,1.00000000000001,1.85091084724849e-24,2.11851606725679e-31,1.00000000000001,0,-106.160379268247,8868.05482038998
6.75,179440,180894.469117247,1.00000000000001,-2.20600677680517e-26,2.35321552478789e-31,1.00000000000001,0,-101.397627980236,8869.53385505735
6.8,179440,180754.306995095,0.999999999999993,-2.29567027805598e-24,8.97796117664201e-33,0.999999999999993,0,-96.4047843207942,8870.90962179667
6.85,179440,180614.376458396,1.00000000000001,1.49403587996854e-24,-2.7821782682514e-31,1.00000000000001,0,-91.1440456329256,8872.18604844959
6.9,179440,180474.677042247,0.999999999999986,-5.07144353635429e-25,3.05985883125809e-31,0.999999999999986,0,-85.5660171374998,8873.36618238149
6.95,179440,180335.20828295,0.999999999999987,1.31767394033901e-24,5.34040235534058e-31,0.999999999999987,0,-79.6040302131786,8874.45199935656
7,179440,180195.969718017,0.999999999999994,-1.71285751992583e-24,-1.36069131281896e-31,0.999999999999994,0,-73.1642846397583,8875.44403674662
7.05,179440,180056.96088616,0.999999999999995,-2.33931600353256e-24,-8.37000475050741e-33,0.999999999999995,0,-66.1073107033994,8876.34066559539
7.1,179440,179918.181327289,1.00000000000001,1.89004967715955e-24,-6.5288820575385e-32,1.00000000000001,0,-58.2090546734062,8877.13651733891
7.15,179440,179779.630582509,1.00000000000002,7.19395414268255e-24,-1.86487099086471e-32,1.00000000000002,0,-49.0649118194326,8877.81854056708
7.2,179440,179641.308194116,1.00000000000001,1.00527491613983e-23,-1.67767696570135e-31,1.00000000000001,0,-37.7808360922394,8878.35318242266
7.25,179440,179503.213705592,1,-8.68739701007668e-24,2.27751257852776e-31,1,0,-21.174808736822,8878.61115867843
7.3,179440,179365.346661604,0.999999215250626,7.84749374768497e-07,-6.38269416312335e-31,1,23.0150193572858,0,8878.42120426327
7.35,179440,179227.706607998,0.999998694052523,1.30594747306633e-06,-1.28978662730579e-31,0.999999999999996,38.8175074608803,0,8879.13992407607
7.4,179440,179090.293091797,0.999998345149607,1.65485039045534e-06,3.21057547085338e-31,0.999999999999998,49.8292115540671,0,8879.8472727279
7.45,179440,178953.105661197,0.999998071300467,1.92869952906695e-06,4.69116144631473e-31,0.999999999999996,58.8059943822238,0,8880.52041314051
7.5,179440,178816.143865561,0.999997842677238,2.15732276172308e-06,-2.94957836326155e-31,1,66.5761397577567,0,8881.15412009904
7.55,179440,178679.40725542,0.999997645201461,2.35479854674142e-06,2.74852858699091e-32,1.00000000000001,73.5232079144893,0,8881.74710633976
7.6,179440,178542.895382466,0.999997470834168,2.52916582349973e-06,-1.97599977015355e-31,0.999999999999992,79.8622794411743,0,8882.29949082146
7.65,179440,178406.607799548,0.999997314443797,2.68555620258034e-06,-5.18367684409163e-31,1,85.7283305883158,0,8882.8119975082
7.7,179440,178270.544060673,0.999997172503871,2.82749612868451e-06,-1.66240736244029e-31,1,91.2126670059006,0,8883.2856310555
7.75,179440,178134.703720996,0.999997042460534,2.95753946726564e-06,-1.67400095010147e-32,1,96.3804705700777,0,8883.72152509185
7.8,179440,177999.086336821,0.999996922390403,3.0776095977844e-06,-2.70837518582293e-31,1,101.280203802062,0,8884.12086435616
7.85,179440,177863.691465598,0.999996810800388,3.18919961066256e-06,-6.23791570257401e-32,0.999999999999998,105.949062814985,0,8884.48484230608
7.9,179440,177728.518665915,0.999996706503184,3.29349681148499e-06,3.59118447065685e-31,0.999999999999995,110.416336481091,0,8884.81463722387
7.95,179440,177593.567497499,0.99999660853601,3.39146399078631e-06,1.63215092634893e-31,1,114.705577909024,0,8885.11139858897
8,179440,177458.837521211,0.999996516105394,3.4838946062563e-06,5.11079276556315e-31,1,118.836064426047,0,8885.37623941994
8.05,179440,177324.328299041,0.999996428548501,3.57145150125685e-06,2.80621375486604e-31,1,122.823811825304,0,8885.61023221446
8.1,179440,177190.039394107,0.999996345305162,3.65469483502402e-06,-3.29936538611213e-31,0.999999999999997,126.682298724215,0,8885.81440709966
8.15,179440,177055.970370652,0.999996265897281,3.73410271245615e-06,3.08898418562641e-31,0.999999999999993,130.422996303121,0,8885.98975137394
8.2,179440,176922.120794035,0.999996189913258,3.8100867379266e-06,-2.74061101492962e-31,0.999999999999996,134.055763762578,0,8886.13720992546
6.2,179460,182451.671285486,1,2.04915495087374e-25,1.79446115360539e-31,1,0,-145.14776973129,8851.92942514007
6.25,179460,182308.930689984,1,-1.63701121165879e-25,2.45105409383099e-31,1,0,-141.66774322278,8854.81727854161
6.3,179460,182166.426874784,1.00000000000001,-9.38053234501861e-26,5.11277215857846e-31,1.00000000000001,0,-138.10347461244,8857.50984539453
6.35,179460,182024.15936143,1.00000000000002,-4.04805208606624e-25,-3.50918104573634e-31,1.00000000000002,0,-134.44826612173,8860.02140481224
6.4,179460,181882.127672714,0.999999999999998,-1.88726251805982e-25,4.37771042381686e-31,0.999999999999998,0,-130.694489826922,8862.36475294295
6.45,179460,181740.331332678,1.00000000000001,1.69008583706848e-26,-1.84535983114225e-31,1.00000000000001,0,-126.833396364212,8864.55137234619
6.5,179460,181598.769866607,0.999999999999994,5.39048430138686e-25,1.09092832187355e-31,0.999999999999994,0,-122.854869892484,8866.5915742054
6.55,179460,181457.442801026,1,3.82018700434919e-25,3.03610611507421e-31,1,0,-118.747109624651,8868.49461672137
6.6,179460,181316.349663693,1.00000000000001,-5.58380640064454e-25,-4.27096458620482e-31,1.00000000000001,0,-114.496209100596,8870.26880193946
6.65,179460,181175.489983601,0.999999999999985,2.28902853722258e-25,9.19569440832761e-32,0.999999999999985,0,-110.085589963693,8871.92155212259
6.7,179460,181034.863290971,1,2.45032795746211e-25,2.40920407007844e-32,1,0,-105.495223579421,8873.45946541272
6.75,179460,180894.469117247,1,2.09831569329233e-24,-1.49189679269177e-31,1,0,-100.700534423337,8874.88834861951
6.8,179460,180754.306995095,0.999999999999994,-2.28505535297404e-24,-2.13102865881793e-31,0.999999999999994,0,-95.6708101446007,8876.21322202238
6.85,179460,180614.376458396,0.999999999999991,1.34613854391069e-24,-2.78019887523608e-31,0.999999999999991,0,-90.3668165203359,8877.43828593864
6.9,179460,180474.677042247,1,-1.50625193900133e-26,-1.02023571418346e-31,1,0,-84.7370695835674,8878.56682911126
6.95,179460,180335.20828295,1.00000000000001,-8.67933203906472e-25,5.37263818444725e-32,1.00000000000001,0,-78.7117062287242,8879.60103906914
7,179460,180195.969718017,1,-1.42323017858326e-27,1.27133585669868e-31,1,0,-72.1917392490781,8880.54162969439
7.05,179460,180056.96088616,0.999999999999982,-3.6956543637231e-24,5.38705947641604e-31,0.999999999999982,0,-65.028570600872,8881.38708800197
7.1,179460,179918.181327289,1.00000000000001,-4.35555875652654e-24,3.74034587288295e-31,1.00000000000001,0,-56.9801413497107,8882.13201120558
7.15,179460,179779.630582509,1,-2.06320934888725e-24,1.30235223832271e-31,1,0,-47.5994982088448,8882.76281001083
7.2,179460,179641.308194116,0.999999999999992,5.2716445814751e-24,4.68324387425344e-31,0.999999999999992,0,-35.8558590563301,8883.24295397977
7.25,179460,179503.213705592,1,-6.96908377446626e-25,-1.66042796942496e-31,1,0,-17.5079459724402,8883.40989281177
7.3,179460,179365.346661604,0.999999214616382,7.8538361147105e-07,-3.65763552188554e-31,0.999999999999994,25.9158383086204,0,8883.32971439711
7.35,179460,179227.706607998,0.999998783610165,1.21638983019191e-06,-6.29758026346447e-31,0.999999999999995,40.6058302672543,0,8883.99034391845
7.4,179460,179090.293091797,0.999998482164593,1.51783538370914e-06,-4.11035098153291e-31,0.999999999999977,51.2355315961858,0,8884.6333444392
7.45,179460,178953.105661197,0.999998241307522,1.75869246978984e-06,3.41021139497019e-32,0.999999999999992,60.0030745660195,0,8885.24128381164
7.5,179460,178816.143865561,0.999998037779903,1.96222009965901e-06,3.35761609484878e-31,1,67.6365343287323,0,8885.80995244764
7.55,179460,178679.40725542,0.999997860226044,2.13977395859558e-06,1.12090198753415e-31,1,74.4853992569504,0,8886.33842351151
7.6,179460,178542.895382466,0.999997702045843,2.29795414700264e-06,4.19659596291484e-31,0.99999999999999,80.7495528659074,0,8886.82698239868
7.65,179460,178406.607799548,0.999997558980898,2.44101910848636e-06,-2.03425047889019e-31,1.00000000000001,86.5560343744614,0,8887.27644135698
7.7,179460,178270.544060673,0.999997428084303,2.57191570203758e-06,-2.35738638864161e-31,1,91.9915466483872,0,8887.68785530961
7.75,179460,178134.703720996,0.999997307211777,2.69278822160013e-06,-3.42632930952354e-31,0.999999999999998,97.1183945068479,0,8888.06238708462
7.8,179460,177999.086336821,0.999997194742999,2.80525700064011e-06,2.05121670473581e-31,1,101.983137522296,0,8888.40123777951
7.85,179460,177863.691465598,0.999997089417081,2.91058291552629e-06,2.40920407007846e-32,0.999999999999997,106.62165624807,0,8888.70560879983
7.9,179460,177728.518665915,0.999996990229614,3.00977039173894e-06,4.77316487123525e-32,1.00000000000001,111.062297136296,0,8888.97668056666
7.95,179460,177593.567497499,0.999996896365005,3.103634999094e-06,-1.22665812863854e-31,1,115.327918132942,0,8889.21560051656
8,179460,177458.837521211,0.99999680715046,3.19284954421866e-06,7.01270668285744e-33,1,119.437271069069,0,8889.42347652999
8.05,179460,177324.328299041,0.999996722023475,3.27797652033859e-06,-4.58766746865645e-31,0.999999999999995,123.405966139163,0,8889.60137362013
8.1,179460,177190.039394107,0.999996640508419,3.35949157950715e-06,-2.99962872950613e-31,0.999999999999998,127.247163242839,0,8889.75031263174
8.15,179460,177055.970370652,0.999996562199096,3.43780090868557e-06,3.73256968603703e-32,1,130.972079178752,0,8889.87127018972
8.2,179460,176922.120794035,0.99999648674564,3.51325435317188e-06,4.04531378245802e-31,0.999999999999993,134.590367317577,0,8889.96517942742
6.2,179480,182451.671285486,1.00000000000001,1.15111153350161e-25,3.64816271245507e-31,1.00000000000001,0,-144.665345525035,8859.12402187981
6.25,179480,182308.930689984,0.999999999999995,-5.04950207110112e-26,-4.43553697690735e-31,0.999999999999995,0,-141.173075409357,8861.95331174885
6.3,179480,182166.426874784,1,4.20416264627967e-25,4.32864975407993e-31,1,0,-137.595633152297,8864.58196215983
6.35,179480,182024.15936143,0.999999999999993,-1.62752301046823e-25,-2.7264724933916e-31,0.999999999999993,0,-133.926195483285,8867.02535661636
6.4,179480,181882.127672714,1,5.94732310875786e-25,-3.58309016707633e-31,1,0,-130.156983887322,8869.29721714149
6.45,179480,181740.331332678,1,-3.04215450672328e-25,2.58282511456533e-31,1,0,-126.279066459836,8871.40980438789
6.5,179480,181598.769866607,1,1.42678825403045e-25,3.6789493431041e-31,1,0,-122.282103585475,8873.37408499859
6.55,179480,181457.442801026,0.999999999999995,-4.17362249869756e-25,3.83804305671066e-31,0.999999999999995,0,-118.154016659032,8875.19987069401
6.6,179480,181316.349663693,1.00000000000001,7.68188488890712e-25,7.36334201700037e-32,1.00000000000001,0,-113.880549320348,8876.89593222417
6.65,179480,181175.489983601,0.999999999999994,2.52979164243304e-25,-3.31293836678863e-31,0.999999999999994,0,-109.444675240921,8878.4700899969
6.7,179480,181034.863290971,1,-4.23292375613857e-25,-2.37640270011026e-31,1,0,-104.825781294781,8879.9292816708
6.75,179480,180894.469117247,1,1.24538570751843e-24,5.29487631598815e-31,1,0,-99.9985123060216,8881.27960496856
6.8,179480,180754.306995095,1,-1.09790348026267e-24,-3.46747240719918e-31,1,0,-94.9310884143015,8882.52633086771
6.85,179480,180614.376458396,1,2.66238925407112e-24,9.04017067140942e-32,1,0,-89.5827671185049,8883.67387699102
6.9,179480,180474.677042247,0.999999999999995,1.38065187574135e-24,-1.64968269305607e-31,0.999999999999995,0,-83.8998498226454,8884.72572093026
6.95,179480,180335.20828295,0.999999999999997,2.63499207313338e-24,3.38645867878634e-31,0.999999999999997,0,-77.8090607669964,8885.68421231288
7,179480,180195.969718017,0.999999999999991,-7.66350149910037e-25,-7.35203119976993e-32,0.999999999999991,0,-71.2058147658445,8886.55019469697
7.05,179480,180056.96088616,0.99999999999999,-1.42489061379234e-24,-5.63731130763897e-31,0.99999999999999,0,-63.9315230150582,8887.32222582894
7.1,179480,179918.181327289,1.00000000000002,-5.91447021213556e-24,-1.50306622470681e-31,1.00000000000002,0,-55.7240087230326,8887.9948174172
7.15,179480,179779.630582509,0.999999999999994,-5.62555448588298e-24,-2.45642673201543e-31,0.999999999999994,0,-46.0873634340726,8888.55373655425
7.2,179480,179641.308194116,0.999999999999991,1.28750146055303e-23,2.13095796621024e-31,0.999999999999991,0,-33.8212930744415,8888.95885149792
7.25,179480,179503.213705592,0.999999999999995,9.40517943014251e-25,-4.02354045928947e-31,0.999999999999995,0,-12.8323811541196,8888.9902688795
7.3,179480,179365.346661604,0.999999233994198,7.66005806159644e-07,-4.61615658955555e-31,1,28.5233946893705,0,8889.02078513021
7.35,179480,179227.706607998,0.999998874198834,1.12580116207402e-06,3.87961031003244e-31,0.999999999999996,42.3188117148533,0,8889.60382735779
7.4,179480,179090.293091797,0.999998613090963,1.38690903835287e-06,1.7233090439653e-31,1,52.604399775262,0,8890.16540389098
7.45,179480,178953.105661197,0.999998400798939,1.59920104234252e-06,1.07028608042804e-31,0.999999999999982,61.1768480738997,0,8890.69193082838
7.5,179480,178816.143865561,0.999998219158184,1.78084183329386e-06,2.5409750908128e-31,1.00000000000002,68.6806593196934,0,8891.18001472553
7.55,179480,178679.40725542,0.999998059029997,1.94096999997161e-06,-2.94646788852318e-32,0.999999999999997,75.4354101025847,0,8891.62901702592
7.6,179480,178542.895382466,0.99999791501719,2.08498281177586e-06,2.84551884474173e-31,1,81.6272668279077,0,8892.03934678997
7.65,179480,178406.607799548,0.999997783603378,2.21639661436428e-06,1.59850124508844e-31,0.999999999999992,87.3759766516575,0,8892.4118721471
7.7,179480,178270.544060673,0.999997662339871,2.33766012481865e-06,-1.47153732167703e-31,0.999999999999996,92.7639610623518,0,8892.74767081759
7.75,179480,178134.703720996,0.999997549437195,2.45056279613033e-06,3.84567785834119e-31,0.999999999999991,97.8508241017145,0,8893.04791029182
7.8,179480,177999.086336821,0.999997443539125,2.55646087166907e-06,8.86768070864556e-32,0.999999999999996,102.681326315112,0,8893.31378555526
7.85,179480,177863.691465598,0.999997343588015,2.65641198148036e-06,1.31997237078946e-31,0.999999999999996,107.290097519387,0,8893.54648511251
7.9,179480,177728.518665915,0.999997248740051,2.75125995933303e-06,2.21833402931519e-31,1.00000000000001,111.704584060289,0,8893.74717203484
7.95,179480,177593.567497499,0.999997158309228,2.84169077741552e-06,-3.58100473514948e-31,1.00000000000001,115.946977393004,0,8893.91697342589
8,179480,177458.837521211,0.999997071729167,2.92827083630064e-06,3.33669108297251e-31,1,120.035523898031,0,8894.05697480902
8.05,179480,177324.328299041,0.999996988525986,3.01147400516834e-06,2.65804204914761e-32,0.999999999999991,123.985442563594,0,8894.16821747562
8.1,179480,177190.039394107,0.999996908298774,3.09170122854045e-06,3.43961951976928e-31,1,127.80958514426,0,8894.25169765373
8.15,179480,177055.970370652,0.999996830704933,3.16929506964446e-06,2.369616209772e-32,1,131.518921980067,0,8894.30836679466
8.2,179480,176922.120794035,0.999996755449294,3.24455071108139e-06,3.06014160168885e-31,1,135.122906653966,0,8894.33913255933
6.2,179500,182451.671285486,1,1.10003832553054e-25,-7.33444641360704e-32,1,0,-144.181259048262,8867.97713996643
6.25,179500,182308.930689984,1,1.76006132084887e-25,-7.02401750008786e-32,1,0,-140.676618884702,8870.69120646473
6.3,179500,182166.426874784,0.999999999999995,-2.96209780917793e-25,3.4916492790292e-31,0.999999999999995,0,-137.085859801042,8873.20201583599
6.35,179500,182024.15936143,1.00000000000001,-2.40941008982781e-25,1.10393576168853e-31,1.00000000000001,0,-133.40202976362,8875.52593144949
6.4,179500,181882.127672714,0.999999999999994,-4.37287472369932e-25,1.35220819989615e-31,0.999999999999994,0,-129.617195525181,8877.67747327782
6.45,179500,181740.331332678,1.00000000000001,9.74912672330034e-26,-6.79780115547958e-32,1.00000000000001,0,-125.722237329048,8879.66955200774
6.5,179500,181598.769866607,1.00000000000002,7.00110645348441e-25,2.22003065189975e-31,1.00000000000002,0,-121.706584872763,8881.51366380326
6.55,179500,181457.442801026,0.999999999999995,-3.12458325456627e-25,-1.56654818641252e-31,0.999999999999995,0,-117.557872586206,8883.22005161123
6.6,179500,181316.349663693,0.999999999999999,7.86156769895334e-25,-5.22559756045186e-32,0.999999999999999,0,-113.26148187829,8884.79783723411
6.65,179500,181175.489983601,0.999999999999994,-2.64602210701741e-25,-1.94772272707751e-31,0.999999999999994,0,-108.799921465963,8886.25512682974
6.7,179500,181034.863290971,0.999999999999987,-8.82284108207195e-25,9.21831604278846e-32,0.999999999999987,0,-104.151969757424,8887.59909078624
6.75,179500,180894.469117247,1,2.24751765701389e-25,-1.10280467996549e-31,1,0,-99.2914570889113,8888.83601672441
6.8,179500,180754.306995095,0.999999999999984,1.66186955751234e-24,1.62327900408385e-33,0.999999999999984,0,-94.1854837081788,8889.97133112315
6.85,179500,180614.376458396,1,1.61216398479102e-24,-6.86594882929283e-31,1,0,-88.7917167539142,8891.00957951216
6.9,179500,180474.677042247,0.999999999999992,5.41894890495855e-25,-3.2575153623596e-31,0.999999999999992,0,-83.05410769334,8891.95434466567
6.95,179500,180335.20828295,1.00000000000001,-1.92041192096933e-24,-2.31306212361992e-31,1.00000000000001,0,-76.8957303509226,8892.80806027178
7,179500,180195.969718017,0.999999999999994,-3.23168132550472e-24,7.05794995177913e-32,0.999999999999994,0,-70.2059475317878,8893.5716268092
7.05,179500,180056.96088616,0.999999999999994,-1.89764023811199e-24,2.15188297808651e-31,0.999999999999994,0,-62.8152087502578,8894.24360358819
7.1,179500,179918.181327289,1,1.42394179367329e-24,2.89344843275562e-31,1,0,-54.4387726328578,8894.81834222373
7.15,179500,179779.630582509,1,-9.41970823821556e-25,-4.75619864538961e-32,1,0,-44.5237474564494,8895.28082738952
7.2,179500,179641.308194116,1,-1.3750775575419e-24,1.53261573472127e-31,1,0,-31.656014997379,8895.58649079213
7.25,179500,179503.213705592,1,8.53938107150395e-25,2.07991790345799e-31,1,0,-4.77472792721931,8895.3597123508
7.3,179500,179365.346661604,0.999999266285718,7.33714269337058e-07,5.37871774870861e-31,0.999999999999987,30.9119915908306,0,8895.57293402916
7.35,179500,179227.706607998,0.999998963670965,1.03632902492081e-06,-6.87132146747729e-32,0.99999999999999,43.9652590719347,0,8896.05653238879
7.4,179500,179090.293091797,0.999998736806016,1.26319398503187e-06,-1.67145601622462e-31,1,53.9386675531547,0,8896.5168279915
7.45,179500,178953.105661197,0.999998549143125,1.45085686965582e-06,-1.80181318480515e-31,0.999999999999994,62.3286316544929,0,8896.94305720872
7.5,179500,178816.143865561,0.99999838648916,1.61351082838754e-06,-6.1488430168845e-32,0.999999999999989,69.7092458056789,0,8897.33246868322
7.55,179500,178679.40725542,0.999998241510857,1.75848914799551e-06,-1.52865694869062e-31,1,76.3736949915671,0,8897.68463728407
7.6,179500,178542.895382466,0.999998109814212,1.8901857926039e-06,2.78330934997444e-31,1,82.4957264516511,0,8898.00004615381
7.65,179500,178406.607799548,0.999997988511443,2.01148857543662e-06,-1.76759796268315e-31,1.00000000000002,88.1883739108946,0,8898.27957952377
7.7,179500,178270.544060673,0.999997875580127,2.12441988185e-06,-1.74978342554524e-31,1.00000000000001,93.5300704264068,0,8898.52430325725
7.75,179500,178134.703720996,0.999997769536799,2.23046321498724e-06,-3.78912377218912e-32,1.00000000000001,98.5778818229244,0,8898.73535820294
7.8,179500,177999.086336821,0.999997669254121,2.33074587737975e-06,-3.84567785834119e-32,0.999999999999998,103.374866321553,0,8898.91390443698
7.85,179500,177863.691465598,0.999997573851402,2.42614859186545e-06,5.22135600399045e-31,0.999999999999994,107.954463758025,0,8899.06109083296
7.9,179500,177728.518665915,0.999997482625009,2.51737498939371e-06,-3.61380610511768e-31,0.999999999999998,112.343260263235,0,8899.1780381682
7.95,179500,177593.567497499,0.999997395002351,2.60499764169471e-06,3.69298182573059e-31,0.999999999999992,116.562807964304,0,8899.2658298497
8,179500,177458.837521211,0.999997310510312,2.68948968366475e-06,1.94885380880056e-31,0.999999999999995,120.630866860069,0,8899.3255071187
8.05,179500,177324.328299041,0.999997228752794,2.77124720680592e-06,-2.28591616226693e-31,1,124.562278472022,0,8899.35806693277
8.1,179500,177190.039394107,0.999997149394474,2.85060553118458e-06,-2.19033975666992e-31,1.00000000000001,128.369596533761,0,8899.36446149991
8.15,179500,177055.970370652,0.999997072148699,2.92785129502231e-06,-1.7350793631457e-31,0.999999999999994,132.063552533843,0,8899.34559881768
8.2,179500,176922.120794035,0.999996996768392,3.00323161141837e-06,-1.67682865440907e-31,1,135.653406082453,0,8899.30234383089
6.2,179520,182451.671285486,0.999999999999994,1.86413502765783e-25,-3.7574888302478e-32,0.999999999999994,0,-143.695493501221,8878.77581132644
6.25,179520,182308.930689984,1.00000000000001,-3.18744258745373e-25,1.07226547344337e-31,1.00000000000001,0,-140.178354644078,8881.29981956913
6.3,179520,182166.426874784,0.999999999999995,-1.76599144659297e-25,1.57729346278141e-31,0.999999999999995,0,-136.57413292588,8883.62222383503
6.35,179520,182024.15936143,1,-4.08526362511047e-25,-2.55511361235081e-31,1,0,-132.875744168823,8885.76008777829
6.4,179520,181882.127672714,0.999999999999999,-3.84865160792088e-26,1.59581492599622e-31,0.999999999999999,0,-129.075096105418,8887.72846359706
6.45,179520,181740.331332678,1,3.04986367019061e-25,6.23226029395883e-32,1,0,-125.162875615898,8889.54066146848
6.5,179520,181598.769866607,0.999999999999998,1.82529270403397e-25,-6.97161660463757e-32,0.999999999999998,0,-121.128274521697,8891.20847221141
6.55,179520,181457.442801026,0.999999999999995,2.18714156428177e-25,-4.41857075106172e-31,0.999999999999995,0,-116.958630751234,8892.7423507456
6.6,179520,181316.349663693,1,-1.25171982307885e-25,1.84366320855768e-32,1,0,-112.638950588557,8894.15156586966
6.65,179520,181175.489983601,1,-9.60561768029313e-25,2.80395159141995e-31,1,0,-108.151259978234,8895.44431999953
6.7,179520,181034.863290971,1,7.09183737736915e-25,2.64107582330197e-32,1,0,-103.473703610825,8896.62784056617
6.75,179520,180894.469117247,1,8.1337604706075e-25,4.32242438631521e-31,1,0,-98.5792604730308,8897.70844239606
6.8,179520,180754.306995095,0.999999999999978,3.03503835583036e-25,4.39665604267779e-31,0.999999999999978,0,-93.4338551874099,8898.69155696142
6.85,179520,180614.376458396,0.999999999999996,4.35745639676465e-25,-8.64146436403727e-32,0.999999999999996,0,-87.9934766134148,8899.58171859222
6.9,179520,180474.677042247,1,-1.22907786172216e-24,-1.5088630185374e-31,1,0,-82.1995801390244,8900.38248680628
6.95,179520,180335.20828295,1,-1.58678304660627e-24,2.34388410057281e-31,1,0,-75.9713296166033,8901.09626087869
7,179520,180195.969718017,0.999999999999993,1.74522118117426e-24,-2.84262044782643e-31,0.999999999999993,0,-69.1915331013179,8901.72388875961
7.05,179520,180056.96088616,0.999999999999996,3.3563325686457e-24,2.3910360699021e-31,0.999999999999996,0,-61.6785816984467,8902.2638285192
7.1,179520,179918.181327289,0.999999999999996,-9.72540622032524e-27,3.23461095746801e-31,0.999999999999996,0,-53.1223207423549,8902.71016462546
7.15,179520,179779.630582509,1,-5.90166114052827e-25,-4.739232419544e-31,1,0,-42.9030218925966,8903.04691543855
7.2,179520,179641.308194116,1,3.83702856146244e-24,-5.48857406105901e-32,1,0,-29.3310908342447,8903.22392485984
7.25,179520,179503.213705592,0.999999770547174,2.29452822036504e-07,-3.73384215297546e-31,0.999999999999996,10.9127341094898,0,8902.75320822454
7.3,179520,179365.346661604,0.999999306507153,6.93492848287907e-07,-1.82726252357359e-31,1,33.1290237368717,0,8903.07616594787
7.35,179520,179227.706607998,0.999999050255696,9.49744303145373e-07,1.67159740144e-31,0.999999999999999,45.5523873425981,0,8903.43524887246
7.4,179520,179090.293091797,0.999998852381696,1.1476183114782e-06,4.00402929956701e-32,1.00000000000001,55.2408421643581,0,8903.77105000081
7.45,179520,178953.105661197,0.99999868584362,1.31415635602056e-06,1.17491113980938e-31,0.999999999999976,63.4596226617396,0,8904.07489699439
7.5,179520,178816.143865561,0.999998539555499,1.46044448520154e-06,1.39236160106412e-31,0.999999999999984,70.7229717604529,0,8904.34451959695
7.55,179520,178679.40725542,0.99999840765251,1.59234749429675e-06,-5.26631650248135e-31,1,77.3006809182713,0,8904.5796242294
7.6,179520,178542.895382466,0.99999828657496,1.71342502678235e-06,1.05162323199786e-31,0.999999999999987,83.3552209943632,0,8904.78070868424
7.65,179520,178406.607799548,0.999998173965203,1.82603479771181e-06,-1.31148925786665e-31,1,88.993432781777,0,8904.94862356306
7.7,179520,178270.544060673,0.999998068163853,1.9318361410052e-06,-1.97430314756898e-31,0.999999999999994,94.2900284268567,0,8905.08437876963
7.75,179520,178134.703720996,0.999997967949779,2.03205022386647e-06,2.87068541307939e-31,1,99.2996856667675,0,8905.18904838556
7.8,179520,177999.086336821,0.999997872392936,2.12760705654404e-06,3.87395490141724e-32,0.999999999999993,104.063850488044,0,8905.26372061699
7.85,179520,177863.691465598,0.999997780765661,2.21923434072206e-06,-3.38645867878634e-31,1,108.614829741487,0,8905.30947042334
7.9,179520,177728.518665915,0.999997692485907,2.30751409601904e-06,-1.47549610770767e-31,1,112.978386980277,0,8905.3273443532
7.95,179520,177593.567497499,0.99999760707967,2.39292032459004e-06,-1.41158999035583e-31,0.999999999999994,117.175460753215,0,8905.31835230276
8,179520,177458.837521211,0.999997524155048,2.47584496519202e-06,-1.99749032289135e-31,1.00000000000001,121.223342827353,0,8905.28346333078
8.05,179520,177324.328299041,0.999997443383676,2.55661631678774e-06,2.36452634201832e-31,0.999999999999993,125.136510380048,0,8905.22360392047
8.1,179520,177190.039394107,0.999997364487562,2.63551244973924e-06,-1.82839360529663e-31,1.00000000000001,128.927228822421,0,8905.13965773367
8.15,179520,177055.970370652,0.999997287228818,2.7127711825771e-06,7.97412614744281e-33,1,132.605998098077,0,8905.03246627941
8.2,179520,176922.120794035,0.999997211402346,2.78859764660722e-06,-1.62988876290284e-31,0.999999999999993,136.181889442559,0,8904.90283013364
6.2,179540,182451.671285486,1.00000000000001,-8.48007981406297e-26,1.71330603997716e-31,1.00000000000001,0,-143.20803179754,8891.87811687804
6.25,179540,182308.930689984,1.00000000000001,4.11550726640538e-26,-1.90841763720182e-31,1.00000000000001,0,-139.678263341866,8894.11244692521
6.3,179540,182166.426874784,1,-5.12362864290237e-26,-1.34033184180422e-32,1,0,-136.060430485029,8896.15340305578
6.35,179540,182024.15936143,1,-5.76704728613721e-26,4.18500237525365e-32,1,0,-132.347313409517,8898.01820886376
6.4,179540,181882.127672714,0.999999999999995,4.59436492024145e-26,3.05307234091984e-31,0.999999999999995,0,-128.530656386207,8899.72195594125
6.45,179540,181740.331332678,1.00000000000001,-1.50465821770767e-25,8.74608942341863e-32,1.00000000000001,0,-124.600947212375,8901.27790522744
6.5,179540,181598.769866607,0.999999999999999,2.7883451248758e-25,1.9106798006479e-31,0.999999999999999,0,-120.547132354622,8902.6977340122
6.55,179540,181457.442801026,0.999999999999996,6.29304943963889e-25,3.34016385732528e-31,0.999999999999996,0,-116.356243293105,8903.99173803043
6.6,179540,181316.349663693,1,-4.11491425383097e-25,6.85435524163168e-32,1,0,-112.012897698326,8905.16899557839
6.65,179540,181175.489983601,0.999999999999992,6.50416191612884e-25,1.54901641970537e-31,0.999999999999992,0,-107.498620038705,8906.23749833169
6.7,179540,181034.863290971,1,-9.08020853936589e-25,1.20940913236216e-31,1,0,-102.790894673726,8907.20425135997
6.75,179540,180894.469117247,0.999999999999998,-5.99654315243388e-25,1.58310792976392e-31,0.999999999999998,0,-97.861810207679,8908.07534223016
6.8,179540,180754.306995095,0.999999999999996,-1.18062873439286e-24,-5.36132736721684e-32,0.999999999999996,0,-92.6760562876619,8908.85597548632
6.85,179540,180614.376458396,1.00000000000001,-8.81850467762155e-25,3.10029500285683e-31,1.00000000000001,0,-87.187849221256,8909.55046272796
6.9,179540,180474.677042247,1,1.75270796492619e-24,-5.14076643122374e-32,1,0,-81.3359902573466,8910.16214716687
6.95,179540,180335.20828295,1,-2.43372360537862e-25,2.23459332908391e-32,1,0,-75.0354494220939,8910.69321732204
7,179540,180195.969718017,0.999999999999998,-2.13104998739976e-24,1.12655739614936e-31,0.999999999999998,0,-68.1619219849825,8911.14430709107
7.05,179540,180056.96088616,1.00000000000001,6.35235069707989e-25,-3.09350851251857e-32,1.00000000000001,0,-60.5204973955158,8911.5136230844
7.1,179540,179918.181327289,1.00000000000001,2.81894457371537e-24,-3.55272769207345e-31,1.00000000000001,0,-51.7722718644353,8911.79483014993
7.15,179540,179779.630582509,1,-2.40715664204506e-24,-1.73903814917635e-32,1,0,-41.2184505792315,8911.97073439711
7.2,179540,179641.308194116,1,-4.87693541194778e-25,-3.915522154739e-31,1,0,-26.8050121667575,8911.98394600745
7.25,179540,179503.213705592,0.999999701898091,2.98101917368749e-07,8.26962124758737e-32,1.00000000000001,16.1551035741064,0,8911.44560998041
7.3,179540,179365.346661604,0.999999350973775,6.49026225209054e-07,-9.76547682630979e-32,1,35.2069171264672,0,8911.63391193699
7.35,179540,179227.706607998,0.999999132497771,8.67502233361219e-07,9.6368162803138e-32,1,47.0861952912397,0,8911.83930677762
7.4,179540,179090.293091797,0.999998959064779,1.04093521041545e-06,3.0098084650135e-31,0.999999999999989,56.513142122641,0,8912.0233393869
7.45,179540,178953.105661197,0.999998810527223,1.18947276441651e-06,-1.47804104158452e-31,0.999999999999988,64.570913681071,0,8912.17887514702
7.5,179540,178816.143865561,0.999998678234638,1.32176536416926e-06,3.8174008152666e-34,1,71.7224673034313,0,8912.30396607342
7.55,179540,178679.40725542,0.99999855751427,1.44248575333618e-06,-2.43832942444677e-31,1.00000000000002,78.2167696126617,0,8912.39835616772
7.6,179540,178542.895382466,0.999998445497463,1.55450252503822e-06,1.98844166910701e-31,0.999999999999988,84.206024977429,0,8912.4624847027
7.65,179540,178406.607799548,0.999998340271428,1.65972858429348e-06,1.98504842393788e-32,1.00000000000001,89.7913506499745,0,8912.49710560136
7.7,179540,178270.544060673,0.999998240484101,1.75951589678097e-06,1.85327740320354e-31,0.999999999999997,95.0439826200941,0,8912.50311627644
7.75,179540,178134.703720996,0.999998145137883,1.85486211473796e-06,1.83913888166552e-31,0.999999999999998,100.0163493828,0,8912.48147242834
7.8,179540,177999.086336821,0.999998053471638,1.94652836600723e-06,2.1626282544554e-31,1,104.748368712989,0,8912.43314284803
7.85,179540,177863.691465598,0.999997964889081,2.03511091364118e-06,8.75457253634141e-32,0.999999999999994,109.271267994804,0,8912.35908455582
7.9,179540,177728.518665915,0.999997878912954,2.12108704483762e-06,-1.95055043138511e-31,0.999999999999999,113.610023740705,0,8912.26022898604
7.95,179540,177593.567497499,0.999997795154302,2.20484570411946e-06,1.1684074199019e-31,1.00000000000001,117.784985347004,0,8912.13747445238
8,179540,177458.837521211,0.999997713291343,2.28670865920661e-06,3.44442661709221e-31,1,121.812993633514,0,8911.99168233126
8.05,179540,177324.328299041,0.999997633054446,2.36694555296126e-06,-1.24616928836101e-31,0.999999999999999,125.708173972728,0,8911.82367547482
8.1,179540,177190.039394107,0.999997554215127,2.44578487626901e-06,3.7127757558838e-32,1,129.482512747929,0,8911.63423799733
8.15,179540,177055.970370652,0.999997476577855,2.52342213960161e-06,-2.16545595876301e-31,0.999999999999995,133.146285378106,0,8911.42411589862
8.2,179540,176922.120794035,0.999997399973919,2.60002607066208e-06,-3.35786351897569e-31,0.99999999999999,136.70838011528,0,8911.19401819135
6.2,179560,182451.671285486,1.00000000000001,1.11723569018843e-25,9.64812709754424e-32,1.00000000000001,0,-142.718856557389,8907.73661109831
6.25,179560,182308.930689984,0.999999999999989,-2.26827309711823e-27,2.25983059002928e-31,0.999999999999989,0,-139.176325282989,8909.54735148015
6.3,179560,182166.426874784,1.00000000000007,1.4356834426466e-25,1.85101523975746e-31,1.00000000000007,0,-135.544730016874,8911.18303051306
6.35,179560,182024.15936143,1.00000000000001,1.78342045678774e-25,-3.57492517088813e-32,1.00000000000001,0,-131.81671168694,8912.66005188637
6.4,179560,181882.127672714,1.00000000000001,-5.00799119089242e-26,-1.93217035338569e-31,1.00000000000001,0,-127.983846500884,8913.99267821877
6.45,179560,181740.331332678,0.999999999999996,1.26430280864211e-25,-2.36452634201831e-31,0.999999999999996,0,-124.036417234503,8915.19335047748
6.5,179560,181598.769866607,0.999999999999975,-1.58215754852587e-25,6.90808162347612e-32,0.999999999999975,0,-119.963117216738,8916.27294716712
6.55,179560,181457.442801026,0.999999999999989,3.1145020408013e-25,-3.39324516912449e-33,0.999999999999989,0,-115.750661100689,8917.24099446271
6.6,179560,181316.349663693,1.00000000000001,-3.58416799973402e-25,-7.4764501893045e-32,1.00000000000001,0,-111.383263825979,8918.10583542723
6.65,179560,181175.489983601,0.999999999999996,-5.34689787716774e-25,-1.22156826088485e-32,0.999999999999996,0,-106.84192874077,8918.87476389108
6.7,179560,181034.863290971,1.00000000000001,1.17152691795782e-24,6.91532761576437e-32,1.00000000000001,0,-102.103451807534,8919.5541261175
6.75,179560,180894.469117247,0.999999999999993,-4.77197218627724e-25,3.06240376513493e-31,0.999999999999993,0,-97.1389898855819,8920.14939058588
6.8,179560,180754.306995095,0.999999999999989,-9.54038629710802e-25,1.01797355073738e-33,0.999999999999989,0,-91.9119343878101,8920.66518243783
6.85,179560,180614.376458396,1.00000000000001,1.12150538072419e-24,-1.0485127572595e-31,1.00000000000001,0,-86.374627872167,8921.10527287668
6.9,179560,180474.677042247,1.00000000000001,1.00242845578266e-24,8.07592350251652e-32,1.00000000000001,0,-80.4630462577682,8921.47250196017
6.95,179560,180335.20828295,1,2.38106408877102e-24,-1.51116052828733e-31,1,0,-74.0876547408165,8921.76858787962
7,179560,180195.969718017,0.999999999999996,-1.89004967715954e-24,-2.16602149962453e-31,0.999999999999996,0,-67.11641480423,8921.99371464197
7.05,179560,180056.96088616,0.99999999999999,-1.06457617358083e-24,2.2960958977743e-32,0.99999999999999,0,-59.3396995640654,8922.14561999849
7.1,179560,179918.181327289,0.999999999999996,1.93084894227895e-24,5.12238635322433e-31,0.999999999999996,0,-50.3859254617338,8922.21733288019
7.15,179560,179779.630582509,0.999999999999999,2.62870613984463e-24,-1.88523046187946e-31,0.999999999999999,0,-39.4618579071289,8922.19011487158
7.2,179560,179641.308194116,1,-2.7349739931789e-24,2.06896054926602e-31,1,0,-24.0143842045428,8921.99687219336
7.25,179560,179503.213705592,0.999999675288375,3.24711637784673e-07,-9.59722842000735e-32,1.00000000000001,20.0723887579269,0,8921.35826705784
7.3,179560,179365.346661604,0.999999396874381,6.03125609650951e-07,1.18113208928611e-31,0.999999999999991,37.1690142925213,0,8921.36549735108
7.35,179560,179227.706607998,0.999999209208885,7.90791113676953e-07,3.9927184823366e-32,0.999999999999999,48.571734459842,0,8921.38291445542
7.4,179560,179090.293091797,0.999999056256692,9.43743312068481e-07,1.56909312028936e-31,1,57.7575417243427,0,8921.38297417379
7.45,179560,178953.105661197,0.999998922928509,1.07707148087553e-06,-4.39856474308543e-31,0.99999999999999,65.6635049294953,0,8921.35962707083
7.5,179560,178816.143865561,0.999998802483911,1.19751608212582e-06,-3.60136420616423e-31,0.999999999999993,72.7083192982323,0,8921.31107996724
7.55,179560,178679.40725542,0.999998691214733,1.30878526424586e-06,-2.76040494508285e-31,0.999999999999997,79.1223395842843,0,8921.23700212573
7.6,179560,178542.895382466,0.999998586821938,1.41317806477751e-06,1.60443942413441e-31,1,85.0483992160782,0,8921.13768229393
7.65,179560,178406.607799548,0.999998487763622,1.51223637994474e-06,-2.13661337482544e-31,1,90.5823162257638,0,8921.01369692774
7.7,179560,178270.544060673,0.999998392946337,1.60705369007986e-06,-1.16105538870213e-31,1.00000000000003,95.7920747693312,0,8920.8657580247
7.75,179560,178134.703720996,0.999998301561434,1.6984385672589e-06,1.49472449699938e-31,1,100.727982684633,0,8920.69463626757
7.8,179560,177999.086336821,0.999998212991342,1.78700865527591e-06,2.5059115573985e-31,0.999999999999997,105.428507984761,0,8920.50111972885
7.85,179560,177863.691465598,0.999998126751806,1.87324818007885e-06,6.19832784226757e-32,0.999999999999986,109.923848884281,0,8920.28599087213
7.9,179560,177728.518665915,0.999998042455069,1.95754493255499e-06,-4.71943848939077e-32,1,114.238228433648,0,8920.05001358444
7.95,179560,177593.567497499,0.999997959784966,2.04021503265326e-06,-2.86898879049484e-31,0.999999999999998,118.391430061094,0,8919.79392594691
8,179560,177458.837521211,0.999997878479923,2.12152007580913e-06,9.06137845371646e-32,0.999999999999999,122.399860108434,0,8919.51843643404
8.05,179560,177324.328299041,0.999997798320639,2.20167934442345e-06,4.63831872206639e-32,0.999999999999983,126.277304130703,0,8919.22422217938
8.1,179560,177190.039394107,0.999997719121289,2.28087871821744e-06,1.18784788701667e-31,1.00000000000001,130.035478394542,0,8918.91192852934
8.15,179560,177055.970370652,0.999997640722684,2.3592773130814e-06,-1.37186074483399e-31,0.999999999999997,133.684440542093,0,8918.58216938163
8.2,179560,176922.120794035,0.999997562987476,2.43701251759651e-06,-1.62494028036453e-31,0.999999999999994,137.232901035276,0,8918.23552800913
6.2,179580,182451.671285486,1.00000000000001,-8.1628180867536e-26,-1.99551092987602e-31,1.00000000000001,0,-142.22795010025,8926.93166842056
6.25,179580,182308.930689984,1.00000000000001,1.66525343551507e-25,1.31629635518958e-32,1.00000000000001,0,-138.672520413892,8928.1366728862
6.3,179580,182166.426874784,1,5.72701893736454e-26,1.57609168845068e-31,1,0,-135.027008628543,8929.20042244305
6.35,179580,182024.15936143,1,1.08195144201104e-25,2.44030881746209e-31,1,0,-131.283912678329,8930.13677356019
6.4,179580,181882.127672714,0.999999999999997,1.03184187947339e-25,1.06180296750523e-32,0.999999999999997,0,-127.43463593894,8930.95766481722
6.45,179580,181740.331332678,1.00000000000001,-2.51437331549839e-26,-7.62066310899222e-33,1.00000000000001,0,-123.469249997245,8931.67341841508
6.5,179580,181598.769866607,1,-8.1983988412182e-26,-8.89313004741401e-32,1,0,-119.376186942356,8932.29298176789
6.55,179580,181457.442801026,1,3.13284836732211e-25,7.12581485516156e-33,1,0,-115.141833766357,8932.82412092024
6.6,179580,181316.349663693,0.999999999999998,-1.23287314219839e-25,1.27699126531389e-31,0.999999999999998,0,-110.74998789588,8933.27357423503
6.65,179580,181175.489983601,1.00000000000001,-8.84774761019714e-26,-1.29650242503635e-32,1.00000000000001,0,-106.181110915901,8933.64717207072
6.7,179580,181034.863290971,1.00000000000001,-2.04233530626803e-25,-5.27791009014254e-32,1.00000000000001,0,-101.411280775342,8933.94992558439
6.75,179580,180894.469117247,1,-1.7671774717418e-26,-4.11148206325594e-32,1,0,-96.4106787238919,8934.18608496672
6.8,179580,180754.306995095,0.999999999999994,-7.32014721851699e-25,-1.86798146560308e-31,0.999999999999994,0,-91.1413304532973,8934.35916351954
6.85,179580,180614.376458396,1.00000000000002,-1.57029729703767e-25,3.50069793281352e-32,1.00000000000002,0,-85.5535960155134,8934.47191756349
6.9,179580,180474.677042247,0.999999999999993,1.39197841591258e-24,3.32576907508439e-31,0.999999999999993,0,-79.580440315642,8934.52625994835
6.95,179580,180335.20828295,1.00000000000001,5.99239206441302e-25,3.15006259867066e-31,1.00000000000001,0,-73.1274823083678,8934.52305832933
7,179580,180195.969718017,0.999999999999992,-1.16429123796787e-24,1.55071304228993e-31,0.999999999999992,0,-66.0542567542802,8934.46170420907
7.05,179580,180056.96088616,0.999999999999986,2.24338139430738e-24,1.16246924085593e-31,0.999999999999986,0,-58.1348041914722,8934.33915330612
7.1,179580,179918.181327289,1.00000000000001,2.7475458597564e-24,-2.45826473981539e-31,1.00000000000001,0,-48.9601982526046,8934.14749203323
7.15,179580,179779.630582509,0.999999999999975,4.14752994542351e-24,-3.52614727158196e-31,0.999999999999975,0,-37.6231573834055,8933.86598354411
7.2,179580,179641.308194116,1,-2.53809381847478e-26,4.5073606663205e-32,1,0,-20.8532684226353,8933.41385754678
7.25,179580,179503.213705592,0.999999668888032,3.31111974820577e-07,1.13108172304153e-31,1.00000000000001,23.341551418705,0,8932.63044540968
7.3,179580,179365.346661604,0.999999442022338,5.57977661652671e-07,-1.24305881362264e-31,1,39.0327816527518,0,8932.40923617122
7.35,179580,179227.706607998,0.999999279425056,7.20574934732067e-07,-2.24236951592984e-32,0.999999999999991,50.0133061986321,0,8932.19804319373
7.4,179580,179090.293091797,0.999999143489945,8.56510059427737e-07,2.67274611154713e-31,1,58.9758071028611,0,8931.97591048903
7.45,179580,178953.105661197,0.999999022869452,9.77130543036126e-07,-8.12682218005337e-32,0.999999999999995,66.7383148306396,0,8931.73747198979
7.5,179580,178816.143865561,0.999998912319393,1.08768060423899e-06,4.78164798415807e-31,0.999999999999998,73.6810753985409,0,8931.48090143457
7.55,179580,178679.40725542,0.999998808908782,1.19109122206869e-06,2.48215884121463e-31,1,80.0177479587555,0,8931.2056546142
7.6,179580,178542.895382466,0.99999871080519,1.28919481295019e-06,1.06265127879752e-31,1,85.8825917586533,0,8930.9117521387
7.65,179580,178406.607799548,0.999998616774035,1.38322597309683e-06,1.90078283557129e-31,1.00000000000001,91.3665100686682,0,8930.59948851846
7.7,179580,178270.544060673,0.999998525937551,1.47406244952051e-06,-7.86384567944621e-32,1,96.5344411581746,0,8930.26929577307
7.75,179580,178134.703720996,0.999998437645863,1.56235413603177e-06,-4.55543163954975e-32,0.999999999999999,101.434691447696,0,8929.921673201
7.8,179580,177999.086336821,0.999998351402235,1.64859776614428e-06,-2.74570088268331e-31,1,106.104352511994,0,8929.55714888625
7.85,179580,177863.691465598,0.999998266817128,1.73318285520106e-06,4.36597545094029e-32,0.999999999999983,110.572640706498,0,8929.17625775113
7.9,179580,177728.518665915,0.999998183578658,1.81642134921101e-06,2.98043568651827e-31,1.00000000000001,114.863057370767,0,8928.77952876592
7.95,179580,177593.567497499,0.999998101432467,1.89856752685078e-06,-4.12279288048637e-32,0.999999999999994,118.994841984386,0,8928.36747748831
8,179580,177458.837521211,0.999998020168198,1.97983179912338e-06,-1.53332266079817e-31,0.999999999999997,122.983982111758,0,8927.94060179718
8.05,179580,177324.328299041,0.999997939609451,2.06039054808993e-06,2.47226187613803e-31,0.999999999999999,126.843934955468,0,8927.49937959887
8.1,179580,177190.039394107,0.999997859606697,2.14039330716876e-06,2.88425839375593e-33,1,130.586155212484,0,8927.04426777568
8.15,179580,177055.970370652,0.999997780031888,2.21996811117955e-06,-1.11185333374982e-31,0.999999999999999,134.220489236146,0,8926.57570191361
8.2,179580,176922.120794035,0.999997700774428,2.29922555475076e-06,6.95615259670546e-33,0.999999999999983,137.755474702812,0,8926.09409653404
6.2,179600,182451.671285486,0.999999999999997,5.04023624962596e-26,-6.95898030101301e-32,0.999999999999997,0,-141.735294437711,8950.22002669214
6.25,179600,182308.930689984,0.999999999999997,2.03403313022629e-26,5.22276985614426e-32,0.999999999999997,0,-138.166828313462,8950.56800255477
6.3,179600,182166.426874784,0.999999999999995,-5.43199518159557e-26,-1.69945028886989e-32,0.999999999999995,0,-134.507242984366,8950.83253525733
6.35,179600,182024.15936143,1,9.11756833155369e-26,3.80326229372713e-32,1,0,-130.74888952203,8951.02191625279
6.4,179600,181882.127672714,0.999999999999998,7.49477244640624e-26,-7.49765797161153e-32,0.999999999999998,0,-126.882993526562,8951.14320389131
6.45,179600,181740.331332678,1,-1.82558921032118e-25,-1.53897806941338e-32,1,0,-122.899408988653,8951.20242468648
6.5,179600,181598.769866607,0.999999999999999,-3.88037778065181e-25,-3.36214042174094e-32,0.999999999999999,0,-118.786298319916,8951.20473159096
6.55,179600,181457.442801026,1,-4.61156228489934e-25,-6.07956426134821e-32,1,0,-114.529709537705,8951.15452786375
6.6,179600,181316.349663693,1.00000000000001,5.82634854357824e-26,-6.23226029395884e-32,1.00000000000001,0,-110.113007070068,8951.05556248753
6.65,179600,181175.489983601,0.999999999999985,1.47674956342449e-25,-1.93125134948572e-31,0.999999999999985,0,-105.516089034304,8950.91100082269
6.7,179600,181034.863290971,0.999999999999998,2.8112872988483e-25,-1.58860428001183e-31,0.999999999999998,0,-100.714284092567,8950.72347205341
6.75,179600,180894.469117247,0.999999999999994,3.02525364835259e-25,1.10959117030374e-31,0.999999999999994,0,-95.6767513305207,8950.49509237689
6.8,179600,180754.306995095,0.99999999999999,2.33409749287774e-25,1.97607046276124e-31,0.99999999999999,0,-90.3640786524463,8950.22745924664
6.85,179600,180614.376458396,0.999999999999996,1.41077691452138e-25,3.19488171194618e-31,0.999999999999996,0,-84.7245265860303,8949.92160556059
6.9,179600,180474.677042247,0.999999999999999,-1.19877491916981e-24,5.60733764197837e-32,0.999999999999999,0,-78.6878473107873,8949.57789021104
6.95,179600,180335.20828295,1,-4.26969053575198e-25,2.17082859694745e-31,1,0,-72.1544379874274,8949.1957736326
7,179600,180195.969718017,0.999999999999994,1.71843183812529e-24,-1.53487789816735e-31,0.999999999999994,0,-64.9746312513979,8948.77335743575
7.05,179600,180056.96088616,0.999999999999979,1.18721117396881e-24,1.39879462836392e-31,0.999999999999979,0,-56.9042805691247,8948.30636446299
7.1,179600,179918.181327289,0.999999999999998,-1.0437021309616e-24,9.99593472737942e-33,0.999999999999998,0,-47.4915436568388,8947.78550322955
7.15,179600,179779.630582509,1,-3.19704939115917e-24,4.0718942029495e-33,1,0,-35.6896608866156,8947.18741072999
7.2,179600,179641.308194116,0.999999999999995,-1.6893742219792e-24,6.44151041272148e-32,0.999999999999995,0,-17.1176266701011,8946.41051506149
7.25,179600,179503.213705592,0.999999673375468,3.2662453625292e-07,2.3017513063895e-32,1,26.2062791718106,0,8945.429796425
7.3,179600,179365.346661604,0.999999484693723,5.15306287964922e-07,-2.30945680062773e-31,1.00000000000001,40.8116928558954,0,8944.92631112273
7.35,179600,179227.706607998,0.9999993423647,6.57635291773539e-07,-2.6679390142242e-31,0.999999999999992,51.4146089398697,0,8944.43801200333
7.4,179600,179090.293091797,0.999999220398843,7.79601161520513e-07,1.35390482248071e-31,1,60.1695257148557,0,8943.94808716339
7.45,179600,178953.105661197,0.999999110230645,8.89769345505946e-07,-9.61419464585297e-32,0.99999999999999,67.7961890818636,0,8943.45146379545
7.5,179600,178816.143865561,0.999999007785017,9.92214973059817e-07,1.77014289655999e-32,0.99999999999999,74.6412476196617,0,8942.94606014572
7.55,179600,178679.40725542,0.999998910753687,1.08924631736407e-06,-5.92121282012239e-32,1,80.9033321312099,0,8942.43094271954
7.6,179600,178542.895382466,0.999998817683808,1.1823161972315e-06,-8.95251183787371e-32,1,86.7088387443273,0,8941.90571164154
7.65,179600,178406.607799548,0.999998727593311,1.2724066909097e-06,4.94459444488373e-32,1,92.1441050716224,0,8941.37024330395
7.7,179600,178270.544060673,0.999998639783,1.36021700633604e-06,-1.23712063457692e-34,1.00000000000001,97.2712128823566,0,8940.82456643679
7.75,179600,178134.703720996,0.999998553734977,1.44626502515867e-06,-1.32318888443936e-32,1,102.136577894383,0,8940.26879656361
7.8,179600,177999.086336821,0.999998469053526,1.53094648228503e-06,-9.61843620231439e-32,1.00000000000001,106.775983846159,0,8939.70309893601
7.85,179600,177863.691465598,0.999998385428478,1.61457152331905e-06,7.47645018930449e-32,1,111.21770977235,0,8939.12766655004
7.9,179600,177728.518665915,0.999998302611632,1.69738836490445e-06,-2.34727734574193e-31,0.999999999999997,115.484565345597,0,8938.54270667601
7.95,179600,177593.567497499,0.999998220400816,1.77959920355899e-06,1.8900375592024e-31,1.00000000000002,119.595267022241,0,8937.94843238099
8,179600,177458.837521211,0.99999813862875,1.86137125623006e-06,4.90323926938503e-31,1.00000000000001,123.565398564704,0,8937.34505716359
8.05,179600,177324.328299041,0.999998057155374,1.94284463389017e-06,6.85576909378548e-32,1.00000000000001,127.40809979337,0,8936.73279151004
8.1,179600,177190.039394107,0.999997975861908,2.02413808625512e-06,-1.37511260478773e-31,0.999999999999995,131.134572036341,0,8936.11184073036
8.15,179600,177055.970370652,0.999997894646724,2.10535327951077e-06,2.55454807148929e-31,1,134.75445659864,0,8935.482403622
8.2,179600,176922.120794035,0.999997813421958,2.1865780379438e-06,2.56854520781193e-31,0.999999999999996,138.276123195057,0,8934.84467169284
6.2,179620,182451.671285486,1,-7.96119381145422e-27,-4.76044020185103e-32,1,0,-141.240871265805,8978.60727191259
6.25,179620,182308.930689984,1,-2.05182350745859e-26,7.6348016305303e-32,1,0,-137.659228183428,8977.74560757993
6.3,179620,182166.426874784,0.999999999999994,7.40450325722681e-26,-1.71376554192713e-32,0.999999999999994,0,-133.985409293679,8976.89601133019
6.35,179620,182024.15936143,1,1.34821408792113e-25,5.16338806568457e-32,1,0,-130.211614801813,8976.05591683215
6.4,179620,181882.127672714,0.999999999999997,9.93740821567554e-26,-5.09499296774442e-32,0.999999999999997,0,-126.328887406149,8975.22311361763
6.45,179620,181740.331332678,1,1.32519778737684e-25,1.41356938337115e-31,1,0,-122.326856842661,8974.39566794397
6.5,179620,181598.769866607,0.999999999999995,-2.54105888134683e-26,-1.5987840155192e-31,0.999999999999995,0,-118.193407055182,8973.57185823051
6.55,179620,181457.442801026,1,9.41555715019471e-26,1.5552373691821e-32,1,0,-113.914235266626,8972.75012033982
6.6,179620,181316.349663693,1.00000000000001,3.63071948682521e-25,-1.12316415098024e-31,1.00000000000001,0,-109.472256676074,8971.92899873092
6.65,179620,181175.489983601,1,-3.35348610828852e-26,4.17369155802324e-32,1,0,-104.846783099564,8971.10709975989
6.7,179620,181034.863290971,1,-3.1969307886443e-25,-2.35264998392639e-32,1,0,-100.012360867854,8970.28304300938
6.75,179620,180894.469117247,1,-3.46853054772406e-25,-1.32509758484699e-31,1,0,-94.9370774538181,8969.45540526777
6.8,179620,180754.306995095,0.999999999999991,4.85677298441786e-25,2.64955893622478e-32,0.999999999999991,0,-89.5800059423595,8968.62264900657
6.85,179620,180614.376458396,1.00000000000001,-1.31530189004137e-25,-5.2595300121431e-32,1.00000000000001,0,-83.8871812744859,8967.78302143949
6.9,179620,180474.677042247,0.999999999999996,-4.62312603010033e-25,-8.54673626973255e-32,0.999999999999996,0,-77.7849234350817,8966.93439776235
6.95,179620,180335.20828295,1,2.31274904019905e-26,2.31638467618136e-31,1,0,-71.1679938073029,8966.07401341914
7,179620,180195.969718017,1.00000000000001,1.85292709000148e-24,7.10884862931601e-32,1.00000000000001,0,-63.8766526115524,8965.19795600319
7.05,179620,180056.96088616,0.999999999999988,-1.54420474376363e-25,-6.22660488534361e-32,0.999999999999988,0,-55.6464285509784,8964.30006479193
7.1,179620,179918.181327289,0.999999999999996,-3.93048734318945e-25,-2.23558302559158e-31,0.999999999999996,0,-45.9758480352424,8963.36904960949
7.15,179620,179779.630582509,0.999999999999998,3.13845974880746e-24,1.84253212683465e-31,0.999999999999998,0,-33.645029314853,8962.37804103619
7.2,179620,179641.308194116,1,-1.5068449515758e-24,2.21125593197022e-31,1,0,-12.294456696161,8961.18890955744
7.25,179620,179503.213705592,0.999999683417648,3.1658235686086e-07,1.41653847289413e-31,1,28.7875654866214,0,8959.95491411286
7.3,179620,179365.346661604,0.999999523508684,4.76491314667952e-07,-2.40552805447857e-31,0.999999999999999,42.5164005310419,0,8959.10566601378
7.35,179620,179227.706607998,0.999999397381911,6.02618086653024e-07,1.32265868988169e-31,0.999999999999997,52.7788502622279,0,8958.28197876863
7.4,179620,179090.293091797,0.999999286679727,7.13320266718103e-07,-2.696498827731e-31,0.999999999999994,61.3401306649257,0,8957.46954888415
7.45,179620,178953.105661197,0.999999184910283,8.15089710317367e-07,2.96239139840537e-31,0.999999999999993,68.8379084690801,0,8956.66318301278
7.5,179620,178816.143865561,0.999999088908163,9.11091832390105e-07,-9.95634686707305e-32,0.999999999999996,75.5893155027707,0,8955.86026900186
7.55,179620,178679.40725542,0.999998996860658,1.00313933865136e-06,-2.45331625727707e-31,0.999999999999996,81.7794112592975,0,8955.05925671036
7.6,179620,178542.895382466,0.999998907621253,1.09237874651314e-06,-3.92400526766183e-31,0.999999999999999,87.5273651884809,0,8954.25912623167
7.65,179620,178406.607799548,0.999998820413539,1.17958645736079e-06,1.46644745392334e-31,0.999999999999997,92.9152669091133,0,8953.45915703528
7.7,179620,178270.544060673,0.999998734684736,1.26531526684264e-06,-1.00835935609152e-31,1,98.0025161221139,0,8952.6588128869
7.75,179620,178134.703720996,0.999998650025773,1.34997423453037e-06,-1.08866615842747e-31,1.00000000000001,102.83374076817,0,8951.85767859352
7.8,179620,177999.086336821,0.9999985661245,1.43387548870948e-06,-4.83537436600256e-33,0.999999999999989,107.443480997549,0,8951.05542258148
7.85,179620,177863.691465598,0.999998482736747,1.51726324132186e-06,-1.26200443248359e-31,0.999999999999989,111.859120487024,0,8950.25177344351
7.9,179620,177728.518665915,0.999998399667392,1.60033260477318e-06,-1.41950756241711e-32,0.999999999999997,116.102805690316,0,8949.44650453087
7.95,179620,177593.567497499,0.999998316757741,1.68324225571847e-06,2.02110165385983e-31,0.999999999999997,120.19274993779,0,8948.63942345467
8,179620,177458.837521211,0.999998233876761,1.7661232241607e-06,-7.72599509445056e-32,0.999999999999985,124.144147480789,0,8947.83036465431
8.05,179620,177324.328299041,0.999998150914849,1.84908515834756e-06,-6.70802154371318e-32,1.00000000000001,127.969831258893,0,8947.01918403257
8.1,179620,177190.039394107,0.999998067779116,1.93222089093052e-06,-1.37348667481086e-31,1.00000000000001,131.680757103019,0,8946.20575495243
8.15,179620,177055.970370652,0.999997984390177,2.01560983421676e-06,5.12945561399333e-32,1.00000000000001,135.286367274261,0,8945.38996520531
8.2,179620,176922.120794035,0.999997900679436,2.09932054835777e-06,-4.9640349119985e-32,0.999999999999985,138.794868177216,0,8944.57171465558
6.2,179640,182451.671285486,1.00000000000001,5.22430179322994e-26,-6.25629578057346e-33,1.00000000000001,0,-140.744661957214,9013.45927315704
6.25,179640,182308.930689984,1.00000000000001,1.79238050615421e-26,-1.51494258279875e-32,1.00000000000001,0,-137.149698838534,9010.88306359135
6.3,179640,182166.426874784,1,-3.49432659471091e-26,3.29427551835847e-33,1,0,-133.461483298305,9008.47477263503
6.35,179640,182024.15936143,1.00000000000001,4.80636691559302e-26,2.25226648100644e-32,1.00000000000001,0,-129.672060530711,9006.21156318587
6.4,179640,181882.127672714,0.999999999999996,-4.05027588322027e-26,-4.86718603946308e-33,0.999999999999996,0,-125.772285015123,9004.0743225954
6.45,179640,181740.331332678,0.999999999999995,-9.40740322729659e-26,-2.29892360208191e-32,0.999999999999995,0,-121.751555310847,9002.04691220425
6.5,179640,181598.769866607,0.999999999999995,3.54250886638171e-26,-9.09106934894627e-32,0.999999999999995,0,-117.597467732859,9000.11558593568
6.55,179640,181457.442801026,0.999999999999997,-1.76764076281555e-26,-1.89668266432526e-32,0.999999999999997,0,-113.295356356035,8998.26853331187
6.6,179640,181316.349663693,0.999999999999998,-3.20834628070169e-25,5.66954713674567e-32,0.999999999999998,0,-108.827670131038,8996.49551435837
6.65,179640,181175.489983601,0.999999999999987,2.67982382375877e-25,5.99049157565869e-32,0.999999999999987,0,-104.173110537339,8994.78756198908
6.7,179640,181034.863290971,1.00000000000001,4.70140368992246e-25,4.50311910985909e-32,1.00000000000001,0,-99.3054066339756,8993.1367325404
6.75,179640,180894.469117247,0.999999999999992,-2.02513794161013e-26,-6.53199695056479e-33,0.999999999999992,0,-94.1915217146731,8991.53588775916
6.8,179640,180754.306995095,0.999999999999995,9.25692628654e-26,-1.2147817705466e-31,0.999999999999995,0,-88.7889316219886,8989.97849151914
6.85,179640,180614.376458396,1,-2.94371441937122e-25,2.24207349063513e-31,1,0,-83.0413097321684,8988.45840062331
6.9,179640,180474.677042247,1,-7.31362408019849e-25,-8.50007914865708e-32,1,0,-76.8713046527304,8986.96961752069
6.95,179640,180335.20828295,1,5.24223115778437e-25,4.7335770109288e-32,1,0,-70.1675846283658,8985.50594348218
7,179640,180195.969718017,1,-1.03789060773237e-24,9.16741736525157e-32,1,0,-62.7593575744647,8984.06039160559
7.05,179640,180056.96088616,0.999999999999996,4.19141287592985e-25,1.2490676852763e-31,0.999999999999996,0,-54.3593510680831,8982.62397341195
7.1,179640,179918.181327289,0.999999999999998,1.8528084874866e-24,-3.10817722861428e-32,0.999999999999998,0,-44.4082949895499,8981.18250931256
7.15,179640,179779.630582509,1.00000000000001,1.51028442450738e-24,-2.26857880023093e-31,1.00000000000001,0,-31.4676068628886,8979.70436908448
7.2,179640,179641.308194116,0.999999999999998,7.19917265333736e-26,5.57835367282543e-32,0.999999999999998,0,-3.04637026820577,8977.93703865116
7.25,179640,179503.213705592,0.999999695510598,3.04489397952033e-07,-3.11754399913321e-32,0.999999999999996,31.1559400192867,0,8976.44151992197
7.3,179640,179365.346661604,0.999999557330339,4.42669666679525e-07,-1.70793340179271e-31,1.00000000000001,44.1554998229431,0,8975.17022311361
7.35,179640,179227.706607998,0.999999443908347,5.56091644569907e-07,-1.95139874267739e-31,0.999999999999992,54.1088335173967,0,8973.94061633754
7.4,179640,179090.293091797,0.999999342035219,6.57964787439419e-07,3.97857996079857e-32,1.00000000000001,62.4889209313047,0,8972.73963451313
7.45,179640,178953.105661197,0.999999246764568,7.53235423036252e-07,2.19493477616977e-31,0.999999999999991,69.864195633821,0,8971.56148874373
7.5,179640,178816.143865561,0.999999155634879,8.44365106703153e-07,-8.98927199387257e-32,0.999999999999985,76.5257289267132,0,8970.4026850683
7.55,179640,178679.40725542,0.999999067224694,9.3277532133326e-07,2.03029169285954e-32,1.00000000000002,82.6462876138476,0,8969.26075783113
7.6,179640,178542.895382466,0.999998980632325,1.01936767565768e-06,2.9142320594165e-31,1,88.3383857025531,0,8968.13380310433
7.65,179640,178406.607799548,0.999998895247357,1.10475264220465e-06,1.95040904616974e-31,0.999999999999999,93.6801544520446,0,8967.02026696411
7.7,179640,178270.544060673,0.999998810635901,1.18936409595759e-06,-2.68052229839304e-31,0.999999999999997,98.7284723963089,0,8965.91883494674
7.75,179640,178134.703720996,0.999998726477775,1.27352222287628e-06,-6.9877875386467e-32,0.999999999999998,103.526275497069,0,8964.82836803347
7.8,179640,177999.086336821,0.999998642529469,1.35747055268492e-06,3.17381531485453e-31,1.00000000000002,108.106920544719,0,8963.74786243292
7.85,179640,177863.691465598,0.999998558601029,1.44139897577119e-06,2.60954692027218e-31,1,112.496935425752,0,8962.67642265734
7.9,179640,177728.518665915,0.999998474541295,1.52545868739503e-06,-1.1862219570398e-32,0.999999999999983,116.717830329696,0,8961.61324246703
7.95,179640,177593.567497499,0.999998390227751,1.6097722436613e-06,3.82871163249559e-32,0.999999999999995,120.787334391302,0,8960.55759084845
8,179640,177458.837521211,0.999998305559466,1.69444053739764e-06,-3.29427551835844e-32,1,124.720265995163,0,8959.50880126577
8.05,179640,177324.328299041,0.999998220452243,1.77954776079046e-06,-2.34331855971129e-31,1,128.529161256931,0,8958.46626319563
8.1,179640,177190.039394107,0.999998134834972,1.86516501663131e-06,-8.27951821266397e-32,0.999999999999989,132.224738068925,0,8957.42941531621
8.15,179640,177055.970370652,0.999998048646947,1.95135299580397e-06,-3.75519132049788e-32,0.999999999999943,135.816245427456,0,8956.39773989834
8.2,179640,176922.120794035,0.999997961836016,2.03816399764103e-06,3.54848613561204e-31,1.00000000000001,139.3117309132,0,8955.3707580522
6.2,179660,182451.671285486,0.999999999999996,-2.14031210254633e-26,1.69308795417779e-33,0.999999999999996,0,-140.246647553282,9056.67938761071
6.25,179660,182308.930689984,1,2.07999160474306e-26,2.21267862069998e-33,1,0,-136.638218696462,9051.64785259861
6.3,179660,182166.426874784,1,-5.72257134305645e-27,-1.45025884676231e-32,1,0,-132.935440259672,9047.03909643439
6.35,179660,182024.15936143,1.00000000000001,-3.26916713286461e-26,-6.0437761287051e-33,1.00000000000001,0,-129.130198134314,9042.79287920079
6.4,179660,181882.127672714,0.999999999999989,-8.67670054576577e-26,-1.1924959259723e-32,0.999999999999989,0,-125.213153063969,9038.85962474767
6.45,179660,181740.331332678,1.00000000000001,-3.91443894039449e-26,-3.51907801081296e-32,1.00000000000001,0,-121.173465233049,9035.19813892683
6.5,179660,181598.769866607,1.00000000000001,-1.42048749542734e-25,8.14378840589898e-33,1.00000000000001,0,-116.998433776546,9031.7738840342
6.55,179660,181457.442801026,1.00000000000001,-7.33000605256655e-26,4.19313202513801e-32,1.00000000000001,0,-112.673016704011,9028.55765558679
6.6,179660,181316.349663693,1.00000000000001,-2.41875003787477e-26,-4.41970183278478e-32,1.00000000000001,0,-108.17917886181,9025.52455338962
6.65,179660,181175.489983601,1.00000000000001,1.8094296176685e-26,3.78488221572771e-32,1.00000000000001,0,-103.494986077575,9022.65316954088
6.7,179660,181034.863290971,0.999999999999996,2.54700753873389e-25,2.65272905785089e-32,0.999999999999996,0,-98.5933131678829,9019.92493627515
6.75,179660,180894.469117247,0.999999999999995,-2.36497121003296e-25,-1.69096717594708e-32,0.999999999999995,0,-93.4399433193945,9017.32358965398
6.8,179660,180754.306995095,0.999999999999989,2.06620406238803e-25,6.17429235565293e-32,0.999999999999989,0,-87.9906668490343,9014.8347123124
6.85,179660,180614.376458396,1.00000000000001,5.04505447679305e-25,1.36698295490338e-31,1.00000000000001,0,-82.1866487016149,9012.44531947822
6.9,179660,180474.677042247,0.999999999999993,-3.07654923603906e-25,-2.78316796475906e-32,0.999999999999993,0,-75.9466049935689,9010.14344407855
6.95,179660,180335.20828295,1,7.57870070095976e-25,2.2904404891591e-33,1,0,-69.1526043714806,9007.91764808326
7,179660,180195.969718017,1,1.01428870727086e-24,6.47544286441275e-32,1,0,-61.6216954422084,9005.75630334779
7.05,179660,180056.96088616,0.999999999999995,-3.60551645241276e-26,-1.12288138054948e-31,0.999999999999995,0,-53.0409206301259,9003.64621248151
7.1,179660,179918.181327289,0.999999999999997,-1.00100522560407e-24,-7.57259213576303e-32,0.999999999999997,0,-42.783184814558,9001.56901772671
7.15,179660,179779.630582509,1,3.75732767146172e-25,1.76986012612923e-31,1,0,-29.1276285758218,8999.48650589424
7.2,179660,179641.308194116,0.999999902246798,9.7753194854461e-08,1.42304219280162e-31,0.999999999999993,11.5154999067513,0,8997.07802547663
7.25,179660,179503.213705592,0.999999707133144,2.92866863488594e-07,-9.30456102417036e-32,1.00000000000001,33.3567846702576,0,8995.17104698724
7.3,179660,179365.346661604,0.99999958516223,4.14837776570888e-07,1.60719643583433e-32,1.00000000000001,45.7360451421864,0,8993.38485864082
7.35,179660,179227.706607998,0.999999481374845,5.18625165324141e-07,1.03790886610598e-31,1.00000000000001,55.4070257391827,0,8991.66335472562
7.4,179660,179090.293091797,0.999999386093421,6.13906577647041e-07,9.27911168540192e-32,0.999999999999998,63.6170783064351,0,8989.99356599843
7.45,179660,178953.105661197,0.999999295520753,7.04479247763541e-07,-1.26398382549891e-32,1,70.8757209593268,0,8988.36852661279
7.5,179660,178816.143865561,0.999999207735826,7.92264165593544e-07,1.80775136385112e-31,0.999999999999992,77.4509106142215,0,8986.7833996983
7.55,179660,178679.40725542,0.999999121623154,8.78376842389384e-07,-1.06972053956652e-31,0.999999999999996,83.5042478034715,0,8985.23440577444
7.6,179660,178542.895382466,0.999999036474963,9.63525026312976e-07,4.31012829086513e-31,0.999999999999989,89.1421051550076,0,8983.71840431859
7.65,179660,178406.607799548,0.999998951813351,1.0481866683914e-06,1.86628484301846e-33,1.00000000000002,94.4389201523505,0,8982.23269288531
7.7,179660,178270.544060673,0.99999886730001,1.13269998245296e-06,1.688705012501e-31,0.999999999999993,99.4491987998172,0,8980.77489565542
7.75,179660,178134.703720996,0.999998782686795,1.2173132213166e-06,2.47113079441497e-31,1.00000000000002,104.214274347255,0,8979.34289446046
7.8,179660,177999.086336821,0.999998697785946,1.30221408525038e-06,-7.97695385175036e-32,1.00000000000003,108.766376737851,0,8977.93478246928
7.85,179660,177863.691465598,0.999998612451969,1.38754802956323e-06,-6.38778403087703e-32,0.999999999999999,113.131215405667,0,8976.54883082682
7.9,179660,177728.518665915,0.999998526569856,1.47343014958039e-06,-4.53394108681196e-31,1.00000000000001,117.329689832443,0,8975.18346365423
7.95,179660,177593.567497499,0.999998440046854,1.55995317379511e-06,-9.03451526279418e-33,1.00000000000003,121.379062977747,0,8973.83723829511
8,179660,177458.837521211,0.999998352807053,1.64719299402113e-06,-1.74115892740705e-31,1.00000000000005,125.29379039267,0,8972.50882950538
8.05,179660,177324.328299041,0.999998264787437,1.7352125913945e-06,5.27366853368114e-32,1.00000000000003,129.086121004116,0,8971.19701619386
8.1,179660,177190.039394107,0.999998175935121,1.82406488196436e-06,-7.39656754261469e-32,1,132.76654202644,0,8969.90067048716
8.15,179660,177055.970370652,0.999998086205181,1.9137948189676e-06,-1.4210407083464e-31,1,136.344114755348,0,8968.61874822125
8.2,179660,176922.120794035,0.999997995559037,2.00444097265803e-06,1.93358420553949e-31,1.00000000000001,139.826732275874,0,8967.35028082411
6.2,179680,182451.671285486,1.00000000000001,3.65443998980161e-27,3.41975489700837e-33,1.00000000000001,0,-139.746808755574,9111.00166298028
6.25,179680,182308.930689984,1.00000000000002,1.0915137697734e-26,7.71709224416956e-34,1.00000000000002,0,-136.124765767194,9102.39544230456
6.3,179680,182166.426874784,0.999999999999997,-5.09643345687279e-27,1.40103911865808e-33,0.999999999999997,0,-132.407254945237,9094.63457576508
6.35,179680,182024.15936143,0.999999999999994,3.70447542576744e-27,5.97352534981307e-34,0.999999999999994,0,-128.585998433219,9087.58920783619
6.4,179680,181882.127672714,0.999999999999906,-6.6862167764727e-27,-2.5719958907248e-33,0.999999999999906,0,-124.651457513154,9081.154484184
6.45,179680,181740.331332678,0.999999999999919,5.93012574410004e-28,7.93171058282873e-33,0.999999999999919,0,-120.592546506496,9075.24478741168
6.5,179680,181598.769866607,0.999999999999988,8.67280890074618e-28,1.47005277691553e-32,0.999999999999988,0,-116.396257406565,9069.78949138988
6.55,179680,181457.442801026,0.999999999999949,7.41636350871501e-27,-1.32637005178542e-32,0.999999999999949,0,-112.047158644905,9064.72978484258
6.6,179680,181316.349663693,0.999999999999974,5.91027372158946e-26,1.89085052419083e-32,0.999999999999974,0,-107.526712220452,9060.01626005187
6.65,179680,181175.489983601,0.999999999999986,-4.4016358335582e-26,3.79619303295813e-33,0.999999999999986,0,-102.81232162945,9055.60705589886
6.7,179680,181034.863290971,0.999999999999949,-2.15597134083935e-25,-3.65233357630879e-32,0.999999999999949,0,-97.8759682986411,9051.46640620396
6.75,179680,180894.469117247,1.00000000000002,-7.33111795114357e-26,-2.93338975610051e-32,1.00000000000002,0,-92.6821957512996,9047.56348481096
6.8,179680,180754.306995095,1,-1.39357954986349e-26,7.31456411769417e-32,1,0,-87.1850141166229,9043.87146447068
6.85,179680,180614.376458396,0.999999999999985,1.77696217921955e-25,8.8111266224935e-32,0.999999999999985,0,-81.3229210645844,9040.36672014941
6.9,179680,180474.677042247,1.00000000000002,-5.26417262303754e-25,3.09633621682618e-32,1.00000000000002,0,-75.0104146562456,9037.0281070877
6.95,179680,180335.20828295,1,4.72038009230357e-25,1.19894662642402e-32,1,0,-68.1224017404488,9033.83621909464
7,179680,180195.969718017,0.999999999999987,9.63764035931127e-25,-2.11512282208766e-32,0.999999999999987,0,-60.4625165444414,9030.77244505779
7.05,179680,180056.96088616,0.999999999999976,-4.00283487726742e-27,-5.35567195860164e-32,0.999999999999976,0,-51.6887381226782,9027.81733665366
7.1,179680,179918.181327289,0.999999999999961,-2.51710117334068e-24,-5.9155574115072e-32,0.999999999999961,0,-41.0936895343381,9024.94647352244
7.15,179680,179779.630582509,0.999999999999994,-1.58595282900209e-24,1.67682865440906e-32,0.999999999999994,0,-26.5822006596494,9022.1123490722
7.2,179680,179641.308194116,0.99999987271619,1.27283810572931e-07,-9.90968974599757e-32,1,16.5682728217015,0,9019.03484943217
7.25,179680,179503.213705592,0.999999716301603,2.8369836516569e-07,-1.94263285932383e-32,0.999999999999968,35.4213407681362,0,9016.48202678884
7.3,179680,179365.346661604,0.999999606026845,3.93973157727309e-07,-7.05088069101012e-32,1,47.2639111376456,0,9014.06674160013
7.35,179680,179227.706607998,0.9999995090996,4.90900397160088e-07,-1.47839450462297e-31,0.999999999999997,56.6756115534551,0,9011.74771757319
7.4,179680,179090.293091797,0.999999418289476,5.81710526330409e-07,1.29176602032112e-31,1,64.7256816824918,0,9009.51089970403
7.45,179680,178953.105661197,0.999999330649077,6.69350926971563e-07,-3.02574964804762e-31,1,71.8731077123875,0,9007.34739780668
7.5,179680,178816.143865561,0.999999244668635,7.55331356699926e-07,1.16873437321247e-31,0.999999999999991,78.3652583726236,0,9005.25041438233
7.55,179680,178679.40725542,0.999999159469357,8.40530625533873e-07,1.39617900187939e-31,0.999999999999982,84.3535638876298,0,9003.21431850348
7.6,179680,178542.895382466,0.999999074495272,9.25504714786615e-07,1.38674153875276e-31,0.999999999999986,89.9387192795534,0,9001.23425770793
7.65,179680,178406.607799548,0.999998989373164,1.01062684105398e-06,-5.98059461058213e-33,1.00000000000001,95.1917104003799,0,8999.30595773209
7.7,179680,178270.544060673,0.999998903841045,1.09615899664586e-06,-9.04582608002461e-32,1.00000000000004,100.164808225866,0,8997.42560272491
7.75,179680,178134.703720996,0.999998817708316,1.18229169783471e-06,-1.2297686033769e-31,1.00000000000001,104.89782656792,0,8995.58975559457
7.8,179680,177999.086336821,0.999998730832455,1.26916752856192e-06,-3.84567785834113e-33,0.999999999999983,109.421921596785,0,8993.79530062128
7.85,179680,177863.691465598,0.999998643104178,1.35689580314704e-06,-1.4781824267999e-31,0.999999999999981,113.762019554293,0,8992.03939977941
7.9,179680,177728.518665915,0.999998554437915,1.44556207739545e-06,1.37030550746481e-31,0.999999999999992,117.93843346038,0,8990.31945808773
7.95,179680,177593.567497499,0.999998464765462,1.53523452669215e-06,-3.25836367365189e-31,0.999999999999988,121.96797726295,0,8988.63309526438
8,179680,177458.837521211,0.999998374031671,1.62596834652584e-06,-1.06378236052056e-31,1.00000000000002,125.864756134965,0,8986.97812208264
8.05,179680,177324.328299041,0.999998282191138,1.71780886132854e-06,-1.00100732489175e-32,0.999999999999999,129.640741049548,0,8985.35252026731
8.1,179680,177190.039394107,0.999998189206232,1.81079376635822e-06,1.49755220130698e-31,0.999999999999998,133.306195520019,0,8983.7544252296
8.15,179680,177055.970370652,0.999998095045229,1.90495477485243e-06,-2.34614626401889e-31,1,136.869998500403,0,8982.1821110602
8.2,179680,176922.120794035,0.999997999681149,2.00031884643632e-06,3.43481242244636e-31,0.999999999999996,140.339892757155,0,8980.63397741904
6.2,179700,182451.671285486,1.00000000000001,-5.19117648145625e-28,-1.61815379002629e-32,1.00000000000001,0,-139.245125917403,9180.49946804821
6.25,179700,182308.930689984,1.00000000000001,4.82656640640886e-27,-3.9941323344904e-33,1.00000000000001,0,-135.609317642259,9166.56487645962
6.3,179700,182166.426874784,1,2.77974644254683e-28,3.58234789469559e-33,1,0,-131.876901614685,9154.19400197517
6.35,179700,182024.15936143,0.999999999999993,-1.44509751726536e-26,8.74821020164936e-35,0.999999999999993,0,-128.039431625054,9143.12412579697
6.4,179700,181882.127672714,1.00000000000001,-2.42727459363192e-26,-1.30516226947839e-33,1.00000000000001,0,-124.087163549372,9133.14790780072
6.45,179700,181740.331332678,1.00000000000001,-2.01994908158405e-26,4.97388769419532e-34,1.00000000000001,0,-120.008758053835,9124.09949969047
6.5,179700,181598.769866607,1.00000000000003,3.83646705268105e-26,-4.23934731741541e-34,1.00000000000003,0,-115.790889596105,9115.8446307656
6.55,179700,181457.442801026,0.999999999999963,-2.26308423709215e-26,-4.70856950095843e-33,0.999999999999963,0,-111.417722887734,9108.27339856993
6.6,179700,181316.349663693,1.00000000000002,-3.37720661126494e-26,-9.45822908013674e-33,1.00000000000002,0,-106.870197395385,9101.29493793256
6.65,179700,181175.489983601,1,-2.99186426066687e-26,-7.44039695938255e-33,1,0,-102.125026149073,9094.83341690824
6.7,179700,181034.863290971,0.999999999999997,3.52990734917552e-26,1.58351441225814e-33,0.999999999999997,0,-97.1532557028997,9088.82498338753
6.75,179700,180894.469117247,1.00000000000002,1.1332470296975e-25,1.03034475708314e-32,1.00000000000002,0,-91.9181264396847,9083.21539936191
6.8,179700,180754.306995095,1,-2.62497016062585e-25,3.71304085316265e-32,1,0,-86.3717666863021,9077.95817320815
6.85,179700,180614.376458396,0.999999999999986,-2.24344069556482e-25,1.66162974375569e-32,0.999999999999986,0,-80.4498347982189,9073.01304492086
6.9,179700,180474.677042247,0.999999999999997,3.16579762848777e-25,1.98716920216858e-32,0.999999999999997,0,-74.062297895598,9068.34469986163
6.95,179700,180335.20828295,1,-2.19622206932742e-25,-1.91152811194018e-32,1,0,-67.076275352538,9063.921573166
7,179700,180195.969718017,0.999999999999962,1.75679975169005e-27,-2.13279597401018e-32,0.999999999999962,0,-59.2805586706825,9059.71451942951
7.05,179700,180056.96088616,1.00000000000001,1.41196293967021e-25,5.67873717574537e-32,1.00000000000001,0,-50.3000816184136,9055.69477965419
7.1,179700,179918.181327289,0.999999999999988,-3.39914807651811e-25,3.79530937536199e-33,0.999999999999988,0,-39.3315129875201,9051.82907972101
7.15,179700,179779.630582509,1,-5.08745487586335e-25,1.01373199427597e-32,1,0,-23.7653995981401,9048.05646106908
7.2,179700,179641.308194116,0.999999855183246,1.44816756785364e-07,1.64006849841022e-33,1,20.4064305247184,0,9044.14615989288
7.25,179700,179503.213705592,0.999999721255622,2.78744397535416e-07,6.02760519469599e-32,1.00000000000002,37.3722021468406,0,9040.78519363504
7.3,179700,179365.346661604,0.999999618803085,3.81196914033243e-07,-3.65692859580864e-32,0.999999999999999,48.744051708346,0,9037.59889313803
7.35,179700,179227.706607998,0.999999526124025,4.73875976197834e-07,8.2579569673185e-32,1,57.9165364614945,0,9034.55149491391
7.4,179700,179090.293091797,0.999999437688991,5.62311013522944e-07,-2.69904376160785e-32,1,65.815719172568,0,9031.62648459646
7.45,179700,178953.105661197,0.999999351173343,6.48826653330987e-07,8.41224358360212e-32,0.999999999999996,72.8569365520683,0,9028.81205094261
7.5,179700,178816.143865561,0.999999265376228,7.34623786920784e-07,-9.8571121190281e-32,1.00000000000002,79.2691471019308,0,9026.09859344743
7.55,179700,178679.40725542,0.99999917959944,8.20400573906565e-07,2.36643504242595e-31,1.00000000000001,85.1944943896492,0,9023.47789533411
7.6,179700,178542.895382466,0.999999093404286,9.06595714960184e-07,1.99543140069237e-31,1,90.7284152350725,0,9020.94274495235
7.65,179700,178406.607799548,0.999999006499379,9.93500620767374e-07,-2.5327394020169e-32,1,95.9386658567707,0,9018.48672250094
7.7,179700,178270.544060673,0.99999891868283,1.08131717041829e-06,-1.48572444438283e-31,1,100.875409573891,0,9016.10406163026
7.75,179700,178134.703720996,0.999998829810072,1.1701899372124e-06,3.3086570457354e-32,1.00000000000001,105.577018527405,0,9013.78955056777
7.8,179700,177999.086336821,0.999998739774696,1.26022530431057e-06,2.49770237833049e-31,1,110.073625003521,0,9011.53845673865
7.85,179700,177863.691465598,0.999998648496627,1.35150336023255e-06,-7.22178007010092e-32,0.999999999999988,114.389405374383,0,9009.34646671947
7.9,179700,177728.518665915,0.9999985559144,1.44408559635396e-06,1.42834413837838e-32,0.999999999999996,118.544109215093,0,9007.20963693464
7.95,179700,177593.567497499,0.999998461979946,1.53802004824127e-06,3.68131754546172e-32,0.999999999999994,122.554117817926,0,9005.12435232737
8,179700,177458.837521211,0.999998366655172,1.63334482410456e-06,-1.60740851365739e-31,0.999999999999996,126.433197886295,0,9003.08729115983
8.05,179700,177324.328299041,0.99999826990941,1.73009058083271e-06,3.9149566138775e-32,0.999999999999991,130.193051294471,0,9001.0953947136
8.1,179700,177190.039394107,0.999998171717706,1.82828229670378e-06,-7.8044638889866e-33,1,133.843724561443,0,8999.14584096375
8.15,179700,177055.970370652,0.999998072059437,1.92794056110501e-06,-9.48694795201084e-33,0.999999999999998,137.39391946243,0,8997.23602155904
8.2,179700,176922.120794035,0.999997970917467,2.02908252784862e-06,-1.42995239520333e-31,0.999999999999994,140.851232477567,0,8995.36352156836
6.2,179720,182451.671285486,1,-2.22843006477507e-27,6.8076981205562e-32,1,0,-138.741579034885,9271.51997559432
6.25,179720,182308.930689984,1,-2.04288198973506e-27,-7.28982170500264e-32,1,0,-135.091851483422,9249.38277794955
6.3,179720,182166.426874784,0.999999999999993,-9.31620437942734e-28,7.15974730685286e-32,0.999999999999993,0,-131.344354005422,9230.07680020719
6.35,179720,182024.15936143,1.00000000000001,4.28080952152217e-28,-6.82607819855562e-32,1.00000000000001,0,-127.490467265616,9213.0750628399
6.4,179720,181882.127672714,1,-6.57688008306587e-27,2.96908952298403e-33,1,0,-123.520235560598,9197.97330231033
6.45,179720,181740.331332678,1.00000000000001,-1.24226868517419e-26,5.82595453125999e-33,1.00000000000001,0,-119.42205778956,9184.45618758218
6.5,179720,181598.769866607,1,-4.29072395050057e-26,6.22094947672836e-34,1,0,-115.182280025059,9172.27410728223
6.55,179720,181457.442801026,1,3.86514477014665e-26,2.47070663876883e-33,1,0,-110.784648451203,9161.22685769669
6.6,179720,181316.349663693,1,-1.16526970871565e-26,8.13318451474551e-33,1,0,-106.20955931733,9151.15194789376
6.65,179720,181175.489983601,0.999999999999996,3.63220201826123e-26,6.9995622761151e-33,0.999999999999996,0,-101.43300549886,9141.91606133337
6.7,179720,181034.863290971,0.999999999999998,-9.90775758695503e-26,-1.13903464140666e-33,0.999999999999998,0,-96.4250546862652,9133.40871596129
6.75,179720,180894.469117247,1,-3.07002609772055e-25,4.15937630496598e-33,1,0,-91.1475764034949,9125.53747902987
6.8,179720,180754.306995095,0.999999999999993,-1.60839835494351e-25,5.30548020714166e-33,0.999999999999993,0,-85.5507079721113,9118.22429226056
6.85,179720,180614.376458396,1,-3.87237211089728e-26,-1.87582834505668e-32,1,0,-79.5670818275645,9111.40258857817
6.9,179720,180474.677042247,1,-4.52231389245063e-25,2.86550828413809e-32,1,0,-73.1017906625542,9105.01495376416
6.95,179720,180335.20828295,0.999999999999996,-1.59876190060935e-25,-2.33749525615282e-33,0.999999999999996,0,-66.0134681728319,9099.0111049904
7,179720,180195.969718017,0.999999999999994,6.52432434365878e-25,-1.9963592411683e-32,0.999999999999994,0,-58.074431012592,9093.34588071341
7.05,179720,180056.96088616,1.00000000000001,6.66412705807594e-25,3.59330524888756e-32,1.00000000000001,0,-48.8718420729525,9087.9765509727
7.1,179720,179918.181327289,1,-1.22563838879058e-24,1.32053791165098e-32,1,0,-37.4864066816951,9082.85678967146
7.15,179720,179779.630582509,0.999999999999995,8.45042918534242e-26,1.1091670146576e-32,0.999999999999995,0,-20.5660211246321,9077.90551902123
7.2,179720,179641.308194116,0.999999840844825,1.59155178714479e-07,3.14529084765157e-32,1,23.6294512314561,0,9072.95089428279
7.25,179720,179503.213705592,0.999999720156029,2.79843971736884e-07,-8.83516210910813e-32,1,39.2263357709225,0,9068.58372173026
7.3,179720,179365.346661604,0.999999621991964,3.78008038622222e-07,-2.91253543683191e-33,1,50.1806901905944,0,9064.44819930736
7.35,179720,179227.706607998,0.999999530965352,4.69034646286141e-07,-1.60048063810377e-32,0.999999999999998,59.1315419507626,0,9060.50881093545
7.4,179720,179090.293091797,0.999999442722798,5.57277200622473e-07,4.94848253830668e-33,0.999999999999999,66.8880984560376,0,9056.74483996278
7.45,179720,178953.105661197,0.999999355388439,6.4461155725456e-07,-6.82766878222864e-32,0.999999999999996,73.8277494987592,0,9053.14018645843
7.5,179720,178816.143865561,0.999999267988789,7.32011196039624e-07,1.50122821690687e-31,0.999999999999985,80.1629305998155,0,9049.68127966113
7.55,179720,178679.40725542,0.999999179960859,8.20039144542163e-07,-5.50836799121223e-32,1,86.0272852211115,0,9046.35630128474
7.6,179720,178542.895382466,0.999999090954806,9.0904516809612e-07,5.44827927467568e-32,0.999999999999974,91.5113721224354,0,9043.15478970339
7.65,179720,178406.607799548,0.999999000742135,9.99257867471139e-07,-7.78891151529472e-32,1,96.6799217615739,0,9040.06739450139
7.7,179720,178270.544060673,0.99999890916756,1.09083243702131e-06,2.01579970828307e-32,0.999999999999997,101.581107944604,0,9037.08570425364
7.75,179720,178134.703720996,0.999998816122597,1.18387739418924e-06,2.66199199860227e-31,0.999999999999992,106.251933841752,0,9034.20211602846
7.8,179720,177999.086336821,0.999998721529555,1.27847043868752e-06,1.27350081780919e-31,0.999999999999994,110.721554790062,0,9031.40973157143
7.85,179720,177863.691465598,0.999998625331682,1.37466830120338e-06,1.45524267560446e-31,0.999999999999983,115.013428805788,0,9028.70227211256
7.9,179720,177728.518665915,0.999998527486951,1.47251308955536e-06,9.07339619702375e-32,1.00000000000004,119.146763882669,0,9026.07400696602
7.95,179720,177593.567497499,0.999998427963493,1.57203650404694e-06,-1.45598494798521e-31,0.999999999999998,123.137524251951,0,9023.51969280273
8,179720,177458.837521211,0.999998326737301,1.67326270575059e-06,2.91553987265878e-32,1.00000000000001,126.999149538431,0,9021.03452147424
8.05,179720,177324.328299041,0.999998223789676,1.77621031246081e-06,-1.26239324182588e-31,0.999999999999988,130.743081011408,0,9018.61407478528
8.1,179720,177190.039394107,0.999998119106196,1.88089381058409e-06,2.10554397374565e-31,1.00000000000001,134.379154644731,0,9016.25428506676
8.15,179720,177055.970370652,0.999998012675443,1.98732457024128e-06,1.09902262545407e-31,1.00000000000001,137.915900010347,0,9013.95140060263
8.2,179720,176922.120794035,0.999997904488413,2.09551158379011e-06,-1.22476710138283e-31,0.999999999999997,141.36077119565,0,9011.70195520036
6.2,179740,182451.671285486,1.00000000000001,-1.24625298840851e-27,8.08723431974693e-32,1.00000000000001,0,-138.236147737783,9394.52789736126
6.25,179740,182308.930689984,1.00000000000001,1.88096175945671e-28,-6.54896317641043e-32,1.00000000000001,0,-134.572344011051,9359.19816310765
6.3,179740,182166.426874784,1,2.03292123164927e-27,1.21410577248557e-31,1,0,-130.809585317611,9329.05651891736
6.35,179740,182024.15936143,0.999999999999997,-1.55072209094372e-28,-1.95224705396968e-31,0.999999999999997,0,-126.93907424933,9303.01782562183
6.4,179740,181882.127672714,0.999999999999995,2.75380214241642e-27,-4.11819786098651e-32,0.999999999999995,0,-122.950637110182,9280.27930610946
6.45,179740,181740.331332678,1.00000000000002,3.12489829249643e-27,-4.77882027985045e-32,1.00000000000002,0,-118.832402585001,9260.23428356053
6.5,179740,181598.769866607,0.999999999999995,-1.48809092891009e-27,-2.93232936698516e-32,0.999999999999995,0,-114.570377031723,9242.41571299924
6.55,179740,181457.442801026,0.999999999999994,-1.17546211233832e-26,1.82528313055826e-32,0.999999999999994,0,-110.147872595425,9226.45815206587
6.6,179740,181316.349663693,1,-3.08737171552205e-26,-7.70902886860493e-33,1,0,-105.544720560024,9212.07150539934
6.65,179740,181175.489983601,0.999999999999994,5.6061926253285e-26,-7.47121451804744e-33,0.999999999999994,0,-100.736162298262,9199.02249358891
6.7,179740,181034.863290971,1,2.11464577706016e-26,-3.20237512836134e-33,1,0,-95.6912399497517,9187.12131164339
6.75,179740,180894.469117247,0.999999999999995,8.46673703113871e-26,-1.26822538196031e-32,0.999999999999995,0,-90.3703798676547,9176.21184535667
6.8,179740,180754.306995095,0.999999999999993,3.12307292566582e-25,1.17614826044396e-33,0.999999999999993,0,-84.7216108708994,9166.16436673521
6.85,179740,180614.376458396,1,4.77582676801091e-25,-1.78962754655457e-33,1,0,-78.6743367620801,9156.8699724315
6.9,179740,180474.677042247,1,-3.75940321547217e-25,3.93227630276139e-35,1,0,-72.1283979607504,9148.23623690628
6.95,179740,180335.20828295,1.00000000000001,-7.52918415099653e-25,-3.25097629614826e-33,1.00000000000001,0,-64.9331611273501,9140.18365385306
7,179740,180195.969718017,1.00000000000001,-1.55962307069831e-26,3.18116734605433e-34,1.00000000000001,0,-56.8425950345892,9132.64240174471
7.05,179740,180056.96088616,1,1.39604611154018e-24,1.31558942911268e-32,1,0,-47.4004415492505,9125.5485412584
7.1,179740,179918.181327289,0.999999999999992,-4.5733129738499e-25,-4.08532579841063e-32,0.999999999999992,0,-35.5454587196942,9118.83626309856
7.15,179740,179779.630582509,0.999999999999998,2.04479630845183e-24,1.21732670442344e-32,0.999999999999998,0,-16.7664669034228,9112.39288768132
7.2,179740,179641.308194116,0.999999824897198,1.75102779277444e-07,1.8521463214805e-33,0.999999999999977,26.463056144709,0,9106.12443392679
7.25,179740,179503.213705592,0.999999710714786,2.89285212343189e-07,-3.16800084787201e-32,0.999999999999998,40.9968676357631,0,9100.50071367625
7.3,179740,179365.346661604,0.999999613362931,3.8663706800936e-07,1.06321681965904e-32,0.999999999999999,51.5774618337095,0,9095.18968126399
7.35,179740,179227.706607998,0.999999521238561,4.78761420843281e-07,-5.02836518499649e-32,0.999999999999981,60.3221942430875,0,9090.15162247856
7.4,179740,179090.293091797,0.999999430783923,5.69216074695928e-07,-2.82770430760373e-35,0.999999999999998,67.9436556556597,0,9085.35926568906
7.45,179740,178953.105661197,0.999999340435466,6.59564520224076e-07,-8.85071448279994e-32,0.999999999999987,74.7860534400608,0,9080.79030116173
7.5,179740,178816.143865561,0.999999249380798,7.50619197517789e-07,5.58754371182516e-32,0.999999999999996,81.0469431876526,0,9076.42554492363
7.55,179740,178679.40725542,0.999999157154042,8.4284596200994e-07,-6.30295290164891e-32,1,86.8521705265272,0,9072.24815420037
7.6,179740,178542.895382466,0.999999063470324,9.36529680465176e-07,-5.58330215536375e-32,1,92.2877614618559,0,9068.24317703225
7.65,179740,178406.607799548,0.999998968147528,1.03185248235233e-06,-1.03932271825978e-31,1.00000000000001,97.4156082221712,0,9064.39724627574
7.7,179740,178270.544060673,0.999998871065418,1.12893458575306e-06,2.06761738971991e-31,1,102.282004822882,0,9060.69835074065
7.75,179740,178134.703720996,0.999998772142805,1.2278571966421e-06,9.73578593107994e-32,1,106.922653495914,0,9057.13565424512
7.8,179740,177999.086336821,0.999998671323916,1.32867608295429e-06,7.32375415669385e-33,0.999999999999999,111.365776821591,0,9053.69934773884
7.85,179740,177863.691465598,0.999998568570021,1.43142997484688e-06,1.48878631795341e-32,0.999999999999996,115.634144284263,0,9050.38052578687
7.9,179740,177728.518665915,0.99999846385404,1.53614594756856e-06,-3.35507116097193e-32,0.999999999999988,119.746443076319,0,9047.17108198499
7.95,179740,177593.567497499,0.999998357157028,1.64284296650155e-06,-2.28280568752857e-31,0.999999999999995,123.718235244161,0,9044.06361943522
8,179740,177458.837521211,0.999998248465727,1.75153427627359e-06,2.41531787607165e-31,1,127.562644234542,0,9041.05137354966
8.05,179740,177324.328299041,0.999998137770959,1.86222904166474e-06,-8.51987307881033e-32,1,131.290858862505,0,9038.12814505813
8.1,179740,177190.039394107,0.999998025066516,1.97493349126125e-06,2.07921097738109e-31,1.00000000000001,134.912510760439,0,9035.28824158763
8.15,179740,177055.970370652,0.999997910348282,2.08965172523243e-06,4.56815630893396e-32,1.00000000000001,138.435962093496,0,9032.52642648709
8.2,179740,176922.120794035,0.999997793613701,2.20638629081635e-06,-8.63722280757587e-32,0.999999999999992,141.868528317001,0,9029.83787383081
6.2,179760,182451.671285486,1.00000000000001,-1.17527679590881e-26,-7.0952756486395e-31,1.00000000000001,0,-137.728811280089,9568.09030450723
6.25,179760,182308.930689984,1,-2.69635404927047e-28,1.05331985458242e-30,1,0,-134.050771492128,9510.22321858947
6.3,179760,182166.426874784,1,-9.53916320867329e-28,7.7569584566188e-31,1,0,-130.272568198709,9462.26028617535
6.35,179760,182024.15936143,1.00000000000001,2.90037585587655e-27,9.61419464585296e-32,1.00000000000001,0,-126.38522078902,9421.83299388852
6.4,179760,181882.127672714,0.999999999999994,-1.08873402333085e-27,1.44382581946251e-31,0.999999999999994,0,-122.378330909921,9387.2715771699
6.45,179760,181740.331332678,1.00000000000001,-1.68498963525715e-27,-1.50083940756457e-31,1.00000000000001,0,-118.239748231813,9357.36501343002
6.5,179760,181598.769866607,0.999999999999992,-1.09799984480601e-26,-1.42799067533993e-32,0.999999999999992,0,-113.955127562232,9331.21356791493
6.55,179760,181457.442801026,1,-9.72818596676649e-27,-1.13108172304152e-33,1,0,-109.507330750131,9308.13476585051
6.6,179760,181316.349663693,0.999999999999997,-1.2516271648641e-26,-2.0076700583987e-33,0.999999999999997,0,-104.875601235329,9287.60148942056
6.65,179760,181175.489983601,1.00000000000001,-6.25114012910675e-26,1.27953619919073e-32,1.00000000000001,0,-100.034395765183,9269.20007889281
6.7,179760,181034.863290971,1.00000000000001,-5.53871428043569e-26,-3.53922540400464e-32,1.00000000000001,0,-94.9516813400089,9252.60127297476
6.75,179760,180894.469117247,0.999999999999999,-8.81216685573253e-26,2.61421263237973e-32,0.999999999999999,0,-89.5863638494645,9237.53960789632
6.8,179760,180754.306995095,0.999999999999996,7.00347850378205e-26,-6.08265706293463e-33,0.999999999999996,0,-83.88423703302,9223.79851393035
6.85,179760,180614.376458396,1,-2.09155534994406e-25,-8.76279055198541e-33,1,0,-77.7712555014007,9211.19931431477
6.9,179760,180474.677042247,0.999999999999986,9.69427306016741e-26,-2.74570088268331e-32,0.999999999999986,0,-71.1415908770667,9199.59291313688
6.95,179760,180335.20828295,1.00000000000001,3.43769389385475e-25,3.03271286990509e-33,1.00000000000001,0,-63.8344657417215,9188.8532860168
7,179760,180195.969718017,0.999999999999996,6.41224496709529e-25,2.16487274474956e-32,0.999999999999996,0,-55.583341522483,9178.87197132723
7.05,179760,180056.96088616,0.999999999999996,6.27407303725777e-25,-1.07912265638931e-32,0.999999999999996,0,-45.8817277923,9169.55231167849
7.1,179760,179918.181327289,1,-1.45596447269142e-24,1.66127628071727e-34,1,0,-33.4920104347044,9160.7989473267
7.15,179760,179779.630582509,0.999999999999995,1.4758896951916e-24,-1.17066958334798e-32,0.999999999999995,0,-11.8005839109997,9152.44460156197
7.2,179760,179641.308194116,0.999999803179795,1.968202018461e-07,-1.23146522596146e-32,0.999999999999996,29.0215356555816,0,9144.52002020356
7.25,179760,179503.213705592,0.999999689664544,3.10335432277309e-07,-1.11111106136908e-32,0.999999999999976,42.6941999232973,0,9137.31714339803
7.3,179760,179365.346661604,0.999999589403883,4.10596120922695e-07,-9.44099775701224e-33,1,52.9375224254853,0,9130.53971394138
7.35,179760,179227.706607998,0.999999493069172,5.06930833433711e-07,2.70310858655001e-33,1.00000000000001,61.4899080351124,0,9124.13891734181
7.4,179760,179090.293091797,0.999999397608039,6.02391955018228e-07,2.60678990857227e-32,0.999999999999994,68.9831629933435,0,9118.07760801827
7.45,179760,178953.105661197,0.99999930165624,6.98343756269764e-07,1.84224935640389e-32,0.999999999999996,75.7323232378961,0,9112.32451004877
7.5,179760,178816.143865561,0.999999204504598,7.95495406392349e-07,-1.80849363623187e-32,1,81.9215011788469,0,9106.85247623316
7.55,179760,178679.40725542,0.999999105750203,8.94249798292769e-07,-4.58795023908719e-32,1,87.6693734565498,0,9101.63761729083
7.6,179760,178542.895382466,0.99999900515079,9.94849208416795e-07,-6.39025827214619e-32,0.999999999999998,93.0577476344101,0,9096.65874122981
7.65,179760,178406.607799548,0.999998902555123,1.09744488425611e-06,1.50405592121447e-31,1.00000000000001,98.1458504817434,0,9091.89694322121
7.7,179760,178270.544060673,0.999998797866451,1.20213354776886e-06,1.61292253705722e-31,0.999999999999998,102.978198249425,0,9087.33528484154
7.75,179760,178134.703720996,0.999998691022085,1.308977904261e-06,1.07622425947401e-31,0.99999999999999,107.589255958084,0,9082.95853379508
7.8,179760,177999.086336821,0.999998581981209,1.4180187795795e-06,-5.52392036490406e-32,0.999999999999989,112.006355075291,0,9078.75294798436
7.85,179760,177863.691465598,0.999998470717391,1.52928260107136e-06,-1.53431235730583e-31,0.999999999999992,116.251604797384,0,9074.70609376097
7.9,179760,177728.518665915,0.999998357213836,1.6427861585391e-06,2.17450461254734e-32,0.999999999999995,120.343191277058,0,9070.80669140001
7.95,179760,177593.567497499,0.99999824146029,1.75853971060243e-06,4.6657121075463e-32,1,124.296288573764,0,9067.04448271775
8,179760,177458.837521211,0.999998123450944,1.87654905543038e-06,-1.3932099123564e-31,0.999999999999999,128.123714392063,0,9063.41011695341
8.05,179760,177324.328299041,0.999998003183074,1.99681693068668e-06,-4.9520171686912e-33,1,131.836412917117,0,9059.89505191434
8.1,179760,177190.039394107,0.999997880656038,2.11934397359972e-06,-5.19944129560652e-33,1.00000000000001,135.443817409403,0,9056.49146795209
8.15,179760,177055.970370652,0.999997755870614,2.24412938408092e-06,2.23162423956093e-31,0.999999999999998,138.954127252504,0,9053.19219281758
8.2,179760,176922.120794035,0.999997628828606,2.37117138579986e-06,5.26942697721973e-32,0.999999999999992,142.374522902983,0,9049.99063579397
6.2,179780,182451.671285486,1.00000000000001,1.82351366631074e-27,3.31135485237638e-30,1.00000000000001,0,-137.219548530158,9828.59910384732
6.25,179780,182308.930689984,0.999999999999996,-5.95236371564034e-27,1.28717100082126e-30,0.999999999999996,0,-133.527109727692,9728.77546138149
6.3,179780,182166.426874784,0.999999999999997,-3.0076856508357e-27,1.76403505525557e-30,0.999999999999997,0,-129.733274727269,9649.3357756725
6.35,179780,182024.15936143,1,-5.38344227706575e-28,-7.91870314301372e-31,1,0,-125.828874394697,9584.58000463158
6.4,179780,181882.127672714,0.999999999999995,8.56161904304433e-28,-5.08986775368688e-31,0.999999999999995,0,-121.803278791805,9530.75109616492
6.45,179780,181740.331332678,0.999999999999998,-3.12721474786522e-28,3.73652847206769e-31,0.999999999999998,0,-117.64404940363,9485.27210078199
6.5,179780,181598.769866607,0.999999999999994,8.36147729918094e-27,2.25990128263697e-31,0.999999999999994,0,-113.336477117323,9446.31652997972
6.55,179780,181457.442801026,0.999999999999977,-1.47882510743493e-27,2.49799398533721e-31,0.999999999999977,0,-108.862956438875,9412.55365717923
6.6,179780,181316.349663693,0.999999999999999,-1.37282410975915e-26,1.41385215380192e-32,0.999999999999999,0,-104.202118882055,9382.99093432482
6.65,179780,181175.489983601,0.999999999999986,2.7942011240481e-26,6.49099523810456e-32,0.999999999999986,0,-99.3276015470849,9356.87289815596
6.7,179780,181034.863290971,1.00000000000001,-1.05022526928011e-25,-4.33062914709526e-32,1.00000000000001,0,-94.2062435816449,9333.61426310485
6.75,179780,180894.469117247,0.999999999999984,-7.4126571801241e-29,-1.49161402226102e-32,0.999999999999984,0,-88.7953477117935,9312.75441724744
6.8,179780,180754.306995095,0.999999999999985,1.13472956113353e-25,-8.93554561202803e-33,0.999999999999985,0,-83.0383360664158,9293.92571231372
6.85,179780,180614.376458396,1,1.15044439435539e-25,1.27246693842172e-33,1,0,-76.8574736930676,9276.83085943559
6.9,179780,180474.677042247,1.00000000000001,-2.26886610969265e-25,-4.41263257201576e-32,1.00000000000001,0,-70.1408032351568,9261.22643491056
6.95,179780,180335.20828295,1.00000000000001,-5.68743534802268e-25,-6.25629578057345e-33,1.00000000000001,0,-62.7164156168154,9246.91047270507
7,179780,180195.969718017,0.999999999999992,-3.57467979854345e-25,-1.37850584995686e-32,0.999999999999992,0,-54.2947628325826,9233.71256483431
7.05,179780,180056.96088616,0.999999999999995,1.43864850551865e-24,-1.78498834417491e-32,0.999999999999995,0,-44.310836214473,9221.48452108886
7.1,179780,179918.181327289,1,-1.73301994745578e-24,1.43859456649345e-32,1,0,-31.3039305518405,9210.08526382551
7.15,179780,179779.630582509,0.999999989047592,1.09524093902031e-08,1.484544761492e-32,1,1.61884849698989,0,9199.16634527241
7.2,179780,179641.308194116,0.999999770700481,2.29299513804188e-07,-5.34082651098671e-33,0.999999999999994,31.3722734174035,0,9189.23003782877
7.25,179780,179503.213705592,0.999999651936065,3.48063936592571e-07,-1.39971363226388e-33,1,44.3267421705896,0,9180.02519467981
7.3,179780,179365.346661604,0.99999954444564,4.55554363118127e-07,3.46393777681467e-33,1,54.2636324072937,0,9171.4022936593
7.35,179780,179227.706607998,0.999999440166795,5.59833201804719e-07,-1.68601869340878e-33,0.999999999999997,62.6359662580386,0,9163.29703386024
7.4,179780,179090.293091797,0.999999336308328,6.63691677537656e-07,8.17493733616246e-33,1.00000000000001,70.0073354242585,0,9155.65755148056
7.45,179780,178953.105661197,0.999999231599665,7.68400329034913e-07,4.57381171754918e-33,0.999999999999994,76.6670044912842,0,9148.43956676683
7.5,179780,178816.143865561,0.999999125377349,8.74622651700781e-07,-3.37415816504827e-32,1,82.7869042080747,0,9141.60454941276
7.55,179780,178679.40725542,0.999999017265474,9.82734521668404e-07,4.61622728216322e-33,0.999999999999996,88.47910687731,0,9135.11864511978
7.6,179780,178542.895382466,0.999998907039828,1.092960144944e-06,-4.10017124602554e-32,0.999999999999973,93.8214882912464,0,9128.95191745983
7.65,179780,178406.607799548,0.999998794562282,1.20543772129519e-06,-4.28768338792352e-32,1,98.8707691701517,0,9123.07776459944
7.7,179780,178270.544060673,0.999998679745906,1.32025409333981e-06,1.29296779465185e-31,0.999999999999999,103.66978298226,0,9117.47245100257
7.75,179780,178134.703720996,0.999998562535753,1.43746425655787e-06,1.12401246227252e-32,1.00000000000001,108.251817287926,0,9112.1147224556
7.8,179780,177999.086336821,0.999998442897103,1.55710290203979e-06,6.83632862667068e-32,1.00000000000001,112.643351715324,0,9106.98548484272
7.85,179780,177863.691465598,0.999998320808482,1.67919150981138e-06,6.45282122995191e-32,0.999999999999992,116.865861937994,0,9102.06753337943
7.9,179780,177728.518665915,0.999998196257156,1.80374284117796e-06,1.82019326280458e-31,0.999999999999998,120.937051872732,0,9097.34532258903
7.95,179780,177593.567497499,0.999998069236146,1.93076385123215e-06,-9.64247168892903e-32,0.999999999999997,124.871721149163,0,9092.80476972064
8,179780,177458.837521211,0.999997939742385,2.06025761131105e-06,4.23024564417532e-32,0.999999999999996,128.68239172483,0,9088.43308581979
8.05,179780,177324.328299041,0.999997807775399,2.19222459639481e-06,1.27953619919073e-31,0.999999999999996,132.379770668927,0,9084.21862993758
8.1,179780,177190.039394107,0.99999767333645,2.32666355491035e-06,7.9288828785211e-32,1,135.97309861615,0,9080.15078275938
8.15,179780,177055.970370652,0.999997536427919,2.46357210090437e-06,-7.98543696467319e-32,1.00000000000002,139.470416629942,0,9076.21983667861
8.2,179780,176922.120794035,0.999997397052891,2.60294711681175e-06,1.76618411052935e-31,1.00000000000001,142.878773679282,0,9072.41689983315
6.2,179800,182451.671285486,1.00000000000001,-2.85757934293817e-26,-1.74367558424083e-30,1.00000000000001,0,-136.708337960664,10258.4108736617
6.25,179800,182308.930689984,1,-2.68189936776921e-26,1.58351441225813e-31,1,0,-133.001334040006,10069.6507455034
6.3,179800,182166.426874784,0.999999999999997,9.73281887750407e-27,4.43836468121496e-30,0.999999999999997,0,-129.191676396316,9928.53665452815
6.35,179800,182024.15936143,0.999999999999999,-1.24810615270354e-26,1.61269632071261e-30,0.999999999999999,0,-125.270001851686,9819.00192107732
6.4,179800,181882.127672714,0.999999999999992,2.06627818895983e-28,-1.44959433625002e-30,0.999999999999992,0,-121.225441678766,9731.47189616423
6.45,179800,181740.331332678,1.00000000000001,-3.45730963791765e-28,8.9310212851359e-31,1.00000000000001,0,-117.045259616145,9659.88590379448
6.5,179800,181598.769866607,1,-4.06120955256096e-27,6.11915212165466e-31,1,0,-112.714369696669,9600.22066288085
6.55,179800,181457.442801026,0.999999999999997,4.24374623562154e-26,-1.39123051934108e-31,0.999999999999997,0,-108.214681199379,9549.70049082511
6.6,179800,181316.349663693,1.00000000000001,4.7334825429833e-26,1.37125985766863e-31,1.00000000000001,0,-103.524188348482,9506.34843313763
6.65,179800,181175.489983601,1.00000000000001,2.6933889863984e-26,-2.06535522627383e-31,1.00000000000001,0,-98.6156715413876,9468.71814597562
6.7,179800,181034.863290971,1.00000000000001,5.51501694201298e-26,6.85930372416999e-32,1.00000000000001,0,-93.4547859905167,9435.72694454958
6.75,179800,180894.469117247,0.999999999999994,-6.42973883804038e-26,3.4724208897375e-32,0.999999999999994,0,-87.9971426802972,9406.54810013947
6.8,179800,180754.306995095,0.999999999999993,5.89009739532728e-25,2.19429854270055e-32,0.999999999999993,0,-82.1836446670778,9380.53919399967
6.85,179800,180614.376458396,1.00000000000001,-2.21430895284692e-25,-3.74670820757506e-32,1.00000000000001,0,-75.9326050231826,9357.19313520461
6.9,179800,180474.677042247,0.999999999999997,1.1510374069298e-25,-2.5449338768438e-34,0.999999999999997,0,-69.1254278123967,9336.10379356571
6.95,179800,180335.20828295,1,3.35882322145822e-25,3.4801970765834e-32,1,0,-61.5779565093254,9316.94117855042
7,179800,180195.969718017,0.999999999999996,3.20819802755806e-26,9.10520787048427e-33,0.999999999999996,0,-52.974719055354,9299.43264521923
7.05,179800,180056.96088616,0.999999999999992,1.59686426037124e-24,-6.88899461939981e-32,0.999999999999992,0,-42.6820060625662,9283.34667181349
7.1,179800,179918.181327289,0.999999999999998,4.11313521610774e-25,3.29922400089676e-32,0.999999999999998,0,-28.9507089844912,9268.46969685742
7.15,179800,179779.630582509,0.999999907099548,9.29004539853788e-08,2.16814227785523e-32,1,12.0211871653104,0,9254.37952379375
7.2,179800,179641.308194116,0.999999720163014,2.79836981490927e-07,-5.90371639971909e-32,0.999999999999995,33.5589535477334,0,9241.67549636835
7.25,179800,179503.213705592,0.999999589319198,4.10680809633104e-07,-4.90606697369262e-33,1.00000000000001,45.9014079200519,0,9229.90480407952
7.3,179800,179365.346661604,0.999999469238382,5.30761615494162e-07,-2.17379768647044e-32,0.999999999999998,55.5582229166776,0,9218.93475309293
7.35,179800,179227.706607998,0.999999352338765,6.47661232351281e-07,-4.57557903274142e-33,0.999999999999997,63.7615366426508,0,9208.67637847953
7.4,179800,179090.293091797,0.999999235847546,7.64152447486356e-07,4.85304751792505e-33,0.999999999999993,71.0168364105774,0,9199.05581572266
7.45,179800,178953.105661197,0.999999118469729,8.81530269927874e-07,-1.41809371026331e-32,0.999999999999999,77.5905159997558,0,9190.00973762609
7.5,179800,178816.143865561,0.999998999517619,1.0004823809253e-06,5.28634349732557e-33,1,83.6434364367108,0,9181.48315828531
7.55,179800,178679.40725542,0.999998878596127,1.12140387254856e-06,-1.3339695071121e-32,0.999999999999999,89.2815740216996,0,9173.42797133544
7.6,179800,178542.895382466,0.999998755466108,1.24453388217564e-06,-5.80474674895296e-33,0.99999999999999,94.5791347328861,0,9165.80185187204
7.65,179800,178406.607799548,0.99999862997758,1.37002242808833e-06,-5.38960441029288e-32,1.00000000000001,99.5904805382043,0,9158.56738759487
7.7,179800,178270.544060673,0.999998502034021,1.4979659757627e-06,3.82703268306293e-32,0.999999999999997,104.356850648424,0,9151.69137300898
7.75,179800,178134.703720996,0.999998371572421,1.62842757985484e-06,7.07200010755754e-32,1,108.910411238677,0,9145.14422712025
7.8,179800,177999.086336821,0.999998238551154,1.76144884837027e-06,-5.4086914143692e-32,1,113.276827163823,0,9138.89950787711
7.85,179800,177863.691465598,0.999998102942682,1.89705731731578e-06,2.97094520393587e-32,0.999999999999999,117.476965954945,0,9132.93350408361
7.9,179800,177728.518665915,0.999997964728867,2.0352711320602e-06,-1.35447036334223e-32,0.999999999999999,121.528067195155,0,9127.22489017476
7.95,179800,177593.567497499,0.99999782389791,2.17610208938139e-06,-1.16854880511728e-31,1,125.444569035698,0,9121.75443255244
8,179800,177458.837521211,0.999997680442341,2.31955765090545e-06,1.53084841952902e-31,0.999999999999992,129.238707264177,0,9116.50473856323
8.05,179800,177324.328299041,0.999997534357701,2.46564229504883e-06,-3.61097840081009e-32,0.999999999999996,132.920959052233,0,9111.46004095778
8.1,179800,177190.039394107,0.999997385641569,2.61435843524132e-06,-1.67965635871667e-32,1,136.500377941667,0,9106.60601206192
8.15,179800,177055.970370652,0.999997234292944,2.76570704824533e-06,-1.36408455798808e-31,0.999999999999992,139.984850980462,0,9101.92960295686
8.2,179800,176922.120794035,0.999997080311882,2.91968810630877e-06,-1.1876358091936e-32,0.999999999999988,143.381299044047,0,9097.41890380232
6.2,179820,182451.671285486,0.999999999999997,2.5389833373364e-25,1.45719520542886e-29,0.999999999999997,0,-136.195157638108,11091.8693617613
6.25,179820,182308.930689984,1,7.03238786678454e-26,-9.7544487795101e-31,1,0,-132.473419259139,10668.9170063205
6.3,179820,182166.426874784,0.999999999999995,-3.62793974038265e-26,7.03623318269673e-30,0.999999999999995,0,-128.647744095952,10385.5735166656
6.35,179820,182024.15936143,1.00000000000001,1.93076554988567e-26,-8.82243743972392e-31,1.00000000000001,0,-124.708569197737,10182.4380386013
6.4,179820,181882.127672714,0.999999999999987,-1.69940956992787e-28,2.72500208715165e-30,0.999999999999987,0,-120.644779554,10029.6177577616
6.45,179820,181740.331332678,0.999999999999996,7.54469513614594e-28,-9.96228504611902e-31,0.999999999999996,0,-116.443331185197,9910.43002931983
6.5,179820,181598.769866607,1,6.29844214773743e-28,5.08534342679469e-31,1,0,-112.08874774027,9814.83142125686
6.55,179820,181457.442801026,0.999999999999998,-7.76475839618088e-27,3.34347757331075e-31,0.999999999999998,0,-107.562434499377,9736.41387626628
6.6,179820,181316.349663693,1,4.73719755828098e-26,-1.03833302175212e-30,1,0,-102.841721667712,9670.89631341622
6.65,179820,181175.489983601,0.999999999999988,-6.8157529606954e-26,-2.91875638630866e-31,0.999999999999988,0,-97.8984937039092,9615.30965697786
6.7,179820,181034.863290971,1,-1.27008468124261e-25,1.09262494445812e-31,1,0,-92.6971621658608,9567.52984879499
6.75,179820,180894.469117247,1,6.59504109315716e-26,5.9933192799663e-32,1,0,-87.1915513205584,9525.9969917658
6.8,179820,180754.306995095,0.999999999999993,5.91982215061959e-25,-9.62550546308339e-32,0.999999999999993,0,-81.319885666857,9489.53942598658
6.85,179820,180614.376458396,1.00000000000001,-7.48826628336225e-26,4.71378308077556e-32,1.00000000000001,0,-74.9962393166736,9457.25961210287
6.9,179820,180474.677042247,0.999999999999996,-5.48833137616452e-25,-5.52816192136546e-32,0.999999999999996,0,-68.094812047935,9428.45775832768
6.95,179820,180335.20828295,0.999999999999994,-1.49391727745366e-24,4.18500237525366e-32,0.999999999999994,0,-60.4179347268908,9402.57910276559
7,179820,180195.969718017,0.999999999999995,-7.39605282804148e-25,-1.92849433778581e-32,0.999999999999995,0,-51.6207963775192,9379.17598709839
7.05,179820,180056.96088616,0.999999999999993,1.01571193744944e-24,-1.72154172877305e-32,0.999999999999993,0,-40.9883306772298,9357.87762252047
7.1,179820,179918.181327289,1.00000000000001,-1.49201963721555e-24,3.09068080821097e-32,1.00000000000001,0,-26.3882021193475,9338.35200732982
7.15,179820,179779.630582509,0.999999840374465,1.59625534132904e-07,7.2389230274658e-33,0.999999999999999,16.9236825359911,0,9320.11962970981
7.2,179820,179641.308194116,0.999999639795116,3.60204879049116e-07,-3.99377887145194e-32,0.999999999999995,35.6118098856796,0,9303.73931749186
7.25,179820,179503.213705592,0.999999488209522,5.11790483162034e-07,5.73670511405126e-33,1,47.4239627176386,0,9288.63610095956
7.3,179820,179365.346661604,0.999999348583702,6.51416294565921e-07,1.62986225317496e-32,0.999999999999997,56.8234482887404,0,9274.64317794613
7.35,179820,179227.706607998,0.999999213055664,7.86944328493387e-07,2.8107380817582e-32,0.999999999999993,64.8676856996337,0,9261.63288730411
7.4,179820,179090.293091797,0.999999078573867,9.21426142739294e-07,-1.06038911535143e-33,1.00000000000001,72.0122829679105,0,9249.49809783982
7.45,179820,178953.105661197,0.999998943657218,1.05634279162161e-06,5.21004518676003e-33,1.00000000000001,78.5032519666043,0,9238.14717281849
7.5,179820,178816.143865561,0.999998807491876,1.19250812195146e-06,5.69075491905262e-34,0.999999999999998,84.4913676487102,0,9227.50098434715
7.55,179820,178679.40725542,0.99999866959316,1.33040684290903e-06,1.70899379090806e-32,1,90.0769690887715,0,9217.4907501383
7.6,179820,178542.895382466,0.999998529655339,1.47034465086804e-06,-4.7293354544674e-33,0.99999999999999,95.3308322616484,0,9208.05635471236
7.65,179820,178406.607799548,0.999998387477086,1.61252291447568e-06,2.13845138262539e-33,1,100.305096676997,0,9199.14500648117
7.7,179820,178270.544060673,0.999998242921025,1.75707897788784e-06,-7.71256349898942e-33,1,105.039489886907,0,9190.7101453554
7.75,179820,178134.703720996,0.999998095890717,1.90410928064604e-06,3.05179987398142e-32,0.999999999999997,109.565109353887,0,9182.71054417305
7.8,179820,177999.086336821,0.999997946316735,2.05368326183127e-06,-8.05330186805567e-32,0.999999999999996,113.906840168497,0,9175.10956325518
7.85,179820,177863.691465598,0.999997794147941,2.20585204939028e-06,-1.38416125857207e-32,0.99999999999999,118.084965801633,0,9167.8745277179
7.9,179820,177728.518665915,0.999997639345942,2.36065405649957e-06,7.43403462469044e-32,0.999999999999998,122.116278555776,0,9160.97620412302
7.95,179820,177593.567497499,0.999997481881325,2.5181186827313e-06,7.19509361069791e-32,1.00000000000001,126.014867482386,0,9154.38835829176
8,179820,177458.837521211,0.999997321731192,2.67826881262978e-06,-2.23388640300702e-32,1.00000000000001,129.792691379355,0,9148.08737979665
8.05,179820,177324.328299041,0.999997158877458,2.84112253496633e-06,6.66631290517601e-33,0.999999999999993,133.460004457794,0,9142.05196164305
8.1,179820,177190.039394107,0.999996993305673,3.00669434446421e-06,3.31725061585773e-32,1.00000000000002,137.025678495867,0,9136.26282585016
8.15,179820,177055.970370652,0.999996825004021,3.17499599270343e-06,9.20134981694283e-32,1.00000000000001,140.497450680718,0,9130.70248741431
8.2,179820,176922.120794035,0.999996653962889,3.34603709940743e-06,3.79195147649672e-32,0.999999999999989,143.882117075887,0,9125.35505051237
6.2,179840,182451.671285486,1.00000000000001,-4.91251616641241e-25,-7.02609869045829e-29,1.00000000000001,0,-135.679985211966,13365.7120536223
6.25,179840,182308.930689984,1,-6.37488517490746e-28,8.38267286580538e-30,1,0,-131.943339709069,11983.2771265995
6.3,179840,182166.426874784,1,2.58210647048178e-26,5.15773265706936e-30,1,0,-128.10144809531,11260.261824303
6.35,179840,182024.15936143,1,4.93682968196321e-27,-1.18770367409699e-29,1,0,-124.144541699204,10815.6331804897
6.4,179840,181882.127672714,0.999999999999995,-4.9150550014966e-27,-4.29539595142251e-30,0.999999999999995,0,-120.061251428975,10514.4828829495
6.45,179840,181740.331332678,1.00000000000001,-1.70120482283868e-27,3.37616583510665e-30,1.00000000000001,0,-115.838215182906,10296.9402483376
6.5,179840,181598.769866607,1,2.01049794367939e-26,3.07473255591608e-30,1,0,-111.459552066894,10132.3728860992
6.55,179840,181457.442801026,0.999999999999993,-6.79147650843049e-26,5.58754371182515e-30,0.999999999999993,0,-106.906143647848,10003.4810961304
6.6,179840,181316.349663693,1.00000000000001,-2.79605428834314e-26,-8.37905340429167e-31,1.00000000000001,0,-102.154627925539,9899.75612763266
6.65,179840,181175.489983601,0.999999999999996,6.10802951642298e-27,-3.83662920455685e-31,0.999999999999996,0,-97.1759518445594,9814.44572491959
6.7,179840,181034.863290971,1.00000000000001,1.95783101441461e-25,2.750790750437e-31,1.00000000000001,0,-91.9332196595392,9743.0131594521
6.75,179840,180894.469117247,0.999999999999996,-5.80559310347386e-26,-6.70052812729801e-31,0.999999999999996,0,-86.378366971241,9682.2971844741
6.8,179840,180754.306995095,0.999999999999993,-3.90155944854401e-25,-1.63384754893348e-31,0.999999999999993,0,-80.4467669890519,9630.02712336915
6.85,179840,180614.376458396,1.00000000000001,3.70217750204161e-25,-1.22156826088485e-31,1.00000000000001,0,-74.0479404209584,9584.52937754265
6.9,179840,180474.677042247,1.00000000000001,-1.14647121010685e-24,-6.502306055335e-32,1.00000000000001,0,-67.0482531558914,9544.54246773271
6.95,179840,180335.20828295,1,-1.84664115671273e-25,8.03068023359487e-32,1,0,-59.2350834743199,9509.09612487038
7,179840,180195.969718017,0.999999999999981,1.49735675038524e-24,8.38414327204528e-33,0.999999999999981,0,-50.2302553249161,9477.4289715709
7.05,179840,180056.96088616,0.999999999999996,3.61737670390108e-26,1.6231022725646e-32,0.999999999999996,0,-39.2214104356551,9448.92765813845
7.1,179840,179918.181327289,0.999999999999997,-2.0010616310891e-24,1.59553215556546e-32,0.999999999999997,0,-23.5481856869692,9423.05927533274
7.15,179840,179779.630582509,0.999999745099126,2.54900869315214e-07,-7.19650746285172e-33,0.999999999999995,20.6960609684452,0,9399.2633580387
7.2,179840,179641.308194116,0.999999509652529,4.90347473020236e-07,-7.21064598438973e-32,1,37.5527956313211,0,9377.97040304456
7.25,179840,179503.213705592,0.999999325694572,6.74305437998426e-07,5.28780705521911e-33,1.00000000000001,48.899274471789,0,9358.46904676611
7.3,179840,179365.346661604,0.99999915729379,8.42706221791528e-07,5.35425810644784e-32,1.00000000000001,58.0612282623461,0,9340.52446221816
7.35,179840,179227.706607998,0.999998995370319,1.00462966779954e-06,3.87042027103273e-32,0.999999999999987,65.9553905914292,0,9323.94781283129
7.4,179840,179090.293091797,0.999998836157197,1.16384280075427e-06,6.23862262865093e-32,0.999999999999998,72.994250093159,0,9308.58073737969
7.45,179840,178953.105661197,0.999998677731933,1.32226807057994e-06,2.11653667424145e-32,1,79.405583974588,0,9294.28871347612
7.5,179840,178816.143865561,0.999998518987347,1.48101265122475e-06,-5.46842666786734e-32,0.999999999999998,85.3309542486553,0,9280.95653637852
7.55,179840,178679.40725542,0.999998359231701,1.64076830293861e-06,1.31689282406696e-32,1,90.8654777959991,0,9268.48490087641
7.6,179840,178542.895382466,0.999998198006095,1.80199388637398e-06,-3.36496812604855e-32,0.999999999999982,96.0767205093022,0,9256.78772011266
7.65,179840,178406.607799548,0.999998034991689,1.96500828812802e-06,1.00348156616091e-32,0.999999999999977,101.014725723321,0,9245.78998302736
7.7,179840,178270.544060673,0.999997869958352,2.13004165394061e-06,5.72256659251322e-33,1.00000000000001,105.717786483298,0,9235.42602143444
7.75,179840,178134.703720996,0.999997702734588,2.2972654066334e-06,1.42746048078225e-32,0.999999999999995,110.215981059009,0,9225.63809541628
7.8,179840,177999.086336821,0.999997533189295,2.46681070516371e-06,1.6294866986966e-32,1,114.533447866883,0,9216.37522963514
7.85,179840,177863.691465598,0.999997361219742,2.63878025090221e-06,-9.51699231027908e-33,0.999999999999993,118.689909182276,0,9207.59224954763
7.9,179840,177728.518665915,0.999997186743906,2.81325609261874e-06,3.21297901951482e-33,0.999999999999998,122.701726279785,0,9199.24897828047
7.95,179840,177593.567497499,0.999997009695067,2.99030493164488e-06,-3.08502539959577e-32,0.999999999999999,126.582650947573,0,9191.30956360263
8,179840,177458.837521211,0.99999683001818,3.16998181871747e-06,-2.9634341143688e-32,0.999999999999999,130.344373797151,0,9183.74191097426
8.05,179840,177324.328299041,0.999996647667215,3.35233278393455e-06,-3.43636765981555e-32,0.999999999999999,133.996932748069,0,9176.5172036052
8.1,179840,177190.039394107,0.999996462603255,3.53739674522116e-06,5.21287289106764e-32,1,137.549022949594,0,9169.60949431345
8.15,179840,177055.970370652,0.999996274793076,3.72520691719594e-06,-4.55260393524215e-32,0.999999999999993,141.008235738952,0,9162.99535692635
8.2,179840,176922.120794035,0.999996084208128,3.91579186762702e-06,-3.3702700716253e-33,0.999999999999996,144.381245541602,0,9156.6535873252
6.2,179860,182451.671285486,1.00000000000013,4.8446755278999e-24,5.00169043228932e-27,1.00000000000013,0,-135.162797903581,42564.0077972129
6.25,179860,182308.930689984,1.00000000000001,-4.78116388118038e-27,-3.6588412550023e-28,1.00000000000001,0,-131.411069193404,17085.2482453169
6.3,179860,182166.426874784,1.00000000000001,3.81677718204634e-26,2.7073572122722e-30,1.00000000000001,0,-127.552758023926,13575.2464096735
6.35,179860,182024.15936143,1,1.52811927768276e-25,-5.06118352119054e-29,1,0,-123.57788382637,12180.9615534933
6.4,179860,181882.127672714,1,3.89312755100163e-26,6.40644687930731e-31,1,0,-119.474815310142,11432.4778447004
6.45,179860,181740.331332678,1.00000000000001,-3.49655039186494e-26,2.68111611629764e-30,1.00000000000001,0,-115.229861391847,10965.3988930387
6.5,179860,181598.769866607,1,-4.69517705789114e-26,1.29305262578108e-30,1,0,-110.82672180948,10646.0542628679
6.55,179860,181457.442801026,0.999999999999993,6.941212183469e-26,1.86718970839695e-30,0.999999999999993,0,-106.245733701426,10413.8519479851
6.6,179860,181316.349663693,1.00000000000001,-8.11155492944233e-26,-8.37905340429165e-31,1.00000000000001,0,-101.462813120357,10237.3450321599
6.65,179860,181175.489983601,0.999999999999994,3.52360659057239e-26,-1.69300312304856e-30,0.999999999999994,0,-96.4479254093662,10098.589624284
6.7,179860,181034.863290971,1.00000000000001,1.36392892114292e-27,1.87669079487051e-30,1.00000000000001,0,-91.1627996204352,9986.59986827147
6.75,179860,180894.469117247,0.999999999999995,-5.95740432252282e-25,1.02883193527857e-30,0.999999999999995,0,-85.557373128805,9894.27314105633
6.8,179860,180754.306995095,0.999999999999988,-1.67970811701631e-25,-2.81413132692732e-31,0.999999999999988,0,-79.5639805007968,9816.81314515284
6.85,179860,180614.376458396,1.00000000000001,8.30929219263286e-25,-1.89795513126368e-31,1.00000000000001,0,-73.0872438421277,9750.86340514899
6.9,179860,180474.677042247,0.999999999999997,3.6719338607467e-25,-3.50861550487482e-31,0.999999999999997,0,-65.9849925399095,9694.00363804117
6.95,179860,180335.20828295,1,-2.59786948597531e-24,1.86628484301852e-31,1,0,-58.0280066908307,9644.44275860755
7,179860,180195.969718017,0.999999999999995,-3.10216737925357e-24,9.08824164463871e-32,0.999999999999995,0,-48.7999657076835,9600.82303591389
7.05,179860,180056.96088616,0.999999999999996,-4.01777879414261e-24,-1.07056885085881e-31,0.999999999999996,0,-37.3708575777922,9562.08602245423
7.1,179860,179918.181327289,1.00000000000001,-1.13051917185522e-24,4.44515117155323e-32,1.00000000000001,0,-20.3146022575002,9527.34164538473
7.15,179860,179779.630582509,0.99999959021012,4.09789885740992e-07,-6.19267243365242e-33,1.00000000000001,23.8800474863202,0,9495.89463685325
7.2,179860,179641.308194116,0.999999294896169,7.05103835734225e-07,-3.79760688511193e-32,1,39.3984483500901,0,9467.90647623923
7.25,179860,179503.213705592,0.999999062525219,9.37474780480701e-07,-3.56290742758081e-32,1,50.3314977037947,0,9442.48736207514
7.3,179860,179365.346661604,0.999998853086682,1.14691331251368e-06,1.07565871861249e-31,0.999999999999994,59.2732822558364,0,9419.28395564631
7.35,179860,179227.706607998,0.999998654883341,1.34511665523821e-06,1.93414974640101e-32,0.999999999999996,67.0255492715288,0,9398.00866095555
7.4,179860,179090.293091797,0.999998462712273,1.53728772465232e-06,3.36214042174094e-32,0.999999999999998,73.9632746638271,0,9378.422262029
7.45,179860,178953.105661197,0.999998273773727,1.72622626889848e-06,4.78076432656193e-32,0.999999999999995,80.2978627619753,0,9360.32370248162
7.5,179860,178816.143865561,0.999998086378983,1.91362101391826e-06,4.68638969529566e-32,0.999999999999997,86.1624401722996,0,9343.54264030277
7.55,179860,178679.40725542,0.999997899427321,2.10057268732931e-06,8.37848786343011e-32,1.00000000000001,91.647277888722,0,9327.93375241541
7.6,179860,178542.895382466,0.99999771215934,2.28784065861898e-06,-9.19781518655834e-32,0.999999999999999,96.8169337419202,0,9313.37228461303
7.65,179860,178406.607799548,0.999997524027836,2.47597217104567e-06,-6.4226001401644e-32,1.00000000000001,101.719472052073,0,9299.75052767107
7.7,179860,178270.544060673,0.999997334624478,2.66537552968152e-06,-1.84348647703847e-32,1.00000000000001,106.391823496595,0,9286.97499780216
7.75,179860,178134.703720996,0.999997143635882,2.85636412150601e-06,3.14582104220925e-33,1,110.863093748024,0,9274.96416071552
7.8,179860,177999.086336821,0.999996950815822,3.04918419317543e-06,-1.3367972114197e-32,1.00000000000002,115.156705847334,0,9263.64658002913
7.85,179860,177863.691465598,0.999996755966906,3.2440330894945e-06,1.05367331762087e-32,0.999999999999996,119.291842595988,0,9252.95940010645
7.9,179860,177728.518665915,0.999996558928369,3.4410716315456e-06,-4.87778993061658e-33,1,123.284449738669,0,9242.84709476216
7.95,179860,177593.567497499,0.999996359567246,3.64043275635469e-06,-1.3290210245738e-33,1,127.147953123441,0,9233.26042888254
8,179860,177458.837521211,0.999996157772297,3.84222770003411e-06,-1.9214250770168e-32,0.999999999999997,130.893783620669,0,9224.15559182202
8.05,179860,177324.328299041,0.999995953449474,4.04655051688991e-06,1.39617900187939e-33,0.999999999999991,134.531769271828,0,9215.49347027532
8.1,179860,177190.039394107,0.99999574651856,4.25348144674308e-06,1.06321681965903e-32,1.00000000000001,138.070433546132,0,9207.23903510202
8.15,179860,177055.970370652,0.999995536910543,4.46308946709609e-06,2.77115022145176e-33,1.00000000000001,141.517225804174,0,9199.36082178446
8.2,179860,176922.120794035,0.999995324565731,4.67543425668695e-06,4.64644837195075e-32,0.999999999999988,144.878701903585,0,9191.83048824611
6.2,179880,182451.671285486,1.00000000000002,4.31713154170478e-25,-1.50743333123947e-28,1.00000000000002,0,-134.6435724945,1722.050604194
6.25,179880,182308.930689984,1,-5.89217293933772e-25,4.51708796913866e-29,1,0,-130.876580980394,11961.9297939913
6.3,179880,182166.426874784,1.00000000000005,-1.45393636968694e-23,-1.22446383009583e-27,1.00000000000005,0,-127.001642852209,36414.5535655298
6.35,179880,182024.15936143,1.00000000000001,2.73022989258363e-25,-3.45586185331216e-28,1.00000000000001,0,-123.008559227558,17203.0612275285
6.4,179880,181882.127672714,1,4.13707809879955e-25,7.30334944241023e-29,1,0,-118.885428163988,13803.7480654376
6.45,179880,181740.331332678,1.00000000000001,-1.35444071995243e-25,-1.57564208346577e-29,1.00000000000001,0,-114.61821825684,12387.1828428173
6.5,179880,181598.769866607,0.999999999999995,1.02294669085724e-25,6.84078226095515e-30,0.999999999999995,0,-110.190194346999,11610.276251789
6.55,179880,181457.442801026,1.00000000000001,-2.45863013350385e-25,-1.99504718636957e-29,1.00000000000001,0,-105.581127365313,11119.4747547855
6.6,179880,181316.349663693,1.00000000000001,-5.70270542181374e-25,-1.50750572046975e-30,1.00000000000001,0,-100.766180014184,10781.2232539498
6.65,179880,181175.489983601,0.999999999999993,1.19669937515938e-25,-7.20272841232844e-31,0.999999999999993,0,-95.7142892472999,10533.8903211472
6.7,179880,181034.863290971,1,-7.14876658451253e-25,1.23061691466918e-31,1,0,-90.3857364112337,10345.0983508163
6.75,179880,180894.469117247,0.999999999999995,-1.27141895953503e-25,5.04688664821128e-31,0.999999999999995,0,-84.7283427781564,10196.207983496
6.8,179880,180754.306995095,0.999999999999989,-1.87391973513559e-25,-8.10080730042341e-31,0.999999999999989,0,-78.6712007489998,10075.7298731497
6.85,179880,180614.376458396,1.00000000000001,-2.89651061844819e-24,7.87685311926119e-31,1.00000000000001,0,-72.1136540968512,9976.19544605589
6.9,179880,180474.677042247,0.999999999999999,-7.13987139589637e-25,-2.63542041468677e-31,0.999999999999999,0,-64.9042093823464,9892.53811325683
6.95,179880,180335.20828295,1,-2.14717992942372e-24,1.58139363402744e-31,1,0,-56.7951597899443,9821.19696231374
7,179880,180195.969718017,0.999999999999997,5.21851065480797e-25,1.53827114333645e-32,0.999999999999997,0,-47.326323836119,9759.59079395081
7.05,179880,180056.96088616,0.999999999999988,-1.23583820507044e-25,-1.88975478877163e-31,0.999999999999988,0,-35.4235674419832,9705.78779650832
7.1,179880,179918.181327289,1.00000000000001,8.20160110912001e-24,-1.87759566024894e-31,1.00000000000001,0,-16.4570731992831,9658.22359179517
7.15,179880,179779.630582509,0.99999932273313,6.77266882918077e-07,1.73910884178404e-31,1.00000000000001,26.6870795629508,0,9615.95185287743
7.2,179880,179641.308194116,0.999998932930189,1.0670698141442e-06,5.14642183983893e-32,1,41.1615940086931,0,9578.60494678137
7.25,179880,179503.213705592,0.999998629994327,1.37000569325044e-06,-2.26216344608314e-33,1.00000000000002,51.7242118505932,0,9545.03411994662
7.3,179880,179365.346661604,0.999998363643868,1.63635612863608e-06,-2.18687581889311e-32,0.999999999999996,60.4611574613714,0,9514.68019749114
7.35,179880,179227.706607998,0.999998117212055,1.88278795240089e-06,9.15186499155977e-32,1.00000000000001,68.078989191052,0,9487.09108299551
7.4,179880,179090.293091797,0.999997882796326,2.11720367580847e-06,-1.18198040057839e-32,1,74.9198588843781,0,9461.89590769393
7.45,179880,178953.105661197,0.999997655951096,2.34404889644871e-06,8.51138996588748e-32,0.999999999999992,81.1804198235097,0,9438.78732532549
7.5,179880,178816.143865561,0.999997433903121,2.56609687764084e-06,2.23746521627132e-32,0.999999999999999,86.9860577192042,0,9417.50840070172
7.55,179880,178679.40725542,0.999997214796866,2.78520313427496e-06,4.61622728216323e-32,1,92.422539611148,0,9397.84265632342
7.6,179880,178542.895382466,0.999996997326069,3.00267392681856e-06,1.77523276431368e-31,0.999999999999996,97.5516011441881,0,9379.60640036821
7.65,179880,178406.607799548,0.999996780534813,3.2194651960169e-06,-2.06121970872396e-32,1.00000000000001,102.419436456992,0,9362.6427415594
7.7,179880,178270.544060673,0.999996563701752,3.43629824378338e-06,2.49120749499896e-32,0.999999999999996,107.06168137906,0,9346.81687103927
7.75,179880,178134.703720996,0.99999634626902,3.6537309803344e-06,4.7364047152364e-33,1,111.506512865759,0,9332.01230804161
7.8,179880,177999.086336821,0.999996127796138,3.87220386444458e-06,1.34846149168857e-32,1,115.77666820726,0,9318.12788682258
7.85,179880,177863.691465598,0.999995907929335,4.09207066084203e-06,-5.56386168824897e-32,0.999999999999996,119.890811379028,0,9305.07531932914
7.9,179880,177728.518665915,0.99999568638031,4.31361968300333e-06,-3.70411591144178e-32,0.999999999999993,123.864487381555,0,9292.77720913789
7.95,179880,177593.567497499,0.999995462911138,4.53708886587951e-06,2.27347426331347e-32,1,127.710806959719,0,9281.16542202999
8,179880,177458.837521211,0.999995237323303,4.76267670144933e-06,-8.99209969818017e-33,1,131.440949347559,0,9270.1797406584
8.05,179880,177324.328299041,0.999995009449662,4.99055033689397e-06,1.71535612560017e-32,0.999999999999999,135.06453887838,0,9259.76674710946
8.1,179880,177190.039394107,0.999994779148328,5.22085167460443e-06,3.19177123720783e-33,1,138.589932112482,0,9249.8788895615
8.15,179880,177055.970370652,0.999994546297963,5.45370204058286e-06,6.00887165365827e-34,1,142.024440175188,0,9240.47369859192
8.2,179880,176922.120794035,0.999994310794183,5.68920580589625e-06,2.32260562565808e-32,0.999999999999989,145.374503327135,0,9231.51312586134
6.2,179900,182451.671285486,0.999999999999998,2.92844434558017e-25,2.95058502599506e-29,0.999999999999998,0,-134.122285314514,5265.12598471067
6.25,179900,182308.930689984,1,-5.62798583743807e-25,-2.98822742573788e-29,1,0,-130.33984778751,3794.61528043649
6.3,179900,182166.426874784,0.999999999999996,1.81936257828987e-24,-5.41297708301781e-28,0.999999999999996,0,-126.448070871252,984.341267358332
6.35,179900,182024.15936143,0.999999999999973,3.1500827952659e-24,5.56875870656884e-28,0.999999999999973,0,-122.436530702276,18451.7742586804
6.4,179900,181882.127672714,0.999999999999977,-1.27521424001126e-23,-3.15501221229069e-28,0.999999999999977,0,-118.293045880619,33499.3340564829
6.45,179900,181740.331332678,0.999999999999989,-3.77630407384287e-25,-3.19888008583714e-29,0.999999999999989,0,-114.003232834523,17404.9305811522
6.5,179900,181598.769866607,0.999999999999993,1.44600186144133e-24,7.53716665619736e-29,0.999999999999993,0,-109.549905232864,14054.1778273771
6.55,179900,181457.442801026,1,-1.45525285760214e-25,4.10012600275662e-29,1,0,-104.912244888665,12604.4929237328
6.6,179900,181316.349663693,1,-1.21923385298695e-25,1.14157816143136e-29,1,0,-100.064627974447,11795.470101979
6.65,179900,181175.489983601,0.99999999999999,2.66274506161576e-24,2.66030421259367e-30,0.99999999999999,0,-94.9749133609911,11279.1715877781
6.7,179900,181034.863290971,1.00000000000001,-5.83049963159909e-25,2.34179159938518e-30,1.00000000000001,0,-89.601857195381,10920.9698137354
6.75,179900,180894.469117247,1,-5.3513454714758e-25,-2.11376552402001e-30,1,0,-83.8910376637958,10657.809506663
6.8,179900,180754.306995095,0.999999999999993,4.48554711283719e-25,-4.91749089909534e-30,0.999999999999993,0,-77.7680835655732,10456.2256820512
6.85,179900,180614.376458396,0.999999999999996,-3.60124676187703e-24,2.03820926492083e-30,0.999999999999996,0,-71.1266417375865,10296.8079430531
6.9,179900,180474.677042247,1,-3.48288145202479e-24,-4.06284554916517e-31,1,0,-63.8050132546,10167.521423917
6.95,179900,180335.20828295,1,-5.69292071433601e-26,-1.16094228052983e-30,1,0,-55.5348265448638,10060.5040215888
7,179900,180195.969718017,0.999999999999998,-4.36267490741945e-24,6.87810795781553e-31,0.999999999999998,0,-45.8051457187233,9970.39462623357
7.05,179900,180056.96088616,0.999999999999997,-1.78378182382527e-24,1.5880387391503e-31,0.999999999999997,0,-33.3626054019988,9893.38963689617
7.1,179900,179918.181327289,1.00000000000001,5.76265899308659e-24,3.59401217496444e-32,1.00000000000001,0,-11.3566557297082,9826.54474023137
7.15,179900,179779.630582509,0.999998841893676,1.1581063266656e-06,-2.48724870896832e-31,1,29.2259744502092,0,9768.40943741
7.2,179900,179641.308194116,0.999998307456146,1.69254384702439e-06,-8.42655883665931e-33,0.999999999999993,42.8524179779523,0,9717.55695343635
7.25,179900,179503.213705592,0.999997904278169,2.09572183352311e-06,6.35720947805106e-32,1,53.0805268930618,0,9672.42766659893
7.3,179900,179365.346661604,0.999997562008187,2.43799181459148e-06,3.25185995374437e-32,1,61.6262520676227,0,9632.09264104965
7.35,179900,179227.706607998,0.999997254772951,2.74522704183695e-06,-2.6580420491476e-32,0.999999999999993,69.1164748120669,0,9595.81417416378
7.4,179900,179090.293091797,0.999996969684287,3.03031571699388e-06,4.08320502017991e-32,1,75.8644733418842,0,9562.99852289527
7.45,179900,178953.105661197,0.999996699285467,3.30071453937887e-06,6.99856816131945e-32,1.00000000000001,82.053568856512,0,9533.16233927135
7.5,179900,178816.143865561,0.999996438850704,3.56114929570037e-06,-2.52796765099782e-32,0.999999999999999,87.8020283150739,0,9505.90813139578
7.55,179900,178679.40725542,0.999996185193754,3.81480624418191e-06,3.33669108297247e-33,0.999999999999998,93.19142614202,0,9480.90600406245
7.6,179900,178542.895382466,0.999995936067214,4.06393277867994e-06,-3.85557482341781e-32,0.999999999999993,98.2808470845083,0,9457.87987299155
7.65,179900,178406.607799548,0.999995689830209,4.31016980581853e-06,8.886060786645e-32,1.00000000000002,103.114716320261,0,9436.59692196569
7.7,179900,178270.544060673,0.999995445251242,4.55474876750613e-06,-3.91071505741608e-32,1.00000000000001,107.727438089254,0,9416.85944574163
7.75,179900,178134.703720996,0.99999520138522,4.79861478619238e-06,6.07956426134849e-34,1.00000000000001,112.146301985838,0,9398.4984715077
7.8,179900,177999.086336821,0.999994957493044,5.04250695651212e-06,-3.22216905851455e-32,1,116.39338760846,0,9381.36872224164
7.85,179900,177863.691465598,0.999994712987461,5.28701252539002e-06,8.14237455374519e-32,0.999999999999986,120.486859745069,0,9365.34460368609
7.9,179900,177728.518665915,0.999994467395482,5.53260451808723e-06,-8.70579463703524e-33,1,124.441876765138,0,9350.31698021426
7.95,179900,177593.567497499,0.999994220331474,5.7796685120364e-06,3.97327801522183e-32,0.999999999999986,128.271244686347,0,9336.19056434304
8,179900,177458.837521211,0.999993971477914,6.02852208985755e-06,4.0718942029495e-33,1,131.985898887474,0,9322.88178785234
8.05,179900,177324.328299041,0.999993720570758,6.27942923482431e-06,1.2547937864992e-32,0.999999999999993,135.595265931218,0,9310.31705391839
8.1,179900,177190.039394107,0.999993467388848,6.53261115539731e-06,9.98886546661048e-33,1,139.107540070148,0,9298.43129301198
8.15,179900,177055.970370652,0.999993211745462,6.78825454223551e-06,-4.10405933944849e-32,1,142.529897809245,0,9287.16676271024
8.2,179900,176922.120794035,0.999992953482046,7.04651794788419e-06,-1.69450180633159e-32,0.999999999999994,145.868666687465,0,9276.47204466359
6.2,179920,182451.671285486,1.00000000000001,-1.38709347483088e-25,3.73383649756685e-29,1.00000000000001,0,-133.598912229296,6360.36306816159
6.25,179920,182308.930689984,0.999999999999994,4.91607424185886e-26,-3.22059685491952e-29,0.999999999999994,0,-129.800841765463,5772.11824917189
6.3,179920,182166.426874784,1,-5.03586278188968e-25,8.87093822400793e-29,1,0,-125.89200967187,4840.71596100873
6.35,179920,182024.15936143,1,8.65323948579067e-25,1.22051861704587e-28,1,0,-121.861760173244,3152.33311605882
6.4,179920,181882.127672714,0.999999999999997,-3.41954770907781e-24,1.83608043668642e-28,0.999999999999997,0,-117.697623235727,1491.65549166817
6.45,179920,181740.331332678,0.999999999999894,-7.28693851434984e-25,2.8399742821354e-28,0.999999999999894,0,-113.384850740485,26895.9642970396
6.5,179920,181598.769866607,0.999999999999921,-4.37216310861001e-24,5.65215109984526e-28,0.999999999999921,0,-108.905788119569,32107.6514840968
6.55,179920,181457.442801026,0.999999999999986,1.41184433715532e-24,4.47075886176286e-29,0.999999999999986,0,-104.239003953937,17685.8230130381
6.6,179920,181316.349663693,0.999999999999987,1.50672634906092e-24,-5.08606731909746e-29,0.999999999999987,0,-99.358052805727,14330.154106358
6.65,179920,181175.489983601,0.999999999999987,3.1652639171708e-24,-8.12207163681661e-30,0.999999999999987,0,-94.2296626398223,12835.6544870027
6.7,179920,181034.863290971,1.00000000000001,7.17660852488106e-24,6.78287087673544e-30,1.00000000000001,0,-88.8109814911734,11990.0017127799
6.75,179920,180894.469117247,0.999999999999999,3.21839784383793e-24,3.44210789955997e-30,0.999999999999999,0,-83.0452074946936,11445.8942272491
6.8,179920,180754.306995095,0.999999999999983,5.58736447609098e-24,6.28157545708341e-30,0.999999999999983,0,-76.8542645248617,11066.3440604229
6.85,179920,180614.376458396,0.999999999999996,-7.87900226864098e-24,-8.73647522877277e-31,0.999999999999996,0,-70.1256400002678,10786.4138817979
6.9,179920,180474.677042247,1,1.89384495763577e-24,3.23806075672328e-30,1,0,-62.6864355591919,10571.3503715183
6.95,179920,180335.20828295,1.00000000000001,9.29867437177851e-24,-4.99485688895138e-31,1.00000000000001,0,-54.2450911320863,10400.8677432255
7,179920,180195.969718017,0.999999999999995,-1.09228172105726e-23,-7.74564763938837e-31,0.999999999999995,0,-44.2315271327584,10262.3181916612
7.05,179920,180056.96088616,0.999999999999992,2.68895621740469e-24,5.81036681126433e-31,0.999999999999992,0,-31.1654283266893,10147.3727943142
7.1,179920,179918.181327289,0.999999756694768,2.43305237269982e-07,1.87759566024893e-31,1.00000000000001,3.59191061720616,0,10049.8210076908
7.15,179920,179779.630582509,0.999997943868213,2.05613178803704e-06,-8.27838713094093e-31,1,31.5615077085295,0,9967.50017836884
7.2,179920,179641.308194116,0.999997192733935,2.80726607150193e-06,-1.75261112985285e-31,1.00000000000001,44.4791686978067,0,9896.35134214153
7.25,179920,179503.213705592,0.99999665334154,3.34665846382529e-06,-2.64899339536325e-31,1,54.4031652768362,0,9834.22855841968
7.3,179920,179365.346661604,0.999996217340769,3.78265923685801e-06,-7.12581485516164e-32,1.00000000000001,62.769834605263,0,9779.50097560871
7.35,179920,179227.706607998,0.999995841677366,4.15832263956794e-06,2.21635463629988e-31,1.00000000000001,70.138714121783,0,9730.90783820852
7.4,179920,179090.293091797,0.999995504291422,4.49570858052369e-06,1.27953619919073e-31,1,76.7975597239088,0,9687.45929288124
7.45,179920,178953.105661197,0.999995192322684,4.80767731597142e-06,-3.30275863128125e-32,1,82.9176070701487,0,9648.36738319758
7.5,179920,178816.143865561,0.999994897651693,5.10234830601517e-06,8.31910607297044e-32,0.999999999999999,88.6105632110165,0,9612.99709025336
7.55,179920,178679.40725542,0.999994614862716,5.38513727919194e-06,9.83228134057691e-32,0.999999999999995,93.9540939982515,0,9580.83095283093
7.6,179920,178542.895382466,0.999994340193718,5.65980628397371e-06,-3.05179987398144e-32,1,99.0047913625419,0,9551.44307127202
7.65,179920,178406.607799548,0.999994070947546,5.92905245462873e-06,4.21893482694489e-32,1,103.805405771877,0,9524.47971600936
7.7,179920,178270.544060673,0.99999380514069,6.19485930673831e-06,1.13815098381053e-32,0.999999999999997,108.389169198818,0,9499.64466327451
7.75,179920,178134.703720996,0.999993541283385,6.45871664840174e-06,6.45352815602881e-32,1.00000000000003,112.782522884647,0,9476.68796634257
7.8,179920,177999.086336821,0.999993278236375,6.72176362407424e-06,-5.73882589228195e-32,0.999999999999999,117.006915329819,0,9455.39725875756
7.85,179920,177863.691465598,0.999993015115269,6.98488472354286e-06,-7.26154466192661e-32,0.999999999999992,121.08003082365,0,9435.59094762648
7.9,179920,177728.518665915,0.999992751224049,7.24877595018336e-06,7.47220863284309e-33,0.999999999999999,125.016654582345,0,9417.11283456457
7.95,179920,177593.567497499,0.999992486008554,7.51399145290193e-06,-2.60431566730312e-32,1.00000000000001,128.829297835229,0,9399.82782676737
8,179920,177458.837521211,0.999992219022961,7.78097704031671e-06,7.611384704233e-33,1,132.52865957885,0,9383.61848888693
8.05,179920,177324.328299041,0.999991949905316,8.0500946819471e-06,-3.01433279190567e-32,0.999999999999998,136.123974321148,0,9368.38224951686
8.1,179920,177190.039394107,0.999991678359304,8.32164069178354e-06,-9.42544538332042e-32,0.999999999999996,139.623278445554,0,9354.02912174289
8.15,179920,177055.970370652,0.999991404140596,8.59585941115527e-06,1.97338414366901e-32,1.00000000000001,143.033617330389,0,9340.47983067847
8.2,179920,176922.120794035,0.999991127046372,8.87295362793998e-06,-1.69945028886989e-32,1,146.36120857646,0,9327.6642656683
6.2,179940,182451.671285486,1.00000000000002,2.04589338171449e-25,2.10652660099254e-29,1.00000000000002,0,-133.07342862744,6882.13260186166
6.25,179940,182308.930689984,1.00000000000001,-2.1118660306176e-25,1.7223207613098e-29,1.00000000000001,0,-129.259534481457,6555.34768026118
6.3,179940,182166.426874784,1,-2.08977631222083e-25,-1.72530681705863e-29,1,0,-125.333426122616,6106.54353125141
6.35,179940,182024.15936143,1.00000000000002,3.16075702160527e-25,-4.34045824726848e-29,1.00000000000002,0,-121.284208657046,5451.75833527633
6.4,179940,181882.127672714,1.00000000000001,8.02939025751136e-25,-1.2471216591718e-28,1.00000000000001,0,-117.099113850619,4408.0156296829
6.45,179940,181740.331332678,0.999999999999996,1.82173462858751e-24,-1.38263429824597e-29,0.999999999999996,0,-112.763016093586,2501.28223407126
6.5,179940,181598.769866607,1.00000000000002,-1.01599658348516e-23,7.70800523964554e-29,1.00000000000002,0,-108.257774679074,2685.03587001011
6.55,179940,181457.442801026,0.999999999999995,3.39328436818233e-22,-7.11707747506748e-27,0.999999999999995,0,-103.561319559524,37406.9749720645
6.6,179940,181316.349663693,0.999999999999987,7.02847991391921e-23,9.46040372613451e-28,0.999999999999987,0,-98.6463465703877,31625.3113983775
6.65,179940,181175.489983601,1,4.80937941947102e-23,-5.62898654615739e-29,1,0,-93.4783965735812,18047.004730188
6.7,179940,181034.863290971,1,-4.32358351851436e-23,-1.80683518765546e-29,1,0,-88.0129206894298,14636.1797328788
6.75,179940,180894.469117247,1,2.72695646317288e-23,1.25088589914609e-29,1,0,-82.1905890750784,13083.7955052477
6.8,179940,180754.306995095,0.999999999999992,-1.55606499525183e-24,1.41376166726406e-29,0.999999999999992,0,-75.9293572333257,12196.031992911
6.85,179940,180614.376458396,0.999999999999996,7.72719104959203e-24,-2.39789325284804e-30,0.999999999999996,0,-69.1100410138156,11621.193904925
6.9,179940,180474.677042247,1.00000000000001,2.47869767902188e-23,-5.42919227059949e-32,1.00000000000001,0,-61.547419569219,11218.4935866099
6.95,179940,180335.20828295,0.999999999999999,1.36857813972637e-23,-2.01061087087862e-30,0.999999999999999,0,-52.9238040321766,10920.5611824458
7,179940,180195.969718017,0.999999999999991,-6.44248860839019e-24,-4.36235598942656e-30,0.999999999999991,0,-42.5996570687977,10691.0920113074
7.05,179940,180056.96088616,0.999999999999994,-1.72305733620569e-23,6.6236145701312e-31,0.999999999999994,0,-28.8008781296224,10508.7408577923
7.1,179940,179918.181327289,0.999998480568663,1.519431346781e-06,-6.62022132496207e-31,1.00000000000001,12.4415069608892,0,10359.7469972018
7.15,179940,179779.630582509,0.999996187059302,3.81294071314355e-06,3.69185074400754e-31,1.00000000000001,33.7359418783949,0,10237.2259573285
7.2,179940,179641.308194116,0.999995124050146,4.87594985676932e-06,6.02187909347309e-31,1,46.0486371765614,0,10133.9200676922
7.25,179940,179503.213705592,0.99999441905157,5.5809484344147e-06,-1.63780633496413e-31,1,55.6945263222098,0,10045.6250694751
7.3,179940,179365.346661604,0.999993889881371,6.11011862640797e-06,3.37967218844809e-31,0.999999999999998,63.8930601786113,0,9969.27201216398
7.35,179940,179227.706607998,0.999993460892858,6.53910713494956e-06,1.79898548049755e-31,0.999999999999993,71.1463643056689,0,9902.57392687558
7.4,179940,179090.293091797,0.999993093293806,6.90670619135907e-06,8.25689657820302e-33,0.999999999999998,77.7195332434651,0,9843.79226022638
7.45,179940,178953.105661197,0.999992764857443,7.23514255800019e-06,-8.59622109511558e-32,1,83.7728163736792,0,9791.58193081437
7.5,179940,178816.143865561,0.999992461922738,7.53807725029978e-06,-1.29424026159027e-31,0.999999999999989,89.4118641262749,0,9744.88602649409
7.55,179940,178679.40725542,0.999992175669396,7.82433060289626e-06,-1.58789735393493e-31,0.999999999999999,94.7106934096148,0,9702.86257670782
7.6,179940,178542.895382466,0.99999190018799,8.09981200147221e-06,-1.80266149609745e-32,0.999999999999991,99.7235494408405,0,9664.83256543799
7.65,179940,178406.607799548,0.999991631402841,8.36859716892135e-06,-1.49020017010721e-32,1.00000000000001,104.491595839788,0,9630.24233276207
7.7,179940,178270.544060673,0.999991366435961,8.63356404642714e-06,1.06038911535143e-32,1.00000000000001,109.046947993647,0,9598.63592551546
7.75,179940,178134.703720996,0.999991103215194,8.89678480406904e-06,1.55863061435122e-31,0.999999999999998,113.415235611769,0,9569.63445605623
7.8,179940,177999.086336821,0.99999084022386,9.15977613290125e-06,2.04739046734458e-31,0.999999999999993,117.61730131771,0,9542.92048120646
7.85,179940,177863.691465598,0.999990576336234,9.42366376066923e-06,6.33829920549395e-32,0.999999999999994,121.670366697137,0,9518.22603248436
7.9,179940,177728.518665915,0.999990310706722,9.68929327404322e-06,-8.53401160034833e-32,0.999999999999996,125.588856689992,0,9495.32333944844
7.95,179940,177593.567497499,0.999990042693635,9.95730636337814e-06,-1.18311148230144e-31,0.999999999999998,129.384997261324,0,9474.01756478488
8,179940,177458.837521211,0.99998977180575,1.02281942512119e-05,2.67783597930082e-32,1,133.069258205245,0,9454.14105993287
8.05,179940,177324.328299041,0.999989497664247,1.05023357444467e-05,-8.87899152587602e-32,0.999999999999991,136.650687479134,0,9435.54878252815
8.1,179940,177190.039394107,0.999989219975283,1.0780024727845e-05,-5.94029982419872e-32,1.00000000000001,140.137167880269,0,9418.11461044578
8.15,179940,177055.970370652,0.999988938509708,1.1061490287022e-05,-5.43626153136836e-33,0.999999999999996,143.535617037693,0,9401.72835424971
8.2,179940,176922.120794035,0.999988653088382,1.1346911609103e-05,-5.00503662445876e-32,0.999999999999991,146.852145309389,0,9386.29331840412
6.2,179960,182451.671285486,1.00000000000001,2.03729469938554e-25,-4.92643991364193e-45,1.00000000000001,0,-132.545809407269,7185.31099882781
6.25,179960,182308.930689984,1,2.84942542004004e-26,2.59343466112746e-29,1,0,-128.715896902047,6971.98877105003
6.3,179960,182166.426874784,1,1.80513027650403e-25,-5.33146680972855e-30,1,0,-124.772286347175,6700.33118190776
6.35,179960,182024.15936143,1,8.34072185907654e-26,1.37901483673221e-30,1,0,-120.703836233776,6342.56986940907
6.4,179960,181882.127672714,0.999999999999995,-6.45627615074524e-25,3.68823128249381e-30,0.999999999999995,0,-116.497470150663,5850.02475823757
6.45,179960,181740.331332678,0.999999999999995,1.28090716072558e-25,4.53916668437242e-29,0.999999999999995,0,-112.137671457766,5128.98000636942
6.5,179960,181598.769866607,0.999999999999994,-3.03622438097909e-26,9.00992554613527e-29,0.999999999999994,0,-107.605794519154,3974.03635809726
6.55,179960,181457.442801026,0.999999999999996,1.27900952048748e-24,3.93725023463863e-29,0.999999999999996,0,-102.879103895735,1862.03558889185
6.6,179960,181316.349663693,0.999999999999997,-2.47148664611706e-23,-2.75904312268832e-28,0.999999999999997,0,-97.9293973977669,3985.9355587392
6.65,179960,181175.489983601,1.0000000000001,-1.3677583591435e-21,-1.43666561972297e-27,1.0000000000001,0,-92.720968945506,49380.0629807547
6.7,179960,181034.863290971,1.00000000000001,2.08163543559933e-22,9.3306822254823e-28,1.00000000000001,0,-87.2074775317075,31806.305413165
6.75,179960,180894.469117247,0.999999999999985,4.00781618289248e-24,3.09246791733338e-28,0.999999999999985,0,-81.3269053532128,18495.3685311267
6.8,179960,180754.306995095,0.999999999999986,-7.22469591453995e-23,-5.12515750344576e-29,0.999999999999986,0,-74.9929514294179,14978.004075646
6.85,179960,180614.376458396,0.999999999999995,-3.96986337813028e-23,2.36785172228406e-29,0.999999999999995,0,-68.0791915002408,13352.6248482251
6.9,179960,180474.677042247,0.999999999999986,3.33225625812466e-23,-6.78649033824916e-30,0.999999999999986,0,-60.3868087744717,12416.0674789653
6.95,179960,180335.20828295,1.00000000000001,1.51507596610861e-23,1.53591849335255e-29,1.00000000000001,0,-51.5685400539793,11806.8389121223
7,179960,180195.969718017,1,4.05260049251196e-23,5.20885755095084e-30,1,0,-40.9025640268461,11378.6763501892
7.05,179960,180056.96088616,0.999999999999987,1.71394866306275e-23,-4.39583600842859e-30,0.999999999999987,0,-26.223718538187,11061.0460995131
7.1,179960,179918.181327289,0.999995914510166,4.08548983124587e-06,-2.01513519777079e-30,0.999999999999997,17.224813245949,0,10815.5902311878
7.15,179960,179779.630582509,0.999992521484792,7.47851521678345e-06,2.27172108664275e-30,1.00000000000001,35.7786612286993,0,10621.4738621353
7.2,179960,179641.308194116,0.999991064558357,8.93544164316083e-06,6.27071707254222e-31,1,47.5664938781685,0,10463.4483404658
7.25,179960,179503.213705592,0.999990230878692,9.76912132022891e-06,-1.80611129535271e-30,1.00000000000001,56.9567374907328,0,10332.2881445883
7.3,179960,179365.346661604,0.999989688240777,1.03117592243048e-05,4.26078485069744e-31,1,64.9969841742053,0,10221.6547764403
7.35,179960,179227.706607998,0.99998929893199,1.07010680065631e-05,-2.55172036718168e-31,0.999999999999996,72.1400367078744,0,10127.0565025923
7.4,179960,179090.293091797,0.999988994980481,1.1005019535695e-05,5.15773265706937e-31,1.00000000000002,78.6307848081083,0,10045.2223019755
7.45,179960,178953.105661197,0.999988739496214,1.12605037813268e-05,-1.00440057006087e-31,0.999999999999995,84.6194644564684,0,9973.7137778879
7.5,179960,178816.143865561,0.999988511207486,1.14887925132463e-05,-1.39009943761804e-31,1,90.2061238393491,0,9910.67615628818
7.55,179960,178679.40725542,0.99998829732493,1.17026750681397e-05,-1.24758314051481e-31,0.999999999999998,95.461368666437,0,9854.67356362978
7.6,179960,178542.895382466,0.999988089927303,1.19100726961517e-05,-3.15571800728589e-32,0.999999999999999,100.437232661298,0,9804.5771000858
7.65,179960,178406.607799548,0.999987884005042,1.21159949613226e-05,-4.84668518323296e-32,1,105.173374590937,0,9759.48697390602
7.7,179960,178270.544060673,0.999987676346783,1.2323653215153e-05,7.9967477819036e-32,0.999999999999998,109.700845569321,0,9718.67719015031
7.75,179960,178134.703720996,0.999987464880179,1.25351198306706e-05,9.19993596478902e-32,1.00000000000001,114.044498556629,0,9681.55552402847
7.8,179960,177999.086336821,0.999987248268845,1.27517311521794e-05,3.19530586759232e-32,0.999999999999997,118.224594233822,0,9647.63406860486
7.85,179960,177863.691465598,0.999987025659657,1.29743403455669e-05,-8.55097782619394e-32,1,122.257908435815,0,9616.50723540068
7.9,179960,177728.518665915,0.999986796520419,1.32034795786148e-05,-2.00307503889886e-31,0.999999999999997,126.158518135071,0,9587.83509679401
7.95,179960,177593.567497499,0.999986560534028,1.34394659636659e-05,2.26894993642131e-31,0.999999999999992,129.93837316267,0,9561.330615869
8,179960,177458.837521211,0.99998631752816,1.36824718399083e-05,6.28315897149569e-32,1,133.607721010836,0,9536.74974497847
8.05,179960,177324.328299041,0.999986067428,1.39325719950073e-05,8.36222856366141e-32,0.999999999999995,137.175428388456,0,9513.88366831065
8.1,179960,177190.039394107,0.999985810224281,1.41897757257705e-05,-3.12673403813292e-32,1.00000000000001,140.649228640667,0,9492.55266571953
8.15,179960,177055.970370652,0.999985545951227,1.44540487825037e-05,1.66834554148625e-32,1.00000000000001,144.035914913028,0,9472.60121582902
8.2,179960,176922.120794035,0.999985274671518,1.47253284812746e-05,4.18076081879225e-32,1,147.341492931205,0,9453.89405591945
6.2,179980,182451.671285486,0.999999999999995,-1.43716597408263e-25,1.45194698623395e-29,0.999999999999995,0,-132.016028962952,7382.14310608347
6.25,179980,182308.930689984,0.999999999999995,-3.79528047622395e-27,7.33302902682283e-30,0.999999999999995,0,-128.16989937512,7228.96555912759
6.3,179980,182166.426874784,1,-1.73159671727721e-26,-2.40151271436176e-30,1,0,-124.208555700586,7042.82986203308
6.35,179980,182024.15936143,1.00000000000001,-5.74036172028877e-25,-1.86148905651283e-29,1.00000000000001,0,-120.120602015113,6811.780690851
6.4,179980,181882.127672714,0.999999999999997,-4.83898260718563e-26,1.45140406700689e-29,0.999999999999997,0,-115.892643321527,6517.28754690531
6.45,179980,181740.331332678,1,-2.64198962151142e-24,2.48584616763175e-29,1,0,-111.508757780649,6129.01158572691
6.5,179980,181598.769866607,0.999999999999986,-6.98331607625211e-25,3.97543555360852e-29,0.999999999999986,0,-106.949775094868,5593.64829564334
6.55,179980,181457.442801026,0.999999999999992,6.73662284529757e-25,-6.33007624136744e-29,0.999999999999992,0,-102.192266212988,4808.29671732216
6.6,179980,181316.349663693,1.00000000000001,-5.29062098385623e-24,-5.21202457977572e-31,1.00000000000001,0,-97.2070892803511,3546.94877764324
6.65,179980,181175.489983601,0.999999999999988,-2.63107819014227e-23,-1.58112556765907e-28,0.999999999999988,0,-91.9572275021954,1266.79101999725
6.7,179980,181034.863290971,1,1.76222463072032e-22,-3.61888239989069e-28,1,0,-86.3944455442745,5244.04200159466
6.75,179980,180894.469117247,0.999999999999835,9.10964473473945e-21,1.69390798842699e-26,0.999999999999835,0,-80.4538643776757,60888.8546369088
6.8,179980,180754.306995095,0.999999999999949,1.14404934675295e-21,-1.54044282024469e-29,0.999999999999949,0,-74.0446108663067,32573.6352647447
6.85,179980,180614.376458396,0.999999999999996,1.46892535551773e-22,-5.62319540773542e-29,0.999999999999996,0,-67.0323878780346,19044.1976371851
6.9,179980,180474.677042247,1.00000000000001,1.12583200046708e-22,-7.09704013612745e-29,1.00000000000001,0,-59.2033331673221,15363.2972331156
6.95,179980,180335.20828295,1.00000000000001,1.64684810424311e-22,3.64884701689751e-29,1.00000000000001,0,-50.1765461357715,13646.831360275
7,179980,180195.969718017,1,-1.03838873829488e-23,1.9973998363535e-29,1,0,-39.1317630227389,12653.2144623608
7.05,179980,180056.96088616,0.999999999999994,1.48182930913689e-22,-7.85423148480037e-30,0.999999999999994,0,-23.363698799278,12004.9168302592
7.1,179980,179918.181327289,0.999989258343588,1.07416564064954e-05,-1.52813665109803e-29,0.999999999999995,20.9430444201157,0,11548.3569323828
7.15,179980,179779.630582509,0.99998409234149,1.5907658520559e-05,-5.20297592599102e-30,1.00000000000001,37.7110758733228,0,11209.9852947635
7.2,179980,179641.308194116,0.99998242337491,1.75766250874668e-05,-5.8129258836627e-30,0.999999999999997,49.037531648516,0,10948.896238784
7.25,179980,179503.213705592,0.999981823590968,1.81764090360189e-05,1.72716179108441e-30,1,58.1916956458432,0,10741.29970785
7.3,179980,179365.346661604,0.999981647609064,1.83523909347045e-05,-1.55139169132376e-30,0.999999999999999,66.0825739104956,0,10572.2498378483
7.35,179980,179227.706607998,0.999981648417918,1.83515820793029e-05,4.16068411820825e-31,0.999999999999997,73.1203011861549,0,10431.8919542738
7.4,179980,179090.293091797,0.999981717462985,1.82825370211615e-05,2.90461786477064e-31,1.00000000000001,79.5316829660938,0,10313.465877681
7.45,179980,178953.105661197,0.999981803692463,1.81963075361113e-05,-5.15999482051545e-31,0.999999999999999,85.4578057722333,0,10212.1799593082
7.5,179980,178816.143865561,0.999981882451256,1.8117548745119e-05,3.16476666107019e-31,1,90.9935267331058,0,10124.5432605843
7.55,179980,178679.40725542,0.999981941984259,1.80580157385972e-05,-9.11651868771471e-32,0.999999999999997,96.2062584432639,0,10047.9522844387
7.6,179980,178542.895382466,0.999981977090509,1.80229094896698e-05,-1.0227806480603e-31,0.999999999999999,101.145948448178,0,9980.42584382239
7.65,179980,178406.607799548,0.999981985965815,1.80140341859747e-05,-2.43748111315449e-31,1,105.850827264437,0,9920.42961698402
7.7,179980,178270.544060673,0.999981968566985,1.8031433016956e-05,1.14239254027194e-31,1,110.350930921747,0,9866.75688637635
7.75,179980,178134.703720996,0.999981925740173,1.80742598165002e-05,-2.51100142515219e-32,0.999999999999989,114.670368512127,0,9818.44553531809
7.8,179980,177999.086336821,0.999981858748485,1.81412515125017e-05,-3.81245233272685e-32,0.999999999999997,118.828841501013,0,9774.71906292342
7.85,179980,177863.691465598,0.999981769014344,1.82309856452529e-05,-1.30696493097448e-31,0.999999999999989,122.84269613172,0,9734.94388226244
7.9,179980,177728.518665915,0.999981657980476,1.83420195141322e-05,-2.13774445654849e-32,0.99999999999999,126.725673180203,0,9698.59788824828
7.95,179980,177593.567497499,0.99998152703685,1.84729631459639e-05,-1.63328200807197e-31,0.999999999999996,130.489455099885,0,9665.24697161706
8,179980,177458.837521211,0.999981377485064,1.86225149481877e-05,2.01615317132152e-32,1.00000000000001,134.14407371559,0,9634.52723015156
8.05,179980,177324.328299041,0.999981210523639,1.87894763567843e-05,-6.69034839179064e-32,0.999999999999996,137.69821959668,0,9606.13132748765
8.1,179980,177190.039394107,0.999981027245216,1.89727547961581e-05,1.04964383898254e-31,1.00000000000001,141.159480627487,0,9579.79791349739
8.15,179980,177055.970370652,0.99998082863966,1.91713603358748e-05,-1.64961200044838e-31,0.999999999999995,144.534528628775,0,9555.30333350586
8.2,179980,176922.120794035,0.999980615600797,1.93843991642972e-05,-1.72390993113067e-31,0.999999999999961,147.829267222839,0,9532.45506875945
6.2,180000,182451.671285486,1,2.94727249481767e-26,-1.1932120420882e-29,1,0,-131.484061170221,7519.27328324771
6.25,180000,182308.930689984,1,-3.04986367019061e-25,-9.29296743650917e-31,1,0,-127.621511611277,7402.17356901264
6.3,180000,182166.426874784,1,-2.45744410835503e-25,-4.29720568217937e-30,1,0,-123.642198744606,7264.35027289515
6.35,180000,182024.15936143,1,4.23173773098973e-25,-7.67325840911371e-30,1,0,-119.534464111107,7099.74448938058
6.4,180000,181882.127672714,0.999999999999995,8.07920331376179e-25,3.15255097846135e-30,0.999999999999995,0,-115.284583263478,6899.67982940829
6.45,180000,181740.331332678,0.999999999999999,-1.86443153394502e-25,-1.64649304259709e-29,0.999999999999999,0,-110.876214329126,6651.27879197053
6.5,180000,181598.769866607,0.999999999999985,5.74984992147931e-25,-4.40318803962836e-30,0.999999999999985,0,-106.289641615226,6334.57264756066
6.55,180000,181457.442801026,0.999999999999996,4.91963231730536e-25,-9.2839187827249e-31,0.999999999999996,0,-101.500712682103,5916.85041814076
6.6,180000,181316.349663693,1,3.53340612336454e-24,2.86552768042233e-29,1,0,-96.4793018563331,5340.60508331871
6.65,180000,181175.489983601,0.999999999999977,-1.83691575049241e-24,-1.15677989978903e-29,0.999999999999977,0,-91.187013598725,4494.77244917733
6.7,180000,181034.863290971,1,4.54067356175438e-23,1.14823797061663e-28,1,0,-85.5736084237221,3135.90034367184
6.75,180000,180894.469117247,0.999999999999997,1.88367360595948e-22,6.98556072150447e-29,0.999999999999997,0,-79.5711581505276,783.207646693451
6.8,180000,180754.306995095,0.999999999999992,1.48957168130838e-22,-2.63815310812962e-28,0.999999999999992,0,-73.083870947046,6363.57970613839
6.85,180000,180614.376458396,1.0000000000002,-2.6940297483453e-20,-6.39110036248899e-28,1.0000000000002,0,-65.9688706651915,68739.1873539227
6.9,180000,180474.677042247,0.99999999999999,-3.1032642153112e-21,-1.45241751623073e-28,0.99999999999999,0,-57.9955930057911,33965.9723584307
6.95,180000,180335.20828295,1,5.49556612957227e-23,2.27700323828936e-28,1,0,-48.7446757059647,19716.4205250523
7,180000,180195.969718017,0.999999999999996,-2.30267257053461e-22,-1.61391788897349e-29,0.999999999999996,0,-37.2767512300452,15803.5183418584
7.05,180000,180056.96088616,0.999999999999993,-1.7063581021103e-22,-3.56335986027003e-29,0.999999999999993,0,-20.1004379024792,13973.6904427352
7.1,180000,179918.181327289,0.999967909001136,3.20909988701697e-05,-1.76919278791264e-29,1.00000000000001,24.0944360825991,0,12912.8630220656
7.15,180000,179779.630582509,0.999961353190496,3.86468095131329e-05,3.05482551759056e-29,1.00000000000001,39.5493578588101,0,12219.4022066826
7.2,180000,179641.308194116,0.999961544966588,3.84550334101308e-05,1.6450452579916e-30,0.999999999999998,50.4658448534842,0,11731.4328538977
7.25,180000,179503.213705592,0.999963123312672,3.68766873310033e-05,8.87559828070683e-31,1,59.4011005951168,0,11369.3515451196
7.3,180000,179365.346661604,0.999964900238748,3.50997612509811e-05,6.27976572632655e-31,0.999999999999999,67.1507185938889,0,11089.9571245107
7.35,180000,179227.706607998,0.999966549402057,3.345059793536e-05,2.47028248312269e-31,0.999999999999992,74.0876899487465,0,10867.7838969428
7.4,180000,179090.293091797,0.999967989058625,3.20109413603156e-05,-2.5984340423433e-30,0.999999999999985,80.4225756565143,0,10686.8485698269
7.45,180000,178953.105661197,0.999969214620316,3.07853796800926e-05,-1.00202529844249e-30,0.999999999999996,86.2880824372585,0,10536.6128197408
7.5,180000,178816.143865561,0.999970245280989,2.97547190148453e-05,-3.01320171018264e-31,1,91.7742492977514,0,10409.8467184935
7.55,180000,178679.40725542,0.999971105690611,2.88943093931926e-05,-2.79377185591257e-31,1,96.9454961000401,0,10301.4249614991
7.6,180000,178542.895382466,0.9999718196401,2.81803598959941e-05,2.92723949923148e-31,0.999999999999996,101.849800498333,0,10207.6130218598
7.65,180000,178406.607799548,0.99997240811604,2.75918839643014e-05,-1.51112518198348e-31,1,106.524036397006,0,10125.6253862122
7.7,180000,178270.544060673,0.999972888969985,2.71110300198714e-05,-2.2689499364213e-31,1,110.997271032899,0,10053.3421143965
7.75,180000,178134.703720996,0.999973277156949,2.67228430471528e-05,1.71754759643856e-31,0.999999999999997,115.292900735041,0,9989.12125693251
7.8,180000,177999.086336821,0.999973585137585,2.64148624297648e-05,6.088047374271e-32,1.00000000000002,119.430089346986,0,9931.67132741195
7.85,180000,177863.691465598,0.999973823289665,2.61767103256094e-05,-4.36738930309412e-32,0.999999999999991,123.424768930922,0,9879.9625352873
7.9,180000,177728.518665915,0.999974000275853,2.5999724146337e-05,1.40565181130986e-31,0.999999999999999,127.290355327967,0,9833.16369763384
7.95,180000,177593.567497499,0.999974123353614,2.58766463920025e-05,-5.75155056166619e-32,1.00000000000001,131.038272014817,0,9790.5965621169
8,180000,177458.837521211,0.999974198630322,2.58013696807863e-05,6.20398325088279e-32,1,134.678341529781,0,9751.70218155841
8.05,180000,177324.328299041,0.999974231270276,2.57687297168765e-05,2.20560935993098e-32,0.999999999999993,138.219083227108,0,9716.01578681502
8.1,180000,177190.039394107,0.999974225661976,2.5774338019462e-05,-9.52088040370205e-32,0.999999999999995,141.66794338498,0,9683.14775341699
8.15,180000,177055.970370652,0.9999741855531,2.58144469005898e-05,1.32495619963162e-31,1,145.03147555522,0,9652.76900483457
8.2,180000,176922.120794035,0.999974114159681,2.58858403139122e-05,-3.01716049621328e-32,0.999999999999995,148.315483707236,0,9624.59969096302
6.2,180020,182451.671285486,1.00000000000001,4.99316587653215e-26,-1.05824006007765e-30,1.00000000000001,0,-130.949879371607,7619.55296077395
6.25,180020,182308.930689984,0.999999999999995,1.35206866965479e-25,-4.4288635947414e-30,0.999999999999995,0,-127.070702664555,7525.99556713417
6.3,180020,182166.426874784,1.00000000000002,-1.94508124406478e-25,-1.09579197328263e-30,1.00000000000002,0,-123.073179222098,7418.40307120422
6.35,180020,182024.15936143,1.00000000000002,5.21969667995679e-25,8.99617159238309e-30,1.00000000000002,0,-118.945379595542,7293.345411056
6.4,180020,181882.127672714,0.999999999999995,1.02946982917575e-24,-1.46384596596035e-29,0.999999999999995,0,-114.673238543532,7146.17495626761
6.45,180020,181740.331332678,1,-1.11391481977174e-24,-2.54677188464338e-30,1,0,-110.239978621652,6970.43383391364
6.5,180020,181598.769866607,1,-1.21069447191545e-24,3.16544531010401e-30,1,0,-105.625316944652,6756.87793792962
6.55,180020,181457.442801026,0.999999999999984,1.21543857251073e-24,-9.53773352137537e-30,0.999999999999984,0,-100.804346246002,6491.79376730365
6.6,180020,181316.349663693,0.999999999999997,-9.04415337484175e-24,1.25378146835707e-29,0.999999999999997,0,-95.7459101773017,6153.9292772597
6.65,180020,181175.489983601,0.999999999999982,-6.91500102768009e-24,2.26741166527797e-29,0.999999999999982,0,-90.4101618165354,5708.49980836676
6.7,180020,181034.863290971,1.00000000000001,3.52012264169774e-24,-2.1843450235378e-29,1.00000000000001,0,-84.7447393689632,5094.42560456764
6.75,180020,180894.469117247,1,1.93711115506472e-23,6.52733689386588e-29,1,0,-78.6784613644887,4193.98961015052
6.8,180020,180754.306995095,0.999999999999992,-9.07831089912775e-23,5.39878879388397e-29,0.999999999999992,0,-72.1102360756666,2750.87636186
6.85,180020,180614.376458396,1,-9.06009355284187e-23,-2.98359451500029e-28,1,0,-64.8878180551879,587.08395345919
6.9,180020,180474.677042247,1.00000000000001,-1.57446451500056e-21,-9.61039421126357e-29,1.00000000000001,0,-56.7620394620415,7258.49780455831
6.95,180020,180335.20828295,1.00000000000038,-2.47582237453309e-20,9.33971640142056e-27,1.00000000000038,0,-47.2693051144289,70057.3972588886
7,180020,180195.969718017,1.00000000000005,3.66873064402476e-21,-1.30972386551333e-27,1.00000000000005,0,-35.3242644505927,36173.777832092
7.05,180020,180056.96088616,0.999999999999994,1.31383501413731e-21,1.67827191468767e-28,0.999999999999994,0,-16.1919412314659,20564.4776971551
7.1,180020,179918.181327289,0.99986184906672,0.0001381509332754,7.98851350695986e-29,0.999999999999995,26.8791073701466,0,16321.576647811
7.15,180020,179779.630582509,0.999878543505685,0.000121456494314593,-1.37829094442948e-29,0.999999999999999,41.3060769121406,0,14340.1266080695
7.2,180020,179641.308194116,0.999898768292542,0.000101231707461956,2.69287936621727e-30,1,51.8549640790859,0,13196.2513622337
7.25,180020,179503.213705592,0.999913985203804,8.60147962015486e-05,5.63912103839584e-30,1.00000000000001,60.586482608732,0,12451.434947649
7.3,180020,179365.346661604,0.999925123493638,7.48765063607638e-05,9.63089223978937e-30,0.999999999999999,68.202237872757,0,11927.7816199415
7.35,180020,179227.706607998,0.999933412708736,6.65872912563629e-05,7.18463110475978e-30,0.999999999999993,75.0427009466474,0,11539.4506106965
7.4,180020,179090.293091797,0.999939720654789,6.02793452150095e-05,-4.30127757638231e-30,1,81.3037917870771,0,11239.9337519951
7.45,180020,178953.105661197,0.999944621316066,5.53786839342409e-05,-3.09735419037692e-30,1,87.1105250516492,0,11001.843300224
7.5,180020,178816.143865561,0.999948496617133,5.15033828604591e-05,1.16501417473277e-30,0.999999999999994,92.5484605956456,0,10808.0019163015
7.55,180020,178679.40725542,0.999951606297015,4.83937029772081e-05,9.02603214987138e-31,0.999999999999992,97.6792099627847,0,10647.0902407281
7.6,180020,178542.895382466,0.999954131426373,4.5868573634131e-05,2.98153142193748e-31,1.00000000000001,102.548888959644,0,10511.34592937
7.65,180020,178406.607799548,0.999956201290927,4.37987090764467e-05,5.88388712326203e-31,1,107.193081941291,0,10395.2682396656
7.7,180020,178270.544060673,0.999957910256221,4.20897437789953e-05,-6.31709142318693e-31,1,111.639930952054,0,10294.8503000298
7.75,180020,178134.703720996,0.999959328583514,4.06714164839333e-05,-6.46978745579763e-32,0.999999999999998,115.912149003475,0,10207.1042326426
7.8,180020,177999.086336821,0.999960509530439,3.94904695614473e-05,2.87747190341764e-31,1,120.028382845944,0,10129.7565930198
7.85,180020,177863.691465598,0.999961494119258,3.85058807412548e-05,-1.79955102135907e-31,0.999999999999999,124.004165064384,0,10061.0468808955
7.9,180020,177728.518665915,0.99996231440753,3.76855924700182e-05,2.0534788681819e-31,1,127.852597344216,0,9999.59060002137
7.95,180020,177593.567497499,0.999962995775863,3.70042241410076e-05,2.12756472104111e-31,1,131.584852248446,0,9944.28396441227
8,180020,177458.837521211,0.999963558557208,3.64414428182436e-05,-1.40367241829454e-31,1.00000000000003,135.210549167944,0,9894.23618763504
8.05,180020,177324.328299041,0.999964019216353,3.59807836438333e-05,9.34839044093825e-32,0.999999999999997,138.738040989802,0,9848.72046913151
8.1,180020,177190.039394107,0.999964391217165,3.56087828399154e-05,2.25763911919089e-31,1.00000000000001,142.174636109714,0,9807.13791934779
8.15,180020,177055.970370652,0.999964685668431,3.53143315777443e-05,-2.45727504330772e-31,1.00000000000001,145.526772767661,0,9768.99060672286
8.2,180020,176922.120794035,0.999964911811711,3.50881882854426e-05,-3.87112719710963e-32,0.999999999999996,148.80015765515,0,9733.86114438896
6.2,180040,182451.671285486,0.999999999999997,1.35444071995243e-25,9.44453238739644e-32,0.999999999999997,0,-130.413456360957,7695.49402777269
6.25,180040,182308.930689984,1.00000000000001,-2.32460929168718e-25,2.50195277136784e-31,1.00000000000001,0,-126.517440912191,7618.26658004231
6.3,180040,182166.426874784,1,1.13502606742073e-25,-2.45207206738173e-30,1,0,-122.501460030157,7531.0022381243
6.35,180040,182024.15936143,0.999999999999994,-3.49877418901898e-25,1.41583154681723e-29,0.999999999999994,0,-118.353304469538,7431.59759632889
6.4,180040,181882.127672714,0.999999999999996,1.4488483217985e-24,3.55674303219024e-30,0.999999999999996,0,-114.058556345094,7317.31677179356
6.45,180040,181740.331332678,1,-4.117879316703e-25,-5.03738556173775e-30,1,0,-109.599986356786,7184.53441381851
6.5,180040,181598.769866607,0.999999999999993,-6.12463386850642e-25,-2.17507015340886e-29,0.999999999999993,0,-104.956721498576,7028.34237384214
6.55,180040,181457.442801026,1.00000000000001,-3.30094519419581e-24,-6.49693341715057e-31,1.00000000000001,0,-100.103066461851,6841.92751718286
6.6,180040,181316.349663693,1.00000000000001,1.4080490566791e-24,3.25027643933214e-30,1.00000000000001,0,-95.0067844594987,6615.54877645603
6.65,180040,181175.489983601,0.999999999999989,-1.24466223217765e-23,-2.85629805356231e-29,0.999999999999989,0,-89.6264995511777,6334.77647303629
6.7,180040,181034.863290971,0.999999999999999,4.13827894926274e-24,-5.44728957816801e-30,0.999999999999999,0,-83.9076003533992,5977.28972795171
6.75,180040,180894.469117247,1,-2.50640322649831e-23,1.63889217341825e-29,1,0,-77.775430009064,5506.64192817775
6.8,180040,180754.306995095,0.999999999999991,-9.14510783550928e-23,5.39227376315925e-29,0.999999999999991,0,-71.1231766809292,4859.04641407528
6.85,180040,180614.376458396,1,9.3940782347496e-23,-4.35783166253442e-30,1,0,-63.7883385109745,3912.1980056134
6.9,180040,180474.677042247,1.00000000000001,1.87942289182612e-22,-1.10697610936007e-28,1.00000000000001,0,-55.5009513927804,2403.04741102252
6.95,180040,180335.20828295,1.00000000000001,4.44138902449634e-22,-1.68348393926744e-28,1.00000000000001,0,-45.7462257576633,754.402077102603
7,180040,180195.969718017,0.999999999999995,3.29855416749578e-21,-1.83868644897631e-28,0.999999999999995,0,-33.2571391942515,7837.15580200953
7.05,180040,180056.96088616,0.999999999999654,-5.74715982667777e-20,-2.62964013464934e-27,0.999999999999654,0,-10.9688874773418,63383.1063663169
7.1,180040,179918.181327289,0.997080651321953,0.00291934867800116,-5.91796435341384e-28,0.999999999999954,29.4014421112844,0,39667.5644625846
7.15,180040,179779.630582509,0.999231557768482,0.00076844223151207,1.47674029760302e-28,0.999999999999994,42.9912327342901,0,21590.6072428745
7.2,180040,179641.308194116,0.999599962800293,0.000400037199702827,-5.50013371626849e-29,0.999999999999996,53.2079591676782,0,16900.5698577981
7.25,180040,179503.213705592,0.999737725592084,0.000262274407922499,6.52950857077412e-30,1.00000000000001,61.7492251862907,0,14745.5665431195
7.3,180040,179365.346661604,0.999806678902221,0.000193321097779063,-9.12466247612061e-30,1,69.2378892238426,0,13507.4624031932
7.35,180040,179227.706607998,0.999847025873641,0.00015297412634711,1.31431696217425e-29,0.999999999999988,75.9858008830672,0,12703.6310515634
7.4,180040,179090.293091797,0.999873055810202,0.000126944189803463,-8.94368940043396e-30,1.00000000000001,82.1756426601761,0,12139.5940451902
7.45,180040,178953.105661197,0.999891006930025,0.000108993069982599,-2.15900879294167e-30,1.00000000000001,87.9253534518767,0,11721.90880484
7.5,180040,178816.143865561,0.999903997936465,9.60020635283251e-05,2.31328833996453e-30,0.999999999999993,93.3163226917464,0,11400.0992312617
7.55,180040,178679.40725542,0.999913746328665,8.62536713322971e-05,-6.09426832374774e-30,0.999999999999997,98.4075235857123,0,11144.506510515
7.6,180040,178542.895382466,0.99992126932577,7.87306742335674e-05,1.23355772714909e-30,1,103.243310598852,0,10936.56060461
7.65,180040,178406.607799548,0.999927204614324,7.27953856813532e-05,-8.61431840268428e-31,1.00000000000001,107.858041377814,0,10764.0410198933
7.7,180040,178270.544060673,0.999931970627579,6.80293724277973e-05,8.96665035941174e-32,1.00000000000001,112.278973873072,0,10618.5767389332
7.75,180040,178134.703720996,0.999935852425212,6.41475747810831e-05,-5.66445726899197e-31,0.999999999999993,116.528165671765,0,10494.241156948
7.8,180040,177999.086336821,0.999939050396959,6.09496030409963e-05,2.56076902096602e-31,1,120.623765958582,0,10386.7205608187
7.85,180040,177863.691465598,0.999941709216801,5.8290783194634e-05,1.56541710468947e-31,0.999999999999996,124.580921877747,0,10292.8004141894
7.9,180040,177728.518665915,0.999943935756044,5.60642439499536e-05,-3.21000992999185e-31,0.999999999999994,128.412431280658,0,10210.036227164
7.95,180040,177593.567497499,0.999945810549967,5.41894500269865e-05,6.69600380040587e-32,0.999999999999994,132.129223558309,0,10136.536005681
8,180040,177458.837521211,0.999947395358305,5.26046416907553e-05,-9.04865378433223e-32,0.999999999999996,135.740720862515,0,10070.8125096371
8.05,180040,177324.328299041,0.999948738280809,5.12617191894459e-05,-7.07491617762477e-32,0.999999999999998,139.25511419241,0,10011.680512642
8.1,180040,177190.039394107,0.999949877298468,5.01227015230146e-05,-4.49534292301315e-32,0.999999999999991,142.679577659276,0,9958.18384430492
8.15,180040,177055.970370652,0.999950842775266,4.91572247471882e-05,-1.76986012612923e-31,1.00000000000001,146.02043705348,0,9909.54260699401
8.2,180040,176922.120794035,0.999951659257754,4.83407422353129e-05,1.18989797263969e-31,0.999999999999989,149.283304090938,0,9865.11434537879
6.2,180060,182451.671285486,1.00000000000001,1.83952500581981e-25,-4.10582665464074e-31,1.00000000000001,0,-129.874764367591,7754.52201361252
6.25,180060,182308.930689984,1,2.17305751563953e-25,-6.0166761175471e-30,1,0,-125.96169403382,7689.15898238902
6.3,180060,182166.426874784,1.00000000000001,-5.04416495793143e-25,-4.95481659595572e-30,1.00000000000001,0,-121.927003192325,7616.31419988582
6.35,180060,182024.15936143,1.00000000000001,-3.30189401431486e-25,6.61677152570678e-30,1.00000000000001,0,-117.758193623752,7534.61763924502
6.4,180060,181882.127672714,0.999999999999995,8.85249171079243e-25,5.72327351859e-32,0.999999999999995,0,-113.44048241538,7442.34258966533
6.45,180060,181740.331332678,0.999999999999987,-1.41374197739342e-25,-1.99568059213448e-30,0.999999999999987,0,-108.9561713382,7337.28153450714
6.5,180060,181598.769866607,0.999999999999994,1.24820251724688e-24,-2.8571124324029e-30,0.999999999999994,0,-104.283773133274,7216.566343875
6.55,180060,181457.442801026,0.999999999999976,-3.90913889051072e-25,-4.04293851083964e-30,0.999999999999976,0,-99.3967693334356,7076.40129790612
6.6,180060,181316.349663693,0.999999999999999,4.08561943265512e-24,1.88944939670642e-29,0.999999999999999,0,-94.2617898177785,6911.65534415843
6.65,180060,181175.489983601,1,-4.37975366956246e-24,-7.48414154502117e-30,1,0,-88.8358465675515,6715.21874765121
6.7,180060,181034.863290971,0.999999999999998,-4.69611105269586e-24,2.06490279358462e-30,0.999999999999998,0,-83.0619413312595,6476.94860548029
6.75,180060,180894.469117247,0.999999999999994,1.6877612277768e-23,-2.3374482455687e-29,0.999999999999994,0,-76.8616998293373,6181.86080953821
6.8,180060,180754.306995095,0.999999999999994,-1.97354584763644e-24,-1.53392778952e-29,0.999999999999994,0,-70.1221258626946,5806.85737273293
6.85,180060,180614.376458396,1,-1.18412750858188e-23,2.74753323507464e-29,1,0,-62.6694621879557,5314.39709492679
6.9,180060,180474.677042247,1,4.3175110697524e-23,-2.94262221066484e-29,1,0,-54.2104072382616,4639.20657900019
6.95,180060,180335.20828295,0.999999999999995,1.70392912260552e-22,-8.77357470928853e-29,0.999999999999995,0,-44.1705026561218,3657.42040987938
7,180060,180195.969718017,0.999999999999994,-3.82139200590039e-22,-4.00457221879407e-29,0.999999999999994,0,-31.0524898760583,2108.83683862306
7.05,180060,180056.96088616,0.999951265512219,4.87344877534963e-05,-3.28125902988969e-28,0.999999999999973,4.64325329721819,0,963.572647592196
7.1,180060,179918.181327289,0.998937565615114,0.00106243438488723,5.63188211536839e-28,1,31.7240761213949,0,8045.07354680042
7.15,180060,179779.630582509,0.977246249187546,0.0227537508122087,-7.90930521119332e-27,0.999999999999754,44.6129354948355,0,55537.6221100518
7.2,180060,179641.308194116,0.99121150798673,0.00878849201325051,1.88559467019427e-28,0.99999999999998,54.5275192376271,0,44088.3975132466
7.25,180060,179503.213705592,0.998333738816676,0.001666261183327,3.43255252116372e-28,1,62.890584037149,0,22808.2728805257
7.3,180060,179365.346661604,0.999238255537207,0.000761744462792762,-3.13228199398444e-29,1,70.2583743594626,0,17570.4201298088
7.35,180060,179227.706607998,0.999536086161881,0.000463913838122614,-6.43449770603863e-30,1,76.9174278909303,0,15201.8285244455
7.4,180060,179090.293091797,0.999674372399206,0.000325627600782392,-2.48765589838862e-29,0.999999999999988,83.0384232641312,0,13851.7822969034
7.45,180060,178953.105661197,0.999751329227398,0.000248670772593503,1.03353723524642e-29,0.999999999999992,88.7327774009428,0,12979.4687162947
7.5,180060,178816.143865561,0.999799231914301,0.000200768085704173,-1.83235239132728e-30,1,94.0779910522152,0,12369.350408346
7.55,180060,178679.40725542,0.999831401155296,0.000168598844703908,7.1303391820538e-31,1,99.1305559957902,0,11918.5905263405
7.6,180060,178542.895382466,0.999854217228206,0.000145782771787605,-3.16883855527315e-30,0.999999999999994,103.933158959048,0,11571.9098212704
7.65,180060,178406.607799548,0.999871076339455,0.00012892366055075,1.51439118045877e-30,1.00000000000001,108.518989820512,0,11296.9448931246
7.7,180060,178270.544060673,0.99988393483821,0.000116065161779734,-1.49302787441482e-31,0.99999999999999,112.91446120749,0,11073.4890072552
7.75,180060,178134.703720996,0.99989399102325,0.000106008976743522,1.40842296153131e-30,0.999999999999993,117.141001722553,0,10888.2742508747
7.8,180060,177999.086336821,0.999902015847057,9.79841529412318e-05,-9.92184887452028e-31,0.999999999999998,121.216281570091,0,10732.2286687547
7.85,180060,177863.691465598,0.999908525687558,9.14743124276378e-05,-2.84806377861857e-31,0.999999999999985,125.155075859629,0,10598.9391278993
7.9,180060,177728.518665915,0.999913878217326,8.6121782669692e-05,-7.66873408222155e-31,0.999999999999996,128.96988849634,0,10483.7437717183
7.95,180060,177593.567497499,0.999918328324317,8.16716756808969e-05,4.71547970336014e-31,0.999999999999998,132.671413135058,0,10383.1724438375
8,180060,177458.837521211,0.999922062133162,7.79378668424998e-05,-9.57460678554653e-32,1,136.268880376787,0,10294.5887786826
8.05,180060,177324.328299041,0.999925218461059,7.47815389279926e-05,1.92057676572452e-31,0.999999999999987,139.770323750419,0,10215.9539723865
8.1,180060,177190.039394107,0.999927902777082,7.20972229211222e-05,-3.24337684082154e-32,1,143.182786560483,0,10145.6665596345
8.15,180060,177055.970370652,0.999930196534017,6.98034659846543e-05,5.89647040743085e-32,1,146.512484918779,0,10082.451118443
8.2,180060,176922.120794035,0.999932163558459,6.78364415352084e-05,1.46588191306182e-31,0.999999999999994,149.764937797994,0,10025.2793157675
6.2,180080,182451.671285486,0.999999999999992,-3.38965987532754e-25,1.39903498323007e-30,0.999999999999992,0,-129.333775039693,7801.32213696698
6.25,180080,182308.930689984,1.00000000000001,3.2924058131243e-25,1.89275215533769e-30,1.00000000000001,0,-125.403428989661,7744.89831130776
6.3,180080,182166.426874784,0.999999999999994,1.04133008066396e-25,-5.43349038114688e-30,0.999999999999994,0,-121.349769829445,7682.71254342218
6.35,180080,182024.15936143,1,-5.69766481493125e-25,-7.58503403471649e-31,1,0,-117.160000798647,7613.82956113632
6.4,180080,181882.127672714,1.00000000000001,9.77759132687205e-25,2.6829258470545e-30,1.00000000000001,0,-112.818961010037,7537.09978444963
6.45,180080,181740.331332678,1,-7.17782420065859e-25,-2.84172972096953e-30,1,0,-108.308465395454,7451.09425010537
6.5,180080,181598.769866607,0.99999999999999,8.29743194114466e-25,2.00156221709428e-30,0.99999999999999,0,-103.606387029021,7354.01431030511
6.55,180080,181457.442801026,0.999999999999985,-2.28855412716305e-24,-7.43708854534264e-30,0.999999999999985,0,-98.6853471324957,7243.56392273941
6.6,180080,181316.349663693,1,3.45370523336381e-25,-9.20248089866589e-31,1,0,-93.5107859801941,7116.7651375893
6.65,180080,181175.489983601,1,-3.47078399550683e-24,7.13938783583813e-30,1,0,-88.0380145188578,6969.68500213424
6.7,180080,181034.863290971,1,1.38426925244526e-23,1.23306005119095e-29,1,0,-82.2074993700126,6797.02007985646
6.75,180080,180894.469117247,1,3.37779962383935e-25,-1.37069007525064e-29,1,0,-75.9368846171976,6591.44404524975
6.8,180080,180754.306995095,0.999999999999994,-2.30753052954419e-24,-7.7872714467963e-30,0.999999999999994,0,-69.106475599909,6342.54503096105
6.85,180080,180614.376458396,0.999999999999996,2.97246366897862e-23,2.14127343152438e-29,0.999999999999996,0,-61.5301309504181,6035.01917650475
6.9,180080,180474.677042247,1,-7.87596604426e-23,2.0949443241486e-29,1,0,-52.8882507386592,5645.44270954291
6.95,180080,180335.20828295,1,1.67660310317671e-22,6.5801810319664e-30,1,0,-42.536285774296,5136.16948642743
7,180080,180195.969718017,0.999999999999997,-1.33715321738323e-22,-2.40404633742139e-29,0.999999999999997,0,-28.6786178071281,4443.23826792803
7.05,180080,180056.96088616,0.999952330425437,4.76695745581682e-05,-6.66994367750698e-29,0.999999999999995,12.7847534263637,0,3458.74281084618
7.1,180080,179918.181327289,0.999778477058765,0.000221522941236234,1.52104250653111e-28,1,33.8880957802703,0,1891.96829103194
7.15,180080,179779.630582509,0.999367421418521,0.000632578581485997,-2.09146964109541e-28,1.00000000000001,46.1778708282149,0,1271.19213503484
7.2,180080,179641.308194116,0.99767483375766,0.00232516624234344,2.3565590023612e-28,1,55.8160156756375,0,8205.02716860881
7.25,180080,179503.213705592,0.969207419267638,0.030792580732406,5.09017902737705e-27,1.00000000000004,64.0117030173117,0,47874.882676135
7.3,180080,179365.346661604,0.980406990176934,0.0195930098230851,1.26756437780137e-27,1.00000000000002,71.2643448102512,0,50598.1553186841
7.35,180080,179227.706607998,0.99693782750544,0.00306217249455415,1.57750610614534e-28,0.999999999999994,77.8379939227137,0,24317.1784910242
7.4,180080,179090.293091797,0.998698753045519,0.00130124695449106,4.21305320198506e-30,1.00000000000001,83.8924134454074,0,18353.922540228
7.45,180080,178953.105661197,0.999242072665134,0.000757927334863442,3.49712371456871e-29,0.999999999999998,89.532997222898,0,15719.7999894741
7.5,180080,178816.143865561,0.999484607076686,0.000515392923304309,1.96355787120011e-30,0.99999999999999,94.833614914511,0,14235.5486009369
7.55,180080,178679.40725542,0.999615902323994,0.0003840976760087,-4.95323308154346e-30,1,99.8484219216217,0,13283.0913121892
7.6,180080,178542.895382466,0.999695953472606,0.000304046527387358,-1.2981198719003e-29,0.999999999999994,104.618524508058,0,12619.9738794988
7.65,180080,178406.607799548,0.999748854390645,0.000251145609353974,-1.00982976233148e-30,0.999999999999999,109.176000116733,0,12131.671745408
7.7,180080,178270.544060673,0.999785900126694,0.000214099873303227,4.13071045254768e-31,0.999999999999997,113.546452654153,0,11757.051006937
7.75,180080,178134.703720996,0.999812997799252,0.000187002200747107,8.29761552023265e-31,0.999999999999999,117.750706816615,0,11460.5046155344
7.8,180080,177999.086336821,0.999833499744018,0.000166500255977699,-2.16760501403679e-30,0.999999999999996,121.805971526675,0,11219.8887249735
7.85,180080,177863.691465598,0.999849433077328,0.000150566922669052,1.53193708568745e-30,0.999999999999997,125.726662668959,0,11020.7093600841
7.9,180080,177728.518665915,0.999862087389265,0.000137912610732661,-5.88162495981595e-31,0.999999999999997,129.524999678466,0,10853.0817316512
7.95,180080,177593.567497499,0.999872317871256,0.000127682128736612,-9.09389705325389e-31,0.999999999999993,133.211447618585,0,10710.0330424631
8,180080,177458.837521211,0.999880711625319,0.000119288374679452,4.29584838411173e-31,0.999999999999998,136.795051017567,0,10586.5037616486
8.05,180080,177324.328299041,0.999887683695673,0.000112316304316909,-2.54154063167431e-31,0.99999999999999,140.283690197236,0,10478.733542848
8.1,180080,177190.039394107,0.999893534961124,0.000106465038873633,-2.80677929572755e-31,0.999999999999998,143.684281017494,0,10383.8693849868
8.15,180080,177055.970370652,0.999898488343473,0.000101511656531358,-4.04672763461182e-31,1,147.002932594993,0,10299.707538409
8.2,180080,176922.120794035,0.999902712186265,9.72878137362748e-05,1.31771020734339e-32,1,150.245073324168,0,10224.51876472
6.2,180100,182451.671285486,1.00000000000001,4.68598536298779e-25,1.62151875815233e-30,1.00000000000001,0,-128.790459427114,7838.99656975133
6.25,180100,182308.930689984,0.999999999999986,-2.14433346906655e-25,1.23695097231822e-30,0.999999999999986,0,-124.842611997867,7789.50810096535
6.3,180100,182166.426874784,0.999999999999997,-4.9528410214723e-25,4.92925414901498e-30,0.999999999999997,0,-120.769720129297,7735.46418032501
6.35,180100,182024.15936143,1.00000000000002,-1.91187253989782e-25,1.04240491595507e-30,1.00000000000002,0,-116.558678542965,7676.20191322254
6.4,180100,181882.127672714,0.999999999999987,-4.46894276075372e-25,6.5828956281017e-31,0.999999999999987,0,-112.19393483505,7610.92302183507
6.45,180100,181740.331332678,1.00000000000001,-2.41107052503616e-24,-6.38653984098169e-30,1.00000000000001,0,-107.656798300517,7538.65746747959
6.5,180100,181598.769866607,0.999999999999985,-2.72121610145259e-24,-6.81092170346686e-30,0.999999999999985,0,-102.924475566352,7458.21469873469
6.55,180100,181457.442801026,1,1.27331659977315e-24,3.36881380390688e-30,1,0,-97.9686882083782,7368.11733311077
6.6,180100,181316.349663693,1.00000000000001,5.0951640393307e-24,1.1220330692572e-30,1.00000000000001,0,-92.7536269817805,7266.50944288238
6.65,180100,181175.489983601,0.999999999999993,2.23542020049592e-24,-1.14972194983725e-29,0.999999999999993,0,-87.232806425898,7151.02738101682
6.7,180100,181034.863290971,0.999999999999998,-1.98588050918422e-24,1.41303777496132e-29,0.999999999999998,0,-81.3439977006214,7018.61411500291
6.75,180100,180894.469117247,0.999999999999994,6.5867092664867e-24,-4.77226000585681e-30,0.999999999999994,0,-75.0005743126034,6865.24627024156
6.8,180100,180754.306995095,0.999999999999998,-3.26394120955262e-24,-9.79788231767491e-30,0.999999999999998,0,-68.0755724485085,6685.52270527874
6.85,180100,180614.376458396,0.999999999999996,3.53416517945977e-23,-1.19623203028872e-30,0.999999999999996,0,-60.3691866893057,6472.0274454216
6.9,180100,180474.677042247,0.999999999999995,7.01975076882387e-23,-1.19188867647224e-29,0.999999999999995,0,-51.532048719886,6214.31669078063
6.95,180100,180335.20828295,1,-2.29295665251548e-22,1.71526281135802e-29,1,0,-40.8365532188919,5897.28516968815
7,180100,180195.969718017,0.999999999999999,5.0613860430923e-23,1.4267917287135e-29,0.999999999999999,0,-26.0893710704884,5498.77682447563
7.05,180100,180056.96088616,0.999962594697551,3.74053024366993e-05,8.41886748094269e-30,0.999999999999988,17.4743773705577,0,4987.57260922503
7.1,180100,179918.181327289,0.9998877915358,0.00011220846420212,-1.41629529032368e-29,1,35.9221782162433,0,4274.67905269448
7.15,180100,179779.630582509,0.999767513581348,0.000232486418649953,6.42671586378411e-29,0.999999999999998,47.6916272977043,0,3251.26137958024
7.2,180100,179641.308194116,0.999519767582633,0.000480232417366635,-5.48710365481905e-29,1,57.0755523308798,0,1681.29965391061
7.25,180100,179503.213705592,0.998880690858946,0.0011193091410563,1.13709002915432e-28,1,65.1136275985403,0,1485.72430494463
7.3,180100,179365.346661604,0.996426042602863,0.00357395739713011,6.78721423055192e-29,0.999999999999993,72.2564068092188,0,8137.65745721567
7.35,180100,179227.706607998,0.965858738242451,0.0341412617575281,3.25543055252769e-27,0.999999999999979,78.7478868892061,0,40466.3470038449
7.4,180100,179090.293091797,0.957047481694375,0.0429525183054638,-1.55665800782623e-28,0.999999999999839,84.7378789746667,0,60700.4151439089
7.45,180100,178953.105661197,0.994671734522286,0.00532826547768074,2.95203281060054e-28,0.999999999999967,90.3262043868462,0,26222.1032728873
7.5,180100,178816.143865561,0.997884215646361,0.0021157843536318,-9.23541799844086e-29,0.999999999999993,95.5833376311773,0,19281.6512054205
7.55,180100,178679.40725542,0.99881361684441,0.00118638315558899,6.1545323579514e-29,0.999999999999998,100.561232007619,0,16313.4099043395
7.6,180100,178542.895382466,0.999214219761392,0.000785780238612124,-1.03082263911113e-29,1,105.299494778114,0,14666.6250971554
7.65,180100,178406.607799548,0.999426080650669,0.000573919349336793,-5.32264437228883e-30,1.00000000000001,109.829142941836,0,13619.5303452529
7.7,180100,178270.544060673,0.999553060855819,0.000446939144178039,4.22391158652628e-30,0.999999999999997,114.175006265328,0,12894.9574946968
7.75,180100,178134.703720996,0.999635873613914,0.000364126386085238,3.15074124770448e-30,1,118.357329340354,0,12363.7202488066
7.8,180100,177999.086336821,0.999693261616495,0.000306738383499472,-1.27495531821241e-30,0.999999999999994,122.392876670457,0,11957.4918720068
7.85,180100,177863.691465598,0.999734886201216,0.000265113798772055,-1.30481587570071e-30,0.999999999999988,126.295717161153,0,11636.7454117583
7.9,180100,177728.518665915,0.99976616492985,0.000233835070147188,-8.21391547272756e-31,0.999999999999997,130.077794862385,0,11377.027323256
7.95,180100,177593.567497499,0.999790340473443,0.000209659526558899,-6.46073880201322e-31,1,133.74935311352,0,11162.3980807454
8,180100,177458.837521211,0.999809457514958,0.000190542485037212,9.05770243811658e-31,0.999999999999995,137.319255647373,0,10982.0236648242
8.05,180100,177324.328299041,0.999824861426565,0.000175138573431226,-7.69135571668237e-32,0.999999999999997,140.795233693895,0,10828.2830686138
8.1,180100,177190.039394107,0.999837469405528,0.000162530594470485,6.11915212165466e-31,0.999999999999998,144.184078919636,0,10695.6594743754
8.15,180100,177055.970370652,0.999847925789906,0.00015207421008661,-2.56755551130427e-31,0.999999999999993,147.491796045248,0,10580.0609567516
8.2,180100,176922.120794035,0.999856695022428,0.000143304977563364,3.45206141872274e-31,0.999999999999991,150.723724986999,0,10478.3883737562
6.2,180120,182451.671285486,1.00000000000001,-1.18602514881998e-27,2.29247643626056e-30,1.00000000000001,0,-128.244787963613,7869.68093027317
6.25,180120,182308.930689984,1,-6.82676075660787e-25,2.72726425059773e-30,1,0,-124.279208511042,7825.70431550668
6.3,180120,182166.426874784,0.999999999999995,6.85048125958427e-25,-7.84518283101602e-31,0.999999999999995,0,-120.186813315006,7778.04774016379
6.35,180120,182024.15936143,1.00000000000001,-2.04613058674425e-24,-4.36688031631873e-30,1.00000000000001,0,-115.954178170372,7726.22678180538
6.4,180120,181882.127672714,0.999999999999996,-4.64966334280519e-25,-5.92324876722388e-30,0.999999999999996,0,-111.565344985809,7669.66796441521
6.45,180120,181740.331332678,1,7.45772613578012e-25,-3.62127124448975e-30,1,0,-107.001097679821,7607.68735981552
6.5,180120,181598.769866607,1,-2.46693230954547e-26,2.25944884994776e-30,1,0,-102.237948194999,7539.46273190696
6.55,180120,181457.442801026,0.999999999999989,-2.6377199309757e-25,-1.21975853012799e-30,0.999999999999989,0,-97.246676785168,7463.99684539992
6.6,180120,181316.349663693,0.999999999999995,6.05536999981535e-24,-3.38691111147555e-30,0.999999999999995,0,-91.990160835727,7380.06851683456
6.65,180120,181175.489983601,0.999999999999997,-6.57722106529615e-24,3.34619216944607e-30,0.999999999999997,0,-86.4200161127465,7286.16640922889
6.7,180120,181034.863290971,0.999999999999993,-9.66551195030854e-24,-4.3198273166402e-30,0.999999999999993,0,-80.4711446760177,7180.39816208482
6.75,180120,180894.469117247,1,-1.36630097144063e-23,1.17026239392768e-29,1,0,-74.05233288848,7060.36373999675
6.8,180120,180754.306995095,0.999999999999991,1.99631753049382e-24,-2.03685196685318e-30,0.999999999999991,0,-67.0287126429009,6922.9762313958
6.85,180120,180614.376458396,0.999999999999996,-4.29625749908554e-24,-3.32899972725583e-30,0.999999999999996,0,-59.1853575742577,6764.20526229945
6.9,180120,180474.677042247,0.999999999999995,3.91065700270119e-23,2.92162933388519e-29,0.999999999999995,0,-50.1390385843737,6578.710192118
6.95,180120,180335.20828295,1.00000000000001,6.89830179358471e-23,7.58096214051354e-30,1.00000000000001,0,-39.0627536008634,6359.34953337862
7,180120,180195.969718017,0.999999999999996,-4.2750039284187e-23,1.3916829520303e-29,0.999999999999996,0,-23.2127899677852,6096.93932471476
7.05,180120,180056.96088616,0.99996811560755,3.18843924342592e-05,-4.12184277183902e-29,0.999999999999985,21.1487974627848,0,5778.52949350585
7.1,180120,179918.181327289,0.999923947934506,7.60520654987472e-05,-1.27766991434771e-29,1,37.8472794571748,0,5365.35376692978
7.15,180120,179779.630582509,0.999863641889572,0.000136358110434,-6.422734456119e-30,1.00000000000001,49.158932999883,0,4828.48889366537
7.2,180120,179641.308194116,0.999766149213467,0.000233850786530655,6.4715971865544e-29,0.999999999999997,58.3080059521762,0,4102.9844744239
7.25,180120,179503.213705592,0.999590611376769,0.00040938862322208,-5.47135899723431e-29,0.999999999999991,66.1973163211447,0,3070.8477325545
7.3,180120,179365.346661604,0.999231499967922,0.000768500032074138,-4.78130865964114e-29,0.999999999999997,73.2351255809823,0,1519.25007963419
7.35,180120,179227.706607998,0.998339754665526,0.00166024533446955,7.60521253265554e-29,0.999999999999995,79.6474725785949,0,1625.30307021154
7.4,180120,179090.293091797,0.995167336122796,0.00483266387720652,2.94884768446846e-28,1,85.5750725180916,0,7881.84825302195
7.45,180120,178953.105661197,0.965164981453244,0.0348350185468173,-9.009853156905e-28,1.00000000000006,91.112582045155,0,33899.8066902718
7.5,180120,178816.143865561,0.898576667784665,0.10142333221513,1.45566055374704e-27,0.999999999999795,96.327296989478,0,77607.6885816426
7.55,180120,178679.40725542,0.990873486736004,0.00912651326400107,-8.03810012969798e-29,1.00000000000001,101.269093014518,0,28685.3447970218
7.6,180120,178542.895382466,0.996643075426259,0.00335692457372029,6.93271658340399e-29,0.999999999999979,105.976154497362,0,20395.959231067
7.65,180120,178406.607799548,0.998189113064276,0.00181088693575011,-1.13506313070663e-29,1.00000000000003,110.478486888649,0,17000.8754352949
7.7,180120,178270.544060673,0.998830573466543,0.0011694265334576,6.43540257141707e-30,1,114.800178509482,0,15154.9347991869
7.75,180120,178134.703720996,0.999161758221546,0.000838241778448638,-7.89042609993769e-31,0.999999999999995,118.960916450998,0,13994.9798238769
7.8,180120,177999.086336821,0.999356911053323,0.000643088946667054,-1.72128016612459e-30,0.99999999999999,122.977036872786,0,13198.523668488
7.85,180120,177863.691465598,0.999482561794118,0.000517438205876177,-7.47237829510155e-30,0.999999999999994,126.862273413134,0,12617.7966706404
7.9,180120,177728.518665915,0.999568763664433,0.000431236335559988,1.084028723363e-30,0.999999999999993,130.628303450719,0,12175.5532728174
7.95,180120,177593.567497499,0.999630783916886,0.000369216083103757,1.40650012260214e-30,0.99999999999999,134.285155204081,0,11827.4888762507
8,180120,177458.837521211,0.999677083465934,0.000322916534048888,3.49278036075226e-31,0.999999999999982,137.841516696116,0,11546.3738833508
8.05,180120,177324.328299041,0.999712677161412,0.000287322838579318,1.26500179904965e-30,0.999999999999991,141.304974038367,0,11314.5514497554
8.1,180120,177190.039394107,0.999740700782159,0.000259299217857278,-2.11738498553374e-31,1.00000000000002,144.682197848894,0,11120.0709634948
8.15,180120,177055.970370652,0.999763202657203,0.000236797342803919,-1.71924421902313e-31,1.00000000000001,147.97909097046,0,10954.5553958131
8.2,180120,176922.120794035,0.999781570274115,0.000218429725885712,1.84592537200377e-31,1,151.200906878714,0,10811.9585425908
6.2,180140,182451.671285486,1,7.92027594381991e-25,-3.7941005317705e-30,1,0,-127.696730448222,7894.8935031752
6.25,180140,182308.930689984,1,-3.82848918039094e-25,7.28145170025214e-30,1,0,-123.713183191616,7855.3865819626
6.3,180140,182166.426874784,1,7.201544703635e-25,-7.86147040782784e-30,1,0,-119.601007611873,7812.85312640653
6.35,180140,182024.15936143,1.00000000000001,1.26098193822542e-24,-3.01591630631793e-30,1.00000000000001,0,-115.346449713828,7766.93007465579
6.4,180140,181882.127672714,0.999999999999995,-4.80102980242333e-25,5.50701069314459e-30,0.999999999999995,0,-110.933130882848,7717.19381793953
6.45,180140,181740.331332678,1,1.57266934733531e-24,-2.11286065864157e-30,1,0,-106.341288921176,7663.14708887991
6.5,180140,181598.769866607,0.999999999999984,2.45175118764068e-24,7.78365198528257e-30,0.999999999999984,0,-101.546711294582,7604.2023161921
6.55,180140,181457.442801026,0.999999999999995,-3.50494151979284e-24,-1.5771803546091e-30,0.999999999999995,0,-96.5191927448663,7539.66029993584
6.6,180140,181316.349663693,1,3.57325656836489e-24,7.61806162102932e-30,1,0,-91.2202291794446,7468.68263069035
6.65,180140,181175.489983601,0.999999999999975,-6.10945274660154e-24,-3.20616425213351e-30,0.999999999999975,0,-85.5994275937875,7390.25566937481
6.7,180140,181034.863290971,0.999999999999999,1.70965525202408e-25,-8.9762645540576e-31,0.999999999999999,0,-79.5886326262381,7303.14306086063
6.75,180140,180894.469117247,1,1.61033750606183e-23,-5.46176742422292e-30,1,0,-73.0916959878272,7205.82263327375
6.8,180140,180754.306995095,1,2.34050202868137e-24,-4.80935948637257e-30,1,0,-65.9651364961214,7096.40226410765
6.85,180140,180614.376458396,0.999999999999999,-2.65669633335679e-24,-1.95269948665889e-30,0.999999999999999,0,-57.9772417743631,6972.5088466566
6.9,180140,180474.677042247,1,-6.44286813643783e-23,-1.50479112433445e-30,1,0,-48.7060622600404,6831.15021738588
6.95,180140,180335.20828295,1,-5.17372634518852e-23,-1.93043979834944e-29,1,0,-37.2042944794473,6668.59662537371
7,180140,180195.969718017,0.999999999999996,2.37857818005909e-22,1.46877748227281e-29,0.999999999999996,0,-19.9248117939832,6480.85589095852
7.05,180140,180056.96088616,0.999971176982493,2.88230175024866e-05,-1.38978273473559e-29,0.999999999999995,24.2735087920767,0,6260.07269769839
7.1,180140,179918.181327289,0.999940537488309,5.94625116916865e-05,9.73816120269836e-30,1,39.6792648514155,0,5986.14315093355
7.15,180140,179779.630582509,0.999902252108563,9.7747891439033e-05,1.77226933019931e-29,1,50.5838303451301,0,5650.13138480122
7.2,180140,179641.308194116,0.999847705970409,0.000152294029584814,1.0514535697394e-29,0.999999999999994,59.5150590913024,0,5228.19058888748
7.25,180140,179503.213705592,0.999764243513812,0.000235756486193083,-7.72664546644129e-30,1,67.2636505879928,0,4682.62657859309
7.3,180140,179365.346661604,0.999627589020508,0.000372410979496018,-1.04929320364839e-29,1,74.2010291228453,0,3950.38665120665
7.35,180140,179227.706607998,0.999384616895015,0.000615383104985105,2.68817406624941e-29,1,80.5370963832636,0,2919.46689898856
7.4,180140,179090.293091797,0.998900138549324,0.00109986145066931,-4.76755470588896e-29,0.999999999999993,86.4042345244467,0,1405.96866486611
7.45,180140,178953.105661197,0.99774548778652,0.0022545122134771,-1.52822713763587e-29,0.999999999999997,91.8923055305725,0,1694.90660657425
7.5,180140,178816.143865561,0.993941647782416,0.00605835221756726,6.85207498087801e-28,0.999999999999983,97.0656255092955,0,7480.60022930955
7.55,180140,178679.40725542,0.965870205241738,0.0341297947583936,-2.77974644254685e-28,1.00000000000013,101.972108007648,0,28323.0111140051
7.6,180140,178542.895382466,0.726594964048298,0.273405035951619,-8.55362727202203e-27,0.999999999999917,106.648585714098,0,107739.487450756
7.65,180140,178406.607799548,0.984241056607006,0.015758943393031,1.015765679214e-28,1.00000000000004,111.124098552458,0,31969.9972010525
7.7,180140,178270.544060673,0.994725325124192,0.00527467487583403,7.07387558243955e-29,1.00000000000003,115.422024331197,0,21757.1634650626
7.75,180140,178134.703720996,0.997275085469358,0.00272491453062802,-1.02306341849105e-31,0.999999999999986,119.561514119971,0,17806.5058749669
7.8,180140,177999.086336821,0.998286566371799,0.0017134336282205,1.09244397138243e-29,1.00000000000002,123.55849106632,0,15713.2000455586
7.85,180140,177863.691465598,0.99879488965928,0.00120511034071577,-8.08949648319302e-31,0.999999999999996,127.42636474756,0,14417.1664008151
7.9,180140,177728.518665915,0.999088943990448,0.000911056009541033,-6.58741995499384e-30,0.999999999999989,131.176554231962,0,13535.8347447732
7.95,180140,177593.567497499,0.999275713027263,0.000724286972738072,-8.85501259334753e-30,1,134.818878968573,0,12897.5855498518
8,180140,177458.837521211,0.999402503108787,0.000597496891217249,2.50500669202007e-30,1,138.361856172558,0,12413.9950140913
8.05,180140,177324.328299041,0.999492963755826,0.000507036244172159,1.11298441547288e-31,0.999999999999998,141.812930674728,0,12034.8794756945
8.1,180140,177190.039394107,0.999560036351237,0.000439963648774022,8.63241571025294e-31,1.00000000000001,145.17865508734,0,11729.6434513194
8.15,180140,177055.970370652,0.999611312363504,0.000388687636514104,1.1090256294422e-31,1.00000000000002,148.464832815405,0,11478.5732576441
8.2,180140,176922.120794035,0.999651497641665,0.000348502358343483,1.04240491595507e-30,1.00000000000001,151.676632871243,0,11268.3947353965
6.2,180160,182451.671285486,0.999999999999994,2.00675455180343e-25,3.80676864706857e-30,0.999999999999994,0,-127.146256026094,7915.74325762334
6.25,180160,182308.930689984,0.999999999999994,-2.88797123737668e-25,-4.57952368025053e-30,0.999999999999994,0,-123.144499886384,7879.92344873297
6.3,180160,182166.426874784,0.999999999999995,3.89016248812953e-26,-2.35264998392641e-31,0.999999999999995,0,-119.012260212929,7841.5765214145
6.35,180160,182024.15936143,1,1.24888448170745e-25,1.81335021838018e-30,1,0,-114.735441878005,7800.42455338183
6.4,180160,181882.127672714,0.999999999999986,-1.62343122370481e-24,2.24859046540655e-30,0.999999999999986,0,-110.297230204487,7756.14732007461
6.45,180160,181740.331332678,1.00000000000002,-8.38756985245499e-25,5.60111669250162e-31,1.00000000000002,0,-105.677295075684,7708.3739949334
6.5,180160,181598.769866607,1,-2.64151521145189e-24,-1.09036278101203e-30,1,0,-100.850668026929,7656.67284732991
6.55,180160,181457.442801026,0.999999999999995,1.71546677525324e-24,-1.23242664542605e-30,0.999999999999995,0,-95.7861113959584,7600.53837086549
6.6,180160,181316.349663693,1.00000000000001,-6.66735897660649e-24,3.19869911276145e-30,1.00000000000001,0,-90.4436668937145,7539.37509996596
6.65,180160,181175.489983601,0.999999999999974,7.14651313672974e-24,-5.3712808863796e-30,0.999999999999974,0,-84.7708144075046,7472.47715317771
6.7,180160,181034.863290971,1.00000000000001,-8.90076293434942e-24,-3.70994805157606e-32,1.00000000000001,0,-78.6961365980527,7399.00229359692
6.75,180160,180894.469117247,1,1.62400051577624e-23,-8.99979105389682e-30,1,0,-72.1181682773229,7317.93910847933
6.8,180160,180754.306995095,0.999999999999994,-1.93900879530283e-23,-5.64997942293703e-30,0.999999999999994,0,-64.8840219727311,7228.06613286706
6.85,180160,180614.376458396,1,6.45121775348552e-23,-5.12877696495951e-30,1,0,-56.7432880545573,7127.90377009213
6.9,180160,180474.677042247,1.00000000000002,8.13708134102423e-24,1.02656977183249e-29,1.00000000000002,0,-47.2294820786064,7015.67010836149
6.95,180160,180335.20828295,0.999999999999995,-1.6334887169668e-23,7.88952123455927e-30,0.999999999999995,0,-35.2477872397434,6889.31121810874
7,180160,180195.969718017,0.999999999999993,-5.20408858899832e-23,-2.95890978747664e-30,0.999999999999993,0,-15.9733779667653,6747.41798578098
7.05,180160,180056.96088616,0.999972894813629,2.71051863418818e-05,-7.81939416773069e-30,0.999999999999971,27.0397605269739,0,6582.95208604034
7.1,180160,179918.181327289,0.999949479576488,5.05204235137648e-05,1.54152865869884e-29,1,41.4304885116453,0,6385.47853784683
7.15,180160,179779.630582509,0.999921778637714,7.82213622884642e-05,-3.07020822902393e-30,1,51.9698076809332,0,6152.11172422306
7.2,180160,179641.308194116,0.999885272508047,0.00011472749192085,5.10208343629572e-30,0.999999999999968,60.698227119396,0,5872.02400709828
7.25,180160,179503.213705592,0.999834445423901,0.000165554576103839,-1.09118847066985e-29,1,68.3134430836501,0,5529.59844442211
7.3,180160,179365.346661604,0.999760419157012,0.000239580842976204,-1.49343506383511e-29,0.999999999999988,75.1546115488388,0,5101.44434724064
7.35,180160,179227.706607998,0.999647354754399,0.000352645245597047,-1.54433374137198e-29,0.999999999999996,81.4170848567927,0,4550.94695456581
7.4,180160,179090.293091797,0.999464458415454,0.000535541584544826,-2.23936083854654e-29,0.999999999999999,87.2255940361432,0,3817.76026313559
7.45,180160,178953.105661197,0.999145423041246,0.00085457695874679,3.8388008814651e-29,0.999999999999993,92.6655428155314,0,2797.51539011554
7.5,180160,178816.143865561,0.998526372636292,0.00147362736370013,6.65980918526858e-30,0.999999999999992,97.7984507205836,0,1338.57144454989
7.55,180160,178679.40725542,0.997111014500635,0.00288898549935278,2.15879162525084e-28,0.999999999999987,102.670376533385,0,1703.17307384672
7.6,180160,178542.895382466,0.992791322570936,0.00720867742906771,3.37391724464125e-28,1,107.3168679138,0,6976.32117043208
7.65,180160,178406.607799548,0.967224990132286,0.0327750098677318,-2.49111610359575e-27,1.00000000000002,111.766042611374,0,23677.257273747
7.7,180160,178270.544060673,0.314417954718033,0.685582045282361,2.40540725495055e-27,1.00000000000039,116.04059720801,0,145802.059647942
7.75,180160,178134.703720996,0.971984702980443,0.0280152970195312,4.19625890056136e-28,0.999999999999975,120.159167174099,0,36525.3310471311
7.8,180160,177999.086336821,0.991699191121146,0.00830080887886964,7.3482307651805e-29,1.00000000000002,124.13727727557,0,23453.8564644428
7.85,180160,177863.691465598,0.995925378864011,0.00407462113600046,-1.45502352852061e-29,1.00000000000001,127.988023755871,0,18763.4498365357
7.9,180160,177728.518665915,0.997512738986057,0.00248726101394389,2.21366266179903e-29,1,131.722575398183,0,16358.0082460656
7.95,180160,177593.567497499,0.998285707481854,0.00171429251815081,-6.47883610958187e-30,1,135.350548993186,0,14895.8623593907
8,180160,177458.837521211,0.998723579756559,0.00127642024343777,-2.25311479229873e-30,0.999999999999996,138.880295675216,0,13913.2767185762
8.05,180160,177324.328299041,0.998997518281516,0.00100248171849498,4.09904016430251e-31,1.00000000000001,142.319122701869,0,13207.5681495772
8.1,180160,177190.039394107,0.999181353910223,0.000818646089791273,6.80458764581777e-31,1.00000000000001,145.673467624158,0,12676.1288300973
8.15,180160,177055.970370652,0.999311327813166,0.000688672186818727,3.66651451341142e-30,0.999999999999985,148.94903677445,0,12261.4625032316
8.2,180160,176922.120794035,0.999406992403943,0.000593007596041189,9.04865378433227e-32,0.999999999999985,152.150916620933,0,11928.8531542554
6.2,180180,182451.671285486,1,7.22882328205786e-25,4.54151933435634e-30,1,0,-126.593333168437,7933.05906509886
6.25,180180,182308.930689984,1,-1.93322099257661e-26,-2.60239282837394e-30,1,0,-122.573121599837,7900.32584488142
6.3,180180,182166.426874784,1.00000000000001,2.20600677680518e-25,2.21420558102609e-30,1.00000000000001,0,-118.420527242796,7865.45505511411
6.35,180180,182024.15936143,1.00000000000001,6.21951588041204e-25,8.68670763295889e-32,1.00000000000001,0,-114.121101989234,7828.23011269356
6.4,180180,181882.127672714,0.999999999999989,6.0866810637442e-25,9.0938970532539e-31,0.999999999999989,0,-109.657578815763,7788.40420630597
6.45,180180,181740.331332678,1.00000000000001,2.56750724216552e-24,2.1083363317494e-30,1.00000000000001,0,-105.009036753877,7745.69490766341
6.5,180180,181598.769866607,1,2.18323509394784e-24,-1.54189060485021e-30,1,0,-100.149718178951,7699.77762292373
6.55,180180,181457.442801026,0.999999999999994,1.55416735501372e-24,-4.32344677815393e-30,0.999999999999994,0,-95.0473032256888,7650.27760491479
6.6,180180,181316.349663693,0.999999999999993,2.63771993097565e-25,-4.08207393845688e-30,0.999999999999993,0,-89.6603016918722,7596.76018653792
6.65,180180,181175.489983601,1.00000000000001,6.65692195529687e-24,-4.87903412051194e-30,1.00000000000001,0,-83.9339388907266,7538.71884345408
6.7,180180,181034.863290971,0.999999999999989,1.83991639411892e-23,-5.73684649926664e-30,0.999999999999989,0,-77.7933129639415,7475.56069396224
6.75,180180,180894.469117247,1,-2.17830122932875e-23,9.27487012894057e-31,1,0,-71.1312204740376,7406.58923079506
6.8,180180,180754.306995095,0.999999999999991,-3.05064644678883e-23,-9.51013512733313e-31,0.999999999999991,0,-63.7844772792263,7330.98489244373
6.85,180180,180614.376458396,1.00000000000001,5.27543986195137e-25,5.91872444033171e-30,1.00000000000001,0,-55.4817724809972,7247.78713122579
6.9,180180,180474.677042247,1,-2.24376981754361e-23,2.1897742158084e-31,1,0,-45.7050721449021,7155.89427361955
6.95,180180,180335.20828295,1.00000000000001,1.36630097144064e-23,-4.37049977783246e-30,1.00000000000001,0,-33.1758896133639,7054.16956163763
7,180180,180195.969718017,0.999999999999997,-7.51769156730445e-23,-4.0284606647847e-30,0.999999999999997,0,-10.6435733670783,6942.95557743983
7.05,180180,180056.96088616,0.999973805317435,2.61946825642963e-05,1.70132788453014e-29,1,29.5483991943996,0,6813.69585397591
7.1,180180,179918.181327289,0.999954730842612,4.52691573851458e-05,3.20616425213352e-30,0.999999999999998,43.1107935417831,0,6662.99021349509
7.15,180180,179779.630582509,0.999932976668062,6.70233319478674e-05,1.30446524036656e-29,1.00000000000001,53.3199001097157,0,6489.47582353885
7.2,180180,179641.308194116,0.99990578483272,9.42151672764368e-05,-4.61028910311725e-30,0.999999999999996,61.8588805953281,0,6287.49771889594
7.25,180180,179503.213705592,0.999870206725172,0.000129793274830054,-1.27721748165849e-29,1,69.3474450479514,0,6049.39344112942
7.3,180180,179365.346661604,0.999822042379965,0.000177957620040129,1.73082649586707e-29,1.00000000000001,76.0963360574143,0,5764.49837278927
7.35,180180,179227.706607998,0.999754695204956,0.000245304795041667,3.95878603064535e-30,0.999999999999998,82.2877471216107,0,5417.5196252563
7.4,180180,179090.293091797,0.999657132472046,0.000342867527962037,1.6408828772508e-29,1.00000000000001,88.0393694325571,0,4985.7472771173
7.45,180180,178953.105661197,0.999509717975547,0.000490282024458781,-1.92301990224628e-29,1.00000000000001,93.4324549375247,0,4434.04202766003
7.5,180180,178816.143865561,0.999274829244633,0.000725170755361382,1.85967932575596e-29,0.999999999999995,98.5258954224963,0,3705.46147631725
7.55,180180,178679.40725542,0.998873234189811,0.00112676581019138,-4.17685858684775e-29,1,103.363994785091,0,2704.52550381538
7.6,180180,178542.895382466,0.998115190285721,0.00188480971427107,-3.63249157518233e-29,0.999999999999992,107.981078129823,0,1312.13721135926
7.65,180180,178406.607799548,0.996452850688616,0.00354714931138226,1.02995396834783e-28,0.999999999999998,112.404381902741,0,1661.46215066682
7.7,180180,178270.544060673,0.991746020287824,0.00825397971217487,-9.32156118246767e-29,0.999999999999999,116.655949204691,0,6407.05618312069
7.75,180180,178134.703720996,0.968814501286372,0.0311854987136177,-9.6017075036306e-28,0.999999999999989,120.753919335144,0,19832.4720984262
7.8,180180,177999.086336821,0.370584633749113,0.62941536625162,-1.34539727819267e-27,1.00000000000073,124.713432646312,0,120263.262101948
7.85,180180,177863.691465598,0.947505845477863,0.0524941545221135,-4.82865121624077e-28,0.999999999999976,128.547282320605,0,43160.7522497296
7.9,180180,177728.518665915,0.986779895760546,0.0132201042394473,1.56071180472162e-29,0.999999999999993,132.266394562217,0,25620.8121973877
7.95,180180,177593.567497499,0.993903907018614,0.0060960929813854,5.57686630035964e-29,1,135.880189385447,0,19918.0108509568
8,180180,177458.837521211,0.996404246328504,0.00359575367148756,2.25420063075285e-29,0.999999999999992,139.396856403015,0,17111.3846501626
8.05,180180,177324.328299041,0.997576807692608,0.00242319230738692,-9.06856082265775e-30,0.999999999999995,142.823568882048,0,15443.6109154656
8.1,180180,177190.039394107,0.998225057322751,0.00177494267726034,-6.9131714912298e-31,1.00000000000001,146.166652162586,0,14338.8479954546
8.15,180180,177055.970370652,0.998623677203788,0.00137632279622052,-3.91625735785899e-30,1.00000000000001,149.431717797236,0,13553.2536154519
8.2,180180,176922.120794035,0.998887745377526,0.00111225462245699,1.44778460549311e-32,0.999999999999983,152.623771573239,0,12965.9666312215
6.2,180200,182451.671285486,1.00000000000002,-5.47113401150663e-25,2.98605574882962e-31,1.00000000000002,0,-126.037929651695,7947.47287371654
6.25,180200,182308.930689984,0.999999999999996,-1.6135872149696e-25,2.02961304382572e-30,0.999999999999996,0,-121.999010466391,7917.35672400153
6.3,180200,182166.426874784,1.00000000000001,7.06870988696721e-26,1.34191535621647e-30,1.00000000000001,0,-117.825763719932,7885.41225322347
6.35,180200,182024.15936143,1.00000000000001,-1.00764696643747e-24,-4.0420336454612e-30,1.00000000000001,0,-113.503375943041,7851.46809687718
6.4,180200,181882.127672714,0.999999999999984,-1.25244255715391e-24,1.85316429503124e-30,0.999999999999984,0,-109.014110693644,7815.33088620411
6.45,180200,181740.331332678,1.00000000000001,-2.66808217478546e-24,1.24599962610255e-30,1.00000000000001,0,-104.336432015869,7776.78168354834
6.5,180200,181598.769866607,1,2.69464913811902e-24,-3.56516959102687e-31,1,0,-99.4437579955379,7735.57174156145
6.55,180200,181457.442801026,0.999999999999993,1.68889981191963e-25,-1.5088630185374e-30,0.999999999999993,0,-94.3026336348323,7691.41745769946
6.6,180200,181316.349663693,1,3.24591362729056e-24,1.47855002835989e-30,1,0,-88.8699536763306,7643.99438990035
6.65,180200,181175.489983601,0.999999999999985,1.38646339897057e-23,5.49343771246809e-30,0.999999999999985,0,-83.0885513869366,7592.93022507879
6.7,180200,181034.863290971,1,-1.02472572858047e-25,4.85007842840206e-31,1,0,-76.8797978837568,7537.79670534212
6.75,180200,180894.469117247,0.999999999999976,-1.62646744808578e-23,-2.49833330985412e-30,0.999999999999976,0,-70.1302859948563,7478.1008765959
6.8,180200,180754.306995095,0.999999999999984,7.91695507340321e-24,-7.94833748415742e-30,0.999999999999984,0,-62.6655322823057,7413.27712624448
6.85,180200,180614.376458396,1.00000000000001,-2.39102670002098e-25,1.58577657570422e-30,1.00000000000001,0,-54.1907702374578,7342.68514112854
6.9,180200,180474.677042247,1,4.18695342137029e-23,-2.91276165317654e-30,1,0,-44.1278758603298,7265.63371709441
6.95,180200,180335.20828295,1.00000000000002,-1.17775143738183e-22,6.6865027139323e-30,1.00000000000002,0,-30.965447949718,7181.53958366351
7,180200,180195.969718017,0.99999624118761,3.75881237882081e-06,-1.19532716491028e-30,0.999999999999989,5.34708555443643,0,7093.19642847772
7.05,180200,180056.96088616,0.999974189213483,2.58107865125506e-05,3.60153386842268e-30,0.999999999999996,31.8603353069527,0,6986.20535739914
7.1,180200,179918.181327289,0.9999579389908,4.20610092148951e-05,3.6660620807222e-30,1.00000000000002,44.728173264965,0,6866.3536390415
7.15,180200,179779.630582509,0.999939880891557,6.01191084467425e-05,2.98469845076198e-30,1,54.6367678797115,0,6730.99599732116
7.2,180200,179641.308194116,0.999918154711577,8.18452884227913e-05,1.72784044011824e-30,1,62.9982639273091,0,6576.87299070141
7.25,180200,179503.213705592,0.999890956463886,0.000109043536114267,8.28223280879928e-30,1,70.366352588692,0,6399.76371151339
7.3,180200,179365.346661604,0.999855945160968,0.000144054839026579,-4.29901541293624e-30,0.999999999999994,77.0266375730737,0,6194.08911641124
7.35,180200,179227.706607998,0.999809761131682,0.000190238868313204,4.16238074079283e-30,0.999999999999995,83.1493761441942,0,5952.31541506933
7.4,180200,179090.293091797,0.999747313378707,0.000252686621286515,6.14946511183217e-30,0.999999999999993,88.8457691121792,0,5664.01878505741
7.45,180200,178953.105661197,0.999660532282928,0.000339467717079739,1.77263127635068e-29,1.00000000000001,94.1931963933524,0,5314.36462420146
7.5,180200,178816.143865561,0.999536005799124,0.000463994200860692,1.12022333850033e-29,0.999999999999985,99.2480779254252,0,4881.53606875916
7.55,180200,178679.40725542,0.999350168671002,0.000649831328995563,-1.53067027415764e-29,0.999999999999997,104.053055759096,0,4332.20904302769
7.6,180200,178542.895382466,0.999058669327553,0.000941330672440572,1.27766991434771e-29,0.999999999999994,108.641291048002,0,3613.39428171407
7.65,180200,178406.607799548,0.998570298964229,0.00142970103577227,7.3417157344558e-29,1,113.039177495643,0,2639.3009275576
7.7,180200,178270.544060673,0.997673679568861,0.00232632043113818,-3.72442589763114e-29,1,117.268131024952,0,1320.76012737732
7.75,180200,178134.703720996,0.995787539243351,0.00421246075664336,9.32373285937595e-30,0.999999999999994,121.345813257577,0,1583.01437096345
7.8,180200,177999.086336821,0.990821231083236,0.00917876891675215,1.247700773014e-28,0.999999999999988,125.286993473767,0,5804.60066206458
7.85,180200,177863.691465598,0.970424015817796,0.0295759841821899,-3.85689818903375e-29,0.999999999999986,129.104171636797,0,16649.6560836708
7.9,180200,177728.518665915,0.677402056401235,0.322597943598895,-1.42137701428896e-27,1.00000000000013,132.80803877421,0,74488.783254981
7.95,180200,177593.567497499,0.893442963149534,0.106557036850546,1.37684315982399e-27,1.00000000000008,136.407823787175,0,53371.645131927
8,180200,177458.837521211,0.978452234004545,0.0215477659954759,-1.14693496447168e-28,1.00000000000002,139.911559165582,0,28471.2484833601
8.05,180200,177324.328299041,0.990814713343619,0.00918528665638979,-2.80870213465674e-29,1.00000000000001,143.326287649153,0,21336.6352228362
8.1,180200,177190.039394107,0.994798582598022,0.00520141740199132,-8.65775194084908e-30,1.00000000000001,146.658225126619,0,18003.1696738889
8.15,180200,177055.970370652,0.996583643859626,0.00341635614037754,6.35577441811494e-30,1,149.912890594176,0,16076.7720291895
8.2,180200,176922.120794035,0.997542574243574,0.00245742575643839,-4.85007842840207e-30,1.00000000000001,153.095210967274,0,14822.7009538581
6.2,180220,182451.671285486,1.00000000000001,5.39463538940774e-25,4.09180124127503e-30,1.00000000000001,0,-125.480012535985,7959.47490658719
6.25,180220,182308.930689984,1.00000000000002,5.87319653695661e-25,2.20425206186333e-30,1.00000000000002,0,-121.422127721534,7931.60270025707
6.3,180220,182166.426874784,1,8.85723581138771e-25,2.63677771275441e-30,1,0,-117.227923517247,7902.1514809245
6.35,180220,182024.15936143,0.999999999999997,2.16330987144767e-25,-1.11298441547286e-30,0.999999999999997,0,-112.88220814919,7870.98389334583
6.4,180220,181882.127672714,0.999999999999993,3.47268163574494e-24,4.96228173532779e-30,0.999999999999993,0,-108.366757848337,7837.94632203059
6.45,180220,181740.331332678,1.00000000000001,2.80566109204858e-24,-1.52288843190312e-30,1.00000000000001,0,-103.65939625521,7802.86650541505
6.5,180220,181598.769866607,0.999999999999994,-4.78584868051843e-24,1.90338432353428e-30,0.999999999999994,0,-98.7326800018085,7765.55076220997
6.55,180220,181457.442801026,0.999999999999997,5.53826303492984e-24,3.44346519762763e-30,0.999999999999997,0,-93.5519626535612,7725.78078423878
6.6,180220,181316.349663693,1,-7.84958884495025e-24,2.83946755752345e-30,1,0,-88.0724348593471,7683.30997257914
6.65,180220,181175.489983601,0.999999999999968,-5.46045978516724e-24,1.13832064606899e-30,0.999999999999968,0,-82.2343893813273,7637.85935936033
6.7,180220,181034.863290971,1.00000000000001,8.97228025082327e-24,1.46950137457556e-30,1.00000000000001,0,-75.9552055996834,7589.11333015677
6.75,180220,180894.469117247,0.999999999999994,-8.02132528649937e-24,-6.31324574532858e-30,0.999999999999994,0,-69.1147571685294,7536.71581868465
6.8,180220,180754.306995095,0.999999999999992,1.79061332868247e-23,9.98790404714589e-30,0.999999999999992,0,-61.5261285202098,7480.26894126361
6.85,180220,180614.376458396,1.00000000000001,3.84613723460538e-23,-7.30633549815905e-30,1.00000000000001,0,-52.8681212370513,7419.34025269255
6.9,180220,180474.677042247,1,9.59864385241806e-23,-6.88195363567387e-30,1,0,-42.4920157434416,7353.50220119067
6.95,180220,180335.20828295,1,-1.71546677525324e-23,-6.56027399364087e-31,1,0,-28.5843392536858,7282.54177082379
7,180220,180195.969718017,0.999991282862281,8.71713771117221e-06,-5.18261645497628e-30,0.999999999999992,13.0568805679398,0,7208.48875383539
7.05,180220,180056.96088616,0.999974205431627,2.5794568364709e-05,8.0904579026576e-30,0.999999999999992,34.0157002295961,0,7119.56919848594
7.1,180220,179918.181327289,0.999959899758448,4.01002415422453e-05,9.41738642604376e-31,0.99999999999999,46.2892241214217,0,7021.24243947575
7.15,180220,179779.630582509,0.999944305005491,5.56949945093163e-05,5.57578046190551e-30,1,55.9227581605354,0,6911.82799653863
7.2,180220,179641.308194116,0.999926075107872,7.39248921301317e-05,1.72376854591529e-30,1,64.1175110517834,0,6789.30473624485
7.25,180220,179503.213705592,0.999903996581375,9.60034186267565e-05,-5.30975004064614e-30,1,71.3708121840423,0,6651.1440315047
7.3,180220,179365.346661604,0.999876607934097,0.000123392065894559,-1.56315494124339e-29,0.999999999999991,77.9459251045445,0,6494.1292113273
7.35,180220,179227.706607998,0.999841951979746,0.000158048020279705,-3.80405405093327e-30,1.00000000000003,84.0022498926546,0,6314.10146628888
7.4,180220,179090.293091797,0.999797267115697,0.000202732884294672,1.0731703388218e-30,0.999999999999992,89.6449921195205,0,6105.58733954158
7.45,180220,178953.105661197,0.999738509464369,0.000261490535623767,-4.24562835560868e-30,0.999999999999993,94.9479155048885,0,5861.23663133507
7.5,180220,178816.143865561,0.999659548858153,0.000340451141851101,5.00390554273573e-30,1,99.9651122772371,0,5570.94857964022
7.55,180220,178679.40725542,0.999550738609553,0.000449261390457645,3.49278036075224e-30,1.00000000000001,104.737649401353,0,5220.46844680439
7.6,180220,178542.895382466,0.9993962271978,0.000603772802192996,-1.16474271511924e-29,0.999999999999993,109.297579105462,0,4789.0537396765
7.65,180220,178406.607799548,0.999168574666476,0.000831425333536898,2.82137024995479e-29,1.00000000000001,113.670488759678,0,4245.46671143767
7.7,180220,178270.544060673,0.998817107386228,0.00118289261374295,6.58741995499385e-30,0.999999999999971,117.877192060632,0,3541.05743043143
7.75,180220,178134.703720996,0.998240156501374,0.00175984349863246,4.79689496578465e-29,1.00000000000001,121.934890564595,0,2600.05615327942
7.8,180220,177999.086336821,0.99720989228806,0.00279010771194054,-3.16920050142451e-29,1,125.857995229521,0,1358.57842268231
7.85,180220,177863.691465598,0.995129842637515,0.00487015736247929,8.63603517176667e-29,0.999999999999994,129.658722232476,0,1482.50921739702
7.9,180220,177728.518665915,0.990020604548218,0.00997939545177715,7.93385963810243e-30,0.999999999999995,133.347534537446,0,5194.15447275873
7.95,180220,177593.567497499,0.971950751308826,0.0280492486911455,-3.76423997428221e-29,0.999999999999972,136.933475386901,0,14004.6849378042
8,180220,177458.837521211,0.815644441788635,0.184355558211168,-4.24420952669531e-27,0.999999999999803,140.4244243931,0,48876.3230165824
8.05,180220,177324.328299041,0.762384075442888,0.237615924556795,3.0637438707604e-27,0.999999999999683,143.827297116618,0,69443.1761004327
8.1,180220,177190.039394107,0.963573936326796,0.0364260636731523,-1.06383212811637e-28,0.999999999999949,147.148202667433,0,32356.3671075292
8.15,180220,177055.970370652,0.985963764945629,0.0140362350543679,-2.08480983191016e-30,0.999999999999997,150.392569641709,0,23117.5734607427
8.2,180220,176922.120794035,0.992436043193394,0.00756395680659294,-1.01344922384534e-31,0.999999999999987,153.565247840148,0,19074.7027918807
6.2,180240,182451.671285486,1.00000000000001,4.90540001551949e-25,-1.11841360774346e-30,1.00000000000001,0,-124.919548142507,7969.45127938142
6.25,180240,182308.930689984,0.999999999999994,-6.38081530065155e-25,-6.47340691731126e-30,0.999999999999994,0,-120.842433671552,7943.52220794915
6.3,180240,182166.426874784,1.00000000000001,9.15611414889033e-25,5.59387776947418e-30,1.00000000000001,0,-116.626959320736,7916.21785458784
6.35,180240,182024.15936143,1,1.02093044810425e-24,2.10652660099254e-30,1,0,-112.257541473809,7887.42689815197
6.4,180240,181882.127672714,0.999999999999996,-4.34369850503835e-24,4.27639377847542e-30,0.999999999999996,0,-107.715450240134,7857.02585902338
6.45,180240,181740.331332678,1.00000000000001,-1.63766352549065e-24,5.53506151987602e-30,1.00000000000001,0,-102.977842075624,7824.87749628118
6.5,180240,181598.769866607,1,5.08377819790201e-24,-5.54682476979565e-31,1,0,-98.0163728134943,7790.8289949925
6.55,180240,181457.442801026,0.999999999999993,6.13601970993511e-24,5.69160323034496e-31,0.999999999999993,0,-92.7951446363285,7754.70994576743
6.6,180240,181316.349663693,1.00000000000001,5.25171935897493e-24,6.43178310990334e-30,1.00000000000001,0,-87.2675486440243,7716.33015694661
6.65,180240,181175.489983601,0.999999999999993,-2.50251306401019e-24,-3.85472651212552e-31,0.999999999999993,0,-81.3711765536798,7675.47742836235
6.7,180240,181034.863290971,0.999999999999998,3.60385601720445e-24,-1.59256306604245e-31,0.999999999999998,0,-75.0191265413784,7631.91562539153
6.75,180240,180894.469117247,0.999999999999992,-2.22460365113868e-23,3.10097365189065e-30,0.999999999999992,0,-68.0839809379335,7585.38391949011
6.8,180240,180754.306995095,0.999999999999993,-3.13945600993247e-23,-2.11467038939844e-30,0.999999999999993,0,-60.3651075138928,7535.59953274524
6.85,180240,180614.376458396,0.999999999999982,-2.78269964516742e-23,1.27857477972614e-30,0.999999999999982,0,-51.5113877725175,7482.27115851056
6.9,180240,180474.677042247,0.999999999999995,3.91824756365364e-23,-4.05198716462397e-30,0.999999999999995,0,-40.790434439425,7425.1510279173
6.95,180240,180335.20828295,1.00000000000001,-5.05084820964504e-23,4.29313378797642e-30,1.00000000000001,0,-25.985690353836,7364.30621253361
7,180240,180195.969718017,0.999988618696751,1.13813032506476e-05,-3.83640298821226e-30,1,17.6744664615157,0,7300.88950128664
7.05,180240,180056.96088616,0.999973949876234,2.60501237618756e-05,4.51821905086169e-30,0.999999999999996,36.0425940197015,0,7225.35611778299
7.1,180240,179918.181327289,0.999961039954636,3.89600453738815e-05,-2.92995409536677e-30,1.00000000000001,47.7994652504841,0,7142.7058945219
7.15,180240,179779.630582509,0.999947171875083,5.28281249242878e-05,1.24011800114273e-30,1.00000000000001,57.1799543155926,0,7051.81022538576
7.2,180240,179641.308194116,0.999931320016356,6.86799837602495e-05,2.03051790920415e-30,1.00000000000012,65.2176586928092,0,6951.34327358805
7.25,180240,179503.213705592,0.999912609343098,8.73906569076322e-05,-5.0744850422535e-30,1.00000000000001,72.3614254986893,0,6839.6908294765
7.3,180240,179365.346661604,0.999890048779636,0.000109951220392973,3.94883251148257e-30,1.00000000000003,78.8545838561986,0,6714.85932439121
7.35,180240,179227.706607998,0.99986238339781,0.00013761660221122,-6.96474881780053e-30,1.00000000000002,84.8466323900401,0,6574.35482746434
7.4,180240,179090.293091797,0.999827937459397,0.000172062540585358,-4.70710969860961e-30,0.999999999999982,90.4372287225112,0,6415.0146931955
7.45,180240,178953.105661197,0.999784396643872,0.000215603356089752,-1.37105202140202e-29,0.999999999999961,95.6967547591637,0,6232.7674634693
7.5,180240,178816.143865561,0.999728474043793,0.000271525956202108,-4.72701673693515e-30,0.999999999999995,100.677108475239,0,6022.28241245039
7.55,180240,178679.40725542,0.999655370240613,0.000344629759382714,2.10924119712784e-29,0.999999999999995,105.417862745744,0,5776.44514573183
7.6,180240,178542.895382466,0.999557862600883,0.000442137399107398,9.82502827902793e-30,0.999999999999991,109.950012584338,0,5485.55123939595
7.65,180240,178406.607799548,0.999424700125541,0.000575299874460254,6.63266322391551e-30,1,114.2983734305,0,5136.02915957184
7.7,180240,178270.544060673,0.999237629027163,0.000762370972841308,2.60800299372023e-29,1,118.483180438793,0,4708.35606376657
7.75,180240,178134.703720996,0.998965543388088,0.00103445661194131,-3.3501509554767e-29,1.00000000000003,122.52119188276,0,4173.57731623004
7.8,180240,177999.086336821,0.998552117086812,0.00144788291315259,4.58089228913542e-29,0.999999999999964,126.426472587525,0,3487.60165814161
7.85,180240,177863.691465598,0.997887164830841,0.00211283516916777,5.2482191949127e-30,1.00000000000001,130.210963988523,0,2584.57435817306
7.9,180240,177728.518665915,0.996732046453181,0.0032679535468143,-7.06518887480658e-30,0.999999999999996,133.884907823776,0,1420.40476128977
7.95,180240,177593.567497499,0.994491820796158,0.00550817920384416,-6.30510195692269e-29,1,137.457166932008,0,1375.94777240915
8,180240,177458.837521211,0.98933940494718,0.0106605950528276,7.22734075062184e-29,1.00000000000001,140.935472145991,0,4594.97368014442
8.05,180240,177324.328299041,0.973351809591775,0.0266481904082318,-1.69101241921601e-28,1.00000000000001,144.326615085228,0,11794.5759101089
8.1,180240,177190.039394107,0.878194852274282,0.12180514772576,1.19436438814763e-27,1.00000000000004,147.636600669747,0,34548.1588167524
8.15,180240,177055.970370652,0.490250068708035,0.509749931292048,-4.11773106355941e-27,1.00000000000008,150.87076918754,0,88857.5162973227
8.2,180240,176922.120794035,0.935084331409184,0.0649156685908148,-4.33177153963552e-29,0.999999999999998,154.033895031317,0,37871.7628687329
6.2,180260,182451.671285486,1.00000000000001,-1.08284096087265e-24,9.71825416437281e-31,1.00000000000001,0,-124.356502030152,7977.71024046989
6.25,180260,182308.930689984,1,-1.70645298412221e-24,2.87747190341765e-30,1,0,-120.259887662064,7953.47869558007
6.3,180260,182166.426874784,1,1.98777814942231e-24,-2.32550402257338e-30,1,0,-116.02282258628,7928.0403740246
6.35,180260,182024.15936143,1,-1.84830159192108e-24,-7.7818422545257e-31,1,0,-111.629317178711,7901.30419886421
6.4,180260,181882.127672714,0.999999999999993,4.97181742385339e-25,-2.25944884994776e-30,0.999999999999993,0,-107.060115691826,7873.16992229247
6.45,180260,181740.331332678,0.999999999999998,1.87107327477842e-24,-4.73697025609792e-31,0.999999999999998,0,-102.291679160485,7843.52705603169
6.5,180260,181598.769866607,1,-4.76876991837542e-24,2.75983940422132e-30,1,0,-97.2947209348764,7812.25370544295
6.55,180260,181457.442801026,0.999999999999993,3.68616616253254e-24,-1.83687671821944e-30,0.999999999999993,0,-92.0320279342674,7779.2153386835
6.6,180260,181316.349663693,0.999999999999989,-7.97008900007038e-24,-8.90387532378288e-31,0.999999999999989,0,-86.4550892618838,7744.26357035877
6.65,180260,181175.489983601,0.999999999999993,8.00092565393967e-24,1.78077506475658e-30,0.999999999999993,0,-80.4986217398025,7707.23514359194
6.7,180260,181034.863290971,1,-1.21842735588576e-23,-1.80158696846055e-30,1,0,-74.0711252153513,7667.95153307905
6.75,180260,180894.469117247,0.999999999999994,1.98758838539849e-23,-2.09928767796508e-30,0.999999999999994,0,-67.0372539666864,7626.22018467701
6.8,180260,180754.306995095,0.999999999999988,-1.70939432649128e-23,7.08962024002429e-30,0.999999999999988,0,-59.1811970110201,7581.84006984396
6.85,180260,180614.376458396,0.999999999999994,3.10226226126548e-23,5.25048135835877e-30,0.999999999999994,0,-50.1178018300008,7534.61983207515
6.9,180260,180474.677042247,0.999999999999996,2.31512109049663e-23,-5.17537753194882e-30,0.999999999999996,0,-39.0145337969109,7484.44216989478
6.95,180260,180335.20828295,0.99999999999997,2.63392465049944e-23,-3.47015872629141e-31,0.99999999999997,0,-23.0961885277667,7431.62089546416
7,180260,180195.969718017,0.999986602775291,1.33972247073245e-05,6.06457742851791e-30,0.999999999999998,21.3144370681209,0,7376.28585579648
7.05,180260,180056.96088616,0.999973483475255,2.65165247571838e-05,8.70435250783837e-30,1.00000000000001,37.9616007374847,0,7310.98577964723
7.1,180260,179918.181327289,0.999961607166384,3.83928336639351e-05,4.05153473193477e-30,1.00000000000005,49.2635697958515,0,7240.14891056077
7.15,180260,179779.630582509,0.99994899557981,5.10044201965312e-05,-1.65273661370828e-30,1.00000000000001,58.4102156313343,0,7162.98542053107
7.2,180260,179641.308194116,0.999934835991335,6.51640086235353e-05,3.67646803257418e-30,0.999999999999958,66.2996576427503,0,7078.58587430811
7.25,180260,179503.213705592,0.9999184633593,8.15366407119651e-05,-5.16044725320466e-30,1.00000000000001,73.3387536150993,0,6985.86724634684
7.3,180260,179365.346661604,0.999899162174734,0.000100837825268726,-9.40155128192121e-31,1,79.7529771231739,0,6883.52318742102
7.35,180260,179227.706607998,0.999876067987924,0.000123932012081668,-4.36688031631873e-30,1.00000000000001,85.682774674256,0,6769.96117052489
7.4,180260,179090.293091797,0.999848076950441,0.000151923049551766,-6.92674447190632e-30,0.999999999999993,91.2226609447143,0,6643.21870933068
7.45,180260,178953.105661197,0.999813732674819,0.000186267325183087,-3.81038810858229e-30,1,96.4398511246017,0,6500.84904343961
7.5,180260,178816.143865561,0.999771065944034,0.000228934055963938,-7.36288958431115e-30,0.999999999999998,101.38417266466,0,6339.7621593651
7.55,180260,178679.40725542,0.999717354183821,0.000282645816183198,-1.04041421212252e-29,1,106.093780044295,0,6155.99936134823
7.6,180260,178542.895382466,0.99964874661244,0.00035125338755285,1.98473172105543e-29,0.999999999999993,110.598659700393,0,5944.40683931151
7.65,180260,178406.607799548,0.999559659845312,0.000440340154693269,1.22889767045016e-29,1.00000000000001,114.92288767202,0,5698.15199878423
7.7,180260,178270.544060673,0.99944176779184,0.000558232208163868,1.05380621972333e-29,1,119.086143066543,0,5407.98870306688
7.75,180260,178134.703720996,0.999282243793355,0.000717756206628271,1.34191535621646e-30,0.999999999999983,123.10475687504,0,5061.11143702459
7.8,180260,177999.086336821,0.999060553858795,0.000939446141212518,-6.60054050298113e-30,1.00000000000001,126.992459448932,0,4639.32397015713
7.85,180260,177863.691465598,0.998742269507575,0.00125773049242496,8.99933862120759e-30,1,130.760926157672,0,4116.07633581131
7.9,180260,177728.518665915,0.998266289599792,0.00173371040019512,-2.74518058509071e-29,0.999999999999987,134.420184088371,0,3451.89634337942
7.95,180260,177593.567497499,0.997516120628656,0.00248387937134004,1.0583305466155e-29,0.999999999999996,137.97892074035,0,2590.37038598075
8,180260,177458.837521211,0.996247945499236,0.00375205450076272,-2.49018952144823e-29,0.999999999999998,141.444722124179,0,1501.88766203969
8.05,180260,177324.328299041,0.993882526770727,0.0061174732292447,4.26408760932873e-29,0.999999999999971,144.824259050595,0,1280.50924947026
8.1,180260,177190.039394107,0.988767794892088,0.0112322051078968,5.15411319555563e-29,0.999999999999985,148.123434757908,0,4021.55485350021
8.15,180260,177055.970370652,0.974615110801619,0.0253848891983838,5.25198343488697e-28,1,151.347503255639,0,9936.79486831671
8.2,180260,176922.120794035,0.910971302991544,0.0890286970084054,-1.09771028788491e-27,0.999999999999949,154.501165186723,0,25702.5278439215
6.2,180280,182451.671285486,1.00000000000001,5.91114934171886e-25,-7.28597602714431e-30,1.00000000000001,0,-123.790838971139,7984.50085556811
6.25,180280,182308.930689984,0.99999999999998,1.40899787679814e-25,3.79591026252736e-30,0.99999999999998,0,-119.674448045179,7961.76401277268
6.3,180280,182166.426874784,1,2.33884159347303e-25,1.92532730896129e-30,1,0,-115.415463494428,7937.9612747554
6.35,180280,182024.15936143,0.999999999999996,-9.67796521437121e-26,-1.14013037682586e-31,0.999999999999996,0,-110.997474857622,7913.01752944896
6.4,180280,181882.127672714,0.999999999999977,-2.73355076300032e-24,1.51112518198348e-30,0.999999999999977,0,-106.400679796252,7886.85070926776
6.45,180280,181740.331332678,0.999999999999977,-3.37685080372028e-24,-1.33377156781057e-30,0.999999999999977,0,-101.600814134338,7859.37109323442
6.5,180280,181598.769866607,1.00000000000003,6.11040156672059e-24,4.31620785512646e-30,1.00000000000003,0,-96.567604543093,7830.48058789715
6.55,180280,181457.442801026,0.999999999999995,4.74789587575619e-24,1.06774114655122e-31,0.999999999999995,0,-91.2624545428786,7800.07203730771
6.6,180280,181316.349663693,1.00000000000001,9.15469091871177e-24,2.41689542579514e-30,1.00000000000001,0,-85.6348411622899,7768.02866815758
6.65,180280,181175.489983601,0.999999999999986,8.39231395305027e-24,1.40978025959896e-30,0.999999999999986,0,-79.6164177903027,7734.22389305721
6.7,180280,181034.863290971,0.999999999999996,7.45060998488719e-24,2.23682721548692e-30,0.999999999999996,0,-73.1107378475169,7698.52196146857
6.75,180280,180894.469117247,1.00000000000001,-1.2285322901537e-23,2.4322781372285e-30,1.00000000000001,0,-65.9738170457292,7660.78061050667
6.8,180280,180754.306995095,1.00000000000001,1.57352328544246e-23,1.07136060806493e-30,1.00000000000001,0,-57.972994697296,7620.85875740109
6.85,180280,180614.376458396,0.999999999999973,8.56974331531377e-24,-3.95516656913161e-30,0.999999999999973,0,-48.6841988041791,7578.63884136484
6.9,180280,180474.677042247,1.00000000000001,-9.21494099627187e-24,2.89104488409415e-31,1.00000000000001,0,-37.1536582162246,7534.10500450003
6.95,180280,180335.20828295,1.00000000000001,-5.88268473814716e-23,-1.50117166282072e-30,1.00000000000001,0,-19.7888330785746,7487.83132538806
7,180280,180195.969718017,0.999984877920255,1.51220797383973e-05,2.26900649050746e-30,0.999999999999993,24.4179753184529,0,7438.7118736833
7.05,180280,180056.96088616,0.999972846589503,2.71534104845828e-05,9.67074873200506e-31,0.999999999999987,39.7883337518919,0,7381.43568818674
7.1,180280,179918.181327289,0.999961754009895,3.82459900985166e-05,-3.93661682887374e-30,0.999999999999994,50.6855360250931,0,7319.75120102861
7.15,180280,179779.630582509,0.999950082981205,4.99170187777835e-05,-2.53407549230224e-30,0.999999999999983,59.6152096697757,0,7253.08697414461
7.2,180280,179641.308194116,0.999937169441845,6.28305581359351e-05,1.18627851112595e-30,0.99999999999998,67.3643824137876,0,7180.79617551025
7.25,180280,179503.213705592,0.999922486931059,7.75130689447036e-05,-8.33833446226211e-31,1,74.3033207645813,0,7102.12253846052
7.3,180280,179365.346661604,0.999905493070983,9.45069290177162e-05,-2.55624469407386e-31,1,80.6414479968046,0,7016.17130101943
7.35,180280,179227.706607998,0.99988555844734,0.000114441552659905,5.29346246383436e-30,0.999999999999999,86.5109156746524,0,6921.87419609039
7.4,180280,179090.293091797,0.999861908967524,0.000138091032482461,-4.72068267928612e-30,1.00000000000001,92.0014630567393,0,6817.9444684782
7.45,180280,178953.105661197,0.999833560631281,0.000166439368711405,3.55883553337786e-30,0.999999999999992,97.1773363455494,0,6702.81766899525
7.5,180280,178816.143865561,0.999799233627265,0.000200766372728031,-3.04713416187388e-30,0.999999999999993,102.086407324778,0,6574.57241333435
7.55,180280,178679.40725542,0.999757231236443,0.000242768763553168,-2.56257875172288e-30,0.999999999999996,106.765482889995,0,6430.82263627301
7.6,180280,178542.895382466,0.999705262451569,0.000294737548407061,-1.16772877086808e-30,0.999999999999976,111.243586687004,0,6268.56864173678
7.65,180280,178406.607799548,0.999640174411639,0.000359825588361566,7.76374494695708e-31,1,115.544086135597,0,6083.98747244157
7.7,180280,178270.544060673,0.999557537340888,0.000442462659112947,1.29063211089376e-29,1,119.686125673835,0,5872.13206631235
7.75,180280,178134.703720996,0.999450981221978,0.00054901877802437,2.83856269214501e-30,1,123.685624272443,0,5626.49027634838
7.8,180280,177999.086336821,0.999311099821414,0.000688900178587701,-1.47591178024089e-29,1,127.555988965943,0,5338.32377168578
7.85,180280,177863.691465598,0.999123569450758,0.000876430549240789,9.58252435760788e-31,0.999999999999999,131.308637382796,0,4995.65436498889
7.9,180280,177728.518665915,0.99886577286764,0.00113422713235332,8.27861334728556e-30,0.999999999999994,134.953388283954,0,4581.68092118882
7.95,180280,177593.567497499,0.998500412291662,0.0014995877083388,-1.14429275756665e-29,1,138.498758711485,0,4072.30779593508
8,180280,177458.837521211,0.997962632358695,0.00203736764130786,2.73993236589578e-30,1,141.952193676059,0,3432.60096738404
8.05,180280,177324.328299041,0.997131940176155,0.00286805982384442,4.06375041454361e-29,1,145.320246210388,0,2614.8419675413
8.1,180280,177190.039394107,0.995764585416651,0.00423541458333807,3.95353781145043e-29,0.999999999999989,148.608720301785,0,1599.39161357574
8.15,180280,177055.970370652,0.99330811786132,0.00669188213868669,-4.48161724630406e-29,1.00000000000001,151.822785651085,0,1213.55005073517
8.2,180280,176922.120794035,0.988293425405875,0.0117065745941254,-7.89332166914867e-29,1,154.967070762815,0,3485.05286056979
6.2,180300,182451.671285486,1.00000000000001,5.62650330600205e-25,-3.13456677906499e-30,1.00000000000001,0,-123.222522925516,7990.02655870361
6.25,180300,182308.930689984,1.00000000000001,-9.6162919066325e-25,2.90235570132456e-30,1.00000000000001,0,-119.086072145038,7968.61521179215
6.3,180300,182166.426874784,0.999999999999995,-3.89016248812958e-25,1.91560000614313e-30,0.999999999999995,0,-114.80483090284,7946.25690527511
6.35,180300,182024.15936143,1,-1.1642022860817e-24,3.19055532435554e-30,1,0,-110.36195236894,7922.88927816014
6.4,180300,181882.127672714,1.00000000000003,-1.47541528513207e-24,2.4539949063109e-30,1.00000000000003,0,-105.737065818464,7898.44468383266
6.45,180300,181740.331332678,0.999999999999988,3.68426852229443e-24,3.06930336364549e-30,0.999999999999988,0,-100.905150415673,7872.84975721085
6.5,180300,181598.769866607,1,7.9387779361415e-24,-9.84493531735344e-31,1,0,-95.8348992574883,7846.02501216637
6.55,180300,181457.442801026,0.999999999999995,-5.10654988075936e-24,-6.84078226095514e-31,0.999999999999995,0,-90.4862597224553,7817.88453317002
6.6,180300,181316.349663693,0.999999999999987,8.41034153531236e-24,-2.38703486830685e-30,0.999999999999987,0,-84.8065783483755,7788.33588681748
6.65,180300,181175.489983601,1,-9.74011293216931e-24,-5.697937287994e-30,1,0,-78.7242403137576,7757.28050877592
6.7,180300,181034.863290971,0.999999999999993,-9.38691464285073e-24,-1.74367558424083e-30,0.999999999999993,0,-72.1374697424476,7724.61511679479
6.75,180300,180894.469117247,1.00000000000001,7.19680060303971e-24,-4.00312443418858e-30,1.00000000000001,0,-64.892848673146,7690.23544401189
6.8,180300,180754.306995095,0.999999999999986,-3.45750051384004e-23,-1.97170165960599e-30,0.999999999999986,0,-56.7389487803725,7654.04575218944
6.85,180300,180614.376458396,0.999999999999994,-4.21959283346582e-23,-1.60613604671897e-30,0.999999999999994,0,-47.2069330611777,7615.98538750737
6.9,180300,180474.677042247,1.00000000000001,-2.56560960192741e-23,-4.07189420295249e-33,1.00000000000001,0,-35.1943313066361,7576.12377760789
6.95,180300,180335.20828295,1,-1.19930863048683e-24,-1.6151847005033e-30,1,0,-15.8034196761687,7535.37159478236
7,180300,180195.969718017,0.999983297861922,1.67021380689645e-05,3.06723913950094e-30,0.999999999999991,27.1695351096295,0,7491.02003765142
7.05,180300,180056.96088616,0.999972066890325,2.79331096548783e-05,-2.50104790598942e-30,0.99999999999998,41.5349696072716,0,7440.16953938332
7.1,180300,179918.181327289,0.999961579226539,3.84207734611723e-05,4.42388683516003e-30,1,52.0688163645226,0,7385.74054907935
7.15,180300,179779.630582509,0.999950627510762,4.93724892434654e-05,-4.11306557766821e-30,1.00000000000001,60.7964388526128,0,7327.30807286376
7.2,180300,179641.308194116,0.999938655699721,6.13443002819048e-05,1.73960369003787e-30,1,68.4126395391651,0,7264.39805377551
7.25,180300,179503.213705592,0.999925233395429,7.47666045496111e-05,-1.41113755766661e-30,0.999999999999979,75.2556176288223,0,7196.46479560662
7.3,180300,179365.346661604,0.999909933194741,9.00668052576028e-05,-4.60124044933293e-31,0.999999999999998,81.5203209033128,0,7122.87300397376
7.35,180300,179227.706607998,0.999892276205905,0.000107723794093139,8.09537810815282e-30,0.999999999999999,87.3312830141751,0,7042.87712960987
7.4,180300,179090.293091797,0.999871692224518,0.000128307775481288,7.59770215001455e-30,1,92.773802030831,0,6955.59568486094
7.45,180300,178953.105661197,0.999847478769135,0.000152521230851051,-1.3373910293243e-30,0.999999999999986,97.9093372170721,0,6859.97844990653
7.5,180300,178816.143865561,0.999818750790931,0.00018124920906383,1.68915744519022e-30,0.999999999999995,102.78391144383,0,6754.76393549311
7.55,180300,178679.40725542,0.999784373637838,0.000215626362167457,5.80120504930768e-30,1.00000000000001,107.433050332892,0,6638.42345828332
7.6,180300,178542.895382466,0.999742869802726,0.000257130197260492,1.38806349051656e-29,0.999999999999987,111.88485787497,0,6509.0866170973
7.65,180300,178406.607799548,0.999692285490168,0.000307714509832874,-5.20185898278953e-30,1,116.162022016535,0,6364.44055661441
7.7,180300,178270.544060673,0.99962999508729,0.000370004912708923,1.23052077272272e-29,0.999999999999999,120.283172854492,0,6201.59168579455
7.75,180300,178134.703720996,0.999552407832711,0.000447592167294275,-1.47321132262713e-29,1,124.263831904481,0,6016.87266154213
7.8,180300,177999.086336821,0.999454516592376,0.00054548340762159,1.69902047781514e-29,0.999999999999997,128.11709356486,0,5805.56806543289
7.85,180300,177863.691465598,0.999329184198261,0.000670815801725716,-5.77711300860691e-30,0.999999999999987,131.854125714642,0,5561.51694631737
7.9,180300,177728.518665915,0.99916597866758,0.000834021332424445,2.24135154237909e-30,1,135.484544874662,0,5276.52543975263
7.95,180300,177593.567497499,0.998949202286844,0.00105079771316348,6.65257026224107e-30,1.00000000000001,139.016702337645,0,4939.48255926389
8,180300,177458.837521211,0.998654413690867,0.00134558630913369,-8.43696478851136e-30,1,142.457905807292,0,4535.01396961529
8.05,180300,177324.328299041,0.998241979229841,0.00175802077015067,2.58031411314018e-29,0.999999999999992,145.814593471469,0,4041.46295012218
8.1,180300,177190.039394107,0.997644385533013,0.002355614467,-8.80253040139838e-30,1.00000000000001,149.092472422618,0,3428.23619255812
8.15,180300,177055.970370652,0.996739401999959,0.00326059800003922,-1.18709288996655e-29,0.999999999999998,152.29662996491,0,2655.39611641465
8.2,180300,176922.120794035,0.995287927623009,0.00471207237698692,-4.22870737303198e-29,0.999999999999996,155.431624030583,0,1709.80791874105
6.2,180320,182451.671285486,1,4.37406074884814e-25,5.31155977140301e-30,1,0,-122.651517014815,7994.45514302424
6.25,180320,182308.930689984,1,5.11414044171181e-25,-2.32007483030278e-30,1,0,-118.494716222049,7974.22683003529
6.3,180320,182166.426874784,1,-6.21477177981677e-25,4.31801758588334e-30,1,0,-114.190872296709,7953.15285299567
6.35,180320,182024.15936143,1,-2.93564944835924e-24,-2.27483156138112e-30,1,0,-109.722685765251,7931.18115363641
6.4,180320,181882.127672714,0.999999999999991,-5.88268473814716e-26,-2.68383071243294e-30,0.999999999999991,0,-105.069194592588,7908.25566614871
6.45,180320,181740.331332678,1.00000000000001,5.16537672814083e-24,-1.43149702868136e-30,1.00000000000001,0,-100.204588060758,7884.31607758942
6.5,180320,181598.769866607,0.999999999999995,-1.53708859287068e-25,2.82498971146852e-30,0.999999999999995,0,-95.0964758932053,7859.29765547585
6.55,180320,181457.442801026,0.999999999999993,-3.44516585229232e-24,2.98424601807277e-30,0.999999999999993,0,-89.703271589206,7833.13121708535
6.6,180320,181316.349663693,0.999999999999996,-1.42797427917922e-25,3.79771999328424e-30,0.999999999999996,0,-83.9700636542154,7805.74338282587
6.65,180320,181175.489983601,0.999999999999993,4.54176470489129e-24,-1.31205479872817e-31,0.999999999999993,0,-77.8217462902845,7777.05739915708
6.7,180320,181034.863290971,1.00000000000001,-2.67726200943732e-23,2.09747794720821e-30,1.00000000000001,0,-71.1507923172896,7746.99514417523
6.75,180320,180894.469117247,0.999999999999996,2.63392465049942e-24,-1.00168597392558e-30,0.999999999999996,0,-63.7934576535793,7715.4817683074
6.8,180320,180754.306995095,1,4.65301386385061e-24,7.04890129799478e-31,1,0,-55.4773346804889,7682.4569272786
6.85,180320,180614.376458396,0.999999999999995,-1.12188490877181e-23,-1.45230893238532e-31,0.999999999999995,0,-45.6817688776509,7647.90595994544
6.9,180320,180474.677042247,0.999999999999991,8.44829434007462e-24,-2.15357960067108e-31,0.999999999999991,0,-33.119084516591,7611.97645865808
6.95,180320,180335.20828295,0.999999999999994,3.24268763888577e-23,-1.4762878649138e-30,0.999999999999994,0,-10.3867416000173,7576.15027408441
7,180320,180195.969718017,0.999981788690366,1.82113096272206e-05,4.61173123231414e-30,0.999999999999993,29.6672139876049,0,7535.28395021219
7.05,180320,180056.96088616,0.999971163897697,2.88361022914421e-05,2.6175493234627e-30,0.999999999999988,43.2112221896169,0,7489.67202934325
7.1,180320,179918.181327289,0.999961149269479,3.88507305285724e-05,4.29811054755784e-31,1.00000000000001,53.4164163471997,0,7441.10704211902
7.15,180320,179779.630582509,0.999950756590355,4.92434096478102e-05,-3.46111007250705e-31,1,61.9552624855711,0,7389.26547268361
7.2,180320,179641.308194116,0.999939510888617,6.04891113840911e-05,8.36095609672297e-30,1,69.445174747517,0,7333.791026675
7.25,180320,179503.213705592,0.999927051072052,7.29489279438306e-05,2.82770430760382e-30,0.999999999999995,76.196104270249,0,7274.27902555975
7.3,180320,179365.346661604,0.99991302959865,8.69704013660016e-05,3.61471097049611e-30,1.00000000000002,82.3899029946952,0,7210.26476592174
7.35,180320,179227.706607998,0.999897068891977,0.00010293110801581,-1.08855305025516e-30,0.999999999999993,88.1440937441519,0,7141.21072471863
7.4,180320,179090.293091797,0.999878731987773,0.000121268012229603,-2.07463009640277e-30,1,93.5398379614432,0,7066.49112807862
7.45,180320,178953.105661197,0.999857494899206,0.000142505100780165,-6.48828064196926e-30,0.999999999999986,98.6359758411651,0,6985.37276222608
7.5,180320,178816.143865561,0.99983271494119,0.000167285058819036,3.6766235563111e-30,1.00000000000001,103.47678068305,0,6896.99072986893
7.55,180320,178679.40725542,0.99980359067102,0.000196409328978141,-2.63315825124067e-30,0.999999999999998,108.096558989483,0,6800.31744755838
7.6,180320,178542.895382466,0.99976910863765,0.000230891362352384,-3.12020204118236e-30,1,112.522535767978,0,6694.12254548134
7.65,180320,178406.607799548,0.999727970459767,0.000272029540227892,2.35355484930481e-30,0.999999999999995,116.776747107669,0,6576.92038997144
7.7,180320,178270.544060673,0.999678490734038,0.000321509265965986,-5.83638169089428e-30,1,120.877328105191,0,6446.90055100058
7.75,180320,178134.703720996,0.999618451237237,0.000381548762756846,-4.58857233403487e-30,0.999999999999994,124.839416728126,0,6301.83443468417
7.8,180320,177999.086336821,0.999544888508085,0.000455111491916497,-8.99707645776151e-30,1,128.675804968002,0,6138.94809354353
7.85,180320,177863.691465598,0.999453777691863,0.000546222308127908,-6.15941863099494e-30,0.999999999999991,132.397418628699,0,5954.7462582145
7.9,180320,177728.518665915,0.999339550811828,0.000660449188170367,-1.09649324395092e-29,0.999999999999998,136.013677849209,0,5744.764831579
7.95,180320,177593.567497499,0.999194343218222,0.000805656781768599,-1.08230947914398e-29,0.99999999999999,139.532772714149,0,5503.21672929528
8,180320,177458.837521211,0.999006779230523,0.000993220769481486,1.33540032549175e-29,1,142.961877189134,0,5222.47648815578
8.05,180320,177324.328299041,0.998759947331242,0.00124005266875617,2.0448147821834e-29,0.999999999999998,146.307317456622,0,4892.31973963556
8.1,180320,177190.039394107,0.998427888083237,0.00157211191677272,-1.73336011892668e-29,1.00000000000001,149.574705998501,0,4498.79711341433
8.15,180320,177055.970370652,0.99796921366518,0.00203078633481112,-9.41059993570575e-32,0.999999999999991,152.769049578597,0,4022.61984351047
8.2,180320,176922.120794035,0.99731485992454,0.00268514007545266,7.76736440847079e-30,0.999999999999993,155.894837079294,0,3437.24993727915
6.2,180340,182451.671285486,1,2.85120445776326e-25,-2.66754313562114e-30,1,0,-122.077783494355,7997.92623688871
6.25,180340,182308.930689984,1,-3.4110083280063e-25,1.01163949308834e-30,1,0,-117.900335435267,7978.76001076181
6.3,180340,182166.426874784,1.00000000000001,-8.99481472865082e-25,3.92349628088645e-30,1.00000000000001,0,-113.573533736485,7958.83508628454
6.35,180340,182024.15936143,1.00000000000001,-3.21175610300455e-25,5.2265024258303e-30,1.00000000000001,0,-109.079609218836,7938.10781851068
6.4,180340,181882.127672714,0.999999999999988,2.19177447501935e-24,4.82836165931968e-30,0.999999999999988,0,-104.396984412452,7916.53154739192
6.45,180340,181740.331332678,1,1.45359242239378e-24,-2.1734866389966e-30,1,0,-99.4990235972655,7894.05650238701
6.5,180340,181598.769866607,0.999999999999998,2.51247567526027e-24,-1.53284195106588e-30,0.999999999999998,0,-94.3522001970927,7870.6298020753
6.55,180340,181457.442801026,0.99999999999999,-1.79991176584922e-24,5.25726784869701e-30,0.99999999999999,0,-88.9133106735494,7846.1956324065
6.6,180340,181316.349663693,0.999999999999997,-3.06089370407464e-24,-4.1316153179261e-30,0.999999999999997,0,-83.12504795602,7820.69576153302
6.65,180340,181175.489983601,0.999999999999991,2.20804674006116e-23,3.73980860906451e-30,0.999999999999991,0,-76.9085725379935,7794.07070690873
6.7,180340,181034.863290971,1,-2.12476405411102e-24,1.07136060806493e-30,1,0,-70.1501397590424,7766.2622359915
6.75,180340,180894.469117247,1.00000000000001,-1.2726524256898e-23,1.21251960710051e-30,1.00000000000001,0,-62.6746745267251,7737.21883534925
6.8,180340,180754.306995095,0.999999999999985,-4.30384806003799e-23,5.80018707575693e-31,0.999999999999985,0,-54.1862268276618,7706.90870815403
6.85,180340,180614.376458396,1,-1.76860070192038e-23,6.30600682230113e-30,1,0,-44.1037373637384,7675.35631789101
6.9,180340,180474.677042247,0.999999999999996,3.87649947841517e-23,-4.11713747187116e-32,0.999999999999996,0,-30.9045745502851,7642.78764696429
6.95,180340,180335.20828295,0.999996671122179,3.32887781229714e-06,5.4337165974915e-30,0.999999999999991,5.83036041569755,0,7612.16600079179
7,180340,180195.969718017,0.999980308498147,1.96915018458025e-05,1.68259717119658e-30,0.999999999999993,31.9705702450386,0,7573.04710152357
7.05,180340,180056.96088616,0.999970151713557,2.98482864390888e-05,3.84137974779364e-30,0.999999999999996,44.8249882463311,0,7531.77190297944
7.1,180340,179918.181327289,0.99996051034616,3.94896538441332e-05,-1.61292253705722e-30,1,54.7309716292136,0,7488.0250887767
7.15,180340,179779.630582509,0.999950557261823,4.94427381835745e-05,-2.15810392756325e-31,1.00000000000001,63.0929151447513,0,7441.55544814764
7.2,180340,179641.308194116,0.999939879993825,6.01200061665064e-05,1.0704557426865e-30,0.999999999999992,70.4626791924969,0,7392.08939100298
7.25,180340,179503.213705592,0.999928169131407,7.18308685944544e-05,8.12795326177639e-31,1,77.1252127416672,0,7339.31978298275
7.3,180340,179365.346661604,0.999915134697942,8.48653020459111e-05,-3.94046250673207e-30,0.999999999999988,83.2504854094658,0,7282.8980832458
7.35,180340,179227.706607998,0.999900470146375,9.95298536265881e-05,1.13062929035231e-30,1,88.9495550190985,0,7222.42608178669
7.4,180340,179090.293091797,0.999883829583214,0.000116170416787218,-7.66143860510793e-30,1,94.2997244554487,0,7157.44621964576
7.45,180340,178953.105661197,0.999864807967597,0.000135192032405832,-1.12033644667266e-31,1,99.3573698664352,0,7087.42983451977
7.5,180340,178816.143865561,0.999842919882466,0.000157080117539732,3.5380236296739e-31,1.00000000000001,104.165107531202,0,7011.76264384012
7.55,180340,178679.40725542,0.999817574023715,0.00018242597629195,-2.34427997917587e-30,1.00000000000001,108.756083146404,0,6929.7266089505
7.6,180340,178542.895382466,0.999788040677789,0.000211959322202719,1.89569296781762e-31,0.999999999999992,113.156681114513,0,6840.47705059261
7.65,180340,178406.607799548,0.999753408858009,0.000246591142044215,6.88150120298462e-31,1.00000000000005,117.388311850656,0,6743.01348622644
7.7,180340,178270.544060673,0.999712528536943,0.00028747146306304,1.09081521370125e-30,1.00000000000001,121.46863386296,0,6636.1420845976
7.75,180340,178134.703720996,0.99966393137579,0.000336068624206605,-2.33907700324991e-31,0.999999999999997,125.412414855813,0,6518.42680045189
7.8,180340,177999.086336821,0.999605720091029,0.000394279908968205,5.9540141900906e-30,0.999999999999998,129.232154215001,0,6388.12503269172
7.85,180340,177863.691465598,0.999535411373765,0.000464588626232298,-1.83144752594885e-30,0.999999999999997,132.938543041661,0,6243.10184098223
7.9,180340,177728.518665915,0.999449708732201,0.000550291267799372,-1.17044336700337e-29,1,136.540810733801,0,6080.71403643399
7.95,180340,177593.567497499,0.999344167347061,0.000655832652936852,-8.64830740846168e-30,0.999999999999998,140.046990549667,0,5897.6513244042
8,180340,177458.837521211,0.999212688499286,0.00078731150072055,7.27873710411687e-30,1.00000000000001,143.46412616669,0,5689.71532611626
8.05,180340,177324.328299041,0.999046737686208,0.000953262313782977,8.4731594036487e-30,0.999999999999991,146.798434511266,0,5451.50755482287
8.1,180340,177190.039394107,0.998834100902292,0.00116589909771354,1.9201243330353e-30,1.00000000000001,150.055435669896,0,5175.98277076096
8.15,180340,177055.970370652,0.998556841720798,0.00144315827919702,-1.15352238442667e-29,0.999999999999995,153.240057668662,0,4853.8039147442
8.2,180340,176922.120794035,0.998187819050843,0.0018121809491502,-8.3428587891543e-30,0.999999999999993,156.356721820312,0,4472.41560104445
6.2,180360,182451.671285486,1.00000000000001,2.97123020282385e-24,-3.72804535914487e-31,1.00000000000001,0,-121.501283724504,8000.55697393913
6.25,180360,182308.930689984,1.00000000000001,1.04844623155687e-24,-5.02562231181812e-30,1.00000000000001,0,-117.302883803181,7982.34937242915
6.3,180360,182166.426874784,1,-1.17416489733179e-24,-4.12618612565549e-30,1,0,-112.952759803172,7963.45828513004
6.35,180360,182024.15936143,0.999999999999998,7.11615089291993e-26,-8.92197263135158e-31,0.999999999999998,0,-108.43265494334,7943.84700532131
6.4,180360,181882.127672714,0.999999999999996,-2.56655842204646e-24,-5.65359888445077e-30,0.999999999999996,0,-103.720350915958,7923.47659258328
6.45,180360,181740.331332678,1.00000000000002,-6.92638686910872e-25,1.55817818166201e-30,1.00000000000002,0,-98.7883498473043,7902.30588771243
6.5,180360,181598.769866607,0.999999999999994,-6.16827959398301e-24,1.97622598649815e-30,0.999999999999994,0,-93.6019325647916,7880.29164478294
6.55,180360,181457.442801026,0.999999999999996,3.95373343610633e-24,-5.66445726899198e-31,0.999999999999996,0,-88.1161894428474,7857.38887257575
6.6,180360,181316.349663693,1,-1.24105671572524e-24,4.42479170053847e-30,1,0,-82.2712693104171,7833.55155900074
6.65,180360,181175.489983601,0.999999999999994,3.07939569639622e-24,3.32085593884992e-30,0.999999999999994,0,-75.9843340134059,7808.73412658513
6.7,180360,181034.863290971,0.999999999999997,-1.21443045113424e-23,2.00518167860803e-30,0.999999999999997,0,-69.1349052457825,7782.89437723135
6.75,180360,180894.469117247,0.999999999999995,1.44405678019727e-23,2.43137327185007e-30,0.999999999999995,0,-61.5354415910621,7755.99977549371
6.8,180360,180754.306995095,0.999999999999986,-1.89156778935003e-23,7.66420975532939e-31,0.999999999999986,0,-52.8634642489599,7728.04236679536
6.85,180360,180614.376458396,1,8.70751199660067e-23,-3.26475428538706e-30,1,0,-42.46694542833,7699.081778767
6.9,180360,180474.677042247,1.00000000000001,-3.04457399802687e-23,-5.06272179233388e-31,1.00000000000001,0,-28.5183776338605,7669.42984736766
6.95,180360,180335.20828295,0.999992336839559,7.66316045131786e-06,-1.11162711740522e-30,1.00000000000001,13.2621430195298,0,7641.25192682782
7,180360,180195.969718017,0.99997883164597,2.11683540070258e-05,8.61092515751515e-31,0.999999999999977,34.118982489193,0,7605.48206615022
7.05,180360,180056.96088616,0.999969040731753,3.09592682391477e-05,3.43600005825555e-30,0.999999999999992,46.382790394407,0,7567.84500632722
7.1,180360,179918.181327289,0.99995969547908,4.03045209284159e-05,-4.6080269396712e-30,1.00000000000001,56.014808737585,0,7528.11379113051
7.15,180360,179779.630582509,0.999950090817824,4.99091821817296e-05,3.48735116848163e-30,1.00000000000001,64.2105221329373,0,7486.08997735949
7.2,180360,179641.308194116,0.999939863574688,6.01364253125548e-05,4.2463070046425e-30,1,71.465794884933,0,7441.55956732074
7.25,180360,179503.213705592,0.999928743959894,7.12560401005492e-05,2.15697284584019e-30,0.999999999999994,78.0433494165535,0,7394.28478678942
7.3,180360,179365.346661604,0.999916484799138,8.35152008672094e-05,8.36548042361516e-31,1.00000000000001,84.102344417341,0,7343.99858168861
7.35,180360,179227.706607998,0.999902831059385,9.71689406161709e-05,7.37131614314779e-30,1,89.7478647169968,0,7290.39908443458
7.4,180360,179090.293091797,0.999887501447651,0.000112498552351405,1.23429293026907e-30,1,95.053608994201,0,7233.14331264527
7.45,180360,178953.105661197,0.999870173484199,0.000129826515792565,-5.92370119991308e-30,0.999999999999992,100.073632712125,0,7171.83968359223
7.5,180360,178816.143865561,0.999850468494465,0.000149531505546862,-1.5742395421292e-30,1.00000000000001,104.848981449867,0,7106.03895341137
7.55,180360,178679.40725542,0.999827934457247,0.000172065542760147,4.82293246704909e-31,1.00000000000001,109.411694858347,0,7035.22312298611
7.6,180360,178542.895382466,0.99980202499517,0.00019797500482437,-1.33512886587822e-30,0.999999999999994,113.787352976039,0,6958.79172917295
7.65,180360,178406.607799548,0.999772072629582,0.000227927370417477,-4.67272481422916e-30,1,117.996765384776,0,6876.04475927205
7.7,180360,178270.544060673,0.99973725390821,0.000262746091791557,-8.9445942658124e-31,1,122.057131540931,0,6786.16117237468
7.75,180360,178134.703720996,0.99969654312707,0.000303456872920639,-4.37954843161679e-30,0.999999999999991,125.982861582174,0,6688.17165326771
7.8,180360,177999.086336821,0.999648649977856,0.000351350022147589,-3.17607747830062e-31,1,129.786171683162,0,6580.92371873274
7.85,180360,177863.691465598,0.999591934305097,0.000408065694911076,4.99485688895137e-31,1.00000000000001,133.477525327175,0,6463.03657216314
7.9,180360,177728.518665915,0.999524287816564,0.000475712183447259,7.90037961910045e-30,1.00000000000001,137.065966604494,0,6332.84205593521
7.95,180360,177593.567497499,0.999442967305569,0.000557032694421313,-1.06719822732415e-29,0.999999999999991,140.559376176046,0,6188.30651932926
8,180360,177458.837521211,0.999344355417684,0.00065564458228652,-4.22029212501255e-30,0.99999999999997,143.964670766813,0,6026.92615455318
8.05,180360,177324.328299041,0.999223610911019,0.00077638908897716,-3.25751536235959e-31,0.999999999999996,147.287960709868,0,5845.5849752661
8.1,180360,177190.039394107,0.9990741464859,0.000925853514105734,-9.17533493731283e-31,1.00000000000001,150.534675844892,0,5640.35956092678
8.15,180360,177055.970370652,0.998886830591379,0.0011131694086272,-5.921439036467e-30,1.00000000000001,153.709667210994,0,5406.24721957318
8.2,180360,176922.120794035,0.998648734466575,0.0013512655334407,2.31102617651845e-30,1.00000000000002,156.817289990719,0,5136.7836520194
6.2,180380,182451.671285486,1,2.88441316193022e-25,-2.35264998392635e-31,1,0,-120.92197814073,8002.44634650317
6.25,180380,182308.930689984,0.999999999999996,-2.07506960037546e-24,-8.10759379076169e-31,0.999999999999996,0,-116.70231416272,7985.10824949605
6.3,180380,182166.426874784,0.999999999999996,-3.11212999050367e-25,-3.74614266671354e-30,0.999999999999996,0,-112.328493540922,7967.15215477471
6.35,180380,182024.15936143,0.999999999999987,-2.49539691311727e-24,3.97235901132185e-30,0.999999999999987,0,-107.781753111235,7948.54713001256
6.4,180380,181882.127672714,1,1.00195404572313e-24,-1.44235541322255e-30,1,0,-103.039206962646,7929.26063287429
6.45,180380,181740.331332678,1,-9.45024838579771e-25,2.25130506154186e-30,1,0,-98.0724557389446,7909.25861257538
6.5,180380,181598.769866607,0.99999999999999,1.08203446377146e-23,7.32759983455222e-30,0.99999999999999,0,-92.8455277372599,7888.50574732402
6.55,180380,181457.442801026,0.99999999999998,-1.27398077385648e-23,-3.0946395942416e-31,0.99999999999998,0,-87.3117117848757,7866.96591844996
6.6,180380,181316.349663693,1,-1.84374725534961e-23,-3.33352405414799e-30,1,0,-81.4084520112721,7844.60311148586
6.65,180380,181175.489983601,0.99999999999998,-3.98551891009469e-24,3.279232131442e-30,0.99999999999998,0,-75.048621923157,7821.38312814967
6.7,180380,181034.863290971,1,3.15292925562309e-24,-2.30650184962628e-30,1,0,-68.1044366600086,7797.27695572365
6.75,180380,180894.469117247,0.999999999999995,7.79360845792592e-24,-3.14893151694759e-31,0.999999999999995,0,-60.3746012304505,7772.26789755495
6.8,180380,180754.306995095,0.999999999999986,1.12530066120041e-23,7.98996129156533e-31,0.999999999999986,0,-51.5066081877448,7746.36866669443
6.85,180380,180614.376458396,0.999999999999994,-3.8514506272721e-23,6.04450072793394e-31,0.999999999999994,0,-40.7643155405471,7719.67234921004
6.9,180380,180474.677042247,0.999999999999996,-1.18792278905811e-23,-1.65228418101906e-30,0.999999999999996,0,-25.9131079460907,7692.59290559111
6.95,180380,180335.20828295,0.999989547316758,1.04526832428934e-05,-2.08865550976848e-30,1,17.8266543021159,0,7666.42760111234
7,180380,180195.969718017,0.999977341546585,2.26584534075127e-05,-4.7081276721604e-31,0.999999999999992,36.1400940603743,0,7633.49559446822
7.05,180380,180056.96088616,0.999967838743455,3.21612565283216e-05,5.87789239012991e-30,0.999999999999983,47.8900902439663,0,7598.94631110123
7.1,180380,179918.181327289,0.999958728823221,4.12711767856058e-05,6.2589538226226e-30,1.00000000000001,57.2699935626008,0,7562.60356910837
7.15,180380,179779.630582509,0.999949401545487,5.0598454519789e-05,6.16213322713025e-31,1.00000000000001,65.3091125572256,0,7524.30824465185
7.2,180380,179641.308194116,0.999939533368267,6.04666317399333e-05,4.02755579940627e-30,1.00000000000001,72.4551194489124,0,7483.89024471309
7.25,180380,179503.213705592,0.999928885598622,7.11144013730246e-05,8.86768070864575e-32,0.999999999999995,78.9508970758091,0,7441.1623022316
7.3,180380,179365.346661604,0.999917243736434,8.27562635601229e-05,4.4125760179296e-30,0.999999999999995,84.9457424607659,0,7395.91600183892
7.35,180380,179227.706607998,0.99990439119452,9.56088054784041e-05,-6.91387841730671e-31,0.999999999999998,90.5392120103964,0,7347.9179530039
7.4,180380,179090.293091797,0.999890093952101,0.000109906047894913,1.21251960710052e-30,0.999999999999996,95.8016332699547,0,7296.90555315069
7.45,180380,178953.105661197,0.999874088814879,0.000125911185119163,-4.90889467800024e-31,0.999999999999999,100.784873777798,0,7242.58205826875
7.5,180380,178816.143865561,0.999856072301238,0.000143927698758216,-4.87903412051193e-30,0.999999999999996,105.528489010231,0,7184.61072396456
7.55,180380,178679.40725542,0.999835688554606,0.00016431144537941,1.66947662320929e-30,0.999999999999986,110.063464040726,0,7122.60775750943
7.6,180380,178542.895382466,0.999812515103484,0.000187484896476977,-3.60905556188091e-30,0.999999999999961,114.414608791771,0,7056.13376481161
7.65,180380,178406.607799548,0.999786045316365,0.000213954683649985,-1.87216646797833e-30,1.00000000000001,118.602155593433,0,6984.68329069594
7.7,180380,178270.544060673,0.999755666194314,0.000244333805698435,4.0637504145436e-30,1.00000000000001,122.642861562504,0,6907.67193130098
7.75,180380,178134.703720996,0.999720629744078,0.000279370255934376,1.11026981933756e-30,1.00000000000001,126.550791409657,0,6824.42033328925
7.8,180380,177999.086336821,0.99968001553616,0.000319984463842337,2.65668475107994e-30,1,130.337887107008,0,6734.13416851602
7.85,180380,177863.691465598,0.999632681095599,0.000367318904390423,-3.97869306897088e-30,0.999999999999989,134.01439133099,0,6635.87885949555
7.9,180380,177728.518665915,0.99957719533162,0.000422804668371268,3.89092112726283e-31,0.999999999999991,137.5891680991,0,6528.54739253667
7.95,180380,177593.567497499,0.999511748032286,0.000488251967708602,-4.31620785512647e-30,0.999999999999995,141.069949557769,0,6410.81893567275
8,180380,177458.837521211,0.999434025100451,0.000565974899537131,-6.20013757302446e-30,0.999999999999988,144.463528705716,0,6281.1050934444
8.05,180380,177324.328299041,0.999341033968461,0.000658966031525683,9.09932624552449e-30,0.999999999999987,147.775911862128,0,6137.47935501058
8.1,180380,177190.039394107,0.999228855270677,0.000771144729331259,-4.73606539071948e-30,1.00000000000001,151.012440704278,0,5977.58343905412
8.15,180380,177055.970370652,0.999092283213743,0.000907716786252971,-9.78521420237687e-30,0.999999999999996,154.177890985049,0,5798.50153883138
8.2,180380,176922.120794035,0.998924294268587,0.0010757057314207,-4.80935948637257e-30,1.00000000000001,157.276553156813,0,5596.58955621897
6.2,180400,182451.671285486,1.00000000000001,2.18513273418595e-24,1.41701918262643e-30,1.00000000000001,0,-120.33982622216,8003.67858565948
6.25,180400,182308.930689984,1,3.20274231187351e-24,1.79525291081151e-30,1,0,-116.098578126154,7987.13273789849
6.3,180400,182166.426874784,0.999999999999997,2.8924781329422e-24,-7.61896648640773e-31,0.999999999999997,0,-111.700676396534,7970.02626985801
6.35,180400,182024.15936143,1,-7.5099112423282e-25,-2.67659178940547e-30,1,0,-107.126831766527,7952.33309656937
6.4,180400,181882.127672714,1,-3.62259521455579e-24,1.90021729470978e-31,1,0,-102.353462503661,7934.02602767404
6.45,180400,181740.331332678,1.00000000000001,-3.07322836562237e-24,6.3376771105463e-30,1.00000000000001,0,-97.351226104973,7915.07693907064
6.5,180400,181598.769866607,0.999999999999995,-8.57828269638524e-24,-2.01965952466295e-30,0.999999999999995,0,-92.0828344745228,7895.457097204
6.55,180400,181457.442801026,0.999999999999993,-3.51063444050752e-26,3.71537724384681e-30,0.999999999999993,0,-86.4996724476693,7875.13774587724
6.6,180400,181316.349663693,1,3.59602825122221e-25,6.42635391763277e-30,1,0,-80.5363055550358,7854.09116399595
6.65,180400,181175.489983601,0.999999999999987,2.06653021930395e-24,-4.40307493145606e-30,0.999999999999987,0,-74.1010016203223,7832.29261868198
6.7,180400,181034.863290971,1.00000000000001,4.33515912396684e-24,-2.53362305961317e-32,1.00000000000001,0,-67.0580317076562,7809.72416273473
6.75,180400,180894.469117247,0.999999999999995,1.04763973445567e-23,-1.52560302803841e-30,0.999999999999995,0,-59.1908821762943,7786.38268381318
6.8,180400,180754.306995095,0.999999999999994,-5.27543986195106e-25,1.15279849212392e-30,0.999999999999994,0,-50.1128893761278,7762.29952764014
6.85,180400,180614.376458396,1,-5.72233413802671e-23,4.75235296753129e-30,1,0,-38.9872229309794,7737.60146111754
6.9,180400,180474.677042247,0.999999999999998,5.32363992399937e-23,2.54221928070814e-30,0.999999999999998,0,-23.0144873894556,7712.83386419281
6.95,180400,180335.20828295,0.999987214514413,1.27854855934965e-05,-4.06850095778038e-30,1.00000000000001,21.4408162390295,0,7688.29171050327
7,180400,180195.969718017,0.999975826985856,2.41730141413869e-05,-9.52597027145574e-31,0.999999999999997,38.05419371878,0,7657.7998943086
7.05,180400,180056.96088616,0.99996655167245,3.34483275375886e-05,-2.92022679254862e-30,0.999999999999987,49.35151535368,0,7625.89830054977
7.1,180400,179918.181327289,0.999957628402519,4.23715974941418e-05,-3.76197781083613e-30,1.00000000000001,58.4983704879315,0,7592.44618650484
7.15,180400,179779.630582509,0.999948522158689,5.14778413238701e-05,-6.34491603357374e-30,1.00000000000001,66.3896304610601,0,7557.3142668302
7.2,180400,179641.308194116,0.999938941795945,6.10582040562552e-05,-5.75675353759215e-30,1,73.4312103022735,0,7520.36543064688
7.25,180400,179503.213705592,0.999928673524136,7.13264758726246e-05,-9.74766228917187e-31,1.00000000000001,79.8482167817087,0,7481.44995996846
7.3,180400,179365.346661604,0.999917528355301,8.24716446852036e-05,-2.10222849044498e-30,0.999999999999986,85.78092910475,0,7440.40258011078
7.35,180400,179227.706607998,0.999905319105653,9.46808943333866e-05,-9.62720208566797e-31,0.999999999999987,91.323777893352,0,7397.03973643638
7.4,180400,179090.293091797,0.99989184727343,0.000108152726571981,-3.9194243866835e-30,1,96.5439334991494,0,7351.1566628968
7.45,180400,178953.105661197,0.999876893474442,0.000123106525566924,8.95364291959672e-31,1.00000000000001,101.49119864009,0,7302.52403951635
7.5,180400,178816.143865561,0.999860208874386,0.000139791125615342,2.74852858699092e-30,1,106.20371402225,0,7250.88408620019
7.55,180400,178679.40725542,0.999841506309898,0.000158493690106887,2.22551639825651e-30,1,110.711458557644,0,7195.9459377925
7.6,180400,178542.895382466,0.99982045022453,0.000179549775461155,2.80372537507534e-30,0.999999999999991,115.038504440478,0,7137.38011992074
7.65,180400,178406.607799548,0.99979664465347,0.000203355346541595,-4.22119699039098e-30,1.00000000000001,119.204529148743,0,7074.81190322752
7.7,180400,178270.544060673,0.999769618429042,0.00023038157096841,2.74174209665264e-31,1.00000000000001,123.225863394264,0,7007.81325487448
7.75,180400,178134.703720996,0.999738806597983,0.000261193402010496,5.20297592599103e-31,0.999999999999993,127.116238073298,0,6935.8930264867
7.8,180400,177999.086336821,0.999703526735904,0.000296473264075121,-4.14880776011632e-30,0.999999999999979,130.887329597265,0,6858.48491058501
7.85,180400,177863.691465598,0.999662948387822,0.000337051612190357,1.52922248955214e-30,1.00000000000001,134.549166385737,0,6774.93255250101
7.9,180400,177728.518665915,0.999616053193188,0.00038394680682176,8.17093436725202e-31,1.00000000000001,138.110437428844,0,6684.47100775038
7.95,180400,177593.567497499,0.999561582273192,0.000438417726806803,2.83765782676659e-30,0.999999999999999,141.578730301288,0,6586.20346403896
8,180400,177458.837521211,0.999497966007019,0.000502033992981566,1.02792706990014e-30,1,144.960717396516,0,6479.071772668
8.05,180400,177324.328299041,0.999423229154461,0.000576770845534338,5.45633823195233e-30,0.999999999999996,148.262303519146,0,6361.81881077215
8.1,180400,177190.039394107,0.999334860981824,0.000665139018176827,1.03905691405487e-29,1,151.488744206624,0,6232.93995927274
8.15,180400,177055.970370652,0.99922963494102,0.000770365058961546,-9.68205954923606e-32,0.999999999999981,154.64474157809,0,6090.61993683361
8.2,180400,176922.120794035,0.999103354394885,0.000896645605109709,-8.37905340429164e-30,0.999999999999994,157.734522717657,0,5932.64974424418
6.2,180420,182451.671285486,1.00000000000001,-2.46123938883126e-24,3.06025470986116e-30,1.00000000000001,0,-119.754786459024,8004.32581281459
6.25,180420,182308.930689984,1,2.22308553894819e-24,-2.55714955945229e-30,1,0,-115.49162603622,7988.50485168684
6.3,180420,182166.426874784,1.00000000000001,2.64720813216622e-24,4.34335381647947e-30,1.00000000000001,0,-111.069248156139,7972.17383327327
6.35,180420,182024.15936143,1.00000000000001,2.80566109204857e-24,-3.73890374368607e-30,1.00000000000001,0,-106.467816732924,7955.31077512638
6.4,180420,181882.127672714,0.999999999999997,-3.00775977740751e-24,9.01245916919489e-31,0.999999999999997,0,-101.663024444133,7937.89300338028
6.45,180420,181740.331332678,1.00000000000002,-7.02411534137154e-24,-2.54629117491109e-30,1.00000000000002,0,-96.6245414684213,7919.89738287283
6.5,180420,181598.769866607,0.999999999999996,2.43562124561673e-24,3.39324516912458e-30,0.999999999999996,0,-91.3136952051901,7901.30071576785
6.55,180420,181457.442801026,0.999999999999995,-8.82592474745887e-24,3.15798017073194e-30,0.999999999999995,0,-85.67985643184,7882.08042832562
6.6,180420,181316.349663693,0.999999999999996,1.52238188102535e-23,1.61608956588174e-30,0.999999999999996,0,-79.6545235043245,7862.21577443773
6.65,180420,181175.489983601,0.999999999999994,-1.76860070192038e-24,-2.26397317683992e-30,0.999999999999994,0,-73.1410102553768,7841.6900265277
6.7,180420,181034.863290971,1,-9.9493277684212e-24,-2.14996013915734e-30,1,0,-65.9949323397889,7820.49472241761
6.75,180420,180894.469117247,0.999999999999998,-4.68963832044615e-23,-2.02237412079825e-30,0.999999999999998,0,-57.9828832417789,7798.6387395313
6.8,180420,180754.306995095,0.999999999999995,-6.97145582476391e-24,-2.70011828924473e-30,0.999999999999995,0,-48.6791416960266,7776.1709130428
6.85,180420,180614.376458396,0.999999999999995,-9.99325813993345e-23,-3.02858442161599e-30,0.999999999999995,0,-37.124976029096,7753.25376477838
6.9,180420,180474.677042247,1,3.98504450003514e-24,-2.46032896395993e-30,1,0,-19.6934065614603,7730.6163896289
6.95,180420,180335.20828295,0.999985098142314,1.49018576813253e-05,-1.04421464671194e-30,0.999999999999995,24.5283800857386,0,7707.33538012562
7,180420,180195.969718017,0.999974280100527,2.57198994729151e-05,-5.34323005964817e-30,1,39.8766943059884,0,7678.96214478107
7.05,180420,180056.96088616,0.999965184076634,3.48159233580546e-05,-2.98718683055268e-31,0.999999999999992,50.771027339941,0,7649.35166585002
7.1,180420,179918.181327289,0.99995640789873,4.35921012642681e-05,-3.38374408265104e-30,0.999999999999995,59.7015942764574,0,7618.38940572458
7.15,180420,179779.630582509,0.999947477287815,5.25227121940656e-05,1.39484998085481e-30,1.00000000000001,67.4529443524071,0,7585.96909133479
7.2,180420,179641.308194116,0.999938127967575,6.18720324103788e-05,1.88890647747935e-31,0.999999999999986,74.3945883437134,0,7551.97881741651
7.25,180420,179503.213705592,0.999928166440433,7.18335595673668e-05,3.23331021348651e-30,1,80.7356495643603,0,7516.29729471068
7.3,180420,179365.346661604,0.999917424031779,8.25759682092085e-05,-2.97717675730376e-30,0.999999999999988,86.6081419040787,0,7478.79160764321
7.35,180420,179227.706607998,0.999905736525488,9.42634745148745e-05,7.52452116253375e-31,1,92.1017356677198,0,7439.31522609691
7.4,180420,179090.293091797,0.999892932721013,0.000107067278983957,-9.71146767403454e-31,0.999999999999997,97.2806407139065,0,7397.70592460818
7.45,180420,178953.105661197,0.999878826411948,0.00012117358804608,1.29237397674725e-30,0.999999999999994,102.192709236915,0,7353.78345651562
7.5,180420,178816.143865561,0.999863209547116,0.000136790452888466,3.57648040825731e-30,1,106.874737656194,0,7307.34687900108
7.55,180420,178679.40725542,0.999845845465086,0.000154154534911026,-2.06987955316599e-30,0.999999999999997,111.355744304999,0,7258.1714316112
7.6,180420,178542.895382466,0.999826461513642,0.000173538486351919,-2.0454481879483e-30,0.999999999999994,115.659094299025,0,7206.00486039373
7.65,180420,178406.607799548,0.999804740506541,0.000195259493461599,5.02019311954752e-30,1,119.803931553841,0,7150.56305902213
7.7,180420,178270.544060673,0.999780310477389,0.000219689522615955,1.74819991113298e-30,1,123.806175577234,0,7091.52486828404
7.75,180420,178134.703720996,0.999752732113426,0.000247267886591692,4.18047804836148e-31,1.00000000000002,127.679234564268,0,7028.52583508311
7.8,180420,177999.086336821,0.99972148310296,0.000278516897041772,-3.67375343643888e-31,1,131.434527658894,0,6961.15067840008
7.85,180420,177863.691465598,0.999685938402365,0.000314061597634711,-5.07629477301038e-31,1,135.08187532494,0,6888.92413891953
7.9,180420,177728.518665915,0.99964534509658,0.000354654903431365,2.19158394656526e-30,1.00000000000001,138.629796389418,0,6811.29979486172
7.95,180420,177593.567497499,0.999598790054486,0.000401209945510186,-4.37140464321091e-30,0.999999999999996,142.085737663822,0,6727.64630051971
8,180420,177458.837521211,0.99954515790172,0.000454842098307094,2.14815040840047e-30,1.00000000000003,145.456253956324,0,6637.2303342458
8.05,180420,177324.328299041,0.999483075852557,0.000516924147443277,2.18796448505154e-30,1,148.747150979188,0,6539.1953120067
8.1,180420,177190.039394107,0.999410840510542,0.00058915948946885,-2.21692017716139e-30,1.00000000000001,151.963600093021,0,6432.53460707574
8.15,180420,177055.970370652,0.999326319619594,0.000673680380413684,-3.45522844754726e-30,1.00000000000001,155.110231389092,0,6316.05758114835
8.2,180420,176922.120794035,0.999226818549724,0.000773181450274481,-7.34818552191159e-30,0.999999999999999,158.191209908343,0,6188.34612910147
6.2,180440,182451.671285486,1,-8.52040466912282e-25,-2.96795844126098e-31,1,0,-119.166816318416,8004.45013956044
6.25,180440,182308.930689984,1,-2.44985354740257e-24,-2.81503619230575e-30,1,0,-114.881406918875,7989.29501057683
6.3,180440,182166.426874784,0.999999999999996,-3.5111088505667e-24,1.8794053910058e-30,0.999999999999996,0,-110.434146878371,7973.67462314915
6.35,180440,182024.15936143,1.00000000000002,3.96417045741594e-24,-5.56492207736432e-30,1.00000000000002,0,-105.804631516566,7957.57049422085
6.4,180440,181882.127672714,0.999999999999978,4.13780453920319e-24,1.30843533721444e-30,0.999999999999978,0,-100.967796496759,7940.96379377054
6.45,180440,181740.331332678,1,9.08020853936589e-25,-7.05794995177895e-32,1,0,-95.8922778131313,7923.83562539195
6.5,180440,181598.769866607,0.999999999999995,-5.83714137243247e-24,6.90412283744548e-30,0.999999999999995,0,-90.5379456487842,7906.16749099466
6.55,180440,181457.442801026,0.999999999999993,1.82486573498039e-23,7.92662071507501e-31,0.999999999999993,0,-84.852038329584,7887.94207007388
6.6,180440,181316.349663693,1,-1.34428834467854e-23,-1.59256306604247e-30,1,0,-78.7627822363621,7869.14456483202
6.65,180440,181175.489983601,0.999999999999995,4.49930500456353e-24,-4.28906189377348e-31,0.999999999999995,0,-72.1681541449644,7849.76513477259
6.7,180440,181034.863290971,1.00000000000001,4.64694141508864e-23,4.05560662613771e-30,1.00000000000001,0,-64.9143183501326,7829.80362950264
6.75,180440,180894.469117247,0.999999999999998,-1.77144716227754e-23,-2.08571469728857e-30,0.999999999999998,0,-56.7490539339763,7809.279829314
6.8,180440,180754.306995095,0.999999999999987,5.85611777481358e-24,6.31596034146391e-31,0.999999999999987,0,-47.2017176691621,7788.25965713336
6.85,180440,180614.376458396,1,8.4283691175744e-23,1.80611129535271e-30,1,0,-35.1640484211096,7766.94547236541
6.9,180440,180474.677042247,1,2.90664520334486e-23,-1.96265300582166e-30,1,0,-15.6837514648971,7746.35217320999
6.95,180440,180335.20828295,0.999983096884663,1.69031153413891e-05,-4.70982429474492e-31,1,27.2688116629771,0,7723.95846777909
7,180440,180195.969718017,0.99997269520099,2.73047990060233e-05,2.80677929572755e-30,0.999999999999996,41.6196307798709,0,7697.43962109902
7.05,180440,180056.96088616,0.999963739497824,3.62605021734656e-05,2.47616410808252e-30,0.999999999999998,52.1520487797012,0,7669.8279310081
7.1,180440,179918.181327289,0.999955077853165,4.49221468306538e-05,-1.86899943915382e-30,0.999999999999996,60.8811562873335,0,7641.02886268557
7.15,180440,179779.630582509,0.999946285787779,5.37142122254804e-05,1.71471989213095e-30,1,68.4998554025574,0,7610.95414779094
7.2,180440,179641.308194116,0.999937121593553,6.28784064496061e-05,-2.10200227410037e-30,1,75.3457412165942,0,7579.51143945698
7.25,180440,179503.213705592,0.999927408561443,7.2591438556788e-05,2.50150033867864e-30,0.999999999999999,81.6135179437586,0,7546.60132206511
7.3,180440,179365.346661604,0.999916994469257,8.30055307470586e-05,-8.36406657146132e-31,1,87.4276071971502,0,7512.11557021893
7.35,180440,179227.706607998,0.999905733374561,9.42666254335303e-05,7.05059792057936e-31,0.999999999999994,92.8732513931749,0,7475.9356631807
7.4,180440,179090.293091797,0.999893475479359,0.000106524520635851,2.59108201114353e-30,0.999999999999995,98.011881034141,0,7437.93127344893
7.45,180440,178953.105661197,0.999880060240433,0.000119939759563723,-5.39390252084043e-30,0.999999999999997,102.889504040705,0,7397.95861046012
7.5,180440,178816.143865561,0.999865310744727,0.000134689255271254,-5.1613521185831e-30,0.999999999999998,107.541638557648,0,7355.85854486745
7.55,180440,178679.40725542,0.999849028384082,0.000150971615916407,5.78435193163437e-30,0.999999999999998,111.996385289536,0,7311.45444918313
7.6,180440,178542.895382466,0.99983098726066,0.000169012739334184,2.70554748151534e-30,0.999999999999994,116.276431298355,0,7264.54968742892
7.65,180440,178406.607799548,0.999810927907079,0.000189072092932595,1.54098573947178e-30,1.00000000000001,120.400407183532,0,7214.92467639126
7.7,180440,178270.544060673,0.999788549944927,0.000211450055059218,5.94134607479253e-30,0.999999999999986,124.383835757049,0,7162.33342544682
7.75,180440,178134.703720996,0.999763503281839,0.000236496718166367,-7.67144867835685e-30,1.00000000000001,128.239813152706,0,7106.49944066841
7.8,180440,177999.086336821,0.999735377374384,0.000264622625606001,-5.77304111440397e-31,0.99999999999999,131.979509208664,0,7047.11085121749
7.85,180440,177863.691465598,0.999703687968791,0.000296312031185542,-3.57693284094653e-30,0.999999999999976,135.612542496753,0,6983.81457945804
7.9,180440,177728.518665915,0.99966786055804,0.000332139441994167,2.18072556202404e-31,1.00000000000003,139.147266371842,0,6916.20932922526
7.95,180440,177593.567497499,0.999627209553629,0.000372790446372072,-3.35071649633822e-30,1,142.590990562079,0,6843.83710451659
8,180440,177458.837521211,0.999580911832832,0.00041908816716647,-1.47221597071085e-30,0.999999999999999,145.950155213309,0,6766.1728893788
8.05,180440,177324.328299041,0.999527972844439,0.000472027155552114,-3.61267502339464e-30,0.999999999999991,149.23046929347,0,6682.61201160582
8.1,180440,177190.039394107,0.999467182786343,0.000532817213662958,4.16961966382028e-30,1.00000000000001,152.437021891855,0,6592.45456853011
8.15,180440,177055.970370652,0.999397059402226,0.000602940597738199,-5.74340677326027e-30,0.999999999999964,155.574372632732,0,6494.88609925726
8.2,180440,176922.120794035,0.999315772550378,0.000684227449623582,-3.77170511365427e-30,1,158.64662580333,0,6388.95342552921
6.2,180460,182451.671285486,0.999999999999994,4.52112786730179e-25,4.65100804514676e-30,0.999999999999994,0,-118.575872208625,8004.10534528064
6.25,180460,182308.930689984,0.999999999999997,-2.85974383883477e-24,-2.08119037039641e-30,0.999999999999997,0,-114.267868433867,7989.56401823342
6.3,180460,182166.426874784,1,3.22076989413557e-24,7.08509591313215e-31,1,0,-109.795308824138,7974.59732546202
6.35,180460,182024.15936143,1.00000000000001,-5.63788914743071e-24,1.96536760195696e-30,1.00000000000001,0,-105.137197203325,7959.18979144249
6.4,180460,181882.127672714,0.999999999999996,-1.62153358346669e-24,2.35445971468325e-30,0.999999999999996,0,-100.267679026346,7943.32588457717
6.45,180460,181740.331332678,1,2.86353911931099e-24,3.72080643611741e-30,1,0,-95.1543063384931,7926.99034277841
6.5,180460,181598.769866607,0.999999999999996,3.02863382002673e-24,6.37025226416987e-31,0.999999999999996,0,-89.755414408738,7910.1686991514
6.55,180460,181457.442801026,1,7.95111259768926e-25,-3.02948928699443e-30,1,0,-84.0159816050611,7892.84815016876
6.6,180460,181316.349663693,0.999999999999999,4.89021889361461e-24,8.43334532699767e-31,0.999999999999999,0,-77.8607395622674,7875.01904332847
6.65,180460,181175.489983601,0.999999999999994,7.43495445292276e-24,-2.09747794720821e-30,0.999999999999994,0,-71.1819058165209,7856.67756891094
6.7,180460,181034.863290971,1,7.24898570958785e-24,2.43046840647164e-30,1,0,-63.8152999952674,7837.83102941241
6.75,180460,180894.469117247,1,-1.87031421868317e-23,-1.70386150758975e-30,1,0,-55.4876711794332,7818.50942588184
6.8,180460,180754.306995095,0.999999999999992,1.98341357687465e-23,-5.01204933114161e-30,0.999999999999992,0,-45.6763792959837,7798.79603029409
6.85,180460,180614.376458396,1,-2.0760184204945e-24,7.81803686966304e-31,1,0,-33.086899529394,7778.93955945436
6.9,180460,180474.677042247,1,-9.40774124446399e-23,-4.56414096881717e-30,1,0,-10.2037259785982,7760.49739183035
6.95,180460,180335.20828295,0.999981156984254,1.88430157574334e-05,-1.47266840340007e-30,1.00000000000001,29.758168301208,0,7738.4890972556
7,180460,180195.969718017,0.9999710680544,2.89319455929299e-05,-2.96750600857175e-30,0.999999999999993,43.2926138276594,0,7713.60508312583
7.05,180460,180056.96088616,0.999962220710498,3.77792894909024e-05,1.89461844018071e-30,0.999999999999989,53.4975606174017,0,7687.74998664145
7.1,180460,179918.181327289,0.999953646493104,4.63535068955202e-05,-8.91971046790552e-31,1,62.0384062089364,0,7660.84487876665
7.15,180460,179779.630582509,0.999944962303786,5.50376962130553e-05,-5.78706652776967e-30,0.999999999999999,69.5311045349383,0,7632.81576058239
7.2,180460,179641.308194116,0.99993594560389,6.40543960994176e-05,5.46063634249988e-30,0.99999999999999,76.2851262069122,0,7603.58566976662
7.25,180460,179503.213705592,0.999926433760414,7.35662395882651e-05,1.84026996338856e-30,1,82.4821273061982,0,7573.07226449071
7.3,180460,179365.346661604,0.999916288077863,8.37119221320737e-05,4.50931178229274e-30,0.999999999999995,88.2395408334979,0,7541.18644623086
7.35,180460,179227.706607998,0.999905377389842,9.46226101499396e-05,7.48832654739644e-31,0.999999999999992,93.6384843038393,0,7507.83122631417
7.4,180460,179090.293091797,0.999893568968392,0.000106431031609251,1.96016462603097e-30,1,98.7377759214859,0,7472.9006048222
7.45,180460,178953.105661197,0.999880722490415,0.000119277509577573,-3.36971866928531e-30,0.999999999999993,103.581678221069,0,7436.27836621247
7.5,180460,178816.143865561,0.999866685291951,0.000133314708046933,-8.93554561202812e-31,0.999999999999998,108.204492956053,0,7397.83673592201
7.55,180460,178679.40725542,0.999851288054147,0.000148711945870744,3.00460548908751e-30,1.00000000000002,112.633443703779,0,7357.43485353349
7.6,180460,178542.895382466,0.999834340434711,0.000165659565281773,-2.00110978440508e-30,0.999999999999993,116.890566976715,0,7314.9170187636
7.65,180460,178406.607799548,0.999815626312078,0.000184373687930538,-3.37514786155594e-31,1.00000000000001,120.993999323059,0,7270.11066189624
7.7,180460,178270.544060673,0.999794898363896,0.000205101636104929,9.51013512733318e-31,1,124.958880712795,0,7222.82398207032
7.75,180460,178134.703720996,0.999771871706274,0.000228128293737206,1.17270553044946e-30,1.00000000000001,128.79800540957,0,7172.84318543419
7.8,180460,177999.086336821,0.999746216286814,0.000253783713178857,-1.61066037361113e-30,0.999999999999993,132.522301591989,0,7119.92924013285
7.85,180460,177863.691465598,0.999717547665639,0.000282452334347753,-5.230121887344e-31,0.999999999999987,136.141191777123,0,7063.81404576233
7.9,180460,177728.518665915,0.999685415725818,0.00031458427418722,-4.31892245126176e-30,1.00000000000001,139.662868372904,0,7004.19589017248
7.95,180460,177593.567497499,0.999649290726932,0.000350709273083486,-3.90358924256093e-30,1.00000000000002,143.094507580612,0,6940.73403443793
8,180460,177458.837521211,0.999608545937684,0.00039145406231821,-3.49730468764441e-30,1,146.442437713477,0,6873.04222578407
8.05,180460,177324.328299041,0.999562435839317,0.000437564160676302,-3.38419651534026e-31,0.999999999999994,149.712273271702,0,6800.68088465655
8.1,180460,177190.039394107,0.999510068554935,0.000489931445073686,4.48134578669055e-31,1.00000000000001,152.909022923387,0,6723.14764234378
8.15,180460,177055.970370652,0.999450370691531,0.000549629308472487,4.42728008032915e-30,1,156.037177343194,0,6639.86581386194
8.2,180460,176922.120794035,0.999382042124188,0.000617957875797322,9.61362910499147e-31,0.999999999999986,159.10078131965,0,6550.1702697042
6.2,180480,182451.671285486,1.00000000000001,-2.20600677680519e-25,3.61493718684072e-30,1.00000000000001,0,-117.981909441921,8003.33822834809
6.25,180480,182308.930689984,0.999999999999996,-1.59828749054982e-24,-2.72183505832713e-30,0.999999999999996,0,-113.650956822968,7989.36464893075
6.3,180480,182166.426874784,0.999999999999994,3.95657989646353e-25,-6.8226849533865e-31,0.999999999999994,0,-109.152668382779,7975.00139668039
6.35,180480,182024.15936143,1,-4.27253699610914e-24,-1.16999093431416e-30,1,0,-104.465432350259,7960.23559995241
6.4,180480,181882.127672714,0.999999999999998,1.49818696798942e-23,8.61431840268429e-31,0.999999999999998,0,-99.5625688845687,7945.0545805032
6.45,180480,181740.331332678,1,-1.9232583813265e-24,8.46953994213494e-31,1,0,-94.4104931969847,7929.44622056628
6.5,180480,181598.769866607,1,-3.93191057336803e-24,-1.85135456427437e-30,1,0,-88.9659225331842,7913.39954675224
6.55,180480,181457.442801026,0.999999999999994,-1.0759620150095e-23,-1.65228418101906e-30,0.999999999999994,0,-83.1714378096159,7896.90568655061
6.6,180480,181316.349663693,1.00000000000001,1.54733585015652e-23,1.16727633817886e-30,1.00000000000001,0,-76.9480332004697,7879.95950358227
6.65,180480,181175.489983601,0.999999999999991,-2.53391900995094e-23,3.2412277855478e-30,0.999999999999991,0,-70.1817006785043,7862.56256672671
6.7,180480,181034.863290971,1,2.51892765206986e-23,3.30456836203813e-30,1,0,-62.6969094486535,7844.72902107294
6.75,180480,180894.469117247,0.999999999999993,3.2601459290764e-24,2.43408786798537e-31,0.999999999999993,0,-54.196811166196,7826.49874320289
6.8,180480,180754.306995095,0.999999999999986,-8.88361301069746e-23,-1.82601833367824e-30,0.999999999999986,0,-44.0981548399003,7807.97325778794
6.85,180480,180614.376458396,1,-2.66656406259497e-23,3.22855967024974e-30,1,0,-30.8700777855671,7789.45741033158
6.9,180480,180474.677042247,0.999996216275933,3.78372407196358e-06,-2.51552575204436e-30,1,6.14506684224638,0,7773.91302852595
6.95,180480,180335.20828295,0.999979246080007,2.07539199943525e-05,1.42561540372154e-30,1,32.0549980973077,0,7751.19887514789
7,180480,180195.969718017,0.999969395431615,3.06045683790828e-05,-2.80734483658907e-30,0.999999999999994,44.9034629633344,0,7727.76543705968
7.05,180480,180056.96088616,0.999960629901952,3.9370098037237e-05,2.58058415890155e-30,0.999999999999989,54.8101780458818,0,7703.46435348455
7.1,180480,179918.181327289,0.999952120312621,4.78796873852155e-05,1.75385531974819e-30,1.00000000000001,63.1745702108809,0,7678.22907693884
7.15,180480,179779.630582509,0.999943518357878,5.64816421306799e-05,-4.72249241004298e-30,1.00000000000001,70.5473785822892,0,7651.99704951076
7.2,180480,179641.308194116,0.999934617944649,6.53820553436416e-05,-1.91808838593382e-30,0.999999999999993,77.2131728243433,0,7624.70355937503
7.25,180480,179503.213705592,0.999925268381493,7.47316184983751e-05,-8.13926407900683e-31,0.999999999999991,83.3417671517098,0,7596.27976488254
7.3,180480,179365.346661604,0.999915342243144,8.46577568622832e-05,-1.56719855840326e-30,1.00000000000001,89.0441488416327,0,7566.65158713386
7.35,180480,179227.706607998,0.999904720482839,9.52795171559983e-05,-1.06327337374519e-30,0.999999999999995,94.3975871944822,0,7535.73882863038
7.4,180480,179090.293091797,0.999893284195825,0.000106715804167309,-2.99623548433701e-30,0.999999999999993,99.4584424164824,0,7503.45432558155
7.45,180480,178953.105661197,0.999880909250652,0.000119090749346949,2.03707818319779e-30,0.999999999999999,104.269323797676,0,7469.70305537852
7.5,180480,178816.143865561,0.999867462197067,0.00013253780292717,7.21630139300494e-31,0.999999999999994,108.863374767228,0,7434.3811558759
7.55,180480,178679.40725542,0.999852796681665,0.000147203318336989,2.15900879294167e-30,1,113.266979997096,0,7397.3748244953
7.6,180480,178542.895382466,0.999836749944227,0.000163250055770795,3.75247672436258e-30,0.999999999999998,117.501551530326,0,7358.55906754708
7.65,180480,178406.607799548,0.999819139117316,0.000180860882694533,4.12528126027706e-30,1.00000000000001,121.584750205085,0,7317.79626845371
7.7,180480,178270.544060673,0.99979975711283,0.000200242887182248,1.73281719969962e-30,1.00000000000001,125.531346384584,0,7274.93453930459
7.75,180480,178134.703720996,0.99977836789736,0.000221632102644406,1.91379027538626e-30,1,129.353842227578,0,7229.80581393169
7.8,180480,177999.086336821,0.999754700947591,0.000245299052413159,-5.13601588798697e-30,1,133.062931599088,0,7182.22363235542
7.85,180480,177863.691465598,0.999728444647017,0.000271555352971601,1.65137931564063e-30,0.999999999999988,136.667846582436,0,7131.98055587159
7.9,180480,177728.518665915,0.999699238335996,0.000300761664011416,4.62386208379376e-31,1.00000000000001,140.176623005177,0,7078.84513843209
7.95,180480,177593.567497499,0.999666662655661,0.000333337344336634,-4.81659840940004e-30,0.999999999999998,143.596306979855,0,7022.55836300405
8,180480,177458.837521211,0.9996302277304,0.000369772269611188,-4.87043789941683e-30,1.00000000000001,146.933117727176,0,6962.82942972042
8.05,180480,177324.328299041,0.999589358600541,0.000410641399427838,4.7690929770323e-30,0.999999999999969,150.192577487409,0,6899.33075507726
8.1,180480,177190.039394107,0.999543377141199,0.000456622858800252,2.11828985091217e-30,0.999999999999999,153.379616304136,0,6831.69200589442
8.15,180480,177055.970370652,0.999491479459421,0.000508520540574522,-2.34722079165578e-30,0.999999999999995,156.498657377816,0,6759.49294614867
8.2,180480,176922.120794035,0.999432707434885,0.000567292565117225,3.95878603064534e-30,1,159.553687219947,0,6682.25481575933
6.2,180500,182451.671285486,1,2.15382167025711e-24,4.05379689538085e-31,1,0,-117.384882195436,8002.18970266632
6.25,180500,182308.930689984,1.00000000000001,-1.4877499466798e-24,8.94006993892023e-31,1.00000000000001,0,-113.030616855446,7988.74293010617
6.3,180500,182166.426874784,1.00000000000001,1.39856085548854e-24,-8.83148609350827e-31,1.00000000000001,0,-108.506157994031,7974.93856330528
6.35,180500,182024.15936143,1.00000000000001,-2.63961757121377e-24,1.97894058263346e-30,1.00000000000001,0,-103.789252870499,7960.76600135521
6.4,180500,181882.127672714,0.999999999999995,-5.26120756016549e-24,-3.21136722805951e-30,0.999999999999995,0,-98.8523592338413,7946.21505418412
6.45,180500,181740.331332678,1,-1.14048178310531e-23,-2.50195277136786e-30,1,0,-93.6606992126253,7931.27634907219
6.5,180500,181598.769866607,0.999999999999993,-7.61143499506717e-24,-8.02615590670269e-31,0.999999999999993,0,-88.1692830399779,7915.94197183236
6.55,180500,181457.442801026,0.999999999999994,-1.31582374110685e-23,3.83843893531373e-30,0.999999999999994,0,-82.3181457240649,7900.20651344027
6.6,180500,181316.349663693,1.00000000000001,-2.4568748162836e-23,-5.57035126963493e-30,1.00000000000001,0,-76.0242790844973,7884.06886150619
6.65,180500,181175.489983601,0.999999999999977,4.42909231575338e-24,1.78801398778405e-30,0.999999999999977,0,-69.1669332560697,7867.53547331969
6.7,180500,181034.863290971,1,5.10768846490224e-23,-2.85394540357839e-30,1,0,-61.5580908543689,7850.6269284414
6.75,180500,180894.469117247,0.999999999999992,-1.63842258158589e-23,3.83662920455686e-30,0.999999999999992,0,-52.8743149874917,7833.39292850382
6.8,180500,180754.306995095,0.99999999999998,2.89959428383514e-24,1.84592537200377e-31,0.99999999999998,0,-42.4611475939088,7815.95482958815
6.85,180500,180614.376458396,1,-7.68544296435355e-23,-2.24135154237909e-30,1,0,-28.4809874725415,7798.68807780532
6.9,180500,180474.677042247,0.999991535552279,8.46444772338611e-06,1.77444100710755e-30,1,13.4034902551913,0,7783.7736772541
6.95,180500,180335.20828295,0.999977343042353,2.26569576513116e-05,-1.52696032610606e-30,1,34.1981148112705,0,7762.31449602307
7,180500,180195.969718017,0.999967674811877,3.2325188117676e-05,7.58050970782432e-31,0.999999999999994,46.4586416984609,0,7740.17566159893
7.05,180500,180056.96088616,0.999958968804716,4.10311952796318e-05,-4.99949432401586e-30,0.999999999999996,56.0922104053166,0,7717.25767604617
7.1,180500,179918.181327289,0.999950504488331,4.94955116731445e-05,2.48215884121463e-30,1,64.29076621136,0,7693.50395127977
7.15,180500,179779.630582509,0.999941963118124,5.80368818804372e-05,5.94270337286018e-31,1,71.5493156580234,0,7668.86119946535
7.2,180500,179641.308194116,0.999933152836115,6.68471638809391e-05,-5.65314645176155e-31,0.999999999999996,78.130285108131,0,7643.27457218686
7.25,180500,179503.213705592,0.999923933188293,7.60668117113884e-05,2.02735088037963e-30,1,84.1927122273987,0,7616.6860271721
7.3,180500,179365.346661604,0.999914186251268,8.58137487304153e-05,2.64571325836644e-30,0.999999999999998,89.8416280434605,0,7589.03342476664
7.35,180500,179227.706607998,0.999903803046516,9.61969534761297e-05,1.84637780469299e-30,0.999999999999993,95.1507067793289,0,7560.24983070528
7.4,180500,179090.293091797,0.999892676015177,0.000107323984811475,-1.24871422223785e-31,0.999999999999989,100.17399336071,0,7530.26286376017
7.45,180500,178953.105661197,0.999880694178572,0.00011930582142634,2.9797216911806e-30,0.999999999999998,104.952529784396,0,7498.99402269534
7.5,180500,178816.143865561,0.999867739544423,0.00013226045557817,-5.66445726899197e-30,1,109.518355690595,0,7466.35795777305
7.55,180500,178679.40725542,0.999853684061729,0.000146315938267893,-9.35630801299953e-31,0.999999999999997,113.897052943438,0,7432.26166284441
7.6,180500,178542.895382466,0.999838386742451,0.000161613257530554,-1.67897770968285e-30,0.999999999999981,118.109433861888,0,7396.60356721487
7.65,180500,178406.607799548,0.999821690710784,0.000178309289227917,-8.80434013215527e-31,1.00000000000001,122.17270104529,0,7359.27250629903
7.7,180500,178270.544060673,0.999803420004214,0.000196579995782205,-1.86764214108617e-30,0.999999999999997,126.101267900208,0,7320.14654798785
7.75,180500,178134.703720996,0.999783375976379,0.000216624023631501,6.85706983776694e-30,1.00000000000001,129.907353841533,0,7279.0916482606
7.8,180500,177999.086336821,0.99976133315169,0.00023866684830413,-1.56179764317574e-30,0.999999999999995,133.601425480733,0,7235.96010482177
7.85,180500,177863.691465598,0.999737034370462,0.000262965629533846,3.38510138071868e-30,0.999999999999996,137.192529881897,0,7190.58877158563
7.9,180500,177728.518665915,0.999710185034603,0.000289814965386579,1.71336259406331e-30,0.99999999999999,140.688550506889,0,7142.79698920403
7.95,180500,177593.567497499,0.999680446225951,0.000319553774053238,1.02747463721092e-30,1,144.09640670408,0,7092.38417738495
8,180500,177458.837521211,0.999647426413312,0.000352573586703367,-3.07450633957149e-30,1.00000000000001,147.42221125558,0,7039.12702282655
8.05,180500,177324.328299041,0.999610671391638,0.000389328608371238,2.13774445654849e-30,1.00000000000001,150.671396283267,0,6982.77618168247
8.1,180500,177190.039394107,0.999569651998163,0.000430348001841436,-6.77273355679267e-30,1,153.848814951311,0,6923.05239674083
8.15,180500,177055.970370652,0.999523749020039,0.000476250979957739,1.1711220160372e-30,0.999999999999997,156.958824420796,0,6859.64190569419
8.2,180500,176922.120794035,0.999472234533476,0.000527765466536072,-3.06704120019941e-30,1.00000000000001,160.00535411561,0,6792.19098677255
6.2,180520,182451.671285486,1.00000000000001,-1.78283300370621e-24,-3.40003165946283e-30,1.00000000000001,0,-116.78474347047,8000.69569387039
6.25,180520,182308.930689984,1,3.55617780622187e-24,-1.89478810243917e-30,1,0,-112.406791771062,7987.73918675551
6.3,180520,182166.426874784,0.999999999999996,1.76101014096793e-24,6.02640342036525e-31,0.999999999999996,0,-107.855708066034,7974.4540383247
6.35,180520,182024.15936143,1,4.75548643670864e-24,-2.33002834946554e-30,1,0,-103.108571911572,7960.83164209648
6.4,180520,181882.127672714,0.999999999999994,-2.70793261978582e-24,5.43824092438365e-31,0.999999999999994,0,-98.1369393599536,7946.86399513397
6.45,180520,181740.331332678,1.00000000000001,-8.37808165126445e-24,5.5314420583623e-30,1.00000000000001,0,-92.9047795792188,7932.5441430943
6.5,180520,181598.769866607,0.999999999999996,7.2034423438731e-24,1.21432933785738e-30,0.999999999999996,0,-87.3653004029481,7917.86687919537
6.55,180520,181457.442801026,0.999999999999983,2.72121610145261e-24,-1.334676433189e-30,0.999999999999983,0,-81.4558304202616,7902.82988480969
6.6,180520,181316.349663693,1.00000000000001,2.84646035716798e-25,-3.29913916976754e-30,1.00000000000001,0,-75.0890694833663,7887.43568898743
6.65,180520,181175.489983601,0.999999999999992,2.09803104725661e-23,3.98231253048461e-30,0.999999999999992,0,-68.1369529216166,7871.69527840234
6.7,180520,181034.863290971,1,5.04848208947315e-23,-2.26940236911053e-30,1,0,-60.3976886905103,7855.63542876699
6.75,180520,180894.469117247,1,-7.47746159425647e-23,2.642206905025e-31,1,0,-51.517746334219,7839.31588903527
6.8,180520,180754.306995095,0.999999999999983,6.89222934482277e-24,1.50207652819917e-31,0.999999999999983,0,-40.7582753525952,7822.88019004286
6.85,180520,180614.376458396,1.00000000000001,1.3228070571831e-22,1.52922248955214e-30,1.00000000000001,0,-25.871949196845,7806.79617523028
6.9,180520,180474.677042247,0.99998838044391,1.16195560916999e-05,3.71809183998211e-30,1,17.9320687519828,0,7792.37740660586
6.95,180520,180335.20828295,0.999975433261046,2.45667389569267e-05,1.72829287280744e-31,1,36.2148179826782,0,7772.02663190271
7,180520,180195.969718017,0.999965904185157,3.40958148341744e-05,4.27435783137393e-30,0.999999999999992,47.9635655380897,0,7751.04934362609
7.05,180520,180056.96088616,0.999957238795407,4.27612045884508e-05,-2.91038638155816e-30,0.999999999999996,57.3457090304739,0,7729.36911874483
7.1,180520,179918.181327289,0.999948803182205,5.11968177929856e-05,-3.58756500914312e-30,0.999999999999998,65.3880168003583,0,7706.9374743996
7.15,180520,179779.630582509,0.999940303953196,5.96960468092607e-05,4.93604063935322e-31,1.00000000000001,72.5375098603538,0,7683.70870588928
7.2,180520,179641.308194116,0.999931561671302,6.84383286951563e-05,3.51178253369933e-30,0.999999999999997,79.0368436922218,0,7659.63598641386
7.25,180520,179503.213705592,0.999922444741606,7.75552584038137e-05,6.48403908550786e-30,1.00000000000001,85.0352235585917,0,7634.6700040745
7.3,180520,179365.346661604,0.999912843337151,8.71566628463205e-05,1.60641881714973e-30,0.999999999999997,90.6321666198546,0,7608.75821516642
7.35,180520,179227.706607998,0.999902656939151,9.73430608429385e-05,9.11991193288383e-31,0.999999999999994,95.8979840252887,0,7581.84428391293
7.4,180520,179090.293091797,0.999891787414242,0.000108212585754263,-7.44251773761326e-31,0.999999999999996,100.884537604503,0,7553.86757221673
7.45,180520,178953.105661197,0.999880134605014,0.000119865394978865,7.57146105403997e-31,0.999999999999993,105.631382324803,0,7524.76262389167
7.5,180520,178816.143865561,0.999867593124968,0.000132406875026034,4.23386510568905e-30,0.999999999999994,110.169505300958,0,7494.45861485719
7.55,180520,178679.40725542,0.999854049720819,0.00014595027918023,-1.94862759245594e-30,0.999999999999999,114.523719705492,0,7462.87875065139
7.6,180520,178542.895382466,0.999839380856255,0.000160619143719001,3.43351167846487e-30,0.999999999999974,118.714261626649,0,7429.93959611481
7.65,180520,178406.607799548,0.999823450305889,0.000176549694111182,1.65771337328966e-30,1,122.757892076198,0,7395.55032270817
7.7,180520,178270.544060673,0.999806106610915,0.0001938933890838,-5.75494380683531e-31,0.999999999999998,126.668679600492,0,7359.61185802438
7.75,180520,178134.703720996,0.999787180277776,0.000212819722222362,-2.84851621130778e-30,0.999999999999998,130.458569847657,0,7322.01592026652
7.8,180520,177999.086336821,0.999766480607726,0.000233519392266229,6.26166841875789e-31,0.999999999999993,134.137808963227,0,7282.64391771336
7.85,180520,177863.691465598,0.999743792042645,0.000256207957352703,-2.45218517555403e-31,0.999999999999997,137.715264209298,0,7241.36568979946
7.9,180520,177728.518665915,0.999718869898002,0.000281130101997239,6.19878027495678e-30,0.999999999999999,141.198670751268,0,7198.03806201525
7.95,180520,177593.567497499,0.999691435332035,0.000308564667966098,-4.21214833660669e-31,1,144.594824388905,0,7152.50318143044
8,180520,177458.837521211,0.999661169368288,0.000338830631712784,6.36007252866251e-30,1,147.90973403678,0,7104.58659294117
8.05,180520,177324.328299041,0.999627705746476,0.000372294253522402,3.22737203444055e-30,0.999999999999999,151.148743776091,0,7054.09500801378
8.1,180520,177190.039394107,0.999590622320485,0.000409377679513359,9.89130966799814e-31,0.999999999999998,154.316631586934,0,7000.8137073981
8.15,180520,177055.970370652,0.999549430648798,0.00045056935120969,-9.67301089545113e-31,1.00000000000001,157.417689986629,0,6944.50350642655
8.2,180520,176922.120794035,0.999503563325964,0.000496436674035609,-4.64738858363303e-30,1,160.455792469649,0,6884.89719547956
6.2,180540,182451.671285486,1,-4.54579719039727e-24,1.67354851741224e-30,1,0,-116.181445049739,7998.88787660783
6.25,180540,182308.930689984,0.999999999999994,-2.89390136312078e-24,1.27540775090163e-30,0.999999999999994,0,-111.779423220011,7986.38889768014
6.3,180540,182166.426874784,1,4.70614779051773e-24,-1.35186887537923e-30,1,0,-107.201246888657,7973.58751500285
6.35,180540,182024.15936143,0.999999999999998,-2.56181432145119e-25,1.24871422223785e-30,0.999999999999998,0,-102.423299726241,7960.47688637765
6.4,180540,181882.127672714,0.999999999999996,-1.72115969596758e-24,-1.9228389291706e-30,0.999999999999996,0,-97.4161944720978,7947.05094690422
6.45,180540,181740.331332678,1,1.43651366025077e-24,-2.25130506154186e-30,1,0,-92.1425835360396,7933.3048925668
6.5,180540,181598.769866607,0.999999999999985,-9.71591801913334e-25,7.76374494695702e-31,0.999999999999985,0,-86.5537699948629,7919.23593871896
6.55,180540,181457.442801026,0.999999999999985,1.05888325286649e-24,3.26203968925176e-30,0.999999999999985,0,-80.584202231821,7904.84456024699
6.6,180540,181316.349663693,0.999999999999999,4.67199026623171e-24,-2.37979594527938e-30,0.999999999999999,0,-74.1419709078682,7890.13663409486
6.65,180540,181175.489983601,0.999999999999992,-2.1329476276379e-24,2.65849448183681e-30,0.999999999999992,0,-67.0910590340359,7875.12742590169
6.7,180540,181034.863290971,1.00000000000001,-3.05368267116981e-23,2.82317998071165e-31,1.00000000000001,0,-59.2144340763154,7859.84981720847
6.75,180540,180894.469117247,0.999999999999995,-4.05487766079769e-23,3.43758357266781e-30,0.999999999999995,0,-50.1243388631485,7844.37409441919
6.8,180540,180754.306995095,0.999999999999985,2.7265294941193e-23,1.97532112111972e-30,0.999999999999985,0,-38.9809071785721,7828.86922994872
6.85,180540,180614.376458396,1,-7.99589690730867e-23,-2.86570865349802e-30,1,0,-22.9681306594236,7813.92965336741
6.9,180540,180474.677042247,0.999985681619086,1.43183809140059e-05,-2.30740671500472e-30,1,21.5285499420614,0,7799.85149195733
6.95,180540,180335.20828295,0.999973506189073,2.6493810931822e-05,1.0731703388218e-30,1,38.1251735423864,0,7780.49680207782
7,180540,180195.969718017,0.999964081916785,3.5918083213594e-05,-2.24610208561587e-30,0.999999999999999,49.4228254764884,0,7760.56674884597
7.05,180540,180056.96088616,0.999955440969488,4.45590305042123e-05,-2.47650343259943e-30,0.999999999999992,58.5725058844125,0,7739.99980490069
7.1,180540,179918.181327289,0.999947019765435,5.29802345485572e-05,3.31350390765016e-31,0.999999999999983,66.4672602447834,0,7718.75415111316
7.15,180540,179779.630582509,0.999938546838553,6.14531614469006e-05,-2.42662272861329e-30,1,73.5125154083225,0,7696.79034026618
7.2,180540,179641.308194116,0.999929853668527,7.0146331471078e-05,2.35694809447393e-30,0.999999999999998,79.9332076602206,0,7674.0681292917
7.25,180540,179503.213705592,0.999920816391548,7.91836084678906e-05,-3.83255731035391e-30,1.00000000000002,85.8695493893465,0,7650.54533203139
7.3,180540,179365.346661604,0.999911332145647,8.86678543517462e-05,1.41175965261428e-30,0.999999999999998,91.4159446325269,0,7626.17719504471
7.35,180540,179227.706607998,0.999901307593489,9.86924065007416e-05,-3.25061576384905e-30,0.99999999999999,96.6395544622575,0,7600.91594096803
7.4,180540,179090.293091797,0.999890652517002,0.000109347482999304,2.31656847696135e-30,1,101.590180201825,0,7574.71036335861
7.45,180540,178953.105661197,0.999879275764051,0.000120724235954193,4.15514181776535e-30,1,106.305964820116,0,7547.50542553341
7.5,180540,178816.143865561,0.999867082352776,0.000132917647213526,-2.18660718698388e-30,0.99999999999999,110.816891135633,0,7519.24183946575
7.55,180540,178679.40725542,0.999853971148296,0.000146028851706617,4.71932538121847e-30,1,115.147035895872,0,7489.85560985105
7.6,180540,178542.895382466,0.999839832794711,0.000160167205284814,5.07810450376726e-30,0.999999999999995,119.31608127652,0,7459.27753189414
7.65,180540,178406.607799548,0.999824547712758,0.000175452287253502,-1.92736325606277e-30,1.00000000000001,123.34036257973,0,7427.43263242981
7.7,180540,178270.544060673,0.999807984034016,0.000192015965986069,-6.4363074367955e-30,1,127.233615063785,0,7394.2395437436
7.75,180540,178134.703720996,0.999789995373756,0.000210004626251717,-1.0731703388218e-30,1.00000000000001,131.007519222354,0,7359.60979855504
7.8,180540,177999.086336821,0.999770418355135,0.000229581644867565,5.89429307511401e-30,1,134.672107262992,0,7323.44703307205
7.85,180540,177863.691465598,0.999749069800297,0.000250930199690624,3.49549495688754e-30,0.999999999999987,138.236071674519,0,7285.64608302824
7.9,180540,177728.518665915,0.999725743496806,0.000274256503193802,-4.06194068378674e-30,1,141.707003255731,0,7246.09195503567
7.95,180540,177593.567497499,0.999700206435966,0.000299793564027429,2.75780345711985e-30,0.999999999999993,145.091577368719,0,7204.65865237317
8,180540,177458.837521211,0.999672194401584,0.000327805598414037,1.10280467996551e-31,0.999999999999998,148.395701551847,0,7161.20783051655
8.05,180540,177324.328299041,0.999641406761788,0.000358593238206093,-8.17206544897505e-31,0.999999999999994,151.624633861825,0,7115.58725286721
8.1,180540,177190.039394107,0.999607500284557,0.000392499715442362,-1.07022952634189e-30,1,154.78307874198,0,7067.62901132342
8.15,180540,177055.970370652,0.999570081753904,0.000429918246103884,2.5847479534945e-30,1.00000000000001,157.875265423563,0,7017.1474691581
8.2,180540,176922.120794035,0.999528699108674,0.000471300891317892,1.7839420935811e-30,0.999999999999992,160.905012599615,0,6963.93687479188
6.2,180560,182451.671285486,1.00000000000001,-3.4176500688397e-24,2.21284828295844e-30,1.00000000000001,0,-115.574937452615,7996.79428483886
6.25,180560,182308.930689984,0.999999999999995,-2.32840457216341e-24,-3.32854729456661e-30,0.999999999999995,0,-111.148451199838,7984.72340198584
6.3,180560,182166.426874784,1,2.72026728133354e-24,-2.92950166267756e-30,1,0,-106.542700542039,7972.37398415378
6.35,180560,182024.15936143,1.00000000000001,4.62644690051702e-24,-1.92464865992746e-30,1.00000000000001,0,-101.7333435355,7959.74076106041
6.4,180560,181882.127672714,0.999999999999994,-8.55835747388506e-25,-2.17167690823972e-31,0.999999999999994,0,-96.6900054894413,7946.81939913094
6.45,180560,181740.331332678,1,1.04616906327114e-23,-6.08974399685558e-31,1,0,-91.3739540191283,7933.60702438864
6.5,180560,181598.769866607,0.999999999999997,1.64449503034785e-23,-1.92736325606278e-31,0.999999999999997,0,-85.7344774828419,7920.10304323602
6.55,180560,181457.442801026,0.999999999999987,4.05753435713105e-23,-8.26142090509532e-31,0.999999999999987,0,-79.7029556233365,7906.31048946257
6.6,180560,181316.349663693,1,2.55042848002253e-24,1.9798454480119e-30,1,0,-73.1825217725326,7892.23836786627
6.65,180560,181175.489983601,0.999999999999991,2.55270564830824e-23,2.66844800099957e-30,0.999999999999991,0,-66.0284953837405,7877.90606490017
6.7,180560,181034.863290971,1,-1.61375325849044e-23,-2.20787152337707e-30,1,0,-58.0069285611234,7863.35261206426
6.75,180560,180894.469117247,0.999999999999995,2.97549989335959e-23,9.31106474407784e-31,0.999999999999995,0,-48.69092998416,7848.65960219992
6.8,180560,180754.306995095,0.999999999999992,6.04360463033905e-23,1.48397922063048e-30,0.999999999999992,0,-37.1183431637869,7834.02589258942
6.85,180560,180614.376458396,0.999999999999993,9.07831089912773e-24,2.56529334785818e-30,0.999999999999993,0,-19.6392072048972,7820.23002799902
6.9,180560,180474.677042247,0.999983199383498,1.68006165037369e-05,3.24032292016937e-30,1,24.6051147055644,0,7806.31593629556
6.95,180560,180335.20828295,0.999971553950142,2.84460498713386e-05,2.77793671178999e-30,1.00000000000001,39.9444427299689,0,7787.86273327982
7,180560,180195.969718017,0.99996220665276,3.77933472365002e-05,2.97655466235608e-30,0.999999999999996,50.8403537097342,0,7768.88107498508
7.05,180560,180056.96088616,0.999953576198404,4.6423801583304e-05,-1.25075016933932e-30,0.999999999999987,59.7742450581875,0,7749.32009009814
7.1,180560,179918.181327289,0.999945156986355,5.48430136433734e-05,7.36390755786187e-31,0.999999999999998,67.5293599121309,0,7729.14348771972
7.15,180560,179779.630582509,0.999936696658492,6.33033414784778e-05,-2.52932494906546e-30,0.999999999999971,74.4748502911697,0,7708.31702563026
7.2,180560,179641.308194116,0.999928036352781,7.19636472223199e-05,-1.61292253705722e-30,1,80.8197162155037,0,7686.80590979445
7.25,180560,179503.213705592,0.99991905900348,8.09409965282555e-05,2.26397317683992e-30,1.00000000000001,86.6959260416662,0,7664.57382124985
7.3,180560,179365.346661604,0.999909667792249,9.03322077508452e-05,1.90575959515267e-30,1,92.193134506051,0,7641.58238899467
7.35,180560,179227.706607998,0.999899775534786,0.000100224465211754,9.44594623955056e-31,0.999999999999998,97.3755484721916,0,7617.79081297091
7.4,180560,179090.293091797,0.99988929872525,0.000110701274748803,-1.49562936237781e-30,0.999999999999998,102.291022593053,0,7593.15553785626
7.45,180560,178953.105661197,0.999878153782921,0.000121846217079011,6.75482005000399e-31,1,106.976358049861,0,7567.6299366736
7.5,180560,178816.143865561,0.999866254407404,0.000133745592598997,-4.47772632517681e-30,1,111.460578777003,0,7541.1639838343
7.55,180560,178679.40725542,0.999853509502296,0.00014649049770435,5.62373832696248e-31,1,115.767055635345,0,7513.70390539895
7.6,180560,178542.895382466,0.99983982137491,0.000160178625080918,-2.06852225509835e-30,0.999999999999991,119.914938102211,0,7485.19179765841
7.65,180560,178406.607799548,0.999825084038505,0.000174915961499444,5.22016836818126e-30,1,123.920150918373,0,7455.56520631219
7.7,180560,178270.544060673,0.999809181502875,0.000190818497131569,-1.5934679314209e-30,1.00000000000001,127.79610712948,0,7424.7566587747
7.75,180560,178134.703720996,0.999791985969599,0.000208014030393046,5.20930998364006e-30,0.999999999999992,131.554230340245,0,7392.69314164127
7.8,180560,177999.086336821,0.999773355861694,0.000226644138308218,-4.38950195077956e-30,1,135.20434510063,0,7359.29551454944
7.85,180560,177863.691465598,0.999753133622294,0.000246866377699446,9.81778935600056e-32,0.999999999999994,138.754973974628,0,7324.4778504201
7.9,180560,177728.518665915,0.99973114321592,0.000268856784074738,1.99522815944525e-30,0.999999999999994,142.21356719076,0,7288.14669064033
7.95,180560,177593.567497499,0.99970718725848,0.000292812741512967,1.11094846837139e-30,0.999999999999993,145.586682683851,0,7250.20020171978
8,180560,177458.837521211,0.999681043692642,0.00031895630735672,-4.09462894558264e-30,0.999999999999999,148.880129030685,0,7210.52721772191
8.05,180560,177324.328299041,0.999652461909447,0.00034753809055169,5.97211149765927e-31,0.999999999999999,152.099080220369,0,7169.00614996333
8.1,180560,177190.039394107,0.999621158197751,0.000378841802254169,3.5816833841833e-30,1.00000000000001,155.248168760393,0,7125.50374201056
8.15,180560,177055.970370652,0.999586810376921,0.000413189623080382,1.35005914462237e-30,1,158.33156191697,0,7079.87364391209
8.2,180560,176922.120794035,0.999549051435715,0.000450948564277634,2.80372537507534e-30,0.999999999999993,161.353024680437,0,7031.95477454611
6.2,180580,182451.671285486,1.00000000000001,1.87676619549276e-24,1.36431077433269e-30,1.00000000000001,0,-114.965169888371,7994.4398199629
6.25,180580,182308.930689984,1,1.42607663894116e-24,1.59821847465767e-30,1,0,-110.513813989221,7982.7704855366
6.3,180580,182166.426874784,1,2.34927861478264e-24,-2.15357960067107e-30,1,0,-105.879992800137,7970.84441044035
6.35,180580,182024.15936143,1.00000000000001,7.05163112482415e-24,-4.2162202308096e-30,1.00000000000001,0,-101.038607383285,7958.65773507824
6.4,180580,181882.127672714,0.999999999999991,8.33064064531163e-25,8.97626455405757e-31,0.999999999999991,0,-95.9582488133013,7946.20768535976
6.45,180580,181740.331332678,1.00000000000001,-3.60172117193656e-24,-2.94081247990799e-31,1.00000000000001,0,-90.5987272860511,7933.49313631458
6.5,180580,181598.769866607,1.00000000000001,7.16548953911086e-24,2.66482853948583e-30,1.00000000000001,0,-84.9071981713095,7920.51549890452
6.55,180580,181457.442801026,0.999999999999988,6.87325294244163e-24,-2.36531809922444e-30,0.999999999999988,0,-78.8117679457305,7907.28018277462
6.6,180580,181316.349663693,1,-2.17849099335255e-24,-1.76810694945852e-30,1,0,-72.2102297776272,7893.79916239935
6.65,180580,181175.489983601,0.999999999999994,-7.76514385435422e-24,-9.52823243490183e-31,0.999999999999994,0,-64.9484438185137,7880.09586755935
6.7,180580,181034.863290971,1,2.46769136564084e-23,3.3253802657421e-30,1,0,-56.7736248051393,7866.21565157645
6.75,180580,180894.469117247,0.999999999999993,3.50380293564997e-23,2.75260048119386e-30,0.999999999999993,0,-47.2138765208773,7852.25248901281
6.8,180580,180754.306995095,0.999999999999992,-6.03905029376758e-23,2.13638715848083e-30,0.999999999999992,0,-35.1570452968725,7838.44113342748
6.85,180580,180614.376458396,0.999999999999999,-1.16940182033413e-22,-3.34438243868919e-30,0.999999999999999,0,-15.6156349918161,7825.85379260727
6.9,180580,180474.677042247,0.999980833117807,1.91668821944885e-05,-1.44778460549314e-31,1,27.3378622228674,0,7811.87574882057
6.95,180580,180335.20828295,0.999969570497627,3.04295023740982e-05,3.09916392113379e-30,1,41.6845532976221,0,7794.24258134435
7,180580,180195.969718017,0.999960277252479,3.97227475171333e-05,1.17813472272006e-30,0.999999999999996,52.2195488382793,0,7776.12334776658
7.05,180580,180056.96088616,0.999951645173804,4.83548261797217e-05,-3.07880445011904e-30,0.999999999999984,60.9524086832515,0,7757.4752282603
7.1,180580,179918.181327289,0.999943217097795,5.67829022012641e-05,-1.32464515215778e-30,0.999999999999996,68.5751123816736,0,7738.2665554041
7.15,180580,179779.630582509,0.999934757433841,6.52425661594121e-05,2.41712164213974e-30,1,75.4249994990571,0,7718.4674484201
7.2,180580,179641.308194116,0.999926115915834,7.38840841748315e-05,2.65577988570151e-31,1.00000000000001,81.6966901883345,0,7698.04765799472
7.25,180580,179503.213705592,0.99991718149725,8.28185027471814e-05,1.04059518519811e-32,0.999999999999997,87.5145787016627,0,7676.97573504959
7.3,180580,179365.346661604,0.999907862644993,9.21373550051097e-05,2.38658243561759e-32,0.999999999999998,92.9639014735392,0,7655.2185815487
7.35,180580,179227.706607998,0.999898077491235,0.000101922508771879,-2.91015309595278e-30,1.00000000000001,98.1060915585583,0,7632.74113557141
7.4,180580,179090.293091797,0.999887748272768,0.000112251727222897,-1.87555971314746e-30,0.999999999999991,102.987162776467,0,7609.50610524773
7.45,180580,178953.105661197,0.99987679783409,0.000123202165903758,2.62501446283477e-30,0.999999999999994,107.642640285667,0,7585.47371597031
7.5,180580,178816.143865561,0.999865147189518,0.000134852810460747,-3.52535551437584e-30,0.999999999999978,112.100631930706,0,7560.60145327732
7.55,180580,178679.40725542,0.999852713644548,0.000147286355452175,5.64952699024782e-30,1,116.383831608129,0,7534.84379119186
7.6,180580,178542.895382466,0.999839409204326,0.000160590795659188,3.70813832081935e-30,0.999999999999985,120.510876273341,0,7508.15189885883
7.65,180580,178406.607799548,0.999825139110089,0.000174860889915363,2.07847577426111e-30,1,124.497294564913,0,7480.47331962919
7.7,180580,178270.544060673,0.999809800399452,0.000190199600553126,4.71072916012335e-30,1,128.356187920467,0,7451.75161713137
7.75,180580,178134.703720996,0.999793280418094,0.000206719581914488,1.29848181805167e-30,1.00000000000001,132.098730991424,0,7421.92598272649
7.8,180580,177999.086336821,0.999775455223563,0.000224544776430301,-1.13560604993369e-30,0.999999999999993,135.734546714363,0,7390.93079831185
7.85,180580,177863.691465598,0.999756187829764,0.000243812170225172,2.73088371211146e-30,0.999999999999989,139.271992404503,0,7358.69514772186
7.9,180580,177728.518665915,0.999735326240922,0.000264673759078372,9.19343224488152e-31,1,142.718381388383,0,7325.14226909475
7.95,180580,177593.567497499,0.999712701221654,0.000287298778337395,5.15999482051546e-31,0.999999999999992,146.080157087423,0,7290.18893937203
8,180580,177458.837521211,0.999688123743698,0.000311876256309552,2.17549430905501e-30,1.00000000000001,149.363031457616,0,7253.74478074013
8.05,180580,177324.328299041,0.999661382040435,0.000338617959566957,2.04397778170835e-30,1,152.572096320174,0,7215.71147709829
8.1,180580,177190.039394107,0.999632238189259,0.0003677618107446,-1.08086169453848e-30,1,155.711913802887,0,7175.98188662264
8.15,180580,177055.970370652,0.999600424124894,0.000399575875109594,-3.10685527685047e-30,1,158.786590492521,0,7134.43903402668
8.2,180580,176922.120794035,0.999565636967706,0.000434363032295769,5.50836799121224e-30,1,161.799838747096,0,7090.95496320289
6.2,180600,182451.671285486,1,-2.49634573323632e-24,2.26589601576909e-30,1,0,-114.352090206955,7991.8466761891
6.25,180600,182308.930689984,0.999999999999995,-1.18792278905811e-24,-4.77995136157348e-31,0.999999999999995,0,-109.875448078076,7980.55487049429
6.3,180600,182166.426874784,1,-1.36060805072629e-24,-4.20785022605909e-30,1,0,-105.213045028539,7969.02629526515
6.35,180600,182024.15936143,1.00000000000001,3.04950786264597e-24,-2.6336106839299e-30,1.00000000000001,0,-100.338991981841,7957.25836620694
6.4,180600,181882.127672714,1.00000000000001,-1.19152830551052e-23,2.10109740872194e-30,1.00000000000001,0,-95.2207960832237,7945.24972578135
6.45,180600,181740.331332678,1,-1.18830231710573e-23,1.39349268278715e-31,1,0,-89.8167325111483,7933.00084954679
6.5,180600,181598.769866607,1,-2.26274621992473e-23,-8.58717244133128e-31,1,0,-84.0716962863098,7920.5150036444
6.55,180600,181457.442801026,0.999999999999996,8.5773338762662e-24,-2.19882286959273e-30,0.999999999999996,0,-77.9102980628578,7907.79983384572
6.6,180600,181316.349663693,1,-1.57655950982344e-23,-2.63134852048381e-30,1,0,-71.2245689685141,7894.8701792766
6.65,180600,181175.489983601,0.999999999999992,3.56376836717432e-23,5.65540861520766e-31,0.999999999999992,0,-63.8500168968075,7881.75350840152
6.7,180600,181034.863290971,1.00000000000001,-1.78985427258723e-23,-3.24032292016937e-30,1.00000000000001,0,-55.5128033901381,7868.50179520571
6.75,180600,180894.469117247,0.999999999999994,-4.29322127470456e-23,-4.8265519285628e-30,0.999999999999994,0,-45.6889457821244,7855.22282373038
6.8,180600,180754.306995095,0.999999999999993,7.68620202044878e-23,-8.38810205807595e-31,0.999999999999993,0,-33.0794562954937,7842.19543269709
6.85,180600,180614.376458396,1.00000000000001,-5.90393830881403e-23,3.14893151694762e-30,1.00000000000001,0,-10.0987036626748,7831.05931947489
6.9,180600,180474.677042247,0.999978529580783,2.1470419219158e-05,6.87697687609252e-31,1,29.821461841085,0,7816.62233509566
6.95,180600,180335.20828295,0.99996755108091,3.24489190945612e-05,-6.10784130442427e-32,1,43.3550376944234,0,7799.73828589671
7,180600,180195.969718017,0.999958292739976,4.17072600320738e-05,1.85452159309889e-30,1.00000000000001,53.5633720438794,0,7782.40629132199
7.05,180600,180056.96088616,0.999949648442048,5.03515579365369e-05,4.28906189377348e-31,0.999999999999985,62.1083384226742,0,7764.58983009768
7.1,180600,179918.181327289,0.999941201955143,5.8798044855965e-05,-2.4253219846318e-30,0.999999999999999,69.6052544604446,0,7746.26113001788
7.15,180600,179779.630582509,0.999932732495265,6.72675047382473e-05,-5.14268927015291e-30,1,76.363417892897,0,7727.39398974971
7.2,180600,179641.308194116,0.999924097489085,7.59025109098003e-05,-1.96649868368e-30,0.999999999999994,82.5644333994888,0,7707.96197741197
7.25,180600,179503.213705592,0.999915191253019,8.48087469866552e-05,-1.96966571250452e-30,1.00000000000001,88.3257221405861,0,7687.93771599067
7.3,180600,179365.346661604,0.999905926909029,9.40730909737515e-05,5.32784734821481e-30,1,93.7284039896897,0,7667.29249743652
7.35,180600,179227.706607998,0.999896227218361,0.000103772781633847,-4.44571671241473e-31,0.999999999999995,98.8313045981686,0,7645.99601676642
7.4,180600,179090.293091797,0.999886019370729,0.000113980629265672,-1.77692938689824e-31,0.999999999999994,103.678695469636,0,7624.01615247572
7.45,180600,178953.105661197,0.999875231709251,0.00012476829075057,2.97474493159922e-31,1,108.304887399012,0,7601.31876206632
7.5,180600,178816.143865561,0.999863791466227,0.000136208533766478,4.16645263499577e-30,0.999999999999993,112.737112500047,0,7577.86747744742
7.55,180600,178679.40725542,0.999851623044928,0.000148376955071605,3.65113180197803e-31,0.999999999999999,116.997415114808,0,7553.62349141218
7.6,180600,178542.895382466,0.999838646593972,0.000161353406015662,1.41928134607251e-30,0.999999999999988,121.103938876996,0,7528.54532936527
7.65,180600,178406.607799548,0.99982477672608,0.000175223273930712,-1.71291016137409e-30,1.00000000000001,125.071830131147,0,7502.58860170257
7.7,180600,178270.544060673,0.999809921286052,0.000190078713973004,-6.75029572311183e-31,1.00000000000002,128.913888864924,0,7475.70573275173
7.75,180600,178134.703720996,0.999793980103008,0.000206019896989289,3.13716826702798e-30,0.999999999999998,132.641048398263,0,7447.84566222665
7.8,180600,177999.086336821,0.999776843676258,0.000223156323741985,3.57874257170339e-31,1,136.262735873197,0,7418.95351495361
7.85,180600,177863.691465598,0.999758391751787,0.000241608248198433,7.27964196949528e-31,0.999999999999985,139.787147867277,0,7388.970234206
7.9,180600,177728.518665915,0.999738491750175,0.000261508249822733,1.68440690195344e-30,0.999999999999997,143.22146435057,0,7357.83217347757
7.95,180600,177593.567497499,0.999716997004615,0.00028300299537324,2.50353628578012e-30,0.999999999999988,146.572017052169,0,7325.47064075195
8,180600,177458.837521211,0.9996937447663,0.000306255233703409,2.99900663455847e-30,1,149.844423576971,0,7291.81138853918
8.05,180600,177324.328299041,0.999668553927653,0.000331446072343145,1.62988876290284e-30,0.999999999999996,153.043695422864,0,7256.77404184148
8.1,180600,177190.039394107,0.999641222407955,0.000358777592042513,2.57615173239938e-30,0.999999999999997,156.174325850815,0,7220.27145502032
8.15,180600,177055.970370652,0.999611524134742,0.000388475865260788,-2.32097969568123e-31,1,159.240362019435,0,7182.20898702677
8.2,180600,176922.120794035,0.999579205542926,0.00042079445706508,3.66018045576238e-31,0.999999999999991,162.245464697378,0,7142.48368269139
